
========== Running MINLP Models ==========

[MINLP] Scheduling Data 1 | Model: Immediate Precedence BigM
Set parameter TokenServer to value "mooring.ecn.purdue.edu"
Read LP format model from file /tmp/tmpjmctdgh5.pyomo.lp
Reading time = 0.00 seconds
x272: 273 rows, 257 columns, 1170 nonzeros
Set parameter TimeLimit to value 900
Set parameter Threads to value 1
Gurobi Optimizer version 11.0.0 build v11.0.0rc2 (linux64 - "Oracle Linux Server 9.5")

CPU model: AMD EPYC 7643 48-Core Processor, instruction set [SSE2|AVX|AVX2]
Thread count: 48 physical cores, 96 logical processors, using up to 1 threads

Optimize a model with 273 rows, 257 columns and 1170 nonzeros
Model fingerprint: 0x7f83f308
Variable types: 17 continuous, 240 integer (240 binary)
Coefficient statistics:
  Matrix range     [1e+00, 5e+02]
  Objective range  [1e+00, 1e+00]
  Bounds range     [1e+00, 5e+02]
  RHS range        [1e+00, 5e+02]
Presolve removed 55 rows and 34 columns
Presolve time: 0.00s
Presolved: 218 rows, 223 columns, 947 nonzeros
Variable types: 16 continuous, 207 integer (207 binary)

Root relaxation: objective 2.390000e+02, 77 iterations, 0.00 seconds (0.00 work units)

    Nodes    |    Current Node    |     Objective Bounds      |     Work
 Expl Unexpl |  Obj  Depth IntInf | Incumbent    BestBd   Gap | It/Node Time

     0     0  239.00000    0   12          -  239.00000      -     -    0s
     0     0  239.00000    0   27          -  239.00000      -     -    0s
     0     0  239.00000    0   14          -  239.00000      -     -    0s
     0     0  239.00000    0   22          -  239.00000      -     -    0s
     0     0  239.00000    0   17          -  239.00000      -     -    0s
     0     0  239.00000    0   17          -  239.00000      -     -    0s
     0     2  239.00000    0   17          -  239.00000      -     -    0s
H  855   367                     471.0000000  259.00000  45.0%  12.3    0s
* 1010   392              36     445.0000000  259.00000  41.8%  15.2    0s
H 1075   390                     436.0000000  259.00000  40.6%  15.6    0s
* 1092   374              46     430.0000000  259.00000  39.8%  15.7    0s
H 2092   605                     430.0000000  261.00000  39.3%  17.1    1s
  9414  2722  380.00000   50    6  430.00000  275.00000  36.0%  23.4    5s
 15182  3497 infeasible   75       430.00000  277.00000  35.6%  24.3   10s
 26651  7386 infeasible   56       430.00000  286.00000  33.5%  22.9   15s
 38025 12011  390.00000   58    9  430.00000  313.00000  27.2%  22.4   20s
 50448 16634  415.00000   55   11  430.00000  319.00000  25.8%  21.7   25s
 62222 20778  333.00000   58   18  430.00000  333.00000  22.6%  21.5   30s
 73591 23570  333.00000   52   15  430.00000  333.00000  22.6%  21.4   35s
 86347 26817 infeasible   63       430.00000  336.00000  21.9%  21.1   40s
 99677 30201  424.00000   62    7  430.00000  336.00000  21.9%  20.6   45s
 112002 32997  404.00000   61   12  430.00000  339.00000  21.2%  20.5   50s
 122991 35200 infeasible   60       430.00000  339.00000  21.2%  20.6   55s
 134953 36025 infeasible   65       430.00000  342.00000  20.5%  20.6   60s
 147881 38457 infeasible   61       430.00000  344.00000  20.0%  20.4   65s
 159026 39985  344.00000   66   20  430.00000  344.00000  20.0%  20.5   70s
 171173 42241  401.00000   54   12  430.00000  344.00000  20.0%  20.4   75s
 182569 43868 infeasible   75       430.00000  352.00000  18.1%  20.5   80s
 192204 44801  352.00000   67   12  430.00000  352.00000  18.1%  20.6   85s
 201879 46139  370.00000   61   14  430.00000  355.00000  17.4%  20.6   90s
 212192 46420 infeasible   84       430.00000  358.00000  16.7%  20.5   95s
 222496 46012 infeasible   63       430.00000  358.00000  16.7%  20.3  100s
 238222 45943 infeasible   74       430.00000  358.00000  16.7%  19.7  105s
 253809 46205  360.00000   41   19  430.00000  360.00000  16.3%  19.3  110s
 265153 47503  360.00000   51   15  430.00000  360.00000  16.3%  19.3  115s
 278117 50385 infeasible   44       430.00000  361.00000  16.0%  19.3  120s
 291433 51101  363.00000   66   11  430.00000  363.00000  15.6%  19.1  125s
 304609 51287 infeasible   59       430.00000  363.00000  15.6%  19.0  130s
 318114 51453  363.00000   60   14  430.00000  363.00000  15.6%  18.9  135s
 331437 51851  383.00000   70   15  430.00000  363.00000  15.6%  18.8  140s
 345148 52226  390.00000   69   15  430.00000  363.00000  15.6%  18.7  145s
 358234 52748  364.00000   58   17  430.00000  364.00000  15.3%  18.5  150s
 371956 55739  380.00000   68    9  430.00000  364.00000  15.3%  18.5  155s
 385004 59070  397.00000   57   10  430.00000  367.00000  14.7%  18.4  160s
 398071 59688 infeasible   69       430.00000  370.00000  14.0%  18.3  165s
 414551 59976 infeasible   69       430.00000  370.00000  14.0%  18.1  170s
 429284 59732 infeasible   60       430.00000  370.00000  14.0%  17.9  175s
 444294 59472 infeasible   53       430.00000  370.00000  14.0%  17.8  180s
 459739 59220 infeasible   59       430.00000  370.00000  14.0%  17.6  185s
 474534 58628  370.00000   84   11  430.00000  370.00000  14.0%  17.5  190s
 489949 58354  370.00000   82    7  430.00000  370.00000  14.0%  17.3  195s
 504710 58262 infeasible   62       430.00000  370.00000  14.0%  17.2  200s
 520210 58341 infeasible   68       430.00000  370.00000  14.0%  17.1  205s
 533852 58594  371.00000   46   19  430.00000  371.00000  13.7%  17.0  210s
 546847 59521 infeasible   77       430.00000  372.00000  13.5%  17.0  215s
 559566 60336  401.00000   48   11  430.00000  373.00000  13.3%  17.1  220s
 572213 59345 infeasible   48       430.00000  376.00000  12.6%  17.1  225s
 585527 58943  377.00000   62    8  430.00000  377.00000  12.3%  17.1  230s
 597956 59935  380.00000   65    8  430.00000  380.00000  11.6%  17.1  235s
 611401 60467 infeasible   48       430.00000  380.00000  11.6%  17.1  240s
 624779 60854  380.00000   53   10  430.00000  380.00000  11.6%  17.1  245s
 638412 61497  380.00000   67   14  430.00000  380.00000  11.6%  17.1  250s
 651575 61953  380.00000   65   13  430.00000  380.00000  11.6%  17.0  255s
 665100 61931  380.00000   57   10  430.00000  380.00000  11.6%  17.0  260s
H668650 61920                     429.9998232  380.00000  11.6%  17.0  261s
 678232 62537  380.00000   69   10  429.99982  380.00000  11.6%  17.0  265s
 692136 63461  380.00000   60   10  429.99982  380.00000  11.6%  17.0  270s
 705594 63676 infeasible   64       429.99982  380.00000  11.6%  17.0  275s
 718736 64123  380.00000   68   10  429.99982  380.00000  11.6%  17.0  280s
 730764 64535  408.00000   72   15  429.99982  380.00000  11.6%  17.0  285s
 743349 64889 infeasible   61       429.99982  380.00000  11.6%  17.0  290s
 756538 65570  380.00000   50   12  429.99982  380.00000  11.6%  17.0  295s
 770218 66180 infeasible   58       429.99982  380.00000  11.6%  17.0  300s
 782943 66861  380.00000   62    7  429.99982  380.00000  11.6%  17.0  305s
 796444 66708 infeasible   58       429.99982  383.00000  10.9%  16.9  310s
 810463 66445  408.00000   69   11  429.99982  383.00000  10.9%  16.9  315s
 825324 66448 infeasible   60       429.99982  383.00000  10.9%  16.9  320s
 839228 66461 infeasible   67       429.99982  383.00000  10.9%  16.8  325s
 853617 66700 infeasible   67       429.99982  383.00000  10.9%  16.8  330s
 867636 67294  383.00000   85   12  429.99982  383.00000  10.9%  16.8  335s
 881958 67598 infeasible   64       429.99982  383.00000  10.9%  16.8  340s
 895802 68177  383.00000   57   13  429.99982  383.00000  10.9%  16.7  345s
 910042 68380 infeasible   58       429.99982  383.00000  10.9%  16.7  350s
 924126 68600 infeasible   61       429.99982  383.00000  10.9%  16.7  355s
 938223 69426  383.00000   69   15  429.99982  383.00000  10.9%  16.7  360s
 951802 70049  383.00000   53   13  429.99982  383.00000  10.9%  16.7  365s
 965802 70494 infeasible   57       429.99982  383.00000  10.9%  16.6  370s
 979871 71015 infeasible   72       429.99982  383.00000  10.9%  16.6  375s
 993742 71699  383.00000   67    4  429.99982  383.00000  10.9%  16.6  380s
 1007207 72440  383.00000   55   14  429.99982  383.00000  10.9%  16.6  385s
 1020775 73313  383.00000   73   13  429.99982  383.00000  10.9%  16.6  390s
 1035141 74048 infeasible   64       429.99982  383.00000  10.9%  16.6  395s
 1048580 74931 infeasible   68       429.99982  383.00000  10.9%  16.6  400s
 1062495 75665  391.00000   71   12  429.99982  383.00000  10.9%  16.6  405s
 1076163 76425  383.00000   67   17  429.99982  383.00000  10.9%  16.5  410s
 1089961 76304 infeasible   53       429.99982  384.00000  10.7%  16.5  415s
 1103741 75924 infeasible   66       429.99982  386.00000  10.2%  16.5  420s
 1117297 76486 infeasible   73       429.99982  386.00000  10.2%  16.5  425s
 1130853 76894  386.00000   80   15  429.99982  386.00000  10.2%  16.5  430s
 1143574 77182 infeasible   71       429.99982  386.00000  10.2%  16.5  435s
 1156239 77647 infeasible   69       429.99982  386.00000  10.2%  16.5  440s
 1168929 77845 infeasible   66       429.99982  386.00000  10.2%  16.5  445s
 1182008 78634  386.00000   61   19  429.99982  386.00000  10.2%  16.5  450s
 1195366 78872 infeasible   76       429.99982  386.00000  10.2%  16.5  455s
 1208154 79532 infeasible   78       429.99982  386.00000  10.2%  16.5  460s
 1221293 80133 infeasible   71       429.99982  386.00000  10.2%  16.5  465s
 1233965 80598 infeasible   61       429.99982  386.00000  10.2%  16.5  470s
 1245766 80422  387.00000   61   18  429.99982  387.00000  10.0%  16.5  475s
 1256986 79114  388.00000   60   14  429.99982  388.00000  9.77%  16.5  480s
 1269034 78227  388.00000   67   11  429.99982  388.00000  9.77%  16.5  485s
 1280831 77777 infeasible   77       429.99982  388.00000  9.77%  16.5  490s
 1292641 77150 infeasible   78       429.99982  390.00000  9.30%  16.5  495s
 1310404 76881  391.00000   70    6  429.99982  391.00000  9.07%  16.4  500s
 1326653 78088 infeasible   73       429.99982  391.00000  9.07%  16.3  505s
 1341486 78192 infeasible   69       429.99982  391.00000  9.07%  16.3  510s
 1356160 78214  391.00000   58   10  429.99982  391.00000  9.07%  16.2  515s
 1370081 78634 infeasible   64       429.99982  391.00000  9.07%  16.2  520s
 1384247 78418  391.00000   63    9  429.99982  391.00000  9.07%  16.2  525s
 1398214 78172  391.00000   71   13  429.99982  391.00000  9.07%  16.2  530s
 1411942 78125  391.00000   66   12  429.99982  391.00000  9.07%  16.2  535s
 1426537 78096 infeasible   60       429.99982  391.00000  9.07%  16.1  540s
 1440566 78028  391.00000   66   12  429.99982  391.00000  9.07%  16.1  545s
 1455102 77832 infeasible   75       429.99982  391.00000  9.07%  16.1  550s
 1468797 77776  391.00000   64    8  429.99982  391.00000  9.07%  16.1  555s
 1483331 77548 infeasible   62       429.99982  391.00000  9.07%  16.0  560s
 1497107 77179  391.11457   63    7  429.99982  391.00000  9.07%  16.0  565s
 1510719 76764 infeasible   65       429.99982  391.00000  9.07%  16.0  570s
 1523622 76901  391.00000   65    9  429.99982  391.00000  9.07%  16.0  575s
 1537710 76809  391.00000   82   14  429.99982  391.00000  9.07%  16.0  580s
 1552298 76653 infeasible   57       429.99982  391.00000  9.07%  16.0  585s
 1566354 76531  391.00000   78   14  429.99982  391.00000  9.07%  15.9  590s
 1580079 76555  391.00000   61   15  429.99982  391.00000  9.07%  15.9  595s
 1593621 76459  404.00000   74    7  429.99982  391.00000  9.07%  15.9  600s
 1606495 76353 infeasible   68       429.99982  391.00000  9.07%  15.9  605s
 1620131 76288  391.00000   55   13  429.99982  391.00000  9.07%  15.9  610s
 1633977 76531  391.00000   66   14  429.99982  391.00000  9.07%  15.9  615s
 1647555 76623 infeasible   67       429.99982  391.00000  9.07%  15.9  620s
 1660640 76746 infeasible   66       429.99982  391.00000  9.07%  15.9  625s
 1673519 77127  391.00000   68   14  429.99982  391.00000  9.07%  15.9  630s
 1686035 77263  392.00000   64   11  429.99982  391.00000  9.07%  15.9  635s
 1698242 77471 infeasible   78       429.99982  391.00000  9.07%  15.9  640s
 1712060 77766 infeasible   61       429.99982  391.00000  9.07%  15.9  645s
 1724863 78001  419.00000   79   11  429.99982  391.00000  9.07%  15.9  650s
 1737099 78386  391.00000   60   11  429.99982  391.00000  9.07%  15.9  655s
 1749251 78265 infeasible   70       429.99982  392.00000  8.84%  15.9  660s
 1760210 77522  392.00000   63    9  429.99982  392.00000  8.84%  15.8  665s
 1771816 76770 infeasible   75       429.99982  392.00000  8.84%  15.8  670s
 1790296 75823  393.00000   65    9  429.99982  393.00000  8.60%  15.8  675s
 1806540 76039 infeasible   78       429.99982  395.00000  8.14%  15.7  680s
 1823872 75652 infeasible   72       429.99982  395.00000  8.14%  15.6  685s
 1839688 74694  395.00000   76   16  429.99982  395.00000  8.14%  15.6  690s
 1854020 73207  395.00000   65   10  429.99982  395.00000  8.14%  15.6  695s
 1867928 72239 infeasible   56       429.99982  395.00000  8.14%  15.6  700s
 1882308 71803  395.00000   58   11  429.99982  395.00000  8.14%  15.6  705s
 1895768 71414  396.00000   55    6  429.99982  396.00000  7.91%  15.5  710s
 1907270 71066  396.00000   57   14  429.99982  396.00000  7.91%  15.6  715s
 1919253 71040  396.00000   63    8  429.99982  396.00000  7.91%  15.6  720s
 1931493 71050  396.00000   65    7  429.99982  396.00000  7.91%  15.6  725s
 1943473 70846 infeasible   57       429.99982  396.00000  7.91%  15.6  730s
 1955746 70736 infeasible   57       429.99982  396.00000  7.91%  15.6  735s
 1968085 70650 infeasible   70       429.99982  397.00000  7.67%  15.6  740s
 1982914 70752  397.00000   59    6  429.99982  397.00000  7.67%  15.6  745s
 1997621 70627 infeasible   61       429.99982  397.00000  7.67%  15.5  750s
 2012346 70289  397.00000   65    6  429.99982  397.00000  7.67%  15.5  755s
 2026728 70219  397.00000   69   16  429.99982  397.00000  7.67%  15.5  760s
 2041376 69907 infeasible   70       429.99982  397.00000  7.67%  15.5  765s
 2055593 69727 infeasible   75       429.99982  398.00000  7.44%  15.5  770s
 2068798 68635  398.00000   66   13  429.99982  398.00000  7.44%  15.5  775s
 2081380 67943  398.00000   60   16  429.99982  398.00000  7.44%  15.5  780s
 2093823 67764 infeasible   66       429.99982  399.00000  7.21%  15.5  785s
 2107209 68481  399.00000   69    7  429.99982  399.00000  7.21%  15.5  790s
 2120485 68756  399.00000   78    9  429.99982  399.00000  7.21%  15.5  795s
 2133906 68724 infeasible   56       429.99982  399.00000  7.21%  15.5  800s
 2146447 68783  399.00000   74   10  429.99982  399.00000  7.21%  15.5  805s
 2159477 68576 infeasible   58       429.99982  399.00000  7.21%  15.4  810s
 2172330 68537 infeasible   77       429.99982  399.00000  7.21%  15.5  815s
 2185678 68679  399.00000   58    7  429.99982  399.00000  7.21%  15.4  820s
 2197941 68621  399.00000   54   12  429.99982  399.00000  7.21%  15.4  825s
 2211392 68341  399.00000   63   11  429.99982  399.00000  7.21%  15.4  830s
 2223867 68137  399.00000   62   12  429.99982  399.00000  7.21%  15.4  835s
 2236954 68129  399.00000   58    7  429.99982  399.00000  7.21%  15.4  840s
 2250148 68138 infeasible   79       429.99982  399.00000  7.21%  15.4  845s
 2262583 68019  399.00000   49   11  429.99982  399.00000  7.21%  15.4  850s
 2275846 67749  399.00000   67    4  429.99982  399.00000  7.21%  15.4  855s
 2288667 67746 infeasible   56       429.99982  399.00000  7.21%  15.4  860s
 2301401 67839 infeasible   85       429.99982  399.00000  7.21%  15.4  865s
 2314122 67779 infeasible   78       429.99982  399.00000  7.21%  15.4  870s
 2327055 67832 infeasible   75       429.99982  399.00000  7.21%  15.4  875s
 2340145 68050  399.00000   68   13  429.99982  399.00000  7.21%  15.4  880s
 2355109 66528  402.00000   74    8  429.99982  402.00000  6.51%  15.4  885s
 2370646 66250  402.00000   65   11  429.99982  402.00000  6.51%  15.4  890s
 2384335 65871  402.00000   70    7  429.99982  402.00000  6.51%  15.4  895s

Cutting planes:
  Gomory: 2
  Cover: 1
  Implied bound: 2
  MIR: 8
  Flow cover: 4
  Relax-and-lift: 9

Explored 2397212 nodes (36848383 simplex iterations) in 900.00 seconds (757.34 work units)
Thread count was 1 (of 96 available processors)

Solution count 6: 430 430 430 ... 471

Time limit reached
Best objective 4.299998231532e+02, best bound 4.020000000000e+02, gap 6.5116%
WARNING: Loading a SolverResults object with an 'aborted' status, but
    containing a solution
Time: 900.20 sec, Objective: 429.9998231532044, Termination: maxTimeLimit

[MINLP] Scheduling Data 1 | Model: Immediate Precedence HR
Set parameter TokenServer to value "mooring.ecn.purdue.edu"
Read LP format model from file /tmp/tmpp__1km33.pyomo.lp
Reading time = 0.00 seconds
x707: 1203 rows, 707 columns, 3451 nonzeros
Set parameter TimeLimit to value 900
Set parameter Threads to value 1
Gurobi Optimizer version 11.0.0 build v11.0.0rc2 (linux64 - "Oracle Linux Server 9.5")

CPU model: AMD EPYC 7643 48-Core Processor, instruction set [SSE2|AVX|AVX2]
Thread count: 48 physical cores, 96 logical processors, using up to 1 threads

Optimize a model with 1203 rows, 707 columns and 3451 nonzeros
Model fingerprint: 0x45a0274a
Variable types: 467 continuous, 240 integer (240 binary)
Coefficient statistics:
  Matrix range     [1e+00, 5e+02]
  Objective range  [1e+00, 1e+00]
  Bounds range     [1e+00, 5e+02]
  RHS range        [1e+00, 5e+01]
Presolve removed 176 rows and 102 columns
Presolve time: 0.01s
Presolved: 1027 rows, 605 columns, 2934 nonzeros
Variable types: 398 continuous, 207 integer (207 binary)

Root relaxation: objective 2.677218e+02, 984 iterations, 0.02 seconds (0.03 work units)

    Nodes    |    Current Node    |     Objective Bounds      |     Work
 Expl Unexpl |  Obj  Depth IntInf | Incumbent    BestBd   Gap | It/Node Time

     0     0  267.72183    0   32          -  267.72183      -     -    0s
     0     0  281.35264    0   40          -  281.35264      -     -    0s
     0     0  297.89732    0   30          -  297.89732      -     -    0s
     0     0  313.36708    0   26          -  313.36708      -     -    0s
     0     0  315.41585    0   20          -  315.41585      -     -    0s
     0     0  315.98386    0   31          -  315.98386      -     -    0s
     0     0  315.98386    0   26          -  315.98386      -     -    0s
     0     0  315.98386    0   35          -  315.98386      -     -    0s
     0     0  316.71842    0   25          -  316.71842      -     -    0s
     0     0  316.71842    0   25          -  316.71842      -     -    0s
     0     0  316.71842    0   34          -  316.71842      -     -    0s
     0     0  316.95560    0   25          -  316.95560      -     -    0s
     0     0  316.95560    0   35          -  316.95560      -     -    0s
     0     0  318.26648    0   24          -  318.26648      -     -    0s
     0     0  318.81889    0   23          -  318.81889      -     -    0s
     0     0  318.81889    0   28          -  318.81889      -     -    0s
     0     0  318.81889    0   27          -  318.81889      -     -    0s
     0     0  318.81889    0   27          -  318.81889      -     -    0s
     0     0  318.81889    0   26          -  318.81889      -     -    0s
     0     0  318.81889    0   24          -  318.81889      -     -    0s
H    0     0                     444.0000000  318.81889  28.2%     -    0s
     0     2  336.52685    0   17  444.00000  336.52685  24.2%     -    0s
*   68     2              18     430.0000000  430.00000  0.00%  45.5    0s

Cutting planes:
  Gomory: 4
  Implied bound: 13
  MIR: 4
  Flow cover: 2
  Relax-and-lift: 8

Explored 69 nodes (7967 simplex iterations) in 0.50 seconds (0.48 work units)
Thread count was 1 (of 96 available processors)

Solution count 2: 430 444 

Optimal solution found (tolerance 1.00e-04)
Best objective 4.300000000000e+02, best bound 4.300000000000e+02, gap 0.0000%
Time: 0.63 sec, Objective: 430.0, Termination: optimal

[MINLP] Scheduling Data 1 | Model: Time Slots Hull
Set parameter TokenServer to value "mooring.ecn.purdue.edu"
Read LP format model from file /tmp/tmpohcq5ndt.pyomo.lp
Reading time = 0.00 seconds
x242: 76 rows, 242 columns, 1186 nonzeros
Set parameter TimeLimit to value 900
Set parameter Threads to value 1
Gurobi Optimizer version 11.0.0 build v11.0.0rc2 (linux64 - "Oracle Linux Server 9.5")

CPU model: AMD EPYC 7643 48-Core Processor, instruction set [SSE2|AVX|AVX2]
Thread count: 48 physical cores, 96 logical processors, using up to 1 threads

Optimize a model with 76 rows, 242 columns and 1186 nonzeros
Model fingerprint: 0x7989f583
Variable types: 17 continuous, 225 integer (225 binary)
Coefficient statistics:
  Matrix range     [1e+00, 5e+02]
  Objective range  [1e+00, 1e+00]
  Bounds range     [1e+00, 1e+06]
  RHS range        [1e+00, 1e+00]
Presolve removed 3 rows and 35 columns
Presolve time: 0.01s
Presolved: 73 rows, 207 columns, 933 nonzeros
Variable types: 0 continuous, 207 integer (192 binary)

Root relaxation: objective 4.300000e+02, 188 iterations, 0.00 seconds (0.00 work units)

    Nodes    |    Current Node    |     Objective Bounds      |     Work
 Expl Unexpl |  Obj  Depth IntInf | Incumbent    BestBd   Gap | It/Node Time

     0     0  430.00000    0   19          -  430.00000      -     -    0s
H    0     0                     436.0000000  430.00000  1.38%     -    0s
H    0     0                     433.0000000  430.00000  0.69%     -    0s
     0     0  430.00000    0   15  433.00000  430.00000  0.69%     -    0s
     0     0  430.00000    0   14  433.00000  430.00000  0.69%     -    0s
     0     0  430.00000    0   17  433.00000  430.00000  0.69%     -    0s
H    0     0                     431.0000000  430.00000  0.23%     -    0s
     0     0  430.00000    0   13  431.00000  430.00000  0.23%     -    0s
H    0     0                     430.0000000  430.00000  0.00%     -    0s
     0     0  430.00000    0   13  430.00000  430.00000  0.00%     -    0s

Cutting planes:
  Gomory: 1
  Cover: 1
  MIR: 1
  StrongCG: 1
  Relax-and-lift: 1

Explored 1 nodes (499 simplex iterations) in 0.03 seconds (0.02 work units)
Thread count was 1 (of 96 available processors)

Solution count 4: 430 431 433 436 

Optimal solution found (tolerance 1.00e-04)
Best objective 4.300000000000e+02, best bound 4.300000000000e+02, gap 0.0000%
Time: 0.12 sec, Objective: 430.0, Termination: optimal

[MINLP] Scheduling Data 1 | Model: General Precedence Hull Reagg
Set parameter TokenServer to value "mooring.ecn.purdue.edu"
Read LP format model from file /tmp/tmpc61pjcxp.pyomo.lp
Reading time = 0.00 seconds
x122: 256 rows, 122 columns, 675 nonzeros
Set parameter TimeLimit to value 900
Set parameter Threads to value 1
Gurobi Optimizer version 11.0.0 build v11.0.0rc2 (linux64 - "Oracle Linux Server 9.5")

CPU model: AMD EPYC 7643 48-Core Processor, instruction set [SSE2|AVX|AVX2]
Thread count: 48 physical cores, 96 logical processors, using up to 1 threads

Optimize a model with 256 rows, 122 columns and 675 nonzeros
Model fingerprint: 0xd0aee335
Variable types: 17 continuous, 105 integer (105 binary)
Coefficient statistics:
  Matrix range     [1e+00, 5e+02]
  Objective range  [1e+00, 1e+00]
  Bounds range     [1e+00, 5e+02]
  RHS range        [1e+00, 5e+02]
Presolve removed 88 rows and 34 columns
Presolve time: 0.00s
Presolved: 168 rows, 88 columns, 480 nonzeros
Variable types: 16 continuous, 72 integer (72 binary)
Found heuristic solution: objective 471.0000000

Root relaxation: objective 2.750000e+02, 36 iterations, 0.00 seconds (0.00 work units)

    Nodes    |    Current Node    |     Objective Bounds      |     Work
 Expl Unexpl |  Obj  Depth IntInf | Incumbent    BestBd   Gap | It/Node Time

     0     0  275.00000    0    8  471.00000  275.00000  41.6%     -    0s
H    0     0                     452.0000000  275.00000  39.2%     -    0s
     0     0  275.17361    0   19  452.00000  275.17361  39.1%     -    0s
H    0     0                     452.0000000  279.47122  38.2%     -    0s
     0     0  279.59341    0   13  452.00000  279.59341  38.1%     -    0s
     0     0  281.65069    0   17  452.00000  281.65069  37.7%     -    0s
     0     0  281.69430    0   19  452.00000  281.69430  37.7%     -    0s
     0     0  281.69503    0   19  452.00000  281.69503  37.7%     -    0s
     0     0  282.10843    0   17  452.00000  282.10843  37.6%     -    0s
H    0     0                     448.0000000  282.10843  37.0%     -    0s
H    0     0                     448.0000000  282.10843  37.0%     -    0s
     0     0  282.60025    0   18  448.00000  282.60025  36.9%     -    0s
     0     0  282.60025    0   18  448.00000  282.60025  36.9%     -    0s
     0     0  286.00000    0   13  448.00000  286.00000  36.2%     -    0s
     0     0  286.02290    0   15  448.00000  286.02290  36.2%     -    0s
     0     0  286.04052    0   15  448.00000  286.04052  36.2%     -    0s
     0     0  288.61912    0   14  448.00000  288.61912  35.6%     -    0s
H    0     0                     430.0000000  288.61912  32.9%     -    0s
     0     0  288.79818    0   14  430.00000  288.79818  32.8%     -    0s
     0     0  288.79818    0   14  430.00000  288.79818  32.8%     -    0s
     0     0  289.94694    0   14  430.00000  289.94694  32.6%     -    0s
     0     0  290.23169    0   15  430.00000  290.23169  32.5%     -    0s
     0     0  290.23169    0   15  430.00000  290.23169  32.5%     -    0s
     0     0  290.23169    0   15  430.00000  290.23169  32.5%     -    0s
     0     0  290.23169    0   15  430.00000  290.23169  32.5%     -    0s
     0     0  290.23169    0   16  430.00000  290.23169  32.5%     -    0s
     0     0  290.23169    0   10  430.00000  290.23169  32.5%     -    0s
     0     0  290.23169    0   13  430.00000  290.23169  32.5%     -    0s
     0     0  290.23169    0   13  430.00000  290.23169  32.5%     -    0s
     0     0  290.23169    0   10  430.00000  290.23169  32.5%     -    0s
     0     2  292.46145    0   10  430.00000  292.46145  32.0%     -    0s
H 2566   592                     430.0000000  336.00000  21.9%   7.1    0s
 10513  2038  366.00000   38    7  430.00000  366.00000  14.9%   7.8    5s
 46799  5243  383.00000   48    4  430.00000  383.00000  10.9%   5.6   10s
 92182  8929  419.00000   50    1  430.00000  391.00000  9.07%   5.0   15s
 137551  9396  410.00000   47    1  430.00000  404.00000  6.05%   4.7   20s
 193772  6110  419.00000   55    1  430.00000  416.00000  3.26%   4.5   25s
 265092   724  427.00000   52    1  430.00000  427.00000  0.70%   4.3   30s

Cutting planes:
  Gomory: 1
  Cover: 2
  Implied bound: 1
  MIR: 1
  Flow cover: 14
  RLT: 1

Explored 270770 nodes (1152802 simplex iterations) in 30.50 seconds (20.21 work units)
Thread count was 1 (of 96 available processors)

Solution count 7: 430 430 448 ... 471

Optimal solution found (tolerance 1.00e-04)
Best objective 4.300000000000e+02, best bound 4.300000000000e+02, gap 0.0000%
Time: 30.61 sec, Objective: 430.0, Termination: optimal

[MINLP] Scheduling Data 2 | Model: Immediate Precedence BigM
Set parameter TokenServer to value "mooring.ecn.purdue.edu"
Read LP format model from file /tmp/tmpo1z76xbj.pyomo.lp
Reading time = 0.00 seconds
x272: 273 rows, 257 columns, 1170 nonzeros
Set parameter TimeLimit to value 900
Set parameter Threads to value 1
Gurobi Optimizer version 11.0.0 build v11.0.0rc2 (linux64 - "Oracle Linux Server 9.5")

CPU model: AMD EPYC 7643 48-Core Processor, instruction set [SSE2|AVX|AVX2]
Thread count: 48 physical cores, 96 logical processors, using up to 1 threads

Optimize a model with 273 rows, 257 columns and 1170 nonzeros
Model fingerprint: 0xa2db009f
Variable types: 17 continuous, 240 integer (240 binary)
Coefficient statistics:
  Matrix range     [1e+00, 5e+02]
  Objective range  [1e+00, 1e+00]
  Bounds range     [1e+00, 5e+02]
  RHS range        [1e+00, 5e+02]
Presolve removed 54 rows and 40 columns
Presolve time: 0.00s
Presolved: 219 rows, 217 columns, 957 nonzeros
Variable types: 16 continuous, 201 integer (201 binary)

Root relaxation: objective 2.310000e+02, 76 iterations, 0.00 seconds (0.00 work units)

    Nodes    |    Current Node    |     Objective Bounds      |     Work
 Expl Unexpl |  Obj  Depth IntInf | Incumbent    BestBd   Gap | It/Node Time

     0     0  231.00000    0   10          -  231.00000      -     -    0s
     0     0  231.00000    0   32          -  231.00000      -     -    0s
     0     0  231.00000    0   33          -  231.00000      -     -    0s
     0     0  231.00000    0    7          -  231.00000      -     -    0s
     0     0  231.00000    0    7          -  231.00000      -     -    0s
     0     0  231.00000    0   11          -  231.00000      -     -    0s
     0     0  231.00000    0   25          -  231.00000      -     -    0s
     0     0  231.00000    0   10          -  231.00000      -     -    0s
     0     0  231.00000    0   13          -  231.00000      -     -    0s
     0     0  231.00000    0    8          -  231.00000      -     -    0s
     0     0  231.00000    0    8          -  231.00000      -     -    0s
     0     2  231.00000    0    8          -  231.00000      -     -    0s
  6942  2621  231.00000   39   22          -  231.00000      -  34.5    5s
 11881  3574  233.34928   47   26          -  231.00000      -  39.4   10s
 17857  4801 infeasible   41               -  231.00000      -  41.9   15s
 25053  7035 infeasible   45               -  231.00000      -  42.1   20s
 32875  9985  333.00000   35   13          -  231.00000      -  41.0   25s
 40314 11770  279.00000   41   12          -  231.00000      -  40.7   30s
H45365 12850                     479.0000000  231.00000  51.8%  40.8   34s
H45365 12850                     438.0000000  231.00000  47.3%  40.8   34s
H45962 12949                     438.0000000  231.00000  47.3%  40.9   34s
 46035 12944  231.00000   32   21  438.00000  231.00000  47.3%  40.9   35s
H46939 13094                     437.9993713  231.00000  47.3%  40.8   39s
 47052 13109  234.25242   30   25  437.99937  231.00000  47.3%  40.8   40s
 47881 13192  231.00000   31   20  437.99937  231.00000  47.3%  40.8   45s
 50290 13577 infeasible   39       437.99937  231.00000  47.3%  40.8   50s
 55878 14345  231.00000   41   23  437.99937  231.00000  47.3%  40.7   55s
 61004 15213  231.00000   44   18  437.99937  231.00000  47.3%  40.3   60s
 67718 16978  231.00000   23   16  437.99937  231.00000  47.3%  39.4   65s
 73351 17758  231.03306   53   20  437.99937  231.00000  47.3%  39.4   70s
 79199 18341  273.00000   55   17  437.99937  231.00000  47.3%  39.5   75s
 85821 19136  231.00000   55   24  437.99937  231.00000  47.3%  39.0   80s
 92607 19940  231.00000   42   17  437.99937  231.00000  47.3%  38.7   85s
 98709 20660  231.00000   40   15  437.99937  231.00000  47.3%  38.5   90s
 105772 21536 infeasible   36       437.99937  231.00000  47.3%  38.0   95s
 113245 22407 infeasible   50       437.99937  231.00000  47.3%  37.5  100s
 119434 22947  266.09056   51   19  437.99937  231.00000  47.3%  37.5  105s
 124887 23691  231.00000   47   22  437.99937  231.00000  47.3%  37.7  110s
 129010 23842  231.00000   49   14  437.99937  231.00000  47.3%  38.4  115s
 133137 24050  240.34644   50   27  437.99937  231.00000  47.3%  38.9  120s
 138534 24581  285.00000   44   19  437.99937  231.00000  47.3%  39.2  125s
 144717 25499  232.13759   51   23  437.99937  231.00000  47.3%  39.1  130s
 151547 26277  249.00000   41   15  437.99937  231.00000  47.3%  39.0  135s
 157418 26805  242.00000   47   19  437.99937  231.00000  47.3%  39.0  140s
 163643 27502 infeasible   35       437.99937  231.00000  47.3%  39.0  145s
 169215 28046 infeasible   56       437.99937  231.00000  47.3%  38.9  150s
 173863 28566  231.23584   48   23  437.99937  231.00000  47.3%  38.9  155s
 178266 29010  231.00000   51   20  437.99937  231.00000  47.3%  38.9  160s
 182962 29494  236.29630   52   19  437.99937  231.00000  47.3%  38.9  165s
 186918 29894  256.00000   66   19  437.99937  231.00000  47.3%  39.0  170s
 190676 30082 infeasible   51       437.99937  231.00000  47.3%  39.2  175s
 195002 30472  231.64629   49   26  437.99937  231.00000  47.3%  39.2  180s
 200067 30965  231.00000   35   17  437.99937  231.00000  47.3%  39.2  185s
 205561 31853 infeasible   53       437.99937  231.00000  47.3%  39.1  190s
 210983 32380  231.00000   51   20  437.99937  231.00000  47.3%  39.2  195s
 216268 32992  231.00000   48   17  437.99937  231.00000  47.3%  39.3  200s
 222535 34848 infeasible   77       437.99937  231.00000  47.3%  39.2  205s
 227397 35443  233.00415   60   20  437.99937  231.00000  47.3%  39.3  210s
 232644 35979 infeasible   49       437.99937  231.00000  47.3%  39.4  215s
 237584 36553 infeasible   66       437.99937  231.00000  47.3%  39.5  220s
 242997 37176  254.00000   56   19  437.99937  231.00000  47.3%  39.5  225s
 247776 37671  260.00000   41   18  437.99937  231.00000  47.3%  39.7  230s
 251797 38055 infeasible   51       437.99937  231.00000  47.3%  39.8  235s
 255765 38436  281.00000   49   20  437.99937  231.00000  47.3%  40.0  240s
 261086 39001 infeasible   62       437.99937  231.00000  47.3%  40.0  245s
 266349 39653  231.00000   54   20  437.99937  231.00000  47.3%  40.0  250s
 271757 40269 infeasible   60       437.99937  231.00000  47.3%  40.0  255s
 276576 40736  310.00000   53   14  437.99937  231.00000  47.3%  40.1  260s
 282141 41388 infeasible   59       437.99937  231.00000  47.3%  40.1  265s
 287767 42101  237.27273   64   26  437.99937  231.00000  47.3%  40.1  270s
 292700 42733 infeasible   77       437.99937  231.00000  47.3%  40.1  275s
 296807 43145 infeasible   57       437.99937  231.00000  47.3%  40.1  280s
 300680 43654  231.00000   47   18  437.99937  231.00000  47.3%  40.2  285s
 304692 43936 infeasible   55       437.99937  231.00000  47.3%  40.3  290s
 310099 44773 infeasible   53       437.99937  231.00000  47.3%  40.3  295s
 315331 45591 infeasible   68       437.99937  231.00000  47.3%  40.3  300s
 320641 46386 infeasible   64       437.99937  231.00000  47.3%  40.3  305s
 325237 47213 infeasible   50       437.99937  231.00000  47.3%  40.4  310s
 330146 47890  252.00000   73   21  437.99937  231.00000  47.3%  40.5  315s
 335273 48640  235.00000   61   14  437.99937  231.00000  47.3%  40.5  320s
 340324 49327  231.34624   52   25  437.99937  231.00000  47.3%  40.6  325s
 345093 50090 infeasible   53       437.99937  231.00000  47.3%  40.7  330s
 349706 50820  231.01790   61   25  437.99937  231.00000  47.3%  40.8  335s
 354207 51422 infeasible   68       437.99937  231.00000  47.3%  40.9  340s
 359141 52255 infeasible   72       437.99937  231.00000  47.3%  41.0  345s
 363407 52859  231.00000   61   16  437.99937  231.00000  47.3%  41.1  350s
 368350 53436  240.00000   54   13  437.99937  231.00000  47.3%  41.1  355s
 373368 54308  311.00000   59   17  437.99937  231.00000  47.3%  41.2  360s
 378309 55029  267.32308   51   18  437.99937  231.00000  47.3%  41.2  365s
 383575 56094  269.00000   45   21  437.99937  231.00000  47.3%  41.2  370s
 388537 57003  254.11188   42   31  437.99937  231.00000  47.3%  41.3  375s
 393454 57822 infeasible   40       437.99937  231.00000  47.3%  41.3  380s
 398387 58783  254.00000   43   22  437.99937  231.00000  47.3%  41.4  385s
 403684 59659  252.00000   41   15  437.99937  231.00000  47.3%  41.4  390s
 408557 60360  231.00000   56   19  437.99937  231.00000  47.3%  41.4  395s
 413376 61025 infeasible   52       437.99937  231.00000  47.3%  41.5  400s
 418631 61789 infeasible   43       437.99937  231.00000  47.3%  41.5  405s
 423765 62419  231.00000   57   23  437.99937  231.00000  47.3%  41.6  410s
 428975 63106 infeasible   48       437.99937  231.00000  47.3%  41.6  415s
 434101 63720 infeasible   56       437.99937  231.00000  47.3%  41.6  420s
 439228 64377 infeasible   62       437.99937  231.00000  47.3%  41.6  425s
 444434 65113  231.00000   62   16  437.99937  231.00000  47.3%  41.6  430s
 449851 66466  231.00000   57   25  437.99937  231.00000  47.3%  41.6  435s
 455856 68255 infeasible   57       437.99937  231.00000  47.3%  41.5  440s
 460718 69203  269.00000   60   19  437.99937  231.00000  47.3%  41.5  445s
 465662 70020 infeasible   60       437.99937  231.00000  47.3%  41.5  450s
 470890 71284  231.01181   56   16  437.99937  231.00000  47.3%  41.5  455s
 476150 72063  232.07840   64   25  437.99937  231.00000  47.3%  41.5  460s
 481993 72899  285.00000   53   11  437.99937  231.00000  47.3%  41.4  465s
 488107 73869 infeasible   57       437.99937  231.00000  47.3%  41.4  470s
 493764 74963  264.00000   44   22  437.99937  231.00000  47.3%  41.3  475s
 500293 76362 infeasible   46       437.99937  231.00000  47.3%  41.2  480s
 506279 77615  231.23612   47   23  437.99937  231.00000  47.3%  41.1  485s
 511672 78312  231.76462   51   22  437.99937  231.00000  47.3%  41.1  490s
 517158 78990  233.00000   47   21  437.99937  231.00000  47.3%  41.1  495s
 522927 79815  231.00000   41   26  437.99937  231.00000  47.3%  41.1  500s
 528170 80394  261.00000   53   19  437.99937  231.00000  47.3%  41.1  505s
 533248 80860 infeasible   45       437.99937  231.00000  47.3%  41.1  510s
 538812 81657 infeasible   50       437.99937  231.00000  47.3%  41.1  515s
 544106 82347  243.00000   55   16  437.99937  231.00000  47.3%  41.1  520s
 549131 82792  231.00000   54   29  437.99937  231.00000  47.3%  41.2  525s
 554048 83210 infeasible   65       437.99937  231.00000  47.3%  41.2  530s
 559335 83974 infeasible   73       437.99937  231.00000  47.3%  41.2  535s
 564502 84646 infeasible   57       437.99937  231.00000  47.3%  41.2  540s
 569097 85128  244.00000   60   25  437.99937  231.00000  47.3%  41.3  545s
 574278 85707 infeasible   64       437.99937  231.00000  47.3%  41.3  550s
 579303 86384  231.00000   48   26  437.99937  231.00000  47.3%  41.4  555s
 584932 87433  231.23466   60   24  437.99937  231.00000  47.3%  41.3  560s
 589949 88095  244.00000   51   20  437.99937  231.00000  47.3%  41.3  565s
 595040 88591 infeasible   54       437.99937  231.00000  47.3%  41.4  570s
 600544 89400  233.92632   37   25  437.99937  231.00000  47.3%  41.3  575s
 607117 90365 infeasible   43       437.99937  231.00000  47.3%  41.2  580s
 613641 91251  231.96154   49   19  437.99937  231.00000  47.3%  41.1  585s
 619421 92200  350.00000   50    6  437.99937  231.00000  47.3%  41.1  590s
 625028 92903  231.00000   41   19  437.99937  231.00000  47.3%  41.0  595s
 630863 93813  255.00000   49   16  437.99937  231.00000  47.3%  41.0  600s
 636919 94734 infeasible   50       437.99937  231.00000  47.3%  40.9  605s
 642392 95647 infeasible   57       437.99937  231.00000  47.3%  40.9  610s
 648541 96531  231.01095   40   30  437.99937  231.00000  47.3%  40.8  615s
 654718 97750  234.33754   37   21  437.99937  231.00000  47.3%  40.8  620s
 661175 98902 infeasible   51       437.99937  231.00000  47.3%  40.7  625s
 667617 100062  231.00000   50   24  437.99937  231.00000  47.3%  40.6  630s
 674175 100997  231.00000   42   16  437.99937  231.00000  47.3%  40.5  635s
 679712 101605 infeasible   59       437.99937  231.00000  47.3%  40.5  640s
 685658 102488 infeasible   45       437.99937  231.00000  47.3%  40.4  645s
 691794 103257 infeasible   57       437.99937  231.00000  47.3%  40.4  650s
 697778 103975 infeasible   38       437.99937  231.00000  47.3%  40.3  655s
 703405 105014  231.00000   48   22  437.99937  231.00000  47.3%  40.3  660s
 708317 105974  231.00000   46   21  437.99937  231.00000  47.3%  40.4  665s
 713208 106794  234.45322   55   21  437.99937  231.00000  47.3%  40.4  670s
 717911 107471  231.00000   54   19  437.99937  231.00000  47.3%  40.4  675s
 722416 108117 infeasible   50       437.99937  231.00000  47.3%  40.5  680s
 727442 109131 infeasible   48       437.99937  231.00000  47.3%  40.5  685s
 732774 110264 infeasible   53       437.99937  231.00000  47.3%  40.5  690s
 737613 110952  256.00000   61   22  437.99937  231.00000  47.3%  40.5  695s
 742247 111809  254.00000   69   12  437.99937  231.00000  47.3%  40.5  700s
 747231 112774  231.00000   33   21  437.99937  231.00000  47.3%  40.5  705s
 752429 113539  234.00000   44   18  437.99937  231.00000  47.3%  40.6  710s
 757461 114242 infeasible   55       437.99937  231.00000  47.3%  40.6  715s
 762031 114955 infeasible   43       437.99937  231.00000  47.3%  40.6  720s
 766925 115667  278.00000   47   14  437.99937  231.00000  47.3%  40.6  725s
 771906 116362 infeasible   63       437.99937  231.00000  47.3%  40.6  730s
 776945 117202  231.21910   47   19  437.99937  231.00000  47.3%  40.7  735s
 782640 118210  231.00000   34   14  437.99937  231.00000  47.3%  40.6  740s
 788518 118858 infeasible   41       437.99937  231.00000  47.3%  40.6  745s
 794520 119678  231.00000   39   18  437.99937  231.00000  47.3%  40.6  750s
 800391 120477 infeasible   43       437.99937  231.00000  47.3%  40.5  755s
 806651 121219 infeasible   46       437.99937  231.00000  47.3%  40.5  760s
 812057 121869 infeasible   54       437.99937  231.00000  47.3%  40.4  765s
 817052 122483 infeasible   64       437.99937  231.00000  47.3%  40.5  770s
 822269 123128 infeasible   58       437.99937  231.00000  47.3%  40.4  775s
 828151 123860  261.00000   43   19  437.99937  231.00000  47.3%  40.4  780s
 833498 124688  254.00000   39   21  437.99937  231.00000  47.3%  40.4  785s
 839074 125242  276.00000   46   20  437.99937  231.00000  47.3%  40.4  790s
 844347 125890  231.00000   52   22  437.99937  231.00000  47.3%  40.4  795s
 848921 126374 infeasible   64       437.99937  231.00000  47.3%  40.5  800s
 853928 126868  259.00000   53   17  437.99937  231.00000  47.3%  40.5  805s
 858729 127398 infeasible   44       437.99937  231.00000  47.3%  40.5  810s
 863795 128003  231.00000   32   17  437.99937  231.00000  47.3%  40.5  815s
 868941 128669  252.00000   48   14  437.99937  231.00000  47.3%  40.5  820s
 874208 129505 infeasible   38       437.99937  231.00000  47.3%  40.5  825s
 879644 130182  254.00000   41   23  437.99937  231.00000  47.3%  40.5  830s
 884730 130859 infeasible   41       437.99937  231.00000  47.3%  40.5  835s
 890437 132240  231.00000   35   18  437.99937  231.00000  47.3%  40.5  840s
 896234 134138  232.66384   58   27  437.99937  231.00000  47.3%  40.5  845s
 901742 135023  253.02765   69   20  437.99937  231.00000  47.3%  40.5  850s
 906488 135725  231.00000   59   29  437.99937  231.00000  47.3%  40.5  855s
 911199 136491 infeasible   49       437.99937  231.00000  47.3%  40.6  860s
 915549 137170  231.00000   63   24  437.99937  231.00000  47.3%  40.6  865s
 920437 137806  231.00000   43   17  437.99937  231.00000  47.3%  40.7  870s
 925511 138571  231.14843   48   21  437.99937  231.00000  47.3%  40.7  875s
 930582 139378 infeasible   63       437.99937  231.00000  47.3%  40.7  880s
 935319 140079 infeasible   48       437.99937  231.00000  47.3%  40.7  885s
 940245 140758  339.00000   48   13  437.99937  231.00000  47.3%  40.8  890s
 945180 141414 infeasible   43       437.99937  231.00000  47.3%  40.8  895s
 950324 142392  254.00000   40   21  437.99937  231.00000  47.3%  40.8  900s

Cutting planes:
  Learned: 1
  Gomory: 2
  Cover: 10
  Implied bound: 8
  Projected implied bound: 2
  Clique: 2
  MIR: 11
  StrongCG: 2
  Flow cover: 14
  GUB cover: 1
  Relax-and-lift: 6
  BQP: 1

Explored 950325 nodes (38795407 simplex iterations) in 900.00 seconds (708.93 work units)
Thread count was 1 (of 96 available processors)

Solution count 3: 437.999 438 438 

Time limit reached
Best objective 4.379993712912e+02, best bound 2.310000000000e+02, gap 47.2602%
WARNING: Loading a SolverResults object with an 'aborted' status, but
    containing a solution
Time: 900.28 sec, Objective: 437.9993712912139, Termination: maxTimeLimit

[MINLP] Scheduling Data 2 | Model: Immediate Precedence HR
Set parameter TokenServer to value "mooring.ecn.purdue.edu"
Read LP format model from file /tmp/tmpt8cgyokc.pyomo.lp
Reading time = 0.00 seconds
x707: 1203 rows, 707 columns, 3451 nonzeros
Set parameter TimeLimit to value 900
Set parameter Threads to value 1
Gurobi Optimizer version 11.0.0 build v11.0.0rc2 (linux64 - "Oracle Linux Server 9.5")

CPU model: AMD EPYC 7643 48-Core Processor, instruction set [SSE2|AVX|AVX2]
Thread count: 48 physical cores, 96 logical processors, using up to 1 threads

Optimize a model with 1203 rows, 707 columns and 3451 nonzeros
Model fingerprint: 0xe775d5e6
Variable types: 467 continuous, 240 integer (240 binary)
Coefficient statistics:
  Matrix range     [1e+00, 5e+02]
  Objective range  [1e+00, 1e+00]
  Bounds range     [1e+00, 5e+02]
  RHS range        [1e+00, 5e+01]
Presolve removed 168 rows and 102 columns
Presolve time: 0.01s
Presolved: 1035 rows, 605 columns, 2958 nonzeros
Variable types: 404 continuous, 201 integer (201 binary)

Root relaxation: objective 2.356790e+02, 930 iterations, 0.02 seconds (0.03 work units)

    Nodes    |    Current Node    |     Objective Bounds      |     Work
 Expl Unexpl |  Obj  Depth IntInf | Incumbent    BestBd   Gap | It/Node Time

     0     0  235.67898    0   33          -  235.67898      -     -    0s
     0     0  333.45668    0   29          -  333.45668      -     -    0s
     0     0  381.00435    0   19          -  381.00435      -     -    0s
     0     0  417.29200    0   28          -  417.29200      -     -    0s
     0     0  417.29200    0   25          -  417.29200      -     -    0s
     0     0  417.29200    0   36          -  417.29200      -     -    0s
     0     0  417.29200    0   35          -  417.29200      -     -    0s
     0     0  417.29200    0   21          -  417.29200      -     -    0s
     0     0  417.29200    0   18          -  417.29200      -     -    0s
     0     0  417.29200    0   20          -  417.29200      -     -    0s
     0     0  417.29200    0   12          -  417.29200      -     -    0s
     0     0  417.29200    0   22          -  417.29200      -     -    0s
     0     0  417.29200    0   13          -  417.29200      -     -    0s
     0     0  417.29200    0   13          -  417.29200      -     -    0s
     0     2  421.28792    0   13          -  421.28792      -     -    0s
*   32     3              17     437.9999494  437.99995  0.00%  78.8    0s

Cutting planes:
  Gomory: 2
  Cover: 3
  Implied bound: 21
  MIR: 4
  Flow cover: 4
  Relax-and-lift: 4

Explored 33 nodes (7333 simplex iterations) in 0.49 seconds (0.52 work units)
Thread count was 1 (of 96 available processors)

Solution count 1: 438 

Optimal solution found (tolerance 1.00e-04)
Best objective 4.379999493502e+02, best bound 4.379999493502e+02, gap 0.0000%
Time: 0.61 sec, Objective: 437.9999493502264, Termination: optimal

[MINLP] Scheduling Data 2 | Model: Time Slots Hull
Set parameter TokenServer to value "mooring.ecn.purdue.edu"
Read LP format model from file /tmp/tmpapwa7e7o.pyomo.lp
Reading time = 0.00 seconds
x242: 76 rows, 242 columns, 1186 nonzeros
Set parameter TimeLimit to value 900
Set parameter Threads to value 1
Gurobi Optimizer version 11.0.0 build v11.0.0rc2 (linux64 - "Oracle Linux Server 9.5")

CPU model: AMD EPYC 7643 48-Core Processor, instruction set [SSE2|AVX|AVX2]
Thread count: 48 physical cores, 96 logical processors, using up to 1 threads

Optimize a model with 76 rows, 242 columns and 1186 nonzeros
Model fingerprint: 0x35de5e9b
Variable types: 17 continuous, 225 integer (225 binary)
Coefficient statistics:
  Matrix range     [1e+00, 5e+02]
  Objective range  [1e+00, 1e+00]
  Bounds range     [1e+00, 1e+06]
  RHS range        [1e+00, 1e+00]
Presolve removed 7 rows and 53 columns
Presolve time: 0.01s
Presolved: 69 rows, 189 columns, 879 nonzeros
Variable types: 2 continuous, 187 integer (175 binary)

Root relaxation: objective 4.380000e+02, 122 iterations, 0.00 seconds (0.00 work units)

    Nodes    |    Current Node    |     Objective Bounds      |     Work
 Expl Unexpl |  Obj  Depth IntInf | Incumbent    BestBd   Gap | It/Node Time

     0     0  438.00000    0    5          -  438.00000      -     -    0s
     0     0  438.00000    0   12          -  438.00000      -     -    0s
H    0     0                     442.0000000  438.00000  0.90%     -    0s
H    0     0                     438.0000000  438.00000  0.00%     -    0s
     0     0  438.00000    0   12  438.00000  438.00000  0.00%     -    0s

Cutting planes:
  GUB cover: 2

Explored 1 nodes (401 simplex iterations) in 0.02 seconds (0.02 work units)
Thread count was 1 (of 96 available processors)

Solution count 2: 438 442 

Optimal solution found (tolerance 1.00e-04)
Best objective 4.380000000000e+02, best bound 4.380000000000e+02, gap 0.0000%
Time: 0.11 sec, Objective: 438.0, Termination: optimal

[MINLP] Scheduling Data 2 | Model: General Precedence Hull Reagg
Set parameter TokenServer to value "mooring.ecn.purdue.edu"
Read LP format model from file /tmp/tmphffytgur.pyomo.lp
Reading time = 0.00 seconds
x122: 256 rows, 122 columns, 682 nonzeros
Set parameter TimeLimit to value 900
Set parameter Threads to value 1
Gurobi Optimizer version 11.0.0 build v11.0.0rc2 (linux64 - "Oracle Linux Server 9.5")

CPU model: AMD EPYC 7643 48-Core Processor, instruction set [SSE2|AVX|AVX2]
Thread count: 48 physical cores, 96 logical processors, using up to 1 threads

Optimize a model with 256 rows, 122 columns and 682 nonzeros
Model fingerprint: 0x55f5e885
Variable types: 17 continuous, 105 integer (105 binary)
Coefficient statistics:
  Matrix range     [1e+00, 5e+02]
  Objective range  [1e+00, 1e+00]
  Bounds range     [1e+00, 5e+02]
  RHS range        [1e+00, 5e+02]
Presolve removed 74 rows and 28 columns
Presolve time: 0.00s
Presolved: 182 rows, 94 columns, 520 nonzeros
Variable types: 16 continuous, 78 integer (78 binary)

Root relaxation: objective 2.520000e+02, 50 iterations, 0.00 seconds (0.00 work units)

    Nodes    |    Current Node    |     Objective Bounds      |     Work
 Expl Unexpl |  Obj  Depth IntInf | Incumbent    BestBd   Gap | It/Node Time

     0     0  252.00000    0   13          -  252.00000      -     -    0s
     0     0  252.00000    0   23          -  252.00000      -     -    0s
     0     0  252.00000    0   37          -  252.00000      -     -    0s
     0     0  252.00000    0   10          -  252.00000      -     -    0s
     0     0  252.08784    0   10          -  252.08784      -     -    0s
     0     0  252.08784    0   12          -  252.08784      -     -    0s
     0     0  252.08784    0   18          -  252.08784      -     -    0s
     0     0  252.10768    0   21          -  252.10768      -     -    0s
     0     0  252.45082    0   17          -  252.45082      -     -    0s
     0     0  253.61029    0   23          -  253.61029      -     -    0s
     0     0  253.61029    0   23          -  253.61029      -     -    0s
     0     0  253.97564    0   24          -  253.97564      -     -    0s
     0     0  254.02132    0   28          -  254.02132      -     -    0s
     0     0  254.18099    0   25          -  254.18099      -     -    0s
     0     0  254.18099    0   26          -  254.18099      -     -    0s
     0     0  254.82778    0   25          -  254.82778      -     -    0s
     0     0  254.82778    0   21          -  254.82778      -     -    0s
     0     0  255.00266    0   25          -  255.00266      -     -    0s
     0     0  255.02777    0   29          -  255.02777      -     -    0s
     0     0  255.02777    0   30          -  255.02777      -     -    0s
     0     0  255.13327    0   29          -  255.13327      -     -    0s
     0     0  255.16777    0   25          -  255.16777      -     -    0s
     0     0  255.40151    0   28          -  255.40151      -     -    0s
     0     0  255.40151    0   29          -  255.40151      -     -    0s
     0     0  255.42504    0   24          -  255.42504      -     -    0s
     0     0  255.42504    0   21          -  255.42504      -     -    0s
     0     0  255.42504    0   24          -  255.42504      -     -    0s
     0     0  255.42504    0   27          -  255.42504      -     -    0s
     0     0  255.42504    0   24          -  255.42504      -     -    0s
     0     0  255.42504    0   15          -  255.42504      -     -    0s
H    0     0                     451.0000000  255.42504  43.4%     -    0s
     0     2  255.42504    0   10  451.00000  255.42504  43.4%     -    0s
H  163    91                     441.0000000  262.94366  40.4%  11.9    0s
H  244   124                     440.0000000  265.00000  39.8%  11.0    0s
H  340   152                     438.0000000  265.00000  39.5%  10.2    0s
H 8215  1164                     438.0000000  363.00000  17.1%   4.8    1s

Cutting planes:
  Cover: 1
  Implied bound: 1
  Flow cover: 1

Explored 33289 nodes (109158 simplex iterations) in 3.76 seconds (2.49 work units)
Thread count was 1 (of 96 available processors)

Solution count 5: 438 438 440 ... 451

Optimal solution found (tolerance 1.00e-04)
Best objective 4.380000000000e+02, best bound 4.380000000000e+02, gap 0.0000%
Time: 3.84 sec, Objective: 438.0, Termination: optimal

[MINLP] Scheduling Data 3 | Model: Immediate Precedence BigM
Set parameter TokenServer to value "mooring.ecn.purdue.edu"
Read LP format model from file /tmp/tmp_dypg3zu.pyomo.lp
Reading time = 0.00 seconds
x462: 463 rows, 442 columns, 2061 nonzeros
Set parameter TimeLimit to value 900
Set parameter Threads to value 1
Gurobi Optimizer version 11.0.0 build v11.0.0rc2 (linux64 - "Oracle Linux Server 9.5")

CPU model: AMD EPYC 7643 48-Core Processor, instruction set [SSE2|AVX|AVX2]
Thread count: 48 physical cores, 96 logical processors, using up to 1 threads

Optimize a model with 463 rows, 442 columns and 2061 nonzeros
Model fingerprint: 0xc26ed5c3
Variable types: 22 continuous, 420 integer (420 binary)
Coefficient statistics:
  Matrix range     [1e+00, 8e+02]
  Objective range  [1e+00, 1e+00]
  Bounds range     [1e+00, 8e+02]
  RHS range        [1e+00, 8e+02]
Presolve removed 179 rows and 98 columns
Presolve time: 0.00s
Presolved: 284 rows, 344 columns, 1346 nonzeros
Variable types: 21 continuous, 323 integer (323 binary)

Root relaxation: objective 5.190000e+02, 125 iterations, 0.00 seconds (0.00 work units)

    Nodes    |    Current Node    |     Objective Bounds      |     Work
 Expl Unexpl |  Obj  Depth IntInf | Incumbent    BestBd   Gap | It/Node Time

     0     0  519.00000    0    6          -  519.00000      -     -    0s
     0     0  519.00000    0   26          -  519.00000      -     -    0s
     0     0  519.00000    0   29          -  519.00000      -     -    0s
     0     0  519.00000    0   16          -  519.00000      -     -    0s
     0     0  519.00000    0   16          -  519.00000      -     -    0s
     0     0  519.00000    0   13          -  519.00000      -     -    0s
     0     0  519.00000    0   26          -  519.00000      -     -    0s
     0     0  519.00000    0   12          -  519.00000      -     -    0s
     0     0  519.00000    0   28          -  519.00000      -     -    0s
     0     0  519.00000    0    8          -  519.00000      -     -    0s
     0     0  519.00000    0   22          -  519.00000      -     -    0s
     0     0  519.00000    0    7          -  519.00000      -     -    0s
     0     0  519.00000    0    7          -  519.00000      -     -    0s
H    0     0                     621.0000000  519.00000  16.4%     -    0s
     0     2  519.00000    0    7  621.00000  519.00000  16.4%     -    0s
*  102    55              40     610.0000000  519.00000  14.9%  16.2    0s
H  188    88                     591.0000000  519.00000  12.2%  15.3    0s
H  214   106                     589.0000000  519.00000  11.9%  19.3    0s
H  358   144                     585.0000000  519.00000  11.3%  20.4    0s
H  495   155                     574.0000000  519.00000  9.58%  20.1    0s
H  550   152                     573.9999999  519.00000  9.58%  20.2    0s
H 1636   239                     570.0000000  519.00000  8.95%  22.2    1s
H 1903   228                     561.0000000  519.00000  7.49%  21.8    1s
H 3363   243                     560.9999999  519.00000  7.49%  27.3    3s
* 3514   245              41     560.0000000  519.00000  7.32%  27.6    3s
  4278   356  519.00000   23   13  560.00000  519.00000  7.32%  31.5    5s
H 5707   227                     559.0000000  519.00000  7.16%  36.1    7s
H 6708   249                     558.9991345  519.00000  7.16%  38.9    8s
  7713   260  532.61902   23   35  558.99913  519.00000  7.16%  40.9   10s
 10466   420  526.00000   25   30  558.99913  519.00000  7.16%  45.8   15s

Cutting planes:
  Cover: 3
  Implied bound: 5
  Projected implied bound: 1
  Clique: 1
  Flow cover: 1
  GUB cover: 1
  Relax-and-lift: 1

Explored 14385 nodes (692517 simplex iterations) in 19.51 seconds (15.99 work units)
Thread count was 1 (of 96 available processors)

Solution count 10: 558.999 559 560 ... 591

Optimal solution found (tolerance 1.00e-04)
Best objective 5.589991345453e+02, best bound 5.589991345453e+02, gap 0.0000%
Time: 19.63 sec, Objective: 558.9991345452715, Termination: optimal

[MINLP] Scheduling Data 3 | Model: Immediate Precedence HR
Set parameter TokenServer to value "mooring.ecn.purdue.edu"
Read LP format model from file /tmp/tmpa9jqa6wi.pyomo.lp
Reading time = 0.00 seconds
x1242: 2103 rows, 1242 columns, 6080 nonzeros
Set parameter TimeLimit to value 900
Set parameter Threads to value 1
Gurobi Optimizer version 11.0.0 build v11.0.0rc2 (linux64 - "Oracle Linux Server 9.5")

CPU model: AMD EPYC 7643 48-Core Processor, instruction set [SSE2|AVX|AVX2]
Thread count: 48 physical cores, 96 logical processors, using up to 1 threads

Optimize a model with 2103 rows, 1242 columns and 6080 nonzeros
Model fingerprint: 0x44fc28ff
Variable types: 822 continuous, 420 integer (420 binary)
Coefficient statistics:
  Matrix range     [1e+00, 8e+02]
  Objective range  [1e+00, 1e+00]
  Bounds range     [1e+00, 8e+02]
  RHS range        [1e+00, 5e+01]
Presolve removed 545 rows and 294 columns
Presolve time: 0.01s
Presolved: 1558 rows, 948 columns, 4526 nonzeros
Variable types: 625 continuous, 323 integer (323 binary)

Root relaxation: objective 5.190000e+02, 1232 iterations, 0.03 seconds (0.04 work units)

    Nodes    |    Current Node    |     Objective Bounds      |     Work
 Expl Unexpl |  Obj  Depth IntInf | Incumbent    BestBd   Gap | It/Node Time

     0     0  519.00000    0   30          -  519.00000      -     -    0s
     0     0  519.00000    0   51          -  519.00000      -     -    0s
     0     0  519.00000    0   43          -  519.00000      -     -    0s
     0     0  519.00000    0   26          -  519.00000      -     -    0s
     0     0  519.00000    0   28          -  519.00000      -     -    0s
     0     0  519.91030    0   39          -  519.91030      -     -    0s
H    0     0                     637.0000000  524.00000  17.7%     -    0s
     0     0  524.00000    0   37  637.00000  524.00000  17.7%     -    0s
     0     0  524.00000    0   45  637.00000  524.00000  17.7%     -    0s
     0     0  524.00000    0   41  637.00000  524.00000  17.7%     -    0s
     0     0  524.00000    0   20  637.00000  524.00000  17.7%     -    0s
     0     0  524.00000    0   23  637.00000  524.00000  17.7%     -    0s
     0     0  524.00000    0   36  637.00000  524.00000  17.7%     -    0s
H    0     0                     580.0000000  524.00000  9.66%     -    0s
     0     0  524.00000    0   30  580.00000  524.00000  9.66%     -    0s
     0     0  524.00000    0   32  580.00000  524.00000  9.66%     -    0s
     0     0  524.00000    0   44  580.00000  524.00000  9.66%     -    0s
     0     0  524.00000    0   43  580.00000  524.00000  9.66%     -    0s
     0     0  524.00000    0   43  580.00000  524.00000  9.66%     -    0s
     0     0  524.00000    0   44  580.00000  524.00000  9.66%     -    0s
     0     0  524.00000    0   61  580.00000  524.00000  9.66%     -    0s
     0     0  524.00000    0   53  580.00000  524.00000  9.66%     -    0s
     0     0  524.00000    0   45  580.00000  524.00000  9.66%     -    0s
     0     0  524.00000    0   34  580.00000  524.00000  9.66%     -    0s
     0     0  524.00000    0   45  580.00000  524.00000  9.66%     -    0s
     0     0  524.00000    0   48  580.00000  524.00000  9.66%     -    0s
     0     0  524.00000    0   46  580.00000  524.00000  9.66%     -    0s
     0     0  524.00000    0   49  580.00000  524.00000  9.66%     -    0s
     0     0  524.00000    0   51  580.00000  524.00000  9.66%     -    0s
     0     0  524.00000    0   41  580.00000  524.00000  9.66%     -    0s
     0     0  524.00000    0   37  580.00000  524.00000  9.66%     -    0s
     0     0  524.00000    0   45  580.00000  524.00000  9.66%     -    0s
     0     0  524.00000    0   47  580.00000  524.00000  9.66%     -    0s
     0     0  524.00000    0   45  580.00000  524.00000  9.66%     -    0s
     0     0  524.00000    0   42  580.00000  524.00000  9.66%     -    0s
     0     0  524.00000    0   47  580.00000  524.00000  9.66%     -    0s
     0     0  524.00000    0   53  580.00000  524.00000  9.66%     -    0s
     0     0  524.00000    0   37  580.00000  524.00000  9.66%     -    0s
     0     0  524.00000    0   47  580.00000  524.00000  9.66%     -    0s
     0     0  524.00000    0   36  580.00000  524.00000  9.66%     -    1s
     0     0  524.00000    0   35  580.00000  524.00000  9.66%     -    1s
H    0     0                     576.9999853  524.00000  9.19%     -    1s
     0     2  524.00000    0   35  576.99999  524.00000  9.19%     -    1s
H  108    75                     560.0000000  524.00000  6.43%   135    2s
H  135    89                     559.9999999  524.00000  6.43%   129    2s
   760   307  533.53391   17   35  560.00000  524.00000  6.43%  92.5    5s
  1177   375  524.00000   37   35  560.00000  524.00000  6.43%   111   10s
  2503   460  559.00000   43   26  560.00000  524.00000  6.43%  90.3   15s
* 3568   559              47     559.0000000  524.00000  6.26%  88.1   18s
  3844   598  524.00000   33   31  559.00000  524.00000  6.26%  88.9   20s
  4989   637  525.75044   38   38  559.00000  524.00000  6.26%  90.9   25s
  5472   653  533.00000   41   30  559.00000  524.00000  6.26%  96.3   30s
  6314   426  533.00000   38   23  559.00000  530.00000  5.19%  96.8   35s
  7370   148  538.00000   43   30  559.00000  538.00000  3.76%   100   40s
  8326    85  558.09805   47   38  559.00000  549.00000  1.79%   104   45s

Explored 9004 nodes (990955 simplex iterations) in 49.48 seconds (55.77 work units)
Thread count was 1 (of 96 available processors)

Solution count 5: 559 560 577 ... 637

Optimal solution found (tolerance 1.00e-04)
Best objective 5.590000000000e+02, best bound 5.590000000000e+02, gap 0.0000%
Time: 49.62 sec, Objective: 559.0, Termination: optimal

[MINLP] Scheduling Data 3 | Model: Time Slots Hull
Set parameter TokenServer to value "mooring.ecn.purdue.edu"
Read LP format model from file /tmp/tmp0tuhis1f.pyomo.lp
Reading time = 0.00 seconds
x422: 101 rows, 422 columns, 2061 nonzeros
Set parameter TimeLimit to value 900
Set parameter Threads to value 1
Gurobi Optimizer version 11.0.0 build v11.0.0rc2 (linux64 - "Oracle Linux Server 9.5")

CPU model: AMD EPYC 7643 48-Core Processor, instruction set [SSE2|AVX|AVX2]
Thread count: 48 physical cores, 96 logical processors, using up to 1 threads

Optimize a model with 101 rows, 422 columns and 2061 nonzeros
Model fingerprint: 0x8643da33
Variable types: 22 continuous, 400 integer (400 binary)
Coefficient statistics:
  Matrix range     [1e+00, 8e+02]
  Objective range  [1e+00, 1e+00]
  Bounds range     [1e+00, 1e+06]
  RHS range        [1e+00, 1e+00]
Presolve removed 2 rows and 91 columns
Presolve time: 0.02s
Presolved: 99 rows, 331 columns, 1565 nonzeros
Variable types: 0 continuous, 331 integer (311 binary)

Root relaxation: objective 5.240000e+02, 309 iterations, 0.00 seconds (0.00 work units)

    Nodes    |    Current Node    |     Objective Bounds      |     Work
 Expl Unexpl |  Obj  Depth IntInf | Incumbent    BestBd   Gap | It/Node Time

     0     0  524.00000    0   57          -  524.00000      -     -    0s
     0     0  524.00000    0   63          -  524.00000      -     -    0s
     0     0  524.00000    0   55          -  524.00000      -     -    0s
     0     0  524.00000    0   55          -  524.00000      -     -    0s
     0     0  524.00000    0   41          -  524.00000      -     -    0s
     0     0  524.00000    0   53          -  524.00000      -     -    0s
     0     0  524.00000    0   68          -  524.00000      -     -    0s
     0     0  524.00000    0   72          -  524.00000      -     -    0s
     0     0  524.00000    0   47          -  524.00000      -     -    0s
H    0     0                     700.0000000  524.00000  25.1%     -    0s
H    0     0                     628.0000000  524.00000  16.6%     -    0s
     0     2  524.00000    0   43  628.00000  524.00000  16.6%     -    0s
H   26    16                     621.0000000  524.00000  15.6%  24.9    0s
H   54    33                     605.0000000  524.00000  13.4%  20.0    0s
*   71    39              64     576.0000000  524.00000  9.03%  16.7    0s
*  318   168              53     574.0000000  526.76611  8.23%  10.5    0s
H  333   104                     559.0000000  529.96824  5.19%  10.4    0s

Cutting planes:
  Gomory: 3
  Cover: 16
  Implied bound: 50
  MIR: 18
  StrongCG: 5
  GUB cover: 4
  Relax-and-lift: 2

Explored 1361 nodes (12455 simplex iterations) in 0.60 seconds (0.49 work units)
Thread count was 1 (of 96 available processors)

Solution count 7: 559 574 576 ... 700

Optimal solution found (tolerance 1.00e-04)
Best objective 5.590000000000e+02, best bound 5.590000000000e+02, gap 0.0000%
Time: 0.72 sec, Objective: 559.0, Termination: optimal

[MINLP] Scheduling Data 3 | Model: General Precedence Hull Reagg
Set parameter TokenServer to value "mooring.ecn.purdue.edu"
Read LP format model from file /tmp/tmpvm4_o9xn.pyomo.lp
Reading time = 0.00 seconds
x212: 441 rows, 212 columns, 1154 nonzeros
Set parameter TimeLimit to value 900
Set parameter Threads to value 1
Gurobi Optimizer version 11.0.0 build v11.0.0rc2 (linux64 - "Oracle Linux Server 9.5")

CPU model: AMD EPYC 7643 48-Core Processor, instruction set [SSE2|AVX|AVX2]
Thread count: 48 physical cores, 96 logical processors, using up to 1 threads

Optimize a model with 441 rows, 212 columns and 1154 nonzeros
Model fingerprint: 0xebf08ff3
Variable types: 22 continuous, 190 integer (190 binary)
Coefficient statistics:
  Matrix range     [1e+00, 8e+02]
  Objective range  [1e+00, 1e+00]
  Bounds range     [1e+00, 8e+02]
  RHS range        [1e+00, 8e+02]
Presolve removed 219 rows and 98 columns
Presolve time: 0.00s
Presolved: 222 rows, 114 columns, 630 nonzeros
Variable types: 21 continuous, 93 integer (93 binary)

Root relaxation: objective 5.190000e+02, 51 iterations, 0.00 seconds (0.00 work units)

    Nodes    |    Current Node    |     Objective Bounds      |     Work
 Expl Unexpl |  Obj  Depth IntInf | Incumbent    BestBd   Gap | It/Node Time

     0     0  519.00000    0    2          -  519.00000      -     -    0s
H    0     0                     559.0000000  519.00000  7.16%     -    0s
     0     0  519.00000    0    5  559.00000  519.00000  7.16%     -    0s
     0     0  519.00000    0    5  559.00000  519.00000  7.16%     -    0s
     0     0  519.88736    0    9  559.00000  519.88736  7.00%     -    0s
     0     0  520.98357    0    9  559.00000  520.98357  6.80%     -    0s
     0     0  520.98357    0   10  559.00000  520.98357  6.80%     -    0s
     0     0  520.98357    0    9  559.00000  520.98357  6.80%     -    0s
     0     0  529.00000    0    4  559.00000  529.00000  5.37%     -    0s
     0     0  529.00000    0    5  559.00000  529.00000  5.37%     -    0s
     0     0  529.00000    0    3  559.00000  529.00000  5.37%     -    0s
     0     0  529.00000    0    6  559.00000  529.00000  5.37%     -    0s
     0     0  529.02086    0    6  559.00000  529.02086  5.36%     -    0s
     0     0  529.36312    0    6  559.00000  529.36312  5.30%     -    0s
     0     0  529.66667    0    5  559.00000  529.66667  5.25%     -    0s
     0     0  533.00000    0    7  559.00000  533.00000  4.65%     -    0s
     0     0  533.00000    0    6  559.00000  533.00000  4.65%     -    0s
     0     0  533.00000    0    4  559.00000  533.00000  4.65%     -    0s
     0     0  533.00000    0    3  559.00000  533.00000  4.65%     -    0s
     0     0  533.00000    0    4  559.00000  533.00000  4.65%     -    0s
     0     0  533.00000    0    6  559.00000  533.00000  4.65%     -    0s
     0     0  533.00000    0    6  559.00000  533.00000  4.65%     -    0s
     0     0  533.00000    0    5  559.00000  533.00000  4.65%     -    0s
     0     0  533.00000    0    3  559.00000  533.00000  4.65%     -    0s
     0     0  533.00000    0    4  559.00000  533.00000  4.65%     -    0s
     0     0  533.00000    0    4  559.00000  533.00000  4.65%     -    0s
     0     0  533.00000    0    4  559.00000  533.00000  4.65%     -    0s
     0     0  533.00000    0    4  559.00000  533.00000  4.65%     -    0s
     0     0  533.00000    0    4  559.00000  533.00000  4.65%     -    0s
     0     0  533.00000    0    4  559.00000  533.00000  4.65%     -    0s
     0     0  533.00000    0    5  559.00000  533.00000  4.65%     -    0s
     0     0  533.07212    0    5  559.00000  533.07212  4.64%     -    0s
     0     2  533.07212    0    5  559.00000  533.07212  4.64%     -    0s
H  105     4                     558.9999999  544.00000  2.68%   4.0    0s

Cutting planes:
  Gomory: 2
  Cover: 1
  Implied bound: 8
  MIR: 29
  Inf proof: 1
  Relax-and-lift: 2

Explored 125 nodes (1061 simplex iterations) in 0.10 seconds (0.05 work units)
Thread count was 1 (of 96 available processors)

Solution count 2: 559 559 

Optimal solution found (tolerance 1.00e-04)
Best objective 5.589999999440e+02, best bound 5.589999999440e+02, gap 0.0000%
Time: 0.21 sec, Objective: 558.9999999439963, Termination: optimal

[MINLP] Scheduling Data 4 | Model: Immediate Precedence BigM
Set parameter TokenServer to value "mooring.ecn.purdue.edu"
Read LP format model from file /tmp/tmp5o126q3z.pyomo.lp
Reading time = 0.00 seconds
x462: 463 rows, 442 columns, 2061 nonzeros
Set parameter TimeLimit to value 900
Set parameter Threads to value 1
Gurobi Optimizer version 11.0.0 build v11.0.0rc2 (linux64 - "Oracle Linux Server 9.5")

CPU model: AMD EPYC 7643 48-Core Processor, instruction set [SSE2|AVX|AVX2]
Thread count: 48 physical cores, 96 logical processors, using up to 1 threads

Optimize a model with 463 rows, 442 columns and 2061 nonzeros
Model fingerprint: 0xcd2eed44
Variable types: 22 continuous, 420 integer (420 binary)
Coefficient statistics:
  Matrix range     [1e+00, 7e+02]
  Objective range  [1e+00, 1e+00]
  Bounds range     [1e+00, 7e+02]
  RHS range        [1e+00, 7e+02]
Presolve removed 61 rows and 39 columns
Presolve time: 0.00s
Presolved: 402 rows, 403 columns, 1809 nonzeros
Variable types: 21 continuous, 382 integer (382 binary)

Root relaxation: objective 4.150000e+02, 121 iterations, 0.00 seconds (0.00 work units)

    Nodes    |    Current Node    |     Objective Bounds      |     Work
 Expl Unexpl |  Obj  Depth IntInf | Incumbent    BestBd   Gap | It/Node Time

     0     0  415.00000    0   10          -  415.00000      -     -    0s
     0     0  415.00000    0   34          -  415.00000      -     -    0s
     0     0  415.00000    0   38          -  415.00000      -     -    0s
     0     0  415.00000    0   13          -  415.00000      -     -    0s
     0     0  415.00000    0   12          -  415.00000      -     -    0s
     0     0  415.00000    0   31          -  415.00000      -     -    0s
     0     0  415.00000    0    9          -  415.00000      -     -    0s
     0     0  415.00000    0   24          -  415.00000      -     -    0s
     0     0  415.00000    0   12          -  415.00000      -     -    0s
     0     0  415.00000    0   12          -  415.00000      -     -    0s
     0     2  415.00000    0   12          -  415.00000      -     -    0s
  4465  2362  415.00000   42   14          -  415.00000      -  36.2    5s
  9109  4670  415.00000   41   29          -  415.00000      -  42.4   10s
 12146  6359  415.00000   40   29          -  415.00000      -  43.5   15s
 17606  7489  479.00000   44   26          -  415.00000      -  44.1   20s
 22609  8148  415.00000   51   27          -  415.00000      -  45.3   25s
 26982 10131 infeasible   53               -  415.00000      -  45.7   30s
 32042 12295 infeasible   57               -  415.00000      -  45.7   35s
 36698 13168  415.00000   52   22          -  415.00000      -  47.0   40s
 41453 14033  587.00000   47   16          -  415.00000      -  47.8   45s
 46714 15107 infeasible   61               -  415.00000      -  47.5   50s
 51232 15995 infeasible   56               -  415.00000      -  48.4   55s
 55685 17236  429.00000   56   21          -  415.00000      -  48.8   60s
 60593 18942  456.00000   50   21          -  415.00000      -  49.0   65s
 65456 20776  415.00000   45   23          -  415.00000      -  49.3   70s
H65665 20857                     709.0000000  415.00000  41.5%  49.3   70s
H65665 20857                     690.0000000  415.00000  39.9%  49.3   70s
H65880 20971                     666.0000000  415.00000  37.7%  49.2   70s
H66299 21241                     664.0000000  415.00000  37.5%  49.2   72s
 66699 21397  442.00000   45   31  664.00000  415.00000  37.5%  49.2   75s
H66809 21427                     663.9999999  415.00000  37.5%  49.2   76s
H67154 21528                     663.9999997  415.00000  37.5%  49.1   78s
 67292 21567  441.00000   50   25  664.00000  415.00000  37.5%  49.1   80s
 67966 21727  415.00000   57   20  664.00000  415.00000  37.5%  49.1   85s
 68651 21941  446.00000   57   26  664.00000  415.00000  37.5%  49.1   90s
 69542 22332  415.00000   46   22  664.00000  415.00000  37.5%  49.0   95s
 73221 24007  415.00000   32   12  664.00000  415.00000  37.5%  49.0  100s
 76795 24540 infeasible   54       664.00000  415.00000  37.5%  49.3  105s
 79406 24727 infeasible   59       664.00000  415.00000  37.5%  49.6  110s
 81542 24835 infeasible   57       664.00000  415.00000  37.5%  50.1  115s
 83965 25066  415.00000   54   23  664.00000  415.00000  37.5%  50.5  120s
 86338 25100  415.09637   64   24  664.00000  415.00000  37.5%  51.0  125s
 88869 25201 infeasible   59       664.00000  415.00000  37.5%  51.4  130s
 91742 25370 infeasible   61       664.00000  415.00000  37.5%  51.8  135s
 94314 25571 infeasible   47       664.00000  415.00000  37.5%  52.2  140s
 97143 25681 infeasible   64       664.00000  415.00000  37.5%  52.7  145s
 99981 25770  415.00000   53   20  664.00000  415.00000  37.5%  53.1  150s
 103185 25781  415.00000   51   22  664.00000  415.00000  37.5%  53.4  155s
 106682 26112 infeasible   77       664.00000  415.00000  37.5%  53.4  160s
 109704 26285  415.00000   53   23  664.00000  415.00000  37.5%  53.6  165s
 112933 26491 infeasible   59       664.00000  415.00000  37.5%  53.8  170s
 116066 26698  415.00000   58   25  664.00000  415.00000  37.5%  53.9  175s
H117402 26795                     663.9999996  415.00000  37.5%  54.1  177s
 119187 26925  430.58914   68   27  664.00000  415.00000  37.5%  54.1  180s
 122727 27221  441.00000   48   26  664.00000  415.00000  37.5%  54.0  185s
 126274 27522 infeasible   63       664.00000  415.00000  37.5%  54.1  190s
 129481 27595  415.00000   52   17  664.00000  415.00000  37.5%  54.2  195s
 132854 27807  415.00000   56   22  664.00000  415.00000  37.5%  54.2  200s
 135701 27958  432.00000   42   31  664.00000  415.00000  37.5%  54.4  205s
 138480 28440  415.00000   55   22  664.00000  415.00000  37.5%  54.7  210s
 141087 28558  439.00000   54   25  664.00000  415.00000  37.5%  55.0  215s
 143940 28804  427.00000   82   33  664.00000  415.00000  37.5%  55.3  220s
 146407 28883 infeasible   69       664.00000  415.00000  37.5%  55.7  225s
 148978 29021  415.00000   71   23  664.00000  415.00000  37.5%  56.1  230s
 151463 29105 infeasible   79       664.00000  415.00000  37.5%  56.3  235s
 154015 29251 infeasible   62       664.00000  415.00000  37.5%  56.7  240s
 156738 29422 infeasible   70       664.00000  415.00000  37.5%  57.0  245s
 159790 29526 infeasible   69       664.00000  415.00000  37.5%  57.1  250s
 162815 29736  415.00000   60   29  664.00000  415.00000  37.5%  57.2  255s
 165515 29937 infeasible   71       664.00000  415.00000  37.5%  57.4  260s
 168540 30174 infeasible   55       664.00000  415.00000  37.5%  57.5  265s
 171659 30326 infeasible   60       664.00000  415.00000  37.5%  57.6  270s
 174690 30451  456.10929   78   28  664.00000  415.00000  37.5%  57.7  275s
 177494 30716  415.00000   55   18  664.00000  415.00000  37.5%  57.9  280s
 179955 30906 infeasible   79       664.00000  415.00000  37.5%  58.2  285s
 182512 31077  428.00000   74   22  664.00000  415.00000  37.5%  58.4  290s
 185469 31315  415.00000   64   20  664.00000  415.00000  37.5%  58.5  295s
 188597 31479  425.00000   64   29  664.00000  415.00000  37.5%  58.6  300s
 191586 31566 infeasible   72       664.00000  415.00000  37.5%  58.6  305s
 194262 31783 infeasible   59       664.00000  415.00000  37.5%  58.8  310s
 197258 32002  438.00000   53   26  664.00000  415.00000  37.5%  58.9  315s
 200059 32160 infeasible   53       664.00000  415.00000  37.5%  59.0  320s
 203058 32371 infeasible   58       664.00000  415.00000  37.5%  59.1  325s
 205901 32474  427.00800   68   30  664.00000  415.00000  37.5%  59.2  330s
 208808 32716  513.00000   69   22  664.00000  415.00000  37.5%  59.4  335s
 211423 32885 infeasible   65       664.00000  415.00000  37.5%  59.5  340s
 214439 34091  427.00000   67   24  664.00000  415.00000  37.5%  59.6  345s
 217213 35348  415.00000   42   15  664.00000  415.00000  37.5%  59.6  350s
 220696 36358 infeasible   63       664.00000  415.00000  37.5%  59.5  355s
 224419 37889  456.00000   51   21  664.00000  415.00000  37.5%  59.4  360s
 227767 39681  423.00000   74   30  664.00000  415.00000  37.5%  59.3  365s
 231156 41633  415.00000   33   29  664.00000  415.00000  37.5%  59.2  370s
 234311 43190 infeasible   54       664.00000  415.00000  37.5%  59.1  375s
 237889 44694  415.00000   54   16  664.00000  415.00000  37.5%  59.0  380s
 241180 46414  415.00000   44   26  664.00000  415.00000  37.5%  58.9  385s
 244437 47286  415.00000   50   27  664.00000  415.00000  37.5%  59.0  390s
 247440 47483  415.00000   68   19  664.00000  415.00000  37.5%  59.0  395s
 250363 47492  427.00000   57   27  664.00000  415.00000  37.5%  59.0  400s
 253502 47560 infeasible   69       664.00000  415.00000  37.5%  59.1  405s
 256791 47783  415.00000   65   13  664.00000  415.00000  37.5%  59.1  410s
 259578 47927  415.00000   65   25  664.00000  415.00000  37.5%  59.1  415s
 262749 48100  415.00000   66   25  664.00000  415.00000  37.5%  59.2  420s
 265852 48348  438.00000   66   14  664.00000  415.00000  37.5%  59.2  425s
 269054 48459  445.71554   60   28  664.00000  415.00000  37.5%  59.2  430s
 272344 48710  415.00000   68   31  664.00000  415.00000  37.5%  59.3  435s
 275836 48876  415.00000   60   26  664.00000  415.00000  37.5%  59.3  440s
 279488 49014  500.00000   65   19  664.00000  415.00000  37.5%  59.3  445s
 282815 49299 infeasible   70       664.00000  415.00000  37.5%  59.3  450s
 286551 49623  423.23476   64   27  664.00000  415.00000  37.5%  59.2  455s
 289829 50012 infeasible   65       664.00000  415.00000  37.5%  59.2  460s
 293014 50082 infeasible   68       664.00000  415.00000  37.5%  59.3  465s
 296388 50300 infeasible   71       664.00000  415.00000  37.5%  59.3  470s
 299680 50559  419.15698   64   29  664.00000  415.00000  37.5%  59.3  475s
 302678 50830  461.00000   61   33  664.00000  415.00000  37.5%  59.4  480s
 305920 50943 infeasible   69       664.00000  415.00000  37.5%  59.4  485s
 309397 51117  443.00000   62   23  664.00000  415.00000  37.5%  59.4  490s
 312821 51324  415.00000   57   30  664.00000  415.00000  37.5%  59.4  495s
 316207 51609 infeasible   68       664.00000  415.00000  37.5%  59.4  500s
 320025 51851 infeasible   58       664.00000  415.00000  37.5%  59.4  505s
 323892 52248 infeasible   58       664.00000  415.00000  37.5%  59.3  510s
 328029 52536  471.00000   54   25  664.00000  415.00000  37.5%  59.2  515s
 331341 52768 infeasible   55       664.00000  415.00000  37.5%  59.2  520s
 335109 52748  436.00000   56   14  664.00000  415.00000  37.5%  59.1  525s
 338187 52855 infeasible   58       664.00000  415.00000  37.5%  59.2  530s
 341311 52962  457.00000   60   21  664.00000  415.00000  37.5%  59.3  535s
 344875 53350  448.00000   60   32  664.00000  415.00000  37.5%  59.3  540s
 348287 53556  421.00000   50   28  664.00000  415.00000  37.5%  59.2  545s
 351869 53551 infeasible   49       664.00000  415.00000  37.5%  59.2  550s
 354884 53723 infeasible   61       664.00000  415.00000  37.5%  59.3  555s
 358495 53927  415.00000   59   30  664.00000  415.00000  37.5%  59.3  560s
 361914 54149  444.00000   70   18  664.00000  415.00000  37.5%  59.3  565s
 365861 54310 infeasible   68       664.00000  415.00000  37.5%  59.2  570s
 369449 54579 infeasible   61       664.00000  415.00000  37.5%  59.2  575s
 372908 54679  415.00000   61   26  664.00000  415.00000  37.5%  59.2  580s
 376187 55173  428.60636   74   32  664.00000  415.00000  37.5%  59.2  585s
 379209 55448  427.00000   75   24  664.00000  415.00000  37.5%  59.3  590s
 382805 55610  445.00000   69   19  664.00000  415.00000  37.5%  59.3  595s
 386141 55776  415.00000   72   18  664.00000  415.00000  37.5%  59.3  600s
 389140 55981 infeasible   74       664.00000  415.00000  37.5%  59.4  605s
 392605 56071  444.00000   55   31  664.00000  415.00000  37.5%  59.4  610s
 396287 56329  439.00000   83   26  664.00000  415.00000  37.5%  59.3  615s
 399956 56662  415.23885   70   27  664.00000  415.00000  37.5%  59.3  620s
 403311 56790  460.00000   78   27  664.00000  415.00000  37.5%  59.3  625s
 406926 57102 infeasible   58       664.00000  415.00000  37.5%  59.3  630s
H407210 57120                     663.9999969  415.00000  37.5%  59.3  630s
 409737 57238 infeasible   69       664.00000  415.00000  37.5%  59.4  635s
 413017 57455  415.00000   48   22  664.00000  415.00000  37.5%  59.4  640s
 416961 57798  431.68274   66   29  664.00000  415.00000  37.5%  59.3  645s
 421074 58107  460.00000   51   19  664.00000  415.00000  37.5%  59.2  650s
 424999 58593  429.00000   49   19  664.00000  415.00000  37.5%  59.1  655s
 428865 58915 infeasible   57       664.00000  415.00000  37.5%  59.1  660s
 432920 59257 infeasible   52       664.00000  415.00000  37.5%  59.0  665s
 437090 59764 infeasible   62       664.00000  415.00000  37.5%  58.9  670s
 441796 60212  460.00000   72   29  664.00000  415.00000  37.5%  58.7  675s
 445836 60898 infeasible   63       664.00000  415.00000  37.5%  58.6  680s
 450040 61399  415.00000   63   28  664.00000  415.00000  37.5%  58.6  685s
 454064 61730  425.00000   67   30  664.00000  415.00000  37.5%  58.5  690s
 458135 62136  416.60461   58   31  664.00000  415.00000  37.5%  58.4  695s
 461717 62508  416.19324   69   22  664.00000  415.00000  37.5%  58.4  700s
 465204 62852  415.00000   74   23  664.00000  415.00000  37.5%  58.4  705s
 468875 63278  428.00479   70   25  664.00000  415.00000  37.5%  58.3  710s
 472749 63685 infeasible   74       664.00000  415.00000  37.5%  58.3  715s
 476333 64185  424.19890   57   23  664.00000  415.00000  37.5%  58.3  720s
 479665 64597  439.00000   70   25  664.00000  415.00000  37.5%  58.3  725s
 482627 64782 infeasible   69       664.00000  415.00000  37.5%  58.4  730s
 485750 64943  415.00000   59   22  664.00000  415.00000  37.5%  58.4  735s
 489712 65244  416.84001   78   28  664.00000  415.00000  37.5%  58.4  740s
 493442 65471 infeasible   65       664.00000  415.00000  37.5%  58.3  745s
 497310 66382  415.00000   52   22  664.00000  415.00000  37.5%  58.3  750s
 500685 68116  498.00000   44   26  664.00000  415.00000  37.5%  58.3  755s
 504528 70211  415.77705   92   36  664.00000  415.00000  37.5%  58.2  760s
 508028 71916  415.00000   47   23  664.00000  415.00000  37.5%  58.2  765s
 511144 73386 infeasible   50       664.00000  415.00000  37.5%  58.2  770s
 514638 74591  415.00000   53   29  664.00000  415.00000  37.5%  58.2  775s
 518189 75845  415.00000   52   22  664.00000  415.00000  37.5%  58.1  780s
 521800 77228 infeasible   93       664.00000  415.00000  37.5%  58.1  785s
 525575 78830  415.00000   58   22  664.00000  415.00000  37.5%  58.0  790s
 529334 80544  431.00000   36   27  664.00000  415.00000  37.5%  58.0  795s
 532900 82272 infeasible   44       664.00000  415.00000  37.5%  58.0  800s
 536673 83908  510.00000   62   15  664.00000  415.00000  37.5%  57.9  805s
 540159 85309  415.00000   62   14  664.00000  415.00000  37.5%  57.9  810s
 543396 86480  417.00000   64   22  664.00000  415.00000  37.5%  57.9  815s
 546590 87924 infeasible   57       664.00000  415.00000  37.5%  57.9  820s
 550066 89396  470.11497   65   18  664.00000  415.00000  37.5%  57.9  825s
 553568 90355  417.00000   57   28  664.00000  415.00000  37.5%  57.9  830s
 557374 91088  415.00000   55   26  664.00000  415.00000  37.5%  57.9  835s
 561544 91482  415.00000   67   21  664.00000  415.00000  37.5%  57.8  840s
 565148 91696 infeasible   74       664.00000  415.00000  37.5%  57.8  845s
 569136 91939  415.00000   79   28  664.00000  415.00000  37.5%  57.7  850s
 572775 92101  415.00000   67   23  664.00000  415.00000  37.5%  57.7  855s
 576187 92212  439.00000   75   30  664.00000  415.00000  37.5%  57.7  860s
 579696 92337     cutoff   68       664.00000  415.00000  37.5%  57.7  865s
 583566 92576 infeasible   67       664.00000  415.00000  37.5%  57.6  870s
 587267 92966  443.00000   76   23  664.00000  415.00000  37.5%  57.6  875s
 590980 93605  427.00000   66   36  664.00000  415.00000  37.5%  57.6  880s
 594681 94627  416.20627   84   30  664.00000  415.00000  37.5%  57.6  885s
 598288 95608 infeasible   57       664.00000  415.00000  37.5%  57.6  890s
 601535 96228  439.00000   68   35  664.00000  415.00000  37.5%  57.6  895s

Cutting planes:
  Gomory: 1
  Implied bound: 4
  Flow cover: 1
  RLT: 2

Explored 604927 nodes (34868507 simplex iterations) in 900.00 seconds (778.70 work units)
Thread count was 1 (of 96 available processors)

Solution count 6: 664 664 664 ... 690

Time limit reached
Best objective 6.639999969076e+02, best bound 4.150000000000e+02, gap 37.5000%
WARNING: Loading a SolverResults object with an 'aborted' status, but
    containing a solution
Time: 900.21 sec, Objective: 663.999996907637, Termination: maxTimeLimit

[MINLP] Scheduling Data 4 | Model: Immediate Precedence HR
Set parameter TokenServer to value "mooring.ecn.purdue.edu"
Read LP format model from file /tmp/tmpzs1bskei.pyomo.lp
Reading time = 0.00 seconds
x1242: 2103 rows, 1242 columns, 6101 nonzeros
Set parameter TimeLimit to value 900
Set parameter Threads to value 1
Gurobi Optimizer version 11.0.0 build v11.0.0rc2 (linux64 - "Oracle Linux Server 9.5")

CPU model: AMD EPYC 7643 48-Core Processor, instruction set [SSE2|AVX|AVX2]
Thread count: 48 physical cores, 96 logical processors, using up to 1 threads

Optimize a model with 2103 rows, 1242 columns and 6101 nonzeros
Model fingerprint: 0xe049e5fa
Variable types: 822 continuous, 420 integer (420 binary)
Coefficient statistics:
  Matrix range     [1e+00, 7e+02]
  Objective range  [1e+00, 1e+00]
  Bounds range     [1e+00, 7e+02]
  RHS range        [1e+00, 5e+01]
Presolve removed 196 rows and 115 columns
Presolve time: 0.02s
Presolved: 1907 rows, 1127 columns, 5520 nonzeros
Variable types: 745 continuous, 382 integer (382 binary)

Root relaxation: objective 4.150000e+02, 1943 iterations, 0.07 seconds (0.09 work units)

    Nodes    |    Current Node    |     Objective Bounds      |     Work
 Expl Unexpl |  Obj  Depth IntInf | Incumbent    BestBd   Gap | It/Node Time

     0     0  415.00000    0   22          -  415.00000      -     -    0s
     0     0  441.48013    0   42          -  441.48013      -     -    0s
     0     0  443.22939    0   34          -  443.22939      -     -    0s
     0     0  467.40044    0   53          -  467.40044      -     -    0s
     0     0  467.40044    0   48          -  467.40044      -     -    0s
     0     0  497.64591    0   36          -  497.64591      -     -    0s
     0     0  500.64516    0   36          -  500.64516      -     -    0s
     0     0  500.64516    0   30          -  500.64516      -     -    0s
     0     0  500.64516    0   34          -  500.64516      -     -    0s
     0     0  500.64516    0   34          -  500.64516      -     -    0s
     0     0  500.64516    0   28          -  500.64516      -     -    0s
     0     0  500.64516    0   33          -  500.64516      -     -    0s
     0     0  500.64516    0   16          -  500.64516      -     -    0s
     0     0  500.64516    0   26          -  500.64516      -     -    0s
     0     0  500.64516    0   25          -  500.64516      -     -    0s
     0     0  500.64516    0   25          -  500.64516      -     -    0s
     0     0  500.64516    0   30          -  500.64516      -     -    0s
     0     0  500.64516    0   32          -  500.64516      -     -    0s
     0     0  500.64516    0   26          -  500.64516      -     -    0s
     0     0  500.64516    0   25          -  500.64516      -     -    0s
     0     1  520.06491    0   19          -  520.06491      -     -    0s
   911   397  632.00000   14   22          -  632.00000      -  19.7    5s
* 1488   468              70     664.0000000  632.00000  4.82%  58.7    9s
  1519   479  641.14725   30   21  664.00000  632.00000  4.82%  61.4   10s
  2075   429  643.90476   24   25  664.00000  632.00000  4.82%  82.0   15s
  2417   436  632.04728   19   32  664.00000  632.03413  4.81%  93.6   20s
H 2443   438                     663.9999999  632.03614  4.81%  94.4   20s
  2980   212  646.74820   28   28  664.00000  642.00000  3.31%   101   25s

Cutting planes:
  Gomory: 3
  Lift-and-project: 2
  Cover: 40
  Implied bound: 3
  Projected implied bound: 1
  MIR: 3
  Flow cover: 6
  Inf proof: 1

Explored 3228 nodes (368866 simplex iterations) in 25.39 seconds (28.62 work units)
Thread count was 1 (of 96 available processors)

Solution count 1: 664 

Optimal solution found (tolerance 1.00e-04)
Best objective 6.639999999335e+02, best bound 6.639999999335e+02, gap 0.0000%
Time: 25.54 sec, Objective: 663.9999999334997, Termination: optimal

[MINLP] Scheduling Data 4 | Model: Time Slots Hull
Set parameter TokenServer to value "mooring.ecn.purdue.edu"
Read LP format model from file /tmp/tmplm_cmxba.pyomo.lp
Reading time = 0.00 seconds
x422: 101 rows, 422 columns, 2081 nonzeros
Set parameter TimeLimit to value 900
Set parameter Threads to value 1
Gurobi Optimizer version 11.0.0 build v11.0.0rc2 (linux64 - "Oracle Linux Server 9.5")

CPU model: AMD EPYC 7643 48-Core Processor, instruction set [SSE2|AVX|AVX2]
Thread count: 48 physical cores, 96 logical processors, using up to 1 threads

Optimize a model with 101 rows, 422 columns and 2081 nonzeros
Model fingerprint: 0x59540988
Variable types: 22 continuous, 400 integer (400 binary)
Coefficient statistics:
  Matrix range     [1e+00, 7e+02]
  Objective range  [1e+00, 1e+00]
  Bounds range     [1e+00, 1e+06]
  RHS range        [1e+00, 1e+00]
Presolve removed 2 rows and 29 columns
Presolve time: 0.02s
Presolved: 99 rows, 393 columns, 1813 nonzeros
Variable types: 2 continuous, 391 integer (372 binary)

Root relaxation: objective 6.320000e+02, 254 iterations, 0.00 seconds (0.00 work units)

    Nodes    |    Current Node    |     Objective Bounds      |     Work
 Expl Unexpl |  Obj  Depth IntInf | Incumbent    BestBd   Gap | It/Node Time

     0     0  632.00000    0   50          -  632.00000      -     -    0s
     0     0  632.90677    0   64          -  632.90677      -     -    0s
     0     0  632.90677    0   60          -  632.90677      -     -    0s
     0     0  633.53164    0   52          -  633.53164      -     -    0s
     0     0  633.53164    0   58          -  633.53164      -     -    0s
     0     0  633.53164    0   54          -  633.53164      -     -    0s
     0     0  633.53164    0   54          -  633.53164      -     -    0s
     0     0  633.53164    0   56          -  633.53164      -     -    0s
     0     0  633.53164    0   56          -  633.53164      -     -    0s
     0     0  633.53164    0   54          -  633.53164      -     -    0s
     0     0  633.53164    0   54          -  633.53164      -     -    0s
     0     0  633.53164    0   54          -  633.53164      -     -    0s
     0     0  633.53164    0   56          -  633.53164      -     -    0s
     0     0  633.53164    0   56          -  633.53164      -     -    0s
     0     0  635.29327    0   67          -  635.29327      -     -    0s
     0     0  635.29327    0   69          -  635.29327      -     -    0s
     0     0  635.29327    0   67          -  635.29327      -     -    0s
     0     0  635.67101    0   66          -  635.67101      -     -    0s
     0     0  635.79112    0   52          -  635.79112      -     -    0s
     0     0  635.79112    0   57          -  635.79112      -     -    0s
     0     0  636.35310    0   53          -  636.35310      -     -    0s
     0     0  636.59492    0   55          -  636.59492      -     -    0s
     0     0  636.81077    0   56          -  636.81077      -     -    0s
     0     0  636.86331    0   56          -  636.86331      -     -    0s
     0     0  637.15702    0   52          -  637.15702      -     -    0s
     0     0  637.44997    0   53          -  637.44997      -     -    0s
     0     0  637.44997    0   54          -  637.44997      -     -    0s
     0     0  637.60710    0   55          -  637.60710      -     -    0s
     0     0  637.70221    0   55          -  637.70221      -     -    0s
     0     0  637.85149    0   58          -  637.85149      -     -    0s
     0     0  639.36070    0   58          -  639.36070      -     -    0s
     0     0  639.36070    0   59          -  639.36070      -     -    0s
     0     0  639.36070    0   59          -  639.36070      -     -    0s
     0     0  639.36070    0   58          -  639.36070      -     -    0s
     0     0  639.36070    0   55          -  639.36070      -     -    0s
H    0     0                     709.0000000  639.36070  9.82%     -    0s
H    0     0                     696.0000000  640.71051  7.94%     -    0s
     0     2  640.71051    0   53  696.00000  640.71051  7.94%     -    0s
H  136    60                     685.0000000  641.00000  6.42%   9.0    0s
H  164    49                     669.0000000  641.99385  4.04%   9.3    0s
H  191    31                     664.0000000  644.91340  2.87%   9.5    0s

Cutting planes:
  Gomory: 5
  Cover: 4
  Implied bound: 9
  MIR: 15
  StrongCG: 1
  Relax-and-lift: 11

Explored 241 nodes (3109 simplex iterations) in 0.27 seconds (0.22 work units)
Thread count was 1 (of 96 available processors)

Solution count 5: 664 669 685 ... 709

Optimal solution found (tolerance 1.00e-04)
Best objective 6.640000000000e+02, best bound 6.640000000000e+02, gap 0.0000%
Time: 0.37 sec, Objective: 664.0, Termination: optimal

[MINLP] Scheduling Data 4 | Model: General Precedence Hull Reagg
Set parameter TokenServer to value "mooring.ecn.purdue.edu"
Read LP format model from file /tmp/tmp92cxuflr.pyomo.lp
Reading time = 0.00 seconds
x212: 441 rows, 212 columns, 1204 nonzeros
Set parameter TimeLimit to value 900
Set parameter Threads to value 1
Gurobi Optimizer version 11.0.0 build v11.0.0rc2 (linux64 - "Oracle Linux Server 9.5")

CPU model: AMD EPYC 7643 48-Core Processor, instruction set [SSE2|AVX|AVX2]
Thread count: 48 physical cores, 96 logical processors, using up to 1 threads

Optimize a model with 441 rows, 212 columns and 1204 nonzeros
Model fingerprint: 0x6a77d4a1
Variable types: 22 continuous, 190 integer (190 binary)
Coefficient statistics:
  Matrix range     [1e+00, 7e+02]
  Objective range  [1e+00, 1e+00]
  Bounds range     [1e+00, 7e+02]
  RHS range        [1e+00, 7e+02]
Presolve removed 101 rows and 39 columns
Presolve time: 0.00s
Presolved: 340 rows, 173 columns, 984 nonzeros
Variable types: 21 continuous, 152 integer (152 binary)

Root relaxation: objective 4.150000e+02, 106 iterations, 0.00 seconds (0.00 work units)

    Nodes    |    Current Node    |     Objective Bounds      |     Work
 Expl Unexpl |  Obj  Depth IntInf | Incumbent    BestBd   Gap | It/Node Time

     0     0  415.00000    0   12          -  415.00000      -     -    0s
     0     0  415.00000    0   27          -  415.00000      -     -    0s
     0     0  415.00000    0   26          -  415.00000      -     -    0s
     0     0  415.00000    0   15          -  415.00000      -     -    0s
     0     0  415.00000    0   15          -  415.00000      -     -    0s
     0     0  415.00000    0   18          -  415.00000      -     -    0s
     0     0  415.00000    0   19          -  415.00000      -     -    0s
     0     0  415.00000    0   20          -  415.00000      -     -    0s
     0     0  415.00000    0   19          -  415.00000      -     -    0s
     0     2  415.00000    0   16          -  415.00000      -     -    0s
*  429   247              38     666.0000000  415.00000  37.7%   9.4    0s
* 2488   737              30     664.0000000  447.00000  32.7%   6.8    0s
H 8795  2812                     663.9999999  460.00000  30.7%   4.6    2s
 16759  2930 infeasible   37       664.00000  461.00000  30.6%   5.0    5s
 43209  7905 infeasible   32       664.00000  519.00000  21.8%   4.7   10s
 70636 14176 infeasible   42       664.00000  545.00000  17.9%   4.6   15s
 97463 20407 infeasible   51       664.00000  562.00000  15.4%   4.3   20s
 128085 26573 infeasible   53       664.00000  574.00000  13.6%   4.4   25s
 160044 34366 infeasible   57       664.00000  576.00000  13.3%   4.3   30s
 190852 39389     cutoff   41       664.00000  581.00000  12.5%   4.4   35s
 219195 44933  590.00000   36   12  664.00000  583.00000  12.2%   4.5   40s
 245364 48381  643.00000   53    4  664.00000  587.00000  11.6%   4.5   45s
 271956 54525 infeasible   52       664.00000  588.00000  11.4%   4.5   50s
 298181 59785  617.00000   49   10  664.00000  588.00000  11.4%   4.5   55s
 324534 64930  606.00000   46    6  664.00000  589.00000  11.3%   4.4   60s
 351037 70393  643.00000   54    2  664.00000  590.00000  11.1%   4.4   65s
 381085 76363  633.00000   56    5  664.00000  592.00000  10.8%   4.3   70s
 411722 81646     cutoff   51       664.00000  594.00000  10.5%   4.3   75s
 443803 86358  647.00000   47    5  664.00000  594.00000  10.5%   4.4   80s
 474315 91681  638.00000   56    5  664.00000  597.00000  10.1%   4.4   85s
 505826 95640  613.00000   49    7  664.00000  601.00000  9.49%   4.4   90s
 536895 99540  613.00000   46    7  664.00000  601.00000  9.49%   4.4   95s
 567678 103915 infeasible   57       664.00000  602.00000  9.34%   4.4  100s
 598393 106708  653.00000   54    1  664.00000  603.00000  9.19%   4.4  105s
 629406 110638 infeasible   56       664.00000  606.00000  8.73%   4.4  110s
 658444 112605  631.00000   51    3  664.00000  606.00000  8.73%   4.4  115s
 689949 116283  618.00000   46    7  664.00000  606.00000  8.73%   4.4  120s
 720554 119737  624.00000   47    6  664.00000  609.00000  8.28%   4.4  125s
 750364 122255  621.00000   50    7  664.00000  613.00000  7.68%   4.4  130s
 778147 123474  638.00000   52    4  664.00000  613.00000  7.68%   4.4  135s
 801916 125147  655.00000   53    3  664.00000  614.00000  7.53%   4.4  140s
 826552 127293  627.00000   46    7  664.00000  615.00000  7.38%   4.4  145s
 853158 132377 infeasible   45       664.00000  615.00000  7.38%   4.4  150s
 879434 136489  652.00000   57    1  664.00000  616.00000  7.23%   4.4  155s
 905898 140670 infeasible   59       664.00000  617.00000  7.08%   4.4  160s
 931942 144622 infeasible   54       664.00000  617.00000  7.08%   4.4  165s
 954572 144996  655.00000   44    1  664.00000  618.00000  6.93%   4.4  170s
 977400 145086 infeasible   49       664.00000  618.00000  6.93%   4.4  175s
 1000286 146054  652.00000   50    1  664.00000  618.00000  6.93%   4.4  180s
 1025707 148494  631.00000   62    3  664.00000  619.00000  6.78%   4.4  185s
 1050158 148727  631.00000   55    3  664.00000  619.00000  6.78%   4.4  190s
 1076417 150468  619.00000   49    8  664.00000  619.00000  6.78%   4.4  195s
 1102035 149906  643.00000   51    2  664.00000  619.00000  6.78%   4.5  200s
 1127160 151104  619.00000   53    5  664.00000  619.00000  6.78%   4.5  205s
 1152091 153031     cutoff   53       664.00000  619.00000  6.78%   4.5  210s
 1178096 154924  643.00000   46    5  664.00000  620.00000  6.63%   4.5  215s
 1208750 157991 infeasible   58       664.00000  622.00000  6.33%   4.5  220s
 1237708 159373  653.00000   50    1  664.00000  624.00000  6.02%   4.5  225s
 1265987 159643     cutoff   63       664.00000  626.00000  5.72%   4.5  230s
 1299670 161951 infeasible   49       664.00000  626.00000  5.72%   4.5  235s
 1334175 166001 infeasible   52       664.00000  626.00000  5.72%   4.4  240s
H1348490 165767                     663.9999999  627.00000  5.57%   4.4  242s
 1363031 166280  659.00000   56    2  664.00000  627.00000  5.57%   4.4  245s
 1395639 169457     cutoff   59       664.00000  628.00000  5.42%   4.4  250s
 1432981 175019  640.00000   44    6  664.00000  628.00000  5.42%   4.4  255s
 1464986 175972  643.00000   51    5  664.00000  629.00000  5.27%   4.4  260s
 1494053 174544     cutoff   56       664.00000  629.00000  5.27%   4.4  265s
 1524433 174061  652.00000   50    6  664.00000  629.00000  5.27%   4.4  270s
 1553834 173578 infeasible   52       664.00000  630.00000  5.12%   4.4  275s
 1582293 171828 infeasible   56       664.00000  630.00000  5.12%   4.4  280s
 1611562 170921  653.00000   54    1  664.00000  630.00000  5.12%   4.4  285s
 1638270 163755     cutoff   51       664.00000  631.00000  4.97%   4.4  290s
 1662032 153857 infeasible   59       664.00000  631.00000  4.97%   4.4  295s
 1687259 142231     cutoff   56       664.00000  631.00000  4.97%   4.4  300s
 1711763 135233  631.00000   53    5  664.00000  631.00000  4.97%   4.4  305s
 1736772 132447 infeasible   53       664.00000  631.00000  4.97%   4.4  310s
 1764896 133507 infeasible   56       664.00000  631.00000  4.97%   4.4  315s
 1795164 132066  644.00000   50    6  664.00000  632.00000  4.82%   4.4  320s
 1823714 131213 infeasible   53       664.00000  633.00000  4.67%   4.4  325s
 1853470 129610 infeasible   53       664.00000  635.00000  4.37%   4.4  330s
 1880420 127017  653.00000   58    3  664.00000  636.00000  4.22%   4.5  335s
 1910162 124580  652.00000   54    4  664.00000  637.00000  4.07%   4.5  340s
 1937868 118815     cutoff   58       664.00000  638.00000  3.92%   4.5  345s
 1967525 107458 infeasible   50       664.00000  638.00000  3.92%   4.4  350s
 1995354 103522     cutoff   56       664.00000  638.00000  3.92%   4.4  355s
 2022734 98984     cutoff   56       664.00000  638.00000  3.92%   4.4  360s
 2053306 95824     cutoff   50       664.00000  639.00000  3.77%   4.4  365s
 2084794 89542  640.00000   53    4  664.00000  640.00000  3.61%   4.4  370s
 2115363 85992  653.00000   48    1  664.00000  640.00000  3.61%   4.4  375s
 2145286 83728  653.00000   53    1  664.00000  640.00000  3.61%   4.4  380s
 2192858 82094 infeasible   49       664.00000  641.00000  3.46%   4.4  385s
 2226144 79137  653.00000   47    1  664.00000  641.00000  3.46%   4.3  390s
 2253971 75395     cutoff   56       664.00000  642.00000  3.31%   4.4  395s
 2284649 70092  655.00000   55    1  664.00000  643.00000  3.16%   4.4  400s
 2313807 67409     cutoff   58       664.00000  643.00000  3.16%   4.4  405s
 2342299 64731  643.00000   48    2  664.00000  643.00000  3.16%   4.4  410s
 2372558 62577  645.00000   51    5  664.00000  645.00000  2.86%   4.4  415s
 2405518 59461 infeasible   45       664.00000  648.00000  2.41%   4.4  420s
 2437601 56929     cutoff   58       664.00000  649.00000  2.26%   4.4  425s
 2463166 49901 infeasible   54       664.00000  651.00000  1.96%   4.4  430s
 2494003 37735  653.00000   44    1  664.00000  653.00000  1.66%   4.4  435s
 2530069 27356     cutoff   60       664.00000  653.00000  1.66%   4.4  440s
 2559494 18945     cutoff   52       664.00000  655.00000  1.36%   4.4  445s
 2579533 12700     cutoff   55       664.00000  655.00000  1.36%   4.4  450s
 2605296  6573  661.00000   54    1  664.00000  661.00000  0.45%   4.4  455s

Cutting planes:
  Gomory: 3
  Implied bound: 1
  Flow cover: 3
  Relax-and-lift: 1

Explored 2628003 nodes (11440309 simplex iterations) in 458.97 seconds (347.21 work units)
Thread count was 1 (of 96 available processors)

Solution count 4: 664 664 664 666 

Optimal solution found (tolerance 1.00e-04)
Best objective 6.640000000000e+02, best bound 6.640000000000e+02, gap 0.0000%
Time: 459.09 sec, Objective: 664.0, Termination: optimal

[MINLP] Scheduling Data 5 | Model: Immediate Precedence BigM
Set parameter TokenServer to value "mooring.ecn.purdue.edu"
Read LP format model from file /tmp/tmprgkhu642.pyomo.lp
Reading time = 0.00 seconds
x462: 463 rows, 442 columns, 2060 nonzeros
Set parameter TimeLimit to value 900
Set parameter Threads to value 1
Gurobi Optimizer version 11.0.0 build v11.0.0rc2 (linux64 - "Oracle Linux Server 9.5")

CPU model: AMD EPYC 7643 48-Core Processor, instruction set [SSE2|AVX|AVX2]
Thread count: 48 physical cores, 96 logical processors, using up to 1 threads

Optimize a model with 463 rows, 442 columns and 2060 nonzeros
Model fingerprint: 0xff04de5f
Variable types: 22 continuous, 420 integer (420 binary)
Coefficient statistics:
  Matrix range     [1e+00, 7e+02]
  Objective range  [1e+00, 1e+00]
  Bounds range     [1e+00, 8e+02]
  RHS range        [1e+00, 7e+02]
Presolve removed 130 rows and 73 columns
Presolve time: 0.00s
Presolved: 333 rows, 369 columns, 1539 nonzeros
Variable types: 21 continuous, 348 integer (348 binary)

Root relaxation: objective 4.250000e+02, 154 iterations, 0.00 seconds (0.00 work units)

    Nodes    |    Current Node    |     Objective Bounds      |     Work
 Expl Unexpl |  Obj  Depth IntInf | Incumbent    BestBd   Gap | It/Node Time

     0     0  425.00000    0   13          -  425.00000      -     -    0s
     0     0  425.00000    0   39          -  425.00000      -     -    0s
     0     0  425.00000    0   19          -  425.00000      -     -    0s
     0     0  425.00000    0   30          -  425.00000      -     -    0s
     0     0  425.00000    0   20          -  425.00000      -     -    0s
     0     0  425.00000    0   42          -  425.00000      -     -    0s
     0     0  425.00000    0   27          -  425.00000      -     -    0s
     0     0  425.00000    0   22          -  425.00000      -     -    0s
     0     2  425.00000    0   19          -  425.00000      -     -    0s
*  185   157              69     738.0000000  425.00000  42.4%  17.8    0s
H  214   169                     726.0000000  425.01543  41.5%  19.1    0s
H  344   257                     698.0000000  426.00000  39.0%  19.8    0s
H  431   284                     689.0000000  426.00000  38.2%  19.8    0s
H  457   294                     684.0000000  426.00000  37.7%  19.8    0s
H  510   321                     683.9999999  426.00000  37.7%  19.9    0s
H  652   416                     680.0000000  426.00000  37.4%  19.7    0s
  4901  2048 infeasible   71       680.00000  426.00000  37.4%  29.1    5s
 10203  4398  643.00000   46   22  680.00000  432.00000  36.5%  27.0   10s
 13853  5065  485.00000   44   32  680.00000  435.00000  36.0%  29.6   15s
 19502  5383  657.00000   63   13  680.00000  435.58128  35.9%  31.8   20s
 26204  7592  439.00000   43   38  680.00000  439.00000  35.4%  31.3   25s
H30633  9512                     679.9999999  439.00000  35.4%  32.7   29s
 31284  9690  492.00000   38   32  680.00000  439.00000  35.4%  33.2   30s
 38138 12839     cutoff   63       680.00000  440.23794  35.3%  33.6   35s
 45632 16700  442.20678   42   35  680.00000  442.05217  35.0%  33.6   40s
 54820 21378 infeasible   37       680.00000  443.00000  34.9%  32.1   45s
 63849 26023  606.00000   48   22  680.00000  444.27654  34.7%  31.2   50s
 71059 29427  616.00000   47   27  680.00000  445.07726  34.5%  31.5   55s
 76478 31755  599.00000   73   18  680.00000  445.72191  34.5%  32.2   60s
 82864 34649 infeasible   50       680.00000  446.00000  34.4%  32.7   65s
 89698 37993  670.00000   65   14  680.00000  446.00000  34.4%  32.7   70s
 95554 40457 infeasible   91       680.00000  446.05910  34.4%  33.2   75s
H97712 41250                     679.9989282  446.09919  34.4%  33.5   77s
 100710 42350  614.00000   53   24  679.99893  446.82154  34.3%  33.8   80s
 106839 44907  678.00000   72   10  679.99893  447.00000  34.3%  34.0   85s
 113395 47813  453.31373   58   38  679.99893  447.53333  34.2%  34.1   90s
 119657 50412  678.00000   48   16  679.99893  448.00000  34.1%  34.3   95s
 126426 53403  669.00000   83   12  679.99893  448.00000  34.1%  34.3  100s
 133743 56899  449.00000   56   30  679.99893  449.00000  34.0%  34.1  105s
 141058 59491 infeasible   72       679.99893  449.00000  34.0%  33.9  110s
 148140 62065  479.00000   44   34  679.99893  449.00000  34.0%  33.7  115s
 156237 64869  449.00000   51   31  679.99893  449.00000  34.0%  33.4  120s
 164241 68092  506.50224   41   26  679.99893  449.00000  34.0%  33.1  125s
 171654 71257 infeasible   61       679.99893  450.00000  33.8%  32.9  130s
 178151 73436  457.00000   65   37  679.99893  450.32410  33.8%  32.9  135s
 183944 75781 infeasible   49       679.99893  451.11429  33.7%  33.1  140s
 190117 78128 infeasible   48       679.99893  452.00000  33.5%  33.2  145s
 196944 81185 infeasible   48       679.99893  454.02597  33.2%  33.3  150s
 203699 84109 infeasible   38       679.99893  455.00000  33.1%  33.4  155s
 210851 87255 infeasible   68       679.99893  455.00000  33.1%  33.4  160s
 219331 91657  553.00000   53   27  679.99893  455.00000  33.1%  33.3  165s
 227053 95425  584.00000   54   22  679.99893  455.05714  33.1%  33.2  170s
 233395 97700 infeasible   54       679.99893  456.00000  32.9%  33.4  175s
 241061 101310  478.00000   59   33  679.99893  456.00000  32.9%  33.4  180s
 247452 103596 infeasible   69       679.99893  456.00000  32.9%  33.5  185s
 253960 106272  460.00000   64   36  679.99893  456.00000  32.9%  33.6  190s
 260949 109315  457.00000   41   35  679.99893  457.00000  32.8%  33.7  195s
 267439 111651  606.00000   52   27  679.99893  459.00000  32.5%  33.8  200s
 273416 113530  530.00000   59   31  679.99893  459.00000  32.5%  34.0  205s
 280035 116083  549.00000   65   29  679.99893  459.00000  32.5%  34.1  210s
 286501 118330  495.00000   58   33  679.99893  459.00000  32.5%  34.2  215s
 293150 120973 infeasible   49       679.99893  460.00000  32.4%  34.3  220s
 300105 123792 infeasible   55       679.99893  460.00000  32.4%  34.3  225s
 306826 126587  545.00000   63   25  679.99893  461.00000  32.2%  34.4  230s
 313699 129220  655.00000   69   20  679.99893  461.00000  32.2%  34.4  235s
 320663 131780 infeasible   54       679.99893  461.00000  32.2%  34.5  240s
 326985 133974  606.00000   70   23  679.99893  461.00000  32.2%  34.6  245s
 334151 136976  608.00000   69   23  679.99893  461.00000  32.2%  34.6  250s
 340903 139742  593.00000   51   17  679.99893  461.00000  32.2%  34.6  255s
 348063 142812  492.00000   51   31  679.99893  461.00000  32.2%  34.7  260s
 354777 145383  659.67538   65   23  679.99893  461.00000  32.2%  34.7  265s
 360974 147605 infeasible   65       679.99893  461.00000  32.2%  34.8  270s
 367710 150294  653.00000   57   16  679.99893  461.00000  32.2%  34.9  275s
 373746 152551  461.00000   66   39  679.99893  461.00000  32.2%  35.0  280s
 380297 155139 infeasible   56       679.99893  461.00000  32.2%  35.0  285s
 386269 157033  461.00000   64   21  679.99893  461.00000  32.2%  35.1  290s
 392202 159262 infeasible   67       679.99893  461.00000  32.2%  35.2  295s
 399181 162245 infeasible   64       679.99893  461.48000  32.1%  35.2  300s
 405985 164668 infeasible   46       679.99893  462.00000  32.1%  35.2  305s
 412464 166693 infeasible   63       679.99893  462.00000  32.1%  35.2  310s
 419350 169059  492.00000   55   27  679.99893  462.00000  32.1%  35.2  315s
 426814 171394 infeasible   60       679.99893  462.00000  32.1%  35.1  320s
 434263 173115 infeasible   48       679.99893  462.00000  32.1%  35.0  325s
 442133 175228  462.00000   50   42  679.99893  462.00000  32.1%  34.9  330s
 449240 177146 infeasible   54       679.99893  462.00000  32.1%  34.8  335s
 456573 178423 infeasible   65       679.99893  462.00000  32.1%  34.8  340s
 462601 179432  462.00000   60   37  679.99893  462.00000  32.1%  34.8  345s
 468621 180485 infeasible   50       679.99893  462.00000  32.1%  34.8  350s
 475772 182209  480.00000   66   43  679.99893  462.00000  32.1%  34.8  355s
 481938 183253  500.00000   49   23  679.99893  463.00000  31.9%  34.8  360s
 490198 186348 infeasible   56       679.99893  463.00000  31.9%  34.7  365s
 497487 188855  514.00000   47   21  679.99893  465.00000  31.6%  34.6  370s
 505907 192235 infeasible   59       679.99893  466.00000  31.5%  34.5  375s
 513907 195532 infeasible   42       679.99893  466.00000  31.5%  34.3  380s
 523304 200330 infeasible   75       679.99893  466.00000  31.5%  34.2  385s
 530746 202857  575.00000   54   16  679.99893  468.00000  31.2%  34.1  390s
 537897 205087  645.00000   74   12  679.99893  468.00000  31.2%  34.0  395s
 545494 207271 infeasible   57       679.99893  468.00000  31.2%  34.0  400s
 552635 209356 infeasible   54       679.99893  468.00000  31.2%  33.9  405s
 559341 211110  517.00000   53   26  679.99893  468.00000  31.2%  33.9  410s
 565305 212955  650.00000   62   14  679.99893  468.00000  31.2%  34.0  415s
 571467 215114  492.00000   38   33  679.99893  469.00000  31.0%  34.0  420s
 577201 216755  491.00000   52   26  679.99893  469.00000  31.0%  34.1  425s
 582906 218326  516.00000   50   28  679.99893  469.00000  31.0%  34.1  430s
 590490 221536  469.00000   39   38  679.99893  469.00000  31.0%  34.1  435s
 597670 224405 infeasible   64       679.99893  469.00000  31.0%  34.1  440s
 604216 226611  630.00000   62   23  679.99893  470.00000  30.9%  34.1  445s
 610662 228720  472.00000   53   38  679.99893  472.00000  30.6%  34.1  450s
 617351 231214  473.00000   56   23  679.99893  473.00000  30.4%  34.1  455s
 623923 233524 infeasible   52       679.99893  474.00000  30.3%  34.1  460s
 631100 236011  670.00000   71   10  679.99893  474.00000  30.3%  34.1  465s
 638632 238778  563.00000   45   24  679.99893  474.00000  30.3%  34.1  470s
 645302 241147  613.00000   60   23  679.99893  474.00000  30.3%  34.1  475s
 652731 244023  590.00000   63   30  679.99893  474.00000  30.3%  34.1  480s
 659304 246367  476.00000   51   34  679.99893  474.00000  30.3%  34.1  485s
 666355 249078  474.00000   59   32  679.99893  474.00000  30.3%  34.1  490s
 673532 252133 infeasible   49       679.99893  474.00000  30.3%  34.1  495s
 679825 254173 infeasible   47       679.99893  475.00000  30.1%  34.2  500s
 685934 255715  594.00000   61   29  679.99893  475.00000  30.1%  34.2  505s
 692286 257625  511.00000   65   31  679.99893  475.00000  30.1%  34.3  510s
 698401 259105 infeasible   70       679.99893  475.00000  30.1%  34.3  515s
 704755 260884 infeasible   66       679.99893  475.00000  30.1%  34.4  520s
 710300 262543 infeasible   60       679.99893  475.00000  30.1%  34.4  525s
 716612 264579  595.00000   65   15  679.99893  475.00000  30.1%  34.5  530s
 722771 266346 infeasible   48       679.99893  476.00000  30.0%  34.5  535s
 729535 269108 infeasible   33       679.99893  476.00000  30.0%  34.5  540s
 736183 271131  663.00000   41   14  679.99893  477.00000  29.9%  34.6  545s
 743676 274706 infeasible   51       679.99893  477.00000  29.9%  34.5  550s
 750867 277845  579.00000   43   24  679.99893  478.00000  29.7%  34.5  555s
 758152 280832  607.00000   44   14  679.99893  478.00000  29.7%  34.5  560s
 765829 284213  655.00000   45   24  679.99893  478.00000  29.7%  34.5  565s
 773312 287373  616.00000   78   20  679.99893  479.00000  29.6%  34.5  570s
 780172 290290 infeasible   60       679.99893  479.00000  29.6%  34.5  575s
 787817 293269  563.00000   45   25  679.99893  480.00000  29.4%  34.4  580s
 793945 294885  514.00000   70   29  679.99893  480.00000  29.4%  34.5  585s
 800427 296782 infeasible   53       679.99893  481.00000  29.3%  34.5  590s
 807351 298347 infeasible  102       679.99893  481.00000  29.3%  34.5  595s
 813878 300757 infeasible   51       679.99893  482.00000  29.1%  34.5  600s
 820369 302871 infeasible   51       679.99893  483.00000  29.0%  34.6  605s
 826431 304597  532.00000   49   35  679.99893  483.00000  29.0%  34.6  610s
 832895 306598 infeasible   62       679.99893  484.00000  28.8%  34.7  615s
 838923 308431  484.00000   43   26  679.99893  484.00000  28.8%  34.7  620s
 845015 310371  670.00000   55    9  679.99893  484.00000  28.8%  34.8  625s
 851107 312369  533.00000   46   23  679.99893  484.00000  28.8%  34.8  630s
 857455 314773  484.00000   39   35  679.99893  484.00000  28.8%  34.8  635s
 864121 316881  626.00000   52   17  679.99893  485.00000  28.7%  34.9  640s
 870969 319230  641.00000   71   19  679.99893  486.00000  28.5%  34.9  645s
 878388 322663  592.00000   59   23  679.99893  486.00000  28.5%  34.8  650s
 885400 325849 infeasible   59       679.99893  486.00000  28.5%  34.8  655s
 891741 327798 infeasible   57       679.99893  487.00000  28.4%  34.9  660s
 897972 330014  675.00000   55   14  679.99893  488.00000  28.2%  34.9  665s
 905537 333278 infeasible   82       679.99893  488.00000  28.2%  34.9  670s
 912775 336410  606.00000   68   27  679.99893  489.00000  28.1%  34.8  675s
 920692 340043 infeasible   46       679.99893  489.00000  28.1%  34.8  680s
 928049 343144 infeasible   48       679.99893  490.00000  27.9%  34.8  685s
 935274 346439  657.00000   60   19  679.99893  490.00000  27.9%  34.8  690s
 942297 349108  608.00000   54   13  679.99893  491.00000  27.8%  34.8  695s
 948802 351390 infeasible   44       679.99893  491.00000  27.8%  34.8  700s
 955623 354193  652.00000   63   15  679.99893  491.00000  27.8%  34.8  705s
 962154 356504  640.00000   63   20  679.99893  491.00000  27.8%  34.8  710s
 968796 359026 infeasible   59       679.99893  492.00000  27.6%  34.9  715s
 976089 362118  492.00000   58   25  679.99893  492.00000  27.6%  34.8  720s
 983440 365144 infeasible   59       679.99893  492.00000  27.6%  34.8  725s
 990456 368010 infeasible   72       679.99893  492.00000  27.6%  34.8  730s
 997814 371223  505.27479   62   39  679.99893  492.00000  27.6%  34.8  735s
 1004595 373856  619.00000   66   21  679.99893  492.00000  27.6%  34.8  740s
 1011543 376883  665.00000   67   25  679.99893  492.00000  27.6%  34.8  745s
 1018650 379955  675.00000   75   22  679.99893  492.00000  27.6%  34.8  750s
 1025172 382417  594.00000   54   16  679.99893  492.00000  27.6%  34.9  755s
 1031240 384794  626.00000   67   20  679.99893  492.00000  27.6%  34.9  760s
 1037602 387121  492.00000   46   43  679.99893  492.00000  27.6%  34.9  765s
 1044207 389254  608.00000   72   24  679.99893  493.00000  27.5%  34.9  770s
 1051081 391655 infeasible   79       679.99893  493.00000  27.5%  34.9  775s
 1057827 393858 infeasible   62       679.99893  493.00000  27.5%  34.9  780s
 1064758 396386  528.00000   45   27  679.99893  494.00000  27.4%  35.0  785s
 1071432 398777  624.00000   59   24  679.99893  495.00000  27.2%  35.0  790s
 1078468 401573 infeasible   60       679.99893  495.00000  27.2%  35.0  795s
 1085463 404529  495.00000   49   32  679.99893  495.00000  27.2%  35.0  800s
 1091905 407292  621.00000   60   20  679.99893  495.00000  27.2%  35.0  805s
 1098686 409908  606.00000   55   21  679.99893  496.00000  27.1%  35.0  810s
 1105909 412340  643.00000   60   18  679.99893  496.00000  27.1%  35.0  815s
 1112160 414329  641.00000   63   13  679.99893  496.95994  26.9%  35.0  820s
 1120195 417872 infeasible   68       679.99893  497.00000  26.9%  35.0  825s
 1127864 421203 infeasible   80       679.99893  498.00000  26.8%  35.0  830s
 1135092 423731  498.00000   63   31  679.99893  498.00000  26.8%  34.9  835s
 1141584 425785 infeasible   58       679.99893  498.00000  26.8%  35.0  840s
 1147592 427188 infeasible   58       679.99893  498.00000  26.8%  35.0  845s
 1153069 427973  643.00000   54   15  679.99893  499.00000  26.6%  35.1  850s
 1159718 429953 infeasible   47       679.99893  499.00000  26.6%  35.1  855s
 1165810 431778 infeasible   72       679.99893  499.00000  26.6%  35.1  860s
 1172966 434244 infeasible   52       679.99893  500.00000  26.5%  35.1  865s
 1179982 437016 infeasible   48       679.99893  500.00000  26.5%  35.1  870s
 1186125 439183 infeasible   75       679.99893  500.00000  26.5%  35.1  875s
 1191914 440760 infeasible   82       679.99893  500.00000  26.5%  35.2  880s
 1198113 442875 infeasible   52       679.99893  501.00000  26.3%  35.2  885s
 1204685 445021  634.00000   70   12  679.99893  502.00000  26.2%  35.2  890s
 1211042 447128  665.00000   66   17  679.99893  502.00000  26.2%  35.2  895s

Cutting planes:
  Gomory: 2
  Cover: 1
  Projected implied bound: 2
  Clique: 1
  MIR: 2
  Flow cover: 8
  GUB cover: 1
  Relax-and-lift: 5

Explored 1217817 nodes (42915456 simplex iterations) in 900.00 seconds (791.98 work units)
Thread count was 1 (of 96 available processors)

Solution count 8: 679.999 680 684 ... 738

Time limit reached
Best objective 6.799989282500e+02, best bound 5.030000000000e+02, gap 26.0293%
WARNING: Loading a SolverResults object with an 'aborted' status, but
    containing a solution
Time: 900.61 sec, Objective: 679.998928249986, Termination: maxTimeLimit

[MINLP] Scheduling Data 5 | Model: Immediate Precedence HR
Set parameter TokenServer to value "mooring.ecn.purdue.edu"
Read LP format model from file /tmp/tmpjvmdz5ic.pyomo.lp
Reading time = 0.00 seconds
x1242: 2103 rows, 1242 columns, 6101 nonzeros
Set parameter TimeLimit to value 900
Set parameter Threads to value 1
Gurobi Optimizer version 11.0.0 build v11.0.0rc2 (linux64 - "Oracle Linux Server 9.5")

CPU model: AMD EPYC 7643 48-Core Processor, instruction set [SSE2|AVX|AVX2]
Thread count: 48 physical cores, 96 logical processors, using up to 1 threads

Optimize a model with 2103 rows, 1242 columns and 6101 nonzeros
Model fingerprint: 0x19cae9b9
Variable types: 822 continuous, 420 integer (420 binary)
Coefficient statistics:
  Matrix range     [1e+00, 7e+02]
  Objective range  [1e+00, 1e+00]
  Bounds range     [1e+00, 8e+02]
  RHS range        [1e+00, 5e+01]
Presolve removed 371 rows and 217 columns
Presolve time: 0.02s
Presolved: 1732 rows, 1025 columns, 5000 nonzeros
Variable types: 677 continuous, 348 integer (348 binary)

Root relaxation: objective 4.250000e+02, 1797 iterations, 0.05 seconds (0.07 work units)

    Nodes    |    Current Node    |     Objective Bounds      |     Work
 Expl Unexpl |  Obj  Depth IntInf | Incumbent    BestBd   Gap | It/Node Time

     0     0  425.00000    0   35          -  425.00000      -     -    0s
     0     0  431.88386    0   56          -  431.88386      -     -    0s
     0     0  431.88386    0   62          -  431.88386      -     -    0s
     0     0  458.72835    0   54          -  458.72835      -     -    0s
     0     0  463.62264    0   54          -  463.62264      -     -    0s
     0     0  463.69305    0   50          -  463.69305      -     -    0s
     0     0  465.46373    0   45          -  465.46373      -     -    0s
     0     0  465.46373    0   44          -  465.46373      -     -    0s
     0     0  467.22521    0   37          -  467.22521      -     -    0s
     0     0  467.97450    0   41          -  467.97450      -     -    0s
     0     0  472.65758    0   38          -  472.65758      -     -    0s
     0     0  472.97220    0   38          -  472.97220      -     -    0s
     0     0  472.97220    0   38          -  472.97220      -     -    0s
     0     0  473.36354    0   37          -  473.36354      -     -    0s
H    0     0                     692.0000000  473.36354  31.6%     -    0s
     0     0  473.45912    0   31  692.00000  473.45912  31.6%     -    0s
     0     0  473.69965    0   34  692.00000  473.69965  31.5%     -    0s
     0     0  473.69965    0   35  692.00000  473.69965  31.5%     -    0s
     0     0  476.19059    0   36  692.00000  476.19059  31.2%     -    0s
     0     0  476.90220    0   36  692.00000  476.90220  31.1%     -    0s
     0     0  478.63912    0   36  692.00000  478.63912  30.8%     -    0s
     0     0  478.63912    0   34  692.00000  478.63912  30.8%     -    0s
     0     0  478.63912    0   34  692.00000  478.63912  30.8%     -    0s
     0     0  478.63912    0   29  692.00000  478.63912  30.8%     -    0s
     0     2  485.93042    0   28  692.00000  485.93042  29.8%     -    0s
H   26    17                     680.0000000  593.33333  12.7%   109    0s
H   81    46                     679.9999999  593.33333  12.7%  71.5    0s
  1205   614  660.00000   25   22  680.00000  660.00000  2.94%  76.1    5s
  2295   888  660.00000   26   26  680.00000  660.00000  2.94%  72.6   10s
H 2533   863                     679.9980133  660.00000  2.94%  78.0   12s
  3032   783  678.00000   31   26  679.99801  660.00000  2.94%  80.9   15s
  3976   481  674.31841   20   25  679.99801  660.00000  2.94%  88.0   20s
  4942   200  669.40171   25   25  679.99801  660.00000  2.94%  93.6   25s

Explored 5889 nodes (544009 simplex iterations) in 28.45 seconds (32.35 work units)
Thread count was 1 (of 96 available processors)

Solution count 3: 679.998 680 692 

Optimal solution found (tolerance 1.00e-04)
Best objective 6.799980133048e+02, best bound 6.799980133048e+02, gap 0.0000%
Time: 28.60 sec, Objective: 679.9980133047884, Termination: optimal

[MINLP] Scheduling Data 5 | Model: Time Slots Hull
Set parameter TokenServer to value "mooring.ecn.purdue.edu"
Read LP format model from file /tmp/tmpajoqkss8.pyomo.lp
Reading time = 0.00 seconds
x422: 101 rows, 422 columns, 2081 nonzeros
Set parameter TimeLimit to value 900
Set parameter Threads to value 1
Gurobi Optimizer version 11.0.0 build v11.0.0rc2 (linux64 - "Oracle Linux Server 9.5")

CPU model: AMD EPYC 7643 48-Core Processor, instruction set [SSE2|AVX|AVX2]
Thread count: 48 physical cores, 96 logical processors, using up to 1 threads

Optimize a model with 101 rows, 422 columns and 2081 nonzeros
Model fingerprint: 0x00f52518
Variable types: 22 continuous, 400 integer (400 binary)
Coefficient statistics:
  Matrix range     [1e+00, 7e+02]
  Objective range  [1e+00, 1e+00]
  Bounds range     [1e+00, 1e+06]
  RHS range        [1e+00, 1e+00]
Presolve removed 2 rows and 72 columns
Presolve time: 0.02s
Presolved: 99 rows, 350 columns, 1562 nonzeros
Variable types: 20 continuous, 330 integer (329 binary)

Root relaxation: objective 6.600000e+02, 311 iterations, 0.00 seconds (0.00 work units)

    Nodes    |    Current Node    |     Objective Bounds      |     Work
 Expl Unexpl |  Obj  Depth IntInf | Incumbent    BestBd   Gap | It/Node Time

     0     0  660.00000    0   14          -  660.00000      -     -    0s
     0     0  660.00000    0   28          -  660.00000      -     -    0s
     0     0  660.00000    0   20          -  660.00000      -     -    0s
     0     0  660.00000    0   20          -  660.00000      -     -    0s
     0     0  660.00000    0   29          -  660.00000      -     -    0s
     0     0  660.00000    0   17          -  660.00000      -     -    0s
     0     0  660.00000    0   14          -  660.00000      -     -    0s
     0     0  660.00000    0   21          -  660.00000      -     -    0s
     0     0  660.00000    0   18          -  660.00000      -     -    0s
H    0     0                     680.0000000  660.00000  2.94%     -    0s
     0     1  660.00000    0   16  680.00000  660.00000  2.94%     -    0s

Cutting planes:
  Cover: 1
  Clique: 3
  MIR: 5
  GUB cover: 1

Explored 44 nodes (2317 simplex iterations) in 0.12 seconds (0.10 work units)
Thread count was 1 (of 96 available processors)

Solution count 1: 680 

Optimal solution found (tolerance 1.00e-04)
Best objective 6.800000000000e+02, best bound 6.800000000000e+02, gap 0.0000%
Time: 0.22 sec, Objective: 680.0, Termination: optimal

[MINLP] Scheduling Data 5 | Model: General Precedence Hull Reagg
Set parameter TokenServer to value "mooring.ecn.purdue.edu"
Read LP format model from file /tmp/tmpqqsenv1n.pyomo.lp
Reading time = 0.00 seconds
x212: 441 rows, 212 columns, 1174 nonzeros
Set parameter TimeLimit to value 900
Set parameter Threads to value 1
Gurobi Optimizer version 11.0.0 build v11.0.0rc2 (linux64 - "Oracle Linux Server 9.5")

CPU model: AMD EPYC 7643 48-Core Processor, instruction set [SSE2|AVX|AVX2]
Thread count: 48 physical cores, 96 logical processors, using up to 1 threads

Optimize a model with 441 rows, 212 columns and 1174 nonzeros
Model fingerprint: 0xe2fae851
Variable types: 22 continuous, 190 integer (190 binary)
Coefficient statistics:
  Matrix range     [1e+00, 7e+02]
  Objective range  [1e+00, 1e+00]
  Bounds range     [1e+00, 8e+02]
  RHS range        [1e+00, 7e+02]
Presolve removed 173 rows and 76 columns
Presolve time: 0.00s
Presolved: 268 rows, 136 columns, 766 nonzeros
Variable types: 21 continuous, 115 integer (115 binary)

Root relaxation: objective 4.610000e+02, 76 iterations, 0.00 seconds (0.00 work units)

    Nodes    |    Current Node    |     Objective Bounds      |     Work
 Expl Unexpl |  Obj  Depth IntInf | Incumbent    BestBd   Gap | It/Node Time

     0     0  461.00000    0   10          -  461.00000      -     -    0s
H    0     0                     680.0000000  461.00000  32.2%     -    0s
     0     0  461.00000    0   29  680.00000  461.00000  32.2%     -    0s
     0     0  461.00000    0   27  680.00000  461.00000  32.2%     -    0s
     0     0  462.11798    0   35  680.00000  462.11798  32.0%     -    0s
     0     0  467.32353    0   33  680.00000  467.32353  31.3%     -    0s
     0     0  467.32353    0   39  680.00000  467.32353  31.3%     -    0s
     0     0  467.32353    0   36  680.00000  467.32353  31.3%     -    0s
     0     0  467.32353    0   37  680.00000  467.32353  31.3%     -    0s
     0     0  467.32353    0   31  680.00000  467.32353  31.3%     -    0s
     0     0  467.32353    0   34  680.00000  467.32353  31.3%     -    0s
     0     0  467.32353    0   31  680.00000  467.32353  31.3%     -    0s
     0     0  467.32353    0   36  680.00000  467.32353  31.3%     -    0s
     0     0  467.32353    0   32  680.00000  467.32353  31.3%     -    0s
     0     0  467.32353    0   34  680.00000  467.32353  31.3%     -    0s
     0     0  467.32353    0   31  680.00000  467.32353  31.3%     -    0s
     0     2  467.32353    0   25  680.00000  467.32353  31.3%     -    0s
H 1279   389                     679.9999999  503.50063  26.0%   7.1    0s
 23128  3905 infeasible   51       680.00000  574.00000  15.6%   4.7    5s
 58803 11133  652.00000   40    3  680.00000  619.00000  8.97%   4.5   10s
 91656 16618     cutoff   51       680.00000  630.57143  7.27%   4.5   15s
 131843 21460  644.00000   35    3  680.00000  644.00000  5.29%   4.3   20s
 185591 23115  666.00000   49    1  680.00000  652.00000  4.12%   3.9   25s
 232116 26366  666.00000   47    1  680.00000  655.00000  3.68%   3.8   30s
 272089 27383 infeasible   58       680.00000  665.00000  2.21%   3.7   35s
 317351 15797     cutoff   50       680.00000  666.00000  2.06%   3.6   40s
 373472  9238     cutoff   45       680.00000  670.00000  1.47%   3.4   45s
 430196  4448  678.00000   50    1  680.00000  678.00000  0.29%   3.3   50s
 485697  2149  678.00000   49    2  680.00000  678.00000  0.29%   3.3   55s

Cutting planes:
  Gomory: 3
  Implied bound: 1
  Flow cover: 9
  Relax-and-lift: 1

Explored 502515 nodes (1631371 simplex iterations) in 56.48 seconds (40.00 work units)
Thread count was 1 (of 96 available processors)

Solution count 3: 680 680 680 

Optimal solution found (tolerance 1.00e-04)
Best objective 6.800000000000e+02, best bound 6.800000000000e+02, gap 0.0000%
Time: 56.59 sec, Objective: 680.0, Termination: optimal

[MINLP] Scheduling Data 6 | Model: Immediate Precedence BigM
Set parameter TokenServer to value "mooring.ecn.purdue.edu"
Read LP format model from file /tmp/tmp54hrixf3.pyomo.lp
Reading time = 0.00 seconds
x702: 703 rows, 677 columns, 3201 nonzeros
Set parameter TimeLimit to value 900
Set parameter Threads to value 1
Gurobi Optimizer version 11.0.0 build v11.0.0rc2 (linux64 - "Oracle Linux Server 9.5")

CPU model: AMD EPYC 7643 48-Core Processor, instruction set [SSE2|AVX|AVX2]
Thread count: 48 physical cores, 96 logical processors, using up to 1 threads

Optimize a model with 703 rows, 677 columns and 3201 nonzeros
Model fingerprint: 0x03b13dd6
Variable types: 27 continuous, 650 integer (650 binary)
Coefficient statistics:
  Matrix range     [1e+00, 1e+03]
  Objective range  [1e+00, 1e+00]
  Bounds range     [1e+00, 1e+03]
  RHS range        [1e+00, 9e+02]
Presolve removed 173 rows and 97 columns
Presolve time: 0.01s
Presolved: 530 rows, 580 columns, 2502 nonzeros
Variable types: 26 continuous, 554 integer (554 binary)

Root relaxation: objective 5.820000e+02, 154 iterations, 0.00 seconds (0.00 work units)

    Nodes    |    Current Node    |     Objective Bounds      |     Work
 Expl Unexpl |  Obj  Depth IntInf | Incumbent    BestBd   Gap | It/Node Time

     0     0  582.00000    0   15          -  582.00000      -     -    0s
     0     0  582.00000    0   39          -  582.00000      -     -    0s
     0     0  582.00000    0   44          -  582.00000      -     -    0s
     0     0  582.00000    0   22          -  582.00000      -     -    0s
     0     0  582.00000    0   32          -  582.00000      -     -    0s
     0     0  582.00000    0   15          -  582.00000      -     -    0s
     0     0  582.00000    0   40          -  582.00000      -     -    0s
     0     0  582.00000    0   11          -  582.00000      -     -    0s
     0     0  582.00000    0   48          -  582.00000      -     -    0s
     0     0  582.00000    0   24          -  582.00000      -     -    0s
     0     0  582.00000    0   19          -  582.00000      -     -    0s
     0     2  582.00000    0   19          -  582.00000      -     -    0s
  3373  2161  616.00000   35   29          -  582.00000      -  30.7    5s
  8740  6304  591.16949   42   23          -  582.00000      -  34.9   10s
 10922  7965  582.00000   46   30          -  582.00000      -  37.2   15s
 15006 10564  627.00000   62   12          -  582.00000      -  40.6   20s
 19171 13296  626.00000   67   24          -  582.00000      -  42.7   25s
*23380 16188              78     810.0000000  582.00000  28.1%  44.0   29s
 23542 16260  609.00000   74   24  810.00000  582.00000  28.1%  44.0   30s
H23594 16262                     807.0000000  582.00000  27.9%  44.1   30s
H23724 16348                     806.0000000  582.00000  27.8%  44.2   30s
H23874 16464                     803.0000000  582.00000  27.5%  44.2   31s
H23880 16460                     791.0000000  582.00000  26.4%  44.2   31s
H24039 16552                     789.0000000  582.00000  26.2%  44.1   32s
H24093 16579                     785.0000000  582.00000  25.9%  44.1   33s
 24296 16710  701.00000   59   27  785.00000  582.00000  25.9%  44.1   35s
H24337 16743                     784.9986565  582.00000  25.9%  44.1   35s
 24774 17022  779.00000   75   20  784.99866  582.00000  25.9%  44.3   40s
 26885 18370  601.00000   59   28  784.99866  582.00000  25.9%  44.8   45s
 29354 20009  644.00000   60   38  784.99866  582.00000  25.9%  45.3   50s
 32211 21906  582.00000   48   32  784.99866  582.00000  25.9%  45.9   55s
H32360 21939                     773.0000000  582.00000  24.7%  45.9   55s
H34886 23773                     772.9999999  582.00000  24.7%  45.9   59s
 35270 24063  674.00000   75   23  773.00000  582.00000  24.7%  45.9   60s
 38939 26470  582.00000   49   31  773.00000  582.00000  24.7%  45.6   65s
H40102 26819                     769.0000000  582.00000  24.3%  45.5   66s
H41102 27114                     768.0000000  582.00000  24.2%  45.7   68s
H41383 27177                     762.0000000  582.00000  23.6%  45.7   68s
 42383 27385  607.00000   47   18  762.00000  582.00000  23.6%  45.7   70s
H44114 27897                     761.9999999  582.00000  23.6%  45.6   72s
 45796 28520 infeasible   52       762.00000  582.00000  23.6%  45.8   75s
H46382 28693                     760.0000000  582.00000  23.4%  45.8   76s
H47556 29056                     759.9999999  582.00000  23.4%  46.0   77s
 48995 29653  624.38869   70   32  760.00000  582.00000  23.4%  46.1   80s
H50155 30118                     757.0000000  582.00000  23.1%  46.2   82s
 52253 30830  604.45333   57   30  757.00000  582.00000  23.1%  46.2   85s
H53728 31028                     740.0000000  582.00000  21.4%  46.1   86s
H54447 31406                     739.0000000  582.00000  21.2%  46.0   87s
 56063 31946  605.00000   75   27  739.00000  582.00000  21.2%  46.0   90s
 59493 33522  582.11774   50   37  739.00000  582.00000  21.2%  46.0   95s
 63004 35634  582.47306   46   35  739.00000  582.00000  21.2%  45.9  100s
H63487 35923                     738.9999999  582.00000  21.2%  45.9  100s
 66477 37813  649.00000   74   32  739.00000  582.00000  21.2%  45.9  105s
 70060 40387  582.00000   43   24  739.00000  582.00000  21.2%  45.7  110s
 73365 42496  614.00000  106   36  739.00000  582.00000  21.2%  45.9  115s
 76174 44284  654.15692   63   16  739.00000  582.00000  21.2%  46.0  120s
 79511 45799 infeasible   69       739.00000  582.00000  21.2%  46.2  125s
 82607 47458  663.00000   69   18  739.00000  582.00000  21.2%  46.2  130s
 85583 49288 infeasible   69       739.00000  582.00000  21.2%  46.4  135s
 88304 50204  619.00000   83   22  739.00000  582.00000  21.2%  46.7  140s
 90796 51075  619.00000   70   35  739.00000  582.00000  21.2%  47.0  145s
 93721 52450  612.00000   87   16  739.00000  582.00000  21.2%  47.1  150s
 96919 53868 infeasible   85       739.00000  582.00000  21.2%  47.1  155s
 100376 55367 infeasible   83       739.00000  582.00000  21.2%  47.1  160s
 102844 56367  601.00000   78   30  739.00000  582.00000  21.2%  47.4  165s
 105999 57734  621.00000   68   32  739.00000  582.00000  21.2%  47.5  170s
 108701 58795  726.00000   68   26  739.00000  582.00000  21.2%  47.7  175s
 111547 59790 infeasible   71       739.00000  582.00000  21.2%  47.9  180s
 114284 60740  582.00000   61   32  739.00000  582.00000  21.2%  48.1  185s
 117020 61741  595.30252   60   25  739.00000  582.00000  21.2%  48.4  190s
 119667 62772 infeasible   69       739.00000  582.00000  21.2%  48.6  195s
 122193 63593 infeasible   72       739.00000  582.00000  21.2%  49.0  200s
 125885 64722  702.00000   60   23  739.00000  582.00000  21.2%  49.0  205s
 129408 65929  583.15385   60   31  739.00000  582.00000  21.2%  48.9  210s
 132441 67817  582.00000   68   33  739.00000  582.00000  21.2%  49.1  215s
 135288 69431  647.00000   93   29  739.00000  582.00000  21.2%  49.3  220s
 138201 71322 infeasible  123       739.00000  582.00000  21.2%  49.4  225s
 141334 73165  582.17483   60   37  739.00000  582.00000  21.2%  49.4  230s
 144206 75165 infeasible   59       739.00000  582.00000  21.2%  49.5  235s
 147043 77211  664.00000   77   27  739.00000  582.00000  21.2%  49.6  240s
 150022 79153  582.00000   57   40  739.00000  582.00000  21.2%  49.7  245s
 152931 80890 infeasible   66       739.00000  582.00000  21.2%  49.9  250s
 155852 82698  684.00000   85   29  739.00000  582.00000  21.2%  49.9  255s
 158843 84565 infeasible   73       739.00000  582.00000  21.2%  50.0  260s
 161852 86314  668.34112   77   22  739.00000  582.00000  21.2%  50.1  265s
 165063 88063  732.00000   56   19  739.00000  582.00000  21.2%  50.1  270s
 167877 89382 infeasible   71       739.00000  582.00000  21.2%  50.3  275s
 170341 90210  647.00000   69   31  739.00000  582.00000  21.2%  50.5  280s
 172892 91035 infeasible   82       739.00000  582.00000  21.2%  50.8  285s
 175323 91950 infeasible   80       739.00000  582.00000  21.2%  51.1  290s
 177638 92797  628.00000   76   39  739.00000  582.00000  21.2%  51.4  295s
 180099 93815 infeasible   76       739.00000  582.00000  21.2%  51.8  300s
 182347 94687  607.00000   74   29  739.00000  582.00000  21.2%  52.1  305s
 184523 95610  597.38462   81   42  739.00000  582.00000  21.2%  52.4  310s
 187333 96865  600.00000   59   43  739.00000  582.00000  21.2%  52.6  315s
 189759 97620 infeasible   78       739.00000  582.00000  21.2%  52.8  320s
 192167 98432 infeasible   71       739.00000  582.00000  21.2%  53.0  325s
 194790 99208  583.00000   72   26  739.00000  582.00000  21.2%  53.2  330s
 197293 100077 infeasible   77       739.00000  582.00000  21.2%  53.4  335s
 200077 101001  678.00000   61   28  739.00000  582.00000  21.2%  53.6  340s
 202415 101739  582.32638   52   38  739.00000  582.00000  21.2%  53.8  345s
 204774 102687 infeasible   81       739.00000  582.00000  21.2%  54.1  350s
 206810 103336 infeasible   89       739.00000  582.00000  21.2%  54.4  355s
 209043 104154  597.38462   79   45  739.00000  582.00000  21.2%  54.6  360s
 211419 104888  585.75000   67   36  739.00000  582.00000  21.2%  54.9  365s
 213724 106049  622.00000   79   21  739.00000  582.00000  21.2%  55.0  370s
 216343 107016  582.00077   72   41  739.00000  582.00000  21.2%  55.2  375s
 218393 107805  607.00000   88   34  739.00000  582.00000  21.2%  55.5  380s
 220526 108577  602.00000   90   23  739.00000  582.00000  21.2%  55.8  385s
 222526 109312  651.00000   95   34  739.00000  582.00000  21.2%  56.1  390s
 224892 110098  597.50388   86   31  739.00000  582.00000  21.2%  56.3  395s
 227238 110909 infeasible   79       739.00000  582.00000  21.2%  56.5  400s
 229475 111722 infeasible   70       739.00000  582.00000  21.2%  56.7  405s
 232125 112543  602.00000   79   31  739.00000  582.00000  21.2%  56.9  410s
 234590 113558 infeasible  100       739.00000  582.00000  21.2%  57.0  415s
 236998 114538  664.00000   72   33  739.00000  582.00000  21.2%  57.2  420s
 239581 115798  594.00000   83   39  739.00000  582.00000  21.2%  57.3  425s
 241942 116727  665.00000   81   27  739.00000  582.00000  21.2%  57.5  430s
 244222 117687  582.00000   64   31  739.00000  582.00000  21.2%  57.6  435s
 246073 118413  604.00000   79   33  739.00000  582.00000  21.2%  57.8  440s
 247895 118973 infeasible   80       739.00000  582.00000  21.2%  57.9  445s
 249567 119539  590.09235   75   37  739.00000  582.00000  21.2%  58.1  450s
 251430 120422  585.75000   71   37  739.00000  582.00000  21.2%  58.2  455s
 253363 121089 infeasible   88       739.00000  582.00000  21.2%  58.3  460s
 255395 121774  658.00000   86   25  739.00000  582.00000  21.2%  58.4  465s
 257566 122501  582.00000   51   36  739.00000  582.00000  21.2%  58.5  470s
 259521 123321  595.00000   73   34  739.00000  582.00000  21.2%  58.6  475s
 261479 123908 infeasible   82       739.00000  582.00000  21.2%  58.7  480s
 263790 124512 infeasible   78       739.00000  582.00000  21.2%  58.8  485s
 265901 125111  586.59641   71   42  739.00000  582.00000  21.2%  58.8  490s
 267722 125712 infeasible   76       739.00000  582.00000  21.2%  59.0  495s
 269826 126656 infeasible   73       739.00000  582.00000  21.2%  59.1  500s
 271666 127213  596.49580   69   45  739.00000  582.00000  21.2%  59.2  505s
 273479 127918 infeasible   67       739.00000  582.00000  21.2%  59.3  510s
 275383 128518  731.00000   80   20  739.00000  582.00000  21.2%  59.4  515s
 277355 129348 infeasible   97       739.00000  582.00000  21.2%  59.5  520s
 278914 129822  583.60131   58   47  739.00000  582.00000  21.2%  59.6  525s
 280831 130403  582.71683   67   37  739.00000  582.00000  21.2%  59.8  530s
 282858 131138  611.52239   63   27  739.00000  582.00000  21.2%  59.9  535s
 284784 132177  713.00000   96   24  739.00000  582.00000  21.2%  60.0  540s
 287289 133905  610.00000   80   24  739.00000  582.00000  21.2%  60.0  545s
 290089 135380  582.51686   47   31  739.00000  582.00000  21.2%  60.0  550s
 292860 136827  616.00000   52   29  739.00000  582.00000  21.2%  59.9  555s
 295657 138555  582.00000   59   30  739.00000  582.00000  21.2%  59.9  560s
 297976 139930  616.00000   55   19  739.00000  582.00000  21.2%  59.9  565s
 300723 141700  678.00000   69   22  739.00000  582.00000  21.2%  59.8  570s
 303471 143499  582.72667   66   33  739.00000  582.00000  21.2%  59.8  575s
 306426 145407  639.00000   51   22  739.00000  582.00000  21.2%  59.7  580s
 309164 146783  582.00000   59   18  739.00000  582.00000  21.2%  59.7  585s
 311815 148436  582.00000   74   25  739.00000  582.00000  21.2%  59.6  590s
 314680 150243  643.44385   92   29  739.00000  582.00000  21.2%  59.6  595s
 317393 151894 infeasible   97       739.00000  582.00000  21.2%  59.6  600s
 319692 153294  582.00000   48   34  739.00000  582.00000  21.2%  59.6  605s
 322526 155256  659.00000   77   27  739.00000  582.00000  21.2%  59.6  610s
 325361 157272 infeasible   51       739.00000  582.00000  21.2%  59.5  615s
 328057 158878  585.75000   52   34  739.00000  582.00000  21.2%  59.5  620s
 330471 160390  582.00000   69   38  739.00000  582.00000  21.2%  59.5  625s
 332951 161903  587.62963   86   33  739.00000  582.00000  21.2%  59.5  630s
 335550 163594  701.00000   73   24  739.00000  582.00000  21.2%  59.5  635s
 338349 165181 infeasible   61       739.00000  582.00000  21.2%  59.5  640s
 340998 166998  701.00000   68   27  739.00000  582.00000  21.2%  59.5  645s
 343344 167972 infeasible   72       739.00000  582.00000  21.2%  59.5  650s
 345908 168885  590.11260   71   41  739.00000  582.00000  21.2%  59.5  655s
 348390 169686  582.00000   70   33  739.00000  582.00000  21.2%  59.6  660s
 350664 170415  651.00000   77   20  739.00000  582.00000  21.2%  59.7  665s
 353007 171284  582.05169   61   37  739.00000  582.00000  21.2%  59.7  670s
 355462 172059  728.23077   61   15  739.00000  582.00000  21.2%  59.7  675s
 357896 172812 infeasible   68       739.00000  582.00000  21.2%  59.8  680s
 360453 173622  619.00000   72   26  739.00000  582.00000  21.2%  59.8  685s
 363164 174598  583.05191   58   33  739.00000  582.00000  21.2%  59.8  690s
 365919 175560  607.00000   67   35  739.00000  582.00000  21.2%  59.8  695s
 368404 176568  686.00000   69   25  739.00000  582.00000  21.2%  59.8  700s
 370755 177313  723.35245   73   25  739.00000  582.00000  21.2%  59.8  705s
 373263 178228  582.00000   58   33  739.00000  582.00000  21.2%  59.9  710s
 376094 179176  582.05885   52   40  739.00000  582.00000  21.2%  59.8  715s
 378813 180051 infeasible   50       739.00000  582.00000  21.2%  59.8  720s
 381628 180895 infeasible   62       739.00000  582.00000  21.2%  59.8  725s
 384474 182008 infeasible   68       739.00000  582.00000  21.2%  59.8  730s
 386919 182753  582.00000   61   33  739.00000  582.00000  21.2%  59.8  735s
 389667 183646 infeasible   61       739.00000  582.00000  21.2%  59.8  740s
 392648 184678  582.00000   64   29  739.00000  582.00000  21.2%  59.8  745s
 395483 185630 infeasible   68       739.00000  582.00000  21.2%  59.7  750s
 397777 186331  582.00000   57   39  739.00000  582.00000  21.2%  59.8  755s
 400656 187144  659.60101   69   33  739.00000  582.00000  21.2%  59.8  760s
 403357 188103  615.00000   74   24  739.00000  582.00000  21.2%  59.7  765s
 406102 189078  628.00000   57   30  739.00000  582.00000  21.2%  59.8  770s
 408726 189900  582.00000   60   27  739.00000  582.00000  21.2%  59.8  775s
 411038 190674  639.00000   70   30  739.00000  582.00000  21.2%  59.8  780s
 413708 191569 infeasible   89       739.00000  582.00000  21.2%  59.8  785s
 416104 192471  688.00000   58   23  739.00000  582.00000  21.2%  59.8  790s
 418904 193298  600.00000   68   29  739.00000  582.00000  21.2%  59.8  795s
 421536 194254  582.19617   67   42  739.00000  582.00000  21.2%  59.8  800s
 424439 195476  582.00000   46   30  739.00000  582.00000  21.2%  59.8  805s
 426964 196575 infeasible   69       739.00000  582.00000  21.2%  59.8  810s
 429265 197349  597.12195   70   32  739.00000  582.00000  21.2%  59.9  815s
 431915 198281  583.46877   55   34  739.00000  582.00000  21.2%  59.9  820s
 434569 199313  623.00000   58   24  739.00000  582.00000  21.2%  59.8  825s
 437479 200488  582.00000   61   20  739.00000  582.00000  21.2%  59.8  830s
 440796 201330  610.00000   72   27  739.00000  582.00000  21.2%  59.7  835s
 443586 202258  619.00000   73   42  739.00000  582.00000  21.2%  59.7  840s
 446288 203145 infeasible   62       739.00000  582.00000  21.2%  59.7  845s
 449407 203972 infeasible   73       739.00000  582.00000  21.2%  59.6  850s
 452320 204853  597.36050   71   36  739.00000  582.00000  21.2%  59.6  855s
 454957 205548  602.00000   78   34  739.00000  582.00000  21.2%  59.6  860s
 457875 206565  639.14667   68   28  739.00000  582.00000  21.2%  59.5  865s
 460797 207432  590.25430   62   35  739.00000  582.00000  21.2%  59.5  870s
 463775 208437  599.71429   73   38  739.00000  582.00000  21.2%  59.4  875s
 466345 209684  701.75368   81   23  739.00000  582.00000  21.2%  59.5  880s
 469145 210804 infeasible   79       739.00000  582.00000  21.2%  59.5  885s
 471775 211813  623.00000   69   16  739.00000  582.00000  21.2%  59.5  890s
 474393 212982 infeasible   74       739.00000  582.00000  21.2%  59.5  895s

Cutting planes:
  Gomory: 2
  Cover: 1
  Implied bound: 8
  Clique: 2
  MIR: 6
  StrongCG: 1
  Flow cover: 3
  GUB cover: 3
  RLT: 3
  Relax-and-lift: 4

Explored 476736 nodes (28382128 simplex iterations) in 900.00 seconds (818.73 work units)
Thread count was 1 (of 96 available processors)

Solution count 10: 739 740 757 ... 784.999

Time limit reached
Best objective 7.389999999260e+02, best bound 5.820000000000e+02, gap 21.2449%
WARNING: Loading a SolverResults object with an 'aborted' status, but
    containing a solution
Time: 900.35 sec, Objective: 738.9999999259999, Termination: maxTimeLimit

[MINLP] Scheduling Data 6 | Model: Immediate Precedence HR
Set parameter TokenServer to value "mooring.ecn.purdue.edu"
Read LP format model from file /tmp/tmpav9yb3mc.pyomo.lp
Reading time = 0.01 seconds
x1927: 3253 rows, 1927 columns, 9501 nonzeros
Set parameter TimeLimit to value 900
Set parameter Threads to value 1
Gurobi Optimizer version 11.0.0 build v11.0.0rc2 (linux64 - "Oracle Linux Server 9.5")

CPU model: AMD EPYC 7643 48-Core Processor, instruction set [SSE2|AVX|AVX2]
Thread count: 48 physical cores, 96 logical processors, using up to 1 threads

Optimize a model with 3253 rows, 1927 columns and 9501 nonzeros
Model fingerprint: 0xd520f227
Variable types: 1277 continuous, 650 integer (650 binary)
Coefficient statistics:
  Matrix range     [1e+00, 1e+03]
  Objective range  [1e+00, 1e+00]
  Bounds range     [1e+00, 1e+03]
  RHS range        [1e+00, 5e+01]
Presolve removed 497 rows and 292 columns
Presolve time: 0.02s
Presolved: 2756 rows, 1635 columns, 8029 nonzeros
Variable types: 1081 continuous, 554 integer (554 binary)

Root relaxation: objective 5.820000e+02, 2861 iterations, 0.11 seconds (0.14 work units)

    Nodes    |    Current Node    |     Objective Bounds      |     Work
 Expl Unexpl |  Obj  Depth IntInf | Incumbent    BestBd   Gap | It/Node Time

     0     0  582.00000    0   39          -  582.00000      -     -    0s
     0     0  582.00000    0   51          -  582.00000      -     -    0s
     0     0  582.00000    0   42          -  582.00000      -     -    0s
     0     0  582.00000    0   44          -  582.00000      -     -    0s
     0     0  582.00000    0   42          -  582.00000      -     -    0s
     0     0  582.00000    0   32          -  582.00000      -     -    0s
     0     0  582.00000    0   48          -  582.00000      -     -    0s
     0     0  584.94174    0   61          -  584.94174      -     -    0s
     0     0  586.83109    0   55          -  586.83109      -     -    0s
     0     0  591.76923    0   55          -  591.76923      -     -    0s
     0     0  591.76923    0   53          -  591.76923      -     -    0s
     0     0  591.76923    0   75          -  591.76923      -     -    0s
     0     0  592.58333    0   73          -  592.58333      -     -    0s
     0     0  592.58333    0   77          -  592.58333      -     -    1s
     0     0  592.58333    0   76          -  592.58333      -     -    1s
     0     0  592.58333    0   57          -  592.58333      -     -    1s
     0     0  592.58333    0   66          -  592.58333      -     -    1s
     0     0  592.58333    0   68          -  592.58333      -     -    1s
     0     0  592.58333    0   71          -  592.58333      -     -    1s
     0     0  592.58333    0   58          -  592.58333      -     -    1s
     0     0  592.58333    0   58          -  592.58333      -     -    1s
     0     2  592.58333    0   58          -  592.58333      -     -    1s
   288   232  709.00000   18   30          -  638.38316      -   124    5s
   627   462  709.00000   16   64          -  709.00000      -  14.1   10s
*  783   491              62     762.0000000  709.27191  6.92%  58.8   13s
   883   503  761.00000   30   27  762.00000  709.27191  6.92%  77.2   15s
H  951   386                     755.0000000  709.27191  6.06%  81.4   15s
H  978   357                     752.0000000  709.27191  5.68%  80.9   15s
  1276   422  741.26741   43   35  752.00000  709.40095  5.66%   104   20s
  1823   565  739.00000   23   30  752.00000  710.45077  5.53%   118   25s
* 2013   551              65     750.0000000  710.55951  5.26%   120   26s
H 2053   430                     742.0000000  710.77612  4.21%   121   27s
H 2244     6                     739.0000000  739.00000  0.00%   122   28s

Cutting planes:
  MIR: 1
  Flow cover: 12
  Relax-and-lift: 3

Explored 2245 nodes (370302 simplex iterations) in 28.49 seconds (34.65 work units)
Thread count was 1 (of 96 available processors)

Solution count 6: 739 742 750 ... 762

Optimal solution found (tolerance 1.00e-04)
Best objective 7.390000000000e+02, best bound 7.390000000000e+02, gap 0.0000%
Time: 28.67 sec, Objective: 739.0, Termination: optimal

[MINLP] Scheduling Data 6 | Model: Time Slots Hull
Set parameter TokenServer to value "mooring.ecn.purdue.edu"
Read LP format model from file /tmp/tmpbjbu49rl.pyomo.lp
Reading time = 0.00 seconds
x652: 126 rows, 652 columns, 3226 nonzeros
Set parameter TimeLimit to value 900
Set parameter Threads to value 1
Gurobi Optimizer version 11.0.0 build v11.0.0rc2 (linux64 - "Oracle Linux Server 9.5")

CPU model: AMD EPYC 7643 48-Core Processor, instruction set [SSE2|AVX|AVX2]
Thread count: 48 physical cores, 96 logical processors, using up to 1 threads

Optimize a model with 126 rows, 652 columns and 3226 nonzeros
Model fingerprint: 0x1eb71639
Variable types: 27 continuous, 625 integer (625 binary)
Coefficient statistics:
  Matrix range     [1e+00, 1e+03]
  Objective range  [1e+00, 1e+00]
  Bounds range     [1e+00, 1e+06]
  RHS range        [1e+00, 1e+00]
Presolve removed 2 rows and 98 columns
Presolve time: 0.04s
Presolved: 124 rows, 554 columns, 2612 nonzeros
Variable types: 2 continuous, 552 integer (528 binary)

Root relaxation: objective 7.119108e+02, 551 iterations, 0.01 seconds (0.01 work units)

    Nodes    |    Current Node    |     Objective Bounds      |     Work
 Expl Unexpl |  Obj  Depth IntInf | Incumbent    BestBd   Gap | It/Node Time

     0     0  711.91078    0   78          -  711.91078      -     -    0s
     0     0  719.31570    0   74          -  719.31570      -     -    0s
     0     0  722.40437    0   75          -  722.40437      -     -    0s
     0     0  722.40437    0   78          -  722.40437      -     -    0s
     0     0  722.40437    0   77          -  722.40437      -     -    0s
     0     0  722.44480    0   82          -  722.44480      -     -    0s
     0     0  722.44480    0   79          -  722.44480      -     -    0s
     0     0  722.44480    0   85          -  722.44480      -     -    0s
     0     0  724.78470    0   83          -  724.78470      -     -    0s
     0     0  724.78470    0   77          -  724.78470      -     -    0s
     0     0  724.78470    0   76          -  724.78470      -     -    0s
     0     2  724.78470    0   66          -  724.78470      -     -    0s
*   80    40              66     751.0000000  735.08547  2.12%  15.4    0s
*  260    59              38     746.0000000  739.00000  0.94%  11.9    0s
H  308    55                     745.0000000  739.00000  0.81%  11.2    0s
H  335     3                     739.0000000  739.00000  0.00%  11.1    0s

Cutting planes:
  Gomory: 5
  Cover: 58
  Implied bound: 18
  MIR: 14
  StrongCG: 1
  GUB cover: 2
  Relax-and-lift: 1

Explored 336 nodes (4940 simplex iterations) in 0.47 seconds (0.39 work units)
Thread count was 1 (of 96 available processors)

Solution count 4: 739 745 746 751 

Optimal solution found (tolerance 1.00e-04)
Best objective 7.390000000000e+02, best bound 7.390000000000e+02, gap 0.0000%
Time: 0.58 sec, Objective: 739.0, Termination: optimal

[MINLP] Scheduling Data 6 | Model: General Precedence Hull Reagg
Set parameter TokenServer to value "mooring.ecn.purdue.edu"
Read LP format model from file /tmp/tmpir_k4wn7.pyomo.lp
Reading time = 0.00 seconds
x327: 676 rows, 327 columns, 1835 nonzeros
Set parameter TimeLimit to value 900
Set parameter Threads to value 1
Gurobi Optimizer version 11.0.0 build v11.0.0rc2 (linux64 - "Oracle Linux Server 9.5")

CPU model: AMD EPYC 7643 48-Core Processor, instruction set [SSE2|AVX|AVX2]
Thread count: 48 physical cores, 96 logical processors, using up to 1 threads

Optimize a model with 676 rows, 327 columns and 1835 nonzeros
Model fingerprint: 0xd82f1632
Variable types: 27 continuous, 300 integer (300 binary)
Coefficient statistics:
  Matrix range     [1e+00, 1e+03]
  Objective range  [1e+00, 1e+00]
  Bounds range     [1e+00, 1e+03]
  RHS range        [1e+00, 1e+03]
Presolve removed 224 rows and 98 columns
Presolve time: 0.00s
Presolved: 452 rows, 229 columns, 1310 nonzeros
Variable types: 26 continuous, 203 integer (203 binary)
Found heuristic solution: objective 928.0000000

Root relaxation: objective 6.220000e+02, 113 iterations, 0.00 seconds (0.00 work units)

    Nodes    |    Current Node    |     Objective Bounds      |     Work
 Expl Unexpl |  Obj  Depth IntInf | Incumbent    BestBd   Gap | It/Node Time

     0     0  622.00000    0    6  928.00000  622.00000  33.0%     -    0s
H    0     0                     764.0000000  622.00000  18.6%     -    0s
     0     0  622.00000    0    7  764.00000  622.00000  18.6%     -    0s
H    0     0                     749.0000000  622.00000  17.0%     -    0s
     0     0  622.00000    0    7  749.00000  622.00000  17.0%     -    0s
     0     0  622.00000    0    6  749.00000  622.00000  17.0%     -    0s
H    0     0                     745.0000000  622.00000  16.5%     -    0s
     0     0  622.00000    0    6  745.00000  622.00000  16.5%     -    0s
     0     0  622.00000    0    8  745.00000  622.00000  16.5%     -    0s
     0     0  622.00000    0    8  745.00000  622.00000  16.5%     -    0s
     0     0  622.00000    0    7  745.00000  622.00000  16.5%     -    0s
     0     0  622.00000    0    7  745.00000  622.00000  16.5%     -    0s
H    0     0                     739.0000000  622.00000  15.8%     -    0s
     0     2  622.00000    0    7  739.00000  622.00000  15.8%     -    0s
H 1433   449                     738.9999999  622.09806  15.8%   8.7    0s
 14440  2867     cutoff   24       739.00000  677.00000  8.39%   5.5    5s
 39894  5245  724.00000   32    4  739.00000  701.00000  5.14%   4.6   10s
 60822  6085  709.00000   24    5  739.00000  709.00000  4.06%   4.7   15s
 81917  5851     cutoff   29       739.00000  720.50000  2.50%   4.8   20s
 105037   671 infeasible   30       739.00000  735.00000  0.54%   4.5   25s

Cutting planes:
  Gomory: 2
  Cover: 2
  Implied bound: 6
  MIR: 5
  Flow cover: 12
  Relax-and-lift: 1

Explored 110164 nodes (494631 simplex iterations) in 26.19 seconds (19.88 work units)
Thread count was 1 (of 96 available processors)

Solution count 6: 739 739 745 ... 928

Optimal solution found (tolerance 1.00e-04)
Best objective 7.390000000000e+02, best bound 7.390000000000e+02, gap 0.0000%
Time: 26.31 sec, Objective: 739.0, Termination: optimal

[MINLP] Scheduling Data 7 | Model: Immediate Precedence BigM
Set parameter TokenServer to value "mooring.ecn.purdue.edu"
Read LP format model from file /tmp/tmp1owl71vt.pyomo.lp
Reading time = 0.00 seconds
x702: 703 rows, 677 columns, 3201 nonzeros
Set parameter TimeLimit to value 900
Set parameter Threads to value 1
Gurobi Optimizer version 11.0.0 build v11.0.0rc2 (linux64 - "Oracle Linux Server 9.5")

CPU model: AMD EPYC 7643 48-Core Processor, instruction set [SSE2|AVX|AVX2]
Thread count: 48 physical cores, 96 logical processors, using up to 1 threads

Optimize a model with 703 rows, 677 columns and 3201 nonzeros
Model fingerprint: 0xb39539e0
Variable types: 27 continuous, 650 integer (650 binary)
Coefficient statistics:
  Matrix range     [1e+00, 8e+02]
  Objective range  [1e+00, 1e+00]
  Bounds range     [1e+00, 8e+02]
  RHS range        [1e+00, 8e+02]
Presolve removed 65 rows and 45 columns
Presolve time: 0.01s
Presolved: 638 rows, 632 columns, 2925 nonzeros
Variable types: 26 continuous, 606 integer (606 binary)

Root relaxation: objective 3.090000e+02, 203 iterations, 0.00 seconds (0.00 work units)

    Nodes    |    Current Node    |     Objective Bounds      |     Work
 Expl Unexpl |  Obj  Depth IntInf | Incumbent    BestBd   Gap | It/Node Time

     0     0  309.00000    0   21          -  309.00000      -     -    0s
     0     0  309.00000    0   53          -  309.00000      -     -    0s
     0     0  309.00000    0   54          -  309.00000      -     -    0s
     0     0  309.00000    0   28          -  309.00000      -     -    0s
     0     0  309.00000    0   37          -  309.00000      -     -    0s
     0     0  309.00000    0   22          -  309.00000      -     -    0s
     0     0  309.00000    0   39          -  309.00000      -     -    0s
     0     0  309.00000    0   23          -  309.00000      -     -    0s
     0     0  309.00000    0   23          -  309.00000      -     -    0s
     0     2  309.00000    0   19          -  309.00000      -     -    0s
  3800  2843  379.00000  124   22          -  314.00000      -  27.3    5s
  9476  7463 infeasible  160               -  315.00000      -  25.7   10s
 10218  8015  337.00000   58   27          -  315.00000      -  26.2   15s
 12613  9262  338.00000   74   33          -  315.00000      -  29.2   20s
 18270 11912  340.00000   81   36          -  315.00000      -  30.1   25s
 23503 14237  331.00000   73   33          -  315.00000      -  30.4   30s
 28987 16618  315.00000   68   43          -  315.00000      -  31.5   35s
 34426 19055  387.00000  105   30          -  315.00000      -  31.8   40s
 40387 23903  344.00000  126   33          -  315.00000      -  31.6   45s
 46718 29156  346.00000  121   27          -  315.00000      -  31.4   50s
 50973 32155  325.00000   85   39          -  315.00000      -  32.2   55s
 55683 35407  315.00000   69   35          -  315.00000      -  33.3   60s
 60919 39393  319.00000   85   40          -  315.00000      -  33.5   65s
 65579 42947  360.00000   89   36          -  315.00000      -  34.3   70s
 70878 47098  315.00000   45   35          -  315.00000      -  34.6   75s
 75741 51065  340.00000  100   27          -  315.00000      -  34.4   80s
 81834 56126  315.00000   73   35          -  315.00000      -  34.2   85s
 87642 60272  319.00000   84   36          -  315.00000      -  34.3   90s
 92723 63483  322.87302   82   35          -  315.00000      -  34.3   95s
 99044 67924  324.00000  118   30          -  315.00000      -  34.3  100s
 105087 72842  377.00000   94   32          -  315.00000      -  34.2  105s
 110846 77677  334.00000   89   24          -  315.00000      -  34.0  110s
 116521 82262  351.00000  169   31          -  315.00000      -  34.0  115s
 121281 86258  350.00000   80   32          -  315.00000      -  34.0  120s
 126398 90089  328.00000   68   44          -  315.00000      -  34.2  125s
 131970 94480 infeasible  149               -  315.00000      -  34.3  130s
 136823 98498  315.00000   60   33          -  315.00000      -  34.3  135s
 142443 103076  324.00000   81   40          -  315.00000      -  34.4  140s
 147659 107389  340.00000   80   41          -  315.00000      -  34.3  145s
 152892 111413  372.00000  126   27          -  315.00000      -  34.4  150s
 158534 115638  402.00000  134   26          -  315.00000      -  34.5  155s
 164710 120573  340.00000  127   36          -  315.00000      -  34.4  160s
 168988 122995 infeasible   93               -  315.00000      -  34.7  165s
 172793 125128  325.00000   60   35          -  315.00000      -  35.0  170s
 177326 128020 infeasible  101               -  315.00000      -  35.3  175s
 180544 129548  362.00000   78   32          -  315.00000      -  35.8  180s
 184347 131804  362.00000  101   30          -  315.00000      -  36.0  185s
 188854 134929  358.00000   66   39          -  315.00000      -  36.2  190s
 193838 138862  319.82099   82   38          -  315.00000      -  36.4  195s
 199194 143049 infeasible   97               -  315.00000      -  36.4  200s
 204032 146767  316.55740   61   42          -  315.00000      -  36.5  205s
 208848 150662  345.00000  128   33          -  315.00000      -  36.6  210s
 212955 153939  363.00000   66   33          -  315.00000      -  36.7  215s
 217658 157730 infeasible  150               -  315.00000      -  36.8  220s
 222579 161653  398.00000  103   30          -  315.00000      -  36.9  225s
 227465 165627  348.00000  118   34          -  315.00000      -  37.0  230s
 231703 168988  315.00000   52   36          -  315.00000      -  37.2  235s
 237224 173437  362.64730   98   31          -  315.00000      -  37.1  240s
 242236 177221  336.00000   79   37          -  315.00000      -  37.2  245s
 247091 180840  353.00000   74   35          -  315.00000      -  37.2  250s
 251334 184140  355.00000   72   40          -  315.00000      -  37.3  255s
 256127 187933  319.00000   80   34          -  315.00000      -  37.4  260s
 261067 191805  346.00000  109   23          -  315.00000      -  37.5  265s
 265300 195092 infeasible  129               -  315.00000      -  37.5  270s
 270520 198966  355.00000  111   37          -  315.00000      -  37.6  275s
 276175 203384  319.00000   96   31          -  315.00000      -  37.6  280s
 280840 206984  349.00000   66   32          -  315.00000      -  37.6  285s
 286088 210423  421.00000   99   18          -  315.00000      -  37.6  290s
 291611 214086 infeasible  114               -  315.00000      -  37.6  295s
 296693 217144  324.00000   75   28          -  315.00000      -  37.7  300s
 301879 220449  326.00000   92   42          -  315.00000      -  37.7  305s
 306055 223085  419.00000   92   29          -  315.00000      -  37.8  310s
 310562 225394  319.00000   88   34          -  315.00000      -  37.9  315s
 315419 228134 infeasible  104               -  315.00000      -  38.0  320s
 318918 229584  348.00000   94   31          -  315.00000      -  38.2  325s
 322376 231019 infeasible   88               -  315.00000      -  38.4  330s
 325203 231941 infeasible   83               -  315.00000      -  38.7  335s
 328473 233067  352.00000  104   30          -  315.00000      -  39.0  340s
 331859 234352 infeasible  104               -  315.00000      -  39.2  345s
 335863 236280  356.00000   82   26          -  315.00000      -  39.3  350s
 339736 238220 infeasible  114               -  315.00000      -  39.5  355s
 343526 240171 infeasible   97               -  315.00000      -  39.6  360s
 347266 241783  403.00000  111   28          -  315.00000      -  39.8  365s
 351251 244164  428.00000   90   27          -  315.00000      -  39.9  370s
 355594 246444 infeasible   93               -  315.00000      -  40.0  375s
 360285 249144  318.00000   83   39          -  315.00000      -  40.0  380s
 364389 251300  360.16834  118   27          -  315.00000      -  40.1  385s
 369758 254412 infeasible  109               -  315.00000      -  40.1  390s
 374634 257080  338.00000   89   24          -  315.00000      -  40.1  395s
 380468 260662  325.00000  102   28          -  315.00000      -  40.0  400s
 386339 265065  355.00000  109   32          -  315.00000      -  39.9  405s
 391730 269299  362.00000  140   24          -  315.00000      -  39.8  410s
 396884 273323 infeasible  131               -  315.00000      -  39.8  415s
 401182 276545  350.00000  108   33          -  315.00000      -  39.8  420s
 406743 280918  382.00000  115   30          -  315.00000      -  39.7  425s
 412946 285814  340.00000  103   31          -  315.00000      -  39.6  430s
 419176 290549  336.10345  100   35          -  315.00000      -  39.4  435s
 424738 294954  319.00000   91   32          -  315.00000      -  39.4  440s
 429464 298789  383.00000   81   44          -  315.00000      -  39.4  445s
 434689 302894  319.00000   66   39          -  315.00000      -  39.3  450s
 440642 307607  358.00000   94   34          -  315.00000      -  39.2  455s
 446497 312206  367.00000   84   25          -  315.00000      -  39.1  460s
 451231 315881  403.00000  123   27          -  315.00000      -  39.1  465s
 455316 319075  333.00000   99   43          -  315.00000      -  39.1  470s
 460705 323391  340.00000   89   37          -  315.00000      -  39.1  475s
 464582 326515  391.00000  132   34          -  315.00000      -  39.1  480s
 469289 330298  347.00000   97   41          -  315.00000      -  39.1  485s
 474393 334291  315.00000   85   38          -  315.00000      -  39.1  490s
 479249 338091 infeasible  104               -  315.00000      -  39.2  495s
 482946 341067  323.00000   62   42          -  315.00000      -  39.2  500s
 488094 345291  330.00000  144   27          -  315.00000      -  39.2  505s
 492124 348519 infeasible  147               -  315.00000      -  39.2  510s
 496991 352419  370.00000  123   25          -  315.00000      -  39.2  515s
 500823 355404  340.00000  107   30          -  315.00000      -  39.2  520s
 506048 359722 infeasible  124               -  315.00000      -  39.2  525s
 511062 363829 infeasible  144               -  315.00000      -  39.2  530s
 515639 367554  378.00000  143   40          -  315.00000      -  39.2  535s
 520207 371060  315.00317  146   48          -  315.00000      -  39.3  540s
 523917 373958  334.31034  128   42          -  315.00000      -  39.3  545s
 528743 377842  341.00000   97   36          -  315.00000      -  39.3  550s
 533715 381752  339.00000   99   43          -  315.00000      -  39.3  555s
 537859 384957  342.00000   63   35          -  315.00000      -  39.4  560s
 541688 387858  321.54545   80   35          -  315.00000      -  39.4  565s
 544840 389539  315.82665   84   51          -  315.00000      -  39.6  570s
 548397 391381  384.00000   68   30          -  315.00000      -  39.7  575s
 551738 393624 infeasible  105               -  315.00000      -  39.8  580s
 555459 395861 infeasible   87               -  315.00000      -  39.9  585s
 559074 397867  432.00000  100   30          -  315.00000      -  40.0  590s
 562606 399843  358.00000   61   34          -  315.00000      -  40.1  595s
 565807 401827  363.00000  102   35          -  315.00000      -  40.2  600s
 569838 404573  353.00000   73   37          -  315.00000      -  40.3  605s
 573177 406544  372.00000  112   29          -  315.00000      -  40.4  610s
 577347 409121  315.01131   74   38          -  315.00000      -  40.4  615s
 581738 412348  359.00000   70   32          -  315.00000      -  40.5  620s
 585343 414698  394.00000   61   30          -  315.00000      -  40.6  625s
 589439 417347  319.00000   74   41          -  315.00000      -  40.7  630s
 592722 419490  358.00000  101   30          -  315.00000      -  40.7  635s
 597013 422086  525.00000  107   24          -  315.00000      -  40.8  640s
 601272 424829  317.22857   73   36          -  315.00000      -  40.9  645s
 604885 427344  373.00000  100   24          -  315.00000      -  40.9  650s
 609020 430254 infeasible   78               -  315.00000      -  41.0  655s
 613184 433215  319.00000   79   39          -  315.00000      -  41.1  660s
 616585 435711  404.00000   97   19          -  315.00000      -  41.1  665s
 620427 438305  414.00000   82   31          -  315.00000      -  41.2  670s
 624427 441000  355.00000   86   22          -  315.00000      -  41.3  675s
 627551 443306 infeasible  111               -  315.00000      -  41.4  680s
 631850 446282  353.00000   65   33          -  315.00000      -  41.4  685s
 636321 449701  373.00000  102   22          -  315.00000      -  41.5  690s
 639899 452322  332.00000   82   41          -  315.00000      -  41.5  695s
 642959 454248 infeasible  108               -  315.00000      -  41.6  700s
 645960 456216 infeasible  100               -  315.00000      -  41.7  705s
 650097 458974 infeasible  128               -  315.00000      -  41.8  710s
 654723 462236 infeasible  105               -  315.00000      -  41.8  715s
 658165 464437 infeasible   97               -  315.00000      -  41.9  720s
 663247 467543 infeasible  113               -  315.00000      -  41.8  725s
 667238 470072  336.00000  117   36          -  315.00000      -  41.9  730s
 670359 472006  321.00000  103   33          -  315.00000      -  42.0  735s
 674256 474448  319.00000  105   36          -  315.00000      -  42.0  740s
 678173 476904  322.00000   90   34          -  315.00000      -  42.1  745s
 681382 478866  368.00000  102   34          -  315.00000      -  42.2  750s
 685033 481025  331.00000  128   35          -  315.00000      -  42.2  755s
 688978 483512  319.00000   89   33          -  315.00000      -  42.3  760s
 692726 485912  355.00000   98   33          -  315.00000      -  42.3  765s
 695430 487400  399.00000  108   29          -  315.00000      -  42.4  770s
 699439 489887  315.16296   79   37          -  315.00000      -  42.5  775s
 703954 493040  346.00000   84   30          -  315.00000      -  42.5  780s
 707402 495126 infeasible   98               -  315.00000      -  42.6  785s
 712235 498357  495.00000   90   30          -  315.00000      -  42.6  790s
 717482 502414  431.00000  148   18          -  315.00000      -  42.5  795s
 721681 505575  357.00000  109   28          -  315.00000      -  42.5  800s
 725186 507490 infeasible  108               -  315.00000      -  42.6  805s
 728970 509560  319.00000   99   30          -  315.00000      -  42.7  810s
 732271 511292  318.00000   84   38          -  315.00000      -  42.7  815s
 736443 513780  353.00000  115   25          -  315.00000      -  42.8  820s
 740239 515786  324.00000   96   35          -  315.00000      -  42.9  825s
 742814 517128  383.00000   99   29          -  315.00000      -  42.9  830s
 746278 518816  324.00000   98   34          -  315.00000      -  43.0  835s
 749865 520641 infeasible  129               -  315.00000      -  43.1  840s
 752693 522142 infeasible   98               -  315.00000      -  43.2  845s
 757013 524965 infeasible  140               -  315.00000      -  43.2  850s
 762104 528779  334.15190   93   30          -  315.00000      -  43.2  855s
 765967 531795  334.00000   65   40          -  315.00000      -  43.2  860s
 771338 536143  316.50000   50   39          -  315.00000      -  43.2  865s
 776230 539901 infeasible  128               -  315.00000      -  43.2  870s
 780009 542566 infeasible  106               -  315.00000      -  43.2  875s
 784702 545790 infeasible  110               -  315.00000      -  43.2  880s
 789132 548882  345.00000  119   23          -  315.00000      -  43.2  885s
 794330 552916  319.00000   71   47          -  315.00000      -  43.2  890s
 798100 555697  475.00000  153   29          -  315.00000      -  43.2  895s

Cutting planes:
  Learned: 1
  Gomory: 5
  Cover: 2
  Implied bound: 13
  Projected implied bound: 7
  Clique: 1
  MIR: 9
  Flow cover: 7
  Relax-and-lift: 6

Explored 802992 nodes (34692239 simplex iterations) in 900.00 seconds (900.18 work units)
Thread count was 1 (of 96 available processors)

Solution count 0

Time limit reached
Best objective -, best bound 3.150000000000e+02, gap -
Solver exception for Scheduling Data 7 | Model: Immediate Precedence BigM: Cannot load a SolverResults object with bad status: aborted

[MINLP] Scheduling Data 7 | Model: Immediate Precedence HR
Set parameter TokenServer to value "mooring.ecn.purdue.edu"
Read LP format model from file /tmp/tmps0d1pojq.pyomo.lp
Reading time = 0.01 seconds
x1927: 3253 rows, 1927 columns, 9501 nonzeros
Set parameter TimeLimit to value 900
Set parameter Threads to value 1
Gurobi Optimizer version 11.0.0 build v11.0.0rc2 (linux64 - "Oracle Linux Server 9.5")

CPU model: AMD EPYC 7643 48-Core Processor, instruction set [SSE2|AVX|AVX2]
Thread count: 48 physical cores, 96 logical processors, using up to 1 threads

Optimize a model with 3253 rows, 1927 columns and 9501 nonzeros
Model fingerprint: 0xe5e94f4a
Variable types: 1277 continuous, 650 integer (650 binary)
Coefficient statistics:
  Matrix range     [1e+00, 8e+02]
  Objective range  [1e+00, 1e+00]
  Bounds range     [1e+00, 8e+02]
  RHS range        [1e+00, 5e+01]
Presolve removed 231 rows and 135 columns
Presolve time: 0.02s
Presolved: 3022 rows, 1792 columns, 8819 nonzeros
Variable types: 1186 continuous, 606 integer (606 binary)

Root relaxation: objective 3.277297e+02, 4057 iterations, 0.20 seconds (0.28 work units)

    Nodes    |    Current Node    |     Objective Bounds      |     Work
 Expl Unexpl |  Obj  Depth IntInf | Incumbent    BestBd   Gap | It/Node Time

     0     0  327.72970    0   29          -  327.72970      -     -    0s
     0     0  414.02564    0   51          -  414.02564      -     -    0s
     0     0  514.38110    0   28          -  514.38110      -     -    0s
     0     0  514.38110    0   35          -  514.38110      -     -    0s
     0     0  514.38110    0   47          -  514.38110      -     -    0s
     0     0  514.38110    0   25          -  514.38110      -     -    0s
     0     0  514.38110    0   24          -  514.38110      -     -    0s
     0     0  514.38110    0   36          -  514.38110      -     -    0s
     0     0  514.38110    0   27          -  514.38110      -     -    0s
     0     0  514.38110    0   34          -  514.38110      -     -    0s
     0     0  514.38110    0   29          -  514.38110      -     -    0s
     0     0  514.38110    0   33          -  514.38110      -     -    0s
     0     0  514.38110    0   19          -  514.38110      -     -    0s
     0     0  514.38110    0   23          -  514.38110      -     -    0s
     0     0  514.38110    0   31          -  514.38110      -     -    0s
     0     0  514.38110    0   16          -  514.38110      -     -    0s
     0     0  514.38110    0   16          -  514.38110      -     -    0s
     0     0  514.38110    0   29          -  514.38110      -     -    1s
     0     0  514.38110    0   17          -  514.38110      -     -    1s
     0     0  514.38110    0   20          -  514.38110      -     -    1s
     0     0  514.38110    0   16          -  514.38110      -     -    1s
     0     0  514.38110    0   21          -  514.38110      -     -    1s
     0     0  514.38110    0   26          -  514.38110      -     -    1s
     0     0  514.38110    0   22          -  514.38110      -     -    1s
     0     0  514.38110    0   25          -  514.38110      -     -    1s
     0     0  514.38110    0   33          -  514.38110      -     -    1s
     0     0  514.38110    0   33          -  514.38110      -     -    1s
     0     0  516.25245    0   19          -  516.25245      -     -    1s
     0     0  516.70443    0   22          -  516.70443      -     -    1s
     0     0  516.70443    0   22          -  516.70443      -     -    1s
     0     0  516.70443    0   36          -  516.70443      -     -    1s
     0     0  516.91238    0   30          -  516.91238      -     -    1s
     0     0  516.91238    0   30          -  516.91238      -     -    1s
     0     0  516.91238    0   28          -  516.91238      -     -    1s
     0     0  517.16096    0   30          -  517.16096      -     -    1s
     0     0  517.32491    0   26          -  517.32491      -     -    1s
     0     0  518.03307    0   28          -  518.03307      -     -    1s
     0     0  518.22406    0   20          -  518.22406      -     -    2s
     0     0  518.22406    0   20          -  518.22406      -     -    2s
     0     2  589.53099    0   18          -  589.53099      -     -    2s
   145   101  707.85002   27   39          -  700.00000      -   207    5s
   806   377  700.00000   50   27          -  700.00000      -   141   10s
   847   405  700.00000   16   32          -  700.00000      -  51.9   15s
  1139   455  700.00000   71   16          -  700.00000      -  70.0   20s
  2133   405  700.09154   64   34          -  700.00000      -  62.8   25s
  3329   524 infeasible   70               -  700.00000      -  63.4   30s
  4475   980 infeasible   52               -  700.00000      -  64.0   35s
  5439  1095 infeasible   63               -  700.00000      -  65.9   40s
  6416  1424  700.00148   37   35          -  700.00000      -  68.5   45s
  7087  1650  700.00078   43   38          -  700.00000      -  69.9   50s
  7764  1891  700.00000   42   24          -  700.00000      -  73.8   55s
  8615  2064 infeasible   73               -  700.00000      -  75.8   60s
 10154  2149  700.00000   73   19          -  700.00000      -  72.6   65s
 10214  2155  700.00000   66   19          -  700.00000      -  72.5   74s
 10461  2157  700.00000   61   18          -  700.00000      -  72.2   75s
 11336  2422 infeasible   69               -  700.00000      -  73.7   80s
 12116  2757  700.00000   60   21          -  700.00000      -  74.7   85s
 12926  2961  700.00000   39   22          -  700.00000      -  75.3   90s
 13877  3245  700.00000   56   19          -  700.00000      -  74.7   95s
 14986  3423  701.25009   55   27          -  700.00000      -  74.6  100s
 16175  3721  700.55200   75   31          -  700.00000      -  73.9  105s
 17170  3910  700.02320   70   38          -  700.00000      -  74.3  110s
 18197  4193 infeasible   76               -  700.00000      -  74.6  115s
 19234  4541 infeasible   58               -  700.00000      -  74.4  120s
 20356  4646  700.00000   60   11          -  700.00000      -  72.8  125s
 21871  4742  700.00000   49   17          -  700.00000      -  71.4  130s
 23485  4779 infeasible   66               -  700.00000      -  69.5  135s
 24897  4927 infeasible   53               -  700.00000      -  68.7  140s
 26277  4969  700.00000   62   12          -  700.00000      -  68.2  145s
 27909  5068 infeasible   59               -  700.00000      -  66.9  150s
 29021  5287  700.00000   55   17          -  700.00000      -  66.9  155s
 30374  5328 infeasible   61               -  700.00000      -  66.1  160s
 31804  5480  700.00000   58    4          -  700.00000      -  65.6  165s
 33444  5598  700.00000   60   15          -  700.00000      -  64.7  170s
 35040  5626 infeasible   72               -  700.00000      -  64.0  175s
 36195  5691  700.00000   51   13          -  700.00000      -  63.6  180s
 37821  5824  700.00000   64   17          -  700.00000      -  62.9  185s
 39515  6008  700.00000   78    8          -  700.00000      -  62.1  190s
 41179  5990  700.00000   67   18          -  700.00000      -  61.4  195s
 42589  5880  700.00000   64   24          -  700.00000      -  60.9  200s
 43909  5904  700.00000   62   14          -  700.00000      -  60.8  205s
 45412  5826  700.00000   70   19          -  700.00000      -  60.4  210s
 46765  5830  703.14565   43   41          -  700.00000      -  60.4  215s
 47491  6050  700.87804   50   27          -  700.00000      -  60.5  220s
 48834  6249 infeasible   52               -  700.00000      -  60.6  225s
 50349  6376 infeasible   45               -  700.00000      -  60.5  230s
 51458  6562 infeasible   67               -  700.00000      -  60.9  235s
 52743  6775  700.00000   62   14          -  700.00000      -  61.0  240s
 54013  6956  700.00000   48    9          -  700.00000      -  61.2  245s
 55490  6967 infeasible   54               -  700.00000      -  61.0  250s
 56568  6984  700.00000   61   14          -  700.00000      -  60.7  255s
 57940  7064  700.00000   59   23          -  700.00000      -  60.7  260s
 59024  7216  707.00000   68   26          -  700.00000      -  61.1  265s
 60283  7288 infeasible   57               -  700.00000      -  61.2  270s
 61469  7379  700.00000   69   16          -  700.00000      -  61.3  275s
 62952  7544  700.29846   56   29          -  700.00000      -  61.2  280s
 64143  7614  700.16992   58   26          -  700.00000      -  61.4  285s
 65275  7632  700.00000   60   13          -  700.00000      -  61.4  290s
 66472  7639  700.00000   51    9          -  700.00000      -  61.2  295s
 67495  7781 infeasible   84               -  700.00000      -  61.5  300s
 68750  7836  700.00000   64   16          -  700.00000      -  61.6  305s
 69972  7901  700.00000   68   17          -  700.00000      -  61.8  310s
 71393  7942 infeasible   61               -  700.00000      -  61.7  315s
 73037  7959 infeasible   63               -  700.00000      -  61.3  320s
 73757  8096  726.00000   44   29          -  700.00000      -  61.5  325s
 74544  8456 infeasible   54               -  700.00000      -  62.0  330s
 75516  8707 infeasible   57               -  700.00000      -  62.3  335s
 76628  8942 infeasible   66               -  700.00000      -  62.6  340s
 77431  9121  703.82750   72   28          -  700.00000      -  63.2  345s
 78299  9225  700.00000   53   23          -  700.00000      -  63.7  350s
 78935  9396  700.00000   66   25          -  700.00000      -  64.1  355s
 79874  9639  700.00000   54   16          -  700.00000      -  64.4  360s
 80899  9956 infeasible   64               -  700.00000      -  64.8  365s
 82278 10165  700.00000   54   14          -  700.00000      -  64.7  370s
 83426 10225 infeasible   81               -  700.00000      -  64.8  375s
 84182 10309 infeasible   59               -  700.00000      -  64.9  380s
 85233 10362  700.00000   77   23          -  700.00000      -  65.1  385s
 86261 10481  700.00000   74   12          -  700.00000      -  65.4  390s
 87338 10594  706.74959   45   35          -  700.00000      -  65.6  395s
 88076 10670 infeasible   51               -  700.00000      -  66.1  400s
 89006 10719  700.00000   58    8          -  700.00000      -  66.4  405s
 89994 10830  716.64656   55   20          -  700.00000      -  66.7  410s
 90632 10951  700.01292   46   32          -  700.00000      -  66.8  415s
 91714 11057  700.00129   64   29          -  700.00000      -  67.0  420s
 92642 11321  700.00000   50   19          -  700.00000      -  67.3  425s
 93568 11533  700.00000   37   28          -  700.00000      -  67.5  430s
 94639 11761  700.48308   70   32          -  700.00000      -  67.6  435s
 95697 11947  700.00137   59   28          -  700.00000      -  67.8  440s
 96571 12075 infeasible   60               -  700.00000      -  68.0  445s
 97143 12135 infeasible   46               -  700.00000      -  68.1  450s
 97910 12242 infeasible   66               -  700.00000      -  68.4  455s
 98678 12347 infeasible   70               -  700.00000      -  68.8  460s
 99794 12461 infeasible   49               -  700.00000      -  68.8  465s
 100751 12526 infeasible   62               -  700.00000      -  69.0  470s
 101499 12658  700.00000   44   21          -  700.00000      -  69.3  475s
 102229 12746  707.00000   40   26          -  700.00000      -  69.6  480s
 102904 12763 infeasible   63               -  700.00000      -  70.0  485s
 103550 12853 infeasible   59               -  700.00000      -  70.3  490s
 104416 12899  700.00000   50   30          -  700.00000      -  70.5  495s
 105150 13015  700.00000   53   10          -  700.00000      -  70.7  500s
 105835 13044  700.00000   56   19          -  700.00000      -  70.9  505s
 106648 13163  700.00000   49   25          -  700.00000      -  71.2  510s
 107655 13178  700.00000   51   17          -  700.00000      -  71.4  515s
 108813 13472  700.00000   51   18          -  700.00000      -  71.4  520s
 109513 13482  700.00000   53   20          -  700.00000      -  71.6  526s
 110036 13485 infeasible   51               -  700.00000      -  71.7  530s
 110898 13523 infeasible   56               -  700.00000      -  71.9  535s
 111512 13632 infeasible   49               -  700.00000      -  72.2  540s
 112210 13622 infeasible   74               -  700.00000      -  72.6  545s
 113627 13694  700.00000   48   17          -  700.00000      -  72.4  550s
 115037 13824 infeasible   53               -  700.00000      -  72.2  555s
 116118 13811  700.00000   57   13          -  700.00000      -  72.3  560s
 117272 13847 infeasible   58               -  700.00000      -  72.3  565s
 117976 13967 infeasible   52               -  700.00000      -  72.5  570s
 118807 14035  700.00000   56   10          -  700.00000      -  72.8  575s
 119740 14168  700.00000   46   21          -  700.00000      -  73.0  580s
 120818 14211  700.00000   44   18          -  700.00000      -  73.0  585s
 121599 14365 infeasible   60               -  700.00000      -  73.2  590s
 122341 14401 infeasible   48               -  700.00000      -  73.3  595s
 123169 14513  700.00000   61   17          -  700.00000      -  73.5  600s
 124363 14559  700.00000   66   19          -  700.00000      -  73.5  605s
 125591 14633 infeasible   71               -  700.00000      -  73.4  610s
 126892 14832  700.00000   87   17          -  700.00000      -  73.4  615s
 128317 14811  700.00000   76   18          -  700.00000      -  73.2  620s
 129402 14808  700.00000   43   25          -  700.00000      -  73.2  625s
 130176 14894  700.00000   48   12          -  700.00000      -  73.3  630s
 130968 15026  700.27601   42   34          -  700.00000      -  73.5  635s
 131749 15212 infeasible   51               -  700.00000      -  73.7  640s
 132575 15281  700.00000   69   21          -  700.00000      -  73.8  646s
 133246 15360  700.00000   61   14          -  700.00000      -  74.0  650s
 134276 15603  700.00000   56   15          -  700.00000      -  74.1  655s
 135235 15682 infeasible   78               -  700.00000      -  74.2  660s
 136159 15847 infeasible   51               -  700.00000      -  74.4  665s
 137117 15939  700.00000   50   27          -  700.00000      -  74.6  670s
 138294 16066 infeasible   66               -  700.00000      -  74.6  675s
 139369 16042 infeasible   68               -  700.00000      -  74.6  680s
 140206 16103 infeasible   73               -  700.00000      -  74.7  685s
 141286 16169 infeasible   50               -  700.00000      -  74.7  690s
 142417 16160 infeasible   54               -  700.00000      -  74.7  695s
 143695 16221 infeasible   53               -  700.00000      -  74.7  700s
 144713 16195 infeasible   63               -  700.00000      -  74.8  705s
 145456 16240 infeasible   57               -  700.00000      -  74.8  710s
 146292 16407  703.20712   55   31          -  700.00000      -  74.9  715s
 147043 16585  707.00000   37   18          -  700.00000      -  75.1  720s
 147709 16798  700.00369   54   42          -  700.00000      -  75.4  725s
 148554 17007  700.00000   52   23          -  700.00000      -  75.5  730s
 149492 17115  700.00000   49   19          -  700.00000      -  75.6  735s
 150466 17202  700.00000   59   18          -  700.00000      -  75.6  741s
 150975 17279  700.01058   56   42          -  700.00000      -  75.8  745s
 151900 17408  700.00000   62   19          -  700.00000      -  75.9  750s
 152926 17546  703.14735   39   27          -  700.00000      -  76.0  755s
 153740 17698 infeasible   49               -  700.00000      -  76.1  760s
 154292 17751  700.00000   50   13          -  700.00000      -  76.3  765s
 155453 17778 infeasible   64               -  700.00000      -  76.3  770s
 156424 17885 infeasible   49               -  700.00000      -  76.4  775s
 157017 17892 infeasible   70               -  700.00000      -  76.5  780s
 158091 18037  700.00000   51   16          -  700.00000      -  76.6  785s
 159180 18112  706.31373   54   25          -  700.00000      -  76.6  790s
 160176 18373  700.00000   52   27          -  700.00000      -  76.6  795s
 161324 18505 infeasible   67               -  700.00000      -  76.6  800s
 162412 18547  700.00000   65   24          -  700.00000      -  76.6  805s
 163820 18601 infeasible   68               -  700.00000      -  76.5  810s
 164516 18587  700.00000   52   24          -  700.00000      -  76.5  815s
 165629 18616 infeasible   72               -  700.00000      -  76.5  820s
 166689 18733  700.05764   55   37          -  700.00000      -  76.5  825s
 167766 18888 infeasible   65               -  700.00000      -  76.6  830s
 169213 18999 infeasible   58               -  700.00000      -  76.4  835s
 170804 19076  700.00000   64   18          -  700.00000      -  76.2  840s
 172452 19112 infeasible   51               -  700.00000      -  75.9  845s
 173288 19182  700.00000   66   13          -  700.00000      -  75.7  850s
 174833 19151 infeasible   77               -  700.00000      -  75.5  855s
 176409 19187  701.55513   55   35          -  700.00000      -  75.3  860s
 177335 19314 infeasible   62               -  700.00000      -  75.4  865s
 178325 19403  700.18720   38   38          -  700.00000      -  75.5  870s
 179379 19595  700.00000   49   17          -  700.00000      -  75.5  875s
 181051 19667  700.00000   50   14          -  700.00000      -  75.2  880s
 182340 19789 infeasible   53               -  700.00000      -  75.2  885s
 183594 19888 infeasible   48               -  700.00000      -  75.1  890s
 185005 20081 infeasible   58               -  700.00000      -  75.0  895s

Cutting planes:
  Gomory: 1
  Cover: 63
  Implied bound: 70
  Projected implied bound: 5
  Clique: 1
  MIR: 16
  Flow cover: 29
  GUB cover: 2
  Zero half: 1
  Relax-and-lift: 10

Explored 186247 nodes (14120279 simplex iterations) in 900.00 seconds (1132.95 work units)
Thread count was 1 (of 96 available processors)

Solution count 0

Time limit reached
Best objective -, best bound 7.000000000000e+02, gap -
Solver exception for Scheduling Data 7 | Model: Immediate Precedence HR: Cannot load a SolverResults object with bad status: aborted

[MINLP] Scheduling Data 7 | Model: Time Slots Hull
Set parameter TokenServer to value "mooring.ecn.purdue.edu"
Read LP format model from file /tmp/tmpotbvq5zj.pyomo.lp
Reading time = 0.00 seconds
x652: 126 rows, 652 columns, 3226 nonzeros
Set parameter TimeLimit to value 900
Set parameter Threads to value 1
Gurobi Optimizer version 11.0.0 build v11.0.0rc2 (linux64 - "Oracle Linux Server 9.5")

CPU model: AMD EPYC 7643 48-Core Processor, instruction set [SSE2|AVX|AVX2]
Thread count: 48 physical cores, 96 logical processors, using up to 1 threads

Optimize a model with 126 rows, 652 columns and 3226 nonzeros
Model fingerprint: 0x5cb48375
Variable types: 27 continuous, 625 integer (625 binary)
Coefficient statistics:
  Matrix range     [1e+00, 8e+02]
  Objective range  [1e+00, 1e+00]
  Bounds range     [1e+00, 1e+06]
  RHS range        [1e+00, 1e+00]
Presolve removed 2 rows and 53 columns
Presolve time: 0.02s
Presolved: 124 rows, 599 columns, 2656 nonzeros
Variable types: 2 continuous, 597 integer (573 binary)

Root relaxation: objective 7.000000e+02, 370 iterations, 0.01 seconds (0.01 work units)

    Nodes    |    Current Node    |     Objective Bounds      |     Work
 Expl Unexpl |  Obj  Depth IntInf | Incumbent    BestBd   Gap | It/Node Time

     0     0  700.00000    0   58          -  700.00000      -     -    0s
     0     0  700.00000    0   67          -  700.00000      -     -    0s
     0     0  700.00000    0   66          -  700.00000      -     -    0s
     0     0  700.00000    0   64          -  700.00000      -     -    0s
     0     0  700.00000    0   62          -  700.00000      -     -    0s
     0     0  700.00000    0   63          -  700.00000      -     -    0s
     0     0  700.00000    0   60          -  700.00000      -     -    0s
     0     0  700.00000    0   60          -  700.00000      -     -    0s
     0     0  700.00000    0   61          -  700.00000      -     -    0s
     0     0  700.00000    0   61          -  700.00000      -     -    0s
     0     0  700.00000    0   59          -  700.00000      -     -    0s
     0     0  700.00000    0   79          -  700.00000      -     -    0s
     0     0  700.00000    0   74          -  700.00000      -     -    0s
     0     0  700.00000    0   60          -  700.00000      -     -    0s
     0     0  700.00000    0   61          -  700.00000      -     -    0s
     0     0  700.00000    0   58          -  700.00000      -     -    0s
     0     0  700.00000    0   64          -  700.00000      -     -    0s
     0     0  700.00000    0   20          -  700.00000      -     -    0s
     0     0  700.00000    0   20          -  700.00000      -     -    0s
     0     0  700.00000    0   37          -  700.00000      -     -    0s
     0     0  700.00000    0   26          -  700.00000      -     -    0s
     0     2  700.00000    0   15          -  700.00000      -     -    0s
* 1248   309              33     700.0000000  700.00000  0.00%   4.2    1s

Cutting planes:
  Gomory: 11
  Cover: 4
  Projected implied bound: 1
  MIR: 6
  StrongCG: 5
  Flow cover: 8
  GUB cover: 1
  Relax-and-lift: 1

Explored 1249 nodes (22812 simplex iterations) in 1.43 seconds (1.27 work units)
Thread count was 1 (of 96 available processors)

Solution count 1: 700 

Optimal solution found (tolerance 1.00e-04)
Best objective 7.000000000000e+02, best bound 7.000000000000e+02, gap 0.0000%
Time: 1.54 sec, Objective: 700.0, Termination: optimal

[MINLP] Scheduling Data 7 | Model: General Precedence Hull Reagg
Set parameter TokenServer to value "mooring.ecn.purdue.edu"
Read LP format model from file /tmp/tmpzvaho0u7.pyomo.lp
Reading time = 0.00 seconds
x327: 676 rows, 327 columns, 1886 nonzeros
Set parameter TimeLimit to value 900
Set parameter Threads to value 1
Gurobi Optimizer version 11.0.0 build v11.0.0rc2 (linux64 - "Oracle Linux Server 9.5")

CPU model: AMD EPYC 7643 48-Core Processor, instruction set [SSE2|AVX|AVX2]
Thread count: 48 physical cores, 96 logical processors, using up to 1 threads

Optimize a model with 676 rows, 327 columns and 1886 nonzeros
Model fingerprint: 0x866fd4df
Variable types: 27 continuous, 300 integer (300 binary)
Coefficient statistics:
  Matrix range     [1e+00, 8e+02]
  Objective range  [1e+00, 1e+00]
  Bounds range     [1e+00, 8e+02]
  RHS range        [1e+00, 8e+02]
Presolve removed 132 rows and 56 columns
Presolve time: 0.01s
Presolved: 544 rows, 271 columns, 1578 nonzeros
Variable types: 26 continuous, 245 integer (245 binary)

Root relaxation: objective 3.330000e+02, 166 iterations, 0.00 seconds (0.00 work units)

    Nodes    |    Current Node    |     Objective Bounds      |     Work
 Expl Unexpl |  Obj  Depth IntInf | Incumbent    BestBd   Gap | It/Node Time

     0     0  333.00000    0   37          -  333.00000      -     -    0s
     0     0  333.00000    0   99          -  333.00000      -     -    0s
     0     0  333.00000    0   89          -  333.00000      -     -    0s
     0     0  333.00000    0   90          -  333.00000      -     -    0s
     0     0  335.91089    0  101          -  335.91089      -     -    0s
     0     0  335.91089    0  119          -  335.91089      -     -    0s
     0     0  336.05738    0  124          -  336.05738      -     -    0s
     0     0  336.54916    0  124          -  336.54916      -     -    0s
     0     0  336.54916    0  124          -  336.54916      -     -    0s
     0     0  340.46980    0  137          -  340.46980      -     -    0s
     0     0  348.01431    0  144          -  348.01431      -     -    0s
     0     0  348.01431    0  146          -  348.01431      -     -    0s
     0     0  348.01431    0  144          -  348.01431      -     -    0s
     0     0  348.01431    0  131          -  348.01431      -     -    0s
     0     0  348.01431    0  125          -  348.01431      -     -    0s
     0     0  348.01431    0  137          -  348.01431      -     -    0s
     0     0  348.01431    0  137          -  348.01431      -     -    0s
     0     0  348.19293    0  132          -  348.19293      -     -    0s
     0     0  348.66983    0  136          -  348.66983      -     -    0s
     0     0  348.70498    0  139          -  348.70498      -     -    0s
     0     0  348.70498    0  143          -  348.70498      -     -    0s
     0     0  350.84118    0  122          -  350.84118      -     -    0s
     0     0  352.20000    0  122          -  352.20000      -     -    0s
     0     0  352.20000    0  123          -  352.20000      -     -    0s
     0     0  352.20000    0  119          -  352.20000      -     -    0s
     0     0  352.20000    0  118          -  352.20000      -     -    0s
     0     0  352.20000    0  123          -  352.20000      -     -    0s
     0     0  352.20000    0  120          -  352.20000      -     -    0s
     0     0  352.20000    0  120          -  352.20000      -     -    0s
     0     0  352.20000    0   85          -  352.20000      -     -    0s
     0     0  352.20000    0  100          -  352.20000      -     -    0s
     0     0  352.20000    0   69          -  352.20000      -     -    0s
     0     0  352.20000    0   76          -  352.20000      -     -    0s
     0     0  352.20000    0   58          -  352.20000      -     -    0s
     0     0  352.20000    0   83          -  352.20000      -     -    0s
     0     0  352.20000    0   69          -  352.20000      -     -    0s
     0     0  352.20000    0   58          -  352.20000      -     -    0s
     0     2  361.00000    0   57          -  361.00000      -     -    0s
* 4692  1513              34     700.0000000  468.00000  33.1%  17.0    4s
  4866  1559  550.00000   24   19  700.00000  469.00000  33.0%  16.9    5s
H 5769  1750                     699.9999999  476.00000  32.0%  18.5    6s
  8591  2214  648.00000   41    6  700.00000  488.52138  30.2%  19.7   10s
 10218  2319  571.00000   28   84  700.00000  494.44444  29.4%  20.4   15s
 10267  2352  584.00000   32  133  700.00000  494.44444  29.4%  20.3   20s
 10317  2385  601.00000   44   88  700.00000  494.44444  29.4%  20.2   25s
 11175  2386  690.00000   44    3  700.00000  494.44444  29.4%  28.5   30s
 17034  1681  569.00000   41   18  700.00000  550.00000  21.4%  24.2   35s
 24907  3092  604.00000   41    8  700.00000  572.00000  18.3%  20.5   40s
 32006  4235  642.00000   46    7  700.00000  585.00000  16.4%  18.5   45s
 43359  6782  592.00000   47   11  700.00000  592.00000  15.4%  15.7   50s
 58366  9278  642.00000   45    9  700.00000  600.00000  14.3%  13.3   55s
 73556 11706 infeasible   48       700.00000  604.00000  13.7%  11.9   60s
 92068 15083  605.00000   50    9  700.00000  605.00000  13.6%  10.6   65s
 112888 19763 infeasible   54       700.00000  610.00000  12.9%   9.7   70s
 130159 22061  641.00000   51    5  700.00000  615.00000  12.1%   9.3   75s
 147151 24378     cutoff   54       700.00000  619.00000  11.6%   9.0   80s
 166185 27926  685.00000   51    3  700.00000  621.00000  11.3%   8.7   85s
 183145 30718  695.00000   57    2  700.00000  624.00000  10.9%   8.4   90s
 201710 34446  642.00000   49    6  700.00000  626.00000  10.6%   8.1   95s
 219571 37987 infeasible   52       700.00000  627.00000  10.4%   7.9  100s
 236829 39694  631.00000   50    6  700.00000  631.00000  9.86%   7.7  105s
 253762 42582  698.00000   59    1  700.00000  633.00000  9.57%   7.6  110s
 270606 44819  634.00000   46    6  700.00000  634.00000  9.43%   7.5  115s
 287838 47792 infeasible   56       700.00000  635.00000  9.29%   7.4  120s
 305275 50014  695.00000   65    1  700.00000  639.00000  8.71%   7.3  125s
 323273 53732 infeasible   67       700.00000  640.00000  8.57%   7.2  130s
 339425 56551     cutoff   56       700.00000  640.00000  8.57%   7.1  135s
 355992 58519  642.00000   60    8  700.00000  642.00000  8.29%   7.1  140s
 374248 62457 infeasible   58       700.00000  642.00000  8.29%   7.0  145s
 393139 65812  664.00000   42    3  700.00000  642.00000  8.29%   7.0  150s
 407991 67531 infeasible   61       700.00000  643.00000  8.14%   7.0  155s
 423100 68596 infeasible   64       700.00000  643.00000  8.14%   6.9  160s
 442736 71522 infeasible   54       700.00000  645.00000  7.86%   6.9  165s
 459083 72967 infeasible   54       700.00000  649.00000  7.29%   6.8  170s
 477033 76121  649.00000   63    7  700.00000  649.00000  7.29%   6.8  175s
 495442 78881 infeasible   53       700.00000  649.00000  7.29%   6.7  180s
 512692 80980  650.00000   55    9  700.00000  650.00000  7.14%   6.7  185s
 528381 82520  660.00000   53    4  700.00000  650.00000  7.14%   6.7  190s
 545518 84787  650.00000   52    7  700.00000  650.00000  7.14%   6.6  195s
 562988 87027  661.00000   59    5  700.00000  651.00000  7.00%   6.6  200s
 583087 90028  673.00000   52    2  700.00000  651.00000  7.00%   6.6  205s
 601803 92365  683.00000   66    1  700.00000  652.00000  6.86%   6.6  210s
 626429 96600  683.00000   62    3  700.00000  652.00000  6.86%   6.5  215s
 649777 99974  687.00000   41    3  700.00000  652.00000  6.86%   6.4  220s
 670914 102851 infeasible   57       700.00000  652.00000  6.86%   6.4  225s
 684266 103062 infeasible   52       700.00000  655.00000  6.43%   6.4  230s
 702589 106350  666.00000   44    6  700.00000  656.00000  6.29%   6.4  235s
 722280 110787  662.00000   55    6  700.00000  656.00000  6.29%   6.4  240s
 742032 113584  669.00000   54    3  700.00000  659.00000  5.86%   6.4  245s
 761182 115810  676.00000   54    3  700.00000  659.00000  5.86%   6.4  250s
 780827 118181  659.00000   56    7  700.00000  659.00000  5.86%   6.4  255s
 799148 120163  695.00000   51    3  700.00000  659.00000  5.86%   6.4  260s
 817136 121169  685.00000   47    2  700.00000  659.00000  5.86%   6.4  265s
 829329 120987  695.00000   66    1  700.00000  660.00000  5.71%   6.5  270s
 848265 121837  695.00000   61    1  700.00000  660.00000  5.71%   6.5  275s
 868926 123059  695.00000   54    1  700.00000  660.00000  5.71%   6.5  280s
 891291 126170  671.00000   67    3  700.00000  661.00000  5.57%   6.5  285s
 916748 130047  678.00000   56    3  700.00000  661.00000  5.57%   6.4  290s
 945602 133377  671.00000   51    3  700.00000  661.00000  5.57%   6.4  295s
 974747 136479  683.00000   60    1  700.00000  661.00000  5.57%   6.3  300s
 997146 137195     cutoff   61       700.00000  662.00000  5.43%   6.3  305s
 1024053 136335  698.00000   62    1  700.00000  662.00000  5.43%   6.3  310s
 1044003 136407  663.00000   54    4  700.00000  663.00000  5.29%   6.2  315s
 1071318 138199  666.00000   50    6  700.00000  666.00000  4.86%   6.2  320s
 1091506 140940  695.00000   62    1  700.00000  666.00000  4.86%   6.2  325s
 1112045 144260  676.00000   60    3  700.00000  666.00000  4.86%   6.2  330s
 1132083 147853  695.00000   60    2  700.00000  666.00000  4.86%   6.2  335s
 1151437 150738  695.00000   63    1  700.00000  666.00000  4.86%   6.2  340s
 1170378 153959  695.00000   57    2  700.00000  666.00000  4.86%   6.2  345s
 1190157 157347  676.00000   55    5  700.00000  666.00000  4.86%   6.2  350s
 1210558 161401  666.00000   53    4  700.00000  666.00000  4.86%   6.2  355s
 1231103 163746  685.00000   58    3  700.00000  668.00000  4.57%   6.2  360s
 1256420 167264  695.00000   56    2  700.00000  668.00000  4.57%   6.1  365s
 1282671 171556     cutoff   52       700.00000  669.00000  4.43%   6.1  370s
 1307564 173016  690.00000   61    1  700.00000  669.00000  4.43%   6.1  375s
 1334952 174757  690.00000   65    1  700.00000  669.00000  4.43%   6.0  380s
 1358601 177601  688.00000   56    2  700.00000  669.00000  4.43%   6.0  385s
 1379825 179555  697.00000   63    1  700.00000  670.00000  4.29%   6.0  390s
 1406195 184147  697.00000   60    1  700.00000  670.00000  4.29%   6.0  395s
 1429870 188012  697.00000   50    2  700.00000  670.00000  4.29%   6.0  400s
 1452676 192569  690.00000   68    1  700.00000  671.00000  4.14%   6.0  405s
 1478116 195736  683.00000   74    1  700.00000  671.00000  4.14%   5.9  410s
 1503749 199843  688.00000   65    2  700.00000  671.00000  4.14%   5.9  415s
 1528865 203797  683.00000   71    2  700.00000  671.00000  4.14%   5.9  420s
 1554426 207744  689.00000   66    1  700.00000  671.00000  4.14%   5.8  425s
 1579438 209836  690.00000   58    1  700.00000  671.00000  4.14%   5.8  430s
 1603916 211696  671.00000   62    3  700.00000  671.00000  4.14%   5.8  435s
 1628232 213088  690.00000   58    1  700.00000  671.00000  4.14%   5.8  440s
 1652777 215340  671.00000   59    3  700.00000  671.00000  4.14%   5.8  445s
 1677939 217175  683.00000   56    1  700.00000  673.00000  3.86%   5.7  450s
 1712786 217457  683.00000   72    1  700.00000  673.00000  3.86%   5.7  455s
 1747231 217428     cutoff   53       700.00000  673.00000  3.86%   5.6  460s
 1773314 217759  695.00000   55    1  700.00000  675.00000  3.57%   5.6  465s
 1789644 220596  685.00000   51    3  700.00000  675.00000  3.57%   5.6  470s
 1810005 223721  685.00000   55    4  700.00000  675.00000  3.57%   5.6  475s
 1831145 227597  695.00000   66    1  700.00000  675.00000  3.57%   5.6  480s
 1851175 230179  676.00000   53    3  700.00000  676.00000  3.43%   5.6  485s
 1875431 231641 infeasible   60       700.00000  676.00000  3.43%   5.6  490s
 1897505 232122 infeasible   60       700.00000  676.00000  3.43%   5.6  495s
 1921152 233093  695.00000   55    2  700.00000  676.00000  3.43%   5.5  500s
 1944087 234391  695.00000   54    2  700.00000  676.00000  3.43%   5.5  505s
 1966097 235607     cutoff   60       700.00000  676.00000  3.43%   5.5  510s
 1990705 237738  695.00000   60    2  700.00000  676.00000  3.43%   5.5  515s
 2014370 240093 infeasible   60       700.00000  677.00000  3.29%   5.5  520s
 2034855 243448  687.00000   58    4  700.00000  677.00000  3.29%   5.5  525s
 2055466 246889  697.00000   58    1  700.00000  677.00000  3.29%   5.5  530s
 2075594 250298  677.00000   57    4  700.00000  677.00000  3.29%   5.5  535s
 2096443 253965  697.00000   55    1  700.00000  677.00000  3.29%   5.5  540s
 2117093 257793  688.00000   66    2  700.00000  678.00000  3.14%   5.5  545s
 2135955 259601  688.00000   58    2  700.00000  678.00000  3.14%   5.5  550s
 2160748 261542     cutoff   50       700.00000  678.00000  3.14%   5.5  555s
 2185470 262956  690.00000   55    2  700.00000  678.00000  3.14%   5.5  560s
 2208213 263877  695.00000   61    1  700.00000  678.00000  3.14%   5.5  565s
 2232800 265657  698.00000   56    1  700.00000  678.00000  3.14%   5.5  570s
 2254091 264280  698.00000   62    1  700.00000  679.00000  3.00%   5.5  575s
 2275693 265838     cutoff   61       700.00000  680.00000  2.86%   5.4  580s
 2312206 266486 infeasible   42       700.00000  680.00000  2.86%   5.4  585s
 2341553 267263  697.00000   42    2  700.00000  680.00000  2.86%   5.4  590s
 2364706 268401     cutoff   65       700.00000  680.00000  2.86%   5.4  595s
 2389050 270015 infeasible   54       700.00000  680.00000  2.86%   5.4  600s
 2412108 271149  697.00000   50    1  700.00000  680.00000  2.86%   5.4  605s
 2438054 270539  683.00000   73    2  700.00000  681.00000  2.71%   5.4  610s
 2460242 267249  690.00000   61    1  700.00000  681.00000  2.71%   5.3  615s
 2483888 266042  683.00000   67    1  700.00000  681.00000  2.71%   5.3  620s
 2509972 259140  683.00000   82    2  700.00000  683.00000  2.43%   5.3  625s
 2537818 252707  683.00000   77    1  700.00000  683.00000  2.43%   5.3  630s
 2565477 246433  683.00000   60    2  700.00000  683.00000  2.43%   5.3  635s
 2590072 244090  685.00000   59    3  700.00000  685.00000  2.14%   5.2  640s
 2611795 247046 infeasible   54       700.00000  685.00000  2.14%   5.2  645s
 2632815 249687  695.00000   61    2  700.00000  685.00000  2.14%   5.2  650s
 2654568 252455 infeasible   60       700.00000  685.00000  2.14%   5.2  655s
 2675300 254543 infeasible   57       700.00000  685.00000  2.14%   5.2  660s
 2697506 257501  685.00000   53    3  700.00000  685.00000  2.14%   5.2  665s
 2718879 259937     cutoff   54       700.00000  685.00000  2.14%   5.2  670s
 2741418 262186  695.00000   61    2  700.00000  685.00000  2.14%   5.2  675s
 2763311 264584  695.00000   62    2  700.00000  685.00000  2.14%   5.2  680s
 2787574 267099     cutoff   57       700.00000  685.00000  2.14%   5.2  685s
 2811304 269691  698.00000   64    1  700.00000  685.00000  2.14%   5.2  690s
 2834399 271291  695.00000   57    2  700.00000  685.00000  2.14%   5.1  695s
 2857337 273973  695.00000   66    1  700.00000  685.00000  2.14%   5.1  700s
 2879759 276635  685.00000   60    3  700.00000  685.00000  2.14%   5.1  705s
 2903732 279849     cutoff   56       700.00000  685.00000  2.14%   5.1  710s
 2927691 282725  695.00000   62    3  700.00000  685.00000  2.14%   5.1  715s
 2952219 285422     cutoff   66       700.00000  685.00000  2.14%   5.1  720s
 2976794 287869  685.00000   57    2  700.00000  685.00000  2.14%   5.1  725s
 3001804 291067  685.00000   55    3  700.00000  685.00000  2.14%   5.1  730s
 3025180 293593  685.00000   59    3  700.00000  685.00000  2.14%   5.1  735s
 3049973 296068  695.00000   61    2  700.00000  685.00000  2.14%   5.1  740s
 3074472 298944  695.00000   63    1  700.00000  685.00000  2.14%   5.0  745s
 3098352 301577  695.00000   58    3  700.00000  685.00000  2.14%   5.0  750s
 3123618 303986  695.00000   57    3  700.00000  685.00000  2.14%   5.0  755s
 3146708 305860 infeasible   60       700.00000  687.00000  1.86%   5.0  760s
 3170599 308238  697.00000   54    2  700.00000  687.00000  1.86%   5.0  765s
 3196352 310701  697.00000   62    2  700.00000  687.00000  1.86%   5.0  770s
 3221074 313144  698.00000   70    1  700.00000  687.00000  1.86%   5.0  775s
 3245624 315384  687.00000   54    4  700.00000  687.00000  1.86%   5.0  780s
 3267906 316869  698.00000   57    1  700.00000  687.00000  1.86%   5.0  785s
 3290923 319222  698.00000   61    1  700.00000  687.00000  1.86%   5.0  790s
 3313906 321447  697.00000   61    3  700.00000  687.00000  1.86%   5.0  795s
 3342184 324283  697.00000   55    3  700.00000  687.00000  1.86%   5.0  800s
 3373725 327735 infeasible   52       700.00000  687.00000  1.86%   5.0  805s
 3404554 331204     cutoff   64       700.00000  687.00000  1.86%   5.0  810s
 3434677 334299  697.00000   59    2  700.00000  687.00000  1.86%   4.9  815s
 3464033 337555  687.00000   54    2  700.00000  687.00000  1.86%   4.9  820s
 3493826 340982  697.00000   52    2  700.00000  687.00000  1.86%   4.9  825s
 3523839 343660  687.00000   55    3  700.00000  687.00000  1.86%   4.9  830s
 3551968 346810     cutoff   61       700.00000  687.00000  1.86%   4.9  835s
 3581200 350460  697.00000   54    1  700.00000  687.00000  1.86%   4.9  840s
 3609559 353775 infeasible   54       700.00000  687.00000  1.86%   4.9  845s
 3637359 357032  697.00000   52    1  700.00000  687.00000  1.86%   4.9  850s
 3663765 356783     cutoff   70       700.00000  688.00000  1.71%   4.9  855s
 3686866 355075  689.00000   68    1  700.00000  688.00000  1.71%   4.9  860s
 3711263 352853 infeasible   60       700.00000  688.00000  1.71%   4.9  865s
 3735760 352067  698.00000   71    1  700.00000  688.00000  1.71%   4.9  870s
 3768702 349197     cutoff   71       700.00000  689.00000  1.57%   4.9  875s
 3805700 341104     cutoff   77       700.00000  690.00000  1.43%   4.9  880s
 3841729 331340     cutoff   75       700.00000  690.00000  1.43%   4.9  885s
 3880425 322541  690.00000   68    1  700.00000  690.00000  1.43%   4.8  890s
 3909864 316323  695.00000   62    1  700.00000  695.00000  0.71%   4.8  895s

Cutting planes:
  Cover: 37
  Implied bound: 1
  Clique: 3
  MIR: 40
  Mixing: 1
  Flow cover: 19
  Network: 1
  Relax-and-lift: 12

Explored 3940821 nodes (18986465 simplex iterations) in 900.00 seconds (775.80 work units)
Thread count was 1 (of 96 available processors)

Solution count 2: 700 700 

Time limit reached
Best objective 6.999999999299e+02, best bound 6.950000000000e+02, gap 0.7143%
WARNING: Loading a SolverResults object with an 'aborted' status, but
    containing a solution
Time: 900.55 sec, Objective: 699.9999999298988, Termination: maxTimeLimit

[MINLP] Scheduling Data 8 | Model: Immediate Precedence BigM
Set parameter TokenServer to value "mooring.ecn.purdue.edu"
Read LP format model from file /tmp/tmpq637rj7s.pyomo.lp
Reading time = 0.00 seconds
x702: 703 rows, 677 columns, 3201 nonzeros
Set parameter TimeLimit to value 900
Set parameter Threads to value 1
Gurobi Optimizer version 11.0.0 build v11.0.0rc2 (linux64 - "Oracle Linux Server 9.5")

CPU model: AMD EPYC 7643 48-Core Processor, instruction set [SSE2|AVX|AVX2]
Thread count: 48 physical cores, 96 logical processors, using up to 1 threads

Optimize a model with 703 rows, 677 columns and 3201 nonzeros
Model fingerprint: 0xf2254238
Variable types: 27 continuous, 650 integer (650 binary)
Coefficient statistics:
  Matrix range     [1e+00, 9e+02]
  Objective range  [1e+00, 1e+00]
  Bounds range     [1e+00, 1e+03]
  RHS range        [1e+00, 9e+02]
Presolve removed 199 rows and 112 columns
Presolve time: 0.01s
Presolved: 504 rows, 565 columns, 2394 nonzeros
Variable types: 26 continuous, 539 integer (539 binary)

Root relaxation: objective 5.140000e+02, 165 iterations, 0.00 seconds (0.00 work units)

    Nodes    |    Current Node    |     Objective Bounds      |     Work
 Expl Unexpl |  Obj  Depth IntInf | Incumbent    BestBd   Gap | It/Node Time

     0     0  514.00000    0   14          -  514.00000      -     -    0s
     0     0  514.00000    0   51          -  514.00000      -     -    0s
     0     0  514.00000    0   49          -  514.00000      -     -    0s
     0     0  514.00000    0   24          -  514.00000      -     -    0s
     0     0  514.00000    0   53          -  514.00000      -     -    0s
     0     0  514.00000    0   14          -  514.00000      -     -    0s
     0     0  514.00000    0   12          -  514.00000      -     -    0s
     0     0  514.00000    0   20          -  514.00000      -     -    0s
     0     0  514.00000    0   42          -  514.00000      -     -    0s
     0     0  514.00000    0   17          -  514.00000      -     -    0s
     0     0  514.00000    0   11          -  514.00000      -     -    0s
     0     2  514.00000    0   11          -  514.00000      -     -    0s
  2448  1119  579.00000   65   35          -  514.00000      -  40.6    5s
  6887  3896 infeasible   82               -  514.00000      -  44.6   10s
 10202  5764  623.00000   37   23          -  514.00000      -  49.0   17s
 12560  7248  723.00000   70   21          -  514.00000      -  49.2   20s
 16724  9415  514.00000   38   31          -  514.00000      -  48.3   25s
 21341 12238  514.00000   37   32          -  514.00000      -  48.0   30s
 24743 14190 infeasible   77               -  514.00000      -  49.8   35s
 27916 15175  514.19681   79   30          -  514.00000      -  52.6   40s
 30552 16056 infeasible   95               -  514.00000      -  55.3   45s
 33552 17326  514.00000   50   31          -  514.00000      -  56.6   50s
 37127 19367  514.00000   47   25          -  514.00000      -  57.4   55s
 40728 21596  514.00000   61   36          -  514.00000      -  57.9   60s
 43984 23342 infeasible   67               -  514.00000      -  58.3   65s
 47547 25195  627.00000   50   24          -  514.00000      -  58.8   70s
 49972 26212 infeasible   54               -  514.00000      -  59.6   75s
 52369 26695  526.00000   61   30          -  514.00000      -  60.7   80s
 55212 27578  618.00000   48   23          -  514.00000      -  61.5   85s
 58397 28871 infeasible   50               -  514.00000      -  61.4   90s
 63072 31130  704.00000   84   21          -  514.00000      -  60.5   95s
 67181 32975  525.00000   49   33          -  514.00000      -  59.7  100s
 70670 35022 infeasible   51               -  514.00000      -  60.0  105s
 74688 37419  525.66968   52   34          -  514.00000      -  59.9  110s
 78110 39056  711.00000   62   27          -  514.00000      -  60.0  115s
 82178 41170  514.00000   61   38          -  514.00000      -  59.7  120s
 86467 43991  540.00000   38   29          -  514.00000      -  59.0  125s
 90419 46138  557.00000   88   35          -  514.00000      -  59.0  130s
 94359 47975  731.00000   57   15          -  514.00000      -  58.8  135s
 97854 49284  514.00000   45   30          -  514.00000      -  58.8  140s
 101891 51092  514.56522   41   41          -  514.00000      -  58.6  145s
 105366 52839 infeasible   60               -  514.00000      -  58.6  150s
 108997 54330  657.00000   56   31          -  514.00000      -  58.7  155s
 112200 55624  514.00000   48   23          -  514.00000      -  59.0  160s
 115530 57106  515.95088   63   35          -  514.00000      -  59.0  165s
 119419 58777  529.00000   60   40          -  514.00000      -  59.0  170s
 122638 60154  514.95376   44   26          -  514.00000      -  59.0  175s
 126904 62172 infeasible   55               -  514.00000      -  58.7  180s
 130445 63537  692.00000   64   30          -  514.00000      -  58.8  185s
 133285 64637  538.00000   33   34          -  514.00000      -  59.0  190s
 136954 66304  514.00000   45   25          -  514.00000      -  59.0  195s
 140716 68313  529.00000   92   37          -  514.00000      -  59.1  200s
 144094 70055  532.00000   45   39          -  514.00000      -  59.1  205s
 147916 72191  542.00000   42   34          -  514.00000      -  59.1  210s
 151571 74023 infeasible   57               -  514.00000      -  59.2  215s
 154754 75840 infeasible   76               -  514.00000      -  59.3  220s
 158603 78176  514.02580   68   42          -  514.00000      -  59.4  225s
 162441 80238  534.00000   65   35          -  514.00000      -  59.2  230s
 166758 82434  514.00000   55   28          -  514.00000      -  59.0  235s
 171243 84960  518.29949   42   37          -  514.00000      -  58.7  240s
 174912 87152  535.00000   82   42          -  514.00000      -  58.6  245s
 178826 89337  529.00000   73   33          -  514.00000      -  58.5  250s
 183019 91430 infeasible   51               -  514.00000      -  58.4  255s
 187805 93948  529.00000   54   40          -  514.00000      -  57.9  260s
 193624 96883  529.00000   38   27          -  514.00000      -  57.4  265s
 198939 99787  553.00000   51   33          -  514.00000      -  56.9  270s
 203927 102472  558.00000   36   30          -  514.00000      -  56.5  275s
 208489 104726 infeasible   89               -  514.00000      -  56.3  280s
 211644 106147  514.07254   37   41          -  514.00000      -  56.3  285s
 216506 108454  552.00000   62   34          -  514.00000      -  56.0  290s
 220947 110374  514.00000   34   44          -  514.00000      -  55.9  295s
 225795 112691  548.00000   62   33          -  514.00000      -  55.6  300s
 229931 114542  514.00000   60   42          -  514.00000      -  55.4  305s
 234807 116674  529.00000   83   35          -  514.00000      -  55.2  310s
 239061 118391 infeasible   52               -  514.00000      -  55.2  315s
 242702 119871  600.00000   63   20          -  514.00000      -  55.1  320s
 247238 121676 infeasible   40               -  514.00000      -  55.0  325s
 252301 124292  515.88551   42   39          -  514.00000      -  54.9  330s
 255806 125828  564.00000   46   34          -  514.00000      -  54.9  335s
 260384 127949 infeasible   38               -  514.00000      -  54.8  340s
 264440 129716  529.00000   85   23          -  514.00000      -  54.8  345s
 267045 130495 infeasible   76               -  514.00000      -  55.0  350s
 271146 132950 infeasible   92               -  514.00000      -  55.0  355s
 275055 135298  530.88204   88   36          -  514.00000      -  55.1  360s
 278799 137827  529.00000   89   44          -  514.00000      -  55.0  365s
 283207 140631  514.17485   41   30          -  514.00000      -  55.0  370s
 287173 143083  514.00000   51   33          -  514.00000      -  55.0  375s
 291280 146122  589.00000   56   31          -  514.00000      -  54.9  380s
 295132 148565  514.34306   39   37          -  514.00000      -  54.9  385s
 299553 151391 infeasible   58               -  514.00000      -  54.8  390s
 303346 153522  514.00000   64   39          -  514.00000      -  54.9  395s
 306652 155518 infeasible   85               -  514.00000      -  55.0  400s
 311161 158174  588.00000   71   37          -  514.00000      -  54.9  405s
 314266 159998 infeasible   52               -  514.00000      -  55.0  410s
 318049 162137  514.00000   47   31          -  514.00000      -  55.1  415s
 322651 165073 infeasible  113               -  514.00000      -  55.0  420s
 326286 167013  530.12121   57   33          -  514.00000      -  55.0  425s
 329289 168298 infeasible   66               -  514.00000      -  55.1  430s
 332221 169254  565.00000   71   22          -  514.00000      -  55.3  435s
 334533 170003  529.00000   86   40          -  514.00000      -  55.6  440s
 337499 171189  549.00000   53   35          -  514.00000      -  55.8  445s
 340715 172259  552.00000   67   36          -  514.00000      -  56.0  450s
 343463 173274  560.00000   68   33          -  514.00000      -  56.1  455s
 346394 174264  514.18031   59   43          -  514.00000      -  56.3  460s
 349717 175532 infeasible   70               -  514.00000      -  56.4  465s
 352728 176722  576.00000   77   30          -  514.00000      -  56.5  470s
 356240 178233  521.35404   63   35          -  514.00000      -  56.6  475s
 359616 179437  529.00000   71   36          -  514.00000      -  56.7  480s
 363148 180953  577.00000   93   30          -  514.00000      -  56.7  485s
 366013 181869  572.00000   60   32          -  514.00000      -  56.9  490s
 369514 183193 infeasible   59               -  514.00000      -  56.9  495s
 372860 184367 infeasible   63               -  514.00000      -  57.1  500s
 375907 185588  514.93750   55   33          -  514.00000      -  57.2  505s
 378841 186699  514.62790   52   38          -  514.00000      -  57.3  510s
 382323 187986  543.00000   58   32          -  514.00000      -  57.4  515s
 385560 189107  519.67742   65   39          -  514.00000      -  57.5  520s
 389065 190430 infeasible   58               -  514.00000      -  57.5  525s
 392029 191580  514.33376   71   35          -  514.00000      -  57.6  530s
 394645 192528  514.00033   74   37          -  514.00000      -  57.8  535s
 397644 193535  514.00000   57   46          -  514.00000      -  58.0  540s
 401071 194795  541.00000   68   25          -  514.00000      -  58.0  545s
 404077 195794  522.00000   60   34          -  514.00000      -  58.1  550s
 407248 196835  525.24719   55   33          -  514.00000      -  58.2  555s
 410573 197852  514.00000   56   26          -  514.00000      -  58.3  560s
 413531 198966 infeasible   69               -  514.00000      -  58.4  565s
 416488 199934  514.07980   63   37          -  514.00000      -  58.6  570s
 419033 200767 infeasible   67               -  514.00000      -  58.8  575s
 421591 201582  525.27229   70   33          -  514.00000      -  58.9  580s
 424467 202538 infeasible   75               -  514.00000      -  59.1  585s
 427029 203604  518.80000   59   41          -  514.00000      -  59.2  590s
 429749 204307  514.00000   47   27          -  514.00000      -  59.4  595s
 432154 205042  544.00000   57   37          -  514.00000      -  59.6  600s
 434856 205893  514.00000   48   36          -  514.00000      -  59.8  605s
 438237 207204 infeasible   69               -  514.00000      -  59.8  610s
 441546 208208  514.00000   48   33          -  514.00000      -  59.9  615s
 444686 209275 infeasible   66               -  514.00000      -  59.9  620s
 448231 210572  514.50784   64   34          -  514.00000      -  60.0  625s
 451493 211573  574.00000   64   33          -  514.00000      -  60.1  630s
 454377 212483  635.00000   70   31          -  514.00000      -  60.1  635s
 457832 213774  515.22363   66   33          -  514.00000      -  60.2  640s
 461232 214935  552.00000   70   26          -  514.00000      -  60.3  645s
 464354 215966 infeasible   76               -  514.00000      -  60.3  650s
 467793 217558  514.00000   54   30          -  514.00000      -  60.4  655s
 470549 218126 infeasible   57               -  514.00000      -  60.6  660s
 473110 218811 infeasible   66               -  514.00000      -  60.7  665s
 476389 219921  525.03695   61   44          -  514.00000      -  60.8  670s
 478859 220602  529.00000   60   32          -  514.00000      -  60.9  675s
 481909 221502 infeasible   50               -  514.00000      -  61.0  680s
 485104 222642  514.15023   53   36          -  514.00000      -  61.1  685s
 488444 223754  514.52618   62   34          -  514.00000      -  61.1  690s
 491576 224825 infeasible   61               -  514.00000      -  61.2  695s
 494168 225476  552.35144   61   29          -  514.00000      -  61.3  700s
 497376 226718  515.83556   61   31          -  514.00000      -  61.4  705s
 500248 227538  521.00000   63   33          -  514.00000      -  61.5  710s
 503772 228637  514.06677   55   37          -  514.00000      -  61.5  715s
 506685 229487  518.27778   60   35          -  514.00000      -  61.6  720s
 510054 230626  514.08674   49   38          -  514.00000      -  61.6  725s
 513740 232036  552.00000   86   28          -  514.00000      -  61.6  730s
 517044 233196  564.00000   61   35          -  514.00000      -  61.6  735s
 520625 234562  552.41534   70   38          -  514.00000      -  61.7  740s
 523603 235673 infeasible   74               -  514.00000      -  61.7  745s
 527088 236806 infeasible   65               -  514.00000      -  61.7  750s
 530513 238160 infeasible   66               -  514.00000      -  61.8  755s
 533773 239120 infeasible   76               -  514.00000      -  61.8  760s
 537085 240153 infeasible   62               -  514.00000      -  61.9  765s
 540614 241432  523.00000   54   35          -  514.00000      -  61.9  770s
 543754 242505  521.00000   53   35          -  514.00000      -  61.9  775s
 547215 243431 infeasible   46               -  514.00000      -  61.9  780s
 550542 244472  563.00000   62   32          -  514.00000      -  62.0  785s
 553475 245484 infeasible   70               -  514.00000      -  62.1  790s
 555855 246215  517.91959   71   39          -  514.00000      -  62.2  795s
 558637 247063 infeasible   72               -  514.00000      -  62.3  800s
 561252 248055 infeasible   53               -  514.00000      -  62.4  805s
 564843 249217  564.00000   55   20          -  514.00000      -  62.4  810s
 567919 250192  552.00000   59   31          -  514.00000      -  62.5  815s
 570806 250974 infeasible   57               -  514.00000      -  62.5  820s
 574100 252049  526.00000   59   38          -  514.00000      -  62.6  825s
 577336 252877 infeasible   55               -  514.00000      -  62.6  830s
 580203 253502 infeasible   59               -  514.00000      -  62.7  835s
 583100 254458 infeasible   78               -  514.00000      -  62.8  840s
 586199 255463 infeasible   65               -  514.00000      -  62.9  845s
 589137 256337 infeasible   64               -  514.00000      -  62.9  850s
 592147 257277  515.28494   71   29          -  514.00000      -  63.0  855s
 594371 257909  526.00000   59   28          -  514.00000      -  63.1  860s
 596570 258432  514.00867   59   30          -  514.00000      -  63.1  865s
 599137 259343  514.04349   54   30          -  514.00000      -  63.2  870s
 601385 259999 infeasible   53               -  514.00000      -  63.3  875s
 603638 260356  514.31550   62   33          -  514.00000      -  63.4  880s
 605643 260699  515.46272   69   43          -  514.00000      -  63.5  885s
 607645 261077  563.00000   61   30          -  514.00000      -  63.6  890s
 609758 261416 infeasible   62               -  514.00000      -  63.7  895s

Cutting planes:
  Cover: 4
  Implied bound: 9
  Flow cover: 6
  Relax-and-lift: 14

Explored 612281 nodes (39064787 simplex iterations) in 900.00 seconds (861.12 work units)
Thread count was 1 (of 96 available processors)

Solution count 0

Time limit reached
Best objective -, best bound 5.140000000000e+02, gap -
Solver exception for Scheduling Data 8 | Model: Immediate Precedence BigM: Cannot load a SolverResults object with bad status: aborted

[MINLP] Scheduling Data 8 | Model: Immediate Precedence HR
Set parameter TokenServer to value "mooring.ecn.purdue.edu"
Read LP format model from file /tmp/tmpr7nwhga2.pyomo.lp
Reading time = 0.01 seconds
x1927: 3253 rows, 1927 columns, 9501 nonzeros
Set parameter TimeLimit to value 900
Set parameter Threads to value 1
Gurobi Optimizer version 11.0.0 build v11.0.0rc2 (linux64 - "Oracle Linux Server 9.5")

CPU model: AMD EPYC 7643 48-Core Processor, instruction set [SSE2|AVX|AVX2]
Thread count: 48 physical cores, 96 logical processors, using up to 1 threads

Optimize a model with 3253 rows, 1927 columns and 9501 nonzeros
Model fingerprint: 0x9d3a76e9
Variable types: 1277 continuous, 650 integer (650 binary)
Coefficient statistics:
  Matrix range     [1e+00, 9e+02]
  Objective range  [1e+00, 1e+00]
  Bounds range     [1e+00, 1e+03]
  RHS range        [1e+00, 5e+01]
Presolve removed 571 rows and 336 columns
Presolve time: 0.02s
Presolved: 2682 rows, 1591 columns, 7804 nonzeros
Variable types: 1052 continuous, 539 integer (539 binary)

Root relaxation: objective 5.155983e+02, 3838 iterations, 0.17 seconds (0.25 work units)

    Nodes    |    Current Node    |     Objective Bounds      |     Work
 Expl Unexpl |  Obj  Depth IntInf | Incumbent    BestBd   Gap | It/Node Time

     0     0  515.59831    0   44          -  515.59831      -     -    0s
     0     0  571.29353    0   66          -  571.29353      -     -    0s
     0     0  571.83599    0   64          -  571.83599      -     -    0s
     0     0  571.92879    0   61          -  571.92879      -     -    0s
     0     0  571.92879    0   66          -  571.92879      -     -    0s
     0     0  572.38690    0   69          -  572.38690      -     -    0s
     0     0  572.38690    0   67          -  572.38690      -     -    0s
     0     0  572.38690    0   58          -  572.38690      -     -    0s
     0     0  572.41889    0   62          -  572.41889      -     -    0s
     0     0  572.60229    0   47          -  572.60229      -     -    0s
     0     0  572.65031    0   52          -  572.65031      -     -    0s
     0     0  572.65031    0   52          -  572.65031      -     -    0s
     0     0  572.66462    0   58          -  572.66462      -     -    0s
     0     0  572.66462    0   55          -  572.66462      -     -    0s
     0     0  572.66462    0   64          -  572.66462      -     -    1s
     0     0  572.66462    0   39          -  572.66462      -     -    1s
     0     2  584.24311    0   28          -  584.24311      -     -    1s
   219   135  749.28477   51   40          -  749.00000      -   202    5s
   638   344  767.00000   51   33          -  749.00000      -   218   10s
   758   413  749.72593   26   30          -  749.00000      -  21.1   15s
  1089   484  799.00000   36   29          -  749.08006      -  69.2   20s
* 1494   426              59     791.0000000  749.81235  5.21%  87.7   23s
H 1525   243                     773.0000000  749.81235  3.00%  88.7   23s
H 1552    97                     772.0000000  756.00000  2.07%  90.1   23s

Cutting planes:
  Gomory: 2
  Cover: 1
  MIR: 1
  Flow cover: 1
  Relax-and-lift: 1

Explored 1662 nodes (322869 simplex iterations) in 24.30 seconds (30.57 work units)
Thread count was 1 (of 96 available processors)

Solution count 3: 772 773 791 

Optimal solution found (tolerance 1.00e-04)
Best objective 7.720000000000e+02, best bound 7.720000000000e+02, gap 0.0000%
Time: 24.47 sec, Objective: 772.0, Termination: optimal

[MINLP] Scheduling Data 8 | Model: Time Slots Hull
Set parameter TokenServer to value "mooring.ecn.purdue.edu"
Read LP format model from file /tmp/tmpz15ud6u9.pyomo.lp
Reading time = 0.00 seconds
x652: 126 rows, 652 columns, 3226 nonzeros
Set parameter TimeLimit to value 900
Set parameter Threads to value 1
Gurobi Optimizer version 11.0.0 build v11.0.0rc2 (linux64 - "Oracle Linux Server 9.5")

CPU model: AMD EPYC 7643 48-Core Processor, instruction set [SSE2|AVX|AVX2]
Thread count: 48 physical cores, 96 logical processors, using up to 1 threads

Optimize a model with 126 rows, 652 columns and 3226 nonzeros
Model fingerprint: 0xcf1f2a40
Variable types: 27 continuous, 625 integer (625 binary)
Coefficient statistics:
  Matrix range     [1e+00, 9e+02]
  Objective range  [1e+00, 1e+00]
  Bounds range     [1e+00, 1e+06]
  RHS range        [1e+00, 1e+00]
Presolve removed 2 rows and 84 columns
Presolve time: 0.03s
Presolved: 124 rows, 568 columns, 2672 nonzeros
Variable types: 25 continuous, 543 integer (542 binary)

Root relaxation: objective 7.492238e+02, 516 iterations, 0.01 seconds (0.01 work units)

    Nodes    |    Current Node    |     Objective Bounds      |     Work
 Expl Unexpl |  Obj  Depth IntInf | Incumbent    BestBd   Gap | It/Node Time

     0     0  749.22377    0   38          -  749.22377      -     -    0s
     0     0  749.22377    0   47          -  749.22377      -     -    0s
     0     0  756.52989    0   53          -  756.52989      -     -    0s
     0     0  756.52989    0   46          -  756.52989      -     -    0s
     0     0  767.00000    0   36          -  767.00000      -     -    0s
     0     0  767.00000    0   33          -  767.00000      -     -    0s
     0     0  767.00000    0   35          -  767.00000      -     -    0s
     0     0  767.00000    0   40          -  767.00000      -     -    0s
     0     0  767.00000    0   36          -  767.00000      -     -    0s
     0     0  767.00000    0   30          -  767.00000      -     -    0s
     0     0  767.00000    0   24          -  767.00000      -     -    0s
     0     0  767.00000    0   19          -  767.00000      -     -    0s
     0     0  767.00000    0   24          -  767.00000      -     -    0s
     0     0  767.00000    0   32          -  767.00000      -     -    0s
     0     0  767.00000    0   31          -  767.00000      -     -    0s
     0     0  767.00000    0   31          -  767.00000      -     -    0s
     0     0  767.00000    0   29          -  767.00000      -     -    0s
     0     0  767.00000    0   32          -  767.00000      -     -    0s
     0     0  767.00000    0   27          -  767.00000      -     -    0s
     0     0  767.00000    0   16          -  767.00000      -     -    0s
     0     0  767.00000    0   16          -  767.00000      -     -    0s
     0     0  767.00000    0   13          -  767.00000      -     -    0s
H    0     0                     797.0000000  767.00000  3.76%     -    0s
H    0     0                     786.0000000  767.00000  2.42%     -    0s
     0     0  767.00000    0   19  786.00000  767.00000  2.42%     -    0s
     0     0  767.00000    0   14  786.00000  767.00000  2.42%     -    0s
     0     0  767.00000    0   20  786.00000  767.00000  2.42%     -    0s
     0     0  767.00000    0   14  786.00000  767.00000  2.42%     -    0s
H    0     0                     775.0000000  767.00000  1.03%     -    0s
H    0     0                     774.0000000  767.00000  0.90%     -    0s
     0     2  767.00000    0   14  774.00000  767.00000  0.90%     -    0s
H   27    12                     772.0000000  767.00000  0.65%  15.9    0s

Cutting planes:
  Gomory: 2
  Cover: 58
  Implied bound: 8
  Clique: 12
  MIR: 17
  StrongCG: 2
  GUB cover: 2
  Inf proof: 1
  RLT: 1
  Relax-and-lift: 4

Explored 230 nodes (5379 simplex iterations) in 0.39 seconds (0.33 work units)
Thread count was 1 (of 96 available processors)

Solution count 5: 772 774 775 ... 797

Optimal solution found (tolerance 1.00e-04)
Best objective 7.720000000000e+02, best bound 7.720000000000e+02, gap 0.0000%
Time: 0.50 sec, Objective: 772.0, Termination: optimal

[MINLP] Scheduling Data 8 | Model: General Precedence Hull Reagg
Set parameter TokenServer to value "mooring.ecn.purdue.edu"
Read LP format model from file /tmp/tmpwbu8t0_s.pyomo.lp
Reading time = 0.00 seconds
x327: 676 rows, 327 columns, 1824 nonzeros
Set parameter TimeLimit to value 900
Set parameter Threads to value 1
Gurobi Optimizer version 11.0.0 build v11.0.0rc2 (linux64 - "Oracle Linux Server 9.5")

CPU model: AMD EPYC 7643 48-Core Processor, instruction set [SSE2|AVX|AVX2]
Thread count: 48 physical cores, 96 logical processors, using up to 1 threads

Optimize a model with 676 rows, 327 columns and 1824 nonzeros
Model fingerprint: 0x1bbdd009
Variable types: 27 continuous, 300 integer (300 binary)
Coefficient statistics:
  Matrix range     [1e+00, 9e+02]
  Objective range  [1e+00, 1e+00]
  Bounds range     [1e+00, 1e+03]
  RHS range        [1e+00, 9e+02]
Presolve removed 260 rows and 126 columns
Presolve time: 0.01s
Presolved: 416 rows, 201 columns, 1190 nonzeros
Variable types: 26 continuous, 175 integer (175 binary)

Root relaxation: objective 5.210000e+02, 108 iterations, 0.00 seconds (0.00 work units)

    Nodes    |    Current Node    |     Objective Bounds      |     Work
 Expl Unexpl |  Obj  Depth IntInf | Incumbent    BestBd   Gap | It/Node Time

     0     0  521.00000    0   18          -  521.00000      -     -    0s
     0     0  521.00000    0   25          -  521.00000      -     -    0s
     0     0  521.00000    0   27          -  521.00000      -     -    0s
     0     0  521.00000    0   26          -  521.00000      -     -    0s
     0     0  523.89032    0   35          -  523.89032      -     -    0s
     0     0  525.77941    0   29          -  525.77941      -     -    0s
     0     0  525.77941    0   28          -  525.77941      -     -    0s
     0     0  525.77941    0   26          -  525.77941      -     -    0s
     0     0  544.66667    0   26          -  544.66667      -     -    0s
     0     0  544.66667    0   25          -  544.66667      -     -    0s
     0     0  546.03435    0   25          -  546.03435      -     -    0s
     0     0  546.19626    0   24          -  546.19626      -     -    0s
     0     0  546.19626    0   27          -  546.19626      -     -    0s
     0     0  546.19626    0   31          -  546.19626      -     -    0s
     0     0  546.46809    0   25          -  546.46809      -     -    0s
     0     0  546.46809    0   26          -  546.46809      -     -    0s
     0     0  546.46809    0   37          -  546.46809      -     -    0s
H    0     0                     774.0000000  546.46809  29.4%     -    0s
     0     0  546.46809    0   30  774.00000  546.46809  29.4%     -    0s
     0     0  546.46809    0   28  774.00000  546.46809  29.4%     -    0s
     0     0  546.46809    0   26  774.00000  546.46809  29.4%     -    0s
H    0     0                     771.9999999  546.46809  29.2%     -    0s
     0     2  547.00000    0   25  772.00000  547.00000  29.1%     -    0s
H 4089  1189                     771.9999998  654.00000  15.3%   9.2    2s
 10202  2751  720.00000   29    5  772.00000  664.00000  14.0%   8.4    5s
 22919  5643 infeasible   28       772.00000  679.00000  12.0%   8.1   10s
 37726  8972  685.00000   28   11  772.00000  685.00000  11.3%   8.1   15s
 51036 11751  688.00000   36   13  772.00000  688.00000  10.9%   7.9   20s
 64073 14378 infeasible   32       772.00000  691.00000  10.5%   7.8   25s
 76949 17511  718.00000   27    7  772.00000  694.00000  10.1%   7.7   30s
 91110 20445  715.00000   30   10  772.00000  694.00000  10.1%   7.6   35s
 103700 22874 infeasible   46       772.00000  696.00000  9.84%   7.6   40s
 117453 24876 infeasible   35       772.00000  698.00000  9.59%   7.7   45s
 132685 27340 infeasible   39       772.00000  699.12500  9.44%   7.6   50s
 147407 29679  718.00000   37    6  772.00000  702.00000  9.07%   7.5   55s
 163180 32213  728.00000   39    5  772.00000  704.00000  8.81%   7.5   60s
 177542 34547  761.00000   46    2  772.00000  706.00000  8.55%   7.5   65s
 190908 36744 infeasible   33       772.00000  707.00000  8.42%   7.5   70s
 203477 38228 infeasible   38       772.00000  709.00000  8.16%   7.6   75s
 217042 40544 infeasible   39       772.00000  709.00000  8.16%   7.6   80s
 232091 43400  733.00000   34    5  772.00000  709.00000  8.16%   7.6   85s
 247557 45871  760.00000   38    5  772.00000  709.00000  8.16%   7.5   90s
 262540 48372     cutoff   42       772.00000  710.00000  8.03%   7.4   95s
 277653 50877  711.00000   34    4  772.00000  711.00000  7.90%   7.4  100s
 291480 52760 infeasible   36       772.00000  712.00000  7.77%   7.3  105s
 305835 54907     cutoff   38       772.00000  713.00000  7.64%   7.3  110s
 322244 57642  718.00000   38    8  772.00000  714.00000  7.51%   7.2  115s
 336493 59546  761.00000   55    3  772.00000  715.00000  7.38%   7.1  120s
 350128 61895 infeasible   33       772.00000  715.00000  7.38%   7.1  125s
 362718 64184     cutoff   47       772.00000  715.00000  7.38%   7.1  130s
 376478 66957  715.00000   39    9  772.00000  715.00000  7.38%   7.1  135s
 390616 69586  719.01725   40    7  772.00000  716.00000  7.25%   7.1  140s
 404435 72136  749.00000   42    4  772.00000  717.00000  7.12%   7.0  145s
 418205 74437  719.00000   36   10  772.00000  718.00000  6.99%   7.0  150s
 431916 76655  749.00000   43    2  772.00000  718.00000  6.99%   7.0  155s
 446219 79135 infeasible   43       772.00000  718.00000  6.99%   7.0  160s
 459918 80925  719.00000   41    7  772.00000  719.00000  6.87%   6.9  165s
 474320 83024  747.00000   38    4  772.00000  719.00000  6.87%   6.9  170s
 488586 85416  761.77049   46    3  772.00000  719.00000  6.87%   6.9  175s
 504069 88389  757.00000   37    5  772.00000  719.00000  6.87%   6.8  180s
 519617 91329  754.00000   40    2  772.00000  719.00000  6.87%   6.8  185s
 536220 94247  749.00000   50    2  772.00000  719.00000  6.87%   6.7  190s
 552483 96939 infeasible   39       772.00000  719.00000  6.87%   6.7  195s
 568420 99818  749.00000   46    2  772.00000  719.00000  6.87%   6.6  200s
 584869 102630  761.00000   52    3  772.00000  719.00000  6.87%   6.6  205s
 599648 104727  719.00000   37    8  772.00000  719.00000  6.87%   6.5  210s
 615011 107035  769.00000   48    3  772.00000  719.14754  6.85%   6.5  215s
 629715 109244     cutoff   36       772.00000  720.00000  6.74%   6.5  220s
 646066 111557  730.00000   49    3  772.00000  720.00000  6.74%   6.5  225s
 662467 113844  720.43750   36    6  772.00000  720.43750  6.68%   6.4  230s
 681254 116170  751.00000   48    2  772.00000  721.00000  6.61%   6.4  235s
 699400 118155  721.00000   40    8  772.00000  721.00000  6.61%   6.4  240s
 716419 119999  734.00000   43    6  772.00000  722.00000  6.48%   6.4  245s
 732077 121825  745.00000   44    5  772.00000  724.00000  6.22%   6.3  250s
 749910 124382  761.00000   46    4  772.00000  724.00000  6.22%   6.3  255s
 767393 126513 infeasible   40       772.00000  724.00000  6.22%   6.3  260s
 784270 128483 infeasible   43       772.00000  724.00000  6.22%   6.3  265s
 800164 130377  724.00000   45    5  772.00000  724.00000  6.22%   6.3  270s
 816199 132284 infeasible   44       772.00000  724.00000  6.22%   6.3  275s
 833703 134834  739.00000   45    8  772.00000  724.00000  6.22%   6.3  280s
 851549 137132     cutoff   46       772.00000  725.00000  6.09%   6.3  285s
 868438 139573  761.00000   42    1  772.00000  725.00000  6.09%   6.2  290s
 887429 142646  745.00000   45    3  772.00000  725.00000  6.09%   6.2  295s
 906853 145821  745.00000   47    2  772.00000  725.00000  6.09%   6.2  300s
 927213 149152  725.00000   37    4  772.00000  725.00000  6.09%   6.1  305s
 946939 152477  731.00000   41    9  772.00000  725.00000  6.09%   6.1  310s
 966956 155374 infeasible   34       772.00000  725.87517  5.97%   6.0  315s
 984648 157132     cutoff   41       772.00000  726.51546  5.89%   6.0  320s
 1001930 159474 infeasible   42       772.00000  727.00000  5.83%   6.0  325s
 1017934 161809  761.00000   55    3  772.00000  727.00000  5.83%   6.0  330s
 1030976 163408  760.00000   36    1  772.00000  727.00000  5.83%   6.0  335s
 1046883 165698  761.00000   46    1  772.00000  728.00000  5.70%   6.1  340s
 1064130 167997  743.00000   46    4  772.00000  728.00000  5.70%   6.0  345s
 1080746 170079  758.00000   33    5  772.00000  728.00000  5.70%   6.0  350s
 1098722 172539 infeasible   49       772.00000  728.00000  5.70%   6.0  355s
 1116818 174997  749.04974   40    6  772.00000  728.00000  5.70%   6.0  360s
 1135505 177763  728.04974   41    9  772.00000  728.04974  5.69%   6.0  365s
 1152936 179605  760.00000   38    1  772.00000  729.00000  5.57%   6.0  370s
 1175604 182161  760.00000   46    1  772.00000  730.00000  5.44%   5.9  375s
 1196195 184674  757.00000   46    3  772.00000  730.00000  5.44%   5.9  380s
 1217783 187313  742.00000   45    5  772.00000  730.00000  5.44%   5.9  385s
 1235821 189467  733.49403   40    6  772.00000  730.00000  5.44%   5.8  390s
 1255981 191967  730.00000   37    3  772.00000  730.00000  5.44%   5.8  395s
 1275196 194372  757.00000   39    1  772.00000  730.00000  5.44%   5.8  400s
 1293398 196383  760.00000   57    1  772.00000  730.00000  5.44%   5.8  405s
 1311091 198857  761.00000   42    4  772.00000  730.00000  5.44%   5.8  410s
 1330004 201251  734.00000   35    6  772.00000  730.00000  5.44%   5.8  415s
 1348005 203657  749.00000   37    2  772.00000  730.08696  5.43%   5.8  420s
 1370127 206798  761.00000   52    4  772.00000  731.00000  5.31%   5.7  425s
 1393405 209098  746.00000   38    4  772.00000  731.00000  5.31%   5.7  430s
 1414562 211250  761.00000   53    4  772.00000  731.00000  5.31%   5.7  435s
 1435838 213305     cutoff   46       772.00000  732.00000  5.18%   5.6  440s
 1454307 214925  743.00000   42    3  772.00000  733.00000  5.05%   5.6  445s
 1470348 216719  761.00000   40    1  772.00000  733.00000  5.05%   5.6  450s
 1486457 218616 infeasible   49       772.00000  733.96774  4.93%   5.6  455s
 1505532 219943  749.00000   43    4  772.00000  734.00000  4.92%   5.6  460s
 1523674 222069  734.00000   34    5  772.00000  734.00000  4.92%   5.6  465s
 1539942 224082  749.00000   49    3  772.00000  734.00000  4.92%   5.6  470s
 1555716 226061  761.00000   47    4  772.00000  734.00000  4.92%   5.6  475s
 1572642 228253     cutoff   42       772.00000  734.00000  4.92%   5.6  480s
 1589773 230555 infeasible   47       772.00000  734.00000  4.92%   5.6  485s
 1606652 232932  761.00000   48    3  772.00000  734.00000  4.92%   5.6  490s
 1621897 235166  734.00000   39    6  772.00000  734.00000  4.92%   5.6  495s
 1640180 237239  745.00000   35    3  772.00000  734.00000  4.92%   5.6  500s
 1657820 238956     cutoff   36       772.00000  734.00000  4.92%   5.6  505s
 1676910 241077     cutoff   50       772.00000  734.00000  4.92%   5.5  510s
 1696890 243319  762.00000   46    3  772.00000  734.00000  4.92%   5.5  515s
 1715293 245160  761.00000   47    1  772.00000  734.00000  4.92%   5.5  520s
 1733810 247034  760.00000   41    1  772.00000  734.00000  4.92%   5.5  525s
 1752563 249438     cutoff   52       772.00000  734.00000  4.92%   5.5  530s
 1771093 251964  760.00000   53    1  772.00000  734.00000  4.92%   5.4  535s
 1789900 254593  760.00000   47    2  772.00000  734.00000  4.92%   5.4  540s
 1808066 256752  760.00000   29    2  772.00000  734.00000  4.92%   5.4  545s
 1825828 258832  745.00000   50    3  772.00000  734.00000  4.92%   5.4  550s
 1844254 261232  761.00000   51    1  772.00000  734.00000  4.92%   5.4  555s
 1862625 263641  736.00000   48    4  772.00000  734.00000  4.92%   5.4  560s
 1879506 265381  746.00000   51    4  772.00000  734.00000  4.92%   5.4  565s
 1897056 267498  760.00000   51    2  772.00000  734.00000  4.92%   5.4  570s
 1913871 269689  749.00000   36    3  772.00000  734.00000  4.92%   5.4  575s
 1932484 272013  734.00000   40    5  772.00000  734.00000  4.92%   5.3  580s
 1950119 274318  734.00000   41    4  772.00000  734.00000  4.92%   5.3  585s
 1967099 276098     cutoff   59       772.00000  734.00000  4.92%   5.3  590s
 1982358 277841  761.00000   44    1  772.00000  734.00000  4.92%   5.3  595s
 2000317 279964  734.00000   43    4  772.00000  734.00000  4.92%   5.3  600s
 2017872 282221     cutoff   50       772.00000  734.00000  4.92%   5.3  605s
 2034318 283983 infeasible   45       772.00000  734.00000  4.92%   5.3  610s
 2050580 285813  757.00000   45    3  772.00000  734.00000  4.92%   5.3  615s
 2067151 287698  734.00000   43    5  772.00000  734.00000  4.92%   5.3  620s
 2084295 289734  745.00000   44    6  772.00000  734.00000  4.92%   5.3  625s
 2099278 291654  760.00000   54    1  772.00000  734.00000  4.92%   5.3  630s
 2114511 293371  734.00000   46    5  772.00000  734.00000  4.92%   5.3  635s
 2131594 295975  734.12121   48    4  772.00000  734.12121  4.91%   5.3  640s
 2147679 298277 infeasible   38       772.00000  734.40909  4.87%   5.3  645s
 2164958 300129  745.00000   47    6  772.00000  735.00000  4.79%   5.3  650s
 2182480 301910  762.00000   47    2  772.00000  735.00000  4.79%   5.3  655s
 2199720 303831  736.00000   39    4  772.00000  735.00000  4.79%   5.3  660s
 2218006 305690  760.00000   54    2  772.00000  735.00000  4.79%   5.3  665s
 2235936 307542  745.00000   44    4  772.00000  735.00000  4.79%   5.3  670s
 2253447 309514     cutoff   45       772.00000  735.00000  4.79%   5.3  675s
 2269147 311069  760.00000   43    5  772.00000  735.00000  4.79%   5.3  680s
 2285332 312612     cutoff   52       772.00000  735.14286  4.77%   5.3  685s
 2302158 314022  736.00000   38    5  772.00000  736.00000  4.66%   5.3  690s
 2318870 315579  736.00000   40    5  772.00000  736.00000  4.66%   5.3  695s
 2337076 316462     cutoff   43       772.00000  736.00000  4.66%   5.3  700s
 2355280 317487  751.00000   41    2  772.00000  736.00000  4.66%   5.2  705s
 2372364 318540  757.00000   39    4  772.00000  736.00000  4.66%   5.2  710s
 2390214 319742  757.00000   47    3  772.00000  736.00000  4.66%   5.2  715s
 2407339 321007  742.00000   43    8  772.00000  736.00000  4.66%   5.2  720s
 2424437 322430 infeasible   36       772.00000  737.00000  4.53%   5.2  725s
 2439933 324375     cutoff   48       772.00000  737.00000  4.53%   5.2  730s
 2456147 326597  737.00000   42    5  772.00000  737.00000  4.53%   5.2  735s
 2472720 328435  757.00000   51    2  772.00000  737.00000  4.53%   5.2  740s
 2488173 330377     cutoff   48       772.00000  737.00000  4.53%   5.2  745s
 2502702 331378  745.70175   49    3  772.00000  738.00000  4.40%   5.2  750s
 2517246 332548  761.00000   51    3  772.00000  739.00000  4.27%   5.2  755s
 2532495 333587  761.00000   47    5  772.00000  739.00000  4.27%   5.2  760s
 2548886 334349  739.00000   46    3  772.00000  739.00000  4.27%   5.2  765s
 2564911 335240  749.00000   47    3  772.00000  739.00000  4.27%   5.2  770s
 2581209 336387  739.00000   43    4  772.00000  739.00000  4.27%   5.2  775s
 2597067 337422  739.00000   43    3  772.00000  739.00000  4.27%   5.2  780s
 2613325 338548     cutoff   45       772.00000  739.00000  4.27%   5.2  785s
 2629991 339648  761.00000   46    3  772.00000  740.00000  4.15%   5.2  790s
H2630276 339663                     771.9999997  740.00000  4.15%   5.2  790s
 2646284 341083  751.00000   39    5  772.00000  740.00000  4.15%   5.2  795s
 2664769 342698     cutoff   48       772.00000  740.00000  4.15%   5.2  800s
 2681146 344239  766.00000   45    2  772.00000  740.00000  4.15%   5.2  805s
 2698205 346253  751.00000   48    3  772.00000  740.00000  4.15%   5.2  810s
 2715597 348149     cutoff   47       772.00000  740.00000  4.15%   5.2  815s
 2732149 350125  740.00000   42    6  772.00000  740.00000  4.15%   5.2  820s
 2750437 352009  751.00000   41    5  772.00000  740.00000  4.15%   5.2  825s
 2767414 353704  749.00000   43    5  772.00000  740.00000  4.15%   5.2  830s
 2784487 354985  757.00000   50    1  772.00000  740.74074  4.05%   5.2  835s
 2800510 355443 infeasible   53       772.00000  741.00000  4.02%   5.2  840s
 2818198 356354  761.00000   43    5  772.00000  742.00000  3.89%   5.2  845s
 2836383 356182     cutoff   47       772.00000  742.00000  3.89%   5.2  850s
 2853480 356507  761.00000   45    1  772.00000  742.00000  3.89%   5.2  855s
 2870517 357661     cutoff   43       772.00000  742.00000  3.89%   5.2  860s
 2887237 358880  757.00000   43    2  772.00000  742.00000  3.89%   5.2  865s
 2903233 359754  742.00000   45    4  772.00000  742.00000  3.89%   5.2  870s
 2919369 360919 infeasible   41       772.00000  742.00000  3.89%   5.2  875s
 2934713 361793  749.93333   41    2  772.00000  743.00000  3.76%   5.2  880s
 2949564 363047 infeasible   50       772.00000  743.00000  3.76%   5.2  885s
 2964996 364282  743.00000   45    3  772.00000  743.00000  3.76%   5.2  890s
 2979147 365136  761.00000   54    1  772.00000  743.00000  3.76%   5.2  895s

Cutting planes:
  Gomory: 17
  Cover: 40
  Implied bound: 46
  Projected implied bound: 3
  Clique: 2
  MIR: 77
  Mixing: 1
  Flow cover: 267
  Inf proof: 43
  RLT: 7
  Relax-and-lift: 22

Explored 2993137 nodes (15471699 simplex iterations) in 900.00 seconds (736.28 work units)
Thread count was 1 (of 96 available processors)

Solution count 4: 772 772 772 774 

Time limit reached
Best objective 7.719999996908e+02, best bound 7.430000000000e+02, gap 3.7565%
WARNING: Loading a SolverResults object with an 'aborted' status, but
    containing a solution
Time: 900.66 sec, Objective: 771.9999996908062, Termination: maxTimeLimit

[MINLP] Scheduling Data 9 | Model: Immediate Precedence BigM
Set parameter TokenServer to value "mooring.ecn.purdue.edu"
Read LP format model from file /tmp/tmplevcdp7h.pyomo.lp
Reading time = 0.00 seconds
x992: 993 rows, 962 columns, 4591 nonzeros
Set parameter TimeLimit to value 900
Set parameter Threads to value 1
Gurobi Optimizer version 11.0.0 build v11.0.0rc2 (linux64 - "Oracle Linux Server 9.5")

CPU model: AMD EPYC 7643 48-Core Processor, instruction set [SSE2|AVX|AVX2]
Thread count: 48 physical cores, 96 logical processors, using up to 1 threads

Optimize a model with 993 rows, 962 columns and 4591 nonzeros
Model fingerprint: 0x7647df5d
Variable types: 32 continuous, 930 integer (930 binary)
Coefficient statistics:
  Matrix range     [1e+00, 1e+03]
  Objective range  [1e+00, 1e+00]
  Bounds range     [1e+00, 1e+03]
  RHS range        [1e+00, 1e+03]
Presolve removed 157 rows and 86 columns
Presolve time: 0.01s
Presolved: 836 rows, 876 columns, 3959 nonzeros
Variable types: 31 continuous, 845 integer (845 binary)

Root relaxation: objective 5.110000e+02, 196 iterations, 0.00 seconds (0.00 work units)

    Nodes    |    Current Node    |     Objective Bounds      |     Work
 Expl Unexpl |  Obj  Depth IntInf | Incumbent    BestBd   Gap | It/Node Time

     0     0  511.00000    0   20          -  511.00000      -     -    0s
     0     0  511.00000    0   49          -  511.00000      -     -    0s
     0     0  511.00000    0   48          -  511.00000      -     -    0s
     0     0  511.00000    0   20          -  511.00000      -     -    0s
     0     0  511.00000    0   32          -  511.00000      -     -    0s
     0     0  511.00000    0   16          -  511.00000      -     -    0s
     0     0  511.00000    0   45          -  511.00000      -     -    0s
     0     0  511.00000    0   17          -  511.00000      -     -    0s
     0     0  511.00000    0   18          -  511.00000      -     -    0s
     0     0  511.00000    0   51          -  511.00000      -     -    0s
     0     0  511.00000    0   16          -  511.00000      -     -    0s
     0     0  511.00000    0   15          -  511.00000      -     -    0s
     0     2  511.00000    0   14          -  511.00000      -     -    0s
  1295   841  526.00000   71   39          -  511.00000      -  32.8    5s
  6036  4064  511.00000   76   26          -  511.00000      -  32.4   10s
  9973  6796  580.00000   99   18          -  511.00000      -  34.8   15s
 12354  8554 infeasible  102               -  511.00000      -  34.0   20s
 17919 12740 infeasible   94               -  511.00000      -  32.6   25s
 22174 15601 infeasible   82               -  511.00000      -  32.8   30s
 26527 18174 infeasible   90               -  511.00000      -  33.8   35s
 30142 20613  561.00000   95   38          -  511.00000      -  35.0   40s
 34240 23272  536.22549   63   45          -  511.00000      -  35.5   45s
 38653 26490  537.63176  100   28          -  511.00000      -  36.0   50s
 41873 28594  564.00000  118   32          -  511.00000      -  36.6   55s
 45783 30689 infeasible  111               -  511.00000      -  37.7   60s
 50186 33245  519.00000  104   40          -  511.00000      -  38.2   65s
 52963 35003 infeasible  107               -  511.00000      -  39.0   70s
 56850 37601  557.00000   77   34          -  511.00000      -  39.7   75s
 61104 40589  511.00000   93   34          -  511.00000      -  40.1   80s
 65260 43273  511.00000   99   36          -  511.00000      -  40.3   85s
 69783 46382 infeasible   85               -  511.00000      -  40.1   90s
 72953 48416 infeasible   99               -  511.00000      -  40.4   95s
 77801 51757  537.44599   84   43          -  511.00000      -  40.3  100s
 82128 54653  595.00000   69   33          -  511.00000      -  40.6  105s
 86270 56348  577.00000   97   21          -  511.00000      -  40.9  110s
 88933 57277  541.00000   87   35          -  511.00000      -  41.4  115s
 92460 58476  511.00000   75   26          -  511.00000      -  41.8  120s
 97746 60133 infeasible   86               -  511.00000      -  41.5  125s
 102959 61953 infeasible  106               -  511.00000      -  41.4  130s
 107092 63465  590.00000   84   21          -  511.00000      -  41.3  135s
 111481 65283  574.00000   89   28          -  511.00000      -  41.4  140s
 115508 67548  538.00000   88   27          -  511.00000      -  41.5  145s
 120702 71174 infeasible   81               -  511.00000      -  41.3  150s
 124220 73848  536.00000  121   26          -  511.00000      -  41.1  155s
 128780 77581  548.00000   93   35          -  511.00000      -  41.0  160s
 133941 81085  548.00000   62   34          -  511.00000      -  40.8  165s
 139376 84386 infeasible   88               -  511.00000      -  40.5  170s
 143342 87114  569.00000   79   40          -  511.00000      -  40.3  175s
 148617 91020 infeasible  111               -  511.00000      -  40.0  180s
 154328 95085  614.00000   86   25          -  511.00000      -  39.7  185s
 159652 99352  561.00000   84   43          -  511.00000      -  39.5  190s
 164917 103444 infeasible   94               -  511.00000      -  39.2  195s
 169457 105780  621.96544   88   17          -  511.00000      -  39.0  200s
 175553 108334  511.00000   72   32          -  511.00000      -  38.6  205s
 181114 110760  582.00000   74   28          -  511.00000      -  38.4  210s
 186348 113759 infeasible   91               -  511.00000      -  38.3  215s
 190615 116915  511.00000   45   30          -  511.00000      -  38.2  220s
 193254 118098  540.00000   54   33          -  511.00000      -  38.5  225s
 197630 120474  544.00000   56   27          -  511.00000      -  38.5  230s
 202169 123205 infeasible   63               -  511.00000      -  38.5  235s
 206509 125767 infeasible   76               -  511.00000      -  38.6  240s
 210882 128725  549.00000   51   34          -  511.00000      -  38.5  245s
 214798 130823 infeasible   56               -  511.00000      -  38.7  250s
 218128 133113  627.00000   56   41          -  511.00000      -  38.7  255s
 223271 137125  544.00000  117   29          -  511.00000      -  38.7  260s
 228106 140883  541.00000  100   34          -  511.00000      -  38.6  265s
 233091 144903  543.00000   94   30          -  511.00000      -  38.6  270s
 238103 148765 infeasible   94               -  511.00000      -  38.5  275s
 242648 151951  553.00000   88   33          -  511.00000      -  38.4  280s
 246395 154728  587.00000  134   23          -  511.00000      -  38.4  285s
 250983 157949 infeasible  150               -  511.00000      -  38.4  290s
 256221 161941  511.08568   56   49          -  511.00000      -  38.4  295s
 260981 165288  566.00000  106   30          -  511.00000      -  38.4  300s
 265869 168896 infeasible  113               -  511.00000      -  38.3  305s
 270190 171836 infeasible  196               -  511.00000      -  38.4  310s
 272800 173534  527.00000  166   38          -  511.00000      -  38.5  315s
 276898 176596  511.00000   95   39          -  511.00000      -  38.6  320s
 281654 180451  526.00000  169   29          -  511.00000      -  38.6  325s
 285743 183835  516.00000   91   45          -  511.00000      -  38.6  330s
 290038 187375  511.00000   41   56          -  511.00000      -  38.6  335s
 294487 191101 infeasible  122               -  511.00000      -  38.6  340s
 298241 193567  511.00000   65   39          -  511.00000      -  38.6  345s
 303437 197488  554.00000   47   46          -  511.00000      -  38.5  350s
 308636 201159  560.00000   99   26          -  511.00000      -  38.5  355s
 313327 203743  535.00000   79   42          -  511.00000      -  38.5  360s
 318531 206090  558.00000   52   35          -  511.00000      -  38.5  365s
 321736 207293  532.00000   64   46          -  511.00000      -  38.6  370s
 326725 209590 infeasible   81               -  511.00000      -  38.6  375s
 331811 211807 infeasible   86               -  511.00000      -  38.6  380s
 337545 214868 infeasible   70               -  511.00000      -  38.5  385s
 341351 216591  563.00000   77   32          -  511.00000      -  38.6  390s
 346868 219247 infeasible   68               -  511.00000      -  38.5  395s
 352241 221809  601.00000   61   30          -  511.00000      -  38.5  400s
 357936 224334  542.00000   81   28          -  511.00000      -  38.4  405s
 363848 226883 infeasible   80               -  511.00000      -  38.4  410s
 368368 228718  511.00000   68   37          -  511.00000      -  38.4  415s
 373838 231307  559.00000   84   37          -  511.00000      -  38.4  421s
 377028 232640  512.17256   73   36          -  511.00000      -  38.4  425s
 382480 235351 infeasible   82               -  511.00000      -  38.4  430s
 387479 237624  556.00000   64   23          -  511.00000      -  38.5  435s
 392395 239610 infeasible   75               -  511.00000      -  38.5  440s
 396826 241497  570.00000   72   33          -  511.00000      -  38.6  445s
 402368 244329 infeasible   81               -  511.00000      -  38.6  450s
 407431 246793 infeasible   73               -  511.00000      -  38.5  455s
 413079 249415 infeasible   82               -  511.00000      -  38.5  460s
 416899 251053  560.00000   67   33          -  511.00000      -  38.5  465s
 420005 252383  594.00000   78   29          -  511.00000      -  38.6  470s
 426176 255169 infeasible   72               -  511.00000      -  38.5  475s
 432377 258263  662.57651   84   29          -  511.00000      -  38.4  480s
 437730 260947  609.00000   76   31          -  511.00000      -  38.4  485s
 443297 264105  515.39745  140   46          -  511.00000      -  38.4  490s
 448888 267743  594.00000   84   38          -  511.00000      -  38.4  495s
 453621 270832  561.00000   93   45          -  511.00000      -  38.3  500s
 458984 274584  544.00000   83   27          -  511.00000      -  38.3  505s
 463445 277479  601.00000   79   34          -  511.00000      -  38.3  510s
 468099 280423  533.00000   60   36          -  511.00000      -  38.3  515s
 472906 283949  534.00000  118   29          -  511.00000      -  38.3  520s
 477644 287230  611.00000  107   27          -  511.00000      -  38.3  525s
 482733 291155  609.00000  167   35          -  511.00000      -  38.3  530s
 487337 294815  589.00000  166   28          -  511.00000      -  38.2  535s
 492456 299095 infeasible  169               -  511.00000      -  38.2  540s
 497027 303002  563.00000  133   26          -  511.00000      -  38.2  545s
 501525 306747  511.00000  114   41          -  511.00000      -  38.2  550s
 506849 311005  511.00000   48   44          -  511.00000      -  38.1  555s
 511265 313990 infeasible   90               -  511.00000      -  38.1  560s
 514756 316278  548.00000   65   47          -  511.00000      -  38.1  565s
 520001 320233 infeasible   89               -  511.00000      -  38.1  570s
 524245 323513  600.41176   94   27          -  511.00000      -  38.2  575s
 528460 327049  553.00000  212   34          -  511.00000      -  38.2  580s
 533368 331189  544.00000   78   46          -  511.00000      -  38.2  585s
 537902 335112  511.00000   83   46          -  511.00000      -  38.2  590s
 540833 337176  511.02664  137   47          -  511.00000      -  38.2  595s
 544409 339806  511.00000  116   39          -  511.00000      -  38.3  600s
 548794 343467  511.00000  136   46          -  511.00000      -  38.3  605s
 552672 346718 infeasible   95               -  511.00000      -  38.4  610s
 556957 350392  511.00000  124   46          -  511.00000      -  38.4  615s
 561154 354031  511.00000   44   45          -  511.00000      -  38.4  620s
 565238 357173  570.00000  100   38          -  511.00000      -  38.4  625s
 569700 360253 infeasible   83               -  511.00000      -  38.5  630s
 574749 363693  511.68182   95   36          -  511.00000      -  38.5  635s
 579745 367126 infeasible  100               -  511.00000      -  38.5  640s
 584054 370037  518.00000   84   35          -  511.00000      -  38.5  645s
 589095 373606  511.00000   64   33          -  511.00000      -  38.4  650s
 592560 376059  526.00000  119   43          -  511.00000      -  38.5  655s
 597893 379896  546.00000   80   34          -  511.00000      -  38.4  660s
 602875 383489 infeasible  108               -  511.00000      -  38.4  665s
 607246 386497  543.00000   83   42          -  511.00000      -  38.4  670s
 610734 388818 infeasible  114               -  511.00000      -  38.5  675s
 614653 391813  545.00000  129   26          -  511.00000      -  38.6  680s
 618435 394744 infeasible  167               -  511.00000      -  38.6  685s
 623247 397818 infeasible   90               -  511.00000      -  38.6  690s
 627234 399582  550.00000   90   39          -  511.00000      -  38.7  695s
 630356 400756 infeasible   84               -  511.00000      -  38.8  700s
 633598 402062 infeasible   92               -  511.00000      -  38.9  705s
 637223 403557 infeasible   88               -  511.00000      -  38.9  710s
 641874 405535  561.00000  104   32          -  511.00000      -  39.0  715s
 645912 407453  653.00000  103   23          -  511.00000      -  39.0  720s
 648984 408698 infeasible   77               -  511.00000      -  39.1  725s
 652928 410359 infeasible   92               -  511.00000      -  39.2  730s
 655755 411681 infeasible   88               -  511.00000      -  39.2  735s
 660177 414141  539.00000   99   34          -  511.00000      -  39.3  740s
 664303 416044  561.00000  102   29          -  511.00000      -  39.3  745s
 669480 418979  603.00000   91   25          -  511.00000      -  39.3  750s
 673744 420968  588.00000   87   32          -  511.00000      -  39.4  755s
 678122 423059  598.00000  105   31          -  511.00000      -  39.4  760s
 681602 424979  540.00000   85   35          -  511.00000      -  39.4  765s
 686104 427914  568.00000   88   26          -  511.00000      -  39.4  770s
 690593 430179  595.00000   91   37          -  511.00000      -  39.4  775s
 694650 432208 infeasible  104               -  511.00000      -  39.5  780s
 698458 433671 infeasible  103               -  511.00000      -  39.6  785s
 702035 435282  552.00000  105   29          -  511.00000      -  39.6  790s
 705018 436365  511.00000   96   35          -  511.00000      -  39.7  795s
 708460 437752  569.00000  121   31          -  511.00000      -  39.8  800s
 710903 438641  536.00000  112   34          -  511.00000      -  39.9  805s
 714850 440272  569.00000   95   31          -  511.00000      -  40.0  810s
 719069 442243  569.00000  104   32          -  511.00000      -  40.0  815s
 722999 443847  512.50460  107   48          -  511.00000      -  40.0  820s
 726427 444970  553.00000  107   32          -  511.00000      -  40.1  825s
 729813 446404  532.00000  106   37          -  511.00000      -  40.2  830s
 733115 447491 infeasible  104               -  511.00000      -  40.3  835s
 736572 449078 infeasible   95               -  511.00000      -  40.3  840s
 741096 450458  511.14975   90   39          -  511.00000      -  40.3  845s
 744464 451657  511.00000   92   27          -  511.00000      -  40.4  850s
 748316 453233  511.00000  100   38          -  511.00000      -  40.4  855s
 752766 455213 infeasible  114               -  511.00000      -  40.4  860s
 757237 456881  546.00000   97   27          -  511.00000      -  40.4  865s
 760174 457842 infeasible   99               -  511.00000      -  40.5  870s
 764792 459696  528.00000   92   43          -  511.00000      -  40.5  875s
 769084 461457  608.00000   98   32          -  511.00000      -  40.5  880s
 773265 463417 infeasible  101               -  511.00000      -  40.5  885s
 776647 464844  536.00000  103   43          -  511.00000      -  40.5  890s
 779593 465602 infeasible   93               -  511.00000      -  40.6  895s

Cutting planes:
  Learned: 1
  Implied bound: 13
  Projected implied bound: 1
  MIR: 3
  Flow cover: 4
  GUB cover: 1
  Relax-and-lift: 7
  BQP: 2

Explored 783687 nodes (31873884 simplex iterations) in 900.00 seconds (922.77 work units)
Thread count was 1 (of 96 available processors)

Solution count 0

Time limit reached
Best objective -, best bound 5.110000000000e+02, gap -
Solver exception for Scheduling Data 9 | Model: Immediate Precedence BigM: Cannot load a SolverResults object with bad status: aborted

[MINLP] Scheduling Data 9 | Model: Immediate Precedence HR
Set parameter TokenServer to value "mooring.ecn.purdue.edu"
Read LP format model from file /tmp/tmp8xpwu7q8.pyomo.lp
Reading time = 0.01 seconds
x2762: 4653 rows, 2762 columns, 13651 nonzeros
Set parameter TimeLimit to value 900
Set parameter Threads to value 1
Gurobi Optimizer version 11.0.0 build v11.0.0rc2 (linux64 - "Oracle Linux Server 9.5")

CPU model: AMD EPYC 7643 48-Core Processor, instruction set [SSE2|AVX|AVX2]
Thread count: 48 physical cores, 96 logical processors, using up to 1 threads

Optimize a model with 4653 rows, 2762 columns and 13651 nonzeros
Model fingerprint: 0x1721e9d5
Variable types: 1832 continuous, 930 integer (930 binary)
Coefficient statistics:
  Matrix range     [1e+00, 1e+03]
  Objective range  [1e+00, 1e+00]
  Bounds range     [1e+00, 1e+03]
  RHS range        [1e+00, 5e+01]
Presolve removed 434 rows and 257 columns
Presolve time: 0.03s
Presolved: 4219 rows, 2505 columns, 12361 nonzeros
Variable types: 1660 continuous, 845 integer (845 binary)

Root relaxation: objective 5.110000e+02, 5526 iterations, 0.34 seconds (0.51 work units)

    Nodes    |    Current Node    |     Objective Bounds      |     Work
 Expl Unexpl |  Obj  Depth IntInf | Incumbent    BestBd   Gap | It/Node Time

     0     0  511.00000    0   39          -  511.00000      -     -    0s
     0     0  511.00000    0   38          -  511.00000      -     -    0s
     0     0  522.49299    0   69          -  522.49299      -     -    0s
     0     0  549.27389    0   41          -  549.27389      -     -    0s
     0     0  549.27389    0   57          -  549.27389      -     -    0s
     0     0  549.27389    0   60          -  549.27389      -     -    0s
     0     0  551.13372    0   63          -  551.13372      -     -    1s
     0     0  560.47603    0   58          -  560.47603      -     -    1s
     0     0  560.47603    0   62          -  560.47603      -     -    1s
     0     0  560.47603    0   62          -  560.47603      -     -    1s
     0     0  563.59556    0   70          -  563.59556      -     -    1s
     0     0  563.59556    0   67          -  563.59556      -     -    1s
     0     0  578.63739    0   55          -  578.63739      -     -    1s
     0     0  578.78332    0   44          -  578.78332      -     -    1s
     0     0  586.19380    0   47          -  586.19380      -     -    1s
     0     0  588.22436    0   43          -  588.22436      -     -    1s
     0     0  588.74727    0   43          -  588.74727      -     -    1s
     0     0  590.60235    0   44          -  590.60235      -     -    1s
     0     0  590.60235    0   44          -  590.60235      -     -    1s
     0     0  590.60235    0   54          -  590.60235      -     -    1s
     0     0  590.60235    0   54          -  590.60235      -     -    1s
     0     0  590.60235    0   45          -  590.60235      -     -    1s
     0     0  590.60235    0   49          -  590.60235      -     -    1s
     0     0  590.60235    0   40          -  590.60235      -     -    1s
     0     0  590.60235    0   49          -  590.60235      -     -    1s
     0     0  590.60235    0   50          -  590.60235      -     -    2s
     0     0  590.60235    0   45          -  590.60235      -     -    2s
     0     0  590.60235    0   56          -  590.60235      -     -    2s
     0     0  590.60235    0   50          -  590.60235      -     -    2s
     0     0  590.60235    0   41          -  590.60235      -     -    2s
     0     0  590.60235    0   34          -  590.60235      -     -    2s
     0     2  622.20722    0   34          -  622.20722      -     -    2s
   107    68  886.64748   86   25          -  841.00000      -   171    5s
   405   250  853.00000   50   28          -  841.91470      -   155   10s
   721   417  882.00000   73   31          -  841.91470      -   152   16s
   782   446  853.00000   44   24          -  841.97067      -  53.5   20s
*  847   410              79     857.0000000  841.97067  1.75%  53.7   20s
H  952   306                     853.0000000  847.60137  0.63%  68.8   23s

Cutting planes:
  MIR: 1
  Flow cover: 1

Explored 958 nodes (210203 simplex iterations) in 23.91 seconds (30.40 work units)
Thread count was 1 (of 96 available processors)

Solution count 2: 853 857 

Optimal solution found (tolerance 1.00e-04)
Best objective 8.530000000000e+02, best bound 8.530000000000e+02, gap 0.0000%
Time: 24.12 sec, Objective: 853.0, Termination: optimal

[MINLP] Scheduling Data 9 | Model: Time Slots Hull
Set parameter TokenServer to value "mooring.ecn.purdue.edu"
Read LP format model from file /tmp/tmppcnf1j8v.pyomo.lp
Reading time = 0.00 seconds
x932: 151 rows, 932 columns, 4621 nonzeros
Set parameter TimeLimit to value 900
Set parameter Threads to value 1
Gurobi Optimizer version 11.0.0 build v11.0.0rc2 (linux64 - "Oracle Linux Server 9.5")

CPU model: AMD EPYC 7643 48-Core Processor, instruction set [SSE2|AVX|AVX2]
Thread count: 48 physical cores, 96 logical processors, using up to 1 threads

Optimize a model with 151 rows, 932 columns and 4621 nonzeros
Model fingerprint: 0xf13f3ff7
Variable types: 32 continuous, 900 integer (900 binary)
Coefficient statistics:
  Matrix range     [1e+00, 1e+03]
  Objective range  [1e+00, 1e+00]
  Bounds range     [1e+00, 1e+06]
  RHS range        [1e+00, 1e+00]
Presolve removed 2 rows and 45 columns
Presolve time: 0.03s
Presolved: 149 rows, 887 columns, 4114 nonzeros
Variable types: 2 continuous, 885 integer (856 binary)

Root relaxation: objective 8.480385e+02, 557 iterations, 0.01 seconds (0.01 work units)

    Nodes    |    Current Node    |     Objective Bounds      |     Work
 Expl Unexpl |  Obj  Depth IntInf | Incumbent    BestBd   Gap | It/Node Time

     0     0  848.03846    0   57          -  848.03846      -     -    0s
     0     0  853.00000    0   29          -  853.00000      -     -    0s
     0     0  853.00000    0   53          -  853.00000      -     -    0s
     0     0  853.00000    0   28          -  853.00000      -     -    0s
     0     0  853.00000    0   32          -  853.00000      -     -    0s
     0     0  853.00000    0   24          -  853.00000      -     -    0s
     0     0  853.00000    0   24          -  853.00000      -     -    0s
     0     0  853.00000    0   28          -  853.00000      -     -    0s
     0     0  853.00000    0   28          -  853.00000      -     -    0s
     0     2  853.00000    0   28          -  853.00000      -     -    0s
*   35     2              28     853.0000000  853.00000  0.00%  27.6    0s

Cutting planes:
  Gomory: 1
  Cover: 1
  Clique: 10
  MIR: 5
  StrongCG: 1
  GUB cover: 1
  Relax-and-lift: 2

Explored 36 nodes (4504 simplex iterations) in 0.32 seconds (0.31 work units)
Thread count was 1 (of 96 available processors)

Solution count 1: 853 

Optimal solution found (tolerance 1.00e-04)
Best objective 8.530000000000e+02, best bound 8.530000000000e+02, gap 0.0000%
Time: 0.43 sec, Objective: 853.0, Termination: optimal

[MINLP] Scheduling Data 9 | Model: General Precedence Hull Reagg
Set parameter TokenServer to value "mooring.ecn.purdue.edu"
Read LP format model from file /tmp/tmp7yuyt7ht.pyomo.lp
Reading time = 0.00 seconds
x467: 961 rows, 467 columns, 2667 nonzeros
Set parameter TimeLimit to value 900
Set parameter Threads to value 1
Gurobi Optimizer version 11.0.0 build v11.0.0rc2 (linux64 - "Oracle Linux Server 9.5")

CPU model: AMD EPYC 7643 48-Core Processor, instruction set [SSE2|AVX|AVX2]
Thread count: 48 physical cores, 96 logical processors, using up to 1 threads

Optimize a model with 961 rows, 467 columns and 2667 nonzeros
Model fingerprint: 0x69181b8d
Variable types: 32 continuous, 435 integer (435 binary)
Coefficient statistics:
  Matrix range     [1e+00, 1e+03]
  Objective range  [1e+00, 1e+00]
  Bounds range     [1e+00, 1e+03]
  RHS range        [1e+00, 1e+03]
Presolve removed 217 rows and 86 columns
Presolve time: 0.00s
Presolved: 744 rows, 381 columns, 2188 nonzeros
Variable types: 31 continuous, 350 integer (350 binary)

Root relaxation: objective 5.110000e+02, 178 iterations, 0.00 seconds (0.00 work units)

    Nodes    |    Current Node    |     Objective Bounds      |     Work
 Expl Unexpl |  Obj  Depth IntInf | Incumbent    BestBd   Gap | It/Node Time

     0     0  511.00000    0   24          -  511.00000      -     -    0s
     0     0  511.00000    0   78          -  511.00000      -     -    0s
     0     0  511.00000    0   47          -  511.00000      -     -    0s
     0     0  511.00000    0   46          -  511.00000      -     -    0s
     0     0  511.00000    0   59          -  511.00000      -     -    0s
     0     0  511.00000    0   59          -  511.00000      -     -    0s
     0     0  511.34368    0  107          -  511.34368      -     -    0s
     0     0  513.19339    0   99          -  513.19339      -     -    0s
     0     0  513.19339    0  102          -  513.19339      -     -    0s
     0     0  516.31774    0  112          -  516.31774      -     -    0s
     0     0  516.71058    0  106          -  516.71058      -     -    0s
     0     0  520.08363    0  123          -  520.08363      -     -    0s
     0     0  520.55258    0  111          -  520.55258      -     -    0s
     0     0  520.55258    0  117          -  520.55258      -     -    0s
     0     0  521.42437    0  117          -  521.42437      -     -    0s
     0     0  521.90417    0  104          -  521.90417      -     -    0s
     0     0  521.91928    0   99          -  521.91928      -     -    0s
     0     0  522.00592    0  100          -  522.00592      -     -    0s
     0     0  522.00843    0   99          -  522.00843      -     -    0s
     0     0  524.76121    0  110          -  524.76121      -     -    0s
     0     0  524.91204    0  109          -  524.91204      -     -    0s
     0     0  524.91204    0  102          -  524.91204      -     -    0s
     0     0  524.91204    0  107          -  524.91204      -     -    0s
     0     0  525.07301    0  106          -  525.07301      -     -    0s
     0     0  525.07301    0  111          -  525.07301      -     -    0s
     0     0  525.25010    0  119          -  525.25010      -     -    0s
     0     0  525.25582    0  115          -  525.25582      -     -    0s
     0     0  525.54297    0  115          -  525.54297      -     -    0s
     0     0  525.54297    0  114          -  525.54297      -     -    0s
     0     0  526.02005    0  119          -  526.02005      -     -    0s
     0     0  526.02687    0  116          -  526.02687      -     -    0s
     0     0  526.18426    0  113          -  526.18426      -     -    0s
     0     0  526.35820    0  105          -  526.35820      -     -    0s
     0     0  526.38039    0  115          -  526.38039      -     -    0s
     0     0  526.38627    0  115          -  526.38627      -     -    0s
     0     0  526.54073    0  112          -  526.54073      -     -    0s
     0     0  526.55096    0  115          -  526.55096      -     -    0s
     0     0  526.55117    0  117          -  526.55117      -     -    0s
     0     0  526.65793    0  120          -  526.65793      -     -    0s
     0     0  526.69281    0  116          -  526.69281      -     -    0s
     0     0  526.70107    0  107          -  526.70107      -     -    0s
     0     0  526.70113    0  110          -  526.70113      -     -    0s
     0     0  526.74493    0  118          -  526.74493      -     -    0s
     0     0  526.76468    0  108          -  526.76468      -     -    0s
     0     0  526.76468    0  115          -  526.76468      -     -    0s
     0     0  526.80812    0  112          -  526.80812      -     -    0s
     0     0  526.80812    0   57          -  526.80812      -     -    0s
     0     2  526.80984    0   52          -  526.80984      -     -    0s
  3139  1307 infeasible   36               -  536.00000      -  26.1    5s
  6407  2941 infeasible   42               -  541.00000      -  28.7   10s
 10202  4843  684.45455   43   18          -  543.00000      -  26.8   16s
H11117  5318                     958.0000000  543.00000  43.3%  26.3   17s
H11117  5318                     902.0000000  543.00000  39.8%  26.3   17s
H11300  5365                     901.9999999  543.00000  39.8%  26.3   17s
H11703  5470                     885.0000000  543.00000  38.6%  26.7   19s
H11730  5489                     882.0000000  543.00000  38.4%  26.7   19s
H11783  5500                     872.0000000  543.00000  37.7%  26.7   19s
 11934  5539  543.00000   33   49  872.00000  543.00000  37.7%  26.7   20s
H12333  5708                     871.9999999  543.00000  37.7%  26.9   21s
 13224  6025 infeasible   29       872.00000  543.00000  37.7%  27.5   25s
 14805  6462 infeasible   41       872.00000  544.00000  37.6%  29.3   30s
 16927  7410 infeasible   45       872.00000  545.00000  37.5%  29.7   35s
 19543  8714  545.00000   29   59  872.00000  545.00000  37.5%  29.0   40s
*21033  9424              72     853.0000000  545.00000  36.1%  29.2   43s
 21672  9731 infeasible   42       853.00000  545.00000  36.1%  29.3   45s
 23560 10592 infeasible   54       853.00000  545.03371  36.1%  29.9   50s
 25266 11270 infeasible   38       853.00000  546.00000  36.0%  30.3   55s
 27178 11914  561.00000   29   44  853.00000  548.00000  35.8%  30.9   60s
 29047 12525  709.00000   51   17  853.00000  548.00000  35.8%  31.6   65s
 30790 13002  567.95202   41   41  853.00000  550.00000  35.5%  32.2   70s
 32874 13618  574.00000   38   30  853.00000  550.00000  35.5%  32.4   75s
 34840 14362  720.00000   47   15  853.00000  550.00000  35.5%  32.4   80s
 36662 14980  557.44444   42   53  853.00000  550.00000  35.5%  32.7   85s
 38491 15637  607.00000   38   35  853.00000  550.00000  35.5%  33.0   90s
 39950 16070  551.00000   26   69  853.00000  551.00000  35.4%  33.7   95s
 41502 16468 infeasible   45       853.00000  551.00000  35.4%  34.1  100s
 42637 16757  551.00000   30   56  853.00000  551.00000  35.4%  34.6  105s
H43317 16951                     852.9999999  551.00000  35.4%  34.6  106s
 44197 17151  687.00000   45   18  853.00000  551.00000  35.4%  34.9  110s
 45638 17478  551.00000   35   53  853.00000  551.00000  35.4%  35.3  115s
 46893 17691  614.00000   43   29  853.00000  551.00000  35.4%  35.8  120s
 47967 17815  551.00000   34   57  853.00000  551.00000  35.4%  36.5  125s
 49112 17962 infeasible   42       853.00000  551.00000  35.4%  37.1  130s
 50549 18227  552.00000   41   47  853.00000  552.00000  35.3%  37.4  135s
 52334 18708 infeasible   38       853.00000  552.00000  35.3%  37.5  140s
 53932 19244  638.45455   53   23  853.00000  552.77772  35.2%  37.4  145s
 55686 19744  553.20000   27   34  853.00000  553.00000  35.2%  37.4  150s
 57381 20207 infeasible   29       853.00000  553.00000  35.2%  37.5  155s
 58910 20598  553.00000   32   54  853.00000  553.00000  35.2%  37.7  160s
 60579 21063  554.00000   29   52  853.00000  554.00000  35.1%  37.8  165s
 62395 21674 infeasible   62       853.00000  554.00000  35.1%  37.7  170s
 64243 22456 infeasible   71       853.00000  554.28362  35.0%  37.5  175s
 65764 22923 infeasible   48       853.00000  555.00000  34.9%  37.7  180s
 67241 23336  555.00000   30   68  853.00000  555.00000  34.9%  37.9  185s
 68990 23925  737.00000   40   17  853.00000  556.00000  34.8%  37.8  190s
 70775 24538  557.00000   28   53  853.00000  556.00000  34.8%  37.7  195s
 72426 25007  710.00000   36   16  853.00000  557.00000  34.7%  37.8  200s
 74665 26026  748.00000   49   20  853.00000  557.00000  34.7%  37.5  205s
 76524 26737  576.45455   32   46  853.00000  557.45455  34.6%  37.4  210s
 77974 26978  558.00000   30   73  853.00000  558.00000  34.6%  37.5  215s
 78993 27207 infeasible   43       853.00000  558.00000  34.6%  37.6  220s
 80743 27583  558.00000   30   39  853.00000  558.00000  34.6%  37.6  225s
 82411 28095  699.44444   53   17  853.00000  558.00000  34.6%  37.6  230s
 84343 28715  618.39326   34   27  853.00000  558.00000  34.6%  37.5  235s
 86140 29266  651.00000   39   25  853.00000  558.00000  34.6%  37.4  240s
 87727 29643  614.00000   33   25  853.00000  558.00000  34.6%  37.5  245s
 89160 29912  655.00000   48   21  853.00000  558.00000  34.6%  37.7  250s
 90468 30140  676.31579   46   20  853.00000  558.00000  34.6%  37.8  255s
 92386 30798 infeasible   40       853.00000  558.00000  34.6%  37.8  260s
 94541 31543  770.09091   65   10  853.00000  558.00000  34.6%  37.5  266s
 96307 32141  558.00000   34   47  853.00000  558.00000  34.6%  37.3  270s
 97815 32589  594.00000   36   35  853.00000  558.00000  34.6%  37.4  275s
 99316 32992  558.00000   41   45  853.00000  558.00000  34.6%  37.6  280s
 100799 33381  583.25057   40   42  853.00000  558.76923  34.5%  37.7  285s
 102588 33946 infeasible   51       853.00000  559.00000  34.5%  37.6  290s
 103914 34186  559.00000   31   42  853.00000  559.00000  34.5%  37.8  295s
 105073 34419 infeasible   42       853.00000  559.00000  34.5%  38.0  300s
 106128 34564  559.00000   32   65  853.00000  559.00000  34.5%  38.3  305s
 107078 34684 infeasible   56       853.00000  559.05103  34.5%  38.6  310s
 108807 35267  664.00000   38   32  853.00000  560.00000  34.3%  38.6  315s
 110598 35734 infeasible   59       853.00000  560.00000  34.3%  38.5  320s
 112287 36299  608.00000   29   26  853.00000  560.00000  34.3%  38.5  325s
 114161 36855  632.00000   35   25  853.00000  560.00000  34.3%  38.4  330s
 115975 37549  560.00000   32   56  853.00000  560.00000  34.3%  38.3  335s
 117987 38385  702.00000   39   21  853.00000  560.00000  34.3%  38.1  340s
 119727 38951 infeasible   32       853.00000  560.00000  34.3%  38.1  345s
 121028 39280  560.00000   30   48  853.00000  560.00000  34.3%  38.1  350s
 122954 39904  608.00000   29   37  853.00000  560.00000  34.3%  38.1  355s
 124647 40345 infeasible   54       853.00000  560.00000  34.3%  38.1  360s
 125947 40655  587.00000   33   36  853.00000  560.00000  34.3%  38.2  365s
 127866 41270 infeasible   45       853.00000  560.00000  34.3%  38.1  370s
 129687 41843  638.00000   41   26  853.00000  560.00000  34.3%  38.1  375s
 131123 42295  746.09091   54   12  853.00000  560.45455  34.3%  38.1  380s
 132683 42619  565.00000   35   45  853.00000  561.00000  34.2%  38.1  385s
 134097 42973  570.00000   34   42  853.00000  561.00000  34.2%  38.2  390s
 135664 43492 infeasible   34       853.00000  561.00000  34.2%  38.1  395s
 137522 44157  726.00000   52   21  853.00000  561.00000  34.2%  38.1  400s
 139486 44857 infeasible   35       853.00000  561.00000  34.2%  38.0  405s
 140996 45291  580.00000   35   37  853.00000  561.00000  34.2%  38.1  410s
 142868 46047  599.00000   36   38  853.00000  561.00000  34.2%  38.1  415s
 144216 46411  598.54892   35   39  853.00000  561.13485  34.2%  38.1  420s
 145627 46806  572.00000   33   29  853.00000  562.00000  34.1%  38.1  425s
 147655 47420  594.00000   32   36  853.00000  562.00000  34.1%  38.1  430s
 149452 47915 infeasible   43       853.00000  562.00000  34.1%  38.0  435s
 150893 48304 infeasible   41       853.00000  562.00000  34.1%  38.0  440s
 152805 48834 infeasible   31       853.00000  562.00000  34.1%  37.9  445s
 154641 49484  587.00000   34   35  853.00000  562.00000  34.1%  37.9  450s
 156840 50309  562.00000   29   41  853.00000  562.00000  34.1%  37.8  455s
 158915 51094 infeasible   59       853.00000  562.00000  34.1%  37.7  460s
 160539 51712  562.00000   33   39  853.00000  562.00000  34.1%  37.6  465s
 162969 52796 infeasible   68       853.00000  562.00000  34.1%  37.4  470s
 165378 53888 infeasible   60       853.00000  562.00000  34.1%  37.3  475s
 166874 54336  564.14592   24   70  853.00000  562.49196  34.1%  37.3  480s
 168815 54927 infeasible   41       853.00000  563.00000  34.0%  37.2  485s
 171153 55654  570.00000   33   39  853.00000  563.00000  34.0%  37.1  490s
 173471 56510  563.00000   32   59  853.00000  563.00000  34.0%  36.9  495s
 175857 57428  585.00000   26   58  853.00000  563.00000  34.0%  36.8  500s
 177607 58092 infeasible   30       853.00000  563.00000  34.0%  36.8  505s
 178868 58344 infeasible   58       853.00000  563.00000  34.0%  36.9  510s
 180101 58569 infeasible   36       853.00000  563.00000  34.0%  37.0  515s
 181307 58801 infeasible   44       853.00000  563.19205  34.0%  37.2  520s
 183158 59356  577.00000   34   31  853.00000  564.00000  33.9%  37.2  525s
 185491 60181 infeasible   45       853.00000  564.00000  33.9%  37.0  530s
 187762 60924 infeasible   38       853.00000  564.00000  33.9%  36.9  535s
 190017 61651  687.00000   35   16  853.00000  564.00000  33.9%  36.8  540s
 192260 62354  710.00000   42   15  853.00000  564.00000  33.9%  36.7  545s
 194360 62878  650.00000   40   25  853.00000  564.00000  33.9%  36.6  550s
 196250 63444 infeasible   51       853.00000  564.07692  33.9%  36.6  555s
 197909 63921  733.00000   44   24  853.00000  564.84323  33.8%  36.6  560s
 199996 64581  575.00000   32   60  853.00000  565.00000  33.8%  36.6  565s
 201871 65173  619.00000   39   38  853.00000  565.00000  33.8%  36.6  570s
 203762 65776 infeasible   37       853.00000  565.00000  33.8%  36.5  575s
 205592 66336  610.87012   49   31  853.00000  565.00000  33.8%  36.5  580s
 207391 66911  822.00000   47   16  853.00000  565.00000  33.8%  36.5  585s
 209010 67340  565.00000   42   60  853.00000  565.00000  33.8%  36.5  590s
 210434 67732  599.00000   43   35  853.00000  565.00000  33.8%  36.6  595s
 212046 68186 infeasible   52       853.00000  565.00000  33.8%  36.6  600s
 213551 68635  576.46718   48   63  853.00000  565.00000  33.8%  36.7  605s
 215168 69122  640.00000   42   30  853.00000  565.40851  33.7%  36.7  610s
 216688 69492  601.56905   41   32  853.00000  566.00000  33.6%  36.7  615s
 219320 70464 infeasible   55       853.00000  566.00000  33.6%  36.6  620s
 221803 71317  684.00000   40   21  853.00000  566.00000  33.6%  36.4  625s
 223960 72012  686.00000   60   17  853.00000  566.00000  33.6%  36.3  630s
 225879 72469  566.00000   32   35  853.00000  566.00000  33.6%  36.3  635s
 227670 72938  566.00000   36   46  853.00000  566.00000  33.6%  36.3  640s
 228711 73067  570.00000   33   82  853.00000  566.00000  33.6%  36.4  645s
 229750 73212  566.00000   30   55  853.00000  566.00000  33.6%  36.6  650s
 230557 73301  577.00000   39   45  853.00000  566.00000  33.6%  36.7  655s
 231413 73387  568.00000   26   45  853.00000  566.00046  33.6%  36.9  660s
 232965 73761 infeasible   52       853.00000  566.54341  33.6%  36.9  665s
 234944 74282  690.00000   48   18  853.00000  567.00000  33.5%  36.9  670s
 237197 75011 infeasible   52       853.00000  567.00000  33.5%  36.8  675s
 239214 75586  584.00000   39   31  853.00000  567.00000  33.5%  36.7  680s
 241648 76619  851.00000   60    1  853.00000  567.00000  33.5%  36.6  685s
 243765 77318 infeasible   35       853.00000  567.00000  33.5%  36.5  690s
 245539 77822  780.00000   40   11  853.00000  567.00000  33.5%  36.5  695s
 247281 78302  604.00000   38   33  853.00000  567.00000  33.5%  36.5  700s
 248809 78704  586.00000   38   36  853.00000  567.00000  33.5%  36.6  705s
 250260 79063  585.00000   37   46  853.00000  567.00000  33.5%  36.6  710s
 251971 79500  579.66213   43   68  853.00000  567.11814  33.5%  36.6  715s
 253496 79958  571.89747   30   52  853.00000  567.52273  33.5%  36.6  720s
 255178 80495  601.56905   39   37  853.00000  567.94635  33.4%  36.6  725s
 257424 81279 infeasible   47       853.00000  568.00000  33.4%  36.5  730s
 259491 81908 infeasible   54       853.00000  568.00000  33.4%  36.5  735s
 261309 82480  569.00000   32   38  853.00000  568.00000  33.4%  36.5  740s
 263426 83269  620.00000   33   21  853.00000  568.00000  33.4%  36.4  745s
 265757 84012  617.00000   41   28  853.00000  568.00000  33.4%  36.3  750s
 267571 84674  573.00000   26   50  853.00000  568.00000  33.4%  36.3  755s
 269754 85360  650.00000   37   18  853.00000  568.00000  33.4%  36.2  760s
 271891 86165  616.40806   38   28  853.00000  568.00000  33.4%  36.1  765s
 273614 86754  807.00000   39    6  853.00000  568.00000  33.4%  36.1  770s
 275761 87590  677.00000   30   18  853.00000  568.00000  33.4%  36.0  775s
 277435 88120 infeasible   58       853.00000  568.00000  33.4%  36.1  780s
 279260 88758  618.00000   35   27  853.00000  568.00000  33.4%  36.0  785s
 281232 89436  817.00000   47    7  853.00000  568.00000  33.4%  36.0  790s
 283114 90020  592.00000   28   36  853.00000  568.00000  33.4%  36.0  795s
 284668 90422  594.00000   40   42  853.00000  568.00000  33.4%  36.0  800s
 287098 91339  840.00000   60    6  853.00000  568.00000  33.4%  35.9  805s
 289346 92153 infeasible   37       853.00000  568.00000  33.4%  35.8  810s
 291290 92755  698.43182   41   17  853.00000  568.00000  33.4%  35.8  815s
 293387 93379  599.00000   33   25  853.00000  568.00000  33.4%  35.7  820s
 294985 93733 infeasible   27       853.00000  568.00000  33.4%  35.7  825s
 296903 94317 infeasible   42       853.00000  568.00000  33.4%  35.7  830s
 298914 94940 infeasible   27       853.00000  568.00000  33.4%  35.7  835s
 300765 95489 infeasible   34       853.00000  568.00000  33.4%  35.7  840s
 302878 96100  593.00000   25   36  853.00000  568.00000  33.4%  35.6  845s
 304575 96485  568.00000   26   52  853.00000  568.00000  33.4%  35.6  850s
 306776 97146  568.00000   29   51  853.00000  568.00000  33.4%  35.6  855s
 309074 97852 infeasible   33       853.00000  568.00000  33.4%  35.5  860s
 311215 98525  568.00000   28   40  853.00000  568.00000  33.4%  35.4  865s
 313452 99290  672.00000   35   14  853.00000  568.00000  33.4%  35.4  870s
 315047 99683 infeasible   35       853.00000  568.00000  33.4%  35.4  875s
 316829 100224  568.00000   23   58  853.00000  568.00000  33.4%  35.4  880s
 318622 100795  602.85446   44   41  853.00000  568.00000  33.4%  35.4  885s
 320100 101235 infeasible   31       853.00000  568.00000  33.4%  35.4  890s
 322023 101790  568.00000   37   47  853.00000  568.00000  33.4%  35.3  895s

Cutting planes:
  Learned: 5
  Gomory: 86
  Cover: 1243
  Implied bound: 169
  Projected implied bound: 1
  Clique: 4
  MIR: 438
  Mixing: 3
  StrongCG: 1
  Flow cover: 1040
  Inf proof: 210
  RLT: 186
  Relax-and-lift: 72
  BQP: 3

Explored 323889 nodes (11462597 simplex iterations) in 900.00 seconds (888.63 work units)
Thread count was 1 (of 96 available processors)

Solution count 8: 853 853 872 ... 902

Time limit reached
Best objective 8.529999999146e+02, best bound 5.680000000000e+02, gap 33.4115%
WARNING: Loading a SolverResults object with an 'aborted' status, but
    containing a solution
Time: 900.24 sec, Objective: 852.9999999145988, Termination: maxTimeLimit

[MINLP] Scheduling Data 10 | Model: Immediate Precedence BigM
Set parameter TokenServer to value "mooring.ecn.purdue.edu"
Read LP format model from file /tmp/tmpygvvz871.pyomo.lp
Reading time = 0.00 seconds
x992: 993 rows, 962 columns, 4591 nonzeros
Set parameter TimeLimit to value 900
Set parameter Threads to value 1
Gurobi Optimizer version 11.0.0 build v11.0.0rc2 (linux64 - "Oracle Linux Server 9.5")

CPU model: AMD EPYC 7643 48-Core Processor, instruction set [SSE2|AVX|AVX2]
Thread count: 48 physical cores, 96 logical processors, using up to 1 threads

Optimize a model with 993 rows, 962 columns and 4591 nonzeros
Model fingerprint: 0xf2845fe0
Variable types: 32 continuous, 930 integer (930 binary)
Coefficient statistics:
  Matrix range     [1e+00, 1e+03]
  Objective range  [1e+00, 1e+00]
  Bounds range     [1e+00, 1e+03]
  RHS range        [1e+00, 1e+03]
Presolve removed 272 rows and 171 columns
Presolve time: 0.02s
Presolved: 721 rows, 791 columns, 3484 nonzeros
Variable types: 31 continuous, 760 integer (760 binary)

Root relaxation: objective 5.450000e+02, 255 iterations, 0.00 seconds (0.00 work units)

    Nodes    |    Current Node    |     Objective Bounds      |     Work
 Expl Unexpl |  Obj  Depth IntInf | Incumbent    BestBd   Gap | It/Node Time

     0     0  545.00000    0   10          -  545.00000      -     -    0s
     0     0  545.00000    0   55          -  545.00000      -     -    0s
     0     0  545.00000    0   51          -  545.00000      -     -    0s
     0     0  545.00000    0   14          -  545.00000      -     -    0s
     0     0  545.00000    0   13          -  545.00000      -     -    0s
     0     0  545.00000    0   17          -  545.00000      -     -    0s
     0     0  545.00000    0   28          -  545.00000      -     -    0s
     0     0  545.00000    0   14          -  545.00000      -     -    0s
     0     0  545.00000    0   33          -  545.00000      -     -    0s
     0     0  545.00000    0   16          -  545.00000      -     -    0s
     0     0  545.00000    0   15          -  545.00000      -     -    0s
     0     2  545.00000    0   15          -  545.00000      -     -    0s
  1103   726 infeasible   63               -  545.00000      -  43.7    5s
  3253  1613  545.00000   50   33          -  545.00000      -  69.4   10s
  4872  2352  560.00000   64   41          -  545.00000      -  81.1   15s
  6530  2966 infeasible   80               -  545.00000      -  88.7   20s
  8436  3799 infeasible   54               -  545.00000      -  91.2   25s
 10087  4503  545.00000   54   32          -  545.00000      -  92.0   30s
 10431  4791  562.00000   77   30          -  545.00000      -  90.4   35s
 14075  6640  594.00000  171   16          -  545.00000      -  79.9   40s
 18317 10011 infeasible  149               -  545.00000      -  71.2   45s
 21758 12833  545.00000  137   31          -  545.00000      -  67.1   50s
 25459 15729  545.00000  111   35          -  545.00000      -  64.9   55s
 29980 18712  600.00000  142   20          -  545.00000      -  62.0   60s
 33613 21261 infeasible  140               -  545.00000      -  60.5   65s
 37429 24304  590.00000  144   31          -  545.00000      -  59.6   70s
 41014 26818  624.00000  154   29          -  545.00000      -  59.5   75s
 43737 28648  545.00000  141   40          -  545.00000      -  59.6   80s
 46720 30521  591.00000  140   39          -  545.00000      -  60.4   85s
 50180 33056  577.10145  125   38          -  545.00000      -  60.6   90s
 52943 34751  576.72727  128   37          -  545.00000      -  60.7   95s
 56714 37136  548.02479  102   55          -  545.00000      -  60.4  100s
 61212 40124  578.00000  126   32          -  545.00000      -  59.5  105s
 65246 42776  579.00000  121   31          -  545.00000      -  59.1  110s
 68458 44907 infeasible  126               -  545.00000      -  58.7  115s
 72293 47500  545.00000   88   37          -  545.00000      -  58.4  120s
 76326 50517  577.00000  128   32          -  545.00000      -  58.0  125s
 80136 53645  567.87616  150   25          -  545.00000      -  57.8  130s
 83118 55910 infeasible  182               -  545.00000      -  57.7  135s
 86150 58017  545.00000  121   42          -  545.00000      -  58.0  140s
 90154 60907  592.00000  136   32          -  545.00000      -  57.8  145s
 94328 63986  621.00000  107   25          -  545.00000      -  57.5  150s
 96933 65470 infeasible   94               -  545.00000      -  57.8  155s
 99816 66987  569.00000  110   40          -  545.00000      -  58.3  160s
 102769 68714  621.00000  115   28          -  545.00000      -  58.7  165s
 106343 71005 infeasible  122               -  545.00000      -  58.8  170s
 108542 72434  585.00000   83   32          -  545.00000      -  59.2  175s
 112541 75437  545.03705  103   46          -  545.00000      -  58.9  180s
 116672 78397  545.00000   82   37          -  545.00000      -  58.7  185s
 120190 80843  745.00000  122   21          -  545.00000      -  58.8  190s
 124069 83743  545.40968  108   49          -  545.00000      -  58.7  195s
 126941 85472  548.75000  193   41          -  545.00000      -  58.9  200s
 129743 87223  561.02344  150   45          -  545.00000      -  58.9  205s
 133209 89487  547.40000  107   44          -  545.00000      -  58.9  210s
 136996 92020  609.00000  174   36          -  545.00000      -  58.9  215s
 140777 94729  644.00000  157   26          -  545.00000      -  58.8  220s
 144185 97264  545.00000   93   47          -  545.00000      -  58.7  225s
 146950 99563  555.00000  130   37          -  545.00000      -  58.7  230s
 150956 102664  584.00000  128   39          -  545.00000      -  58.5  235s
 154318 105272  661.00000  150   35          -  545.00000      -  58.5  240s
 158149 108436  592.00000  149   37          -  545.00000      -  58.4  245s
 161420 110778  620.00000   95   22          -  545.00000      -  58.3  250s
 165203 113316 infeasible  113               -  545.00000      -  58.3  255s
 168122 115217  555.00000  138   35          -  545.00000      -  58.4  260s
 171726 117770  555.00000   97   35          -  545.00000      -  58.3  265s
 175113 120059  596.00000  103   40          -  545.00000      -  58.3  270s
 179383 123283  545.00000  122   42          -  545.00000      -  58.1  275s
 182440 125310 infeasible  126               -  545.00000      -  58.1  280s
 185313 126688  595.00000   87   37          -  545.00000      -  58.3  285s
 188780 127960  548.89388   90   46          -  545.00000      -  58.4  290s
 192629 129466  547.59091   97   46          -  545.00000      -  58.5  295s
 196691 131556 infeasible  111               -  545.00000      -  58.4  300s
 199570 133203  605.00000  122   35          -  545.00000      -  58.4  305s
 203555 135797 infeasible  106               -  545.00000      -  58.4  310s
 207023 137934  545.00000   84   36          -  545.00000      -  58.4  315s
 210877 140382 infeasible  145               -  545.00000      -  58.4  320s
 214496 142776  780.00000  117   19          -  545.00000      -  58.3  325s
 218799 145764  707.00000   99   32          -  545.00000      -  58.0  330s
 221672 147661  547.30769  126   40          -  545.00000      -  58.0  335s
 224821 149743  607.00000  124   43          -  545.00000      -  58.1  340s
 228920 152200  567.00000  142   20          -  545.00000      -  57.9  345s
 233402 155235  633.00000  146   35          -  545.00000      -  57.7  350s
 237674 158247  552.00000   78   29          -  545.00000      -  57.6  355s
 242143 161720  545.00000   76   38          -  545.00000      -  57.3  360s
 246016 164811  545.60507  147   42          -  545.00000      -  57.1  365s
 248702 166897  545.00000  119   37          -  545.00000      -  57.1  370s
 252490 169981  574.00000  111   30          -  545.00000      -  57.0  375s
 256195 172608  545.00000  126   41          -  545.00000      -  56.9  380s
 259861 175431  558.00000  110   30          -  545.00000      -  56.9  385s
 264007 178431  578.00000  174   29          -  545.00000      -  56.8  390s
 267427 180531  545.00000  142   32          -  545.00000      -  56.7  395s
 271991 183628  558.00000   99   39          -  545.00000      -  56.5  400s
 276379 186738  580.50000  198   30          -  545.00000      -  56.3  405s
 279570 188921  545.00000  113   33          -  545.00000      -  56.2  410s
 283521 191582  586.00000  137   36          -  545.00000      -  56.1  415s
 287468 194227  577.00000  122   39          -  545.00000      -  56.1  420s
 291920 197443  579.00000  121   40          -  545.00000      -  55.9  425s
 296524 200812  576.00000   80   37          -  545.00000      -  55.7  430s
 300369 203389  697.00000  126   35          -  545.00000      -  55.6  435s
 304366 206184 infeasible  108               -  545.00000      -  55.6  440s
 307816 208596  608.00000  125   37          -  545.00000      -  55.5  445s
 311871 211099  545.00000   82   47          -  545.00000      -  55.5  450s
 315243 213237  572.82609  113   37          -  545.00000      -  55.5  455s
 318781 215456  632.00000   89   38          -  545.00000      -  55.5  460s
 322999 218345  572.30769  115   37          -  545.00000      -  55.4  465s
 326659 220753  653.00000  122   31          -  545.00000      -  55.4  470s
 329540 222872  558.00000  128   29          -  545.00000      -  55.4  475s
 333325 225592 infeasible  129               -  545.00000      -  55.4  480s
 337420 228720  612.00000  126   25          -  545.00000      -  55.3  485s
 341331 231448  673.00000   93   41          -  545.00000      -  55.3  490s
 345454 234615  589.00000  112   33          -  545.00000      -  55.2  495s
 349342 237317  550.65217   94   52          -  545.00000      -  55.1  500s
 352354 239461  545.00000   86   40          -  545.00000      -  55.1  505s
 356668 242687 infeasible   85               -  545.00000      -  55.0  510s
 360426 244572  558.68627   90   41          -  545.00000      -  55.0  515s
 364227 246266 infeasible   96               -  545.00000      -  55.0  520s
 366852 247316  577.00000   72   45          -  545.00000      -  55.1  525s
 370810 249293 infeasible   72               -  545.00000      -  55.0  530s
 374913 251406  576.00000   99   34          -  545.00000      -  55.0  535s
 377995 252783 infeasible   99               -  545.00000      -  55.1  540s
 380301 253641  545.00000   91   41          -  545.00000      -  55.3  545s
 382815 254353 infeasible   97               -  545.00000      -  55.6  550s
 385197 255457  574.35412  105   45          -  545.00000      -  55.7  555s
 388246 256538  549.67713   96   38          -  545.00000      -  55.8  560s
 391447 257936  579.00000   97   34          -  545.00000      -  55.9  565s
 395267 259754  578.00000   85   34          -  545.00000      -  55.9  570s
 399430 261496 infeasible   99               -  545.00000      -  55.8  575s
 402180 263061  577.00000   84   31          -  545.00000      -  55.9  580s
 406049 265586  612.00000   89   31          -  545.00000      -  55.8  585s
 409814 268041  563.00000   98   35          -  545.00000      -  55.8  590s
 414068 270977  567.00000  106   34          -  545.00000      -  55.7  595s
 417579 273534  826.00000   90   21          -  545.00000      -  55.7  600s
 422227 276722  545.31452   81   45          -  545.00000      -  55.5  605s
 426505 279697  558.00000   92   41          -  545.00000      -  55.5  610s
 430799 283099  692.00000  155   22          -  545.00000      -  55.4  615s
 434008 285196  545.00000  109   50          -  545.00000      -  55.4  620s
 437312 287147  606.00000  122   31          -  545.00000      -  55.5  625s
 441092 289633  565.33333   85   41          -  545.00000      -  55.4  630s
 444203 291768 infeasible  114               -  545.00000      -  55.4  635s
 448512 294796 infeasible   93               -  545.00000      -  55.4  640s
 452826 297926  701.00000  138   28          -  545.00000      -  55.3  645s
 455690 299982  548.75000   61   44          -  545.00000      -  55.3  650s
 459460 302490  664.00000  154   38          -  545.00000      -  55.3  655s
 463133 304853  545.00000  142   21          -  545.00000      -  55.3  660s
 466460 306939 infeasible  155               -  545.00000      -  55.3  665s
 469187 308715 infeasible  116               -  545.00000      -  55.4  670s
 472714 311118 infeasible   94               -  545.00000      -  55.5  675s
 474765 312380  555.00000  144   38          -  545.00000      -  55.5  680s
 477898 314266  545.00000  116   50          -  545.00000      -  55.6  685s
 481566 316812  577.00000  119   36          -  545.00000      -  55.6  690s
 485126 319113  545.00000   94   27          -  545.00000      -  55.6  695s
 488878 321471  545.00000  101   44          -  545.00000      -  55.6  700s
 492277 323677  667.00000  178   27          -  545.00000      -  55.7  705s
 495569 325825 infeasible  158               -  545.00000      -  55.7  710s
 499408 328614  745.00000  118   25          -  545.00000      -  55.7  715s
 502759 330990  546.21637  113   48          -  545.00000      -  55.7  720s
 506126 333420  545.00000  104   40          -  545.00000      -  55.7  726s
 508650 335439  545.83369  137   49          -  545.00000      -  55.7  730s
 512337 337984  578.00000  113   29          -  545.00000      -  55.7  735s
 516230 340731  545.00000   91   40          -  545.00000      -  55.7  740s
 520299 343554  547.93130  101   38          -  545.00000      -  55.7  745s
 524311 346516  728.00000  129   26          -  545.00000      -  55.6  750s
 526773 348035 infeasible  141               -  545.00000      -  55.7  755s
 530678 350711 infeasible  159               -  545.00000      -  55.6  760s
 534491 353543  736.00000  140   33          -  545.00000      -  55.6  765s
 537911 356074  559.00000  119   31          -  545.00000      -  55.7  770s
 541283 358654  550.74932  143   43          -  545.00000      -  55.6  775s
 544682 360796  545.00000   49   55          -  545.00000      -  55.7  780s
 548429 363169 infeasible  115               -  545.00000      -  55.7  785s
 552355 365840  557.00000   88   40          -  545.00000      -  55.7  790s
 555421 367660  545.00000   99   42          -  545.00000      -  55.7  795s
 558500 369512  551.00000  159   33          -  545.00000      -  55.7  800s
 561890 371818  545.00000   74   46          -  545.00000      -  55.8  805s
 565931 374769  545.00000  105   39          -  545.00000      -  55.7  810s
 569751 377441  547.81863  122   40          -  545.00000      -  55.7  815s
 572859 379474  545.00000   90   47          -  545.00000      -  55.7  820s
 575816 381415  615.00000  108   42          -  545.00000      -  55.8  825s
 579606 383971  552.00000   88   29          -  545.00000      -  55.8  830s
 583623 386833  741.00000  121   33          -  545.00000      -  55.8  835s
 586646 388861  545.28390  102   51          -  545.00000      -  55.8  840s
 590309 391686  545.09212  125   47          -  545.00000      -  55.8  845s
 593673 394417  777.00000  119   23          -  545.00000      -  55.8  850s
 596628 396878  545.00000   74   24          -  545.00000      -  55.9  855s
 600418 399670  555.00000   95   36          -  545.00000      -  55.8  860s
 602630 401183  559.00000   99   29          -  545.00000      -  55.9  865s
 606184 403641 infeasible  147               -  545.00000      -  55.9  870s
 610244 406659  555.00000   92   44          -  545.00000      -  55.8  875s
 613744 409231  545.90323  122   46          -  545.00000      -  55.8  880s
 617218 411579  545.00000  121   49          -  545.00000      -  55.9  885s
 620740 414076  551.00000  105   42          -  545.00000      -  55.9  890s
 623098 415602  545.00000  147   25          -  545.00000      -  55.9  895s

Cutting planes:
  Gomory: 1
  Implied bound: 5
  Flow cover: 2
  GUB cover: 1

Explored 626816 nodes (35083909 simplex iterations) in 900.00 seconds (910.67 work units)
Thread count was 1 (of 96 available processors)

Solution count 0

Time limit reached
Best objective -, best bound 5.450000000000e+02, gap -
Solver exception for Scheduling Data 10 | Model: Immediate Precedence BigM: Cannot load a SolverResults object with bad status: aborted

[MINLP] Scheduling Data 10 | Model: Immediate Precedence HR
Set parameter TokenServer to value "mooring.ecn.purdue.edu"
Read LP format model from file /tmp/tmp029ttna7.pyomo.lp
Reading time = 0.01 seconds
x2762: 4653 rows, 2762 columns, 13651 nonzeros
Set parameter TimeLimit to value 900
Set parameter Threads to value 1
Gurobi Optimizer version 11.0.0 build v11.0.0rc2 (linux64 - "Oracle Linux Server 9.5")

CPU model: AMD EPYC 7643 48-Core Processor, instruction set [SSE2|AVX|AVX2]
Thread count: 48 physical cores, 96 logical processors, using up to 1 threads

Optimize a model with 4653 rows, 2762 columns and 13651 nonzeros
Model fingerprint: 0x27947bba
Variable types: 1832 continuous, 930 integer (930 binary)
Coefficient statistics:
  Matrix range     [1e+00, 1e+03]
  Objective range  [1e+00, 1e+00]
  Bounds range     [1e+00, 1e+03]
  RHS range        [1e+00, 5e+01]
Presolve removed 801 rows and 480 columns
Presolve time: 0.06s
Presolved: 3852 rows, 2282 columns, 11267 nonzeros
Variable types: 1522 continuous, 760 integer (760 binary)

Root relaxation: objective 5.672112e+02, 5682 iterations, 0.37 seconds (0.53 work units)

    Nodes    |    Current Node    |     Objective Bounds      |     Work
 Expl Unexpl |  Obj  Depth IntInf | Incumbent    BestBd   Gap | It/Node Time

     0     0  567.21121    0   48          -  567.21121      -     -    0s
     0     0  627.88411    0   75          -  627.88411      -     -    0s
     0     0  627.88411    0   77          -  627.88411      -     -    0s
     0     0  628.25837    0   74          -  628.25837      -     -    0s
     0     0  628.25837    0   73          -  628.25837      -     -    0s
     0     0  629.26494    0   81          -  629.26494      -     -    1s
     0     0  629.40004    0   75          -  629.40004      -     -    1s
     0     0  629.40004    0   75          -  629.40004      -     -    1s
     0     0  629.60234    0   79          -  629.60234      -     -    1s
     0     0  629.60234    0   76          -  629.60234      -     -    1s
     0     0  634.52862    0   80          -  634.52862      -     -    1s
     0     0  638.34348    0   78          -  638.34348      -     -    1s
     0     0  638.34348    0   71          -  638.34348      -     -    1s
     0     0  638.34348    0   69          -  638.34348      -     -    1s
     0     0  638.34348    0   77          -  638.34348      -     -    1s
     0     0  638.34348    0   72          -  638.34348      -     -    1s
     0     0  638.34348    0   79          -  638.34348      -     -    1s
     0     0  638.34348    0   72          -  638.34348      -     -    1s
     0     0  638.34348    0   77          -  638.34348      -     -    1s
     0     0  638.34348    0   61          -  638.34348      -     -    1s
     0     2  638.34348    0   50          -  638.34348      -     -    2s
    67    41  929.00000   64   41          -  638.34348      -   305    5s
   376   231  652.61797    5   54          -  650.03396      -   202   10s
   650   385  929.00000   23   42          -  674.48044      -   199   15s
   700   427  929.00000   35   33          -  674.48044      -   196   20s
   791   462  929.00000   29   40          -  928.99999      -  88.5   25s
   920   474  928.99999   46   20          -  928.99999      -   119   30s
  1210   533  928.99999   54   24          -  928.99999      -   129   35s
  1746   661  928.99999   64   20          -  928.99999      -   129   40s
  2274   849  930.13868   66   36          -  928.99999      -   129   45s
  2827  1046  929.00000   61   26          -  928.99999      -   129   50s
  3375  1322  929.00691   78   38          -  928.99999      -   128   55s
  3899  1557 infeasible   70               -  928.99999      -   127   60s
  4429  1773  929.00000   52   30          -  928.99999      -   127   65s
  4832  2025  928.99999   76   19          -  928.99999      -   130   70s
  5322  2184  928.99999   58   20          -  928.99999      -   130   75s
  5897  2507  929.00000   75   26          -  928.99999      -   130   80s
  6462  2770  928.99999   85   20          -  928.99999      -   129   85s
  6843  2876  928.99999   75   28          -  928.99999      -   128   90s
  7533  3129 infeasible   89               -  928.99999      -   127   95s
  8065  3366  928.99999   67   32          -  928.99999      -   128  100s
  8569  3624  928.99999   81   27          -  928.99999      -   128  105s
  9193  3824  928.99999   76   29          -  928.99999      -   128  110s
  9813  4068  929.00000   66   23          -  928.99999      -   127  115s
 10202  4268 infeasible   58               -  928.99999      -   128  133s
 10439  4392  929.00000   68   16          -  928.99999      -   128  135s
 11191  4675 infeasible   67               -  928.99999      -   125  140s
 11705  4803  930.39896   62   34          -  928.99999      -   124  145s
 12299  5055  929.00000   86   29          -  928.99999      -   124  150s
 12774  5274  928.99999   51   21          -  928.99999      -   125  155s
 13372  5538  929.16067   73   28          -  928.99999      -   126  160s
 13892  5759  928.99999   49   27          -  928.99999      -   126  165s
 14253  5907  929.00000   58   27          -  928.99999      -   127  170s
 14714  6058  928.99999   84   13          -  928.99999      -   128  175s
 15305  6268  929.00000   57   26          -  928.99999      -   127  180s
 15666  6427  935.00000   92   13          -  928.99999      -   128  185s
 16200  6686  929.20235   87   42          -  928.99999      -   128  190s
 16669  6978  928.99999   39   22          -  928.99999      -   129  195s
 17091  7243  928.99999   62   23          -  928.99999      -   129  200s
 17562  7557  928.99999   59   26          -  928.99999      -   129  205s
 18097  7857  928.99999   55   25          -  928.99999      -   130  210s
 18570  8133  928.99999   60   36          -  928.99999      -   130  215s
 19013  8291  928.99999   74   17          -  928.99999      -   131  220s
 19332  8487 infeasible   73               -  928.99999      -   132  225s
 19780  8643  928.99999   60   21          -  928.99999      -   133  230s
 20306  8892 infeasible  102               -  928.99999      -   133  235s
 20713  9130 infeasible   73               -  928.99999      -   134  240s
 21196  9390  928.99999   76   16          -  928.99999      -   135  245s
 21715  9608  929.00000   93   19          -  928.99999      -   135  250s
 22140  9778  928.99999   63   29          -  928.99999      -   135  255s
 22625 10093  928.99999   86   28          -  928.99999      -   136  260s
 23189 10357  928.99999   72   15          -  928.99999      -   136  265s
 23844 10562  929.00011   78   33          -  928.99999      -   135  270s
 24343 10790  929.00000   84   24          -  928.99999      -   135  276s
 24864 10942  929.02102   97   24          -  928.99999      -   135  280s
 25427 11135  931.76264   89   27          -  928.99999      -   135  285s
 25955 11347  928.99999   65   22          -  928.99999      -   135  290s
 26440 11526  929.00000   92   16          -  928.99999      -   136  295s
 26973 11753 infeasible   93               -  928.99999      -   136  300s
 27505 11954 infeasible   83               -  928.99999      -   136  305s
 28029 12173  929.65190   76   24          -  928.99999      -   137  310s
 28592 12390  929.09823   72   38          -  928.99999      -   137  315s
 29130 12574 infeasible   75               -  928.99999      -   137  320s
 29499 12634  929.00000   73   24          -  928.99999      -   137  325s
 30009 12846 infeasible   77               -  928.99999      -   138  330s
 30612 13040  928.99999   86   20          -  928.99999      -   137  335s
 31173 13203  929.02971   68   30          -  928.99999      -   138  340s
 31689 13318  929.02754   85   33          -  928.99999      -   138  345s
 32062 13395  929.00000   89   20          -  928.99999      -   138  350s
 32668 13510  929.01624   74   36          -  928.99999      -   138  355s
 33114 13696 infeasible   94               -  928.99999      -   138  360s
 33566 13884 infeasible   85               -  928.99999      -   139  365s
 34076 14138  929.01690   97   37          -  928.99999      -   139  370s
 34400 14273  928.99999   72   19          -  928.99999      -   139  375s
 34955 14433 infeasible   90               -  928.99999      -   139  380s
 35511 14659  929.00396   86   40          -  928.99999      -   139  385s
 35982 14808  928.99999   53   28          -  928.99999      -   140  390s
 36525 15113  929.00000   76   23          -  928.99999      -   140  395s
 37052 15277 infeasible   61               -  928.99999      -   140  400s
 37389 15401  928.99999   78   28          -  928.99999      -   140  405s
 37909 15622  929.00000   82   23          -  928.99999      -   140  410s
 38414 15901  928.99999   69   24          -  928.99999      -   140  415s
 38891 15968 infeasible   61               -  928.99999      -   141  420s
 39452 16069 infeasible   74               -  928.99999      -   141  425s
 40040 16349  929.00000   87   18          -  928.99999      -   140  430s
 40508 16501  928.99999   85   14          -  928.99999      -   140  435s
 41060 16712 infeasible   76               -  928.99999      -   140  440s
 41657 17026  929.00000   85   25          -  928.99999      -   140  445s
*42323  5705              93     929.0000000  928.99999  0.00%   139  448s

Cutting planes:
  Gomory: 8
  Cover: 65
  Implied bound: 34
  Projected implied bound: 1
  MIR: 132
  Flow cover: 137
  Relax-and-lift: 7

Explored 42324 nodes (6056194 simplex iterations) in 448.84 seconds (584.68 work units)
Thread count was 1 (of 96 available processors)

Solution count 2: 929 929 

Optimal solution found (tolerance 1.00e-04)
Best objective 9.290000000000e+02, best bound 9.289999852252e+02, gap 0.0000%
Time: 449.05 sec, Objective: 929.0, Termination: optimal

[MINLP] Scheduling Data 10 | Model: Time Slots Hull
Set parameter TokenServer to value "mooring.ecn.purdue.edu"
Read LP format model from file /tmp/tmppdt1lxab.pyomo.lp
Reading time = 0.00 seconds
x932: 151 rows, 932 columns, 4621 nonzeros
Set parameter TimeLimit to value 900
Set parameter Threads to value 1
Gurobi Optimizer version 11.0.0 build v11.0.0rc2 (linux64 - "Oracle Linux Server 9.5")

CPU model: AMD EPYC 7643 48-Core Processor, instruction set [SSE2|AVX|AVX2]
Thread count: 48 physical cores, 96 logical processors, using up to 1 threads

Optimize a model with 151 rows, 932 columns and 4621 nonzeros
Model fingerprint: 0x25acfe1f
Variable types: 32 continuous, 900 integer (900 binary)
Coefficient statistics:
  Matrix range     [1e+00, 1e+03]
  Objective range  [1e+00, 1e+00]
  Bounds range     [1e+00, 1e+06]
  RHS range        [1e+00, 1e+00]
Presolve removed 2 rows and 116 columns
Presolve time: 0.03s
Presolved: 149 rows, 816 columns, 3788 nonzeros
Variable types: 30 continuous, 786 integer (785 binary)

Root relaxation: objective 9.161125e+02, 455 iterations, 0.01 seconds (0.01 work units)

    Nodes    |    Current Node    |     Objective Bounds      |     Work
 Expl Unexpl |  Obj  Depth IntInf | Incumbent    BestBd   Gap | It/Node Time

     0     0  916.11250    0   25          -  916.11250      -     -    0s
     0     0  918.57593    0   25          -  918.57593      -     -    0s
     0     0  929.00000    0   25          -  929.00000      -     -    0s
     0     0  929.00000    0   24          -  929.00000      -     -    0s
     0     0  929.00000    0   30          -  929.00000      -     -    0s
     0     0  929.00000    0   28          -  929.00000      -     -    0s
     0     0  929.00000    0    9          -  929.00000      -     -    0s
     0     0  929.00000    0   13          -  929.00000      -     -    0s
     0     0  929.00000    0    6          -  929.00000      -     -    0s
     0     0  929.00000    0    9          -  929.00000      -     -    0s
     0     0  929.00000    0   11          -  929.00000      -     -    0s
     0     0  929.00000    0   14          -  929.00000      -     -    0s
     0     0  929.00000    0   14          -  929.00000      -     -    0s
     0     0  929.00000    0   14          -  929.00000      -     -    0s
     0     0  929.00000    0   12          -  929.00000      -     -    0s
     0     0  929.00000    0    9          -  929.00000      -     -    0s
     0     2  929.00000    0    9          -  929.00000      -     -    0s
*  106     3              53     929.0000000  929.00000  0.00%  20.7    0s

Cutting planes:
  Gomory: 2
  Cover: 12
  Implied bound: 5
  Clique: 14
  MIR: 7
  GUB cover: 3
  Relax-and-lift: 3

Explored 107 nodes (5161 simplex iterations) in 0.41 seconds (0.40 work units)
Thread count was 1 (of 96 available processors)

Solution count 1: 929 

Optimal solution found (tolerance 1.00e-04)
Best objective 9.290000000000e+02, best bound 9.290000000000e+02, gap 0.0000%
Time: 0.53 sec, Objective: 929.0, Termination: optimal

[MINLP] Scheduling Data 10 | Model: General Precedence Hull Reagg
Set parameter TokenServer to value "mooring.ecn.purdue.edu"
Read LP format model from file /tmp/tmp8zlnm9mh.pyomo.lp
Reading time = 0.00 seconds
x467: 961 rows, 467 columns, 2643 nonzeros
Set parameter TimeLimit to value 900
Set parameter Threads to value 1
Gurobi Optimizer version 11.0.0 build v11.0.0rc2 (linux64 - "Oracle Linux Server 9.5")

CPU model: AMD EPYC 7643 48-Core Processor, instruction set [SSE2|AVX|AVX2]
Thread count: 48 physical cores, 96 logical processors, using up to 1 threads

Optimize a model with 961 rows, 467 columns and 2643 nonzeros
Model fingerprint: 0x39de35b8
Variable types: 32 continuous, 435 integer (435 binary)
Coefficient statistics:
  Matrix range     [1e+00, 1e+03]
  Objective range  [1e+00, 1e+00]
  Bounds range     [1e+00, 1e+03]
  RHS range        [1e+00, 1e+03]
Presolve removed 371 rows and 187 columns
Presolve time: 0.01s
Presolved: 590 rows, 280 columns, 1706 nonzeros
Variable types: 31 continuous, 249 integer (249 binary)

Root relaxation: objective 5.780000e+02, 172 iterations, 0.00 seconds (0.00 work units)

    Nodes    |    Current Node    |     Objective Bounds      |     Work
 Expl Unexpl |  Obj  Depth IntInf | Incumbent    BestBd   Gap | It/Node Time

     0     0  578.00000    0   23          -  578.00000      -     -    0s
     0     0  578.00000    0   37          -  578.00000      -     -    0s
     0     0  578.00000    0   37          -  578.00000      -     -    0s
     0     0  578.02047    0   41          -  578.02047      -     -    0s
     0     0  579.00000    0   36          -  579.00000      -     -    0s
     0     0  579.00000    0   36          -  579.00000      -     -    0s
     0     0  579.00000    0   37          -  579.00000      -     -    0s
     0     0  579.00000    0   51          -  579.00000      -     -    0s
     0     0  579.10416    0   53          -  579.10416      -     -    0s
     0     0  579.10416    0   51          -  579.10416      -     -    0s
     0     0  580.50695    0   51          -  580.50695      -     -    0s
     0     0  581.48276    0   42          -  581.48276      -     -    0s
     0     0  581.48276    0   45          -  581.48276      -     -    0s
     0     0  581.48276    0   55          -  581.48276      -     -    0s
     0     0  581.48276    0   49          -  581.48276      -     -    0s
     0     0  582.07244    0   41          -  582.07244      -     -    0s
     0     0  582.07692    0   43          -  582.07692      -     -    0s
     0     0  582.07692    0   41          -  582.07692      -     -    0s
     0     0  582.20000    0   45          -  582.20000      -     -    0s
     0     0  582.72093    0   47          -  582.72093      -     -    0s
     0     0  582.72093    0   48          -  582.72093      -     -    0s
     0     0  582.72093    0   67          -  582.72093      -     -    0s
     0     0  582.72093    0   59          -  582.72093      -     -    0s
     0     0  582.72093    0   50          -  582.72093      -     -    0s
     0     0  582.72093    0   52          -  582.72093      -     -    0s
     0     0  582.72093    0   37          -  582.72093      -     -    0s
     0     0  582.72093    0   64          -  582.72093      -     -    0s
     0     0  582.72093    0   54          -  582.72093      -     -    0s
     0     0  582.72093    0   52          -  582.72093      -     -    0s
     0     0  583.26667    0   35          -  583.26667      -     -    0s
     0     0  583.26667    0   49          -  583.26667      -     -    0s
     0     0  583.26667    0   58          -  583.26667      -     -    0s
     0     0  583.26667    0   58          -  583.26667      -     -    0s
     0     0  583.26667    0   33          -  583.26667      -     -    0s
     0     0  583.26667    0   31          -  583.26667      -     -    0s
     0     2  586.15084    0   31          -  586.15084      -     -    0s
H  657   413                     931.0000000  622.00000  33.2%   7.7    0s
H  771   432                     929.0000000  622.00000  33.0%   9.7    0s
H 3415  1626                     928.9999999  643.00000  30.8%   9.0    1s
 10203  4833  756.00000   34   31  929.00000  647.00000  30.4%   8.6    5s
 16808  6109  857.00000   74    7  929.00000  651.00000  29.9%   9.1   10s
 31361 10203 infeasible   53       929.00000  665.00000  28.4%   8.5   15s
 45843 15845  698.00000   44   18  929.00000  674.00000  27.4%   8.3   20s
 60498 21659  844.00000   70   11  929.00000  675.00000  27.3%   8.0   25s
 75110 27551  871.00000   54    4  929.00000  677.00000  27.1%   7.9   30s
 89340 32875  704.00000   47   22  929.00000  680.00000  26.8%   7.9   35s
 104404 38884  766.00000   40   11  929.00000  685.00000  26.3%   7.8   40s
 117788 44282  694.00000   48   24  929.00000  686.00000  26.2%   7.8   45s
 131774 49353 infeasible   65       929.00000  688.00000  25.9%   7.8   50s
 146690 55020  743.00000   40   13  929.00000  690.00000  25.7%   7.7   55s
 162372 61495 infeasible   56       929.00000  691.00000  25.6%   7.6   60s
 176277 66708  831.00000   57   11  929.00000  692.00000  25.5%   7.6   65s
 192390 72787  726.00000   43   16  929.00000  694.00000  25.3%   7.6   70s
 207603 78395  798.00000   57   15  929.00000  695.00000  25.2%   7.5   75s
 221285 83095  713.00000   48   20  929.00000  696.00000  25.1%   7.5   80s
 236166 88046  791.00000   52   11  929.00000  698.00000  24.9%   7.4   85s
 251039 92941 infeasible   52       929.00000  699.00000  24.8%   7.4   90s
 266416 98382 infeasible   50       929.00000  700.00000  24.7%   7.4   95s
 281952 103378 infeasible   53       929.00000  701.00000  24.5%   7.4  100s
 296256 107661 infeasible   55       929.00000  702.00000  24.4%   7.4  105s
 310855 112990 infeasible   67       929.00000  702.00000  24.4%   7.4  110s
 325009 117990  703.00000   48   16  929.00000  703.00000  24.3%   7.4  115s
 340352 123240 infeasible   62       929.00000  703.00000  24.3%   7.4  120s
 354836 128180 infeasible   55       929.00000  704.00000  24.2%   7.4  125s
 370978 134154  759.00000   51   13  929.00000  704.00000  24.2%   7.3  130s
 384664 138879  776.00000   51   11  929.00000  705.00000  24.1%   7.3  135s
 398619 142774  705.00000   47   19  929.00000  705.00000  24.1%   7.3  140s
 414733 148516  791.00000   56    9  929.00000  707.00000  23.9%   7.3  145s
 430391 153810  791.00000   54   10  929.00000  707.00000  23.9%   7.3  150s
 444271 158048  756.00000   47   14  929.00000  708.00000  23.8%   7.3  155s
 458121 161731  743.54545   58   16  929.00000  708.00000  23.8%   7.3  160s
 472543 166827  752.00000   56   15  929.00000  708.00000  23.8%   7.3  165s
 488494 172269  820.00000   66   10  929.00000  709.00000  23.7%   7.3  170s
 504987 177729  769.00000   47   12  929.00000  709.00000  23.7%   7.3  175s
 520218 182842  739.00000   44   13  929.00000  710.00000  23.6%   7.3  180s
 535512 188040  855.00000   54    6  929.00000  710.00000  23.6%   7.2  185s
 550599 192333  798.00000   67   14  929.00000  711.00000  23.5%   7.2  190s
 564969 196877  830.00000   49   13  929.00000  711.00000  23.5%   7.2  195s
 579482 201599  773.00000   50   15  929.00000  712.00000  23.4%   7.2  200s
 595543 206737 infeasible   56       929.00000  713.00000  23.3%   7.2  205s
 610217 211307  750.00000   48   12  929.00000  713.00000  23.3%   7.2  210s
 625955 216129 infeasible   73       929.00000  713.00000  23.3%   7.2  215s
 640920 221286  714.00000   50   12  929.00000  714.00000  23.1%   7.2  220s
 656852 226195 infeasible   57       929.00000  714.00000  23.1%   7.2  225s
 671150 230837  715.00000   55   21  929.00000  715.00000  23.0%   7.2  230s
 685365 235153 infeasible   55       929.00000  716.00000  22.9%   7.2  235s
H700396 240138                     928.9999995  716.00000  22.9%   7.2  239s
 700468 240152  716.00000   48   21  929.00000  716.00000  22.9%   7.2  240s
 714688 244338 infeasible   60       929.00000  717.00000  22.8%   7.2  245s
 731269 249618  781.00000   49   12  929.00000  717.00000  22.8%   7.2  250s
 745265 254192  725.00000   49   13  929.00000  717.00000  22.8%   7.2  255s
 761407 259562 infeasible   58       929.00000  718.00000  22.7%   7.2  260s
 775834 263248  755.00000   59   12  929.00000  718.00000  22.7%   7.2  265s
 790458 267710  820.00000   49    7  929.00000  718.00000  22.7%   7.2  270s
 806351 273049 infeasible   63       929.00000  718.00000  22.7%   7.2  275s
 820858 277591 infeasible   52       929.00000  718.00000  22.7%   7.2  280s
 835031 281686 infeasible   57       929.00000  718.00000  22.7%   7.2  285s
 851473 287274  746.00000   58   16  929.00000  719.00000  22.6%   7.1  290s
 867681 293134  819.00000   49    9  929.00000  720.00000  22.5%   7.1  295s
 882747 297562  871.00000   84    7  929.00000  720.00000  22.5%   7.1  300s
 897949 301862  720.00000   44   17  929.00000  720.00000  22.5%   7.1  305s
 912560 306035 infeasible   53       929.00000  721.00000  22.4%   7.1  310s
 926158 309976 infeasible   60       929.00000  721.00000  22.4%   7.1  315s
 941924 315272  901.00000   59    6  929.00000  721.00000  22.4%   7.1  320s
 958802 321152  862.00000   65    6  929.00000  721.00000  22.4%   7.1  325s
 972752 325652 infeasible   59       929.00000  721.00000  22.4%   7.1  330s
 988248 330736 infeasible   64       929.00000  721.00000  22.4%   7.1  335s
 1003901 335933 infeasible   57       929.00000  721.00000  22.4%   7.1  340s
 1017975 339883  772.00000   46   13  929.00000  722.00000  22.3%   7.1  345s
 1033031 344481 infeasible   54       929.00000  722.00000  22.3%   7.1  350s
 1049142 350248 infeasible   65       929.00000  722.00000  22.3%   7.1  355s
 1065536 355151  817.00000   53   10  929.00000  722.00000  22.3%   7.1  360s
 1079422 359163  747.00000   54   19  929.00000  723.00000  22.2%   7.1  365s
 1094331 363454 infeasible   53       929.00000  723.00000  22.2%   7.1  370s
 1109018 367598 infeasible   60       929.00000  723.00000  22.2%   7.1  375s
 1123164 371313  807.00000   61    9  929.00000  723.00000  22.2%   7.1  380s
 1137958 375928  828.00000   57    9  929.00000  723.00000  22.2%   7.1  385s
 1152346 380246 infeasible   56       929.00000  723.00000  22.2%   7.1  390s
 1167848 385012  803.00000   60   12  929.00000  724.00000  22.1%   7.1  395s
 1182383 389364  836.00000   61   11  929.00000  724.00000  22.1%   7.1  400s
 1198735 395054 infeasible   60       929.00000  724.00000  22.1%   7.1  405s
 1215002 400542  743.00000   54   16  929.00000  724.00000  22.1%   7.1  410s
 1229010 404963 infeasible   70       929.00000  724.00000  22.1%   7.1  415s
 1244300 409783 infeasible   41       929.00000  725.00000  22.0%   7.1  420s
 1258040 413354 infeasible   49       929.00000  725.00000  22.0%   7.1  425s
 1271560 417503  805.00000   58   13  929.00000  725.00000  22.0%   7.1  430s
 1286756 422055 infeasible   53       929.00000  725.00000  22.0%   7.1  435s
 1300740 426360  744.00000   47   19  929.00000  725.00000  22.0%   7.1  440s
 1315725 431242  904.00000   59    6  929.00000  726.00000  21.9%   7.1  445s
 1332070 436720 infeasible   68       929.00000  726.00000  21.9%   7.1  450s
 1347629 441533  835.00000   73   11  929.00000  726.00000  21.9%   7.1  455s
 1364835 447317  851.00000   62    9  929.00000  726.00000  21.9%   7.1  460s
 1381229 452506  762.17241   58   14  929.00000  726.00000  21.9%   7.0  465s
 1396656 457006  785.00000   57   15  929.00000  726.00000  21.9%   7.0  470s
 1412659 461619  801.00000   60   11  929.00000  726.00000  21.9%   7.0  475s
 1428992 466444  731.62500   59   16  929.00000  726.00000  21.9%   7.0  480s
 1442679 470027  727.00000   48   17  929.00000  727.00000  21.7%   7.0  485s
 1456521 473331  727.00000   53   23  929.00000  727.00000  21.7%   7.0  490s
 1471896 477546 infeasible   59       929.00000  727.00000  21.7%   7.0  495s
 1486843 481797  789.00000   62   14  929.00000  727.00000  21.7%   7.0  500s
 1502339 486326 infeasible   58       929.00000  727.00000  21.7%   7.0  505s
 1518381 491568 infeasible   53       929.00000  727.54545  21.7%   7.0  510s
 1533325 495667  761.00000   62   17  929.00000  728.00000  21.6%   7.0  515s
 1548963 500373  788.00000   59   14  929.00000  728.00000  21.6%   7.0  520s
 1565194 505394  846.00000   55    9  929.00000  728.00000  21.6%   7.0  525s
 1579704 509329  731.00000   47   21  929.00000  728.00000  21.6%   7.0  530s
 1595268 513923  808.00000   50    9  929.00000  729.00000  21.5%   7.0  535s
 1609903 517783 infeasible   57       929.00000  730.00000  21.4%   7.0  540s
 1623796 521111 infeasible   59       929.00000  730.00000  21.4%   7.0  545s
 1638806 525694  851.00000   62    6  929.00000  730.00000  21.4%   7.0  550s
 1652666 529249 infeasible   61       929.00000  730.00000  21.4%   7.0  555s
 1667619 533340 infeasible   57       929.00000  731.00000  21.3%   7.0  560s
 1683070 537960  739.00000   63   18  929.00000  731.00000  21.3%   7.0  565s
 1698679 542707 infeasible   58       929.00000  731.00000  21.3%   7.0  570s
 1715164 548389 infeasible   60       929.00000  731.00000  21.3%   7.0  575s
 1730519 553260  798.00000   51   11  929.00000  731.00000  21.3%   7.0  580s
 1745413 557897 infeasible   72       929.00000  731.00000  21.3%   7.0  585s
 1759999 562458 infeasible   56       929.00000  731.00000  21.3%   7.0  590s
 1777349 569042  837.00000   52    8  929.00000  731.54545  21.3%   7.0  595s
 1792300 573287  748.00000   44   10  929.00000  732.00000  21.2%   7.0  600s
 1808171 578604  819.00000   57   13  929.00000  732.00000  21.2%   7.0  605s
 1824397 583467 infeasible   65       929.00000  732.00000  21.2%   7.0  610s
 1841272 588749  759.00000   45   12  929.00000  732.00000  21.2%   7.0  615s
 1857031 593420 infeasible   81       929.00000  732.00000  21.2%   7.0  620s
 1874066 598669  804.00000   57   15  929.00000  732.00000  21.2%   6.9  625s
 1889434 603077 infeasible   49       929.00000  732.00000  21.2%   6.9  630s
 1904812 607579 infeasible   55       929.00000  732.00000  21.2%   6.9  635s
 1921159 612970  861.00000   53    6  929.00000  733.00000  21.1%   6.9  640s
 1936356 617845 infeasible   61       929.00000  733.00000  21.1%   6.9  645s
 1951343 622212  840.00000   57   12  929.00000  733.00000  21.1%   6.9  650s
 1967774 627816 infeasible   57       929.00000  733.00000  21.1%   6.9  655s
 1982783 631915  788.00000   62   18  929.00000  733.00000  21.1%   6.9  660s
 1996707 635154  733.00000   50   15  929.00000  733.00000  21.1%   6.9  665s
 2012450 639714  815.00000   64   12  929.00000  733.00000  21.1%   6.9  670s
 2027580 643756  794.00000   50   14  929.00000  734.00000  21.0%   6.9  675s
 2043376 648493 infeasible   56       929.00000  734.00000  21.0%   6.9  680s
 2057140 652655  846.00000   64    9  929.00000  734.00000  21.0%   6.9  685s
 2071635 657189  867.00000   60    8  929.00000  734.00000  21.0%   6.9  690s
 2086657 661323  831.00000   54    8  929.00000  735.00000  20.9%   6.9  695s
 2100901 664853 infeasible   50       929.00000  735.00000  20.9%   6.9  700s
 2115094 668079 infeasible   62       929.00000  735.00000  20.9%   6.9  705s
 2129449 671599  757.00000   55   14  929.00000  735.00000  20.9%   6.9  710s
 2143801 675083  791.00000   61   13  929.00000  735.00000  20.9%   7.0  715s
 2159217 679385 infeasible   68       929.00000  735.00000  20.9%   7.0  720s
 2174155 683253  893.00000   74    6  929.00000  735.00000  20.9%   7.0  725s
 2189422 687675 infeasible   59       929.00000  735.00000  20.9%   7.0  730s
 2205308 692771  903.00000   63    4  929.00000  735.00000  20.9%   6.9  735s
 2221064 698043 infeasible   55       929.00000  735.00000  20.9%   6.9  740s
 2234238 701421  846.00000   71   11  929.00000  735.00000  20.9%   6.9  745s
 2249966 705453  764.00000   55   13  929.00000  735.00000  20.9%   6.9  750s
 2266140 710046 infeasible   63       929.00000  736.00000  20.8%   6.9  755s
 2280955 714271  787.00000   50    9  929.00000  736.00000  20.8%   6.9  760s
 2296689 719141  773.00000   59   12  929.00000  736.00000  20.8%   6.9  765s
 2312858 723543  787.00000   54    9  929.00000  736.00000  20.8%   6.9  770s
 2328803 728548 infeasible   57       929.00000  736.00000  20.8%   6.9  775s
 2345224 733907 infeasible   63       929.00000  736.00000  20.8%   6.9  780s
 2360885 738762 infeasible   52       929.00000  736.00000  20.8%   6.9  785s
 2376950 743552  751.00000   56   18  929.00000  736.00000  20.8%   6.9  790s
 2391905 747820 infeasible   65       929.00000  736.00000  20.8%   6.9  795s
 2407724 752510 infeasible   59       929.00000  736.00000  20.8%   6.9  800s
 2423310 756904 infeasible   56       929.00000  736.00000  20.8%   6.9  805s
 2438885 761776 infeasible   52       929.00000  736.00000  20.8%   6.9  810s
 2453422 766142  739.00000   57   12  929.00000  737.00000  20.7%   6.9  815s
 2468363 769555  752.00000   50   14  929.00000  737.00000  20.7%   6.9  820s
 2482915 772880  788.00000   52   12  929.00000  737.00000  20.7%   6.9  825s
 2497754 776702  737.00000   49   16  929.00000  737.00000  20.7%   6.9  830s
 2512710 780564  806.00000   62   13  929.00000  737.00000  20.7%   6.9  835s
 2528417 784829  813.00000   60   10  929.00000  737.00000  20.7%   6.9  840s
 2543854 788903  769.00000   51   12  929.00000  737.00000  20.7%   6.9  845s
 2559825 793347  767.00000   58   17  929.00000  737.00000  20.7%   6.9  850s
 2575290 797594  861.00000   62    6  929.00000  737.00000  20.7%   6.9  855s
 2590633 801845  737.00000   54   20  929.00000  737.00000  20.7%   6.9  860s
 2607132 807010 infeasible   59       929.00000  737.00000  20.7%   6.9  865s
 2623219 811292  815.00000   57    9  929.00000  737.00000  20.7%   6.9  870s
 2639335 815898  788.00000   54   12  929.00000  737.00000  20.7%   6.9  875s
 2655835 820604  804.00000   60   11  929.00000  737.00000  20.7%   6.9  880s
 2672590 825868  737.00000   57   18  929.00000  737.00000  20.7%   6.9  885s
 2689298 830845  759.00000   60   14  929.00000  737.00000  20.7%   6.9  890s
 2703773 834628  836.00000   65    8  929.00000  737.00000  20.7%   6.9  895s

Cutting planes:
  Cover: 2
  MIR: 3
  Flow cover: 8
  Relax-and-lift: 2

Explored 2719300 nodes (18713885 simplex iterations) in 900.00 seconds (701.82 work units)
Thread count was 1 (of 96 available processors)

Solution count 4: 929 929 929 931 

Time limit reached
Best objective 9.289999995350e+02, best bound 7.370000000000e+02, gap 20.6674%
WARNING: Loading a SolverResults object with an 'aborted' status, but
    containing a solution
Time: 901.09 sec, Objective: 928.9999995350094, Termination: maxTimeLimit

========== Running GDP Models ==========

[GDP] Scheduling Data 1 | Model: General Precedence GDP | Transformation: gdp.bigm
Set parameter TokenServer to value "mooring.ecn.purdue.edu"
Read LP format model from file /tmp/tmp_5y26xq8.pyomo.lp
Reading time = 0.00 seconds
x227: 361 rows, 227 columns, 900 nonzeros
Set parameter TimeLimit to value 900
Set parameter Threads to value 1
Gurobi Optimizer version 11.0.0 build v11.0.0rc2 (linux64 - "Oracle Linux Server 9.5")

CPU model: AMD EPYC 7643 48-Core Processor, instruction set [SSE2|AVX|AVX2]
Thread count: 48 physical cores, 96 logical processors, using up to 1 threads

Optimize a model with 361 rows, 227 columns and 900 nonzeros
Model fingerprint: 0xef096c34
Variable types: 17 continuous, 210 integer (210 binary)
Coefficient statistics:
  Matrix range     [1e+00, 5e+02]
  Objective range  [1e+00, 1e+00]
  Bounds range     [1e+00, 5e+02]
  RHS range        [1e+00, 5e+02]
Presolve removed 193 rows and 139 columns
Presolve time: 0.00s
Presolved: 168 rows, 88 columns, 480 nonzeros
Variable types: 16 continuous, 72 integer (72 binary)
Found heuristic solution: objective 471.0000000

Root relaxation: objective 2.750000e+02, 36 iterations, 0.00 seconds (0.00 work units)

    Nodes    |    Current Node    |     Objective Bounds      |     Work
 Expl Unexpl |  Obj  Depth IntInf | Incumbent    BestBd   Gap | It/Node Time

     0     0  275.00000    0   10  471.00000  275.00000  41.6%     -    0s
H    0     0                     433.0000000  275.00000  36.5%     -    0s
H    0     0                     430.0000000  275.00000  36.0%     -    0s
     0     0  275.00000    0   13  430.00000  275.00000  36.0%     -    0s
     0     0  275.67162    0   15  430.00000  275.67162  35.9%     -    0s
     0     0  277.47059    0   14  430.00000  277.47059  35.5%     -    0s
     0     0  277.47059    0   13  430.00000  277.47059  35.5%     -    0s
     0     0  279.31112    0   12  430.00000  279.31112  35.0%     -    0s
     0     0  279.91765    0   13  430.00000  279.91765  34.9%     -    0s
     0     0  279.91765    0   13  430.00000  279.91765  34.9%     -    0s
     0     0  281.01651    0   13  430.00000  281.01651  34.6%     -    0s
     0     0  281.01651    0   13  430.00000  281.01651  34.6%     -    0s
     0     0  281.05614    0   12  430.00000  281.05614  34.6%     -    0s
     0     0  281.05705    0   13  430.00000  281.05705  34.6%     -    0s
     0     0  281.12065    0   16  430.00000  281.12065  34.6%     -    0s
     0     0  281.19049    0   17  430.00000  281.19049  34.6%     -    0s
     0     0  281.46958    0   17  430.00000  281.46958  34.5%     -    0s
     0     0  281.46958    0   15  430.00000  281.46958  34.5%     -    0s
     0     0  284.78885    0   11  430.00000  284.78885  33.8%     -    0s
     0     0  284.83566    0   15  430.00000  284.83566  33.8%     -    0s
     0     0  285.03212    0   15  430.00000  285.03212  33.7%     -    0s
     0     0  285.03212    0   16  430.00000  285.03212  33.7%     -    0s
     0     0  285.03212    0   16  430.00000  285.03212  33.7%     -    0s
     0     0  285.03212    0   12  430.00000  285.03212  33.7%     -    0s
     0     0  285.23329    0   16  430.00000  285.23329  33.7%     -    0s
     0     0  285.23329    0   16  430.00000  285.23329  33.7%     -    0s
     0     0  285.23726    0   16  430.00000  285.23726  33.7%     -    0s
     0     0  285.23726    0   16  430.00000  285.23726  33.7%     -    0s
     0     0  285.23726    0   16  430.00000  285.23726  33.7%     -    0s
     0     0  285.23726    0   11  430.00000  285.23726  33.7%     -    0s
     0     2  286.00000    0    9  430.00000  286.00000  33.5%     -    0s
*  168   108              22     430.0000000  313.00000  27.2%   4.0    0s
 39622  4607  405.30000   46    3  430.00000  376.00000  12.6%   3.6    5s
 95424  9807 infeasible   40       430.00000  386.00000  10.2%   3.2   10s
 155196 10986  417.00000   40    1  430.00000  399.00000  7.21%   3.1   15s
 205022  8144     cutoff   51       430.00000  411.00000  4.42%   3.1   20s
H249244  3298                     429.9999999  420.00000  2.33%   3.1   23s
 279870   913     cutoff   49       430.00000  425.00000  1.16%   3.0   25s

Cutting planes:
  Gomory: 5
  Flow cover: 5

Explored 292188 nodes (876566 simplex iterations) in 25.73 seconds (17.06 work units)
Thread count was 1 (of 96 available processors)

Solution count 5: 430 430 430 ... 471

Optimal solution found (tolerance 1.00e-04)
Best objective 4.300000000000e+02, best bound 4.300000000000e+02, gap 0.0000%
Time: 25.89 sec, Objective: 430.0, Termination: optimal

[GDP] Scheduling Data 1 | Model: General Precedence GDP | Transformation: gdp.hull
Set parameter TokenServer to value "mooring.ecn.purdue.edu"
Read LP format model from file /tmp/tmpmryh1pqu.pyomo.lp
Reading time = 0.00 seconds
x647: 1411 rows, 647 columns, 3211 nonzeros
Set parameter TimeLimit to value 900
Set parameter Threads to value 1
Gurobi Optimizer version 11.0.0 build v11.0.0rc2 (linux64 - "Oracle Linux Server 9.5")

CPU model: AMD EPYC 7643 48-Core Processor, instruction set [SSE2|AVX|AVX2]
Thread count: 48 physical cores, 96 logical processors, using up to 1 threads

Optimize a model with 1411 rows, 647 columns and 3211 nonzeros
Model fingerprint: 0xe9816a85
Variable types: 437 continuous, 210 integer (210 binary)
Coefficient statistics:
  Matrix range     [1e+00, 5e+02]
  Objective range  [1e+00, 1e+00]
  Bounds range     [1e+00, 5e+02]
  RHS range        [1e+00, 5e+02]
Presolve removed 677 rows and 417 columns
Presolve time: 0.01s
Presolved: 734 rows, 230 columns, 2037 nonzeros
Variable types: 158 continuous, 72 integer (72 binary)

Root relaxation: objective 2.750000e+02, 270 iterations, 0.00 seconds (0.00 work units)

    Nodes    |    Current Node    |     Objective Bounds      |     Work
 Expl Unexpl |  Obj  Depth IntInf | Incumbent    BestBd   Gap | It/Node Time

     0     0  275.00000    0    8          -  275.00000      -     -    0s
H    0     0                     430.0000000  275.00000  36.0%     -    0s
     0     0  275.07741    0   11  430.00000  275.07741  36.0%     -    0s
     0     0  280.00000    0   15  430.00000  280.00000  34.9%     -    0s
     0     0  286.00000    0   15  430.00000  286.00000  33.5%     -    0s
     0     0  286.00000    0   13  430.00000  286.00000  33.5%     -    0s
     0     0  286.00000    0   13  430.00000  286.00000  33.5%     -    0s
     0     0  286.00000    0   15  430.00000  286.00000  33.5%     -    0s
     0     0  286.00000    0   15  430.00000  286.00000  33.5%     -    0s
     0     0  286.00000    0   16  430.00000  286.00000  33.5%     -    0s
     0     0  286.00000    0   16  430.00000  286.00000  33.5%     -    0s
     0     0  286.00000    0   16  430.00000  286.00000  33.5%     -    0s
     0     0  286.00000    0   15  430.00000  286.00000  33.5%     -    0s
     0     0  286.00000    0   16  430.00000  286.00000  33.5%     -    0s
     0     0  286.00000    0   15  430.00000  286.00000  33.5%     -    0s
     0     0  286.00000    0   15  430.00000  286.00000  33.5%     -    0s
     0     0  286.00000    0   15  430.00000  286.00000  33.5%     -    0s
     0     0  286.00000    0   15  430.00000  286.00000  33.5%     -    0s
     0     0  286.00000    0   15  430.00000  286.00000  33.5%     -    0s
     0     0  286.00000    0   13  430.00000  286.00000  33.5%     -    0s
     0     2  286.00000    0   11  430.00000  286.00000  33.5%     -    0s
H 1522   621                     430.0000000  336.00000  21.9%  12.3    0s
  9289  2596  404.00000   29    5  430.00000  363.00000  15.6%  14.6    5s
 18159  3662  410.00000   30    3  430.00000  378.00000  12.1%  13.5   10s
 29646  5779  417.00000   40    3  430.00000  383.00000  10.9%  14.4   15s
 42431  9133  383.00000   30    5  430.00000  383.00000  10.9%  14.3   20s
 53957 10658 infeasible   28       430.00000  386.00000  10.2%  14.1   25s
 65396 11366  391.00000   27    3  430.00000  391.00000  9.07%  13.7   30s
 76973 12298 infeasible   29       430.00000  391.00000  9.07%  13.3   35s
 88004 13137 infeasible   35       430.00000  392.00000  8.84%  13.1   40s
 99745 13081 infeasible   27       430.00000  397.00000  7.67%  12.9   45s
 114076 14815  411.00000   26    2  430.00000  397.00000  7.67%  12.7   50s
 128546 16472  417.00000   34    1  430.00000  399.00000  7.21%  12.7   55s
 141918 17144  407.00000   32    4  430.00000  399.00000  7.21%  12.8   60s
 156235 17381 infeasible   25       430.00000  401.11628  6.72%  12.8   65s
 169224 16838  417.00000   38    3  430.00000  403.00000  6.28%  12.9   70s
 182618 16951  414.00000   26    3  430.00000  404.00000  6.05%  12.9   75s
 197154 15937 infeasible   36       430.00000  407.00000  5.35%  12.8   80s
 210706 16799  417.00000   36    1  430.00000  408.00000  5.12%  12.9   85s
 225403 16054  427.00000   34    5  430.00000  411.00000  4.42%  12.9   90s
H235394 16764                     429.9999999  411.00000  4.42%  12.9   93s
 239613 17049  417.00000   37    2  430.00000  411.00000  4.42%  13.0   95s
 254635 17980  411.00000   30    3  430.00000  411.00000  4.42%  13.0  100s
 268810 17833     cutoff   33       430.00000  411.00000  4.42%  12.9  105s
 280713 17170  414.00000   29    2  430.00000  414.00000  3.72%  12.8  110s
 294522 15460     cutoff   34       430.00000  416.00000  3.26%  12.7  115s
 308557 13246  417.00000   25    2  430.00000  417.00000  3.02%  12.6  120s
 323084 10747  420.00000   24    1  430.00000  420.00000  2.33%  12.5  125s
 339641  8517     cutoff   33       430.00000  424.00000  1.40%  12.5  130s
 358335  5595     cutoff   35       430.00000  425.00000  1.16%  12.3  135s
 376125  3230  427.00000   33    1  430.00000  427.00000  0.70%  12.2  140s

Cutting planes:
  Gomory: 1
  Implied bound: 1
  MIR: 4
  Flow cover: 2
  Relax-and-lift: 1

Explored 391080 nodes (4723836 simplex iterations) in 144.45 seconds (122.23 work units)
Thread count was 1 (of 96 available processors)

Solution count 4: 430 430 430 430 

Optimal solution found (tolerance 1.00e-04)
Best objective 4.300000000000e+02, best bound 4.300000000000e+02, gap 0.0000%
Time: 144.63 sec, Objective: 430.0, Termination: optimal

[GDP] Scheduling Data 1 | Model: Time Slots GDP | Transformation: gdp.bigm
Set parameter TokenServer to value "mooring.ecn.purdue.edu"
Read LP format model from file /tmp/tmp74j9wz5v.pyomo.lp
Reading time = 0.00 seconds
x362: 901 rows, 362 columns, 3901 nonzeros
Set parameter TimeLimit to value 900
Set parameter Threads to value 1
Gurobi Optimizer version 11.0.0 build v11.0.0rc2 (linux64 - "Oracle Linux Server 9.5")

CPU model: AMD EPYC 7643 48-Core Processor, instruction set [SSE2|AVX|AVX2]
Thread count: 48 physical cores, 96 logical processors, using up to 1 threads

Optimize a model with 901 rows, 362 columns and 3901 nonzeros
Model fingerprint: 0x86226f59
Variable types: 17 continuous, 345 integer (345 binary)
Coefficient statistics:
  Matrix range     [1e+00, 1e+06]
  Objective range  [1e+00, 1e+00]
  Bounds range     [1e+00, 1e+06]
  RHS range        [1e+00, 1e+06]
Presolve removed 616 rows and 121 columns
Presolve time: 0.01s
Presolved: 285 rows, 241 columns, 1549 nonzeros
Variable types: 0 continuous, 241 integer (225 binary)

Root relaxation: objective 4.600000e+01, 106 iterations, 0.00 seconds (0.00 work units)

    Nodes    |    Current Node    |     Objective Bounds      |     Work
 Expl Unexpl |  Obj  Depth IntInf | Incumbent    BestBd   Gap | It/Node Time

     0     0   46.00000    0    8          -   46.00000      -     -    0s
     0     0   46.00000    0   25          -   46.00000      -     -    0s
     0     0   46.02969    0   23          -   46.02969      -     -    0s
     0     0   47.00000    0   21          -   47.00000      -     -    0s
     0     0   47.00000    0   30          -   47.00000      -     -    0s
     0     0   47.08511    0   30          -   47.08511      -     -    0s
     0     0   47.08511    0   30          -   47.08511      -     -    0s
     0     0   48.00000    0   12          -   48.00000      -     -    0s
     0     0   48.00000    0   42          -   48.00000      -     -    0s
     0     0   48.00000    0   41          -   48.00000      -     -    0s
     0     0   48.64103    0   21          -   48.64103      -     -    0s
     0     0   49.00000    0   20          -   49.00000      -     -    0s
     0     0   49.00000    0   22          -   49.00000      -     -    0s
     0     0   49.00000    0   44          -   49.00000      -     -    0s
     0     0   49.00000    0   40          -   49.00000      -     -    0s
     0     0   49.00000    0   16          -   49.00000      -     -    0s
     0     0   49.00000    0   45          -   49.00000      -     -    0s
     0     0   52.18707    0   24          -   52.18707      -     -    0s
     0     0   58.73913    0   21          -   58.73913      -     -    0s
     0     0   58.73913    0   27          -   58.73913      -     -    0s
     0     0   58.73913    0   35          -   58.73913      -     -    0s
     0     0   58.73913    0   32          -   58.73913      -     -    0s
     0     0   59.66667    0   33          -   59.66667      -     -    0s
     0     0   59.66667    0   29          -   59.66667      -     -    0s
     0     0   62.30769    0   33          -   62.30769      -     -    0s
     0     0   63.00000    0   16          -   63.00000      -     -    0s
     0     0   63.00000    0   31          -   63.00000      -     -    0s
     0     0   63.00000    0   38          -   63.00000      -     -    0s
     0     0   63.00000    0   45          -   63.00000      -     -    0s
     0     0   63.00000    0   19          -   63.00000      -     -    0s
     0     0   63.00000    0   24          -   63.00000      -     -    0s
     0     0   63.00000    0   19          -   63.00000      -     -    0s
     0     0   63.08153    0   19          -   63.08153      -     -    0s
H    0     0                     473.0000000   63.08153  86.7%     -    0s
H    0     0                     462.0000000   64.00000  86.1%     -    0s
     0     2   64.00000    0   18  462.00000   64.00000  86.1%     -    0s
H  496   225                     461.0000000   66.00000  85.7%  14.9    0s
H  921   389                     448.0000000  240.00000  46.4%  23.1    1s
H  928   374                     447.0000000  243.00000  45.6%  23.0    1s
H  930   356                     430.0000000  244.00000  43.3%  22.9    1s
  3931  1211 infeasible   81       430.00000  275.00000  36.0%  23.5    5s
 10203  2988  295.00000   60   19  430.00000  291.00000  32.3%  22.8   10s
 14439  3895  399.00000   65   20  430.00000  305.00000  29.1%  21.8   15s

Cutting planes:
  Learned: 2
  Cover: 2
  Implied bound: 1
  MIR: 12
  Flow cover: 32
  Relax-and-lift: 2

Explored 15448 nodes (358937 simplex iterations) in 19.58 seconds (18.15 work units)
Thread count was 1 (of 96 available processors)

Solution count 6: 430 447 448 ... 473

Optimal solution found (tolerance 1.00e-04)
Best objective 4.300000000000e+02, best bound 4.300000000000e+02, gap 0.0000%
Time: 19.76 sec, Objective: 430.0, Termination: optimal

[GDP] Scheduling Data 1 | Model: Time Slots GDP | Transformation: gdp.hull
Set parameter TokenServer to value "mooring.ecn.purdue.edu"
Read LP format model from file /tmp/tmphqw9oz5_.pyomo.lp
Reading time = 0.01 seconds
x2612: 4066 rows, 2612 columns, 11101 nonzeros
Set parameter TimeLimit to value 900
Set parameter Threads to value 1
Gurobi Optimizer version 11.0.0 build v11.0.0rc2 (linux64 - "Oracle Linux Server 9.5")

CPU model: AMD EPYC 7643 48-Core Processor, instruction set [SSE2|AVX|AVX2]
Thread count: 48 physical cores, 96 logical processors, using up to 1 threads

Optimize a model with 4066 rows, 2612 columns and 11101 nonzeros
Model fingerprint: 0xcdaf3b36
Variable types: 2267 continuous, 345 integer (345 binary)
Coefficient statistics:
  Matrix range     [1e+00, 1e+06]
  Objective range  [1e+00, 1e+00]
  Bounds range     [1e+00, 1e+06]
  RHS range        [1e+00, 1e+00]
Presolve removed 3138 rows and 1951 columns
Presolve time: 0.01s
Presolved: 928 rows, 661 columns, 2862 nonzeros
Variable types: 436 continuous, 225 integer (225 binary)

Root relaxation: objective 4.300000e+02, 1032 iterations, 0.03 seconds (0.03 work units)

    Nodes    |    Current Node    |     Objective Bounds      |     Work
 Expl Unexpl |  Obj  Depth IntInf | Incumbent    BestBd   Gap | It/Node Time

     0     0  430.00000    0    7          -  430.00000      -     -    0s
     0     0  430.00000    0   17          -  430.00000      -     -    0s
     0     0  430.00000    0   14          -  430.00000      -     -    0s
     0     0  430.00000    0    8          -  430.00000      -     -    0s
     0     0  430.00000    0    8          -  430.00000      -     -    0s
     0     0  430.00000    0    7          -  430.00000      -     -    0s
     0     0  430.00000    0    4          -  430.00000      -     -    0s
H    0     0                     430.0000000  430.00000  0.00%     -    0s
     0     0  430.00000    0    4  430.00000  430.00000  0.00%     -    0s

Cutting planes:
  Cover: 3
  Implied bound: 2
  Flow cover: 2
  Network: 1

Explored 1 nodes (1532 simplex iterations) in 0.09 seconds (0.09 work units)
Thread count was 1 (of 96 available processors)

Solution count 1: 430 

Optimal solution found (tolerance 1.00e-04)
Best objective 4.300000000000e+02, best bound 4.300000000000e+02, gap 0.0000%
Time: 0.37 sec, Objective: 430.0, Termination: optimal

[GDP] Scheduling Data 2 | Model: General Precedence GDP | Transformation: gdp.bigm
Set parameter TokenServer to value "mooring.ecn.purdue.edu"
Read LP format model from file /tmp/tmp5pil_tk1.pyomo.lp
Reading time = 0.00 seconds
x227: 361 rows, 227 columns, 900 nonzeros
Set parameter TimeLimit to value 900
Set parameter Threads to value 1
Gurobi Optimizer version 11.0.0 build v11.0.0rc2 (linux64 - "Oracle Linux Server 9.5")

CPU model: AMD EPYC 7643 48-Core Processor, instruction set [SSE2|AVX|AVX2]
Thread count: 48 physical cores, 96 logical processors, using up to 1 threads

Optimize a model with 361 rows, 227 columns and 900 nonzeros
Model fingerprint: 0x79c121f4
Variable types: 17 continuous, 210 integer (210 binary)
Coefficient statistics:
  Matrix range     [1e+00, 5e+02]
  Objective range  [1e+00, 1e+00]
  Bounds range     [1e+00, 5e+02]
  RHS range        [1e+00, 5e+02]
Presolve removed 179 rows and 133 columns
Presolve time: 0.00s
Presolved: 182 rows, 94 columns, 520 nonzeros
Variable types: 16 continuous, 78 integer (78 binary)

Root relaxation: objective 2.520000e+02, 50 iterations, 0.00 seconds (0.00 work units)

    Nodes    |    Current Node    |     Objective Bounds      |     Work
 Expl Unexpl |  Obj  Depth IntInf | Incumbent    BestBd   Gap | It/Node Time

     0     0  252.00000    0   11          -  252.00000      -     -    0s
     0     0  252.00000    0   19          -  252.00000      -     -    0s
     0     0  252.00000    0   21          -  252.00000      -     -    0s
     0     0  252.00000    0   14          -  252.00000      -     -    0s
     0     0  252.28409    0   16          -  252.28409      -     -    0s
     0     0  252.43294    0   18          -  252.43294      -     -    0s
     0     0  254.00000    0   20          -  254.00000      -     -    0s
     0     0  254.00000    0   26          -  254.00000      -     -    0s
     0     0  254.00000    0   26          -  254.00000      -     -    0s
     0     0  254.15542    0   33          -  254.15542      -     -    0s
     0     0  254.48731    0   28          -  254.48731      -     -    0s
     0     0  254.84615    0   24          -  254.84615      -     -    0s
     0     0  254.84615    0   24          -  254.84615      -     -    0s
     0     0  254.84615    0   29          -  254.84615      -     -    0s
     0     0  254.84615    0   25          -  254.84615      -     -    0s
     0     0  254.88889    0   27          -  254.88889      -     -    0s
     0     0  254.88889    0   28          -  254.88889      -     -    0s
     0     0  255.35398    0   23          -  255.35398      -     -    0s
     0     0  255.35398    0   23          -  255.35398      -     -    0s
     0     0  255.44444    0   33          -  255.44444      -     -    0s
     0     0  255.44444    0   31          -  255.44444      -     -    0s
     0     0  255.57143    0   34          -  255.57143      -     -    0s
     0     0  255.60000    0   30          -  255.60000      -     -    0s
     0     0  255.60000    0   28          -  255.60000      -     -    0s
     0     0  255.60000    0   30          -  255.60000      -     -    0s
     0     0  255.60000    0   28          -  255.60000      -     -    0s
     0     0  255.60000    0   22          -  255.60000      -     -    0s
     0     0  255.60000    0   30          -  255.60000      -     -    0s
     0     0  255.60000    0   21          -  255.60000      -     -    0s
     0     0  255.60000    0   21          -  255.60000      -     -    0s
     0     0  255.60000    0   18          -  255.60000      -     -    0s
     0     0  255.60000    0   19          -  255.60000      -     -    0s
     0     0  255.60685    0   16          -  255.60685      -     -    0s
     0     0  255.69616    0   25          -  255.69616      -     -    0s
     0     0  255.70022    0   33          -  255.70022      -     -    0s
     0     0  255.70022    0   34          -  255.70022      -     -    0s
     0     0  255.72269    0   30          -  255.72269      -     -    0s
     0     0  255.72269    0   29          -  255.72269      -     -    0s
     0     0  255.72549    0   29          -  255.72549      -     -    0s
     0     0  255.72549    0   18          -  255.72549      -     -    0s
H    0     0                     452.0000000  255.72549  43.4%     -    0s
     0     2  256.00000    0   16  452.00000  256.00000  43.4%     -    0s
H   54    27                     441.0000000  257.00000  41.7%  18.1    0s
H  475   166                     438.0000000  270.00000  38.4%  10.5    0s
H  699   234                     438.0000000  274.68523  37.3%   9.5    0s
 27933  1916     cutoff   51       438.00000  381.00000  13.0%   5.4    5s

Cutting planes:
  Implied bound: 1
  MIR: 1
  Flow cover: 8

Explored 46128 nodes (210325 simplex iterations) in 6.40 seconds (4.32 work units)
Thread count was 1 (of 96 available processors)

Solution count 4: 438 438 441 452 

Optimal solution found (tolerance 1.00e-04)
Best objective 4.380000000000e+02, best bound 4.380000000000e+02, gap 0.0000%
Time: 6.54 sec, Objective: 438.0, Termination: optimal

[GDP] Scheduling Data 2 | Model: General Precedence GDP | Transformation: gdp.hull
Set parameter TokenServer to value "mooring.ecn.purdue.edu"
Read LP format model from file /tmp/tmpirum_wy_.pyomo.lp
Reading time = 0.00 seconds
x647: 1411 rows, 647 columns, 3211 nonzeros
Set parameter TimeLimit to value 900
Set parameter Threads to value 1
Gurobi Optimizer version 11.0.0 build v11.0.0rc2 (linux64 - "Oracle Linux Server 9.5")

CPU model: AMD EPYC 7643 48-Core Processor, instruction set [SSE2|AVX|AVX2]
Thread count: 48 physical cores, 96 logical processors, using up to 1 threads

Optimize a model with 1411 rows, 647 columns and 3211 nonzeros
Model fingerprint: 0x404f7b40
Variable types: 437 continuous, 210 integer (210 binary)
Coefficient statistics:
  Matrix range     [1e+00, 5e+02]
  Objective range  [1e+00, 1e+00]
  Bounds range     [1e+00, 5e+02]
  RHS range        [1e+00, 5e+02]
Presolve removed 620 rows and 397 columns
Presolve time: 0.01s
Presolved: 791 rows, 250 columns, 2206 nonzeros
Variable types: 172 continuous, 78 integer (78 binary)

Root relaxation: objective 2.520000e+02, 290 iterations, 0.00 seconds (0.00 work units)

    Nodes    |    Current Node    |     Objective Bounds      |     Work
 Expl Unexpl |  Obj  Depth IntInf | Incumbent    BestBd   Gap | It/Node Time

     0     0  252.00000    0   25          -  252.00000      -     -    0s
     0     0  252.00000    0   25          -  252.00000      -     -    0s
     0     0  252.00000    0   27          -  252.00000      -     -    0s
     0     0  252.06406    0   15          -  252.06406      -     -    0s
     0     0  254.00000    0   20          -  254.00000      -     -    0s
     0     0  254.25581    0   21          -  254.25581      -     -    0s
     0     0  254.27601    0   20          -  254.27601      -     -    0s
     0     0  254.78571    0   17          -  254.78571      -     -    0s
     0     0  254.78571    0   17          -  254.78571      -     -    0s
     0     0  254.91667    0   20          -  254.91667      -     -    0s
     0     0  254.91667    0   20          -  254.91667      -     -    0s
     0     0  254.91667    0   17          -  254.91667      -     -    0s
     0     0  254.91667    0   18          -  254.91667      -     -    0s
     0     0  254.91667    0   18          -  254.91667      -     -    0s
     0     0  254.91667    0   17          -  254.91667      -     -    0s
     0     0  254.91667    0   15          -  254.91667      -     -    0s
     0     0  254.91667    0   15          -  254.91667      -     -    0s
     0     0  254.91667    0   15          -  254.91667      -     -    0s
     0     0  254.91667    0   15          -  254.91667      -     -    0s
     0     0  254.91667    0   15          -  254.91667      -     -    0s
     0     0  254.91667    0   15          -  254.91667      -     -    0s
     0     2  255.69231    0   15          -  255.69231      -     -    0s
H  791   402                     504.0000000  281.30909  44.2%   3.7    0s
H  791   383                     438.0000000  281.30909  35.8%   3.7    0s
H 1863   360                     438.0000000  288.00000  34.2%  12.0    1s
  7581  1339 infeasible   27       438.00000  320.00000  26.9%  14.0    5s
 10723  1542  357.00000   37    7  438.00000  333.00000  24.0%  15.0   10s
 17268  1404 infeasible   34       438.00000  333.00000  24.0%  16.0   15s
 26540  2327 infeasible   38       438.00000  348.00000  20.5%  15.6   20s
 36975  3073  393.00000   42    2  438.00000  364.00000  16.9%  15.8   25s
 45528  3010  373.00000   40    6  438.00000  373.00000  14.8%  16.3   30s
 54435  2031 infeasible   42       438.00000  399.00000  8.90%  15.7   35s

Cutting planes:
  Learned: 1
  Gomory: 6
  Cover: 2
  Implied bound: 1
  MIR: 6
  Flow cover: 17
  RLT: 2
  Relax-and-lift: 2

Explored 67232 nodes (979329 simplex iterations) in 39.79 seconds (31.59 work units)
Thread count was 1 (of 96 available processors)

Solution count 4: 438 438 438 438 

Optimal solution found (tolerance 1.00e-04)
Best objective 4.380000000000e+02, best bound 4.380000000000e+02, gap 0.0000%
Time: 39.97 sec, Objective: 438.0, Termination: optimal

[GDP] Scheduling Data 2 | Model: Time Slots GDP | Transformation: gdp.bigm
Set parameter TokenServer to value "mooring.ecn.purdue.edu"
Read LP format model from file /tmp/tmpp5lsdb6g.pyomo.lp
Reading time = 0.00 seconds
x362: 901 rows, 362 columns, 3901 nonzeros
Set parameter TimeLimit to value 900
Set parameter Threads to value 1
Gurobi Optimizer version 11.0.0 build v11.0.0rc2 (linux64 - "Oracle Linux Server 9.5")

CPU model: AMD EPYC 7643 48-Core Processor, instruction set [SSE2|AVX|AVX2]
Thread count: 48 physical cores, 96 logical processors, using up to 1 threads

Optimize a model with 901 rows, 362 columns and 3901 nonzeros
Model fingerprint: 0xc6b8f3c3
Variable types: 17 continuous, 345 integer (345 binary)
Coefficient statistics:
  Matrix range     [1e+00, 1e+06]
  Objective range  [1e+00, 1e+00]
  Bounds range     [1e+00, 1e+06]
  RHS range        [1e+00, 1e+06]
Presolve removed 616 rows and 121 columns
Presolve time: 0.01s
Presolved: 285 rows, 241 columns, 1544 nonzeros
Variable types: 0 continuous, 241 integer (225 binary)

Root relaxation: objective 3.600000e+01, 136 iterations, 0.00 seconds (0.00 work units)

    Nodes    |    Current Node    |     Objective Bounds      |     Work
 Expl Unexpl |  Obj  Depth IntInf | Incumbent    BestBd   Gap | It/Node Time

     0     0   36.00000    0    9          -   36.00000      -     -    0s
     0     0   36.00000    0   25          -   36.00000      -     -    0s
     0     0   36.00676    0   35          -   36.00676      -     -    0s
     0     0   37.18750    0   32          -   37.18750      -     -    0s
     0     0   38.00000    0   22          -   38.00000      -     -    0s
     0     0   38.00000    0   17          -   38.00000      -     -    0s
     0     0   38.13043    0   32          -   38.13043      -     -    0s
     0     0   39.00000    0   17          -   39.00000      -     -    0s
     0     0   39.00000    0   17          -   39.00000      -     -    0s
     0     0   39.00000    0   34          -   39.00000      -     -    0s
     0     0   39.64895    0   38          -   39.64895      -     -    0s
     0     0   39.71832    0   39          -   39.71832      -     -    0s
     0     0   39.71832    0   39          -   39.71832      -     -    0s
     0     0   41.08099    0   30          -   41.08099      -     -    0s
     0     0   42.23172    0   23          -   42.23172      -     -    0s
     0     0   42.23172    0   27          -   42.23172      -     -    0s
     0     0   50.23529    0   33          -   50.23529      -     -    0s
     0     0   51.00000    0   19          -   51.00000      -     -    0s
     0     0   51.00000    0   16          -   51.00000      -     -    0s
     0     0   54.43750    0   26          -   54.43750      -     -    0s
     0     0   55.00000    0   13          -   55.00000      -     -    0s
     0     0   55.00000    0   16          -   55.00000      -     -    0s
     0     0   55.87500    0   35          -   55.87500      -     -    0s
     0     0   56.00000    0    9          -   56.00000      -     -    0s
     0     0   56.00000    0   36          -   56.00000      -     -    0s
     0     0   56.00000    0   38          -   56.00000      -     -    0s
     0     0   56.23661    0   40          -   56.23661      -     -    0s
     0     0   56.23661    0   33          -   56.23661      -     -    0s
     0     0   57.01860    0   33          -   57.01860      -     -    0s
     0     0   58.00000    0   21          -   58.00000      -     -    0s
     0     0   58.00000    0   25          -   58.00000      -     -    0s
     0     0   58.01006    0   46          -   58.01006      -     -    0s
     0     0   59.00000    0   18          -   59.00000      -     -    0s
     0     0   59.00000    0   45          -   59.00000      -     -    0s
     0     0   59.32857    0   46          -   59.32857      -     -    0s
     0     0   60.00000    0   29          -   60.00000      -     -    0s
     0     0   60.00000    0   40          -   60.00000      -     -    0s
     0     0   60.00000    0   47          -   60.00000      -     -    0s
     0     0   60.00000    0   42          -   60.00000      -     -    0s
     0     0   60.60951    0   22          -   60.60951      -     -    0s
     0     0   61.00000    0   15          -   61.00000      -     -    0s
     0     0   61.00000    0   29          -   61.00000      -     -    0s
     0     0   61.64032    0   36          -   61.64032      -     -    0s
     0     0   62.00000    0   24          -   62.00000      -     -    0s
     0     0   62.00000    0   23          -   62.00000      -     -    0s
     0     0   62.45834    0   32          -   62.45834      -     -    0s
     0     0   63.00000    0   23          -   63.00000      -     -    0s
     0     0   63.00000    0   38          -   63.00000      -     -    0s
     0     0   63.43299    0   42          -   63.43299      -     -    0s
     0     0   64.00000    0   24          -   64.00000      -     -    0s
     0     0   64.00000    0   41          -   64.00000      -     -    0s
     0     0   64.00000    0   39          -   64.00000      -     -    0s
     0     0   64.12055    0   33          -   64.12055      -     -    0s
     0     0   64.12055    0   48          -   64.12055      -     -    0s
     0     0   64.58691    0   24          -   64.58691      -     -    0s
     0     0   65.00000    0   23          -   65.00000      -     -    0s
     0     0   65.00000    0   20          -   65.00000      -     -    0s
     0     0   65.00000    0   30          -   65.00000      -     -    0s
     0     0   65.00000    0   30          -   65.00000      -     -    0s
     0     0   65.00000    0   19          -   65.00000      -     -    0s
     0     0   65.02368    0   44          -   65.02368      -     -    0s
     0     0   65.02368    0   40          -   65.02368      -     -    0s
     0     0   65.29058    0   20          -   65.29058      -     -    0s
     0     0   66.00000    0   18          -   66.00000      -     -    0s
     0     0   66.00000    0   26          -   66.00000      -     -    0s
     0     0   66.00000    0   37          -   66.00000      -     -    0s
     0     0   66.15754    0   41          -   66.15754      -     -    0s
     0     0   66.16398    0   40          -   66.16398      -     -    0s
     0     0   66.25799    0   33          -   66.25799      -     -    0s
     0     0   67.00000    0   26          -   67.00000      -     -    0s
     0     0   67.00000    0   28          -   67.00000      -     -    0s
     0     0   67.00000    0   33          -   67.00000      -     -    0s
     0     0   67.00000    0   39          -   67.00000      -     -    0s
     0     0   67.01554    0   39          -   67.01554      -     -    0s
     0     0   68.00000    0   22          -   68.00000      -     -    0s
     0     0   68.00000    0   22          -   68.00000      -     -    0s
     0     2   69.00000    0   12          -   69.00000      -     -    0s
  6542  2062 infeasible   40               -  174.00000      -  19.7    5s
 10227  3062  269.00000   31   22          -  269.00000      -  22.2   10s
H10292  2951                     454.0000000  286.00000  37.0%  23.4   13s
H10292  2802                     438.0000000  286.00000  34.7%  23.4   13s
 11068  2879  287.00000   57   10  438.00000  286.00000  34.7%  23.3   15s
 15203  2845  287.00000   55   24  438.00000  286.00000  34.7%  23.3   20s
 19098  3224 infeasible   70       438.00000  287.00000  34.5%  22.4   25s
 26255  4289  288.00000   84   29  438.00000  287.00000  34.5%  21.0   30s
 33306  7141  354.00000   99   16  438.00000  287.00000  34.5%  20.3   35s
 39202  9052  287.00000   62   27  438.00000  287.00000  34.5%  20.5   40s
 47553 11928 infeasible   72       438.00000  287.00000  34.5%  19.5   45s
 53526 13616  297.00000   71   24  438.00000  287.00000  34.5%  19.6   50s
 59960 15283  288.00000   74   23  438.00000  287.00000  34.5%  19.6   55s
 67707 17128  367.00000   78   17  438.00000  288.00000  34.2%  19.1   60s
 76575 19269  290.00000   85   21  438.00000  288.00000  34.2%  18.5   65s
 85081 21620  288.00000   82   29  438.00000  288.00000  34.2%  17.9   70s
 93611 23854  358.00000   84   25  438.00000  288.00000  34.2%  17.6   75s
 102386 26202 infeasible   73       438.00000  288.00000  34.2%  17.2   80s
 113423 28974  288.00000   74   30  438.00000  288.00000  34.2%  16.5   85s
 123062 31690  369.00000   76   13  438.00000  288.00000  34.2%  16.2   90s
 133223 35148 infeasible   75       438.00000  288.00000  34.2%  15.8   95s
 147474 38961 infeasible   89       438.00000  289.00000  34.0%  15.3  100s
 162211 42288 infeasible   90       438.00000  290.00000  33.8%  15.0  105s
 176388 45771 infeasible   87       438.00000  292.00000  33.3%  14.8  110s
 191651 50001  336.00000   79   21  438.00000  293.00000  33.1%  14.6  115s
 205256 53497  297.00000   73   23  438.00000  294.00000  32.9%  14.5  120s
 219572 56599 infeasible   81       438.00000  296.00000  32.4%  14.3  125s
 234859 59386 infeasible   79       438.00000  299.00000  31.7%  14.1  130s
 250472 62676  349.00000   80   14  438.00000  303.00000  30.8%  13.9  135s
 266181 65874 infeasible   85       438.00000  305.00000  30.4%  13.7  140s
 283168 69037  344.00000   91   18  438.00000  309.00000  29.5%  13.5  145s
 300748 73280  351.00000   89   27  438.00000  309.00000  29.5%  13.2  150s
 317223 76617 infeasible   74       438.00000  310.00000  29.2%  13.1  155s
 331197 79417  318.00000   98   20  438.00000  311.00000  29.0%  13.0  160s
 346469 81676 infeasible   79       438.00000  313.00000  28.5%  12.9  165s
 361848 84623  315.00000   75   22  438.00000  315.00000  28.1%  12.8  170s
 377862 87294  363.00000   71   22  438.00000  316.00000  27.9%  12.7  175s
 393619 89828  350.00000   79   17  438.00000  318.00000  27.4%  12.6  180s
 410569 92514  326.00000   94   26  438.00000  320.00000  26.9%  12.5  185s
 428190 96075 infeasible   76       438.00000  321.00000  26.7%  12.4  190s
 443816 98018 infeasible   83       438.00000  322.00000  26.5%  12.3  195s
 459921 100040  381.00000   81   18  438.00000  324.00000  26.0%  12.2  200s
 477006 102663 infeasible   87       438.00000  325.00000  25.8%  12.1  205s
 494442 105228 infeasible  103       438.00000  326.00000  25.6%  12.0  210s
 512006 107604  358.00000   80   13  438.00000  326.00000  25.6%  11.9  215s
 527028 109695  408.00000   87   11  438.00000  327.00000  25.3%  11.9  220s
 543752 111931  329.00000   81   26  438.00000  329.00000  24.9%  11.8  225s
 561788 114237  330.00000   85   20  438.00000  330.00000  24.7%  11.7  230s
 577985 115648  331.00000   74   26  438.00000  330.00000  24.7%  11.7  235s
 595293 117496 infeasible   85       438.00000  332.00000  24.2%  11.6  240s
 614089 119529 infeasible   76       438.00000  332.00000  24.2%  11.5  245s
 630516 120541  346.80000   91   22  438.00000  333.00000  24.0%  11.4  250s
 647196 121526  350.00000   86   22  438.00000  334.00000  23.7%  11.4  255s
 664182 122463 infeasible   77       438.00000  335.00000  23.5%  11.3  260s
 681506 123435  352.00000   89   25  438.00000  336.00000  23.3%  11.3  265s
 700048 124855  355.00000   74   17  438.00000  338.00000  22.8%  11.2  270s
 719703 126857 infeasible   85       438.00000  338.00000  22.8%  11.1  275s
 739241 128710  339.00000   85   18  438.00000  339.00000  22.6%  11.0  280s
 757500 129762 infeasible   93       438.00000  340.00000  22.4%  10.9  285s
 775784 130584 infeasible   89       438.00000  341.00000  22.1%  10.9  290s
 794764 132075  363.00000   82   22  438.00000  341.00000  22.1%  10.8  295s
 813874 133438 infeasible   86       438.00000  342.00000  21.9%  10.7  300s
 832155 134987 infeasible   84       438.00000  342.00000  21.9%  10.7  305s
 851022 136354  370.00000   79   20  438.00000  343.00000  21.7%  10.6  310s
 868586 136566  344.00000   88   16  438.00000  344.00000  21.5%  10.6  315s
 887685 137726  344.00000   86   18  438.00000  344.00000  21.5%  10.5  320s
 905651 139254 infeasible   86       438.00000  344.00000  21.5%  10.5  325s
 924148 139292  349.00000   81   14  438.00000  345.00000  21.2%  10.4  330s
 942582 139554 infeasible   87       438.00000  346.00000  21.0%  10.4  335s
 962543 140441  347.00000  100   20  438.00000  347.00000  20.8%  10.3  340s
 982474 142079 infeasible   84       438.00000  347.00000  20.8%  10.3  345s
 1000864 143080  376.00000   88   19  438.00000  348.00000  20.5%  10.2  350s
 1019319 144443 infeasible   86       438.00000  348.00000  20.5%  10.2  355s
 1038456 144912 infeasible   82       438.00000  349.00000  20.3%  10.2  360s
 1058075 145334  381.00000   88   14  438.00000  350.00000  20.1%  10.1  365s
 1076932 145780 infeasible   95       438.00000  350.00000  20.1%  10.1  370s
 1095727 146545 infeasible   89       438.00000  350.00000  20.1%  10.0  375s
 1114164 146576  429.00000   94   11  438.00000  351.00000  19.9%  10.0  380s
 1133065 147084  396.00000   80   15  438.00000  351.00000  19.9%  10.0  385s
 1152123 147016 infeasible   88       438.00000  352.00000  19.6%   9.9  390s
 1169990 147278 infeasible   85       438.00000  352.00000  19.6%   9.9  395s
 1188359 146962  354.00000  102   21  438.00000  353.00000  19.4%   9.9  400s
 1206419 146710 infeasible   83       438.00000  353.00000  19.4%   9.9  405s
 1225795 146423 infeasible   88       438.00000  354.00000  19.2%   9.8  410s
 1244937 146531  366.00000   85   18  438.00000  354.00000  19.2%   9.8  415s
 1263637 146358 infeasible   85       438.00000  354.00000  19.2%   9.8  420s
 1282277 145660  355.00000   87   12  438.00000  355.00000  18.9%   9.7  425s
 1300970 145102  409.00000   88   14  438.00000  356.00000  18.7%   9.7  430s
 1320511 145333  410.00000   97   13  438.00000  356.00000  18.7%   9.7  435s
 1338864 144510  385.00000   93   16  438.00000  357.00000  18.5%   9.7  440s
 1358178 143704 infeasible   81       438.00000  358.00000  18.3%   9.6  445s
 1378339 142942 infeasible   90       438.00000  359.00000  18.0%   9.6  450s
 1399651 143256 infeasible   87       438.00000  359.00000  18.0%   9.5  455s
 1420929 144031  359.00000   89   17  438.00000  359.00000  18.0%   9.5  460s
 1442107 144467  397.00000   83   13  438.00000  360.00000  17.8%   9.5  465s
 1462515 144786 infeasible   94       438.00000  360.00000  17.8%   9.4  470s
 1482834 145762  360.00000  100   17  438.00000  360.00000  17.8%   9.4  475s
 1503133 146468  378.00000   86   14  438.00000  361.00000  17.6%   9.4  480s
 1525296 147800 infeasible   78       438.00000  361.00000  17.6%   9.3  485s
 1546678 149527 infeasible   89       438.00000  361.00000  17.6%   9.3  490s
 1569065 151980  361.00000   86   13  438.00000  361.00000  17.6%   9.2  495s
 1591045 153235  384.00000  100   15  438.00000  361.00000  17.6%   9.2  500s
 1611910 152879  362.00000   83   15  438.00000  362.00000  17.4%   9.1  505s
 1632414 152755 infeasible   87       438.00000  362.00000  17.4%   9.1  510s
 1653496 152933  431.00000   86    9  438.00000  363.00000  17.1%   9.1  515s
 1673531 152851 infeasible   88       438.00000  363.00000  17.1%   9.1  520s
 1693531 153408  386.00000   82   20  438.00000  363.00000  17.1%   9.0  525s
 1713474 153840  400.00000   91   16  438.00000  363.00000  17.1%   9.0  530s
 1733700 153238  406.00000   95   12  438.00000  364.00000  16.9%   9.0  535s
 1753418 153088 infeasible  107       438.00000  364.00000  16.9%   9.0  540s
 1774547 151891  391.00000   84   13  438.00000  365.00000  16.7%   8.9  545s
 1795134 151764  365.00000   80   22  438.00000  365.00000  16.7%   8.9  550s
 1814802 150440  399.00000   76   16  438.00000  366.00000  16.4%   8.9  555s
 1834781 149852  375.00000   90   17  438.00000  366.00000  16.4%   8.9  560s
 1854808 149150 infeasible  100       438.00000  367.00000  16.2%   8.9  565s
 1875336 148549 infeasible   91       438.00000  367.00000  16.2%   8.8  570s
 1895580 147156 infeasible   92       438.00000  368.00000  16.0%   8.8  575s
 1916480 146492  368.00000   90   15  438.00000  368.00000  16.0%   8.8  580s
 1937615 145272 infeasible   80       438.00000  369.00000  15.8%   8.8  585s
 1957968 143329  370.70760   86   22  438.00000  370.00000  15.5%   8.7  590s
 1979918 141733 infeasible   89       438.00000  370.00000  15.5%   8.7  595s
 2002163 139431 infeasible   80       438.00000  371.00000  15.3%   8.7  600s
 2024186 139635  387.00000   94   18  438.00000  371.00000  15.3%   8.7  605s
 2046320 139993  386.00000   92   15  438.00000  371.00000  15.3%   8.6  610s
 2066350 140095 infeasible   82       438.00000  371.00000  15.3%   8.6  615s
 2085947 138770 infeasible   90       438.00000  372.00000  15.1%   8.6  620s
 2105197 138069  372.00000   90   17  438.00000  372.00000  15.1%   8.6  625s
 2126277 136085  393.00000   81   12  438.00000  373.00000  14.8%   8.5  630s
 2144753 135269 infeasible   73       438.00000  373.00000  14.8%   8.5  635s
 2165668 133483  374.00000   99   10  438.00000  374.00000  14.6%   8.5  640s
 2186929 133295 infeasible   85       438.00000  374.00000  14.6%   8.5  645s
 2206562 130318 infeasible   84       438.00000  375.00000  14.4%   8.5  650s
 2226684 129371  403.00000   93    8  438.00000  375.00000  14.4%   8.4  655s
 2246309 126758  376.00000   92   21  438.00000  376.00000  14.2%   8.4  660s
 2265834 124325  420.00000   95   14  438.00000  377.00000  13.9%   8.4  665s
 2286837 122111 infeasible   95       438.00000  378.00000  13.7%   8.4  670s
 2307631 119449 infeasible   80       438.00000  379.00000  13.5%   8.4  675s
 2328962 117441 infeasible   85       438.00000  380.00000  13.2%   8.3  680s
 2350249 114334  394.00000   82   14  438.00000  380.00000  13.2%   8.3  685s
 2371645 113707  392.00000   96   12  438.00000  380.00000  13.2%   8.3  690s
 2393006 111846 infeasible   89       438.00000  381.00000  13.0%   8.3  695s
 2414248 110204  382.00000   86    8  438.00000  382.00000  12.8%   8.2  700s
 2435592 108148  382.00000   85   19  438.00000  382.00000  12.8%   8.2  705s
 2455913 104794 infeasible   93       438.00000  383.00000  12.6%   8.2  710s
 2476970 104454 infeasible   95       438.00000  383.00000  12.6%   8.2  715s
 2497685 102221  384.00000   83   14  438.00000  384.00000  12.3%   8.2  720s
 2519074 98320  385.00000   84    8  438.00000  385.00000  12.1%   8.1  725s
 2542219 94778 infeasible   78       438.00000  385.00000  12.1%   8.1  730s
 2564580 89543  387.00000   92   13  438.00000  387.00000  11.6%   8.1  735s
 2587583 84422 infeasible   91       438.00000  388.00000  11.4%   8.0  740s
 2609148 81993 infeasible   91       438.00000  389.00000  11.2%   8.0  745s
 2631023 77990 infeasible   96       438.00000  390.00000  11.0%   8.0  750s
 2653075 74597  395.00000   96   13  438.00000  391.00000  10.7%   8.0  755s
 2675534 70887  404.00000   88   14  438.00000  392.00000  10.5%   7.9  760s
 2698646 66826  393.00000   91   15  438.00000  393.00000  10.3%   7.9  765s
 2721338 63787 infeasible  111       438.00000  394.00000  10.0%   7.9  770s
 2744148 59269 infeasible   86       438.00000  395.00000  9.82%   7.9  775s
 2768272 52786 infeasible   95       438.00000  397.00000  9.36%   7.8  780s
 2791302 45659 infeasible   91       438.00000  400.00000  8.68%   7.8  785s
 2814535 40482  401.00000   85   15  438.00000  401.00000  8.45%   7.8  790s
 2836270 33709 infeasible   78       438.00000  404.00000  7.76%   7.7  795s
 2860628 26254  426.00000   84    7  438.00000  406.94495  7.09%   7.7  800s
 2883711 16560 infeasible   87       438.00000  413.00000  5.71%   7.7  805s
 2911012  7701 infeasible   81       438.00000  417.00000  4.79%   7.6  810s

Cutting planes:
  Gomory: 1
  Cover: 1
  Projected implied bound: 1
  MIR: 4
  Flow cover: 12
  Relax-and-lift: 1

Explored 2927923 nodes (22246169 simplex iterations) in 813.40 seconds (721.92 work units)
Thread count was 1 (of 96 available processors)

Solution count 2: 438 454 

Optimal solution found (tolerance 1.00e-04)
Best objective 4.380000000000e+02, best bound 4.380000000000e+02, gap 0.0000%
Time: 813.60 sec, Objective: 438.0, Termination: optimal

[GDP] Scheduling Data 2 | Model: Time Slots GDP | Transformation: gdp.hull
Set parameter TokenServer to value "mooring.ecn.purdue.edu"
Read LP format model from file /tmp/tmpit7bnzdn.pyomo.lp
Reading time = 0.01 seconds
x2612: 4066 rows, 2612 columns, 11101 nonzeros
Set parameter TimeLimit to value 900
Set parameter Threads to value 1
Gurobi Optimizer version 11.0.0 build v11.0.0rc2 (linux64 - "Oracle Linux Server 9.5")

CPU model: AMD EPYC 7643 48-Core Processor, instruction set [SSE2|AVX|AVX2]
Thread count: 48 physical cores, 96 logical processors, using up to 1 threads

Optimize a model with 4066 rows, 2612 columns and 11101 nonzeros
Model fingerprint: 0x993c6fd8
Variable types: 2267 continuous, 345 integer (345 binary)
Coefficient statistics:
  Matrix range     [1e+00, 1e+06]
  Objective range  [1e+00, 1e+00]
  Bounds range     [1e+00, 1e+06]
  RHS range        [1e+00, 1e+00]
Presolve removed 3139 rows and 1951 columns
Presolve time: 0.01s
Presolved: 927 rows, 661 columns, 2860 nonzeros
Variable types: 436 continuous, 225 integer (225 binary)

Root relaxation: objective 4.350000e+02, 1440 iterations, 0.04 seconds (0.04 work units)

    Nodes    |    Current Node    |     Objective Bounds      |     Work
 Expl Unexpl |  Obj  Depth IntInf | Incumbent    BestBd   Gap | It/Node Time

     0     0  435.00000    0   25          -  435.00000      -     -    0s
     0     0  435.00000    0   29          -  435.00000      -     -    0s
     0     0  435.00000    0   25          -  435.00000      -     -    0s
     0     0  435.00000    0   23          -  435.00000      -     -    0s
     0     0  435.00000    0   25          -  435.00000      -     -    0s
     0     0  435.00000    0   25          -  435.00000      -     -    0s
     0     0  435.00000    0   25          -  435.00000      -     -    0s
     0     0  435.00000    0   33          -  435.00000      -     -    0s
     0     0  435.00000    0   25          -  435.00000      -     -    0s
     0     2  435.00000    0   19          -  435.00000      -     -    0s
*   41    10              39     442.0000000  435.00000  1.58%  24.5    0s
*   60     7              32     438.0000000  435.00000  0.68%  22.7    0s

Cutting planes:
  Cover: 51
  Implied bound: 26
  Clique: 3
  MIR: 6
  Flow cover: 9
  GUB cover: 2
  Inf proof: 3
  Network: 1
  BQP: 2
  PSD: 1

Explored 228 nodes (8183 simplex iterations) in 0.53 seconds (0.56 work units)
Thread count was 1 (of 96 available processors)

Solution count 2: 438 442 

Optimal solution found (tolerance 1.00e-04)
Best objective 4.380000000000e+02, best bound 4.380000000000e+02, gap 0.0000%
Time: 0.81 sec, Objective: 438.0, Termination: optimal

[GDP] Scheduling Data 3 | Model: General Precedence GDP | Transformation: gdp.bigm
Set parameter TokenServer to value "mooring.ecn.purdue.edu"
Read LP format model from file /tmp/tmpv9dqsxn8.pyomo.lp
Reading time = 0.00 seconds
x402: 631 rows, 402 columns, 1601 nonzeros
Set parameter TimeLimit to value 900
Set parameter Threads to value 1
Gurobi Optimizer version 11.0.0 build v11.0.0rc2 (linux64 - "Oracle Linux Server 9.5")

CPU model: AMD EPYC 7643 48-Core Processor, instruction set [SSE2|AVX|AVX2]
Thread count: 48 physical cores, 96 logical processors, using up to 1 threads

Optimize a model with 631 rows, 402 columns and 1601 nonzeros
Model fingerprint: 0x8815503a
Variable types: 22 continuous, 380 integer (380 binary)
Coefficient statistics:
  Matrix range     [1e+00, 8e+02]
  Objective range  [1e+00, 1e+00]
  Bounds range     [1e+00, 8e+02]
  RHS range        [1e+00, 8e+02]
Found heuristic solution: objective 560.0000000
Presolve removed 412 rows and 291 columns
Presolve time: 0.00s
Presolved: 219 rows, 111 columns, 618 nonzeros
Variable types: 21 continuous, 90 integer (90 binary)

Root relaxation: objective 5.190000e+02, 50 iterations, 0.00 seconds (0.00 work units)

    Nodes    |    Current Node    |     Objective Bounds      |     Work
 Expl Unexpl |  Obj  Depth IntInf | Incumbent    BestBd   Gap | It/Node Time

     0     0  519.00000    0    3  560.00000  519.00000  7.32%     -    0s
     0     0  519.00000    0    5  560.00000  519.00000  7.32%     -    0s
H    0     0                     559.0000000  519.00000  7.16%     -    0s
     0     0  519.00000    0    3  559.00000  519.00000  7.16%     -    0s
     0     0  519.00000    0    7  559.00000  519.00000  7.16%     -    0s
     0     0  519.85625    0    7  559.00000  519.85625  7.00%     -    0s
     0     0  524.74001    0    6  559.00000  524.74001  6.13%     -    0s
     0     0  525.10620    0    6  559.00000  525.10620  6.06%     -    0s
     0     0  533.00000    0    3  559.00000  533.00000  4.65%     -    0s
     0     0  533.00000    0    3  559.00000  533.00000  4.65%     -    0s
     0     0  533.00000    0    3  559.00000  533.00000  4.65%     -    0s
     0     0  533.00000    0    3  559.00000  533.00000  4.65%     -    0s
     0     0  533.00000    0    3  559.00000  533.00000  4.65%     -    0s
     0     0  533.00000    0    4  559.00000  533.00000  4.65%     -    0s
     0     0  533.00000    0    3  559.00000  533.00000  4.65%     -    0s
     0     0  533.00000    0    3  559.00000  533.00000  4.65%     -    0s
     0     2  533.00000    0    3  559.00000  533.00000  4.65%     -    0s

Cutting planes:
  Gomory: 1
  Cover: 7
  Implied bound: 12
  MIR: 36
  Inf proof: 1
  RLT: 3
  Relax-and-lift: 3

Explored 153 nodes (932 simplex iterations) in 0.07 seconds (0.04 work units)
Thread count was 1 (of 96 available processors)

Solution count 2: 559 560 

Optimal solution found (tolerance 1.00e-04)
Best objective 5.590000000000e+02, best bound 5.590000000000e+02, gap 0.0000%
Time: 0.24 sec, Objective: 559.0, Termination: optimal

[GDP] Scheduling Data 3 | Model: General Precedence GDP | Transformation: gdp.hull
Set parameter TokenServer to value "mooring.ecn.purdue.edu"
Read LP format model from file /tmp/tmpqxwom1i5.pyomo.lp
Reading time = 0.00 seconds
x1162: 2493 rows, 1162 columns, 5705 nonzeros
Set parameter TimeLimit to value 900
Set parameter Threads to value 1
Gurobi Optimizer version 11.0.0 build v11.0.0rc2 (linux64 - "Oracle Linux Server 9.5")

CPU model: AMD EPYC 7643 48-Core Processor, instruction set [SSE2|AVX|AVX2]
Thread count: 48 physical cores, 96 logical processors, using up to 1 threads

Optimize a model with 2493 rows, 1162 columns and 5705 nonzeros
Model fingerprint: 0xb3077a8c
Variable types: 782 continuous, 380 integer (380 binary)
Coefficient statistics:
  Matrix range     [1e+00, 8e+02]
  Objective range  [1e+00, 1e+00]
  Bounds range     [1e+00, 8e+02]
  RHS range        [1e+00, 8e+02]
Presolve removed 1561 rows and 864 columns
Presolve time: 0.01s
Presolved: 932 rows, 298 columns, 2592 nonzeros
Variable types: 205 continuous, 93 integer (93 binary)

Root relaxation: objective 5.190000e+02, 407 iterations, 0.00 seconds (0.00 work units)

    Nodes    |    Current Node    |     Objective Bounds      |     Work
 Expl Unexpl |  Obj  Depth IntInf | Incumbent    BestBd   Gap | It/Node Time

     0     0  519.00000    0    7          -  519.00000      -     -    0s
H    0     0                     585.0000000  519.00000  11.3%     -    0s
     0     0  519.00000    0    8  585.00000  519.00000  11.3%     -    0s
     0     0  519.00000    0    8  585.00000  519.00000  11.3%     -    0s
     0     0  519.00000    0   10  585.00000  519.00000  11.3%     -    0s
H    0     0                     584.0000000  519.00000  11.1%     -    0s
     0     0  519.00000    0    9  584.00000  519.00000  11.1%     -    0s
     0     0  519.00000    0    9  584.00000  519.00000  11.1%     -    0s
     0     0  519.00000    0    9  584.00000  519.00000  11.1%     -    0s
     0     0  519.00000    0    9  584.00000  519.00000  11.1%     -    0s
     0     0  519.00000    0    8  584.00000  519.00000  11.1%     -    0s
     0     0  519.00000    0    8  584.00000  519.00000  11.1%     -    0s
     0     2  519.00000    0    8  584.00000  519.00000  11.1%     -    0s
H   27    27                     583.0000000  519.00000  11.0%  12.3    0s
H   82    48                     577.0000000  519.01809  10.0%  11.2    0s
*  152    78              22     576.9999999  519.28002  10.0%   9.8    0s
H  184    71                     570.0000000  519.28002  8.90%   9.1    0s
H  193    70                     566.0000000  519.28002  8.25%   9.1    0s
*  245    93              21     565.9999999  521.00000  7.95%   9.3    0s
*  541    99              20     560.0000000  534.27194  4.59%   9.7    0s
*  630    66              21     559.0000000  544.00000  2.68%   9.8    0s

Cutting planes:
  Gomory: 3
  Cover: 1
  Implied bound: 9
  MIR: 21
  Inf proof: 8
  RLT: 8
  Relax-and-lift: 5
  BQP: 1

Explored 712 nodes (7286 simplex iterations) in 0.35 seconds (0.27 work units)
Thread count was 1 (of 96 available processors)

Solution count 10: 559 560 566 ... 585

Optimal solution found (tolerance 1.00e-04)
Best objective 5.590000000000e+02, best bound 5.590000000000e+02, gap 0.0000%
Time: 0.58 sec, Objective: 559.0, Termination: optimal

[GDP] Scheduling Data 3 | Model: Time Slots GDP | Transformation: gdp.bigm
Set parameter TokenServer to value "mooring.ecn.purdue.edu"
Read LP format model from file /tmp/tmp0nrindab.pyomo.lp
Reading time = 0.00 seconds
x582: 1501 rows, 582 columns, 6781 nonzeros
Set parameter TimeLimit to value 900
Set parameter Threads to value 1
Gurobi Optimizer version 11.0.0 build v11.0.0rc2 (linux64 - "Oracle Linux Server 9.5")

CPU model: AMD EPYC 7643 48-Core Processor, instruction set [SSE2|AVX|AVX2]
Thread count: 48 physical cores, 96 logical processors, using up to 1 threads

Optimize a model with 1501 rows, 582 columns and 6781 nonzeros
Model fingerprint: 0xb0d24f42
Variable types: 22 continuous, 560 integer (560 binary)
Coefficient statistics:
  Matrix range     [1e+00, 1e+06]
  Objective range  [1e+00, 1e+00]
  Bounds range     [1e+00, 1e+06]
  RHS range        [1e+00, 1e+06]
Presolve removed 1021 rows and 161 columns
Presolve time: 0.02s
Presolved: 480 rows, 421 columns, 2784 nonzeros
Variable types: 0 continuous, 421 integer (400 binary)

Root relaxation: objective 4.000000e+01, 177 iterations, 0.00 seconds (0.00 work units)

    Nodes    |    Current Node    |     Objective Bounds      |     Work
 Expl Unexpl |  Obj  Depth IntInf | Incumbent    BestBd   Gap | It/Node Time

     0     0   40.00000    0   37          -   40.00000      -     -    0s
     0     0   40.00000    0   45          -   40.00000      -     -    0s
     0     0   40.16441    0   42          -   40.16441      -     -    0s
     0     0   40.93460    0   42          -   40.93460      -     -    0s
     0     0   40.93460    0   55          -   40.93460      -     -    0s
     0     0   40.97704    0   66          -   40.97704      -     -    0s
     0     0   40.97704    0   60          -   40.97704      -     -    0s
     0     0   40.97704    0   65          -   40.97704      -     -    0s
     0     0   40.97704    0   58          -   40.97704      -     -    0s
     0     0   41.06139    0   57          -   41.06139      -     -    0s
     0     0   41.85354    0   63          -   41.85354      -     -    0s
     0     0   41.92772    0   52          -   41.92772      -     -    0s
     0     0   47.56428    0   53          -   47.56428      -     -    0s
     0     0   48.30812    0   43          -   48.30812      -     -    0s
     0     0   50.37535    0   45          -   50.37535      -     -    0s
     0     0   51.03748    0   44          -   51.03748      -     -    0s
     0     0   52.68626    0   52          -   52.68626      -     -    0s
     0     0   55.99172    0   48          -   55.99172      -     -    0s
     0     0   58.60626    0   42          -   58.60626      -     -    0s
     0     0   67.88406    0   42          -   67.88406      -     -    0s
     0     0   67.88406    0   38          -   67.88406      -     -    0s
     0     0   70.86792    0   47          -   70.86792      -     -    0s
     0     0   70.86792    0   44          -   70.86792      -     -    0s
     0     0   73.00000    0   52          -   73.00000      -     -    0s
     0     0   73.00000    0   46          -   73.00000      -     -    0s
     0     0   73.00000    0   39          -   73.00000      -     -    0s
     0     0   73.00000    0   38          -   73.00000      -     -    0s
     0     0   73.00000    0   22          -   73.00000      -     -    0s
     0     0   73.00000    0   55          -   73.00000      -     -    0s
     0     0   73.00000    0   23          -   73.00000      -     -    0s
     0     0   73.00000    0   27          -   73.00000      -     -    0s
     0     0   73.00000    0   23          -   73.00000      -     -    0s
     0     0   73.00000    0   23          -   73.00000      -     -    0s
     0     2   74.00000    0   23          -   74.00000      -     -    0s
   867   509  455.00000   18   70          -  246.00000      -  40.2    5s
H 2287   594                     664.0000000  266.00000  59.9%  59.5    9s
H 2287   569                     634.0000000  266.00000  58.0%  59.5    9s
H 2314   570                     628.0000000  266.00000  57.6%  59.4    9s
H 2365   611                     626.0000000  266.00000  57.5%  58.8    9s
H 2368   604                     599.0000000  266.00000  55.6%  58.7    9s
  2377   611 infeasible  120       599.00000  266.00000  55.6%  58.6   10s
H 2581   651                     594.0000000  274.00000  53.9%  58.3   10s
H 2587   647                     591.0000000  274.00000  53.6%  58.3   10s
H 2668   654                     589.0000000  279.00000  52.6%  58.1   10s
H 2720   643                     584.0000000  290.00000  50.3%  58.5   10s
H 2783   637                     583.0000000  291.00000  50.1%  58.5   11s
H 2810   638                     579.0000000  294.00000  49.2%  58.4   11s
H 2868   648                     574.0000000  299.00000  47.9%  58.3   11s
H 3086   741                     572.0000000  303.39098  47.0%  57.1   12s
  4357  1084 infeasible   75       572.00000  367.00000  35.8%  52.6   15s
  8964  2517 infeasible  118       572.00000  519.00000  9.27%  39.5   20s
 10992  2764  519.00000   85   40  572.00000  519.00000  9.27%  36.9   25s
 15304  3657  538.00000   79   23  572.00000  519.00000  9.27%  34.2   30s
H15306  3475                     567.0000000  519.00000  8.47%  34.2   30s
H15358  3333                     564.0000000  519.00000  7.98%  34.1   32s
 15995  3429  553.00000  105   17  564.00000  519.00000  7.98%  35.7   35s
H17465  3488                     560.0000000  519.00000  7.32%  35.7   38s
 18385  3474  519.00000   96   27  560.00000  519.00000  7.32%  36.2   40s
H18465  3262                     559.0000000  519.00000  7.16%  36.2   40s
 23741  3727  550.00000   92   34  559.00000  519.00000  7.16%  33.4   45s
 25656  4295  549.00000   80   33  559.00000  519.00000  7.16%  33.2   50s
 29868  3562 infeasible   75       559.00000  519.00000  7.16%  32.0   55s
 35181  2345 infeasible  114       559.00000  519.00000  7.16%  31.0   60s
 36076  2351  548.00000   95   30  559.00000  519.00000  7.16%  31.2   65s
 38136  2152 infeasible   89       559.00000  519.00000  7.16%  31.3   70s
 40809  1618  520.00000   93   23  559.00000  520.00000  6.98%  31.7   76s
 42674  1263  520.00000  118   24  559.00000  520.00000  6.98%  31.4   80s
 48354   788  520.00000   94   24  559.00000  520.00000  6.98%  29.8   85s
 51409  1010 infeasible  122       559.00000  520.00000  6.98%  29.4   90s

Cutting planes:
  Learned: 1
  Cover: 2
  Projected implied bound: 1
  MIR: 2
  StrongCG: 10
  Flow cover: 11
  GUB cover: 1
  Relax-and-lift: 1

Explored 53763 nodes (1599556 simplex iterations) in 94.07 seconds (105.64 work units)
Thread count was 1 (of 96 available processors)

Solution count 10: 559 559 560 ... 584

Optimal solution found (tolerance 1.00e-04)
Best objective 5.590000000000e+02, best bound 5.590000000000e+02, gap 0.0000%
Time: 94.30 sec, Objective: 559.0, Termination: optimal

[GDP] Scheduling Data 3 | Model: Time Slots GDP | Transformation: gdp.hull
Set parameter TokenServer to value "mooring.ecn.purdue.edu"
Read LP format model from file /tmp/tmpw55vi4jz.pyomo.lp
Reading time = 0.01 seconds
x4582: 7121 rows, 4582 columns, 19581 nonzeros
Set parameter TimeLimit to value 900
Set parameter Threads to value 1
Gurobi Optimizer version 11.0.0 build v11.0.0rc2 (linux64 - "Oracle Linux Server 9.5")

CPU model: AMD EPYC 7643 48-Core Processor, instruction set [SSE2|AVX|AVX2]
Thread count: 48 physical cores, 96 logical processors, using up to 1 threads

Optimize a model with 7121 rows, 4582 columns and 19581 nonzeros
Model fingerprint: 0xf6d0f21b
Variable types: 4022 continuous, 560 integer (560 binary)
Coefficient statistics:
  Matrix range     [1e+00, 1e+06]
  Objective range  [1e+00, 1e+00]
  Bounds range     [1e+00, 1e+06]
  RHS range        [1e+00, 1e+00]
Presolve removed 5505 rows and 3401 columns
Presolve time: 0.03s
Presolved: 1616 rows, 1181 columns, 5073 nonzeros
Variable types: 781 continuous, 400 integer (400 binary)

Root relaxation: objective 5.240000e+02, 2686 iterations, 0.10 seconds (0.14 work units)

    Nodes    |    Current Node    |     Objective Bounds      |     Work
 Expl Unexpl |  Obj  Depth IntInf | Incumbent    BestBd   Gap | It/Node Time

     0     0  524.00000    0   30          -  524.00000      -     -    0s
     0     0  524.00000    0   47          -  524.00000      -     -    0s
     0     0  524.00000    0   22          -  524.00000      -     -    0s
     0     0  524.00000    0   28          -  524.00000      -     -    0s
     0     0  524.00000    0   29          -  524.00000      -     -    0s
     0     0  524.00000    0   13          -  524.00000      -     -    0s
     0     0  524.00000    0   32          -  524.00000      -     -    0s
     0     0  524.00000    0   28          -  524.00000      -     -    0s
     0     0  524.00000    0   31          -  524.00000      -     -    0s
     0     0  524.00000    0   27          -  524.00000      -     -    0s
     0     0  524.00000    0   25          -  524.00000      -     -    0s
     0     2  524.00000    0   20          -  524.00000      -     -    0s
H  635   443                     658.0000000  524.00000  20.4%  22.8    3s
H  662   423                     657.9999999  524.00000  20.4%  27.3    3s
H  687   401                     653.0000000  524.00000  19.8%  28.6    4s
*  741   366              78     580.0000000  524.00000  9.66%  29.4    4s
H  771   325                     564.0000000  524.00000  7.09%  31.9    4s
H  799   299                     559.0000000  524.00000  6.26%  34.0    4s
   828   294  524.00000   37   41  559.00000  524.00000  6.26%  35.9    5s

Cutting planes:
  Cover: 2
  Projected implied bound: 5
  MIR: 3
  Flow cover: 4
  GUB cover: 2
  RLT: 1
  Relax-and-lift: 4

Explored 1126 nodes (74543 simplex iterations) in 6.31 seconds (7.30 work units)
Thread count was 1 (of 96 available processors)

Solution count 5: 559 564 580 ... 658

Optimal solution found (tolerance 1.00e-04)
Best objective 5.590000000000e+02, best bound 5.590000000000e+02, gap 0.0000%
Time: 6.75 sec, Objective: 559.0, Termination: optimal

[GDP] Scheduling Data 4 | Model: General Precedence GDP | Transformation: gdp.bigm
Set parameter TokenServer to value "mooring.ecn.purdue.edu"
Read LP format model from file /tmp/tmpvoy1u_ne.pyomo.lp
Reading time = 0.00 seconds
x402: 631 rows, 402 columns, 1601 nonzeros
Set parameter TimeLimit to value 900
Set parameter Threads to value 1
Gurobi Optimizer version 11.0.0 build v11.0.0rc2 (linux64 - "Oracle Linux Server 9.5")

CPU model: AMD EPYC 7643 48-Core Processor, instruction set [SSE2|AVX|AVX2]
Thread count: 48 physical cores, 96 logical processors, using up to 1 threads

Optimize a model with 631 rows, 402 columns and 1601 nonzeros
Model fingerprint: 0x510b9e22
Variable types: 22 continuous, 380 integer (380 binary)
Coefficient statistics:
  Matrix range     [1e+00, 7e+02]
  Objective range  [1e+00, 1e+00]
  Bounds range     [1e+00, 7e+02]
  RHS range        [1e+00, 7e+02]
Presolve removed 291 rows and 229 columns
Presolve time: 0.00s
Presolved: 340 rows, 173 columns, 984 nonzeros
Variable types: 21 continuous, 152 integer (152 binary)

Root relaxation: objective 4.150000e+02, 104 iterations, 0.00 seconds (0.00 work units)

    Nodes    |    Current Node    |     Objective Bounds      |     Work
 Expl Unexpl |  Obj  Depth IntInf | Incumbent    BestBd   Gap | It/Node Time

     0     0  415.00000    0   15          -  415.00000      -     -    0s
H    0     0                     666.0000000  415.00000  37.7%     -    0s
     0     0  415.00000    0   23  666.00000  415.00000  37.7%     -    0s
     0     0  415.00000    0   20  666.00000  415.00000  37.7%     -    0s
     0     0  415.00000    0   22  666.00000  415.00000  37.7%     -    0s
     0     0  415.00000    0   24  666.00000  415.00000  37.7%     -    0s
     0     0  415.00000    0   21  666.00000  415.00000  37.7%     -    0s
     0     0  415.00000    0   20  666.00000  415.00000  37.7%     -    0s
     0     0  415.00000    0   32  666.00000  415.00000  37.7%     -    0s
     0     0  415.00000    0   31  666.00000  415.00000  37.7%     -    0s
H    0     0                     664.0000000  415.00000  37.5%     -    0s
     0     2  415.00000    0   31  664.00000  415.00000  37.5%     -    0s
H  863   389                     663.9999999  428.00000  35.5%   9.1    0s
 16657  2760  490.00000   27   13  664.00000  465.00000  30.0%   4.7    5s
 46020  7978  516.00000   40    8  664.00000  516.00000  22.3%   4.4   10s
 71617 12698  574.00000   39    6  664.00000  545.00000  17.9%   4.2   15s
 100661 19243  606.00000   44    4  664.00000  560.00000  15.7%   4.2   20s
 131364 24890 infeasible   39       664.00000  575.00000  13.4%   4.3   25s
 160917 30853  651.00000   38    1  664.00000  581.00000  12.5%   4.4   30s
 188672 36421  653.00000   50    1  664.00000  586.00000  11.7%   4.5   35s
 216038 42464  630.00000   42    3  664.00000  588.00000  11.4%   4.5   40s
 242612 47600     cutoff   39       664.00000  588.00000  11.4%   4.5   45s
 268660 53557  631.00000   57    3  664.00000  589.00000  11.3%   4.5   50s
 294467 59220 infeasible   53       664.00000  591.00000  11.0%   4.5   55s
 321413 66103  620.00000   45    3  664.00000  593.00000  10.7%   4.4   60s
 349040 72712 infeasible   39       664.00000  594.00000  10.5%   4.4   65s
 381828 79558  642.00000   43    4  664.00000  600.00000  9.64%   4.4   70s
 414963 87159 infeasible   49       664.00000  600.00000  9.64%   4.4   75s
 447380 93570 infeasible   45       664.00000  600.00000  9.64%   4.4   80s
 480249 100221  640.00000   54    2  664.00000  602.00000  9.34%   4.4   85s
 510256 104720  650.00000   51    3  664.00000  602.00000  9.34%   4.4   90s
 543437 109942  628.00000   42    2  664.00000  605.00000  8.89%   4.4   95s
 575501 114189  642.00000   49    2  664.00000  606.00000  8.73%   4.4  100s
 608007 118905  608.00000   42    6  664.00000  608.00000  8.43%   4.4  105s
 640113 123693 infeasible   45       664.00000  612.00000  7.83%   4.4  110s
 674214 129490     cutoff   55       664.00000  613.00000  7.68%   4.4  115s
 706669 135559 infeasible   41       664.00000  616.00000  7.23%   4.4  120s
 737962 139555 infeasible   43       664.00000  618.00000  6.93%   4.4  125s
 766310 140798  631.00000   50    3  664.00000  618.00000  6.93%   4.4  130s
 795758 143579     cutoff   50       664.00000  618.00000  6.93%   4.4  135s
 826653 147850  651.00000   51    1  664.00000  618.00000  6.93%   4.4  140s
 857308 151417  630.00000   41    3  664.00000  618.00000  6.93%   4.3  145s
 885754 153582     cutoff   49       664.00000  619.00000  6.78%   4.3  150s
 914264 157002  631.00000   55    3  664.00000  620.00000  6.63%   4.3  155s
 942877 159114  642.00000   62    3  664.00000  622.00000  6.33%   4.3  160s
 971389 163153  653.00000   50    1  664.00000  623.00000  6.17%   4.3  165s
 996817 164021  638.00000   51    2  664.00000  625.00000  5.87%   4.3  170s
 1026131 166638  651.00000   52    1  664.00000  625.00000  5.87%   4.3  175s
 1055883 169312 infeasible   45       664.00000  625.00000  5.87%   4.2  180s
 1085752 172365  637.00000   49    4  664.00000  625.00000  5.87%   4.2  185s
 1114899 176627  649.00000   51    3  664.00000  626.00000  5.72%   4.2  190s
 1143531 178977 infeasible   46       664.00000  627.00000  5.57%   4.2  195s
 1175492 181701  631.00000   47    4  664.00000  627.00000  5.57%   4.2  200s
 1203439 185378  642.00000   44    2  664.00000  627.00000  5.57%   4.2  205s
 1232032 188735  653.00000   52    2  664.00000  628.00000  5.42%   4.2  210s
 1265796 190222     cutoff   54       664.00000  629.00000  5.27%   4.2  215s
 1298940 190254     cutoff   47       664.00000  629.00000  5.27%   4.2  220s
 1333745 193348 infeasible   51       664.00000  630.00000  5.12%   4.2  225s
 1366249 194101  651.00000   51    1  664.00000  630.00000  5.12%   4.2  230s
 1399383 194848     cutoff   53       664.00000  630.00000  5.12%   4.2  235s
 1431793 186900 infeasible   47       664.00000  631.00000  4.97%   4.1  240s
 1463441 181968     cutoff   48       664.00000  631.00000  4.97%   4.1  245s
 1493736 181619 infeasible   42       664.00000  632.00000  4.82%   4.1  250s
 1524896 182353  633.00000   52    3  664.00000  633.00000  4.67%   4.1  255s
 1560837 182547  653.00000   54    1  664.00000  635.00000  4.37%   4.1  260s
 1604562 180504 infeasible   45       664.00000  635.00000  4.37%   4.1  265s
 1643370 180052  653.00000   52    1  664.00000  637.00000  4.07%   4.1  270s
 1675935 180894 infeasible   42       664.00000  637.00000  4.07%   4.1  275s
 1708590 171003 infeasible   46       664.00000  638.00000  3.92%   4.1  280s
 1751929 167430  651.00000   50    1  664.00000  640.00000  3.61%   4.0  285s
 1798477 163636  653.00000   45    1  664.00000  640.00000  3.61%   4.0  290s
 1842838 161672  661.00000   55    1  664.00000  640.00000  3.61%   4.0  295s
 1885083 159627  651.00000   48    3  664.00000  640.00000  3.61%   4.0  300s
 1924280 154976  653.00000   54    1  664.00000  642.00000  3.31%   4.0  305s
 1969998 153206  651.00000   49    1  664.00000  642.00000  3.31%   3.9  310s
 2011820 149568  655.00000   49    1  664.00000  642.00000  3.31%   3.9  315s
 2053689 148371  655.00000   47    1  664.00000  642.00000  3.31%   3.9  320s
 2094111 144608  653.00000   43    1  664.00000  644.00000  3.01%   3.9  325s
 2135794 142013     cutoff   47       664.00000  648.00000  2.41%   3.9  330s
 2178955 135385  649.00000   47    2  664.00000  649.00000  2.26%   3.9  335s
 2227251 131315  663.00000   45    1  664.00000  650.00000  2.11%   3.8  340s
 2273455 105998     cutoff   53       664.00000  651.00000  1.96%   3.8  345s
 2316149 78382     cutoff   51       664.00000  651.00000  1.96%   3.7  350s
 2361251 65447  653.00000   52    1  664.00000  653.00000  1.66%   3.7  355s
 2404883 49103  653.00000   50    1  664.00000  653.00000  1.66%   3.7  360s
 2452484 40352  654.00000   54    1  664.00000  654.00000  1.51%   3.7  365s
 2502170 29960     cutoff   52       664.00000  655.00000  1.36%   3.6  370s
 2553071 21468     cutoff   46       664.00000  655.00000  1.36%   3.6  375s
 2601408 13558     cutoff   45       664.00000  660.00000  0.60%   3.6  380s
 2657165   804  663.00000   50    1  664.00000  663.00000  0.15%   3.6  385s

Cutting planes:
  Implied bound: 2
  MIR: 1
  Flow cover: 7
  Relax-and-lift: 6

Explored 2661899 nodes (9454627 simplex iterations) in 385.38 seconds (295.50 work units)
Thread count was 1 (of 96 available processors)

Solution count 2: 664 666 

Optimal solution found (tolerance 1.00e-04)
Best objective 6.640000000000e+02, best bound 6.640000000000e+02, gap 0.0000%
Time: 385.59 sec, Objective: 664.0, Termination: optimal

[GDP] Scheduling Data 4 | Model: General Precedence GDP | Transformation: gdp.hull
Set parameter TokenServer to value "mooring.ecn.purdue.edu"
Read LP format model from file /tmp/tmprihrgrwn.pyomo.lp
Reading time = 0.00 seconds
x1162: 2531 rows, 1162 columns, 5781 nonzeros
Set parameter TimeLimit to value 900
Set parameter Threads to value 1
Gurobi Optimizer version 11.0.0 build v11.0.0rc2 (linux64 - "Oracle Linux Server 9.5")

CPU model: AMD EPYC 7643 48-Core Processor, instruction set [SSE2|AVX|AVX2]
Thread count: 48 physical cores, 96 logical processors, using up to 1 threads

Optimize a model with 2531 rows, 1162 columns and 5781 nonzeros
Model fingerprint: 0x8b6f50f2
Variable types: 782 continuous, 380 integer (380 binary)
Coefficient statistics:
  Matrix range     [1e+00, 7e+02]
  Objective range  [1e+00, 1e+00]
  Bounds range     [1e+00, 7e+02]
  RHS range        [1e+00, 7e+02]
Presolve removed 1003 rows and 685 columns
Presolve time: 0.01s
Presolved: 1528 rows, 477 columns, 4272 nonzeros
Variable types: 325 continuous, 152 integer (152 binary)

Root relaxation: objective 4.150000e+02, 540 iterations, 0.01 seconds (0.01 work units)

    Nodes    |    Current Node    |     Objective Bounds      |     Work
 Expl Unexpl |  Obj  Depth IntInf | Incumbent    BestBd   Gap | It/Node Time

     0     0  415.00000    0   44          -  415.00000      -     -    0s
     0     0  415.00000    0   44          -  415.00000      -     -    0s
     0     0  415.00000    0   44          -  415.00000      -     -    0s
     0     0  415.00000    0   36          -  415.00000      -     -    0s
     0     0  415.00000    0   35          -  415.00000      -     -    0s
     0     0  415.00000    0   32          -  415.00000      -     -    0s
     0     0  415.00000    0   30          -  415.00000      -     -    0s
     0     0  415.00000    0   32          -  415.00000      -     -    0s
     0     0  415.00000    0   32          -  415.00000      -     -    0s
     0     0  415.00000    0   35          -  415.00000      -     -    0s
     0     0  415.00000    0   34          -  415.00000      -     -    0s
     0     0  415.00000    0   31          -  415.00000      -     -    0s
     0     0  415.00000    0   30          -  415.00000      -     -    0s
     0     0  415.00000    0   32          -  415.00000      -     -    0s
     0     0  415.00000    0   29          -  415.00000      -     -    0s
     0     2  415.00000    0   27          -  415.00000      -     -    0s
  3714  1459  488.00000   27   15          -  460.00000      -  22.4    5s
* 4081  1574              35     666.0000000  460.00000  30.9%  22.4    5s
* 4084  1570              38     664.0000000  460.00000  30.7%  22.4    5s
H 5125  1947                     663.9999846  460.00000  30.7%  21.9    6s
  7615  2744 infeasible   42       663.99998  467.00000  29.7%  21.6   10s
 10203  3460  583.00000   26   29  663.99998  481.00000  27.6%  20.9   15s
 11216  3573  639.00000   53    3  663.99998  481.00000  27.6%  23.0   20s
H11611  3374                     663.9999827  481.00000  27.6%  23.3   20s
 15387  3214  611.00000   44    5  663.99998  481.00000  27.6%  22.5   25s
 20289  3018  550.00000   40   11  663.99998  481.00000  27.6%  21.8   30s
 25782  4207 infeasible   49       663.99998  489.00000  26.4%  20.8   35s
 31822  5678  572.00000   41   14  663.99998  498.00000  25.0%  20.0   40s
 37604  6750 infeasible   50       663.99998  504.00000  24.1%  19.5   45s
 43846  8313  514.00000   38   14  663.99998  508.00000  23.5%  18.9   50s
 49923  9809  606.00000   44    7  663.99998  514.00000  22.6%  18.5   55s
 55547 10635 infeasible   42       663.99998  524.00000  21.1%  18.3   60s
 61316 11728 infeasible   49       663.99998  529.00000  20.3%  18.1   65s
 66804 12663  618.00000   45    4  663.99998  534.00000  19.6%  18.1   70s
 73463 14282 infeasible   41       663.99998  537.00000  19.1%  17.7   75s
 79702 15883 infeasible   43       663.99998  540.00000  18.7%  17.5   80s
 85954 16892 infeasible   43       663.99998  543.00000  18.2%  17.3   85s
 92111 18262  615.00000   47    5  663.99998  545.00000  17.9%  17.2   90s
 98428 19510  588.00000   49    9  663.99998  547.00000  17.6%  17.1   95s
 104530 20833  640.00000   54    5  663.99998  549.00000  17.3%  16.9  100s
 111701 23201 infeasible   57       663.99998  550.00000  17.2%  16.9  105s
 118268 25066  618.00000   47    5  663.99998  552.00000  16.9%  17.0  110s
 123919 26319  655.00000   54    1  663.99998  554.00000  16.6%  17.1  115s
 130589 28211  606.00000   47    6  663.99998  555.00000  16.4%  17.2  120s
 136418 29574 infeasible   59       663.99998  560.00000  15.7%  17.4  125s
 141789 30549  619.00000   57    5  663.99998  564.00000  15.1%  17.6  130s
 147490 31784  631.00000   53    5  663.99998  564.00000  15.1%  17.7  135s
 153278 32891  628.00000   44    7  663.99998  567.00000  14.6%  17.9  140s
 159459 34140  605.00000   46    5  663.99998  570.00000  14.2%  17.9  145s
 164713 35156  629.00000   46    5  663.99998  572.00000  13.9%  18.1  150s
 170447 36445 infeasible   47       663.99998  573.00000  13.7%  18.2  155s
 176515 37624  602.00000   41   10  663.99998  574.00000  13.6%  18.3  160s
 182216 38898  660.00000   57    3  663.99998  575.00000  13.4%  18.4  165s
 188422 40310  632.00000   50    3  663.99998  575.00000  13.4%  18.4  170s
 194638 41929  581.00000   43   11  663.99998  575.00000  13.4%  18.4  175s
 200218 43205 infeasible   56       663.99998  576.00000  13.3%  18.5  180s
 205279 44067  600.00000   48    8  663.99998  576.00000  13.3%  18.7  185s
 210295 45023 infeasible   53       663.99998  576.00000  13.3%  18.8  190s
 216163 46270  620.00000   54    5  663.99998  577.00000  13.1%  18.8  195s
 222733 47719 infeasible   55       663.99998  578.00000  13.0%  18.8  200s
 228359 48628 infeasible   42       663.99998  578.00000  13.0%  18.8  205s
 233877 49318 infeasible   52       663.99998  578.00000  13.0%  18.8  210s
 240589 50358  607.00000   49   14  663.99998  580.00000  12.7%  18.6  215s
 246277 50920  605.00000   47    7  663.99998  581.00000  12.5%  18.6  220s
 252685 51857  628.00000   48    4  663.99998  581.00000  12.5%  18.5  225s
 258629 52704 infeasible   42       663.99998  581.00000  12.5%  18.4  230s
 264995 53772  641.00000   59    3  663.99998  581.00000  12.5%  18.3  235s
 270741 54502 infeasible   52       663.99998  583.00000  12.2%  18.2  240s
*274136 54921              53     663.9999826  584.00000  12.0%  18.2  242s
 275890 55193  625.00000   46    4  663.99998  584.00000  12.0%  18.2  245s
 281803 55838  586.00000   45    6  663.99998  586.00000  11.7%  18.1  250s
 287847 56500 infeasible   51       663.99998  587.00000  11.6%  18.1  255s
 293559 57075 infeasible   44       663.99998  588.00000  11.4%  18.0  260s
 299699 58423  588.00000   39    9  663.99998  588.00000  11.4%  18.0  265s
 306079 59767  625.00000   49    6  663.99998  588.00000  11.4%  17.9  270s
 312075 60571 infeasible   42       663.99998  588.00000  11.4%  17.9  275s
 317138 61105  613.00000   47    7  663.99998  588.00000  11.4%  17.9  280s
 322822 61569  601.00000   52    6  663.99998  589.00000  11.3%  17.8  285s
 329074 62563  606.00000   50    9  663.99998  590.00000  11.1%  17.8  290s
 335717 63750  625.00000   48    7  663.99998  590.00000  11.1%  17.7  295s
 341682 64732  631.00000   47    9  663.99998  590.00000  11.1%  17.6  300s
 347755 65549  606.00000   50    8  663.99998  590.00000  11.1%  17.6  305s
 353635 66468  643.00000   52    5  663.99998  591.00000  11.0%  17.6  310s
 359801 67345  604.00000   51    7  663.99998  591.00000  11.0%  17.5  315s
 366245 68250  625.00000   53    6  663.99998  593.00000  10.7%  17.5  320s
 371648 68621 infeasible   48       663.99998  593.00000  10.7%  17.4  325s
 377866 69432  593.00000   43    9  663.99998  593.00000  10.7%  17.4  330s
 383971 70257 infeasible   48       663.99998  593.00000  10.7%  17.4  335s
 389990 71099  638.00000   47    4  663.99998  593.00000  10.7%  17.3  340s
 396534 72018  593.00000   41   10  663.99998  593.00000  10.7%  17.3  345s
 402164 72330 infeasible   45       663.99998  595.00000  10.4%  17.3  350s
 408101 72787 infeasible   47       663.99998  596.00000  10.2%  17.2  355s
 413955 73307 infeasible   49       663.99998  597.00000  10.1%  17.2  360s
 419689 73564  606.00000   43    8  663.99998  599.29032  9.75%  17.2  365s
 425630 74261  602.00000   45    6  663.99998  600.00000  9.64%  17.1  370s
 430762 74450 infeasible   54       663.99998  601.00000  9.49%  17.1  375s
 436156 74638 infeasible   50       663.99998  602.00000  9.34%  17.1  380s
 441588 74917 infeasible   47       663.99998  602.00000  9.34%  17.1  385s
 447719 75352 infeasible   49       663.99998  602.00000  9.34%  17.1  390s
 453649 75764 infeasible   46       663.99998  604.00000  9.04%  17.1  395s
 459070 75977  618.00000   49    6  663.99998  605.00000  8.89%  17.1  400s
 465070 76349 infeasible   51       663.99998  605.00000  8.89%  17.0  405s
 471134 76547  630.00000   54    3  663.99998  606.00000  8.73%  17.0  410s
 477822 76878  623.00000   51    5  663.99998  606.00000  8.73%  16.9  415s
 484254 77319 infeasible   50       663.99998  606.00000  8.73%  16.9  420s
 490899 77590  651.00000   59    3  663.99998  606.00000  8.73%  16.8  425s
 497686 77981  643.00000   54    4  663.99998  606.00000  8.73%  16.8  430s
 504105 78530  643.00000   47    4  663.99998  606.00000  8.73%  16.7  435s
 511021 79178 infeasible   56       663.99998  606.00000  8.73%  16.7  440s
 517837 79874  617.00000   46    7  663.99998  606.00000  8.73%  16.6  445s
 524798 80476 infeasible   50       663.99998  606.00000  8.73%  16.5  450s
 530872 80884 infeasible   61       663.99998  606.00000  8.73%  16.5  455s
 537648 81287 infeasible   57       663.99998  606.00000  8.73%  16.5  460s
 544496 81979 infeasible   52       663.99998  606.00000  8.73%  16.4  465s
 550861 82553  639.00000   50    4  663.99998  606.00000  8.73%  16.4  470s
 558103 83236  651.00000   60    4  663.99998  606.00000  8.73%  16.3  475s
 564979 83943 infeasible   56       663.99998  606.00000  8.73%  16.3  480s
 571734 84565  638.00000   56    5  663.99998  606.00000  8.73%  16.2  485s
 578449 85069 infeasible   53       663.99998  607.00000  8.58%  16.2  490s
 585080 85600  614.00000   45    6  663.99998  607.00000  8.58%  16.2  495s
 591098 86045  637.00000   52    4  663.99998  608.00000  8.43%  16.1  500s
 597153 86239 infeasible   51       663.99998  609.00000  8.28%  16.1  505s
 602871 86048 infeasible   52       663.99998  610.00000  8.13%  16.1  510s
 608953 86281  630.00000   60    4  663.99998  610.00000  8.13%  16.1  515s
 614801 86276  624.00000   55    4  663.99998  611.00000  7.98%  16.1  520s
 620413 86353 infeasible   55       663.99998  612.00000  7.83%  16.1  525s
 626500 86943  612.00000   45    6  663.99998  612.00000  7.83%  16.1  530s
 632933 87541  624.00000   43    6  663.99998  612.00000  7.83%  16.0  535s
 638433 87693 infeasible   49       663.99998  613.00000  7.68%  16.0  540s
 644186 87926  651.00000   56    2  663.99998  613.00000  7.68%  16.0  545s
 650344 88408 infeasible   50       663.99998  613.00000  7.68%  16.0  550s
 656442 88756  641.00000   49    3  663.99998  613.00000  7.68%  16.0  555s
 663222 89451 infeasible   57       663.99998  613.00000  7.68%  16.0  560s
 669937 89779 infeasible   54       663.99998  613.00000  7.68%  15.9  565s
 675951 90364 infeasible   50       663.99998  613.00000  7.68%  15.9  570s
 682859 90963  613.00000   49    7  663.99998  613.00000  7.68%  15.9  575s
 689851 91617  613.00000   56    6  663.99998  613.00000  7.68%  15.8  580s
 696810 92169 infeasible   60       663.99998  613.00000  7.68%  15.8  585s
 703145 92836 infeasible   50       663.99998  613.00000  7.68%  15.8  590s
 709694 93611  652.00000   50    2  663.99998  613.00000  7.68%  15.7  595s
 716586 94412  626.00000   46    7  663.99998  613.00000  7.68%  15.7  600s
 722261 94309  618.00000   50    4  663.99998  614.00000  7.53%  15.7  605s
 728124 94383  635.00000   50    2  663.99998  615.00000  7.38%  15.7  610s
 734284 94822  627.00000   43    5  663.99998  615.00000  7.38%  15.7  615s
 740987 95477 infeasible   40       663.99998  615.00000  7.38%  15.7  620s
 747547 96078 infeasible   53       663.99998  615.00000  7.38%  15.6  625s
 753786 96617  651.00000   53    3  663.99998  615.00000  7.38%  15.6  630s
 760597 97552  615.00000   49    8  663.99998  615.00000  7.38%  15.6  635s
 767522 98297 infeasible   56       663.99998  615.00000  7.38%  15.6  640s
 773935 99107  639.00000   59    4  663.99998  615.00000  7.38%  15.5  645s
 780461 99787  615.00000   45    7  663.99998  615.00000  7.38%  15.5  650s
 787651 100726  628.00000   53    4  663.99998  615.00000  7.38%  15.5  655s
 794578 101708  627.00000   57    2  663.99998  615.00000  7.38%  15.5  660s
 801833 102641 infeasible   45       663.99998  615.00000  7.38%  15.4  665s
 808295 103444  628.14286   55    3  663.99998  615.14286  7.36%  15.4  670s
 814521 103780  616.00000   53    6  663.99998  616.00000  7.23%  15.4  675s
 820532 104351 infeasible   53       663.99998  616.00000  7.23%  15.4  680s
 827588 105206 infeasible   52       663.99998  616.00000  7.23%  15.4  685s
 833558 105775  630.00000   51    5  663.99998  616.00000  7.23%  15.4  690s
 839172 106004 infeasible   48       663.99998  617.00000  7.08%  15.3  695s
 845126 105946  617.00000   53    5  663.99998  617.00000  7.08%  15.3  700s
 851194 105732 infeasible   51       663.99998  617.00000  7.08%  15.3  705s
 856976 106056 infeasible   53       663.99998  617.00000  7.08%  15.3  710s
 862817 106203 infeasible   50       663.99998  617.00000  7.08%  15.3  715s
 868660 106154 infeasible   52       663.99998  617.00000  7.08%  15.3  720s
 874942 106058 infeasible   52       663.99998  617.00000  7.08%  15.3  725s
 881566 106531  630.00000   55    4  663.99998  617.00000  7.08%  15.3  730s
 887675 106890 infeasible   52       663.99998  617.00000  7.08%  15.3  735s
 893752 107249  635.00000   46    4  663.99998  617.00000  7.08%  15.3  740s
 899710 107478 infeasible   61       663.99998  617.00000  7.08%  15.3  745s
 906340 107900 infeasible   59       663.99998  617.00000  7.08%  15.2  750s
 912705 108283  652.00000   55    2  663.99998  617.00000  7.08%  15.2  755s
 918367 108498 infeasible   53       663.99998  617.00000  7.08%  15.2  760s
 924573 108998  643.00000   41    4  663.99998  617.00000  7.08%  15.2  765s
 930754 109089 infeasible   60       663.99998  618.00000  6.93%  15.2  770s
 936273 108622  659.00000   59    3  663.99998  618.00000  6.93%  15.2  775s
 942046 108426     cutoff   62       663.99998  618.00000  6.93%  15.2  780s
 947704 108407     cutoff   60       663.99998  618.00000  6.93%  15.2  785s
 954008 108401  618.00000   51    7  663.99998  618.00000  6.93%  15.2  790s
 959963 108388 infeasible   49       663.99998  618.00000  6.93%  15.2  795s
 966121 108220 infeasible   51       663.99998  618.00000  6.93%  15.2  800s
 972546 108208 infeasible   55       663.99998  618.00000  6.93%  15.1  805s
 978694 108166 infeasible   52       663.99998  618.00000  6.93%  15.1  810s
 984945 108583  618.00000   53    6  663.99998  618.00000  6.93%  15.1  815s
 990670 108673  618.00000   48    6  663.99998  618.00000  6.93%  15.1  820s
 996841 108808  643.00000   51    3  663.99998  618.00000  6.93%  15.1  825s
 1002566 109072  630.00000   54    4  663.99998  618.00000  6.93%  15.1  830s
 1008336 109410  631.00000   57    3  663.99998  618.00000  6.93%  15.1  835s
 1014526 109648 infeasible   52       663.99998  618.00000  6.93%  15.1  840s
 1020300 109879 infeasible   51       663.99998  619.00000  6.78%  15.1  845s
 1026052 109235  643.00000   52    3  663.99998  619.00000  6.78%  15.1  850s
 1031589 108738  638.00000   49    4  663.99998  619.00000  6.78%  15.1  855s
 1037250 108437 infeasible   55       663.99998  619.00000  6.78%  15.1  860s
 1043634 108405 infeasible   58       663.99998  619.00000  6.78%  15.1  865s
 1049547 108148  652.00000   52    3  663.99998  619.00000  6.78%  15.1  870s
 1055765 107925  640.00000   55    4  663.99998  619.00000  6.78%  15.1  875s
 1062254 108059 infeasible   57       663.99998  619.00000  6.78%  15.0  880s
 1068742 108273  645.00000   53    3  663.99998  620.00000  6.63%  15.0  885s
 1074780 108617 infeasible   53       663.99998  620.00000  6.63%  15.0  890s
 1081341 108841     cutoff   63       663.99998  620.00000  6.63%  15.0  895s

Cutting planes:
  Gomory: 12
  Implied bound: 1
  MIR: 6
  Flow cover: 28
  RLT: 4

Explored 1088086 nodes (16351918 simplex iterations) in 900.00 seconds (756.13 work units)
Thread count was 1 (of 96 available processors)

Solution count 5: 664 664 664 ... 666

Time limit reached
Best objective 6.639999825854e+02, best bound 6.200000000000e+02, gap 6.6265%
WARNING: Loading a SolverResults object with an 'aborted' status, but
    containing a solution
Time: 900.41 sec, Objective: 663.9999825853592, Termination: maxTimeLimit

[GDP] Scheduling Data 4 | Model: Time Slots GDP | Transformation: gdp.bigm
Set parameter TokenServer to value "mooring.ecn.purdue.edu"
Read LP format model from file /tmp/tmpbd52q_qf.pyomo.lp
Reading time = 0.00 seconds
x582: 1501 rows, 582 columns, 6801 nonzeros
Set parameter TimeLimit to value 900
Set parameter Threads to value 1
Gurobi Optimizer version 11.0.0 build v11.0.0rc2 (linux64 - "Oracle Linux Server 9.5")

CPU model: AMD EPYC 7643 48-Core Processor, instruction set [SSE2|AVX|AVX2]
Thread count: 48 physical cores, 96 logical processors, using up to 1 threads

Optimize a model with 1501 rows, 582 columns and 6801 nonzeros
Model fingerprint: 0x58766a49
Variable types: 22 continuous, 560 integer (560 binary)
Coefficient statistics:
  Matrix range     [1e+00, 1e+06]
  Objective range  [1e+00, 1e+00]
  Bounds range     [1e+00, 1e+06]
  RHS range        [1e+00, 1e+06]
Presolve removed 1021 rows and 161 columns
Presolve time: 0.01s
Presolved: 480 rows, 421 columns, 2754 nonzeros
Variable types: 0 continuous, 421 integer (400 binary)

Root relaxation: objective 2.500000e+01, 209 iterations, 0.00 seconds (0.00 work units)

    Nodes    |    Current Node    |     Objective Bounds      |     Work
 Expl Unexpl |  Obj  Depth IntInf | Incumbent    BestBd   Gap | It/Node Time

     0     0   25.00000    0   12          -   25.00000      -     -    0s
     0     0   25.00000    0   45          -   25.00000      -     -    0s
     0     0   25.00000    0   16          -   25.00000      -     -    0s
     0     0   25.00000    0   22          -   25.00000      -     -    0s
     0     0   25.35484    0   40          -   25.35484      -     -    0s
     0     0   26.00000    0   26          -   26.00000      -     -    0s
     0     0   26.00000    0   24          -   26.00000      -     -    0s
     0     0   26.00000    0   38          -   26.00000      -     -    0s
     0     0   26.25926    0   31          -   26.25926      -     -    0s
     0     0   26.25926    0   32          -   26.25926      -     -    0s
     0     0   26.48052    0   19          -   26.48052      -     -    0s
     0     0   27.00000    0   18          -   27.00000      -     -    0s
     0     0   27.00000    0   20          -   27.00000      -     -    0s
     0     0   27.00000    0   33          -   27.00000      -     -    0s
     0     0   27.00000    0   35          -   27.00000      -     -    0s
     0     0   27.00000    0   23          -   27.00000      -     -    0s
     0     0   27.00000    0   27          -   27.00000      -     -    0s
     0     0   27.00000    0   21          -   27.00000      -     -    0s
     0     0   27.00000    0   39          -   27.00000      -     -    0s
     0     0   36.09126    0   29          -   36.09126      -     -    0s
     0     0   37.00000    0   32          -   37.00000      -     -    0s
     0     0   37.00000    0   41          -   37.00000      -     -    0s
     0     0   37.28787    0   46          -   37.28787      -     -    0s
     0     0   38.00000    0   24          -   38.00000      -     -    0s
     0     0   41.09756    0   23          -   41.09756      -     -    0s
     0     0   42.91087    0   44          -   42.91087      -     -    0s
     0     0   43.00000    0   29          -   43.00000      -     -    0s
     0     0   43.00000    0   36          -   43.00000      -     -    0s
     0     0   45.82353    0   57          -   45.82353      -     -    0s
     0     0   46.00000    0   32          -   46.00000      -     -    0s
     0     0   46.00000    0   31          -   46.00000      -     -    0s
     0     0   47.63866    0   38          -   47.63866      -     -    0s
     0     0   48.00000    0   30          -   48.00000      -     -    0s
     0     0   48.00000    0   26          -   48.00000      -     -    0s
     0     0   48.00316    0   56          -   48.00316      -     -    0s
     0     0   49.00000    0   21          -   49.00000      -     -    0s
     0     0   49.00000    0   19          -   49.00000      -     -    0s
     0     0   49.00000    0   41          -   49.00000      -     -    0s
     0     0   49.00000    0   19          -   49.00000      -     -    0s
     0     2   50.00000    0   15          -   50.00000      -     -    0s
  1013   480  265.00000   34   33          -  265.00000      -  56.3    5s
  3751  1447  280.00000   52   31          -  270.00000      -  33.6   10s
  8099  3653  420.00000   80   30          -  279.00000      -  30.1   15s
 11145  5571  334.00000   64   41          -  280.00000      -  27.4   20s
 16018  8376  294.00000   46   39          -  282.00000      -  26.6   25s
 20544 10754  298.00000   64   31          -  282.00000      -  26.7   30s
 25697 13833  337.00000   64   36          -  283.00000      -  26.6   35s
 30791 16864  335.00000   68   33          -  283.00000      -  26.7   40s
 35707 19819  298.00000   61   41          -  285.00000      -  26.6   45s
 40537 22769  436.00000  100   36          -  286.00000      -  26.4   50s
 45555 25781  310.00000   47   30          -  287.00000      -  26.1   55s
 50257 28560  300.00000   51   33          -  288.00000      -  25.9   60s
 54755 31268 infeasible  100               -  288.00000      -  25.8   65s
 59346 33790  288.00000   80   32          -  288.00000      -  25.8   70s
 63424 35961  406.00000   94   37          -  288.00000      -  26.2   75s
 68448 39131  439.00000   84   23          -  289.00000      -  26.2   80s
 72486 41468 infeasible   81               -  290.00000      -  26.3   85s
 76874 43947 infeasible   86               -  291.00000      -  26.4   90s
 81269 46389  297.00000   63   39          -  293.00000      -  26.5   95s
 85326 48498  355.00000   84   30          -  293.00000      -  26.8  100s
 88365 49978 infeasible   79               -  293.00000      -  27.2  105s
 92492 52219  380.00000   52   32          -  294.00000      -  27.4  110s
 97114 54829  440.00000   67   26          -  294.00000      -  27.5  115s
 102020 57653  300.00000   69   29          -  294.00000      -  27.5  120s
 107054 60882  407.00000   98   20          -  294.00000      -  27.5  125s
 111275 63357 infeasible   80               -  294.00000      -  27.6  130s
 115858 65973 infeasible   73               -  294.00000      -  27.6  135s
 120923 68957 infeasible   52               -  295.00000      -  27.6  140s
 125677 71969 infeasible   97               -  295.00000      -  27.6  145s
 130331 74702  399.00000   68   30          -  295.00000      -  27.6  150s
 134599 77027  297.00000   66   24          -  295.96907      -  27.7  155s
 139706 80087  384.00000   77   34          -  296.00000      -  27.6  160s
 144252 82790  408.00000   63   24          -  296.00000      -  27.7  165s
 148612 85266  456.00000   61   30          -  296.00000      -  27.8  170s
 153749 88372  384.00000   86   30          -  296.00000      -  27.7  175s
 158208 90982  395.09016   78   41          -  296.00000      -  27.8  180s
 162933 93433 infeasible   96               -  296.00000      -  27.8  185s
 167822 96060  394.00000   90   37          -  296.00000      -  27.8  190s
 172551 98950  339.00000   82   37          -  296.00000      -  27.8  195s
 176991 101263  296.00000   74   36          -  296.00000      -  27.8  200s
 181623 103852 infeasible   72               -  296.00000      -  27.9  205s
 185877 106306 infeasible   67               -  297.00000      -  28.0  210s
 190148 108885  362.00000   78   31          -  297.00000      -  28.0  215s
H192613 110242                     709.0000000  297.00000  58.1%  28.1  217s
H192613 110242                     690.0000000  297.00000  57.0%  28.1  217s
 193343 110719 infeasible   91       690.00000  297.00000  57.0%  28.1  220s
H194008 111062                     688.0000000  297.00000  56.8%  28.1  224s
 194089 111101  423.00000   74   30  688.00000  297.00000  56.8%  28.1  225s
 194730 111480  363.00000   72   37  688.00000  297.00000  56.8%  28.1  230s
H195279 111801                     684.0000000  297.00000  56.6%  28.1  234s
 195363 111856  419.00000   94   35  684.00000  297.00000  56.6%  28.1  235s
H195582 111947                     683.0000000  297.00000  56.5%  28.2  236s
H195968 112203                     675.0000000  297.00000  56.0%  28.2  238s
H196294 112421                     671.0000000  297.00000  55.7%  28.2  239s
 196321 112430 infeasible   68       671.00000  297.00000  55.7%  28.2  240s
H196430 112505                     665.0000000  297.00000  55.3%  28.2  240s
H196484 112539                     664.0000000  297.00000  55.3%  28.2  240s
 197847 113184  498.00000  105   24  664.00000  297.00000  55.3%  28.3  245s
 200453 114462  509.00000  112   29  664.00000  297.00000  55.3%  28.4  250s
 202922 115716  465.00000   93   28  664.00000  297.00000  55.3%  28.4  255s
 205808 117614 infeasible  102       664.00000  297.00000  55.3%  28.4  260s
 208340 118972  310.00000   65   38  664.00000  297.00000  55.3%  28.4  265s
 209788 119864  305.00000   89   50  664.00000  297.00000  55.3%  28.4  270s
 214425 123169  298.00000   73   31  664.00000  297.00000  55.3%  28.2  275s
 217773 124971 infeasible   69       664.00000  297.00000  55.3%  28.2  280s
 220049 125103  297.00000   75   36  664.00000  297.00000  55.3%  28.4  285s
 222256 125278 infeasible   71       664.00000  297.00000  55.3%  28.6  290s
 224039 125229  303.00000  103   37  664.00000  297.00000  55.3%  28.8  295s
 225959 125658 infeasible   82       664.00000  297.00000  55.3%  29.0  300s
 230630 128723  468.00000  105   33  664.00000  298.00000  55.1%  28.9  305s
 236310 132310  312.00000   85   32  664.00000  298.00000  55.1%  28.7  310s
 241496 135592  320.00000   94   41  664.00000  298.00000  55.1%  28.5  315s
 246059 138459  493.00000  120   15  664.00000  298.00000  55.1%  28.4  320s
 250305 141232  387.00000  110   34  664.00000  298.00000  55.1%  28.3  325s
 256017 145260  387.00000   91   32  664.00000  298.00000  55.1%  28.1  330s
 261237 148769 infeasible   95       664.00000  298.00000  55.1%  28.0  335s
 265636 151523 infeasible  128       664.00000  298.00000  55.1%  27.9  340s
 270181 154095  299.00000   63   41  664.00000  298.00000  55.1%  27.8  345s
 275265 157342  384.00000  102   33  664.00000  298.00000  55.1%  27.7  350s
 279532 160126  468.00000  166   21  664.00000  298.00000  55.1%  27.6  355s
 283663 162562 infeasible   79       664.00000  298.00000  55.1%  27.6  360s
 288035 165190  298.00000   76   27  664.00000  298.00000  55.1%  27.6  365s
 292547 167536 infeasible   86       664.00000  298.00000  55.1%  27.5  370s
 297443 170165  313.00000   75   32  664.00000  298.00000  55.1%  27.4  375s
 301478 172492 infeasible   80       664.00000  298.00000  55.1%  27.4  380s
 305831 174919 infeasible   99       664.00000  298.00000  55.1%  27.4  385s
 311419 177816 infeasible   73       664.00000  298.00000  55.1%  27.2  390s
 316375 180805  304.00000  133   38  664.00000  298.00000  55.1%  27.1  395s
 321043 183979  298.00000   70   35  664.00000  298.00000  55.1%  27.0  400s
 324793 186166  336.00000   77   30  664.00000  298.00000  55.1%  27.0  405s
 327409 186946  340.00000  105   21  664.00000  298.00000  55.1%  27.1  410s
 331691 189214  301.00000   82   38  664.00000  298.00000  55.1%  27.1  415s
 335612 190954  309.00000   96   24  664.00000  298.00000  55.1%  27.1  420s
 340156 193435 infeasible   62       664.00000  298.00000  55.1%  27.1  425s
 344854 195818 infeasible   95       664.00000  298.00000  55.1%  27.0  430s
 349690 198735  352.00000   87   25  664.00000  298.00000  55.1%  27.0  435s
 354760 201210  301.00000   74   40  664.00000  298.00000  55.1%  26.9  440s
 360023 203755  336.00000   84   25  664.00000  298.00000  55.1%  26.8  445s
 364710 206025  314.00000   63   19  664.00000  298.00000  55.1%  26.7  450s
 368458 208091  308.00000   77   41  664.00000  298.00000  55.1%  26.7  455s
 372227 210228  401.00000   70   22  664.00000  298.00000  55.1%  26.8  460s
 376441 212696  389.00000  109   40  664.00000  298.00000  55.1%  26.8  465s
 379222 213841  315.00000  102   33  664.00000  298.00000  55.1%  26.9  470s
 381476 214283 infeasible   96       664.00000  298.00000  55.1%  27.0  475s
 383362 214630 infeasible  118       664.00000  298.00000  55.1%  27.2  480s
 385755 215023  299.00000   84   34  664.00000  298.00000  55.1%  27.3  485s
 388215 215549  300.00000   88   22  664.00000  298.00000  55.1%  27.4  490s
 390681 216351  299.00000   85   43  664.00000  298.00000  55.1%  27.5  495s
 393839 217578 infeasible   82       664.00000  298.00000  55.1%  27.6  500s
 398297 219470  298.00000   79   30  664.00000  298.00000  55.1%  27.6  505s
 402859 221544 infeasible  104       664.00000  298.00000  55.1%  27.5  510s
 406974 223242  329.00000   64   26  664.00000  298.00000  55.1%  27.5  515s
 409880 224391  298.00000   91   28  664.00000  298.00000  55.1%  27.6  520s
 412093 225026  300.00000   81   30  664.00000  298.00000  55.1%  27.7  525s
 416260 226938 infeasible   89       664.00000  298.00000  55.1%  27.7  530s
 419777 228675  374.00000  109   25  664.00000  298.00000  55.1%  27.7  535s
 425322 232307 infeasible   87       664.00000  298.00000  55.1%  27.6  540s
 431615 235348  318.00000   91   20  664.00000  298.00000  55.1%  27.5  545s
 436634 237562 infeasible   89       664.00000  298.00000  55.1%  27.4  550s
 441993 239723  311.00000  102   35  664.00000  298.00000  55.1%  27.3  555s
 446745 241616  298.00000   69   32  664.00000  298.00000  55.1%  27.2  560s
 452092 243802  298.00000   96   29  664.00000  298.00000  55.1%  27.1  565s
 458339 246463  299.00000   81   23  664.00000  298.00000  55.1%  27.0  570s
 463924 248914  456.00000   91   28  664.00000  298.00000  55.1%  26.9  575s
 468638 250634 infeasible   90       664.00000  298.00000  55.1%  26.8  580s
 472126 252003  321.00000  102   25  664.00000  298.00000  55.1%  26.9  585s
 476141 253801 infeasible  101       664.00000  298.00000  55.1%  26.9  590s
 479313 254961 infeasible   86       664.00000  298.00000  55.1%  26.9  595s
 482560 255974 infeasible   91       664.00000  298.00000  55.1%  27.0  600s
 486305 257784  311.00000  107   36  664.00000  298.00000  55.1%  27.0  605s
 489862 259450  305.00000   91   36  664.00000  298.00000  55.1%  27.0  610s
 493369 261034 infeasible   97       664.00000  298.00000  55.1%  27.1  615s
 496343 262392  315.00000   82   42  664.00000  298.00000  55.1%  27.1  620s
 500816 265097  348.00000   99   38  664.00000  298.00000  55.1%  27.1  625s
 504561 267334 infeasible   84       664.00000  298.00000  55.1%  27.1  630s
 509554 270778  350.00000  113   33  664.00000  298.00000  55.1%  27.1  635s
 513958 273388  298.00000   62   33  664.00000  298.00000  55.1%  27.0  640s
 517654 275458  299.00000   78   31  664.00000  298.00000  55.1%  27.0  645s
 522803 278358  469.00000  100   16  664.00000  298.00000  55.1%  27.0  650s
 526639 280728  396.00000  125   24  664.00000  298.00000  55.1%  27.0  655s
 529608 282162 infeasible  122       664.00000  298.00000  55.1%  27.1  660s
 532206 283088  305.94426  109   31  664.00000  298.00000  55.1%  27.1  665s
 534625 284115  299.00000   74   36  664.00000  298.00000  55.1%  27.2  670s
 537992 285731 infeasible  128       664.00000  298.00000  55.1%  27.3  675s
 541069 286936  312.00000  118   38  664.00000  298.00000  55.1%  27.3  680s
 543738 287536  300.00000  114   41  664.00000  298.00000  55.1%  27.4  685s
 546696 288894  300.00000   91   29  664.00000  298.00000  55.1%  27.4  690s
 550015 290697  300.00000   80   38  664.00000  298.00000  55.1%  27.5  695s
 552704 291767  314.00000   98   37  664.00000  298.00000  55.1%  27.5  700s
 555528 293145  299.00000   75   41  664.00000  298.00000  55.1%  27.6  705s
 559107 295028 infeasible   88       664.00000  298.00000  55.1%  27.6  710s
 562159 296371  300.00000   98   30  664.00000  298.00000  55.1%  27.7  715s
 565837 298482  312.00000   84   30  664.00000  298.00000  55.1%  27.7  720s
 569384 299914  307.00000   94   29  664.00000  298.00000  55.1%  27.7  725s
 571964 300618 infeasible   86       664.00000  298.00000  55.1%  27.7  730s
 574926 302072 infeasible   79       664.00000  298.00000  55.1%  27.8  735s
 577580 303341  299.00000   90   34  664.00000  298.00000  55.1%  27.9  740s
 579630 304056 infeasible   70       664.00000  298.00000  55.1%  27.9  745s
 582698 305408  299.00000   91   26  664.00000  298.00000  55.1%  28.0  750s
 587728 308615 infeasible  128       664.00000  298.00000  55.1%  27.9  755s
 592924 312198  406.00000   84   36  664.00000  298.00000  55.1%  27.9  760s
 597496 315026  312.00000   95   29  664.00000  298.00000  55.1%  27.8  765s
 601416 317019 infeasible   68       664.00000  298.00000  55.1%  27.8  770s
 604302 318490  371.00000  162   42  664.00000  298.00000  55.1%  27.9  775s
 607239 319879  305.00000  104   29  664.00000  298.00000  55.1%  27.9  780s
 610718 321216  299.00000   78   26  664.00000  298.00000  55.1%  28.0  785s
 614948 323900  307.00000   70   33  664.00000  298.00000  55.1%  27.9  790s
 619209 326737  299.00000   80   40  664.00000  298.00000  55.1%  27.9  795s
 623323 329137  299.00000   87   37  664.00000  298.00000  55.1%  27.9  800s
 627562 331759  300.00000   75   32  664.00000  298.00000  55.1%  27.9  805s
 631827 334263  304.00000   96   25  664.00000  298.00000  55.1%  27.9  810s
 636648 337439  457.00000  121   26  664.00000  298.00000  55.1%  27.8  815s
 641111 340011  299.00000  114   34  664.00000  298.00000  55.1%  27.8  820s
 645143 342069  376.00000   65   36  664.00000  298.00000  55.1%  27.8  825s
 648234 342755  301.00000  107   32  664.00000  298.00000  55.1%  27.8  830s
 651642 344093  464.00000   93   21  664.00000  298.00000  55.1%  27.8  835s
 655030 345538 infeasible   98       664.00000  298.00000  55.1%  27.8  840s
 657963 346835  329.00000   88   32  664.00000  298.00000  55.1%  27.9  845s
 659820 347433  301.00000  100   35  664.00000  298.00000  55.1%  28.0  850s
 662428 348282  298.00000   74   29  664.00000  298.00000  55.1%  28.0  855s
 664999 348995  478.00000  103   29  664.00000  298.00000  55.1%  28.1  860s
 667905 350243 infeasible  110       664.00000  298.00000  55.1%  28.1  865s
 670288 351238  485.00000  133   21  664.00000  298.00000  55.1%  28.2  870s
 672515 351985  299.00000  105   21  664.00000  298.00000  55.1%  28.3  875s
 674798 352786 infeasible  116       664.00000  298.00000  55.1%  28.3  880s
 677421 353654 infeasible  123       664.00000  298.00000  55.1%  28.4  885s
 680852 354941  299.00000   63   32  664.00000  298.00000  55.1%  28.4  890s
 683994 356273  298.00000   71   27  664.00000  298.00000  55.1%  28.4  895s

Cutting planes:
  Gomory: 10
  Cover: 109
  Implied bound: 53
  Projected implied bound: 31
  MIR: 34
  Mixing: 13
  StrongCG: 31
  Flow cover: 172
  GUB cover: 2
  Inf proof: 3
  Zero half: 4
  RLT: 3
  Relax-and-lift: 14

Explored 687031 nodes (19573224 simplex iterations) in 900.00 seconds (1042.51 work units)
Thread count was 1 (of 96 available processors)

Solution count 9: 664 665 671 ... 709

Time limit reached
Best objective 6.640000000000e+02, best bound 2.990000000000e+02, gap 54.9699%
WARNING: Loading a SolverResults object with an 'aborted' status, but
    containing a solution
Time: 900.61 sec, Objective: 664.0, Termination: maxTimeLimit

[GDP] Scheduling Data 4 | Model: Time Slots GDP | Transformation: gdp.hull
Set parameter TokenServer to value "mooring.ecn.purdue.edu"
Read LP format model from file /tmp/tmpj49h98ce.pyomo.lp
Reading time = 0.01 seconds
x4582: 7121 rows, 4582 columns, 19601 nonzeros
Set parameter TimeLimit to value 900
Set parameter Threads to value 1
Gurobi Optimizer version 11.0.0 build v11.0.0rc2 (linux64 - "Oracle Linux Server 9.5")

CPU model: AMD EPYC 7643 48-Core Processor, instruction set [SSE2|AVX|AVX2]
Thread count: 48 physical cores, 96 logical processors, using up to 1 threads

Optimize a model with 7121 rows, 4582 columns and 19601 nonzeros
Model fingerprint: 0x65ffc4b3
Variable types: 4022 continuous, 560 integer (560 binary)
Coefficient statistics:
  Matrix range     [1e+00, 1e+06]
  Objective range  [1e+00, 1e+00]
  Bounds range     [1e+00, 1e+06]
  RHS range        [1e+00, 1e+00]
Presolve removed 5494 rows and 3401 columns
Presolve time: 0.02s
Presolved: 1627 rows, 1181 columns, 5095 nonzeros
Variable types: 781 continuous, 400 integer (400 binary)

Root relaxation: objective 6.320000e+02, 2613 iterations, 0.08 seconds (0.11 work units)

    Nodes    |    Current Node    |     Objective Bounds      |     Work
 Expl Unexpl |  Obj  Depth IntInf | Incumbent    BestBd   Gap | It/Node Time

     0     0  632.00000    0   31          -  632.00000      -     -    0s
     0     0  632.00000    0   35          -  632.00000      -     -    0s
     0     0  632.00000    0   19          -  632.00000      -     -    0s
     0     0  632.00000    0   20          -  632.00000      -     -    0s
     0     0  632.00000    0   16          -  632.00000      -     -    0s
     0     0  632.00000    0   16          -  632.00000      -     -    0s
     0     0  632.00000    0   22          -  632.00000      -     -    0s
     0     0  632.00000    0   13          -  632.00000      -     -    0s
     0     0  632.00000    0   21          -  632.00000      -     -    0s
     0     0  632.00000    0   18          -  632.00000      -     -    0s
     0     0  632.00000    0   18          -  632.00000      -     -    0s
     0     0  632.00000    0   13          -  632.00000      -     -    0s
     0     0  632.00000    0   23          -  632.00000      -     -    0s
     0     0  632.00000    0   19          -  632.00000      -     -    0s
     0     0  632.00000    0   15          -  632.00000      -     -    0s
     0     2  632.00000    0    6          -  632.00000      -     -    0s
*  155    34              42     690.0000000  634.21084  8.09%  20.8    1s
H  160    15                     664.0000000  639.54386  3.68%  22.1    1s

Cutting planes:
  Cover: 3
  Implied bound: 1
  MIR: 12
  Flow cover: 9

Explored 218 nodes (15225 simplex iterations) in 1.14 seconds (1.32 work units)
Thread count was 1 (of 96 available processors)

Solution count 2: 664 690 

Optimal solution found (tolerance 1.00e-04)
Best objective 6.640000000000e+02, best bound 6.640000000000e+02, gap 0.0000%
Time: 1.58 sec, Objective: 664.0, Termination: optimal

[GDP] Scheduling Data 5 | Model: General Precedence GDP | Transformation: gdp.bigm
Set parameter TokenServer to value "mooring.ecn.purdue.edu"
Read LP format model from file /tmp/tmpbls2gc_0.pyomo.lp
Reading time = 0.00 seconds
x402: 631 rows, 402 columns, 1600 nonzeros
Set parameter TimeLimit to value 900
Set parameter Threads to value 1
Gurobi Optimizer version 11.0.0 build v11.0.0rc2 (linux64 - "Oracle Linux Server 9.5")

CPU model: AMD EPYC 7643 48-Core Processor, instruction set [SSE2|AVX|AVX2]
Thread count: 48 physical cores, 96 logical processors, using up to 1 threads

Optimize a model with 631 rows, 402 columns and 1600 nonzeros
Model fingerprint: 0x2003cf85
Variable types: 22 continuous, 380 integer (380 binary)
Coefficient statistics:
  Matrix range     [1e+00, 7e+02]
  Objective range  [1e+00, 1e+00]
  Bounds range     [1e+00, 8e+02]
  RHS range        [1e+00, 7e+02]
Presolve removed 363 rows and 266 columns
Presolve time: 0.00s
Presolved: 268 rows, 136 columns, 766 nonzeros
Variable types: 21 continuous, 115 integer (115 binary)

Root relaxation: objective 4.610000e+02, 76 iterations, 0.00 seconds (0.00 work units)

    Nodes    |    Current Node    |     Objective Bounds      |     Work
 Expl Unexpl |  Obj  Depth IntInf | Incumbent    BestBd   Gap | It/Node Time

     0     0  461.00000    0   12          -  461.00000      -     -    0s
H    0     0                     680.0000000  461.00000  32.2%     -    0s
     0     0  461.00000    0   26  680.00000  461.00000  32.2%     -    0s
     0     0  461.00000    0   26  680.00000  461.00000  32.2%     -    0s
     0     0  461.35619    0   27  680.00000  461.35619  32.2%     -    0s
     0     0  465.44749    0   32  680.00000  465.44749  31.6%     -    0s
     0     0  466.98742    0   26  680.00000  466.98742  31.3%     -    0s
     0     0  466.98742    0   27  680.00000  466.98742  31.3%     -    0s
     0     0  468.06758    0   35  680.00000  468.06758  31.2%     -    0s
     0     0  468.20050    0   34  680.00000  468.20050  31.1%     -    0s
     0     0  468.20050    0   35  680.00000  468.20050  31.1%     -    0s
     0     0  468.50000    0   35  680.00000  468.50000  31.1%     -    0s
     0     0  468.50000    0   33  680.00000  468.50000  31.1%     -    0s
     0     0  468.50000    0   28  680.00000  468.50000  31.1%     -    0s
     0     0  468.50000    0   30  680.00000  468.50000  31.1%     -    0s
     0     0  468.50000    0   24  680.00000  468.50000  31.1%     -    0s
     0     0  468.50000    0   28  680.00000  468.50000  31.1%     -    0s
     0     0  468.50000    0   22  680.00000  468.50000  31.1%     -    0s
     0     0  468.50000    0   30  680.00000  468.50000  31.1%     -    0s
     0     0  468.50000    0   19  680.00000  468.50000  31.1%     -    0s
     0     0  468.50000    0   30  680.00000  468.50000  31.1%     -    0s
     0     0  468.50000    0   23  680.00000  468.50000  31.1%     -    0s
     0     0  468.50000    0   18  680.00000  468.50000  31.1%     -    0s
     0     2  469.00000    0   18  680.00000  469.00000  31.0%     -    0s
H   83    64                     679.9999999  489.77778  28.0%   9.4    0s
H  975   381                     679.9999999  494.61393  27.3%   7.8    0s
 25123  4408 infeasible   48       680.00000  585.00000  14.0%   3.7    5s
 67946 13904  643.00000   54    2  680.00000  629.00000  7.50%   3.4   10s
 111720 23129     cutoff   48       680.00000  632.00000  7.06%   3.2   15s
 165445 28963  666.00000   51    2  680.00000  643.00000  5.44%   3.0   20s
 214409 30097  666.00000   49    2  680.00000  652.00000  4.12%   3.0   25s
 248513 30441 infeasible   53       680.00000  655.00000  3.68%   3.0   30s
 286899 33120  657.00000   55    1  680.00000  655.00000  3.68%   3.1   35s
 337392 24853  666.00000   51    2  680.00000  657.00000  3.38%   3.0   40s
 389559 12538     cutoff   59       680.00000  666.00000  2.06%   2.9   45s
 442805  5660  675.00000   49    1  680.00000  675.00000  0.74%   2.8   50s

Cutting planes:
  Gomory: 4
  Implied bound: 1
  Clique: 1
  MIR: 2
  Flow cover: 10
  RLT: 1
  Relax-and-lift: 2

Explored 494098 nodes (1418000 simplex iterations) in 54.76 seconds (38.93 work units)
Thread count was 1 (of 96 available processors)

Solution count 3: 680 680 680 

Optimal solution found (tolerance 1.00e-04)
Best objective 6.800000000000e+02, best bound 6.800000000000e+02, gap 0.0000%
Time: 54.96 sec, Objective: 680.0, Termination: optimal

[GDP] Scheduling Data 5 | Model: General Precedence GDP | Transformation: gdp.hull
Set parameter TokenServer to value "mooring.ecn.purdue.edu"
Read LP format model from file /tmp/tmpldig4g3x.pyomo.lp
Reading time = 0.00 seconds
x1162: 2531 rows, 1162 columns, 5781 nonzeros
Set parameter TimeLimit to value 900
Set parameter Threads to value 1
Gurobi Optimizer version 11.0.0 build v11.0.0rc2 (linux64 - "Oracle Linux Server 9.5")

CPU model: AMD EPYC 7643 48-Core Processor, instruction set [SSE2|AVX|AVX2]
Thread count: 48 physical cores, 96 logical processors, using up to 1 threads

Optimize a model with 2531 rows, 1162 columns and 5781 nonzeros
Model fingerprint: 0x6be624e0
Variable types: 782 continuous, 380 integer (380 binary)
Coefficient statistics:
  Matrix range     [1e+00, 7e+02]
  Objective range  [1e+00, 1e+00]
  Bounds range     [1e+00, 8e+02]
  RHS range        [1e+00, 7e+02]
Presolve removed 1343 rows and 796 columns
Presolve time: 0.02s
Presolved: 1188 rows, 366 columns, 3296 nonzeros
Variable types: 251 continuous, 115 integer (115 binary)

Root relaxation: objective 4.610000e+02, 417 iterations, 0.00 seconds (0.00 work units)

    Nodes    |    Current Node    |     Objective Bounds      |     Work
 Expl Unexpl |  Obj  Depth IntInf | Incumbent    BestBd   Gap | It/Node Time

     0     0  461.00000    0   27          -  461.00000      -     -    0s
     0     0  462.01692    0   32          -  462.01692      -     -    0s
     0     0  469.00000    0   32          -  469.00000      -     -    0s
     0     0  469.00000    0   24          -  469.00000      -     -    0s
     0     0  469.00000    0   22          -  469.00000      -     -    0s
     0     0  469.00000    0   22          -  469.00000      -     -    0s
     0     0  469.00000    0   22          -  469.00000      -     -    0s
     0     0  469.00000    0   22          -  469.00000      -     -    0s
     0     0  469.00000    0   23          -  469.00000      -     -    0s
     0     0  469.00000    0   23          -  469.00000      -     -    0s
     0     0  469.00000    0   22          -  469.00000      -     -    0s
     0     0  469.00000    0   22          -  469.00000      -     -    0s
     0     0  469.00000    0   22          -  469.00000      -     -    0s
     0     0  469.00000    0   20          -  469.00000      -     -    0s
     0     0  469.00000    0   23          -  469.00000      -     -    0s
     0     0  469.00000    0   20          -  469.00000      -     -    0s
     0     0  469.00000    0   18          -  469.00000      -     -    0s
     0     0  469.00000    0   26          -  469.00000      -     -    0s
     0     0  469.00000    0   20          -  469.00000      -     -    0s
     0     0  469.00000    0   20          -  469.00000      -     -    0s
     0     2  469.00000    0   20          -  469.00000      -     -    0s
*  584   350              35     699.0000000  496.57143  29.0%  15.0    0s
H  763   403                     680.0000000  504.00000  25.9%  16.5    0s
H 3048   811                     679.9999999  536.00000  21.2%  17.3    3s
  5529  1420  621.00000   23    5  680.00000  556.00000  18.2%  17.4    5s
 10203  2554  676.00000   36   20  680.00000  571.00000  16.0%  16.1   10s
 13276  2586  571.00000   42    6  680.00000  571.00000  16.0%  17.4   15s
 19908  2993  676.00000   44    1  680.00000  571.00000  16.0%  17.6   20s
 27311  4907  641.00000   40    3  680.00000  587.00000  13.7%  17.1   25s
 34954  6420 infeasible   46       680.00000  605.00000  11.0%  16.7   30s
 43412  8801  652.00000   50    5  680.00000  613.00000  9.85%  15.9   35s
 51143 10306  629.00000   47    6  680.00000  618.00000  9.12%  15.6   40s
 59281 11869  624.00000   41    7  680.00000  621.00000  8.68%  15.2   45s
 67463 13344  679.00000   50    1  680.00000  628.00000  7.65%  15.0   50s
 78807 15666  669.00000   44    1  680.00000  630.00000  7.35%  14.3   55s
 90580 18284  633.00000   44    7  680.00000  633.00000  6.91%  13.9   60s
 101379 20027  676.00000   49    1  680.00000  639.00000  6.03%  13.8   65s
 113654 22193  679.00000   50    1  680.00000  642.00000  5.59%  13.6   70s
 128006 24772  666.00000   45    1  680.00000  643.00000  5.44%  13.2   75s
 143035 26732  666.00000   52    1  680.00000  649.00000  4.56%  12.9   80s
H158728 28765                     679.9999999  652.00000  4.12%  12.5   84s
 158780 28768  666.00000   44    1  680.00000  652.00000  4.12%  12.5   85s
 174230 30493  666.00000   47    1  680.00000  652.00000  4.12%  12.3   90s
 187954 31557  676.00000   47    1  680.00000  653.00000  3.97%  12.1   95s
 199678 32457  655.00000   43    2  680.00000  655.00000  3.68%  12.0  100s
 211363 34088  666.00000   48    1  680.00000  655.00000  3.68%  12.0  105s
 222274 35839  676.00000   44    2  680.00000  655.00000  3.68%  11.9  110s
 232441 36928  679.00000   39    1  680.00000  656.00000  3.53%  11.9  115s
 243256 37948  666.00000   48    3  680.00000  657.00000  3.38%  11.9  120s
 254431 37737  679.00000   46    1  680.00000  665.00000  2.21%  11.8  125s
 265085 37699     cutoff   60       680.00000  666.00000  2.06%  11.6  130s
 277471 32218  666.00000   52    1  680.00000  666.00000  2.06%  11.4  135s
H285654 28725                     679.9999997  666.00000  2.06%  11.2  138s
 289633 27081     cutoff   45       680.00000  666.00000  2.06%  11.1  140s
 302562 23714     cutoff   57       680.00000  666.00000  2.06%  10.9  145s
 316806 21830  666.00000   45    1  680.00000  666.00000  2.06%  10.7  150s
 330614 19275  666.00000   44    2  680.00000  666.00000  2.06%  10.6  155s
 343445 17077     cutoff   55       680.00000  666.00000  2.06%  10.5  160s
 357403 15400  666.00000   51    1  680.00000  666.00000  2.06%  10.4  165s
 369812 14134     cutoff   53       680.00000  670.00000  1.47%  10.3  170s
 383096 13475     cutoff   49       680.00000  670.00000  1.47%  10.3  175s
 395994 10109 infeasible   50       680.00000  674.09236  0.87%  10.2  180s
 408203  5719  676.00000   40    1  680.00000  676.00000  0.59%  10.1  185s
 420556  4177  678.00000   49    1  680.00000  678.00000  0.29%  10.1  190s
 433777  3693  678.00000   54    1  680.00000  678.00000  0.29%  10.0  195s
 447021  2852  678.00000   51    1  680.00000  678.00000  0.29%  10.0  200s
 460100  2128  678.00000   49    1  680.00000  678.00000  0.29%  10.0  205s
 473074  1751  678.00000   50    1  680.00000  678.00000  0.29%  10.0  210s
 485854  1370  678.00000   55    1  680.00000  678.00000  0.29%  10.0  215s

Cutting planes:
  Learned: 1
  Gomory: 6
  Projected implied bound: 1
  MIR: 1
  Flow cover: 8
  RLT: 4
  Relax-and-lift: 3

Explored 497097 nodes (4956195 simplex iterations) in 219.49 seconds (187.76 work units)
Thread count was 1 (of 96 available processors)

Solution count 5: 680 680 680 ... 699

Optimal solution found (tolerance 1.00e-04)
Best objective 6.800000000000e+02, best bound 6.799677996422e+02, gap 0.0047%
Time: 219.75 sec, Objective: 680.0, Termination: optimal

[GDP] Scheduling Data 5 | Model: Time Slots GDP | Transformation: gdp.bigm
Set parameter TokenServer to value "mooring.ecn.purdue.edu"
Read LP format model from file /tmp/tmpr_5sqnw3.pyomo.lp
Reading time = 0.00 seconds
x582: 1501 rows, 582 columns, 6801 nonzeros
Set parameter TimeLimit to value 900
Set parameter Threads to value 1
Gurobi Optimizer version 11.0.0 build v11.0.0rc2 (linux64 - "Oracle Linux Server 9.5")

CPU model: AMD EPYC 7643 48-Core Processor, instruction set [SSE2|AVX|AVX2]
Thread count: 48 physical cores, 96 logical processors, using up to 1 threads

Optimize a model with 1501 rows, 582 columns and 6801 nonzeros
Model fingerprint: 0x945be717
Variable types: 22 continuous, 560 integer (560 binary)
Coefficient statistics:
  Matrix range     [1e+00, 1e+06]
  Objective range  [1e+00, 1e+00]
  Bounds range     [1e+00, 1e+06]
  RHS range        [1e+00, 1e+06]
Presolve removed 1021 rows and 161 columns
Presolve time: 0.02s
Presolved: 480 rows, 421 columns, 2757 nonzeros
Variable types: 0 continuous, 421 integer (400 binary)

Root relaxation: objective 4.800000e+01, 164 iterations, 0.00 seconds (0.00 work units)

    Nodes    |    Current Node    |     Objective Bounds      |     Work
 Expl Unexpl |  Obj  Depth IntInf | Incumbent    BestBd   Gap | It/Node Time

     0     0   48.00000    0   24          -   48.00000      -     -    0s
     0     0   48.00000    0   35          -   48.00000      -     -    0s
     0     0   48.07706    0   32          -   48.07706      -     -    0s
     0     0   49.00000    0   40          -   49.00000      -     -    0s
     0     0   49.00000    0   26          -   49.00000      -     -    0s
     0     0   49.00000    0   30          -   49.00000      -     -    0s
     0     0   49.01931    0   30          -   49.01931      -     -    0s
     0     0   49.02269    0   33          -   49.02269      -     -    0s
     0     0   49.02427    0   44          -   49.02427      -     -    0s
     0     0   49.05249    0   44          -   49.05249      -     -    0s
     0     0   49.63500    0   47          -   49.63500      -     -    0s
     0     0   49.63500    0   46          -   49.63500      -     -    0s
     0     0   54.41935    0   51          -   54.41935      -     -    0s
     0     0   55.00000    0   58          -   55.00000      -     -    0s
     0     0   57.54380    0   55          -   57.54380      -     -    0s
     0     0   58.00000    0   54          -   58.00000      -     -    0s
     0     0   58.00000    0   32          -   58.00000      -     -    0s
     0     0   58.00000    0   52          -   58.00000      -     -    0s
     0     0   60.93478    0   65          -   60.93478      -     -    0s
     0     0   60.93478    0   48          -   60.93478      -     -    0s
     0     0   61.88096    0   31          -   61.88096      -     -    0s
     0     0   62.29356    0   30          -   62.29356      -     -    0s
     0     0   63.81347    0   53          -   63.81347      -     -    0s
     0     0   69.00000    0   48          -   69.00000      -     -    0s
     0     0   69.00000    0   47          -   69.00000      -     -    0s
     0     0   69.00000    0   54          -   69.00000      -     -    0s
     0     0   69.00000    0   59          -   69.00000      -     -    0s
     0     0   69.00000    0   56          -   69.00000      -     -    0s
     0     0   69.00000    0   56          -   69.00000      -     -    0s
     0     0   69.00000    0   57          -   69.00000      -     -    0s
     0     0   69.00000    0   58          -   69.00000      -     -    0s
     0     0   69.00000    0   31          -   69.00000      -     -    0s
     0     0   69.00000    0   28          -   69.00000      -     -    0s
     0     0   69.00000    0   23          -   69.00000      -     -    0s
     0     0   69.00000    0   27          -   69.00000      -     -    0s
     0     0   69.00000    0   15          -   69.00000      -     -    0s
     0     0   69.00000    0   45          -   69.00000      -     -    0s
     0     0   69.00000    0   33          -   69.00000      -     -    0s
     0     0   69.00000    0   23          -   69.00000      -     -    0s
     0     2   69.00000    0   21          -   69.00000      -     -    0s
  2163   748 infeasible   74               -  254.00000      -  28.5    5s
  7066  3145  321.00000   57   45          -  254.00000      -  25.2   10s
 10203  4719  425.00000   88   23          -  254.00000      -  24.6   16s
 10661  4802  395.00000   61   35          -  308.00000      -  26.6   20s
 13718  5563  477.00000   93   25          -  308.00000      -  28.8   25s
 18729  6817  428.00000   87   32          -  308.00000      -  28.4   30s
H20239  6771                     760.0000000  308.00000  59.5%  28.9   32s
H20239  6546                     743.0000000  308.00000  58.5%  28.9   32s
H20676  6380                     741.0000000  308.00000  58.4%  29.1   33s
H20868  6181                     720.0000000  308.00000  57.2%  29.3   33s
H20923  5991                     719.0000000  308.00000  57.2%  29.4   34s
 21034  5967 infeasible   59       719.00000  308.00000  57.2%  29.7   35s
H21207  5982                     717.0000000  308.00000  57.0%  29.8   36s
 21736  6161  398.00000   63   26  717.00000  308.00000  57.0%  30.2   40s
 22496  6359  398.00000   91   30  717.00000  308.00000  57.0%  31.5   45s
*23267  6652             124     714.0000000  308.00000  56.9%  32.2   47s
 24531  7450  421.00000   81   36  714.00000  308.00000  56.9%  32.2   50s
H25114  7698                     710.0000000  308.00000  56.6%  32.5   51s
H25883  7965                     706.0000000  308.00000  56.4%  33.1   53s
 26418  8200 infeasible   94       706.00000  308.00000  56.4%  33.6   55s
H26614  8289                     698.0000000  308.00000  55.9%  33.7   55s
 28525  9342  308.00000   71   37  698.00000  308.00000  55.9%  34.4   60s
 31156 10859 infeasible   73       698.00000  308.00000  55.9%  34.6   65s
H32845 11691                     696.0000000  308.00000  55.7%  34.7   68s
 33604 11910 infeasible   69       696.00000  308.00000  55.7%  35.0   70s
H34250 12004                     692.0000000  308.00000  55.5%  35.2   71s
H34542 12103                     685.0000000  308.00000  55.0%  35.3   71s
 35504 12132  308.00000   80   37  685.00000  308.00000  55.0%  36.4   75s
H36707 12346                     684.0000000  308.00000  55.0%  36.8   78s
H36780 12329                     680.0000000  308.00000  54.7%  36.8   78s
 37560 12329  308.00000   78   39  680.00000  308.00000  54.7%  37.0   80s
 39312 12393  308.00000   65   34  680.00000  308.00000  54.7%  37.9   85s
 41022 12997  308.00000   79   44  680.00000  308.00000  54.7%  38.8   90s
 42388 13153  309.00000   70   49  680.00000  308.00000  54.7%  40.1   95s
 43780 13514 infeasible   72       680.00000  308.00000  54.7%  41.2  100s
 45106 13738 infeasible   55       680.00000  308.00000  54.7%  42.3  105s
 46435 13987  422.00000   72   34  680.00000  308.00000  54.7%  43.3  110s
 47935 14380 infeasible   64       680.00000  308.00000  54.7%  44.0  115s
 49320 14787 infeasible   81       680.00000  308.00000  54.7%  44.3  120s
 50917 15127  308.00000   89   38  680.00000  308.00000  54.7%  44.6  125s
 52233 15432  308.00000   67   35  680.00000  308.00000  54.7%  45.3  130s
 53822 15810 infeasible   59       680.00000  308.00000  54.7%  45.8  135s
 55207 16074  308.00000   87   38  680.00000  308.00000  54.7%  46.6  140s
 56508 16172  317.00000   66   50  680.00000  308.00000  54.7%  47.2  145s
 57763 16503 infeasible   60       680.00000  308.00000  54.7%  47.8  150s
 60387 18202  575.00000   91   18  680.00000  308.00000  54.7%  47.3  155s
 62698 19449  472.00000   73   39  680.00000  308.00000  54.7%  47.0  160s
 64587 20282  314.00000   89   42  680.00000  308.00000  54.7%  47.3  165s
 66094 20883 infeasible  103       680.00000  308.00000  54.7%  47.8  170s
 67825 21725 infeasible   79       680.00000  308.00000  54.7%  48.0  175s
 69755 22558 infeasible   67       680.00000  308.00000  54.7%  48.1  180s
 72154 23765 infeasible  112       680.00000  308.00000  54.7%  47.8  185s
 74457 24828  491.00000  113   30  680.00000  308.00000  54.7%  47.6  190s
 76728 25862  317.17057   81   44  680.00000  308.00000  54.7%  47.5  195s
 78274 26380  334.00000   76   35  680.00000  308.00000  54.7%  47.9  200s
 80215 27175  334.00000   65   27  680.00000  308.00000  54.7%  48.0  205s
 83773 28939  561.00000   79   31  680.00000  308.00000  54.7%  47.1  210s
 87885 31016 infeasible   66       680.00000  308.00000  54.7%  46.0  215s
 90975 32507  310.00000   49   33  680.00000  308.00000  54.7%  45.5  220s
 92711 32908 infeasible   59       680.00000  308.00000  54.7%  45.7  225s
 94869 34088  504.00000   86   20  680.00000  308.00000  54.7%  45.8  230s
 97248 35544  334.00000  105   39  680.00000  308.00000  54.7%  45.7  235s
 99210 36104  333.00000   69   38  680.00000  308.00000  54.7%  45.8  240s
 101120 36748  308.00000   70   32  680.00000  308.00000  54.7%  45.9  245s
 103415 37623  333.00000   98   44  680.00000  308.00000  54.7%  45.7  250s
 105390 38436 infeasible  103       680.00000  308.00000  54.7%  45.8  255s
 107388 39050  333.00000  111   33  680.00000  308.00000  54.7%  45.8  260s
 109215 39565 infeasible   83       680.00000  308.00000  54.7%  46.0  265s
 111288 40328  333.00000   96   38  680.00000  308.00000  54.7%  46.0  270s
 112819 40612 infeasible   98       680.00000  308.00000  54.7%  46.2  275s
 114979 41473  333.00000   90   36  680.00000  308.00000  54.7%  46.2  280s
 117296 42065  551.00000   98   36  680.00000  308.00000  54.7%  46.1  285s
 119084 42419  317.00000   73   39  680.00000  308.00000  54.7%  46.2  290s
 120712 42783  308.00000  107   38  680.00000  308.00000  54.7%  46.4  295s
 122424 43155  452.00000   91   40  680.00000  308.00000  54.7%  46.5  300s
 124320 43944  308.00000   78   40  680.00000  308.00000  54.7%  46.6  305s
 126284 44662  495.00000   80   40  680.00000  308.00000  54.7%  46.7  310s
 128138 45368  597.00000   92   18  680.00000  308.00000  54.7%  46.7  315s
 130260 46363 infeasible   63       680.00000  308.00000  54.7%  46.7  320s
 132339 47355  310.00000  134   41  680.00000  308.00000  54.7%  46.7  325s
 134362 48197  309.00000  106   35  680.00000  308.00000  54.7%  46.8  330s
 136024 48801 infeasible   90       680.00000  308.00000  54.7%  46.9  335s
 137482 49555 infeasible   71       680.00000  308.00000  54.7%  47.1  340s
 139025 50315  309.00000   94   41  680.00000  308.00000  54.7%  47.3  345s
 141232 51347  355.00000   80   36  680.00000  308.00000  54.7%  47.2  350s
 143306 52200 infeasible  112       680.00000  308.00000  54.7%  47.2  355s
 145753 53331  423.49983  100   46  680.00000  308.00000  54.7%  47.0  360s
 147715 53997  332.00000  120   49  680.00000  308.00000  54.7%  47.1  365s
 149896 54759  308.00000   76   45  680.00000  308.00000  54.7%  47.0  370s
 151800 55490 infeasible  108       680.00000  308.00000  54.7%  47.1  375s
 153771 56206  311.00000  100   44  680.00000  308.00000  54.7%  47.1  380s
 155687 56818  334.00000   89   36  680.00000  308.00000  54.7%  47.1  385s
 157678 57514 infeasible   67       680.00000  308.00000  54.7%  47.1  390s
 159733 58300 infeasible   90       680.00000  308.00000  54.7%  47.1  395s
 161510 58872  457.00000  111   39  680.00000  308.00000  54.7%  47.1  400s
 163522 59611  346.00000   97   42  680.00000  308.00000  54.7%  47.1  405s
 164937 59925  308.00000  112   41  680.00000  308.00000  54.7%  47.3  410s
 166602 60530  313.00000  116   44  680.00000  308.00000  54.7%  47.4  415s
 168732 61070  310.00000  131   34  680.00000  308.00000  54.7%  47.4  420s
 170609 61882  335.00000  126   49  680.00000  308.00000  54.7%  47.4  425s
 172321 62372 infeasible  127       680.00000  308.00000  54.7%  47.5  430s
 174000 62825 infeasible  106       680.00000  308.00000  54.7%  47.5  435s
 175703 63112  308.00000   93   33  680.00000  308.00000  54.7%  47.6  440s
 177581 63764  334.00000  106   40  680.00000  308.00000  54.7%  47.6  445s
 179365 64309 infeasible  128       680.00000  308.00000  54.7%  47.7  450s
 181051 64777 infeasible   90       680.00000  308.00000  54.7%  47.8  455s
 182972 65507 infeasible   89       680.00000  308.00000  54.7%  47.8  460s
 185415 67031 infeasible   96       680.00000  308.00000  54.7%  47.7  465s
 188112 68546  309.00000  129   50  680.00000  308.00000  54.7%  47.5  470s
 190402 69589 infeasible  120       680.00000  308.00000  54.7%  47.5  475s
 192253 70485  352.00000   91   36  680.00000  308.00000  54.7%  47.5  480s
 194543 71420 infeasible   67       680.00000  308.00000  54.7%  47.4  485s
 196281 71927 infeasible   69       680.00000  308.00000  54.7%  47.5  490s
 198007 72415  310.00000   66   29  680.00000  308.00000  54.7%  47.6  495s
 199504 72910  308.00000   76   24  680.00000  308.00000  54.7%  47.7  500s
 201059 73547  528.00000  126   31  680.00000  308.00000  54.7%  47.8  505s
 202830 74118 infeasible  116       680.00000  308.00000  54.7%  47.9  510s
 204503 74537  312.00000   71   31  680.00000  308.00000  54.7%  48.0  515s
 205996 75024 infeasible   67       680.00000  308.00000  54.7%  48.2  520s
 208527 76272 infeasible   75       680.00000  308.00000  54.7%  48.1  525s
 210257 76923  310.00000   77   22  680.00000  308.00000  54.7%  48.1  530s
 212509 77853  333.00000  109   38  680.00000  308.00000  54.7%  48.1  535s
 214593 78661  309.00000  132   36  680.00000  308.00000  54.7%  48.0  540s
 216562 79340 infeasible   94       680.00000  308.00000  54.7%  48.0  545s
 218603 80018  308.00000  104   36  680.00000  308.00000  54.7%  48.0  550s
 220284 80486 infeasible   90       680.00000  308.00000  54.7%  48.1  555s
 222655 81354  312.00000   91   38  680.00000  308.00000  54.7%  48.0  560s
 224925 82326  335.00000   89   42  680.00000  308.00000  54.7%  47.9  565s
 226848 83013 infeasible   72       680.00000  308.00000  54.7%  47.9  570s
 229243 84090  308.00000   93   39  680.00000  308.00000  54.7%  47.8  575s
 232348 85598  576.00000   94   27  680.00000  308.00000  54.7%  47.6  580s
 234382 86119 infeasible   72       680.00000  308.00000  54.7%  47.6  585s
 236904 87126  339.00000   97   38  680.00000  308.00000  54.7%  47.5  590s
 239237 88072  308.00000   78   44  680.00000  308.00000  54.7%  47.4  595s
 241674 88891  334.00000   88   34  680.00000  308.00000  54.7%  47.3  600s
 244744 90109  308.00000   84   30  680.00000  308.00000  54.7%  47.1  605s
 246965 90795  308.00000   93   42  680.00000  308.00000  54.7%  47.0  610s
 249394 91734  327.00000   84   30  680.00000  308.00000  54.7%  47.0  615s
 252252 93220  361.00000   81   32  680.00000  308.00000  54.7%  46.8  620s
 254944 94141 infeasible  103       680.00000  308.00000  54.7%  46.6  625s
 256975 94710  370.42199   89   44  680.00000  308.00000  54.7%  46.6  630s
 259566 95552  332.00000   73   30  680.00000  308.00000  54.7%  46.5  635s
 261657 96151  308.00000   68   40  680.00000  308.00000  54.7%  46.5  640s
 263631 96696 infeasible  115       680.00000  308.00000  54.7%  46.4  645s
 266015 97596  308.00000   99   45  680.00000  308.00000  54.7%  46.4  650s
 268385 98422 infeasible  116       680.00000  308.00000  54.7%  46.3  655s
 270986 99317 infeasible  115       680.00000  308.00000  54.7%  46.2  660s
 272989 99828 infeasible   88       680.00000  308.00000  54.7%  46.2  665s
 275235 100606 infeasible   97       680.00000  308.00000  54.7%  46.1  670s
 277359 101366  309.00000  103   44  680.00000  308.00000  54.7%  46.1  675s
 279806 102236  332.00000  105   29  680.00000  308.00000  54.7%  46.0  680s
 282107 102945  308.00000   94   41  680.00000  308.00000  54.7%  45.9  685s
 284629 103966  308.00000   82   39  680.00000  308.00000  54.7%  45.9  690s
 287062 105037  333.00000   77   23  680.00000  308.00000  54.7%  45.8  695s
 288888 105470 infeasible   82       680.00000  308.00000  54.7%  45.8  700s
 290417 105855 infeasible  132       680.00000  308.00000  54.7%  45.9  705s
 292439 106536 infeasible  137       680.00000  308.00000  54.7%  45.9  710s
 293957 106825  309.00000  113   53  680.00000  308.00000  54.7%  46.0  715s
 296504 107839 infeasible  112       680.00000  308.00000  54.7%  45.9  720s
 299137 108765 infeasible   94       680.00000  308.00000  54.7%  45.8  725s
 301095 109423 infeasible  127       680.00000  308.00000  54.7%  45.8  730s
 303255 110134  310.00000   83   46  680.00000  308.00000  54.7%  45.8  735s
 305213 110947  398.00000  125   34  680.00000  308.00000  54.7%  45.9  740s
 306438 111122  308.00000   85   36  680.00000  308.00000  54.7%  46.0  745s
 308645 111930 infeasible   91       680.00000  308.00000  54.7%  46.0  750s
 310276 112357 infeasible  112       680.00000  308.00000  54.7%  46.0  755s
 312005 112522 infeasible   78       680.00000  308.00000  54.7%  46.1  760s
 313671 112613 infeasible  124       680.00000  308.00000  54.7%  46.2  765s
 315896 113444  313.00000  132   47  680.00000  308.00000  54.7%  46.1  770s
 317640 113982 infeasible  110       680.00000  308.00000  54.7%  46.2  775s
 319380 114593 infeasible   96       680.00000  308.00000  54.7%  46.2  780s
 321152 115196 infeasible   76       680.00000  308.00000  54.7%  46.2  785s
 322639 115677 infeasible  102       680.00000  308.00000  54.7%  46.3  790s
 325158 116554  484.00000   92   30  680.00000  308.00000  54.7%  46.3  795s
 327977 117731 infeasible   83       680.00000  308.00000  54.7%  46.1  800s
 331055 118952  336.00000   83   31  680.00000  308.00000  54.7%  46.0  805s
 333442 119854  308.00000   94   34  680.00000  308.00000  54.7%  46.0  810s
 335610 120670  308.00000   93   40  680.00000  308.00000  54.7%  45.9  815s
 337708 121440  329.00000   84   15  680.00000  308.00000  54.7%  45.9  820s
 339840 122195  308.00000   66   45  680.00000  308.00000  54.7%  45.9  825s
 342115 122985  506.00000  107   34  680.00000  308.00000  54.7%  45.9  830s
 344588 123766 infeasible  118       680.00000  308.00000  54.7%  45.8  835s
 346868 124515  571.00000  101   21  680.00000  308.00000  54.7%  45.8  840s
 348489 124870 infeasible  111       680.00000  308.00000  54.7%  45.8  845s
 349978 125107 infeasible   75       680.00000  308.00000  54.7%  45.9  850s
 351378 125315  313.00000   91   41  680.00000  308.00000  54.7%  46.0  855s
 352595 125672  312.00000  110   49  680.00000  308.00000  54.7%  46.1  860s
 353973 125852  452.00000  115   37  680.00000  308.00000  54.7%  46.2  865s
 355677 126318 infeasible   86       680.00000  308.00000  54.7%  46.3  870s
 357421 126793  308.00000   61   27  680.00000  308.00000  54.7%  46.3  875s
 359767 127553  408.00000  128   29  680.00000  308.00000  54.7%  46.3  880s
 361930 128264 infeasible  110       680.00000  308.00000  54.7%  46.3  885s
 364709 129426  308.00000   44   34  680.00000  308.00000  54.7%  46.2  890s
 366669 130164  339.00000  101   33  680.00000  308.00000  54.7%  46.2  895s

Cutting planes:
  Learned: 1
  Gomory: 1
  Cover: 6
  Implied bound: 7
  Projected implied bound: 2
  MIR: 17
  StrongCG: 4
  Flow cover: 12
  GUB cover: 2
  Zero half: 6
  Relax-and-lift: 5

Explored 368584 nodes (17041978 simplex iterations) in 900.00 seconds (917.78 work units)
Thread count was 1 (of 96 available processors)

Solution count 10: 680 684 685 ... 717

Time limit reached
Best objective 6.800000000000e+02, best bound 3.080000000000e+02, gap 54.7059%
WARNING: Loading a SolverResults object with an 'aborted' status, but
    containing a solution
Time: 900.36 sec, Objective: 680.0, Termination: maxTimeLimit

[GDP] Scheduling Data 5 | Model: Time Slots GDP | Transformation: gdp.hull
Set parameter TokenServer to value "mooring.ecn.purdue.edu"
Read LP format model from file /tmp/tmp9smn6ccy.pyomo.lp
Reading time = 0.01 seconds
x4582: 7121 rows, 4582 columns, 19601 nonzeros
Set parameter TimeLimit to value 900
Set parameter Threads to value 1
Gurobi Optimizer version 11.0.0 build v11.0.0rc2 (linux64 - "Oracle Linux Server 9.5")

CPU model: AMD EPYC 7643 48-Core Processor, instruction set [SSE2|AVX|AVX2]
Thread count: 48 physical cores, 96 logical processors, using up to 1 threads

Optimize a model with 7121 rows, 4582 columns and 19601 nonzeros
Model fingerprint: 0xc7f94508
Variable types: 4022 continuous, 560 integer (560 binary)
Coefficient statistics:
  Matrix range     [1e+00, 1e+06]
  Objective range  [1e+00, 1e+00]
  Bounds range     [1e+00, 1e+06]
  RHS range        [1e+00, 1e+00]
Presolve removed 5484 rows and 3401 columns
Presolve time: 0.03s
Presolved: 1637 rows, 1181 columns, 5115 nonzeros
Variable types: 781 continuous, 400 integer (400 binary)

Root relaxation: objective 6.600000e+02, 2504 iterations, 0.09 seconds (0.12 work units)

    Nodes    |    Current Node    |     Objective Bounds      |     Work
 Expl Unexpl |  Obj  Depth IntInf | Incumbent    BestBd   Gap | It/Node Time

     0     0  660.00000    0   21          -  660.00000      -     -    0s
     0     0  660.00000    0   30          -  660.00000      -     -    0s
H    0     0                     699.0000000  660.00000  5.58%     -    0s
     0     0  660.00000    0   23  699.00000  660.00000  5.58%     -    0s
     0     0  660.00000    0   22  699.00000  660.00000  5.58%     -    0s
     0     0  660.00000    0   36  699.00000  660.00000  5.58%     -    0s
     0     0  660.00000    0   11  699.00000  660.00000  5.58%     -    0s
     0     0  660.00000    0   11  699.00000  660.00000  5.58%     -    0s
     0     0  660.00000    0   20  699.00000  660.00000  5.58%     -    0s
     0     0  660.00000    0   13  699.00000  660.00000  5.58%     -    0s
     0     0  660.00000    0   15  699.00000  660.00000  5.58%     -    0s
     0     0  660.00000    0   18  699.00000  660.00000  5.58%     -    0s
     0     0  660.00000    0   10  699.00000  660.00000  5.58%     -    0s
     0     0  660.00000    0   13  699.00000  660.00000  5.58%     -    0s
     0     0  660.00000    0   15  699.00000  660.00000  5.58%     -    0s
     0     0  660.00000    0    4  699.00000  660.00000  5.58%     -    0s
     0     2  660.00000    0    4  699.00000  660.00000  5.58%     -    0s
H   52    24                     698.0000000  660.00000  5.44%  78.9    0s
H   54    19                     680.0000000  660.00000  2.94%  77.0    0s

Cutting planes:
  Cover: 55
  Implied bound: 42
  Clique: 1
  MIR: 15
  Flow cover: 11
  GUB cover: 5
  Inf proof: 1
  Network: 6
  RLT: 1

Explored 278 nodes (20827 simplex iterations) in 1.37 seconds (1.53 work units)
Thread count was 1 (of 96 available processors)

Solution count 3: 680 698 699 

Optimal solution found (tolerance 1.00e-04)
Best objective 6.800000000000e+02, best bound 6.800000000000e+02, gap 0.0000%
Time: 1.82 sec, Objective: 680.0, Termination: optimal

[GDP] Scheduling Data 6 | Model: General Precedence GDP | Transformation: gdp.bigm
Set parameter TokenServer to value "mooring.ecn.purdue.edu"
Read LP format model from file /tmp/tmpoekzk_1n.pyomo.lp
Reading time = 0.00 seconds
x627: 976 rows, 627 columns, 2501 nonzeros
Set parameter TimeLimit to value 900
Set parameter Threads to value 1
Gurobi Optimizer version 11.0.0 build v11.0.0rc2 (linux64 - "Oracle Linux Server 9.5")

CPU model: AMD EPYC 7643 48-Core Processor, instruction set [SSE2|AVX|AVX2]
Thread count: 48 physical cores, 96 logical processors, using up to 1 threads

Optimize a model with 976 rows, 627 columns and 2501 nonzeros
Model fingerprint: 0x563ae8b6
Variable types: 27 continuous, 600 integer (600 binary)
Coefficient statistics:
  Matrix range     [1e+00, 1e+03]
  Objective range  [1e+00, 1e+00]
  Bounds range     [1e+00, 1e+03]
  RHS range        [1e+00, 1e+03]
Presolve removed 524 rows and 398 columns
Presolve time: 0.00s
Presolved: 452 rows, 229 columns, 1310 nonzeros
Variable types: 26 continuous, 203 integer (203 binary)
Found heuristic solution: objective 928.0000000

Root relaxation: objective 6.220000e+02, 114 iterations, 0.00 seconds (0.00 work units)

    Nodes    |    Current Node    |     Objective Bounds      |     Work
 Expl Unexpl |  Obj  Depth IntInf | Incumbent    BestBd   Gap | It/Node Time

     0     0  622.00000    0    8  928.00000  622.00000  33.0%     -    0s
H    0     0                     766.0000000  622.00000  18.8%     -    0s
H    0     0                     749.0000000  622.00000  17.0%     -    0s
     0     0  622.00000    0    8  749.00000  622.00000  17.0%     -    0s
     0     0  622.00000    0   10  749.00000  622.00000  17.0%     -    0s
     0     0  622.00000    0    7  749.00000  622.00000  17.0%     -    0s
H    0     0                     742.0000000  622.00000  16.2%     -    0s
     0     0  622.00000    0    7  742.00000  622.00000  16.2%     -    0s
H    0     0                     739.0000000  622.00000  15.8%     -    0s
     0     0  622.00000    0   11  739.00000  622.00000  15.8%     -    0s
     0     0  622.00000    0    7  739.00000  622.00000  15.8%     -    0s
     0     0  622.00000    0    7  739.00000  622.00000  15.8%     -    0s
     0     0  622.00000    0    8  739.00000  622.00000  15.8%     -    0s
     0     0  622.00000    0    8  739.00000  622.00000  15.8%     -    0s
     0     2  622.00000    0    8  739.00000  622.00000  15.8%     -    0s
H  107    62                     738.9999999  622.00000  15.8%   6.4    0s
 13409  2637  725.00000   36    3  739.00000  670.00000  9.34%   6.2    5s
 34969  4581  712.00000   27    4  739.00000  698.00000  5.55%   5.6   10s
 59849  4814  737.00000   31    3  739.00000  709.00000  4.06%   5.0   15s
 78253  3919  724.00000   28    3  739.00000  721.00000  2.44%   5.2   20s
 96564    36 infeasible   34       739.00000  737.00000  0.27%   5.4   25s

Cutting planes:
  Gomory: 2
  Cover: 9
  Implied bound: 7
  Clique: 2
  MIR: 5
  Flow cover: 13
  Relax-and-lift: 4

Explored 96713 nodes (519319 simplex iterations) in 25.05 seconds (19.19 work units)
Thread count was 1 (of 96 available processors)

Solution count 6: 739 739 742 ... 928

Optimal solution found (tolerance 1.00e-04)
Best objective 7.390000000000e+02, best bound 7.390000000000e+02, gap 0.0000%
Time: 25.30 sec, Objective: 739.0, Termination: optimal

[GDP] Scheduling Data 6 | Model: General Precedence GDP | Transformation: gdp.hull
Set parameter TokenServer to value "mooring.ecn.purdue.edu"
Read LP format model from file /tmp/tmpc85f5mb1.pyomo.lp
Reading time = 0.01 seconds
x1827: 3976 rows, 1827 columns, 9101 nonzeros
Set parameter TimeLimit to value 900
Set parameter Threads to value 1
Gurobi Optimizer version 11.0.0 build v11.0.0rc2 (linux64 - "Oracle Linux Server 9.5")

CPU model: AMD EPYC 7643 48-Core Processor, instruction set [SSE2|AVX|AVX2]
Thread count: 48 physical cores, 96 logical processors, using up to 1 threads

Optimize a model with 3976 rows, 1827 columns and 9101 nonzeros
Model fingerprint: 0xaafc75cb
Variable types: 1227 continuous, 600 integer (600 binary)
Coefficient statistics:
  Matrix range     [1e+00, 1e+03]
  Objective range  [1e+00, 1e+00]
  Bounds range     [1e+00, 1e+03]
  RHS range        [1e+00, 1e+03]
Presolve removed 1911 rows and 1194 columns
Presolve time: 0.03s
Presolved: 2065 rows, 633 columns, 5747 nonzeros
Variable types: 430 continuous, 203 integer (203 binary)

Root relaxation: objective 6.220000e+02, 679 iterations, 0.01 seconds (0.01 work units)

    Nodes    |    Current Node    |     Objective Bounds      |     Work
 Expl Unexpl |  Obj  Depth IntInf | Incumbent    BestBd   Gap | It/Node Time

     0     0  622.00000    0   18          -  622.00000      -     -    0s
H    0     0                     832.0000000  622.00000  25.2%     -    0s
     0     0  622.00000    0   23  832.00000  622.00000  25.2%     -    0s
     0     0  622.00000    0   23  832.00000  622.00000  25.2%     -    0s
     0     0  622.00000    0   21  832.00000  622.00000  25.2%     -    0s
     0     0  622.00000    0   21  832.00000  622.00000  25.2%     -    0s
     0     0  622.00000    0   23  832.00000  622.00000  25.2%     -    0s
     0     0  622.00000    0   22  832.00000  622.00000  25.2%     -    0s
     0     0  622.00000    0   21  832.00000  622.00000  25.2%     -    0s
     0     0  622.00000    0   19  832.00000  622.00000  25.2%     -    0s
     0     0  622.00000    0   21  832.00000  622.00000  25.2%     -    0s
     0     0  622.00000    0   20  832.00000  622.00000  25.2%     -    0s
     0     2  622.00000    0   20  832.00000  622.00000  25.2%     -    0s
*  271   192              57     816.0000000  622.00000  23.8%  19.5    0s
*  494   303              55     787.0000000  622.00000  21.0%  18.3    0s
H  689   404                     786.9998351  622.00000  21.0%  17.6    0s
*  810   435              41     762.0000000  622.00000  18.4%  26.0    1s
*  878   434              46     750.0000000  622.00000  17.1%  25.6    1s
* 1499   475              35     746.0000000  622.00000  16.6%  27.5    3s
H 1646   470                     745.9999999  622.00000  16.6%  28.0    3s
* 1688   420              38     739.0000000  622.00000  15.8%  27.8    4s
H 1756   429                     738.9999999  622.00000  15.8%  27.9    4s
  1893   449  674.00000   26    8  739.00000  622.00000  15.8%  28.1    5s
H 2147   546                     738.9999996  622.00000  15.8%  28.3    5s
  4482  1232  661.00000   24   10  739.00000  636.00000  13.9%  26.3   10s
  8667  2179  725.00000   25    6  739.00000  650.00000  12.0%  23.6   15s
 10379  2513  690.00000   32    8  739.00000  650.00000  12.0%  22.6   20s
 14983  3415  687.00000   27   11  739.00000  659.00000  10.8%  21.0   25s
 19535  4237  689.00000   25   11  739.00000  659.00000  10.8%  20.4   30s
 23963  4849  709.00000   30    8  739.00000  664.00000  10.1%  20.0   35s
 28159  5205  677.00000   23   16  739.00000  667.00000  9.74%  19.9   40s
 32797  5752  681.00000   23   10  739.00000  673.00000  8.93%  19.3   45s
 37277  6018  678.00000   27    9  739.00000  678.00000  8.25%  19.2   50s
 42187  6379 infeasible   31       739.00000  681.00000  7.85%  18.7   55s
 46981  6694 infeasible   29       739.00000  687.00000  7.04%  18.4   60s
 51756  7001  688.00000   28   11  739.00000  688.00000  6.90%  18.0   65s
 55733  7048  705.00000   30   10  739.00000  689.00000  6.77%  18.0   70s
 60093  7119  707.00000   28    9  739.00000  693.00000  6.22%  17.9   75s
 64734  7142 infeasible   32       739.00000  695.00000  5.95%  17.7   80s
 69125  7140  728.00000   33    3  739.00000  698.00000  5.55%  17.6   85s
 73617  7232     cutoff   32       739.00000  698.00000  5.55%  17.5   90s
 78082  7176  721.00000   26    7  739.00000  701.00000  5.14%  17.4   95s
 82149  6953     cutoff   33       739.00000  703.00000  4.87%  17.5  100s
 86664  6763  717.00000   34    7  739.00000  706.00000  4.47%  17.4  105s
 90739  6479     cutoff   33       739.00000  707.00000  4.33%  17.3  110s
 95121  6410  719.00000   34    9  739.00000  708.00000  4.19%  17.2  115s
 99912  6056  718.00000   26   10  739.00000  709.00000  4.06%  17.0  120s
 104602  6109     cutoff   31       739.00000  711.00000  3.79%  16.9  125s
 108757  5766     cutoff   30       739.00000  713.00000  3.52%  16.9  130s
 113440  5390     cutoff   43       739.00000  715.00000  3.25%  16.8  135s
 117797  5027     cutoff   29       739.00000  717.00000  2.98%  16.7  140s
 122059  4435     cutoff   32       739.00000  719.00000  2.71%  16.6  145s
 126109  3961 infeasible   30       739.00000  722.00000  2.30%  16.6  150s
 130141  3471  725.00000   28   10  739.00000  723.00000  2.17%  16.5  155s
 134635  2470     cutoff   31       739.00000  725.00000  1.89%  16.5  160s
 138730  1838     cutoff   28       739.00000  727.00000  1.62%  16.4  165s
 142636   900  734.00000   29   10  739.00000  734.00000  0.68%  16.3  170s

Cutting planes:
  Learned: 2
  Gomory: 3
  Cover: 7
  Implied bound: 12
  Projected implied bound: 1
  MIR: 10
  Flow cover: 25
  RLT: 4
  Relax-and-lift: 2
  PSD: 1

Explored 146511 nodes (2384873 simplex iterations) in 174.94 seconds (145.89 work units)
Thread count was 1 (of 96 available processors)

Solution count 10: 739 739 739 ... 832

Optimal solution found (tolerance 1.00e-04)
Best objective 7.390000000000e+02, best bound 7.390000000000e+02, gap 0.0000%
Time: 175.28 sec, Objective: 739.0, Termination: optimal

[GDP] Scheduling Data 6 | Model: Time Slots GDP | Transformation: gdp.bigm
Set parameter TokenServer to value "mooring.ecn.purdue.edu"
Read LP format model from file /tmp/tmp6kl8alt6.pyomo.lp
Reading time = 0.01 seconds
x852: 2251 rows, 852 columns, 10501 nonzeros
Set parameter TimeLimit to value 900
Set parameter Threads to value 1
Gurobi Optimizer version 11.0.0 build v11.0.0rc2 (linux64 - "Oracle Linux Server 9.5")

CPU model: AMD EPYC 7643 48-Core Processor, instruction set [SSE2|AVX|AVX2]
Thread count: 48 physical cores, 96 logical processors, using up to 1 threads

Optimize a model with 2251 rows, 852 columns and 10501 nonzeros
Model fingerprint: 0x41c71c6e
Variable types: 27 continuous, 825 integer (825 binary)
Coefficient statistics:
  Matrix range     [1e+00, 1e+06]
  Objective range  [1e+00, 1e+00]
  Bounds range     [1e+00, 1e+06]
  RHS range        [1e+00, 1e+06]
Presolve removed 1526 rows and 201 columns
Presolve time: 0.02s
Presolved: 725 rows, 651 columns, 4304 nonzeros
Variable types: 0 continuous, 651 integer (625 binary)

Root relaxation: objective 3.500000e+01, 232 iterations, 0.00 seconds (0.00 work units)

    Nodes    |    Current Node    |     Objective Bounds      |     Work
 Expl Unexpl |  Obj  Depth IntInf | Incumbent    BestBd   Gap | It/Node Time

     0     0   35.00000    0   27          -   35.00000      -     -    0s
     0     0   35.00000    0   57          -   35.00000      -     -    0s
     0     0   35.00000    0   20          -   35.00000      -     -    0s
     0     0   35.00000    0   17          -   35.00000      -     -    0s
     0     0   35.00000    0   27          -   35.00000      -     -    0s
     0     0   35.00000    0   21          -   35.00000      -     -    0s
     0     0   35.00000    0   16          -   35.00000      -     -    0s
     0     0   35.00000    0   30          -   35.00000      -     -    0s
     0     0   35.00000    0   27          -   35.00000      -     -    0s
     0     0   38.00000    0   25          -   38.00000      -     -    0s
     0     2   39.00000    0   25          -   39.00000      -     -    0s
   753   478  244.08677   43   39          -  244.00000      -  41.5    5s
  2730  1295  404.00000   47   32          -  250.00000      -  37.2   10s
  5101  2744  320.00000   67   46          -  253.00000      -  34.2   15s
  7443  4117  347.00000   72   46          -  259.00000      -  33.9   20s
  9428  5162  290.00000   56   55          -  268.00000      -  35.3   25s
 10202  5660  607.00000   62   22          -  270.00000      -  35.3   31s
 12070  6811  480.00000   71   50          -  271.00000      -  35.2   35s
 14992  8668 infeasible   54               -  275.68465      -  34.6   40s
 17240  9930  371.00000   75   34          -  278.00000      -  34.8   45s
 19734 11372 infeasible  131               -  281.00000      -  34.8   50s
 21890 12602  328.00000   43   35          -  284.00000      -  34.8   55s
 23881 13588  351.00000   68   46          -  285.00000      -  35.2   60s
 25821 14330  286.00000   69   47          -  286.00000      -  35.2   65s
 27771 15000  460.00000   67   43          -  286.00000      -  35.5   70s
 29355 15650 infeasible   72               -  287.00000      -  35.7   75s
 31988 17073 infeasible   88               -  289.00000      -  35.2   80s
 33921 17969  432.00000   65   43          -  290.00000      -  35.4   85s
 35456 18627  293.00000   73   37          -  291.00000      -  35.8   90s
 36693 19067  440.00000   60   50          -  291.00000      -  36.7   95s
 38400 19718  295.00000   84   36          -  293.00000      -  37.0  100s
 40237 20377 infeasible   75               -  293.00000      -  37.3  105s
 41590 20827 infeasible   66               -  295.00000      -  37.7  110s
 43128 21383 infeasible   60               -  297.00000      -  38.4  115s
 44332 21830 infeasible   62               -  298.00000      -  38.9  120s
 45698 22300  465.00000   78   35          -  298.00000      -  39.5  125s
 47099 22777 infeasible   73               -  299.00000      -  40.0  130s
 48677 23463  348.00000   67   47          -  300.00000      -  40.3  135s
 50210 24236  334.00000   66   57          -  300.00000      -  40.6  140s
 51961 25228  387.00000   48   41          -  300.00000      -  40.6  145s
 54097 26233  478.00000   64   32          -  301.00000      -  40.5  150s
 55892 27132  476.00000   62   38          -  301.00000      -  40.6  155s
 58594 28780  453.00000   75   22          -  302.00000      -  40.0  160s
 60734 29923 infeasible   66               -  302.00000      -  39.8  165s
 63278 31281  527.00000   86   26          -  303.00000      -  39.5  170s
 65040 32102  468.00000   54   57          -  303.00000      -  39.6  175s
 66523 32560  320.00000   54   24          -  304.00000      -  39.8  180s
 68979 33874 infeasible   87               -  305.00000      -  39.6  185s
 70849 34887  577.00000  105   26          -  305.00000      -  39.5  190s
 72749 35905  328.00000   59   28          -  305.00000      -  39.6  195s
 74272 36630 infeasible   93               -  305.00000      -  39.8  200s
 76237 37794  530.00000   69   32          -  305.00000      -  39.9  205s
 77481 38339  403.00000   64   42          -  305.00000      -  40.1  210s
 79469 39451  628.00000   75   27          -  305.00000      -  40.2  215s
 81138 40275  467.00000   57   50          -  305.00000      -  40.2  220s
 82565 40920 infeasible   69               -  305.00000      -  40.5  225s
 84386 41808 infeasible   94               -  305.00000      -  40.5  230s
 86049 42642  493.00000   72   30          -  305.00000      -  40.6  235s
 87595 43240 infeasible   80               -  305.00000      -  40.7  240s
 89321 44140  535.00000   87   50          -  305.00000      -  40.8  245s
H89625 44307                     949.0000000  305.00000  67.9%  40.9  246s
H89625 44307                     810.0000000  305.00000  62.3%  40.9  246s
H89625 44307                     796.0000000  305.00000  61.7%  40.9  246s
H89706 44340                     794.0000000  305.00000  61.6%  40.9  246s
H89713 44347                     790.0000000  305.00000  61.4%  40.9  246s
H90138 44486                     788.0000000  305.00000  61.3%  41.0  249s
 90185 44501  471.00000   61   54  788.00000  305.00000  61.3%  41.0  250s
H90306 44550                     786.0000000  305.00000  61.2%  41.1  251s
H90585 44654                     784.0000000  305.00000  61.1%  41.2  253s
 90740 44681  492.00000   63   44  784.00000  305.00000  61.1%  41.3  255s
H90945 44768                     773.0000000  305.00000  60.5%  41.3  256s
 91280 44877  406.00000   76   43  773.00000  305.00000  60.5%  41.4  260s
 92074 45424 infeasible   73       773.00000  305.00000  60.5%  41.3  265s
 92733 45836 infeasible  169       773.00000  305.00000  60.5%  41.3  270s
 93507 46285  422.00000   69   34  773.00000  305.00000  60.5%  41.2  275s
 94696 47052  510.00000   82   34  773.00000  305.00000  60.5%  41.1  280s
 96310 47760  305.00000   59   44  773.00000  305.00000  60.5%  41.1  285s
 97262 48064  430.00000   79   26  773.00000  305.00000  60.5%  41.3  290s
 98446 48578  455.00000   80   47  773.00000  305.00000  60.5%  41.4  295s
 99782 49089  305.00000   72   43  773.00000  305.00000  60.5%  41.4  300s
 100667 49374  448.00000   61   42  773.00000  305.00000  60.5%  41.6  305s
 101586 49559  305.00000   74   35  773.00000  305.00000  60.5%  41.8  310s
 102589 49699 infeasible   72       773.00000  305.00000  60.5%  41.9  315s
 103334 49781  493.00000   81   35  773.00000  305.00000  60.5%  42.0  320s
 103889 49863  465.00000   71   36  773.00000  305.00000  60.5%  42.1  325s
 105011 50093 infeasible   86       773.00000  305.00000  60.5%  42.2  330s
 107121 51427  678.00000   95   13  773.00000  305.00000  60.5%  41.8  335s
 108437 52081  305.00000   54   52  773.00000  305.00000  60.5%  41.8  340s
 108923 52073 infeasible   64       773.00000  305.00000  60.5%  42.2  345s
 110111 52417  446.00000   93   32  773.00000  305.00000  60.5%  42.2  350s
 111314 52532  446.00000   91   20  773.00000  305.00000  60.5%  42.3  355s
 112465 52604 infeasible  101       773.00000  305.00000  60.5%  42.3  360s
 113564 52797 infeasible   91       773.00000  305.00000  60.5%  42.4  365s
 114661 52838  305.00000   91   39  773.00000  305.00000  60.5%  42.5  370s
 115798 52867 infeasible   94       773.00000  305.00000  60.5%  42.6  375s
 116856 53065 infeasible   88       773.00000  305.00000  60.5%  42.6  380s
 117764 53265 infeasible   91       773.00000  305.00000  60.5%  42.7  385s
 118737 53477 infeasible   70       773.00000  305.00000  60.5%  42.8  390s
 119743 53629  323.00000   74   33  773.00000  305.00000  60.5%  42.9  395s
 120605 53741  322.00000   92   33  773.00000  305.00000  60.5%  43.0  400s
 121591 53921 infeasible   76       773.00000  305.00000  60.5%  43.1  405s
 122500 53996  497.00000   76   17  773.00000  305.00000  60.5%  43.2  410s
 123609 54145  305.00000   66   42  773.00000  305.00000  60.5%  43.3  415s
 124556 54252 infeasible   85       773.00000  305.00000  60.5%  43.4  420s
 125711 54513 infeasible  103       773.00000  305.00000  60.5%  43.4  425s
 126813 54678  325.00000   83   32  773.00000  305.00000  60.5%  43.4  430s
 127876 54913  331.00000   74   32  773.00000  305.00000  60.5%  43.4  435s
 128894 55147 infeasible   82       773.00000  305.00000  60.5%  43.5  440s
 130077 55422  305.00000   70   38  773.00000  305.00000  60.5%  43.5  445s
 131057 55619  305.00000   69   41  773.00000  305.00000  60.5%  43.6  450s
 132113 55927  339.00000   80   33  773.00000  305.00000  60.5%  43.6  455s
 133027 56071  313.00000   97   28  773.00000  305.00000  60.5%  43.7  460s
 134223 56379 infeasible  121       773.00000  305.00000  60.5%  43.7  465s
 135069 56513 infeasible   84       773.00000  305.00000  60.5%  43.8  470s
 135892 56580 infeasible   80       773.00000  305.00000  60.5%  43.9  475s
 136962 56892  356.00000   87   36  773.00000  305.00000  60.5%  43.9  480s
 138046 57226 infeasible   87       773.00000  305.00000  60.5%  43.9  485s
 138910 57384  491.00000   79   35  773.00000  305.00000  60.5%  44.0  490s
 139953 57749  326.00000   88   48  773.00000  305.00000  60.5%  44.0  495s
 140973 58067  305.00000   88   40  773.00000  305.00000  60.5%  44.1  500s
 141932 58334 infeasible   87       773.00000  305.00000  60.5%  44.1  505s
 142896 58616  491.00000   96   24  773.00000  305.00000  60.5%  44.1  510s
 144117 59081  362.00000  100   32  773.00000  305.00000  60.5%  44.1  515s
 145210 59444  305.00000   84   58  773.00000  305.00000  60.5%  44.1  520s
 146158 59578  305.00000   84   58  773.00000  305.00000  60.5%  44.2  525s
 147061 59751 infeasible   90       773.00000  305.00000  60.5%  44.2  530s
 147941 59823  305.00000   83   49  773.00000  305.00000  60.5%  44.3  535s
 148907 60092 infeasible   83       773.00000  305.00000  60.5%  44.3  540s
 149908 60449  311.00000   82   46  773.00000  305.00000  60.5%  44.3  545s
 150910 60671  337.00000   67   54  773.00000  305.00000  60.5%  44.4  550s
 152185 61322  505.00000   75   48  773.00000  306.00000  60.4%  44.3  555s
 153488 62042  311.00000   59   41  773.00000  306.00000  60.4%  44.3  560s
 154533 62455  429.00000   80   37  773.00000  306.00000  60.4%  44.3  565s
 155573 62857  306.00000   54   47  773.00000  306.00000  60.4%  44.3  570s
 156741 63488  357.00000   63   38  773.00000  306.00000  60.4%  44.3  575s
 157607 63762 infeasible   85       773.00000  307.00000  60.3%  44.5  580s
 158673 63964  475.00000   65   21  773.00000  307.00000  60.3%  44.5  585s
 159824 64367 infeasible   51       773.00000  307.00000  60.3%  44.5  590s
 160856 64715  331.00000   76   48  773.00000  307.00000  60.3%  44.5  595s
 161924 65211  328.00000   99   21  773.00000  307.00000  60.3%  44.5  600s
 162716 65413  438.00000   82   42  773.00000  307.00000  60.3%  44.7  605s
 163635 65677  405.00000   50   64  773.00000  307.00000  60.3%  44.7  610s
 164763 66201  307.00000   91   45  773.00000  307.00000  60.3%  44.7  615s
 165625 66455  465.00000   59   48  773.00000  307.00000  60.3%  44.8  620s
 166783 66969  332.00000   72   37  773.00000  307.00000  60.3%  44.8  625s
 167909 67449  311.00000   62   48  773.00000  307.00000  60.3%  44.8  630s
 168985 67877  325.00000   77   35  773.00000  307.00000  60.3%  44.8  635s
 169894 68190  364.00000   80   53  773.00000  307.00000  60.3%  44.9  640s
 170669 68548  596.00000   92   43  773.00000  307.00000  60.3%  45.0  645s
 171418 68711  333.00000   64   45  773.00000  307.00000  60.3%  45.1  650s
 172434 69112 infeasible   71       773.00000  307.00000  60.3%  45.2  655s
 173333 69428  482.18495   76   27  773.00000  308.00000  60.2%  45.2  660s
 174217 69672  327.00000   61   34  773.00000  308.00000  60.2%  45.3  665s
 175239 70074  321.00000   81   47  773.00000  308.00000  60.2%  45.3  670s
 176113 70366 infeasible   85       773.00000  308.00000  60.2%  45.4  675s
 177057 70652  517.00000   92   31  773.00000  308.00000  60.2%  45.5  680s
 177886 70897  312.00000   82   36  773.00000  308.00000  60.2%  45.5  685s
 178873 71320 infeasible   77       773.00000  308.00000  60.2%  45.6  690s
 179832 71661  311.00000   55   34  773.00000  308.00000  60.2%  45.6  695s
 180641 71954 infeasible   75       773.00000  308.00000  60.2%  45.7  700s
 181732 72481  359.00000   46   41  773.00000  308.00000  60.2%  45.7  705s
 182781 72982  314.00000   76   51  773.00000  308.00000  60.2%  45.7  710s
 183870 73507  372.00000   53   21  773.00000  308.00000  60.2%  45.7  715s
 184645 73670  313.00000  110   27  773.00000  308.00000  60.2%  45.8  720s
 185389 73894 infeasible   69       773.00000  308.00000  60.2%  45.9  725s
 185999 74046 infeasible   61       773.00000  308.00000  60.2%  46.0  730s
 186650 74213  315.00000   83   32  773.00000  308.00000  60.2%  46.1  735s
 187425 74480 infeasible   80       773.00000  308.00000  60.2%  46.2  740s
 188164 74607  311.00000   87   21  773.00000  308.00000  60.2%  46.3  745s
 188865 74802  476.00000   83   39  773.00000  308.00000  60.2%  46.4  750s
 189601 75018  310.00000   75   42  773.00000  308.00000  60.2%  46.5  755s
 190183 75182  342.00000   52   33  773.00000  308.00000  60.2%  46.6  760s
 190883 75412  346.00000   81   46  773.00000  308.00000  60.2%  46.7  765s
 191709 75688  322.00000   73   44  773.00000  308.00000  60.2%  46.7  770s
 192521 76006  315.00000   83   44  773.00000  308.00000  60.2%  46.8  775s
 193262 76307  510.00000   81   40  773.00000  308.00000  60.2%  46.8  780s
 194004 76537 infeasible   75       773.00000  308.00000  60.2%  46.9  785s
 194780 76783  434.00000   72   34  773.00000  309.00000  60.0%  47.0  790s
 195420 76919 infeasible   68       773.00000  309.00000  60.0%  47.1  795s
 196178 77071 infeasible   79       773.00000  309.00000  60.0%  47.1  800s
 196930 77216 infeasible   58       773.00000  309.00000  60.0%  47.2  805s
 197691 77351  329.00000   55   44  773.00000  309.00000  60.0%  47.3  810s
 198466 77574  318.00000   84   46  773.00000  309.00000  60.0%  47.3  815s
 199337 77853 infeasible   70       773.00000  309.00000  60.0%  47.3  820s
 200045 78007  313.00000   69   22  773.00000  309.00000  60.0%  47.4  825s
 201054 78352 infeasible  100       773.00000  309.00000  60.0%  47.4  830s
 201862 78604  346.00000   60   22  773.00000  309.00000  60.0%  47.5  835s
 202679 78857 infeasible   74       773.00000  309.00000  60.0%  47.5  840s
 203597 79209  309.00000   65   43  773.00000  309.00000  60.0%  47.6  845s
 204336 79436  309.00000   59   44  773.00000  309.00000  60.0%  47.6  850s
 205105 79663 infeasible   83       773.00000  309.00000  60.0%  47.7  855s
 205871 79911  380.00000   70   51  773.00000  309.00000  60.0%  47.7  860s
 206486 80040 infeasible  124       773.00000  309.00000  60.0%  47.8  865s
 207421 80479 infeasible   66       773.00000  309.00000  60.0%  47.8  870s
 208304 80674 infeasible   74       773.00000  309.00000  60.0%  47.8  875s
 209141 80972 infeasible   81       773.00000  309.00000  60.0%  47.9  880s
 209903 81212  310.00000   94   40  773.00000  310.00000  59.9%  47.9  885s
 210590 81309  334.00000   67   25  773.00000  310.00000  59.9%  48.0  890s
*211091 81456             176     768.0000000  310.00000  59.6%  48.0  893s
 211228 81489  310.00000   65   43  768.00000  310.00000  59.6%  48.0  895s

Cutting planes:
  Gomory: 10
  Cover: 4441
  Implied bound: 97
  Projected implied bound: 27
  Clique: 2
  MIR: 457
  Mixing: 42
  StrongCG: 385
  Flow cover: 977
  GUB cover: 16
  Inf proof: 4
  Zero half: 10
  RLT: 1
  Relax-and-lift: 19

Explored 211677 nodes (10194003 simplex iterations) in 900.00 seconds (1224.33 work units)
Thread count was 1 (of 96 available processors)

Solution count 10: 768 773 784 ... 949

Time limit reached
Best objective 7.680000000000e+02, best bound 3.100000000000e+02, gap 59.6354%
WARNING: Loading a SolverResults object with an 'aborted' status, but
    containing a solution
Time: 900.38 sec, Objective: 768.0, Termination: maxTimeLimit

[GDP] Scheduling Data 6 | Model: Time Slots GDP | Transformation: gdp.hull
Set parameter TokenServer to value "mooring.ecn.purdue.edu"
Read LP format model from file /tmp/tmpuk697cze.pyomo.lp
Reading time = 0.02 seconds
x7102: 11026 rows, 7102 columns, 30501 nonzeros
Set parameter TimeLimit to value 900
Set parameter Threads to value 1
Gurobi Optimizer version 11.0.0 build v11.0.0rc2 (linux64 - "Oracle Linux Server 9.5")

CPU model: AMD EPYC 7643 48-Core Processor, instruction set [SSE2|AVX|AVX2]
Thread count: 48 physical cores, 96 logical processors, using up to 1 threads

Optimize a model with 11026 rows, 7102 columns and 30501 nonzeros
Model fingerprint: 0xc441a70f
Variable types: 6277 continuous, 825 integer (825 binary)
Coefficient statistics:
  Matrix range     [1e+00, 1e+06]
  Objective range  [1e+00, 1e+00]
  Bounds range     [1e+00, 1e+06]
  RHS range        [1e+00, 1e+00]
Presolve removed 8485 rows and 5251 columns
Presolve time: 0.06s
Presolved: 2541 rows, 1851 columns, 8008 nonzeros
Variable types: 1226 continuous, 625 integer (625 binary)

Root relaxation: objective 7.102750e+02, 4737 iterations, 0.23 seconds (0.32 work units)

    Nodes    |    Current Node    |     Objective Bounds      |     Work
 Expl Unexpl |  Obj  Depth IntInf | Incumbent    BestBd   Gap | It/Node Time

     0     0  710.27498    0   50          -  710.27498      -     -    0s
     0     0  712.70204    0   66          -  712.70204      -     -    0s
     0     0  714.32688    0   66          -  714.32688      -     -    0s
     0     0  714.32688    0   67          -  714.32688      -     -    0s
     0     0  714.32688    0   65          -  714.32688      -     -    0s
     0     0  715.30352    0   69          -  715.30352      -     -    0s
     0     0  715.59393    0   71          -  715.59393      -     -    0s
     0     0  715.59393    0   70          -  715.59393      -     -    0s
     0     0  715.78169    0   67          -  715.78169      -     -    0s
     0     0  716.37306    0   65          -  716.37306      -     -    0s
     0     0  716.37306    0   69          -  716.37306      -     -    0s
     0     0  716.37306    0   60          -  716.37306      -     -    0s
     0     0  716.37306    0   63          -  716.37306      -     -    0s
     0     0  716.37306    0   63          -  716.37306      -     -    0s
     0     0  716.37306    0   65          -  716.37306      -     -    0s
     0     0  716.37306    0   65          -  716.37306      -     -    0s
     0     0  716.37306    0   71          -  716.37306      -     -    0s
     0     0  716.37306    0   74          -  716.37306      -     -    0s
     0     0  716.37306    0   74          -  716.37306      -     -    0s
     0     0  716.37306    0   78          -  716.37306      -     -    0s
     0     0  716.37306    0   72          -  716.37306      -     -    0s
H    0     0                     773.0000000  716.37306  7.33%     -    0s
     0     0  716.37306    0   71  773.00000  716.37306  7.33%     -    0s
     0     0  716.37306    0   68  773.00000  716.37306  7.33%     -    0s
     0     0  716.37306    0   71  773.00000  716.37306  7.33%     -    0s
     0     0  716.37306    0   68  773.00000  716.37306  7.33%     -    0s
     0     0  716.37306    0   72  773.00000  716.37306  7.33%     -    0s
     0     0  716.37306    0   81  773.00000  716.37306  7.33%     -    0s
     0     0  716.37306    0   75  773.00000  716.37306  7.33%     -    0s
     0     0  716.37306    0   68  773.00000  716.37306  7.33%     -    0s
     0     0  716.37306    0   83  773.00000  716.37306  7.33%     -    0s
H    0     0                     765.0000000  716.37306  6.36%     -    0s
     0     0  716.37306    0   80  765.00000  716.37306  6.36%     -    0s
     0     0  716.37306    0   83  765.00000  716.37306  6.36%     -    0s
     0     0  716.56295    0   85  765.00000  716.56295  6.33%     -    0s
     0     0  716.56295    0   84  765.00000  716.56295  6.33%     -    1s
     0     0  716.56295    0   85  765.00000  716.56295  6.33%     -    1s
     0     0  716.56295    0   81  765.00000  716.56295  6.33%     -    1s
H    0     0                     764.0000000  716.56295  6.21%     -    1s
     0     0  716.56295    0   81  764.00000  716.56295  6.21%     -    1s
     0     0  716.56295    0   73  764.00000  716.56295  6.21%     -    1s
     0     0  716.56295    0   73  764.00000  716.56295  6.21%     -    1s
     0     0  716.64298    0   71  764.00000  716.64298  6.20%     -    1s
     0     0  716.65685    0   71  764.00000  716.65685  6.20%     -    1s
     0     0  716.65797    0   70  764.00000  716.65797  6.20%     -    1s
     0     0  716.72049    0   72  764.00000  716.72049  6.19%     -    1s
     0     0  716.80337    0   71  764.00000  716.80337  6.18%     -    1s
     0     0  716.80337    0   75  764.00000  716.80337  6.18%     -    1s
     0     0  716.86329    0   75  764.00000  716.86329  6.17%     -    1s
     0     0  717.03034    0   82  764.00000  717.03034  6.15%     -    1s
     0     0  717.03034    0   80  764.00000  717.03034  6.15%     -    1s
     0     0  717.03034    0   71  764.00000  717.03034  6.15%     -    1s
     0     0  717.03034    0   70  764.00000  717.03034  6.15%     -    1s
     0     0  717.03034    0   70  764.00000  717.03034  6.15%     -    1s
     0     0  717.03034    0   68  764.00000  717.03034  6.15%     -    1s
     0     0  717.03034    0   68  764.00000  717.03034  6.15%     -    1s
     0     0  717.03034    0   69  764.00000  717.03034  6.15%     -    1s
     0     0  717.03034    0   69  764.00000  717.03034  6.15%     -    1s
     0     0  717.08113    0   68  764.00000  717.08113  6.14%     -    1s
     0     2  717.85087    0   68  764.00000  717.85087  6.04%     -    1s
H   26     6                     739.0000000  723.46997  2.10%  50.9    1s

Cutting planes:
  Cover: 1
  MIR: 24
  Flow cover: 5
  Relax-and-lift: 1

Explored 44 nodes (11001 simplex iterations) in 1.78 seconds (1.89 work units)
Thread count was 1 (of 96 available processors)

Solution count 4: 739 764 765 773 

Optimal solution found (tolerance 1.00e-04)
Best objective 7.390000000000e+02, best bound 7.390000000000e+02, gap 0.0000%
Time: 2.40 sec, Objective: 739.0, Termination: optimal

[GDP] Scheduling Data 7 | Model: General Precedence GDP | Transformation: gdp.bigm
Set parameter TokenServer to value "mooring.ecn.purdue.edu"
Read LP format model from file /tmp/tmpi8eg6ji0.pyomo.lp
Reading time = 0.00 seconds
x627: 976 rows, 627 columns, 2501 nonzeros
Set parameter TimeLimit to value 900
Set parameter Threads to value 1
Gurobi Optimizer version 11.0.0 build v11.0.0rc2 (linux64 - "Oracle Linux Server 9.5")

CPU model: AMD EPYC 7643 48-Core Processor, instruction set [SSE2|AVX|AVX2]
Thread count: 48 physical cores, 96 logical processors, using up to 1 threads

Optimize a model with 976 rows, 627 columns and 2501 nonzeros
Model fingerprint: 0x23f2a040
Variable types: 27 continuous, 600 integer (600 binary)
Coefficient statistics:
  Matrix range     [1e+00, 8e+02]
  Objective range  [1e+00, 1e+00]
  Bounds range     [1e+00, 8e+02]
  RHS range        [1e+00, 8e+02]
Presolve removed 432 rows and 356 columns
Presolve time: 0.01s
Presolved: 544 rows, 271 columns, 1578 nonzeros
Variable types: 26 continuous, 245 integer (245 binary)

Root relaxation: objective 3.330000e+02, 158 iterations, 0.00 seconds (0.00 work units)

    Nodes    |    Current Node    |     Objective Bounds      |     Work
 Expl Unexpl |  Obj  Depth IntInf | Incumbent    BestBd   Gap | It/Node Time

     0     0  333.00000    0   33          -  333.00000      -     -    0s
     0     0  333.00000    0  112          -  333.00000      -     -    0s
     0     0  333.00000    0  109          -  333.00000      -     -    0s
     0     0  335.55142    0   90          -  335.55142      -     -    0s
     0     0  338.25611    0  118          -  338.25611      -     -    0s
     0     0  338.25611    0  129          -  338.25611      -     -    0s
     0     0  341.98451    0  135          -  341.98451      -     -    0s
     0     0  342.04183    0  131          -  342.04183      -     -    0s
     0     0  342.14465    0  122          -  342.14465      -     -    0s
     0     0  342.14465    0  134          -  342.14465      -     -    0s
     0     0  342.14465    0  138          -  342.14465      -     -    0s
     0     0  342.94080    0  145          -  342.94080      -     -    0s
     0     0  342.94080    0  149          -  342.94080      -     -    0s
     0     0  342.94080    0  147          -  342.94080      -     -    0s
     0     0  342.94080    0  137          -  342.94080      -     -    0s
     0     0  342.94080    0  140          -  342.94080      -     -    0s
     0     0  342.94080    0  140          -  342.94080      -     -    0s
     0     0  342.94080    0  140          -  342.94080      -     -    0s
     0     0  343.52935    0  151          -  343.52935      -     -    0s
     0     0  343.52935    0  140          -  343.52935      -     -    0s
     0     0  343.52935    0  148          -  343.52935      -     -    0s
     0     0  343.52935    0  147          -  343.52935      -     -    0s
     0     0  343.52935    0  151          -  343.52935      -     -    0s
     0     0  343.52935    0  159          -  343.52935      -     -    0s
     0     0  343.52935    0  156          -  343.52935      -     -    0s
     0     0  343.52935    0   84          -  343.52935      -     -    0s
     0     2  352.00000    0   76          -  352.00000      -     -    0s
* 3425  1236              43     700.0000000  495.00000  29.3%   5.3    1s
 10464  2693 infeasible   29       700.00000  529.00000  24.4%   6.1    5s
H15789  3619                     699.9999999  544.00000  22.3%   6.3    6s
 27550  5711 infeasible   36       700.00000  572.00000  18.3%   6.1   10s
 48760 11548  668.00000   43    4  700.00000  591.00000  15.6%   5.5   15s
 69517 17557  603.00000   40   11  700.00000  601.00000  14.1%   5.3   20s
 93068 23587  629.00000   38    6  700.00000  607.00000  13.3%   5.1   25s
 116109 29067  645.00000   41    5  700.00000  616.00000  12.0%   5.1   30s
 141465 35619  697.00000   51    2  700.00000  620.00000  11.4%   5.1   35s
 165084 42186  685.00000   45    3  700.00000  624.00000  10.9%   5.1   40s
 188689 48284  688.00000   49    2  700.00000  627.00000  10.4%   5.0   45s
 210093 52397 infeasible   34       700.00000  633.00000  9.57%   5.0   50s
 230601 57186  635.00000   25    6  700.00000  635.00000  9.29%   5.0   55s
 253283 62287  697.00000   54    1  700.00000  636.00000  9.14%   4.9   60s
 274091 65589 infeasible   33       700.00000  640.00000  8.57%   4.9   65s
 295060 69659  697.00000   48    1  700.00000  642.00000  8.29%   4.9   70s
 316051 73392  697.00000   48    2  700.00000  644.00000  8.00%   4.9   75s
 338459 76537 infeasible   46       700.00000  646.00000  7.71%   4.8   80s
 358379 78843     cutoff   50       700.00000  650.00000  7.14%   4.8   85s
 380257 83306  690.00000   53    2  700.00000  651.00000  7.00%   4.8   90s
 404024 88378  697.00000   54    2  700.00000  652.00000  6.86%   4.7   95s
 425632 91350  652.00000   41    4  700.00000  652.00000  6.86%   4.7  100s
 450412 94530 infeasible   43       700.00000  654.00000  6.57%   4.7  105s
 475625 100074 infeasible   39       700.00000  658.00000  6.00%   4.7  110s
 500718 104302 infeasible   47       700.00000  661.00000  5.57%   4.7  115s
 533963 114368  690.00000   49    2  700.00000  661.00000  5.57%   4.6  120s
 566470 122139  662.00000   47    3  700.00000  662.00000  5.43%   4.6  125s
 600218 128185  673.00000   47    3  700.00000  663.00000  5.29%   4.5  130s
 634987 136093  695.00000   45    1  700.00000  668.00000  4.57%   4.4  135s
 664581 143721     cutoff   52       700.00000  668.00000  4.57%   4.4  140s
 693431 150618  678.00000   42    3  700.00000  668.00000  4.57%   4.4  145s
 722581 157416  668.00000   40    4  700.00000  668.00000  4.57%   4.4  150s
 750680 164498  685.00000   46    3  700.00000  668.00000  4.57%   4.4  155s
 779170 170504  695.00000   46    1  700.00000  669.00000  4.43%   4.4  160s
 812330 178035  688.00000   51    3  700.00000  671.00000  4.14%   4.3  165s
 845617 185629  671.00000   45    4  700.00000  671.00000  4.14%   4.3  170s
 885403 195003  690.00000   49    1  700.00000  673.00000  3.86%   4.2  175s
 932130 203161  690.00000   61    1  700.00000  673.00000  3.86%   4.1  180s
 978179 210679  690.00000   52    1  700.00000  673.00000  3.86%   4.0  185s
 1013693 216380  675.00000   38    4  700.00000  675.00000  3.57%   3.9  190s
 1037516 220574     cutoff   44       700.00000  675.00000  3.57%   3.9  195s
 1059746 225835  687.00000   45    3  700.00000  677.00000  3.29%   3.9  200s
 1083395 231651  690.00000   53    1  700.00000  677.00000  3.29%   3.9  205s
 1108844 235952  689.00000   62    1  700.00000  678.00000  3.14%   3.9  210s
 1136874 241356  688.00000   50    2  700.00000  678.00000  3.14%   3.9  215s
 1162941 246780  678.00000   66    3  700.00000  678.00000  3.14%   3.9  220s
 1188158 251172  695.00000   44    2  700.00000  678.00000  3.14%   3.9  225s
 1213337 254126  695.00000   45    2  700.00000  678.00000  3.14%   3.9  230s
 1239144 257656  698.00000   47    1  700.00000  678.00000  3.14%   3.9  235s
 1263603 259709  695.00000   46    2  700.00000  678.00000  3.14%   3.9  240s
 1288997 263042  685.00000   52    3  700.00000  678.00000  3.14%   3.9  245s
 1313268 266281  695.00000   41    2  700.00000  678.00000  3.14%   3.9  250s
 1342867 269802  690.00000   48    1  700.00000  680.00000  2.86%   3.9  255s
 1382943 275934     cutoff   51       700.00000  680.00000  2.86%   3.9  260s
 1411543 278719  697.00000   53    1  700.00000  681.00000  2.71%   3.8  265s
 1436073 279383  695.00000   51    2  700.00000  685.00000  2.14%   3.8  270s
 1458469 282651 infeasible   49       700.00000  685.00000  2.14%   3.9  275s
 1481743 285689 infeasible   50       700.00000  685.00000  2.14%   3.9  280s
 1508094 288617  695.00000   53    2  700.00000  685.00000  2.14%   3.8  285s
 1535604 290957  685.00000   46    4  700.00000  685.00000  2.14%   3.8  290s
 1564274 293526  695.00000   50    2  700.00000  685.00000  2.14%   3.8  295s
 1592490 296298  695.00000   49    2  700.00000  685.00000  2.14%   3.8  300s
 1619371 298896     cutoff   50       700.00000  685.00000  2.14%   3.8  305s
 1648115 301566  698.00000   51    1  700.00000  685.00000  2.14%   3.8  310s
 1674048 304092  685.00000   41    4  700.00000  685.00000  2.14%   3.8  315s
 1699226 306414  695.00000   41    1  700.00000  685.00000  2.14%   3.8  320s
 1723767 308147 infeasible   49       700.00000  685.00000  2.14%   3.8  325s
 1749795 311031 infeasible   40       700.00000  685.00000  2.14%   3.7  330s
 1774864 314098  695.00000   53    2  700.00000  685.00000  2.14%   3.7  335s
 1801496 317866  685.00000   46    3  700.00000  685.00000  2.14%   3.7  340s
 1830131 320137  695.00000   55    1  700.00000  685.00000  2.14%   3.7  345s
 1857322 322251  685.00000   47    3  700.00000  685.00000  2.14%   3.7  350s
 1884674 324647  695.00000   54    1  700.00000  685.00000  2.14%   3.7  355s
 1912083 326781     cutoff   57       700.00000  685.00000  2.14%   3.7  360s
 1938228 328970     cutoff   53       700.00000  685.00000  2.14%   3.7  365s
 1963866 330581  695.00000   53    2  700.00000  685.00000  2.14%   3.7  370s
 1992254 333018  695.00000   59    1  700.00000  685.00000  2.14%   3.7  375s
 2021356 336141     cutoff   53       700.00000  685.00000  2.14%   3.7  380s
 2052789 339857  698.00000   63    1  700.00000  685.00000  2.14%   3.7  385s
 2080601 342581  695.00000   47    2  700.00000  685.00000  2.14%   3.7  390s
 2109359 346121     cutoff   57       700.00000  687.00000  1.86%   3.7  395s
 2138933 349683  697.00000   53    2  700.00000  687.00000  1.86%   3.7  400s
 2168375 352784  690.00000   58    1  700.00000  687.00000  1.86%   3.7  405s
 2194560 355123  697.00000   53    2  700.00000  687.00000  1.86%   3.7  410s
 2221808 358232     cutoff   50       700.00000  687.00000  1.86%   3.7  415s
 2249087 361821  697.00000   52    2  700.00000  687.00000  1.86%   3.7  420s
 2282802 366358  687.00000   52    3  700.00000  687.00000  1.86%   3.7  425s
 2319480 370895  690.00000   56    1  700.00000  687.00000  1.86%   3.7  430s
 2356675 374908  697.00000   56    2  700.00000  687.00000  1.86%   3.7  435s
 2391502 378686 infeasible   53       700.00000  687.00000  1.86%   3.7  440s
 2422170 381148     cutoff   67       700.00000  687.00000  1.86%   3.7  445s
 2453076 383563  687.00000   53    3  700.00000  687.00000  1.86%   3.7  450s
 2484251 386247 infeasible   47       700.00000  687.00000  1.86%   3.7  455s
 2520501 390555     cutoff   54       700.00000  687.00000  1.86%   3.7  460s
 2557443 394326  697.00000   54    2  700.00000  687.00000  1.86%   3.6  465s
 2594049 398403     cutoff   51       700.00000  687.00000  1.86%   3.6  470s
 2627230 401803  697.00000   55    2  700.00000  687.00000  1.86%   3.6  475s
 2659569 404460 infeasible   46       700.00000  687.00000  1.86%   3.6  480s
 2695222 405196  698.00000   56    1  700.00000  688.00000  1.71%   3.6  485s
 2729624 404178     cutoff   49       700.00000  688.00000  1.71%   3.6  490s
 2762497 403787  690.00000   49    1  700.00000  688.00000  1.71%   3.6  495s
 2798250 404384  688.00000   44    2  700.00000  688.00000  1.71%   3.6  500s
 2832674 403871  698.00000   52    1  700.00000  688.00000  1.71%   3.5  505s
 2865301 402218  690.00000   64    3  700.00000  688.00000  1.71%   3.5  510s
 2897511 402390  688.00000   55    2  700.00000  688.00000  1.71%   3.5  515s
 2930596 402197  688.00000   54    2  700.00000  688.00000  1.71%   3.5  520s
 2966093 402656  689.00000   55    1  700.00000  688.00000  1.71%   3.5  525s
 3002888 393894  690.00000   42    1  700.00000  690.00000  1.43%   3.5  530s
 3046090 382968     cutoff   53       700.00000  690.00000  1.43%   3.4  535s
 3089777 370708  690.00000   37    1  700.00000  690.00000  1.43%   3.4  540s
 3132507 359708     cutoff   61       700.00000  690.00000  1.43%   3.4  545s
 3174454 345784     cutoff   41       700.00000  690.00000  1.43%   3.3  550s
 3215886 329104  690.00000   48    1  700.00000  690.00000  1.43%   3.3  555s
 3256994 314088     cutoff   47       700.00000  690.00000  1.43%   3.3  560s
 3298249 299100     cutoff   48       700.00000  690.00000  1.43%   3.2  565s
 3338720 284732     cutoff   51       700.00000  690.00000  1.43%   3.2  570s
 3379075 268621     cutoff   51       700.00000  690.00000  1.43%   3.2  575s
 3419789 256105     cutoff   44       700.00000  690.00000  1.43%   3.2  580s
 3462156 252222  690.00000   36    2  700.00000  690.00000  1.43%   3.2  585s
 3492702 248348  695.00000   51    1  700.00000  695.00000  0.71%   3.2  590s
 3525037 242608  695.00000   49    1  700.00000  695.00000  0.71%   3.1  595s
 3557574 237021  695.00000   46    2  700.00000  695.00000  0.71%   3.1  600s
 3590809 230950     cutoff   46       700.00000  695.00000  0.71%   3.1  605s
 3625441 224847  695.00000   48    1  700.00000  695.00000  0.71%   3.1  610s
 3658570 218869  695.00000   49    1  700.00000  695.00000  0.71%   3.1  615s
 3692746 211941     cutoff   48       700.00000  695.00000  0.71%   3.1  620s
 3726146 205160     cutoff   43       700.00000  695.00000  0.71%   3.1  625s
 3759898 198836  695.00000   52    2  700.00000  695.00000  0.71%   3.1  630s
 3794443 195355  695.00000   50    1  700.00000  695.00000  0.71%   3.1  635s
 3829666 193312  695.00000   45    2  700.00000  695.00000  0.71%   3.1  640s
 3868744 191246  695.00000   54    2  700.00000  695.00000  0.71%   3.1  645s
 3907069 189141  695.00000   44    2  700.00000  695.00000  0.71%   3.1  650s
 3946564 187034     cutoff   54       700.00000  695.00000  0.71%   3.1  655s
 3984479 185029  695.00000   41    1  700.00000  695.00000  0.71%   3.0  660s
 4020020 182153     cutoff   50       700.00000  695.00000  0.71%   3.0  665s
 4053125 176939     cutoff   52       700.00000  695.00000  0.71%   3.0  670s
 4087874 171740     cutoff   45       700.00000  695.00000  0.71%   3.0  675s
 4121863 166100  695.00000   52    2  700.00000  695.00000  0.71%   3.0  680s
 4153438 158870  695.00000   48    1  700.00000  695.00000  0.71%   3.0  685s
 4185798 152146  695.00000   54    1  700.00000  695.00000  0.71%   3.0  690s
 4217221 146254  695.00000   59    1  700.00000  695.00000  0.71%   3.0  695s
 4252095 143291  695.00000   46    2  700.00000  695.00000  0.71%   3.0  700s
 4287891 141250     cutoff   54       700.00000  695.00000  0.71%   3.0  705s
 4323689 139166  695.00000   49    2  700.00000  695.00000  0.71%   3.0  710s
 4360042 137046  695.00000   53    1  700.00000  695.00000  0.71%   3.0  715s
 4394573 134743  695.00000   45    2  700.00000  695.00000  0.71%   3.0  720s
 4429801 131017  695.00000   44    2  700.00000  695.00000  0.71%   3.0  725s
 4463552 125960  695.00000   35    2  700.00000  695.00000  0.71%   3.0  730s
 4498160 123996  695.00000   39    2  700.00000  695.00000  0.71%   3.0  735s
 4532008 119022  697.00000   56    1  700.00000  697.00000  0.43%   3.0  740s
 4568534 114030     cutoff   61       700.00000  697.00000  0.43%   3.0  745s
 4603020 108902  697.00000   51    1  700.00000  697.00000  0.43%   3.0  750s
 4640772 106363     cutoff   56       700.00000  697.00000  0.43%   3.0  755s
 4675143 102295  697.00000   52    1  700.00000  697.00000  0.43%   3.0  760s
 4709243 97899  697.00000   49    1  700.00000  697.00000  0.43%   3.0  765s
 4743466 93297  697.00000   46    1  700.00000  697.00000  0.43%   3.0  770s
 4775543 87062  697.00000   52    2  700.00000  697.00000  0.43%   3.0  775s
 4806726 81322  697.00000   44    2  700.00000  697.00000  0.43%   3.0  780s
 4839741 75836 infeasible   54       700.00000  697.00000  0.43%   3.0  785s
 4872806 72091     cutoff   56       700.00000  697.00000  0.43%   3.0  790s
 4902186 70372  697.00000   48    2  700.00000  697.00000  0.43%   3.0  795s
 4931422 68654     cutoff   63       700.00000  697.00000  0.43%   3.0  800s
 4960743 66936  697.00000   71    1  700.00000  697.00000  0.43%   3.0  805s
 4989884 63369  697.00000   50    2  700.00000  697.00000  0.43%   3.0  810s
 5018894 59130     cutoff   54       700.00000  697.00000  0.43%   3.0  815s
 5047708 54897  697.00000   56    2  700.00000  697.00000  0.43%   3.0  820s
 5076755 50579  697.00000   50    2  700.00000  697.00000  0.43%   3.0  825s
 5104619 46627     cutoff   48       700.00000  697.00000  0.43%   3.0  830s
 5132518 42562  697.00000   57    1  700.00000  697.00000  0.43%   3.0  835s
 5163027 39860  697.00000   60    2  700.00000  697.00000  0.43%   3.0  840s
 5193699 38338  697.00000   58    2  700.00000  697.00000  0.43%   3.0  845s
 5224719 36819  697.00000   46    1  700.00000  697.00000  0.43%   3.0  850s
 5250068 27261     cutoff   60       700.00000  698.00000  0.29%   3.0  855s
 5273185 14454     cutoff   63       700.00000  698.00000  0.29%   3.0  860s
 5295072  2118  698.00000   58    1  700.00000  698.00000  0.29%   3.0  865s

Cutting planes:
  Implied bound: 1
  Clique: 2
  MIR: 1
  Flow cover: 2

Explored 5298648 nodes (15696893 simplex iterations) in 865.89 seconds (756.69 work units)
Thread count was 1 (of 96 available processors)

Solution count 2: 700 700 

Optimal solution found (tolerance 1.00e-04)
Best objective 7.000000000000e+02, best bound 7.000000000000e+02, gap 0.0000%
Time: 866.15 sec, Objective: 700.0, Termination: optimal

[GDP] Scheduling Data 7 | Model: General Precedence GDP | Transformation: gdp.hull
Set parameter TokenServer to value "mooring.ecn.purdue.edu"
Read LP format model from file /tmp/tmpoqpp_yhi.pyomo.lp
Reading time = 0.01 seconds
x1827: 3976 rows, 1827 columns, 9101 nonzeros
Set parameter TimeLimit to value 900
Set parameter Threads to value 1
Gurobi Optimizer version 11.0.0 build v11.0.0rc2 (linux64 - "Oracle Linux Server 9.5")

CPU model: AMD EPYC 7643 48-Core Processor, instruction set [SSE2|AVX|AVX2]
Thread count: 48 physical cores, 96 logical processors, using up to 1 threads

Optimize a model with 3976 rows, 1827 columns and 9101 nonzeros
Model fingerprint: 0xbd548f0b
Variable types: 1227 continuous, 600 integer (600 binary)
Coefficient statistics:
  Matrix range     [1e+00, 8e+02]
  Objective range  [1e+00, 1e+00]
  Bounds range     [1e+00, 8e+02]
  RHS range        [1e+00, 8e+02]
Presolve removed 1421 rows and 1050 columns
Presolve time: 0.03s
Presolved: 2555 rows, 777 columns, 7111 nonzeros
Variable types: 526 continuous, 251 integer (251 binary)

Root relaxation: objective 3.240000e+02, 991 iterations, 0.01 seconds (0.01 work units)

    Nodes    |    Current Node    |     Objective Bounds      |     Work
 Expl Unexpl |  Obj  Depth IntInf | Incumbent    BestBd   Gap | It/Node Time

     0     0  324.00000    0  100          -  324.00000      -     -    0s
     0     0  327.63486    0  119          -  327.63486      -     -    0s
     0     0  330.58986    0  115          -  330.58986      -     -    0s
     0     0  330.58986    0  115          -  330.58986      -     -    0s
     0     0  333.72613    0  124          -  333.72613      -     -    0s
     0     0  337.58621    0  112          -  337.58621      -     -    0s
     0     0  337.58621    0  108          -  337.58621      -     -    0s
     0     0  337.58621    0  110          -  337.58621      -     -    0s
     0     0  342.50000    0  110          -  342.50000      -     -    0s
     0     0  342.50000    0  101          -  342.50000      -     -    0s
     0     0  347.00000    0   96          -  347.00000      -     -    0s
     0     0  347.13542    0   94          -  347.13542      -     -    0s
     0     0  347.44079    0   96          -  347.44079      -     -    0s
     0     0  347.50532    0  101          -  347.50532      -     -    0s
     0     0  347.60510    0   99          -  347.60510      -     -    0s
     0     0  347.60510    0   99          -  347.60510      -     -    0s
     0     0  349.20930    0   94          -  349.20930      -     -    0s
     0     0  349.20930    0   93          -  349.20930      -     -    0s
     0     0  349.50000    0  101          -  349.50000      -     -    0s
     0     0  349.51260    0   98          -  349.51260      -     -    0s
     0     0  349.51260    0   92          -  349.51260      -     -    0s
     0     0  349.51260    0   94          -  349.51260      -     -    0s
     0     0  349.51260    0   88          -  349.51260      -     -    0s
     0     0  349.51260    0   82          -  349.51260      -     -    0s
     0     0  349.51260    0   91          -  349.51260      -     -    0s
     0     0  349.51260    0   91          -  349.51260      -     -    0s
     0     0  349.51260    0   94          -  349.51260      -     -    0s
     0     0  349.51260    0   89          -  349.51260      -     -    0s
     0     2  352.00000    0   86          -  352.00000      -     -    0s
  1566   598  435.00000   26   64          -  416.00000      -  31.0    5s
  4391  1941  510.00000   25   46          -  452.00000      -  34.3   10s
  7359  3425 infeasible   37               -  469.00000      -  34.0   15s
 10202  4750  574.00000   45   29          -  476.00000      -  32.1   23s
 11303  5177 infeasible   42               -  479.00000      -  31.7   25s
 15043  6711  500.00000   30   51          -  486.00000      -  30.7   30s
 18838  8353 infeasible   40               -  492.00000      -  29.2   35s
 22338  9432  495.00000   31   40          -  495.00000      -  29.1   40s
 26192 10965 infeasible   47               -  498.00000      -  28.7   45s
 29951 12502  544.00000   35   41          -  501.00000      -  28.5   50s
H33437 13963                     789.0000000  504.00000  36.1%  28.0   54s
H33437 13963                     707.0000000  504.00000  28.7%  28.0   54s
 33536 13999  551.00000   30   31  707.00000  504.00000  28.7%  28.1   55s
H34740 14268                     705.0000000  506.00000  28.2%  28.0   57s
 34908 14284  585.00000   44   39  705.00000  506.00000  28.2%  28.1   60s
*36508 14637              61     700.0000000  507.00000  27.6%  28.1   63s
 37551 14885 infeasible   34       700.00000  507.00000  27.6%  28.0   65s
 40251 15394 infeasible   42       700.00000  508.00000  27.4%  28.0   70s
*41163 15614              71     699.9999999  508.00000  27.4%  28.1   71s
 43387 15917 infeasible   42       700.00000  509.00000  27.3%  28.2   75s
 46329 16238  616.00000   51   20  700.00000  510.00000  27.1%  28.3   80s
 49381 16588  539.00000   31   53  700.00000  511.00000  27.0%  28.4   85s
 52613 16860  513.00000   48   34  700.00000  513.00000  26.7%  28.4   90s
 55399 17223  525.00000   30   43  700.00000  514.00000  26.6%  28.4   95s
 59201 17536  555.00000   43   30  700.00000  517.00000  26.1%  28.2  100s
 62990 17884 infeasible   33       700.00000  518.00000  26.0%  28.1  105s
 66037 17952 infeasible   40       700.00000  520.00000  25.7%  28.1  110s
 69256 18047  671.00000   52    8  700.00000  523.00000  25.3%  28.1  115s
 72824 18131 infeasible   40       700.00000  524.00000  25.1%  28.0  120s
 76157 18180 infeasible   33       700.00000  526.00000  24.9%  27.9  125s
 78765 18126 infeasible   34       700.00000  527.00000  24.7%  28.0  130s
 81429 18123  559.00000   39   33  700.00000  528.00000  24.6%  28.2  135s
 84715 18241  531.00000   38   53  700.00000  531.00000  24.1%  28.1  140s
 87475 18347  558.00000   40   39  700.00000  533.00000  23.9%  28.1  145s
 90887 18899  550.00000   39   37  700.00000  533.00000  23.9%  28.0  150s
 94761 19601 infeasible   39       700.00000  533.00000  23.9%  27.8  155s
 98287 19805  550.00000   37   37  700.00000  535.00000  23.6%  27.7  160s
 101188 19836  537.00000   37   40  700.00000  537.00000  23.3%  27.7  165s
 104188 19627 infeasible   41       700.00000  539.00000  23.0%  27.7  170s
 107472 19835  546.00000   28   57  700.00000  539.00000  23.0%  27.6  175s
 110566 19913 infeasible   47       700.00000  540.00000  22.9%  27.6  180s
 114008 20334 infeasible   58       700.00000  541.00000  22.7%  27.6  185s
 116907 20420 infeasible   30       700.00000  542.00000  22.6%  27.6  190s
 120259 20534  612.00000   43   28  700.00000  543.00000  22.4%  27.6  195s
 123637 20901 infeasible   44       700.00000  543.00000  22.4%  27.5  200s
 126619 21071  566.00000   37   39  700.00000  544.00000  22.3%  27.5  205s
 130128 21199 infeasible   37       700.00000  546.00000  22.0%  27.4  210s
 132766 21111  563.00000   42   36  700.00000  547.00000  21.9%  27.3  215s
 136305 21189  589.00000   38   30  700.00000  549.00000  21.6%  27.2  220s
 139482 21324  632.00000   47   24  700.00000  550.00000  21.4%  27.2  225s
 142882 21300 infeasible   35       700.00000  550.00000  21.4%  27.2  230s
 146006 21935  618.00000   45   40  700.00000  550.00000  21.4%  27.2  235s
 149637 22117 infeasible   38       700.00000  552.00000  21.1%  27.2  240s
 152567 22185  577.00000   38   51  700.00000  552.00000  21.1%  27.1  245s
 155880 22081 infeasible   35       700.00000  554.00000  20.9%  27.1  250s
 158372 21872  634.00000   49   36  700.00000  556.00000  20.6%  27.1  255s
 161439 21891  607.00000   38   39  700.00000  556.00000  20.6%  27.1  260s
 165018 21879  601.00000   42   39  700.00000  558.00000  20.3%  27.0  265s
 168529 22274  560.00000   46   34  700.00000  559.00000  20.1%  27.0  270s
 172074 22582 infeasible   41       700.00000  560.00000  20.0%  26.9  275s
 175194 22486  615.00000   44   33  700.00000  562.00000  19.7%  26.9  280s
 178172 22298 infeasible   49       700.00000  565.00000  19.3%  26.9  285s
 181713 22591  585.00000   39   33  700.00000  566.00000  19.1%  26.9  290s
 184182 22424 infeasible   43       700.00000  566.00000  19.1%  27.0  295s
 187239 22568 infeasible   46       700.00000  567.00000  19.0%  27.0  300s
 190814 23036  656.00000   41   23  700.00000  567.00000  19.0%  26.9  305s
 194559 23425  644.00000   44   19  700.00000  568.00000  18.9%  26.8  310s
 198061 23675 infeasible   39       700.00000  568.00000  18.9%  26.7  315s
 201522 23593 infeasible   34       700.00000  571.00000  18.4%  26.7  320s
 204711 23623  612.00000   37   30  700.00000  574.00000  18.0%  26.6  325s
 207718 23752 infeasible   34       700.00000  575.00000  17.9%  26.6  330s
 211082 24142  583.00000   54   27  700.00000  576.00000  17.7%  26.7  335s
 214424 24116  608.00000   40   32  700.00000  577.00000  17.6%  26.6  340s
 217685 24370  678.00000   60   12  700.00000  577.00000  17.6%  26.6  345s
 221394 25248 infeasible   45       700.00000  577.00000  17.6%  26.6  350s
 225151 25682 infeasible   38       700.00000  578.00000  17.4%  26.5  355s
 228305 25642  624.00000   43   36  700.00000  581.00000  17.0%  26.5  360s
 231957 25956 infeasible   41       700.00000  582.00000  16.9%  26.4  365s
 235963 26486  607.00000   56   26  700.00000  583.00000  16.7%  26.4  370s
 239693 26882 infeasible   47       700.00000  584.00000  16.6%  26.3  375s
 242735 26861 infeasible   43       700.00000  585.00000  16.4%  26.3  380s
 246613 27050  600.00000   40   24  700.00000  587.00000  16.1%  26.2  385s
 249543 27096  653.00000   49   29  700.00000  589.00000  15.9%  26.2  390s
 253291 27726  591.00000   52   35  700.00000  590.00000  15.7%  26.2  395s
 256903 28142 infeasible   42       700.00000  591.00000  15.6%  26.1  400s
 260348 28448  636.00000   43   34  700.00000  593.00000  15.3%  26.1  405s
 263927 28397  687.00000   44   21  700.00000  593.00000  15.3%  26.1  410s
 267674 29080 infeasible   40       700.00000  594.00000  15.1%  26.0  415s
 271089 29112 infeasible   41       700.00000  595.00000  15.0%  25.9  420s
 274921 29351  668.00000   50   15  700.00000  598.00000  14.6%  25.9  425s
 278793 29792  600.00000   41   35  700.00000  600.00000  14.3%  25.8  430s
 283145 30440  617.00000   43   27  700.00000  601.00000  14.1%  25.7  435s
 287177 31639  618.00000   45   46  700.00000  601.00000  14.1%  25.7  440s
 290923 31999 infeasible   48       700.00000  602.00000  14.0%  25.6  445s
 295057 32354 infeasible   40       700.00000  603.00000  13.9%  25.5  450s
 298766 32672  641.00000   42   17  700.00000  605.00000  13.6%  25.5  455s
 303028 33672  608.00000   45   38  700.00000  608.00000  13.1%  25.4  460s
 307486 34922     cutoff   64       700.00000  608.00000  13.1%  25.3  465s
 311571 36141 infeasible   52       700.00000  609.00000  13.0%  25.3  470s
 315332 36606  633.00000   35   29  700.00000  610.00000  12.9%  25.2  475s
 319670 37568  662.00000   43   12  700.00000  611.00000  12.7%  25.2  480s
 323327 37989  661.00000   41   22  700.00000  612.00000  12.6%  25.1  485s
 326537 37846  653.00000   38   22  700.00000  612.00000  12.6%  25.1  490s
 330759 37949  644.00000   43   38  700.00000  614.00000  12.3%  25.0  495s
 334279 38042 infeasible   59       700.00000  617.00000  11.9%  25.0  500s
 338793 38905 infeasible   51       700.00000  617.00000  11.9%  24.9  505s
 343111 39935  690.00000   50    1  700.00000  617.00000  11.9%  24.8  510s
 346792 40613 infeasible   40       700.00000  618.00000  11.7%  24.8  515s
 351202 41765  653.00000   47   26  700.00000  618.00000  11.7%  24.7  520s
 355330 42383  646.00000   42   21  700.00000  619.00000  11.6%  24.7  525s
 359512 43162  636.00000   39   39  700.00000  620.00000  11.4%  24.6  530s
 363466 44254 infeasible   45       700.00000  620.00000  11.4%  24.6  535s
 367236 44238  673.00000   53   19  700.00000  622.00000  11.1%  24.6  540s
 371830 45421 infeasible   37       700.00000  624.00000  10.9%  24.5  545s
 375926 46514  642.00000   43   41  700.00000  624.00000  10.9%  24.5  550s
 380342 47527  643.00000   24   37  700.00000  626.00000  10.6%  24.4  555s
 384438 48184 infeasible   54       700.00000  627.00000  10.4%  24.3  560s
 388096 48312 infeasible   51       700.00000  628.00000  10.3%  24.3  565s
 392288 48398 infeasible   50       700.00000  629.00000  10.1%  24.3  570s
 396451 48728  664.00000   30   23  700.00000  631.00000  9.86%  24.2  575s
 400710 49256  685.00000   47   18  700.00000  634.00000  9.43%  24.1  580s
 404787 50006  669.00000   51   17  700.00000  636.00000  9.14%  24.1  585s
 408763 50688 infeasible   51       700.00000  636.00000  9.14%  24.1  590s
 413311 51254  636.00000   43   13  700.00000  636.00000  9.14%  24.0  595s
 417974 52115  664.00000   39   10  700.00000  636.00000  9.14%  23.9  600s
 422556 52999  636.00000   42   22  700.00000  636.00000  9.14%  23.9  605s
 426350 53119  681.00000   47    7  700.00000  638.00000  8.86%  23.9  610s
 430623 53828  665.00000   52   23  700.00000  638.00000  8.86%  23.8  615s
 434459 54083  641.00000   36   23  700.00000  641.00000  8.43%  23.8  620s
 439054 55195     cutoff   57       700.00000  642.00000  8.29%  23.7  625s
 444007 56354     cutoff   54       700.00000  643.00000  8.14%  23.6  630s
 449005 57178 infeasible   50       700.00000  643.00000  8.14%  23.6  635s
 453092 57814  671.00000   50   12  700.00000  644.00000  8.00%  23.5  640s
 458295 58811  656.00000   46   20  700.00000  645.00000  7.86%  23.4  645s
 462312 58883  646.00000   42   16  700.00000  646.00000  7.71%  23.4  650s
 466872 59118  681.00000   31   23  700.00000  646.00000  7.71%  23.3  655s
 471022 59252  662.00000   40   10  700.00000  646.00000  7.71%  23.3  660s
 475966 59633  657.00000   49   18  700.00000  647.00000  7.57%  23.2  665s
 480626 59839  697.00000   60    1  700.00000  652.00000  6.86%  23.1  670s
 484386 60553 infeasible   39       700.00000  652.00000  6.86%  23.1  675s
 489375 61208  678.00000   52    2  700.00000  652.00000  6.86%  23.0  680s
 494393 61986  662.00000   40   11  700.00000  652.00000  6.86%  22.9  685s
 499455 63047 infeasible   65       700.00000  652.00000  6.86%  22.9  690s
 504633 63980  690.00000   61    3  700.00000  652.00000  6.86%  22.8  695s
 509784 65070 infeasible   35       700.00000  652.00000  6.86%  22.7  700s
 515058 66354  668.00000   54    6  700.00000  652.00000  6.86%  22.6  705s
 519735 67309  662.00000   51    9  700.00000  652.00000  6.86%  22.5  710s
 525107 68527  678.00000   55    4  700.00000  652.00000  6.86%  22.5  715s
 529631 69391  690.00000   44    3  700.00000  652.00000  6.86%  22.4  720s
 534089 70359 infeasible   61       700.00000  652.00000  6.86%  22.4  725s
 539099 71453  662.00000   45   14  700.00000  652.00000  6.86%  22.3  730s
 543821 72413  652.00000   44   23  700.00000  652.00000  6.86%  22.3  735s
 548861 73748  672.00000   53   11  700.00000  652.00000  6.86%  22.2  740s
 553464 74768  698.00000   56    1  700.00000  652.00000  6.86%  22.1  745s
 558362 75794 infeasible   33       700.00000  652.00000  6.86%  22.1  750s
 563298 76853 infeasible   55       700.00000  652.00000  6.86%  22.0  755s
 568409 77821 infeasible   61       700.00000  653.00000  6.71%  22.0  760s
 573433 79151  685.00000   49   10  700.00000  653.00000  6.71%  21.9  765s
 578837 80328  685.00000   43   13  700.00000  653.00000  6.71%  21.8  770s
 584045 81265     cutoff   59       700.00000  653.00000  6.71%  21.8  775s
 588957 82475 infeasible   59       700.00000  653.00000  6.71%  21.7  780s
 593070 83337  653.00000   39   24  700.00000  653.00000  6.71%  21.7  785s
 597680 84106 infeasible   41       700.00000  654.00000  6.57%  21.7  790s
 604956 85268  671.00000   39   17  700.00000  654.00000  6.57%  21.5  795s
 610169 86456  671.00000   54    7  700.00000  655.00000  6.43%  21.5  800s
 615975 87937  697.00000   59    1  700.00000  655.00000  6.43%  21.4  805s
 620813 89380 infeasible   54       700.00000  655.00000  6.43%  21.4  810s
 625737 90613 infeasible   52       700.00000  655.00000  6.43%  21.3  815s
 630850 91958  655.00000   45   19  700.00000  655.00000  6.43%  21.3  820s
 636034 93458  687.00000   66    5  700.00000  655.00000  6.43%  21.2  825s
*637987 93800              43     699.9999999  656.00000  6.29%  21.2  826s
 640436 93355  689.00000   46   17  700.00000  656.00000  6.29%  21.2  830s
 645908 93895     cutoff   55       700.00000  657.00000  6.14%  21.1  835s
 652566 94980  671.00000   48   18  700.00000  658.00000  6.00%  21.0  840s
 658205 96542  685.00000   55   12  700.00000  659.00000  5.86%  20.9  845s
 664061 98562  685.00000   65    6  700.00000  659.00000  5.86%  20.9  850s
 669698 100378  679.00000   42    7  700.00000  659.00000  5.86%  20.8  855s
 674938 101804  669.00000   45   10  700.00000  659.00000  5.86%  20.8  860s
 680777 103456  669.00000   44   17  700.00000  659.00000  5.86%  20.7  865s
 686081 104811  685.00000   58    5  700.00000  659.00000  5.86%  20.7  870s
 691139 106160 infeasible   56       700.00000  659.00000  5.86%  20.6  875s
 695904 107560 infeasible   48       700.00000  659.00000  5.86%  20.6  880s
 701245 109089 infeasible   54       700.00000  659.00000  5.86%  20.5  885s
 706223 110279  685.00000   55    3  700.00000  659.00000  5.86%  20.5  890s
 711027 111551  659.00000   46   14  700.00000  659.00000  5.86%  20.5  895s

Cutting planes:
  Learned: 3
  Gomory: 2
  Cover: 2
  Implied bound: 1
  MIR: 14
  Flow cover: 15
  Relax-and-lift: 6

Explored 716172 nodes (14665448 simplex iterations) in 900.00 seconds (853.37 work units)
Thread count was 1 (of 96 available processors)

Solution count 5: 700 700 700 ... 707

Time limit reached
Best objective 6.999999998598e+02, best bound 6.590000000000e+02, gap 5.8571%
WARNING: Loading a SolverResults object with an 'aborted' status, but
    containing a solution
Time: 900.43 sec, Objective: 699.9999998597992, Termination: maxTimeLimit

[GDP] Scheduling Data 7 | Model: Time Slots GDP | Transformation: gdp.bigm
Set parameter TokenServer to value "mooring.ecn.purdue.edu"
Read LP format model from file /tmp/tmpfjembyba.pyomo.lp
Reading time = 0.00 seconds
x852: 2251 rows, 852 columns, 10501 nonzeros
Set parameter TimeLimit to value 900
Set parameter Threads to value 1
Gurobi Optimizer version 11.0.0 build v11.0.0rc2 (linux64 - "Oracle Linux Server 9.5")

CPU model: AMD EPYC 7643 48-Core Processor, instruction set [SSE2|AVX|AVX2]
Thread count: 48 physical cores, 96 logical processors, using up to 1 threads

Optimize a model with 2251 rows, 852 columns and 10501 nonzeros
Model fingerprint: 0xefeceb6f
Variable types: 27 continuous, 825 integer (825 binary)
Coefficient statistics:
  Matrix range     [1e+00, 1e+06]
  Objective range  [1e+00, 1e+00]
  Bounds range     [1e+00, 1e+06]
  RHS range        [1e+00, 1e+06]
Presolve removed 1526 rows and 201 columns
Presolve time: 0.02s
Presolved: 725 rows, 651 columns, 4284 nonzeros
Variable types: 0 continuous, 651 integer (625 binary)

Root relaxation: objective 4.600000e+01, 211 iterations, 0.00 seconds (0.00 work units)

    Nodes    |    Current Node    |     Objective Bounds      |     Work
 Expl Unexpl |  Obj  Depth IntInf | Incumbent    BestBd   Gap | It/Node Time

     0     0   46.00000    0   13          -   46.00000      -     -    0s
     0     0   46.00000    0   39          -   46.00000      -     -    0s
     0     0   46.09091    0   34          -   46.09091      -     -    0s
     0     0   47.62756    0   43          -   47.62756      -     -    0s
     0     0   47.62756    0   47          -   47.62756      -     -    0s
     0     0   47.62756    0   58          -   47.62756      -     -    0s
     0     0   47.62756    0   55          -   47.62756      -     -    0s
     0     0   47.62756    0   55          -   47.62756      -     -    0s
     0     0   47.62756    0   57          -   47.62756      -     -    0s
     0     0   47.62756    0   67          -   47.62756      -     -    0s
     0     0   47.62756    0   56          -   47.62756      -     -    0s
     0     0   47.62756    0   60          -   47.62756      -     -    0s
     0     0   47.62756    0   71          -   47.62756      -     -    0s
     0     0   47.62756    0   73          -   47.62756      -     -    0s
     0     0   47.62756    0   66          -   47.62756      -     -    0s
     0     0   47.62756    0   69          -   47.62756      -     -    0s
     0     0   47.62756    0   69          -   47.62756      -     -    0s
     0     0   47.62756    0   72          -   47.62756      -     -    0s
     0     0   47.62756    0   65          -   47.62756      -     -    0s
     0     0   47.66118    0   67          -   47.66118      -     -    0s
     0     0   47.66590    0   67          -   47.66590      -     -    0s
     0     0   47.70112    0   67          -   47.70112      -     -    0s
     0     0   47.95481    0   50          -   47.95481      -     -    0s
     0     0   48.08840    0   56          -   48.08840      -     -    0s
     0     0   48.10028    0   60          -   48.10028      -     -    0s
     0     0   48.12691    0   49          -   48.12691      -     -    0s
     0     0   48.16781    0   51          -   48.16781      -     -    0s
     0     0   48.18197    0   52          -   48.18197      -     -    0s
     0     0   48.18614    0   56          -   48.18614      -     -    0s
     0     0   48.23575    0   59          -   48.23575      -     -    0s
     0     0   48.81089    0   59          -   48.81089      -     -    0s
     0     0   49.01023    0   56          -   49.01023      -     -    0s
     0     0   49.03640    0   53          -   49.03640      -     -    0s
     0     0   49.03640    0   68          -   49.03640      -     -    0s
     0     0   49.03721    0   52          -   49.03721      -     -    0s
     0     0   49.10202    0   66          -   49.10202      -     -    0s
     0     0   49.10342    0   56          -   49.10342      -     -    0s
     0     0   49.10342    0   56          -   49.10342      -     -    0s
     0     0   49.10342    0   56          -   49.10342      -     -    0s
     0     0   49.19971    0   63          -   49.19971      -     -    0s
     0     0   49.19971    0   63          -   49.19971      -     -    0s
     0     0   60.64656    0   40          -   60.64656      -     -    0s
     0     0   60.67647    0   56          -   60.67647      -     -    0s
     0     0   60.76828    0   44          -   60.76828      -     -    0s
     0     0   60.78229    0   45          -   60.78229      -     -    0s
     0     0   60.78229    0   58          -   60.78229      -     -    0s
     0     0   60.78229    0   63          -   60.78229      -     -    0s
     0     0   60.78229    0   22          -   60.78229      -     -    0s
     0     0   60.78229    0   38          -   60.78229      -     -    0s
     0     0   60.78229    0   24          -   60.78229      -     -    0s
     0     0   60.84340    0   18          -   60.84340      -     -    0s
     0     2   64.27342    0   18          -   64.27342      -     -    0s
  3595  2173  315.00000  104   33          -  171.00000      -  17.4    5s
 10183  7248  350.00000   57   18          -  171.00000      -  16.1   10s
 10323  7311 infeasible   75               -  229.00000      -  16.7   15s
 13822  8782  256.00000   43   47          -  229.00000      -  17.6   20s
 20012 11277  311.00000  104   34          -  230.00000      -  17.3   25s
 28034 14663 infeasible   76               -  230.00000      -  16.3   30s
 34808 18368  333.04567   70   55          -  231.00000      -  16.2   35s
 41142 23155  302.00000   63   26          -  231.00000      -  16.2   40s
 49110 29330  319.00000   45   39          -  233.00000      -  15.9   45s
 55567 34323  239.00000   56   44          -  233.00000      -  16.0   50s
 62682 39810  390.00000   92   33          -  234.00000      -  16.0   55s
 70206 45581  331.00000   71   60          -  235.00000      -  15.9   60s
 75891 49641  372.00000   84   36          -  236.00000      -  16.1   65s
 81527 53718  408.00000   97   23          -  237.00000      -  16.2   70s
 88288 58590  368.00000  104   35          -  238.00000      -  16.3   75s
 95656 64094  404.00000   67   31          -  239.00000      -  16.3   80s
 101559 68291 infeasible  105               -  239.00000      -  16.4   85s
 108683 73294  360.00000   44   39          -  240.00000      -  16.4   90s
 115982 78924  339.00000  130   27          -  241.00000      -  16.3   95s
 122661 83792 infeasible   72               -  241.00000      -  16.3  100s
 129265 88543 infeasible  116               -  242.00000      -  16.2  105s
 136250 93519  351.00000   86   40          -  242.00000      -  16.3  110s
 142322 97915  330.83673   65   39          -  242.00000      -  16.3  115s
 149045 102702 infeasible   63               -  242.00000      -  16.4  120s
 155752 107713  370.00000   89   45          -  243.00000      -  16.3  125s
 163388 113407  318.00000   50   33          -  243.00000      -  16.3  130s
 170696 118954  294.00000   71   36          -  244.00000      -  16.2  135s
 177532 124014 infeasible   49               -  244.00000      -  16.2  140s
 185576 130094  385.00000   74   28          -  244.00000      -  16.1  145s
 192405 135388  452.00000   54   38          -  244.00000      -  16.1  150s
 200340 141401  253.00000   60   48          -  244.00000      -  16.0  155s
 207685 146857  423.00000   98   47          -  245.00000      -  16.0  160s
 215580 152796 infeasible  151               -  245.00000      -  15.9  165s
 222988 158315  340.00000   68   42          -  246.00000      -  15.9  170s
 229626 163367  414.00000  128   24          -  246.00000      -  15.9  175s
 237592 169237 infeasible  101               -  247.00000      -  15.9  180s
 244219 173859  380.00000   79   36          -  247.00000      -  15.9  185s
 250698 178385  343.00000   48   35          -  247.00000      -  15.9  190s
 256948 183099  273.13880   58   39          -  248.00000      -  15.9  195s
 265213 189330  298.00000   60   35          -  248.00000      -  15.8  200s
 272227 194464  274.00000   66   53          -  249.00000      -  15.9  205s
 279609 199877  254.00000   77   34          -  249.00000      -  15.9  210s
 285941 204294  420.00000  130   35          -  249.00000      -  16.0  215s
 291549 208338  288.00000   86   61          -  249.00000      -  16.0  220s
 299280 213906  411.00000   97   21          -  249.00000      -  16.0  225s
 306060 218879  359.00000  104   34          -  249.00000      -  16.1  230s
 313692 224932 infeasible  102               -  249.00000      -  16.0  235s
 321138 230471  330.00000   66   46          -  249.00000      -  16.1  240s
 327184 234924  368.00000  104   34          -  249.00000      -  16.1  245s
 334611 240619  285.00000   57   35          -  250.00000      -  16.1  250s
 342191 246465  396.00000   54   41          -  250.00000      -  16.1  255s
 350083 252109  264.00000   68   44          -  250.00000      -  16.1  260s
 356020 256402  373.00000  124   34          -  250.00000      -  16.1  265s
 363089 261433 infeasible   90               -  250.00000      -  16.2  270s
 368943 265546  255.00000   57   44          -  250.00000      -  16.2  275s
 376437 270996  316.42931   91   53          -  250.00000      -  16.2  280s
 384134 276681  288.00000   66   44          -  250.00000      -  16.2  285s
 391139 281822  419.00000   60   30          -  251.00000      -  16.3  290s
 398438 287362  373.00000  117   27          -  251.00000      -  16.3  295s
 406312 293229  404.00000   85   33          -  251.00000      -  16.2  300s
 413222 298285  444.00000  138   29          -  251.00000      -  16.2  305s
 420573 303816  414.00000  128   24          -  251.00000      -  16.3  310s
 427152 308714  327.00000   93   39          -  251.00000      -  16.3  315s
 433585 313190  385.00000   79   33          -  251.00000      -  16.3  320s
 440664 318585  424.00000   78   33          -  252.00000      -  16.3  325s
 449027 325030  390.00000  108   30          -  252.00000      -  16.3  330s
 457405 331557  328.00000   81   43          -  252.00000      -  16.3  335s
 464191 336435  400.00000  119   34          -  252.00000      -  16.3  340s
 470602 340781  293.00000   66   36          -  252.00000      -  16.3  345s
 477303 345718  304.00000   75   44          -  252.00000      -  16.3  350s
 484565 351080  347.00000   68   38          -  252.00000      -  16.3  355s
 491591 356156  361.00000   93   28          -  252.00000      -  16.3  360s
 498932 361227  280.00000   86   51          -  252.00000      -  16.3  365s
 505345 365964  330.00000   97   40          -  253.00000      -  16.4  370s
 511746 370669  313.00000   84   45          -  253.00000      -  16.4  375s
 519392 375958  364.00000  127   32          -  253.00000      -  16.4  380s
 527410 382060  273.62016   55   43          -  253.00000      -  16.4  385s
 534735 387465  425.00000   89   23          -  253.00000      -  16.4  390s
 540834 391811 infeasible  125               -  253.00000      -  16.4  395s
 548513 397213  396.00000  117   27          -  253.00000      -  16.4  400s
 555525 402371  442.00000  114   47          -  253.00000      -  16.4  405s
 561832 407098  417.00000  140   32          -  253.00000      -  16.4  410s
 569168 412518  361.00000   77   40          -  253.00000      -  16.4  415s
 576568 417936  345.09881   85   53          -  253.00000      -  16.4  420s
 584506 423968 infeasible  137               -  253.00000      -  16.4  425s
 590761 428319  341.00000   92   36          -  253.00000      -  16.4  430s
 597588 433197  253.00000   67   45          -  253.00000      -  16.4  435s
 603580 437360  441.00000  114   23          -  253.00000      -  16.4  440s
 610717 442835  409.00000  103   38          -  253.00000      -  16.4  445s
 618965 449178 infeasible  190               -  253.00000      -  16.3  450s
 627193 455203  377.00000   90   35          -  253.00000      -  16.3  455s
 633327 459628  422.00000   97   40          -  253.00000      -  16.3  460s
 640753 464997  321.00000   99   54          -  253.00000      -  16.3  465s
 646461 468887  324.00000   64   32          -  253.00000      -  16.3  470s
 652928 473221  443.00000  107   31          -  253.00000      -  16.3  475s
 660314 478442  253.00000   65   32          -  253.00000      -  16.3  480s
 666947 483144 infeasible  132               -  253.00000      -  16.3  485s
 674090 488073  386.00000  114   33          -  253.00000      -  16.3  490s
 681081 492489 infeasible  125               -  253.00000      -  16.3  495s
 688443 497578  290.00000   88   24          -  253.00000      -  16.2  500s
 695783 502861  387.00000   59   35          -  254.00000      -  16.2  505s
 702968 508419  422.00000   92   19          -  254.00000      -  16.2  510s
 709916 513771  330.00000   90   39          -  254.00000      -  16.2  515s
 716995 518926  378.00000  100   41          -  254.00000      -  16.2  520s
 724342 524677  310.00000   69   36          -  254.00000      -  16.2  525s
 731949 530575  385.00000  151   36          -  254.00000      -  16.2  530s
 738009 535076  316.00000   74   35          -  254.00000      -  16.1  535s
 744737 539842  313.00000   72   38          -  254.00000      -  16.2  540s
 750324 543483 infeasible   94               -  254.00000      -  16.2  545s
 758255 549350  388.00000  109   33          -  254.00000      -  16.1  550s
 764767 554146  388.00000  133   38          -  254.00000      -  16.1  555s
 772178 559535  258.00000   77   38          -  254.00000      -  16.1  560s
 778977 564325  328.00000  123   39          -  254.00000      -  16.1  565s
 785071 568656  465.00000   97   38          -  254.00000      -  16.1  570s
 792563 574164 infeasible  103               -  254.00000      -  16.1  575s
 800213 579990  393.00000   98   30          -  254.00000      -  16.1  580s
 806928 584880 infeasible   93               -  254.00000      -  16.1  585s
 814756 590725 infeasible   85               -  254.00000      -  16.1  590s
 821369 595605  417.00000   60   32          -  254.00000      -  16.1  595s
 826926 599322 infeasible  131               -  254.00000      -  16.1  600s
 833585 603898 infeasible   50               -  254.00000      -  16.1  605s
 839879 608264  359.00000  117   40          -  254.00000      -  16.1  610s
 846766 612898  355.00000   98   41          -  254.00000      -  16.1  615s
 853761 617786 infeasible  104               -  254.00000      -  16.1  620s
 861203 623164  396.00000  122   25          -  254.00000      -  16.1  625s
 867227 627158  403.00000   84   31          -  254.00000      -  16.1  630s
 873805 631478  310.00000   89   38          -  254.00000      -  16.1  635s
 880453 636328  333.00000  111   40          -  254.00000      -  16.1  640s
 886740 640910  421.00000   86   39          -  254.00000      -  16.1  645s
 893340 646038  404.00000   98   43          -  254.00000      -  16.1  650s
 900598 651274  343.00000  100   29          -  254.75556      -  16.1  655s
 907646 656477  399.00000  103   33          -  255.00000      -  16.1  660s
 914514 661626  255.00000   70   59          -  255.00000      -  16.0  665s
 920952 666217 infeasible   81               -  255.00000      -  16.0  670s
 928527 672012  321.00000   92   38          -  255.00000      -  16.0  675s
 935226 677015  353.00000   78   35          -  255.00000      -  16.0  680s
 942746 682215  322.00000   86   38          -  255.00000      -  16.0  685s
 949832 687163  302.00000   51   47          -  255.00000      -  16.0  690s
 956516 692184  440.00000  121   35          -  255.00000      -  16.0  695s
 964089 697749  313.00000   99   45          -  255.00000      -  16.0  700s
 970763 702493  322.00000   78   32          -  255.00000      -  16.0  705s
 976901 706706  276.00000   76   41          -  255.00000      -  16.0  710s
 983213 711137  380.00000  131   34          -  255.00000      -  16.0  715s
 990573 716243  338.00000   99   31          -  255.00000      -  16.0  720s
 998075 721723  269.00000   84   31          -  255.00000      -  16.0  725s
 1005083 727020 infeasible  105               -  255.11471      -  16.0  730s
 1011427 731707  295.00000   85   40          -  256.00000      -  16.0  735s
 1019212 737561  359.00000   83   36          -  256.00000      -  16.0  740s
 1026463 742842  463.00000  148   38          -  256.00000      -  16.0  745s
 1033818 748148  380.00000   66   37          -  256.00000      -  16.0  750s
 1040610 753090  350.00000  102   35          -  256.00000      -  16.0  755s
 1046457 757235  301.00000   70   46          -  256.00000      -  16.0  760s
 1053363 762109  350.00000   87   43          -  256.00000      -  16.0  765s
 1060473 767142  389.00000  116   32          -  256.00000      -  16.0  770s
 1066109 771118  390.00000   90   27          -  256.00000      -  16.0  775s
 1073455 776322  355.00000  112   30          -  256.00000      -  16.0  780s
 1079733 780894 infeasible   82               -  256.00000      -  16.0  785s
 1086930 786201  323.00000   60   37          -  256.99509      -  16.0  790s
 1093192 790668 infeasible  119               -  257.00000      -  16.0  795s
 1100445 795995  323.00000   94   45          -  257.00000      -  16.0  800s
 1107368 801162  300.00000   84   31          -  257.00000      -  16.0  805s
 1114318 806161  404.00000  122   39          -  257.00000      -  16.0  810s
 1120853 810837  350.00000  117   38          -  257.00000      -  16.0  815s
 1126252 813738  293.00000   67   45          -  257.00000      -  16.0  820s
 1133105 818838 infeasible   83               -  257.00000      -  16.0  825s
 1140204 824140  417.00000   60   29          -  257.00000      -  16.0  830s
 1146814 828928  318.00000   75   38          -  257.00000      -  16.0  835s
 1153048 833292  307.00000   66   26          -  257.00000      -  16.0  840s
 1159966 838100 infeasible  145               -  257.00000      -  16.0  845s
 1166719 842987  400.00000   81   39          -  257.00000      -  16.0  850s
 1174806 848971 infeasible  173               -  257.00000      -  16.0  855s
 1181030 853113  345.00000   92   39          -  257.00000      -  16.0  860s
 1187224 857450  316.00000  101   35          -  257.00000      -  16.0  865s
 1193490 861622  282.08568   90   58          -  257.00000      -  16.0  870s
 1199807 866120  299.00000   73   53          -  258.00000      -  16.0  875s
 1205770 870460  258.00000   57   47          -  258.00000      -  16.1  880s
 1213382 876149  273.00000   57   42          -  258.00000      -  16.1  885s
 1219249 880232 infeasible  109               -  258.00000      -  16.1  890s
 1227057 885992  326.00000  118   48          -  258.00000      -  16.1  895s

Cutting planes:
  Learned: 37
  Gomory: 9
  Implied bound: 10
  Projected implied bound: 8
  MIR: 3
  Flow cover: 16
  GUB cover: 1
  Zero half: 1
  Relax-and-lift: 2

Explored 1233441 nodes (19827010 simplex iterations) in 900.00 seconds (1266.47 work units)
Thread count was 1 (of 96 available processors)

Solution count 0

Time limit reached
Best objective -, best bound 2.580000000000e+02, gap -
Solver exception for Scheduling Data 7 | Model: Time Slots GDP | Transformation: gdp.bigm: Cannot load a SolverResults object with bad status: aborted

[GDP] Scheduling Data 7 | Model: Time Slots GDP | Transformation: gdp.hull
Set parameter TokenServer to value "mooring.ecn.purdue.edu"
Read LP format model from file /tmp/tmpyhkfncbi.pyomo.lp
Reading time = 0.02 seconds
x7102: 11026 rows, 7102 columns, 30501 nonzeros
Set parameter TimeLimit to value 900
Set parameter Threads to value 1
Gurobi Optimizer version 11.0.0 build v11.0.0rc2 (linux64 - "Oracle Linux Server 9.5")

CPU model: AMD EPYC 7643 48-Core Processor, instruction set [SSE2|AVX|AVX2]
Thread count: 48 physical cores, 96 logical processors, using up to 1 threads

Optimize a model with 11026 rows, 7102 columns and 30501 nonzeros
Model fingerprint: 0xdaafde32
Variable types: 6277 continuous, 825 integer (825 binary)
Coefficient statistics:
  Matrix range     [1e+00, 1e+06]
  Objective range  [1e+00, 1e+00]
  Bounds range     [1e+00, 1e+06]
  RHS range        [1e+00, 1e+00]
Presolve removed 8479 rows and 5251 columns
Presolve time: 0.03s
Presolved: 2547 rows, 1851 columns, 8020 nonzeros
Variable types: 1226 continuous, 625 integer (625 binary)

Root relaxation: objective 7.000000e+02, 5063 iterations, 0.21 seconds (0.31 work units)

    Nodes    |    Current Node    |     Objective Bounds      |     Work
 Expl Unexpl |  Obj  Depth IntInf | Incumbent    BestBd   Gap | It/Node Time

     0     0  700.00000    0   33          -  700.00000      -     -    0s
     0     0  700.00000    0   63          -  700.00000      -     -    0s
     0     0  700.00000    0   32          -  700.00000      -     -    0s
     0     0  700.00000    0   32          -  700.00000      -     -    0s
     0     0  700.00000    0   24          -  700.00000      -     -    0s
     0     0  700.00000    0   40          -  700.00000      -     -    0s
     0     0  700.00000    0   26          -  700.00000      -     -    0s
     0     0  700.00000    0   16          -  700.00000      -     -    0s
     0     0  700.00000    0   20          -  700.00000      -     -    0s
     0     0  700.00000    0   25          -  700.00000      -     -    0s
     0     0  700.00000    0   25          -  700.00000      -     -    0s
     0     0  700.00000    0   31          -  700.00000      -     -    0s
     0     0  700.00000    0   31          -  700.00000      -     -    0s
     0     0  700.00000    0   18          -  700.00000      -     -    0s
     0     0  700.00000    0   18          -  700.00000      -     -    0s
     0     2  700.00000    0   18          -  700.00000      -     -    1s
*   57     2              44     700.0000000  700.00000  0.00%  69.6    1s

Cutting planes:
  Cover: 1
  MIR: 10
  Flow cover: 10
  Relax-and-lift: 1

Explored 58 nodes (18655 simplex iterations) in 1.56 seconds (2.18 work units)
Thread count was 1 (of 96 available processors)

Solution count 1: 700 

Optimal solution found (tolerance 1.00e-04)
Best objective 7.000000000000e+02, best bound 7.000000000000e+02, gap 0.0000%
Time: 2.10 sec, Objective: 700.0, Termination: optimal

[GDP] Scheduling Data 8 | Model: General Precedence GDP | Transformation: gdp.bigm
Set parameter TokenServer to value "mooring.ecn.purdue.edu"
Read LP format model from file /tmp/tmpj2ww8zzl.pyomo.lp
Reading time = 0.00 seconds
x627: 976 rows, 627 columns, 2501 nonzeros
Set parameter TimeLimit to value 900
Set parameter Threads to value 1
Gurobi Optimizer version 11.0.0 build v11.0.0rc2 (linux64 - "Oracle Linux Server 9.5")

CPU model: AMD EPYC 7643 48-Core Processor, instruction set [SSE2|AVX|AVX2]
Thread count: 48 physical cores, 96 logical processors, using up to 1 threads

Optimize a model with 976 rows, 627 columns and 2501 nonzeros
Model fingerprint: 0xe67dd96e
Variable types: 27 continuous, 600 integer (600 binary)
Coefficient statistics:
  Matrix range     [1e+00, 9e+02]
  Objective range  [1e+00, 1e+00]
  Bounds range     [1e+00, 1e+03]
  RHS range        [1e+00, 9e+02]
Presolve removed 560 rows and 426 columns
Presolve time: 0.01s
Presolved: 416 rows, 201 columns, 1190 nonzeros
Variable types: 26 continuous, 175 integer (175 binary)

Root relaxation: objective 5.210000e+02, 110 iterations, 0.00 seconds (0.00 work units)

    Nodes    |    Current Node    |     Objective Bounds      |     Work
 Expl Unexpl |  Obj  Depth IntInf | Incumbent    BestBd   Gap | It/Node Time

     0     0  521.00000    0   21          -  521.00000      -     -    0s
     0     0  521.00000    0   35          -  521.00000      -     -    0s
     0     0  521.00000    0   27          -  521.00000      -     -    0s
     0     0  521.00000    0   27          -  521.00000      -     -    0s
     0     0  521.18094    0   31          -  521.18094      -     -    0s
     0     0  522.45814    0   32          -  522.45814      -     -    0s
     0     0  524.15880    0   29          -  524.15880      -     -    0s
     0     0  526.44278    0   40          -  526.44278      -     -    0s
     0     0  527.04340    0   32          -  527.04340      -     -    0s
     0     0  527.04340    0   37          -  527.04340      -     -    0s
     0     0  528.17156    0   39          -  528.17156      -     -    0s
     0     0  528.17156    0   36          -  528.17156      -     -    0s
     0     0  531.60000    0   42          -  531.60000      -     -    0s
     0     0  531.62832    0   39          -  531.62832      -     -    0s
     0     0  531.63600    0   39          -  531.63600      -     -    0s
     0     0  531.63600    0   37          -  531.63600      -     -    0s
     0     0  531.73426    0   35          -  531.73426      -     -    0s
     0     0  531.79938    0   31          -  531.79938      -     -    0s
     0     0  532.31864    0   35          -  532.31864      -     -    0s
     0     0  532.71218    0   34          -  532.71218      -     -    0s
     0     0  532.71218    0   35          -  532.71218      -     -    0s
     0     0  532.71218    0   37          -  532.71218      -     -    0s
     0     0  532.96293    0   37          -  532.96293      -     -    0s
     0     0  532.96293    0   36          -  532.96293      -     -    0s
     0     0  532.96293    0   34          -  532.96293      -     -    0s
     0     0  532.96293    0   34          -  532.96293      -     -    0s
     0     0  533.67816    0   35          -  533.67816      -     -    0s
     0     0  533.67816    0   35          -  533.67816      -     -    0s
     0     0  534.36182    0   29          -  534.36182      -     -    0s
     0     0  534.37894    0   33          -  534.37894      -     -    0s
     0     0  534.37894    0   33          -  534.37894      -     -    0s
     0     0  536.96486    0   41          -  536.96486      -     -    0s
     0     0  537.54500    0   40          -  537.54500      -     -    0s
     0     0  538.68608    0   42          -  538.68608      -     -    0s
     0     0  538.68608    0   44          -  538.68608      -     -    0s
     0     0  545.00000    0   41          -  545.00000      -     -    0s
     0     0  545.00000    0   34          -  545.00000      -     -    0s
     0     0  545.00000    0   43          -  545.00000      -     -    0s
     0     0  545.01749    0   36          -  545.01749      -     -    0s
     0     0  545.05958    0   39          -  545.05958      -     -    0s
     0     0  545.05958    0   38          -  545.05958      -     -    0s
     0     0  545.12268    0   32          -  545.12268      -     -    0s
     0     0  545.13243    0   32          -  545.13243      -     -    0s
     0     0  545.13243    0   33          -  545.13243      -     -    0s
     0     0  545.13243    0   34          -  545.13243      -     -    0s
     0     0  545.13361    0   48          -  545.13361      -     -    0s
     0     0  545.13428    0   40          -  545.13428      -     -    0s
     0     0  545.13428    0   30          -  545.13428      -     -    0s
H    0     0                     778.0000000  545.13428  29.9%     -    0s
     0     2  545.21385    0   20  778.00000  545.21385  29.9%     -    0s
H  244   141                     771.9999999  548.00000  29.0%   8.8    0s
H  348   179                     771.9999998  552.00000  28.5%   8.6    0s
 10230  3676  660.00000   33   20  772.00000  646.00000  16.3%   5.8    5s
H10287  3526                     771.9999997  646.00000  16.3%   5.8    7s
 10535  3609  664.00000   30   10  772.00000  646.00000  16.3%   9.6   10s
 19267  3246  661.00000   30   14  772.00000  661.00000  14.4%  10.0   15s
 40652  8354 infeasible   43       772.00000  680.00000  11.9%   7.8   20s
 63174 14045  731.00000   39    5  772.00000  686.00000  11.1%   7.1   25s
 85040 19060 infeasible   47       772.00000  691.00000  10.5%   6.8   30s
 105326 23385  725.00000   39    6  772.00000  694.00000  10.1%   6.7   35s
 126716 29183  735.00000   37    7  772.00000  695.00000  10.0%   6.6   40s
 149053 34835 infeasible   42       772.00000  697.00000  9.72%   6.4   45s
 177255 41536     cutoff   52       772.00000  698.00000  9.59%   6.2   50s
 206085 48275  721.00000   46    4  772.00000  700.00000  9.33%   5.9   55s
 230481 52917  757.00000   48    2  772.00000  703.00000  8.94%   5.9   60s
 255956 59094 infeasible   48       772.00000  704.00000  8.81%   5.8   65s
 283106 64999  730.00000   45    5  772.00000  706.00000  8.55%   5.8   70s
 307621 70324     cutoff   38       772.00000  706.00000  8.55%   5.8   75s
 334777 76444  757.00000   52    3  772.00000  707.00000  8.42%   5.7   80s
 360385 82156  741.00000   39    9  772.00000  707.00000  8.42%   5.6   85s
 385011 87786     cutoff   57       772.00000  708.00000  8.29%   5.5   90s
 410210 93955  757.00000   51    2  772.00000  709.00000  8.16%   5.5   95s
 435503 99506  751.00000   56    3  772.00000  709.00000  8.16%   5.5  100s
 461564 105206  761.00000   48    4  772.00000  710.00000  8.03%   5.4  105s
 488106 111822     cutoff   50       772.00000  710.00000  8.03%   5.4  110s
 515201 119080     cutoff   58       772.00000  710.00000  8.03%   5.3  115s
 542650 126322     cutoff   44       772.00000  710.00000  8.03%   5.3  120s
 569584 133628  731.00000   56    6  772.00000  710.00000  8.03%   5.2  125s
 596798 141196  710.00000   43    8  772.00000  710.00000  8.03%   5.2  130s
 624022 148489  757.00000   48    2  772.00000  710.00000  8.03%   5.2  135s
 651054 155947     cutoff   57       772.00000  710.00000  8.03%   5.1  140s
 675354 162007  727.00000   45    4  772.00000  712.00000  7.77%   5.1  145s
 699141 166110  762.00000   52    3  772.00000  713.00000  7.64%   5.2  150s
 724641 170918  725.00000   51    4  772.00000  713.00000  7.64%   5.1  155s
 748926 175674  757.00000   53    4  772.00000  714.00000  7.51%   5.1  160s
 772215 179585  757.00000   71    2  772.00000  715.00000  7.38%   5.1  165s
 794217 184534     cutoff   51       772.00000  715.00000  7.38%   5.2  170s
 816630 190216  715.00000   48    7  772.00000  715.00000  7.38%   5.2  175s
 838231 194833  749.00000   49    4  772.00000  716.00000  7.25%   5.2  180s
 862882 200359  737.00000   55    5  772.00000  716.00000  7.25%   5.2  185s
 890266 208414  727.00000   51    8  772.00000  716.00000  7.25%   5.2  190s
 916369 213582  726.00000   52    6  772.00000  718.00000  6.99%   5.2  195s
 945544 219450 infeasible   54       772.00000  718.00000  6.99%   5.1  200s
 974635 224280 infeasible   55       772.00000  719.00000  6.87%   5.1  205s
 1005615 229120  734.00000   58    4  772.00000  719.00000  6.87%   5.1  210s
 1034414 233214  719.00000   55    7  772.00000  719.00000  6.87%   5.1  215s
 1061632 236542  728.00000   45    7  772.00000  719.00000  6.87%   5.0  220s
 1087398 240284  746.00000   46    4  772.00000  720.00000  6.74%   5.0  225s
 1118062 246098  721.00000   50    4  772.00000  721.00000  6.61%   5.0  230s
 1155030 256912  736.00000   46    4  772.00000  721.00000  6.61%   5.0  235s
 1190329 266378  757.00000   59    3  772.00000  721.00000  6.61%   5.0  240s
 1223948 273757     cutoff   52       772.00000  721.00000  6.61%   4.9  245s
 1256935 281241  757.00000   57    2  772.00000  721.00000  6.61%   4.9  250s
 1290313 289254  757.00000   60    2  772.00000  721.00000  6.61%   4.9  255s
 1322329 296529 infeasible   51       772.00000  721.00000  6.61%   4.9  260s
 1356314 305811  751.00000   38    5  772.00000  721.00000  6.61%   4.8  265s
 1387248 313043  721.31250   46    6  772.00000  721.00000  6.61%   4.8  270s
 1418491 320293 infeasible   51       772.00000  722.00000  6.48%   4.8  275s
 1449023 324069  724.00000   47    5  772.00000  724.00000  6.22%   4.8  280s
 1479368 328854  757.00000   51    2  772.00000  724.00000  6.22%   4.8  285s
 1511854 335310  761.00000   59    4  772.00000  725.00000  6.09%   4.8  290s
 1550099 344656  751.00000   56    2  772.00000  725.00000  6.09%   4.7  295s
 1585109 352302     cutoff   72       772.00000  725.00000  6.09%   4.7  300s
 1621617 361815  757.00000   60    4  772.00000  725.00000  6.09%   4.7  305s
 1658433 371419  757.00000   59    4  772.00000  725.00000  6.09%   4.7  310s
 1694409 380449  725.00000   47    4  772.00000  725.00000  6.09%   4.7  315s
 1729478 388797  757.00000   45    4  772.00000  725.00000  6.09%   4.6  320s
 1762939 397017  757.00000   53    4  772.00000  725.00000  6.09%   4.6  325s
 1795828 406177  757.00000   45    3  772.00000  725.00000  6.09%   4.6  330s
 1828696 415152  740.00000   51    5  772.00000  725.00000  6.09%   4.6  335s
 1860456 422824  734.00000   40    5  772.00000  725.00000  6.09%   4.6  340s
 1889386 429336  761.00000   68    3  772.00000  725.00000  6.09%   4.6  345s
 1921228 437266  725.00000   43    8  772.00000  725.00000  6.09%   4.6  350s
 1951732 443513  757.00000   45    2  772.00000  726.00000  5.96%   4.6  355s
 1980513 448785  726.00000   48    6  772.00000  726.00000  5.96%   4.6  360s
 2006443 454501  760.00000   52    3  772.00000  727.00000  5.83%   4.6  365s
 2030077 459197 infeasible   52       772.00000  727.00000  5.83%   4.6  370s
 2051684 463437     cutoff   67       772.00000  727.00000  5.83%   4.6  375s
 2073761 467902  746.00000   49    5  772.00000  727.00000  5.83%   4.6  380s
 2097091 472002 infeasible   55       772.00000  728.00000  5.70%   4.6  385s
 2122468 476548     cutoff   58       772.00000  728.00000  5.70%   4.6  390s
 2147177 480543 infeasible   42       772.00000  728.00000  5.70%   4.6  395s
 2170562 484701 infeasible   46       772.00000  728.00000  5.70%   4.6  400s
 2195604 489191 infeasible   46       772.00000  729.00000  5.57%   4.6  405s
 2218068 490615  757.00000   50    4  772.00000  730.00000  5.44%   4.6  410s
 2244137 497306  757.00000   55    3  772.00000  730.00000  5.44%   4.6  415s
 2268233 500667  742.00000   55    4  772.00000  730.00000  5.44%   4.7  420s
 2292656 505411  742.00000   59    4  772.00000  730.00000  5.44%   4.7  425s
 2317266 510650     cutoff   58       772.00000  730.00000  5.44%   4.7  430s
 2343275 516496  757.00000   51    3  772.00000  731.00000  5.31%   4.7  435s
 2370102 522535  746.00000   50    3  772.00000  731.00000  5.31%   4.7  440s
 2396506 528556  757.00000   58    3  772.00000  731.00000  5.31%   4.7  445s
 2422670 534549  757.00000   47    4  772.00000  731.00000  5.31%   4.7  450s
 2448333 540062  731.00000   49    5  772.00000  731.00000  5.31%   4.7  455s
 2476078 547933  757.00000   49    2  772.00000  731.00000  5.31%   4.7  460s
 2503672 555612  746.00000   55    4  772.00000  731.00000  5.31%   4.7  465s
 2530117 561993  736.00000   47    7  772.00000  731.00000  5.31%   4.7  470s
 2556918 568790  746.00000   52    5  772.00000  731.00000  5.31%   4.7  475s
 2585238 577277  731.00000   59    5  772.00000  731.00000  5.31%   4.6  480s
 2613976 586190  761.00000   49    2  772.00000  731.00000  5.31%   4.6  485s
 2641975 594105  761.00000   44    3  772.00000  731.00000  5.31%   4.6  490s
 2668911 601028  757.00000   49    2  772.00000  731.00000  5.31%   4.6  495s
 2696080 608441     cutoff   53       772.00000  731.00000  5.31%   4.6  500s
 2722851 614913  757.00000   54    4  772.00000  731.00000  5.31%   4.6  505s
 2748122 620788     cutoff   53       772.00000  732.00000  5.18%   4.6  510s
 2773685 626026  757.00000   54    3  772.00000  732.00000  5.18%   4.6  515s
 2797734 628666     cutoff   58       772.00000  733.00000  5.05%   4.6  520s
 2822224 631559     cutoff   48       772.00000  734.00000  4.92%   4.6  525s
 2846801 632899 infeasible   60       772.00000  734.00000  4.92%   4.6  530s
 2870044 634815  746.00000   44    3  772.00000  734.00000  4.92%   4.6  535s
 2894915 638421  757.00000   81    3  772.00000  734.00000  4.92%   4.6  540s
 2919407 642417  757.00000   43    3  772.00000  734.00000  4.92%   4.6  545s
 2940236 644033  745.00000   44    3  772.00000  735.00000  4.79%   4.7  550s
 2962852 646425     cutoff   56       772.00000  735.00000  4.79%   4.7  555s
 2991788 651972  757.00000   48    2  772.00000  736.00000  4.66%   4.7  560s
 3021463 656298     cutoff   62       772.00000  736.00000  4.66%   4.7  565s
 3051450 661651  757.00000   56    4  772.00000  736.00000  4.66%   4.6  570s
 3081867 667415  761.00000   50    2  772.00000  736.00000  4.66%   4.6  575s
 3114461 675888     cutoff   67       772.00000  736.00000  4.66%   4.6  580s
 3146135 684572     cutoff   59       772.00000  736.00000  4.66%   4.6  585s
 3177042 692746  747.00000   64    3  772.00000  736.00000  4.66%   4.6  590s
 3206916 699450  757.00000   52    5  772.00000  736.00000  4.66%   4.6  595s
 3239398 709060  757.00000   63    2  772.00000  736.00000  4.66%   4.6  600s
 3267441 713130     cutoff   56       772.00000  736.00000  4.66%   4.6  605s
 3296330 716928     cutoff   63       772.00000  736.00000  4.66%   4.6  610s
 3327694 723829  751.00000   57    3  772.00000  736.00000  4.66%   4.6  615s
 3358228 729455  736.00000   52    3  772.00000  736.00000  4.66%   4.6  620s
 3390337 737407     cutoff   67       772.00000  736.00000  4.66%   4.6  625s
 3421343 743704  757.00000   55    3  772.00000  736.00000  4.66%   4.6  630s
 3452722 751010     cutoff   52       772.00000  736.00000  4.66%   4.6  635s
 3482106 756791  751.00000   47    2  772.00000  736.00000  4.66%   4.6  640s
 3511298 762479  757.00000   54    3  772.00000  736.00000  4.66%   4.6  645s
 3541099 769565  757.00000   50    2  772.00000  736.00000  4.66%   4.6  650s
 3570370 776141     cutoff   65       772.00000  736.00000  4.66%   4.6  655s
 3599261 782191  757.00000   57    3  772.00000  736.00000  4.66%   4.6  660s
 3628384 786963  736.00000   47    4  772.00000  736.00000  4.66%   4.6  665s
 3660132 795102  736.00000   50    4  772.00000  736.00000  4.66%   4.5  670s
 3692088 803320     cutoff   63       772.00000  736.00000  4.66%   4.5  675s
 3722773 810751  757.00000   51    2  772.00000  736.00000  4.66%   4.5  680s
 3753005 817767  757.00000   54    5  772.00000  736.00000  4.66%   4.5  685s
 3780621 823780     cutoff   62       772.00000  736.00000  4.66%   4.5  690s
 3809979 830541  757.00000   62    5  772.00000  736.00000  4.66%   4.5  695s
 3838779 836212  757.00000   67    3  772.00000  736.00000  4.66%   4.5  700s
 3868366 843006  757.00000   53    4  772.00000  736.00000  4.66%   4.5  705s
 3895196 847857  746.00000   54    4  772.00000  736.00000  4.66%   4.5  710s
 3923262 852907  757.00000   55    4  772.00000  736.00000  4.66%   4.5  715s
 3950200 857974  757.00000   55    3  772.00000  736.00000  4.66%   4.5  720s
 3979029 864339     cutoff   50       772.00000  736.00000  4.66%   4.5  725s
 4003745 868751  737.00000   36    5  772.00000  737.00000  4.53%   4.5  730s
 4026900 871814  748.00000   55    4  772.00000  737.00000  4.53%   4.5  735s
 4049264 874509  761.00000   49    4  772.00000  738.00000  4.40%   4.5  740s
 4071233 877114  757.00000   63    2  772.00000  738.00000  4.40%   4.5  745s
 4094947 880986  757.00000   52    2  772.00000  739.00000  4.27%   4.5  750s
 4120720 884115  762.00000   54    2  772.00000  740.00000  4.15%   4.5  755s
 4144180 884853  751.00000   51    2  772.00000  740.00000  4.15%   4.6  760s
 4168770 885301  761.00000   56    3  772.00000  740.00000  4.15%   4.6  765s
 4192058 886798  761.00000   61    3  772.00000  740.00000  4.15%   4.6  770s
 4215471 888832  761.00000   54    4  772.00000  740.00000  4.15%   4.6  775s
 4237407 889383  741.00000   49    5  772.00000  741.00000  4.02%   4.6  780s
 4261314 891266     cutoff   55       772.00000  742.00000  3.89%   4.6  785s
 4292193 897909     cutoff   65       772.00000  742.00000  3.89%   4.6  790s
 4321253 903760  757.00000   54    2  772.00000  742.00000  3.89%   4.6  795s
 4350534 909624  757.00000   59    4  772.00000  742.00000  3.89%   4.6  800s
 4379608 915374  757.00000   51    4  772.00000  742.00000  3.89%   4.6  805s
 4408922 920273     cutoff   46       772.00000  742.00000  3.89%   4.5  810s
 4438776 925539  742.00000   49    3  772.00000  742.00000  3.89%   4.5  815s
 4467414 929564  757.00000   60    2  772.00000  742.00000  3.89%   4.5  820s
 4496725 934627  757.00000   63    5  772.00000  742.00000  3.89%   4.5  825s
 4526127 941340  761.00000   68    3  772.00000  742.00000  3.89%   4.5  830s
 4554229 946926  757.00000   64    5  772.00000  742.00000  3.89%   4.5  835s
 4583505 952614  742.00000   66    3  772.00000  742.00000  3.89%   4.5  840s
 4612338 958144  757.00000   55    2  772.00000  742.00000  3.89%   4.5  845s
 4640861 963313  757.00000   48    4  772.00000  742.00000  3.89%   4.5  850s
 4669456 967988  757.00000   57    3  772.00000  742.00000  3.89%   4.5  855s
 4696860 972633     cutoff   49       772.00000  742.00000  3.89%   4.5  860s
 4726584 978934  757.00000   58    5  772.00000  742.00000  3.89%   4.5  865s
 4756638 986349     cutoff   64       772.00000  742.00000  3.89%   4.5  870s
 4784372 992455  757.00000   57    4  772.00000  742.00000  3.89%   4.5  875s
 4812602 997806  757.00000   56    4  772.00000  742.00000  3.89%   4.5  880s
 4844833 1003839  757.00000   54    3  772.00000  742.00000  3.89%   4.5  885s
 4879290 1011564  761.00000   55    3  772.00000  742.00000  3.89%   4.5  890s
 4912393 1017559  757.00000   46    2  772.00000  742.00000  3.89%   4.5  895s
 4943118 1021887  postponed   59       772.00000  743.00000  3.76%   4.5  900s

Cutting planes:
  Cover: 4
  MIR: 3
  StrongCG: 2
  Flow cover: 10

Explored 4943119 nodes (22194632 simplex iterations) in 900.00 seconds (780.34 work units)
Thread count was 1 (of 96 available processors)

Solution count 4: 772 772 772 778 

Time limit reached
Best objective 7.719999996908e+02, best bound 7.430000000000e+02, gap 3.7565%
WARNING: Loading a SolverResults object with an 'aborted' status, but
    containing a solution
Time: 901.41 sec, Objective: 771.9999996907943, Termination: maxTimeLimit

[GDP] Scheduling Data 8 | Model: General Precedence GDP | Transformation: gdp.hull
Set parameter TokenServer to value "mooring.ecn.purdue.edu"
Read LP format model from file /tmp/tmpmox6uap6.pyomo.lp
Reading time = 0.01 seconds
x1827: 3976 rows, 1827 columns, 9101 nonzeros
Set parameter TimeLimit to value 900
Set parameter Threads to value 1
Gurobi Optimizer version 11.0.0 build v11.0.0rc2 (linux64 - "Oracle Linux Server 9.5")

CPU model: AMD EPYC 7643 48-Core Processor, instruction set [SSE2|AVX|AVX2]
Thread count: 48 physical cores, 96 logical processors, using up to 1 threads

Optimize a model with 3976 rows, 1827 columns and 9101 nonzeros
Model fingerprint: 0xfbae0870
Variable types: 1227 continuous, 600 integer (600 binary)
Coefficient statistics:
  Matrix range     [1e+00, 9e+02]
  Objective range  [1e+00, 1e+00]
  Bounds range     [1e+00, 1e+03]
  RHS range        [1e+00, 9e+02]
Presolve removed 2142 rows and 1269 columns
Presolve time: 0.03s
Presolved: 1834 rows, 558 columns, 5093 nonzeros
Variable types: 382 continuous, 176 integer (176 binary)

Root relaxation: objective 5.210000e+02, 671 iterations, 0.01 seconds (0.01 work units)

    Nodes    |    Current Node    |     Objective Bounds      |     Work
 Expl Unexpl |  Obj  Depth IntInf | Incumbent    BestBd   Gap | It/Node Time

     0     0  521.00000    0   49          -  521.00000      -     -    0s
     0     0  521.00000    0   53          -  521.00000      -     -    0s
     0     0  521.00000    0   54          -  521.00000      -     -    0s
     0     0  522.06659    0   40          -  522.06659      -     -    0s
     0     0  523.48846    0   38          -  523.48846      -     -    0s
     0     0  523.48846    0   44          -  523.48846      -     -    0s
     0     0  524.01960    0   43          -  524.01960      -     -    0s
     0     0  524.01960    0   43          -  524.01960      -     -    0s
     0     0  525.27447    0   49          -  525.27447      -     -    0s
     0     0  526.30900    0   40          -  526.30900      -     -    0s
     0     0  526.32212    0   45          -  526.32212      -     -    0s
     0     0  526.32212    0   45          -  526.32212      -     -    0s
     0     0  526.43185    0   42          -  526.43185      -     -    0s
     0     0  527.32286    0   42          -  527.32286      -     -    0s
     0     0  527.32286    0   38          -  527.32286      -     -    0s
     0     0  527.32286    0   40          -  527.32286      -     -    0s
     0     0  528.21803    0   42          -  528.21803      -     -    0s
     0     0  528.21803    0   42          -  528.21803      -     -    0s
     0     0  528.21803    0   42          -  528.21803      -     -    0s
     0     0  528.21803    0   42          -  528.21803      -     -    0s
     0     0  528.21803    0   42          -  528.21803      -     -    0s
     0     0  528.21803    0   42          -  528.21803      -     -    0s
     0     0  528.21803    0   39          -  528.21803      -     -    0s
     0     0  528.21803    0   40          -  528.21803      -     -    0s
     0     0  528.21803    0   40          -  528.21803      -     -    0s
     0     0  528.21803    0   40          -  528.21803      -     -    0s
     0     2  528.21803    0   37          -  528.21803      -     -    0s
* 1059   461              60     794.0000000  594.00000  25.2%  11.5    2s
H 1422   512                     772.0000000  598.00000  22.5%  15.2    2s
H 1980   659                     771.9999999  615.00000  20.3%  18.3    3s
  2749   997  731.00000   31   10  772.00000  639.00000  17.2%  20.9    5s
  6530  2846 infeasible   40       772.00000  648.00000  16.1%  22.8   10s
 10202  4497  762.00000   47    5  772.00000  660.00000  14.5%  22.6   17s
 12629  5502  686.00000   40   13  772.00000  663.00000  14.1%  22.3   20s
 17151  7342  757.00000   57    6  772.00000  669.00000  13.3%  22.3   25s
 21926  9677  749.00000   43   17  772.00000  669.00000  13.3%  22.2   30s
 26192 11447  757.00000   57    6  772.00000  672.00000  13.0%  22.6   35s
 31929 13889  686.00000   37   12  772.00000  675.00000  12.6%  21.8   40s
 36642 15768  770.00000   39    5  772.00000  679.00000  12.0%  21.8   45s
 41077 17456 infeasible   48       772.00000  680.00000  11.9%  21.9   50s
 45562 19100  739.00000   46    7  772.00000  682.00000  11.7%  21.9   55s
 49901 20673     cutoff   43       772.00000  682.08220  11.6%  21.9   60s
 54335 22353  695.00000   43   10  772.00000  684.00000  11.4%  22.0   65s
 58644 24039  685.00000   37   11  772.00000  685.00000  11.3%  22.2   70s
 63405 25585  688.00000   32   16  772.00000  685.00000  11.3%  22.1   75s
 68213 27151 infeasible   35       772.00000  685.00000  11.3%  21.9   80s
 73877 29401  757.00000   49    7  772.00000  685.00000  11.3%  21.6   85s
 78445 31054  728.00000   49   11  772.00000  687.00000  11.0%  21.6   90s
 83173 32792  735.00000   44    8  772.00000  689.00000  10.8%  21.6   95s
 87802 34253  715.00000   25   12  772.00000  691.00000  10.5%  21.6  100s
 91552 35220 infeasible   38       772.00000  693.00000  10.2%  21.8  105s
 95746 36278  729.00000   33    8  772.00000  694.00000  10.1%  21.9  110s
 99852 37534 infeasible   43       772.00000  694.00000  10.1%  22.0  115s
 104071 38632 infeasible   37       772.00000  696.00000  9.84%  22.1  120s
 108662 39849  733.00000   36    6  772.00000  697.00000  9.72%  22.1  125s
 113338 41254  720.00000   43   10  772.00000  699.00000  9.46%  22.1  130s
 118174 42326 infeasible   45       772.00000  700.00000  9.33%  22.0  135s
 121929 43147  732.00000   43   10  772.00000  703.00000  8.94%  22.1  140s
 126396 44544  709.00000   29   14  772.00000  704.00000  8.81%  22.2  145s
 130593 45851 infeasible   47       772.00000  706.00000  8.55%  22.2  150s
 135122 47252 infeasible   38       772.00000  708.00000  8.29%  22.2  155s
 139491 48298  734.00000   43   11  772.00000  709.00000  8.16%  22.2  160s
 143463 49026  720.00000   41   10  772.00000  709.00000  8.16%  22.2  165s
 148287 50569 infeasible   41       772.00000  709.00000  8.16%  22.2  170s
 153190 52009 infeasible   46       772.00000  709.00000  8.16%  22.1  175s
 158131 53361  709.00000   42   13  772.00000  709.00000  8.16%  22.1  180s
 162185 54270  760.00000   54    6  772.00000  709.00000  8.16%  22.1  185s
 167354 56116  720.00000   42   15  772.00000  709.00000  8.16%  22.1  190s
 172024 57718 infeasible   33       772.00000  709.00000  8.16%  22.0  195s
 177126 59525  757.00000   42    4  772.00000  709.00000  8.16%  22.0  200s
 181792 60988  742.00000   47    6  772.00000  709.00000  8.16%  22.0  205s
 187114 63036  735.00000   50   10  772.00000  709.00000  8.16%  21.9  210s
 192133 64719  761.00000   53    5  772.00000  709.00000  8.16%  21.9  215s
 197201 66656  746.00000   45    5  772.00000  709.00000  8.16%  21.8  220s
 202346 68044  724.00000   37   10  772.00000  711.00000  7.90%  21.7  225s
 206396 68936  721.00000   33   11  772.00000  712.00000  7.77%  21.8  230s
 210372 70203  760.00000   55    4  772.00000  712.00000  7.77%  21.9  235s
 214554 71250  738.00000   35    7  772.00000  714.00000  7.51%  21.9  240s
 218544 71935 infeasible   31       772.00000  715.00000  7.38%  21.9  245s
 222354 72937  736.00000   38   10  772.00000  715.00000  7.38%  22.0  250s
 226195 74002  727.00000   40    9  772.00000  715.00000  7.38%  22.1  255s
 230311 75211  721.00000   38   14  772.00000  715.00000  7.38%  22.1  260s
 234313 76440  730.00000   40   11  772.00000  715.00000  7.38%  22.2  265s
 238405 77267  721.00000   46   11  772.00000  715.18010  7.36%  22.2  270s
 242964 78537  742.00000   47    7  772.00000  717.00000  7.12%  22.2  275s
 247065 79465  730.00000   38   10  772.00000  718.00000  6.99%  22.2  280s
 251640 80754  743.00000   40    7  772.00000  718.00000  6.99%  22.2  285s
 255636 81804  744.00000   39   13  772.00000  718.00000  6.99%  22.3  290s
 260047 83176  756.00000   50    7  772.00000  718.00000  6.99%  22.3  295s
 264131 84312  743.00000   42    8  772.00000  718.00000  6.99%  22.3  300s
 268300 85513  729.00000   40   11  772.00000  718.00000  6.99%  22.3  305s
 272220 86364  742.00000   40    6  772.00000  718.00000  6.99%  22.4  310s
 276509 87763  761.00000   52    5  772.00000  718.00000  6.99%  22.4  315s
 280823 88999  747.00000   52   11  772.00000  718.00000  6.99%  22.4  320s
 285342 90337  721.00000   46   10  772.00000  718.00000  6.99%  22.4  325s
 289652 91564  734.00000   41    6  772.00000  718.00000  6.99%  22.4  330s
 294255 92682  721.00000   42    9  772.00000  719.00000  6.87%  22.4  335s
H298241 93356                     771.9999998  719.00000  6.87%  22.4  339s
 298400 93376  731.00000   42   10  772.00000  719.00000  6.87%  22.4  340s
H302565 94144                     771.9999998  719.00000  6.87%  22.4  344s
 303134 94298  736.00000   39    7  772.00000  719.00000  6.87%  22.4  345s
 307887 95297  761.00000   53    5  772.00000  719.00000  6.87%  22.3  350s
 312728 96192  761.00000   53    4  772.00000  719.00000  6.87%  22.3  355s
 317817 97462 infeasible   44       772.00000  719.00000  6.87%  22.2  360s
 322951 98708  733.00000   48    8  772.00000  719.00000  6.87%  22.2  365s
 328489 100097 infeasible   69       772.00000  719.00000  6.87%  22.1  370s
 333815 101510  760.00000   54    5  772.00000  719.00000  6.87%  22.1  375s
 339055 102671  761.00000   51    6  772.00000  719.00000  6.87%  22.0  380s
 344291 103963  757.00000   47    6  772.00000  720.00000  6.74%  22.0  385s
 348918 104968  757.00000   57    4  772.00000  720.00000  6.74%  22.0  390s
 353492 105901  757.00000   52    5  772.00000  720.00000  6.74%  22.0  395s
 358063 107115  751.00000   51    6  772.00000  720.00000  6.74%  22.0  400s
 362869 108333 infeasible   46       772.00000  720.00000  6.74%  22.0  405s
 367544 109304  757.00000   52    5  772.00000  720.00000  6.74%  22.0  410s
 372754 110997  730.00000   46    9  772.00000  720.00000  6.74%  21.9  415s
 377754 111936  757.00000   48    5  772.00000  720.00000  6.74%  21.9  420s
 382953 113548     cutoff   59       772.00000  720.00000  6.74%  21.9  425s
 388109 114966  746.00000   55    6  772.00000  720.00000  6.74%  21.8  430s
 393224 116387     cutoff   55       772.00000  721.00000  6.61%  21.8  435s
 397483 117232  731.00000   51   11  772.00000  721.00000  6.61%  21.8  440s
 401556 118014  762.00000   44    4  772.00000  721.00000  6.61%  21.9  445s
 405818 118926  762.00000   37    4  772.00000  721.00000  6.61%  21.9  450s
 410410 120054  762.00000   51    3  772.00000  721.00000  6.61%  21.9  455s
 415234 121238  762.00000   47    4  772.00000  721.00000  6.61%  21.9  460s
 419664 122019  746.00000   50    5  772.00000  721.00000  6.61%  21.9  465s
 424177 123258  736.00000   36    8  772.00000  721.00000  6.61%  21.9  470s
 429099 124580  731.00000   45   13  772.00000  721.00000  6.61%  21.9  475s
 433878 125839     cutoff   48       772.00000  721.00000  6.61%  21.9  480s
 438974 127395  721.00000   48   12  772.00000  721.00000  6.61%  21.9  485s
 443741 128821     cutoff   53       772.00000  721.00000  6.61%  21.9  490s
 448408 129993  761.00000   58    6  772.00000  721.00000  6.61%  21.9  495s
 453130 131499  734.00000   53    9  772.00000  721.00000  6.61%  21.9  500s
 457724 132716 infeasible   60       772.00000  721.00000  6.61%  21.9  505s
 463087 134355  732.00000   50   11  772.00000  721.00000  6.61%  21.9  510s
 467966 136004  736.00000   41    7  772.00000  721.00000  6.61%  21.8  515s
 473066 137588  721.00000   39   14  772.00000  721.00000  6.61%  21.8  520s
 478112 139033  761.00000   49    6  772.00000  721.00000  6.61%  21.8  525s
 483550 140790  746.00000   47    5  772.00000  721.00000  6.61%  21.8  530s
 488401 142032 infeasible   43       772.00000  722.00000  6.48%  21.8  535s
 492775 142769  723.00000   46   10  772.00000  723.00000  6.35%  21.8  540s
 497020 143918  734.00000   43    9  772.00000  723.59813  6.27%  21.8  545s
 500912 144557  736.00000   36    7  772.00000  724.00000  6.22%  21.8  550s
 504764 145274  724.00000   39   10  772.00000  724.00000  6.22%  21.9  555s
 508696 145868  745.00000   47    6  772.00000  724.00000  6.22%  21.9  560s
 512732 146763  734.00000   34    7  772.00000  724.00000  6.22%  21.9  565s
 517029 147887  760.00000   40    4  772.00000  724.00000  6.22%  21.9  570s
 521126 148764  760.00000   52    7  772.00000  724.00000  6.22%  22.0  575s
 525006 149457     cutoff   59       772.00000  724.00000  6.22%  22.0  580s
 529634 150651  757.00000   42    4  772.00000  724.00000  6.22%  22.0  585s
 534004 151818  762.00000   63    4  772.00000  724.00000  6.22%  22.0  590s
 538007 152794  736.00000   46    7  772.00000  724.00000  6.22%  22.0  595s
 542338 153911  761.00000   57    6  772.00000  724.00000  6.22%  22.0  600s
 547392 155253  757.00000   62    4  772.00000  724.00000  6.22%  22.0  605s
 551896 156212  724.00000   46   11  772.00000  724.00000  6.22%  22.0  610s
 555716 156898 infeasible   39       772.00000  725.00000  6.09%  22.0  615s
 559916 157961  736.00000   35    7  772.00000  725.00000  6.09%  22.1  620s
 563783 158841 infeasible   51       772.00000  725.00000  6.09%  22.1  625s
 568056 160203  762.00000   52    4  772.00000  725.00000  6.09%  22.1  630s
 572218 161425  725.00000   36    9  772.00000  725.00000  6.09%  22.1  635s
 575977 162351  740.00000   37   10  772.00000  725.00000  6.09%  22.1  640s
 580459 163600 infeasible   52       772.00000  725.00000  6.09%  22.1  645s
 584886 164872  746.00000   52    5  772.00000  725.00000  6.09%  22.1  650s
 589584 166396  759.00000   30    6  772.00000  725.00000  6.09%  22.1  655s
 593808 167327 infeasible   46       772.00000  725.00000  6.09%  22.1  660s
 597891 168368  746.00000   42    8  772.00000  725.00000  6.09%  22.1  665s
 602200 169471  740.00000   47   12  772.00000  725.00000  6.09%  22.1  670s
 605995 170185     cutoff   43       772.00000  726.00000  5.96%  22.1  675s
 609792 171090  748.00000   45    6  772.00000  726.00000  5.96%  22.2  680s
 614081 172000  736.00000   40    7  772.00000  726.00000  5.96%  22.2  685s
 617949 172833     cutoff   50       772.00000  726.00000  5.96%  22.2  690s
 621795 173552  726.00000   40    8  772.00000  726.00000  5.96%  22.2  695s
 626119 174564  751.00000   54    7  772.00000  726.00000  5.96%  22.2  700s
 630666 175587  757.00000   42    5  772.00000  727.00000  5.83%  22.2  705s
 634101 176152  727.00000   47   11  772.00000  727.00000  5.83%  22.2  710s
 637964 177198 infeasible   53       772.00000  727.00000  5.83%  22.3  715s
 641969 178215  761.00000   51    6  772.00000  727.00000  5.83%  22.3  720s
 646187 179418 infeasible   46       772.00000  727.00000  5.83%  22.3  725s
 649904 180352  746.00000   52    7  772.00000  727.00000  5.83%  22.3  730s
 653431 181100 infeasible   41       772.00000  727.00000  5.83%  22.3  735s
 657675 182320  727.00000   43    8  772.00000  727.00000  5.83%  22.3  740s
 661697 183450  742.00000   54    8  772.00000  727.00000  5.83%  22.4  745s
 665498 184245 infeasible   39       772.00000  727.00000  5.83%  22.4  750s
 669313 185123  727.00000   49   10  772.00000  727.00000  5.83%  22.4  755s
 673444 186383  761.00000   58    4  772.00000  727.00000  5.83%  22.4  760s
 677239 187242  732.00000   52   12  772.00000  727.00000  5.83%  22.4  765s
 681494 188280 infeasible   47       772.00000  727.00000  5.83%  22.4  770s
 685983 189588 infeasible   53       772.00000  727.00000  5.83%  22.4  775s
 690146 190507 infeasible   46       772.00000  727.00000  5.83%  22.4  780s
 694441 191602 infeasible   34       772.00000  727.00000  5.83%  22.4  785s
 699085 192978     cutoff   63       772.00000  727.00000  5.83%  22.4  790s
 703983 194035  746.00000   59    7  772.00000  728.00000  5.70%  22.4  795s
 707833 194939 infeasible   46       772.00000  728.00000  5.70%  22.4  800s
 711980 195892  731.00000   43    8  772.00000  728.00000  5.70%  22.4  805s
 716088 196879  728.00000   43   10  772.00000  728.00000  5.70%  22.4  810s
 719769 197597     cutoff   43       772.00000  728.00000  5.70%  22.4  815s
 724064 198921 infeasible   33       772.00000  728.00000  5.70%  22.4  820s
 728572 200180  757.00000   53    4  772.00000  728.00000  5.70%  22.4  825s
 732743 201318  761.00000   45    3  772.00000  728.00000  5.70%  22.5  830s
 736797 202391  755.00000   49    7  772.00000  728.00000  5.70%  22.5  835s
 741214 203654  747.00000   51    7  772.00000  728.00000  5.70%  22.5  840s
 745611 204835  728.00000   36    9  772.00000  728.00000  5.70%  22.5  845s
 749883 205990  757.00000   52    4  772.00000  728.00000  5.70%  22.5  850s
 754514 207200  755.00000   63    8  772.00000  728.00000  5.70%  22.5  855s
 758808 208304  728.00000   42   10  772.00000  728.00000  5.70%  22.5  860s
 763312 209580 infeasible   51       772.00000  728.00000  5.70%  22.5  865s
 767552 210484  746.00000   54    6  772.00000  728.82781  5.59%  22.5  870s
 771885 211491  729.00000   38   10  772.00000  729.00000  5.57%  22.5  875s
 776041 212540  747.00000   43    7  772.00000  729.00000  5.57%  22.5  880s
 780031 213330     cutoff   56       772.00000  729.00000  5.57%  22.5  885s
 784071 214228  757.00000   43    5  772.00000  729.00000  5.57%  22.5  890s
 788217 215226  741.00000   45   12  772.00000  729.00000  5.57%  22.5  895s

Cutting planes:
  Learned: 1
  Gomory: 1
  MIR: 7
  Flow cover: 2
  Relax-and-lift: 2

Explored 792495 nodes (17862103 simplex iterations) in 900.00 seconds (857.80 work units)
Thread count was 1 (of 96 available processors)

Solution count 5: 772 772 772 ... 794

Time limit reached
Best objective 7.719999997680e+02, best bound 7.290000000000e+02, gap 5.5699%
WARNING: Loading a SolverResults object with an 'aborted' status, but
    containing a solution
Time: 900.52 sec, Objective: 771.9999997679696, Termination: maxTimeLimit

[GDP] Scheduling Data 8 | Model: Time Slots GDP | Transformation: gdp.bigm
Set parameter TokenServer to value "mooring.ecn.purdue.edu"
Read LP format model from file /tmp/tmpbl_grmtj.pyomo.lp
Reading time = 0.00 seconds
x852: 2251 rows, 852 columns, 10501 nonzeros
Set parameter TimeLimit to value 900
Set parameter Threads to value 1
Gurobi Optimizer version 11.0.0 build v11.0.0rc2 (linux64 - "Oracle Linux Server 9.5")

CPU model: AMD EPYC 7643 48-Core Processor, instruction set [SSE2|AVX|AVX2]
Thread count: 48 physical cores, 96 logical processors, using up to 1 threads

Optimize a model with 2251 rows, 852 columns and 10501 nonzeros
Model fingerprint: 0xa15430bb
Variable types: 27 continuous, 825 integer (825 binary)
Coefficient statistics:
  Matrix range     [1e+00, 1e+06]
  Objective range  [1e+00, 1e+00]
  Bounds range     [1e+00, 1e+06]
  RHS range        [1e+00, 1e+06]
Presolve removed 1526 rows and 201 columns
Presolve time: 0.02s
Presolved: 725 rows, 651 columns, 4334 nonzeros
Variable types: 0 continuous, 651 integer (625 binary)

Root relaxation: objective 5.500000e+01, 228 iterations, 0.00 seconds (0.00 work units)

    Nodes    |    Current Node    |     Objective Bounds      |     Work
 Expl Unexpl |  Obj  Depth IntInf | Incumbent    BestBd   Gap | It/Node Time

     0     0   55.00000    0   31          -   55.00000      -     -    0s
     0     0   55.00000    0   50          -   55.00000      -     -    0s
     0     0   55.02771    0   21          -   55.02771      -     -    0s
     0     0   56.00000    0   24          -   56.00000      -     -    0s
     0     0   56.51456    0   64          -   56.51456      -     -    0s
     0     0   57.00000    0   25          -   57.00000      -     -    0s
     0     0   57.00000    0   22          -   57.00000      -     -    0s
     0     0   57.00000    0   57          -   57.00000      -     -    0s
     0     0   57.00000    0   56          -   57.00000      -     -    0s
     0     0   57.00000    0   37          -   57.00000      -     -    0s
     0     0   57.00000    0   29          -   57.00000      -     -    0s
     0     0   57.00000    0   27          -   57.00000      -     -    0s
     0     0   57.00543    0   42          -   57.00543      -     -    0s
     0     0   57.01882    0   41          -   57.01882      -     -    0s
     0     0   57.08024    0   30          -   57.08024      -     -    0s
     0     0   58.00000    0   30          -   58.00000      -     -    0s
     0     0   58.00000    0   30          -   58.00000      -     -    0s
     0     0   58.03057    0   52          -   58.03057      -     -    0s
     0     0   59.00000    0   31          -   59.00000      -     -    0s
     0     0   59.00000    0   41          -   59.00000      -     -    0s
     0     0   60.54153    0   67          -   60.54153      -     -    0s
     0     0   61.00000    0   29          -   61.00000      -     -    0s
     0     0   61.00000    0   28          -   61.00000      -     -    0s
     0     0   61.75152    0   58          -   61.75152      -     -    0s
     0     0   62.00000    0   22          -   62.00000      -     -    0s
     0     0   62.00000    0   57          -   62.00000      -     -    0s
     0     0   62.00000    0   51          -   62.00000      -     -    0s
     0     0   62.00000    0   52          -   62.00000      -     -    0s
     0     0   62.69116    0   35          -   62.69116      -     -    0s
     0     0   63.00000    0   25          -   63.00000      -     -    0s
     0     0   63.00000    0   61          -   63.00000      -     -    0s
     0     0   63.00000    0   65          -   63.00000      -     -    0s
     0     0   63.00000    0   57          -   63.00000      -     -    0s
     0     0   65.13486    0   29          -   65.13486      -     -    0s
     0     0   67.53046    0   46          -   67.53046      -     -    0s
     0     0   67.53046    0   52          -   67.53046      -     -    0s
     0     0   67.53046    0   58          -   67.53046      -     -    0s
     0     0   67.57914    0   56          -   67.57914      -     -    0s
     0     0   67.57914    0   56          -   67.57914      -     -    0s
     0     0   68.50596    0   58          -   68.50596      -     -    0s
     0     0   68.62073    0   52          -   68.62073      -     -    0s
     0     0   71.27523    0   44          -   71.27523      -     -    0s
     0     0   75.39910    0   58          -   75.39910      -     -    0s
     0     0   75.39910    0   65          -   75.39910      -     -    0s
     0     0   75.39910    0   63          -   75.39910      -     -    0s
     0     0   75.39910    0   64          -   75.39910      -     -    0s
     0     0   75.39910    0   62          -   75.39910      -     -    0s
     0     0   75.39910    0   62          -   75.39910      -     -    0s
     0     0   75.39910    0   51          -   75.39910      -     -    0s
     0     0   75.39910    0   19          -   75.39910      -     -    0s
     0     0   75.39910    0   37          -   75.39910      -     -    0s
     0     0   78.14286    0   46          -   78.14286      -     -    0s
     0     0   79.00000    0   24          -   79.00000      -     -    0s
     0     0   79.00000    0   71          -   79.00000      -     -    0s
     0     0   79.00000    0   79          -   79.00000      -     -    0s
     0     0   80.86667    0   64          -   80.86667      -     -    0s
     0     0   81.54545    0   73          -   81.54545      -     -    0s
     0     0   81.54545    0   65          -   81.54545      -     -    0s
     0     0   82.50000    0   32          -   82.50000      -     -    0s
     0     0   83.00000    0   29          -   83.00000      -     -    0s
     0     0   83.00000    0   52          -   83.00000      -     -    0s
     0     0   83.00000    0   63          -   83.00000      -     -    0s
     0     0   83.00000    0   57          -   83.00000      -     -    0s
     0     0   83.03941    0   26          -   83.03941      -     -    0s
     0     0   83.14770    0   49          -   83.14770      -     -    0s
     0     0   83.14770    0   43          -   83.14770      -     -    0s
     0     0   83.40893    0   53          -   83.40893      -     -    0s
     0     0   84.00000    0   24          -   84.00000      -     -    0s
     0     0   84.00000    0   72          -   84.00000      -     -    0s
     0     0   84.16096    0   74          -   84.16096      -     -    0s
     0     0   85.00000    0   23          -   85.00000      -     -    0s
     0     0   85.00000    0   60          -   85.00000      -     -    0s
     0     0   85.16145    0   58          -   85.16145      -     -    0s
     0     0   85.16145    0   50          -   85.16145      -     -    0s
     0     0   85.26448    0   55          -   85.26448      -     -    0s
     0     0   85.26448    0   53          -   85.26448      -     -    0s
     0     0   85.26448    0   65          -   85.26448      -     -    0s
     0     0   85.26448    0   25          -   85.26448      -     -    0s
     0     2   86.00000    0   25          -   86.00000      -     -    1s
   766   458  314.00000   32   46          -  303.00000      -  47.5    5s
  1339   643  348.00000   68   48          -  314.00000      -  65.5   10s
  3975  1997  456.00000   62   54          -  315.00000      -  46.6   15s
  6742  3768  374.60161   74   48          -  317.00000      -  41.8   20s
  9678  5548  354.00000   72   42          -  319.00000      -  40.1   25s
 10203  5887  423.00000   51   25          -  319.00000      -  39.9   32s
 10221  5899  391.00000   79   43          -  322.00000      -  39.9   35s
 10253  5920  385.00000   75   36          -  331.00000      -  39.7   40s
 10299  5951  403.00000   82   24          -  338.00000      -  39.6   45s
 10936  6177  595.00000   67   23          -  338.00000      -  45.1   50s
 12753  6886  548.00000   99   39          -  338.00000      -  43.7   55s
 15150  7871  540.00000   80   38          -  338.00000      -  42.6   60s
 17083  8531  338.00000   60   52          -  338.00000      -  42.8   65s
 19753  9419  343.65766   81   53          -  338.00000      -  42.2   70s
 22381 10337  420.00000   90   38          -  338.00000      -  42.2   75s
 25645 11535  344.00000   64   65          -  339.00000      -  42.0   80s
 28476 12607  370.00000   74   43          -  339.00000      -  41.9   85s
 31858 14943  564.00000  115   47          -  340.00000      -  41.6   90s
 34780 16930  376.00000   67   46          -  341.00000      -  41.4   95s
 37925 19119  436.00000   98   37          -  342.00000      -  40.8  100s
 40835 21227  404.00000   92   47          -  342.00000      -  40.6  105s
 43342 22876  400.00000   74   59          -  343.00000      -  40.6  110s
 45909 24544  399.00000   93   41          -  343.00000      -  40.8  115s
 49269 26875 infeasible  103               -  344.00000      -  40.4  120s
 51697 28471  418.00000   59   44          -  345.00000      -  40.5  125s
 54919 30657 infeasible   79               -  345.00000      -  40.3  130s
 57416 32264 infeasible   67               -  346.00000      -  40.2  135s
 61103 34893 infeasible  123               -  347.00000      -  39.9  140s
 64615 37365 infeasible  104               -  348.00000      -  39.7  145s
 67490 39248  568.00000   73   53          -  349.00000      -  39.6  150s
 70129 41036 infeasible  119               -  350.00000      -  39.8  155s
 73481 43396  498.00000   99   38          -  351.00000      -  39.7  160s
 76683 45488 infeasible  119               -  352.00000      -  39.6  165s
 79171 47159  391.00000   86   53          -  353.00000      -  39.8  170s
 82158 49092  551.00000  109   34          -  353.00000      -  39.8  175s
 85072 50995 infeasible  124               -  353.00000      -  39.7  180s
 88108 52936  436.00000   88   51          -  353.00000      -  39.8  185s
 90285 54172  376.00000  142   50          -  353.00000      -  40.0  190s
 92384 55168 infeasible  131               -  353.00000      -  40.3  195s
 95455 56951 infeasible  104               -  353.00000      -  40.4  200s
 98484 58660  520.00000  124   44          -  353.00000      -  40.4  205s
 101036 60302  408.00000  112   49          -  353.00000      -  40.5  210s
 104120 62292  472.00000  116   56          -  353.00000      -  40.5  215s
 106575 63827 infeasible  120               -  353.00000      -  40.6  220s
 109454 65552  433.00000  106   52          -  354.00000      -  40.7  225s
 111578 66823 infeasible  125               -  354.00000      -  40.9  230s
 114537 68808  435.00000   86   39          -  354.00000      -  40.9  235s
 117260 70468  512.00000   78   52          -  354.00000      -  41.1  240s
 119455 71879 infeasible  103               -  354.00000      -  41.2  245s
 123096 74321  495.00000   98   49          -  355.00000      -  41.0  250s
 126157 76319 infeasible   97               -  355.00000      -  41.0  255s
 128343 77733  576.00000  145   37          -  355.00000      -  41.1  260s
 131305 79603  406.00000   81   49          -  356.00000      -  41.1  265s
 134338 81488  465.00000   82   47          -  356.00000      -  41.2  270s
 137727 83851  502.00000  158   20          -  357.00000      -  41.1  275s
 140565 85840  406.00000   73   49          -  357.00000      -  41.0  280s
 143670 87967  439.00000   94   52          -  357.00000      -  41.0  285s
 146386 89709  478.00000   83   36          -  357.00000      -  41.0  290s
 148725 91075 infeasible   86               -  357.00000      -  41.2  295s
 151615 92881  388.00000   77   38          -  357.00000      -  41.3  300s
 153731 94101  438.00000   87   49          -  358.00000      -  41.4  305s
 156280 95711  498.00000   76   50          -  358.00000      -  41.6  310s
 157961 96642  470.00000   90   46          -  358.00000      -  41.8  315s
 160955 98518  476.00000  107   40          -  359.00000      -  41.9  320s
 163579 100072  542.00000  107   42          -  360.00000      -  42.0  325s
 166526 102010 infeasible   99               -  360.00000      -  41.9  330s
 168831 103471  430.00000   96   46          -  360.00000      -  42.0  335s
 171958 105481  402.00000  116   50          -  360.00000      -  42.0  340s
 174673 107245 infeasible  117               -  361.00000      -  42.0  345s
 176636 108299  485.00000   96   42          -  361.00000      -  42.2  350s
 179360 109954 infeasible  110               -  361.00000      -  42.3  355s
 181609 111259 infeasible  131               -  361.00000      -  42.3  360s
 184849 113418  423.84874   96   56          -  362.00000      -  42.3  365s
 187773 115477 infeasible  125               -  362.00000      -  42.2  370s
 190586 117235 infeasible  133               -  362.00000      -  42.2  375s
 193571 119159 infeasible   97               -  362.00000      -  42.3  380s
 195826 120654  485.00000  100   53          -  362.00000      -  42.3  385s
 198939 122792  487.00000   74   55          -  362.00000      -  42.3  390s
 202296 125109 infeasible  126               -  362.00000      -  42.2  395s
 204895 126912  491.00000  104   48          -  362.00000      -  42.2  400s
 207754 128857  416.00000  107   67          -  362.00000      -  42.2  405s
 210750 130953 infeasible   92               -  362.00000      -  42.2  410s
 213885 133152  449.00000  107   50          -  363.00000      -  42.2  415s
 216297 134576 infeasible  138               -  363.00000      -  42.2  420s
 219343 136406  497.00000  119   47          -  363.00000      -  42.2  425s
 221329 137506  453.00000  102   44          -  363.00000      -  42.3  430s
 223825 138849  448.00000   83   39          -  364.00000      -  42.4  435s
 226643 140714  479.00000   78   52          -  364.00000      -  42.5  440s
 229018 142228  443.00000  106   57          -  364.00000      -  42.4  445s
 232150 144294  463.00000  109   43          -  364.00000      -  42.4  450s
 234819 145882 infeasible   87               -  365.00000      -  42.5  455s
 236929 147085 infeasible   95               -  365.00000      -  42.6  460s
 239351 148497  411.00000   79   40          -  365.00000      -  42.7  465s
 241348 149584  441.00000   83   50          -  365.00000      -  42.8  470s
 243244 150651 infeasible   81               -  365.00000      -  42.9  475s
 245489 151830  461.00000   81   42          -  365.00000      -  43.0  480s
 247674 153115 infeasible  114               -  366.00000      -  43.1  485s
 250620 155167  477.00000  104   32          -  366.00000      -  43.1  490s
 252760 156525  511.00000  117   33          -  366.00000      -  43.1  495s
 255335 158185  470.00000   84   45          -  366.00000      -  43.2  500s
 258080 159889  508.00000  123   47          -  366.00000      -  43.2  505s
 260584 161385  560.00000  155   38          -  366.00000      -  43.3  510s
 263159 162971 infeasible  130               -  366.92086      -  43.3  515s
 265596 164407 infeasible  105               -  367.00000      -  43.4  520s
 267754 165718 infeasible  106               -  367.00000      -  43.4  525s
 270106 167032  480.00000  100   42          -  367.00000      -  43.5  530s
 272904 168707 infeasible  103               -  368.00000      -  43.6  535s
 275294 170266  419.00000   69   58          -  368.00000      -  43.6  540s
 277701 171695 infeasible  100               -  368.00000      -  43.6  545s
 279969 172924  485.00000   80   33          -  368.00000      -  43.7  550s
 281435 173580  460.00000  114   55          -  368.00000      -  43.9  555s
 283359 174478  497.00000  120   42          -  368.00000      -  44.0  560s
 285656 175800  473.00000  153   39          -  368.00000      -  44.1  565s
 288113 177372 infeasible  165               -  368.00000      -  44.1  570s
 290970 179117 infeasible  127               -  368.00000      -  44.1  575s
 292847 180180 infeasible  117               -  368.00000      -  44.2  580s
 295340 181675 infeasible  148               -  368.00000      -  44.2  585s
 297553 182815  479.00000  115   44          -  368.00000      -  44.3  590s
 300737 184941  510.00000  106   46          -  368.00000      -  44.3  595s
 302872 186307  432.00000  115   39          -  368.00000      -  44.3  600s
 306060 188452  455.00000  101   41          -  368.00000      -  44.2  605s
 308097 189527  384.00000   64   58          -  368.00000      -  44.4  610s
 310269 190732  413.00000   79   71          -  368.00000      -  44.4  615s
 313083 192458  495.00000  117   31          -  368.00000      -  44.4  620s
 314510 193127  496.00000   94   43          -  369.00000      -  44.5  625s
 317039 194698 infeasible   97               -  369.00000      -  44.6  630s
 319611 196257  528.00000   79   42          -  369.00000      -  44.6  635s
 321445 197280 infeasible   81               -  369.00000      -  44.7  640s
 324185 198792  485.00000   89   28          -  369.00000      -  44.7  645s
 326090 199698  452.00000   99   47          -  369.00000      -  44.8  650s
 327657 200487  398.00000   84   49          -  369.00000      -  44.9  655s
 330133 201862  449.49088   88   59          -  369.00000      -  45.0  660s
 332364 203178  511.00000  108   39          -  369.00000      -  45.0  665s
 335403 205164  442.00000   97   48          -  369.00000      -  45.0  670s
 337353 206176  404.00000   98   54          -  369.00000      -  45.1  675s
 339136 207077  440.00000   87   40          -  369.00000      -  45.1  680s
 341603 208404 infeasible  103               -  369.00000      -  45.2  685s
 344872 210680  411.00000   86   55          -  369.00000      -  45.1  690s
 347725 212636 infeasible  101               -  369.00000      -  45.1  695s
 350067 214127 infeasible   80               -  370.00000      -  45.1  700s
 352057 215089  504.00000  123   34          -  370.00000      -  45.2  705s
 353813 216060 infeasible  121               -  370.00000      -  45.3  710s
 356089 217288  530.00000  100   43          -  370.00000      -  45.4  715s
 358754 218829  530.00000  120   31          -  370.00000      -  45.4  720s
 360791 219908  457.00000  116   48          -  370.00000      -  45.4  725s
 363560 221474  468.00000   93   53          -  370.00000      -  45.4  730s
 365878 222752  394.00000   82   47          -  370.00000      -  45.5  735s
 367512 223306 infeasible  102               -  370.00000      -  45.5  740s
 370209 224901 infeasible  166               -  370.00000      -  45.6  745s
 372000 225906 infeasible   85               -  370.00000      -  45.6  750s
 374120 227044 infeasible  110               -  371.00000      -  45.7  755s
 376612 228471  446.00000   68   41          -  371.00000      -  45.7  760s
 378770 229826  480.00000  118   41          -  371.00000      -  45.8  765s
 381426 231351  474.00000   98   46          -  371.00000      -  45.8  770s
 383975 232990  428.00000   98   39          -  371.00000      -  45.8  775s
 386937 234843 infeasible  127               -  372.00000      -  45.7  780s
 389339 236415  483.00000  102   43          -  372.00000      -  45.7  785s
 391812 237787  401.00000   69   61          -  372.00000      -  45.8  790s
 394986 239975  404.00000  104   40          -  372.00000      -  45.7  795s
 396880 240934  527.00000  111   46          -  372.00000      -  45.8  800s
 399274 242087  407.00000  110   45          -  372.00000      -  45.8  805s
 401530 243207 infeasible  129               -  372.00000      -  45.9  810s
 403610 244274  469.00000  120   42          -  372.00000      -  45.9  815s
 405272 245030  412.00000   92   38          -  372.00000      -  46.0  820s
 407931 246408 infeasible  119               -  372.00000      -  46.0  825s
 410426 247785  489.00000  128   43          -  372.00000      -  46.1  830s
 411806 248316 infeasible  123               -  372.00000      -  46.1  835s
 413929 249393  372.00000  113   62          -  372.00000      -  46.2  840s
 416633 251001  459.00000  127   27          -  372.00000      -  46.2  845s
 420295 253500  466.00000  108   46          -  372.00000      -  46.1  850s
 421964 254404 infeasible  128               -  372.00000      -  46.2  855s
 424126 255590  434.00000   98   43          -  372.00000      -  46.3  860s
 426009 256592 infeasible  125               -  372.00000      -  46.3  865s
 428541 257913  549.00000  131   55          -  372.00000      -  46.3  870s
 431413 259653  379.00000  101   52          -  372.00000      -  46.3  875s
 433884 261280  544.00000  105   36          -  372.00000      -  46.2  880s
 437094 263379  372.00000  105   56          -  372.00000      -  46.2  885s
 440017 265326  545.00000   95   50          -  372.00000      -  46.2  890s
 441655 266143  467.00000   92   44          -  372.00000      -  46.2  895s

Cutting planes:
  Learned: 1
  Gomory: 3
  Cover: 121
  Implied bound: 42
  Projected implied bound: 21
  Clique: 3
  MIR: 192
  StrongCG: 102
  Flow cover: 224
  GUB cover: 45
  Zero half: 3
  RLT: 1
  Relax-and-lift: 44

Explored 444431 nodes (20579844 simplex iterations) in 900.00 seconds (1321.16 work units)
Thread count was 1 (of 96 available processors)

Solution count 0

Time limit reached
Best objective -, best bound 3.720000000000e+02, gap -
Solver exception for Scheduling Data 8 | Model: Time Slots GDP | Transformation: gdp.bigm: Cannot load a SolverResults object with bad status: aborted

[GDP] Scheduling Data 8 | Model: Time Slots GDP | Transformation: gdp.hull
Set parameter TokenServer to value "mooring.ecn.purdue.edu"
Read LP format model from file /tmp/tmpmwkw6e2z.pyomo.lp
Reading time = 0.02 seconds
x7102: 11026 rows, 7102 columns, 30501 nonzeros
Set parameter TimeLimit to value 900
Set parameter Threads to value 1
Gurobi Optimizer version 11.0.0 build v11.0.0rc2 (linux64 - "Oracle Linux Server 9.5")

CPU model: AMD EPYC 7643 48-Core Processor, instruction set [SSE2|AVX|AVX2]
Thread count: 48 physical cores, 96 logical processors, using up to 1 threads

Optimize a model with 11026 rows, 7102 columns and 30501 nonzeros
Model fingerprint: 0xa3a9ae39
Variable types: 6277 continuous, 825 integer (825 binary)
Coefficient statistics:
  Matrix range     [1e+00, 1e+06]
  Objective range  [1e+00, 1e+00]
  Bounds range     [1e+00, 1e+06]
  RHS range        [1e+00, 1e+00]
Presolve removed 8476 rows and 5251 columns
Presolve time: 0.05s
Presolved: 2550 rows, 1851 columns, 8026 nonzeros
Variable types: 1226 continuous, 625 integer (625 binary)

Root relaxation: objective 7.490000e+02, 4891 iterations, 0.21 seconds (0.33 work units)

    Nodes    |    Current Node    |     Objective Bounds      |     Work
 Expl Unexpl |  Obj  Depth IntInf | Incumbent    BestBd   Gap | It/Node Time

     0     0  749.00000    0   43          -  749.00000      -     -    0s
     0     0  750.87378    0   65          -  750.87378      -     -    0s
     0     0  755.61269    0   65          -  755.61269      -     -    0s
     0     0  755.61269    0   65          -  755.61269      -     -    0s
     0     0  755.61269    0   60          -  755.61269      -     -    0s
     0     0  755.61269    0   61          -  755.61269      -     -    0s
     0     0  755.61269    0   57          -  755.61269      -     -    0s
     0     0  755.61269    0   63          -  755.61269      -     -    0s
     0     0  755.61269    0   63          -  755.61269      -     -    0s
     0     0  755.61269    0   62          -  755.61269      -     -    0s
     0     0  755.61269    0   66          -  755.61269      -     -    0s
     0     0  755.61269    0   65          -  755.61269      -     -    0s
     0     0  755.61269    0   66          -  755.61269      -     -    0s
     0     0  755.61269    0   67          -  755.61269      -     -    0s
     0     0  755.61269    0   69          -  755.61269      -     -    0s
     0     0  755.61269    0   74          -  755.61269      -     -    0s
     0     0  755.61269    0   72          -  755.61269      -     -    0s
     0     0  755.61269    0   71          -  755.61269      -     -    0s
     0     0  755.61269    0   71          -  755.61269      -     -    0s
     0     0  755.61269    0   66          -  755.61269      -     -    0s
     0     0  755.61269    0   67          -  755.61269      -     -    0s
     0     0  755.61269    0   69          -  755.61269      -     -    0s
     0     0  755.61269    0   69          -  755.61269      -     -    0s
     0     0  755.61269    0   53          -  755.61269      -     -    0s
     0     0  755.61269    0   51          -  755.61269      -     -    0s
     0     0  755.61269    0   56          -  755.61269      -     -    0s
     0     0  755.61269    0   49          -  755.61269      -     -    0s
     0     0  755.61269    0   49          -  755.61269      -     -    1s
     0     2  755.61269    0   41          -  755.61269      -     -    1s
*  196    30              75     772.0000000  758.62485  1.73%  35.1    2s

Cutting planes:
  Cover: 19
  Implied bound: 20
  MIR: 36
  Flow cover: 15
  GUB cover: 1
  Relax-and-lift: 1
  PSD: 1

Explored 367 nodes (28116 simplex iterations) in 2.83 seconds (3.97 work units)
Thread count was 1 (of 96 available processors)

Solution count 1: 772 

Optimal solution found (tolerance 1.00e-04)
Best objective 7.720000000000e+02, best bound 7.720000000000e+02, gap 0.0000%
Time: 3.36 sec, Objective: 772.0, Termination: optimal

[GDP] Scheduling Data 9 | Model: General Precedence GDP | Transformation: gdp.bigm
Set parameter TokenServer to value "mooring.ecn.purdue.edu"
Read LP format model from file /tmp/tmpmrcmwzyc.pyomo.lp
Reading time = 0.00 seconds
x902: 1396 rows, 902 columns, 3601 nonzeros
Set parameter TimeLimit to value 900
Set parameter Threads to value 1
Gurobi Optimizer version 11.0.0 build v11.0.0rc2 (linux64 - "Oracle Linux Server 9.5")

CPU model: AMD EPYC 7643 48-Core Processor, instruction set [SSE2|AVX|AVX2]
Thread count: 48 physical cores, 96 logical processors, using up to 1 threads

Optimize a model with 1396 rows, 902 columns and 3601 nonzeros
Model fingerprint: 0x527cef39
Variable types: 32 continuous, 870 integer (870 binary)
Coefficient statistics:
  Matrix range     [1e+00, 1e+03]
  Objective range  [1e+00, 1e+00]
  Bounds range     [1e+00, 1e+03]
  RHS range        [1e+00, 1e+03]
Presolve removed 652 rows and 521 columns
Presolve time: 0.00s
Presolved: 744 rows, 381 columns, 2188 nonzeros
Variable types: 31 continuous, 350 integer (350 binary)

Root relaxation: objective 5.110000e+02, 178 iterations, 0.00 seconds (0.00 work units)

    Nodes    |    Current Node    |     Objective Bounds      |     Work
 Expl Unexpl |  Obj  Depth IntInf | Incumbent    BestBd   Gap | It/Node Time

     0     0  511.00000    0   31          -  511.00000      -     -    0s
     0     0  511.00000    0   84          -  511.00000      -     -    0s
     0     0  511.00000    0   81          -  511.00000      -     -    0s
     0     0  511.00000    0   40          -  511.00000      -     -    0s
     0     0  511.00000    0   53          -  511.00000      -     -    0s
     0     0  511.00000    0   57          -  511.00000      -     -    0s
     0     0  511.00000    0   46          -  511.00000      -     -    0s
     0     2  511.00000    0   44          -  511.00000      -     -    0s
H10222  5855                     958.0000000  533.00000  44.4%   4.7    4s
H10222  5562                     861.0000000  533.00000  38.1%   4.7    5s
H10379  5338                     860.9999999  533.00000  38.1%   4.8    5s
H17760  6215                     853.0000000  533.00000  37.5%   5.4    8s
 21636  6405  724.00000   48   15  853.00000  536.00000  37.2%   5.6   10s
 36690 11485  551.00000   40   23  853.00000  546.00000  36.0%   5.7   15s
H37619 11934                     852.9999999  547.00000  35.9%   5.7   15s
 49649 16277  806.00000   61    7  853.00000  554.00000  35.1%   5.8   20s
 66397 23136 infeasible   61       853.00000  558.00000  34.6%   5.8   25s
 83747 30452  788.00000   57    6  853.00000  562.00000  34.1%   5.7   30s
 100936 37719  727.00000   57    9  853.00000  566.00000  33.6%   5.7   35s
 117704 44747 infeasible   51       853.00000  568.00000  33.4%   5.7   40s
 132928 51174  748.00000   44    9  853.00000  571.00000  33.1%   5.7   45s
 149188 57568  621.00000   46   15  853.00000  574.00000  32.7%   5.7   50s
 164898 64257  576.00000   38   20  853.00000  576.00000  32.5%   5.7   55s
 181685 71097  624.00000   49   13  853.00000  579.00000  32.1%   5.6   60s
 197444 77871 infeasible   63       853.00000  581.00000  31.9%   5.6   65s
 213638 84347 infeasible   71       853.00000  583.00000  31.7%   5.6   70s
 230207 91209 infeasible   56       853.00000  585.00000  31.4%   5.6   75s
 245724 97291  695.00000   48   12  853.00000  587.00000  31.2%   5.6   80s
 262846 104718 infeasible   41       853.00000  588.00000  31.1%   5.6   85s
 278822 111576 infeasible   65       853.00000  590.00000  30.8%   5.5   90s
 295740 119263 infeasible   60       853.00000  591.00000  30.7%   5.5   95s
 311269 125833  747.00000   60   11  853.00000  592.00000  30.6%   5.5  100s
 328091 133498  715.00000   57   15  853.00000  593.00000  30.5%   5.5  105s
 345409 142032 infeasible   54       853.00000  593.00000  30.5%   5.5  110s
 363060 150311  594.00000   43   21  853.00000  594.00000  30.4%   5.5  115s
 379968 157999  656.00000   43   16  853.00000  595.00000  30.2%   5.5  120s
 395669 164926  637.00000   52   15  853.00000  596.00000  30.1%   5.5  125s
 412016 171318  759.00000   67    8  853.00000  597.00000  30.0%   5.5  130s
 427235 177663  731.00000   55   10  853.00000  598.00000  29.9%   5.5  135s
 444256 184707  809.00000   64    5  853.00000  599.00000  29.8%   5.5  140s
 461130 192033  691.00000   51   23  853.00000  599.00000  29.8%   5.4  145s
 476909 199215  728.00000   58   10  853.00000  600.00000  29.7%   5.5  150s
 493796 206224  746.00000   60   10  853.00000  601.00000  29.5%   5.4  155s
 509706 212754 infeasible   54       853.00000  602.00000  29.4%   5.5  160s
 525434 219295  714.00000   49   15  853.00000  603.00000  29.3%   5.5  165s
 541873 226199  746.00000   52   11  853.00000  604.00000  29.2%   5.4  170s
 557731 233394  604.00000   54   17  853.00000  604.00000  29.2%   5.5  175s
 575715 241360  616.00000   49   32  853.00000  605.00000  29.1%   5.4  180s
 591672 248196 infeasible   47       853.00000  605.00000  29.1%   5.4  185s
 609203 256182  681.00000   50   12  853.00000  606.00000  29.0%   5.4  190s
 625273 262942  748.00000   55   11  853.00000  606.00000  29.0%   5.4  195s
 641998 270314  717.00000   69   10  853.00000  606.00000  29.0%   5.4  200s
 658111 277491  646.00000   55   15  853.00000  607.00000  28.8%   5.4  205s
 673626 283990 infeasible   48       853.00000  607.00000  28.8%   5.4  210s
 690432 291333  621.00000   46   15  853.00000  608.00000  28.7%   5.4  215s
 708594 299351 infeasible   65       853.00000  608.00000  28.7%   5.4  220s
 724941 306135  698.00000   59   19  853.00000  609.00000  28.6%   5.4  225s
 741406 313289 infeasible   56       853.00000  609.00000  28.6%   5.4  230s
 758008 320337  691.00000   48   12  853.00000  610.00000  28.5%   5.4  235s
 774468 328029  759.00000   50   11  853.00000  610.00000  28.5%   5.4  240s
 791887 336042  716.00000   60   12  853.00000  611.00000  28.4%   5.4  245s
 807305 342480  754.00000   47    8  853.00000  611.00000  28.4%   5.4  250s
 824623 349629 infeasible   46       853.00000  612.00000  28.3%   5.4  255s
 840993 356511  841.00000   78    4  853.00000  612.00000  28.3%   5.4  260s
 857839 364036  647.00000   49   14  853.00000  613.00000  28.1%   5.4  265s
 874150 371154  613.00000   52   17  853.00000  613.00000  28.1%   5.4  270s
 891512 379105  666.00000   57   17  853.00000  613.00000  28.1%   5.4  275s
 907965 386126 infeasible   58       853.00000  614.00000  28.0%   5.4  280s
 924369 393384  614.00000   49   23  853.00000  614.00000  28.0%   5.4  285s
 940871 400069  773.00000   57    8  853.00000  615.00000  27.9%   5.4  290s
 956772 406381  745.00000   48   10  853.00000  615.00000  27.9%   5.4  295s
 973116 413586  658.00000   59   21  853.00000  615.00000  27.9%   5.4  300s
 990623 420808  730.00000   54   10  853.00000  616.00000  27.8%   5.3  305s
 1007652 428360  793.00000   70    7  853.00000  616.00000  27.8%   5.3  310s
 1024099 435898  644.00000   47   19  853.00000  616.00000  27.8%   5.3  315s
 1040758 442752  821.00000   85    5  853.00000  617.00000  27.7%   5.3  320s
 1058419 450559  771.00000   65    5  853.00000  617.00000  27.7%   5.3  325s
 1075276 458312  651.00000   57   20  853.00000  617.00000  27.7%   5.3  330s
 1093352 465621 infeasible   64       853.00000  618.00000  27.5%   5.3  335s
 1109408 472528  750.00000   57   14  853.00000  618.00000  27.5%   5.3  340s
 1126111 480136 infeasible   61       853.00000  618.00000  27.5%   5.3  345s
 1144004 488711  800.00000   94    5  853.00000  618.00000  27.5%   5.3  350s
 1161528 496466  714.00000   68   11  853.00000  619.00000  27.4%   5.3  355s
 1177979 503487 infeasible   49       853.00000  619.00000  27.4%   5.3  360s
 1194641 510515  775.00000   61    7  853.00000  619.00000  27.4%   5.3  365s
 1212020 517695  727.00000   52   16  853.00000  620.00000  27.3%   5.3  370s
 1228217 525105  718.00000   76   16  853.00000  620.00000  27.3%   5.3  375s
 1245371 532342  645.00000   41   16  853.00000  620.00000  27.3%   5.3  380s
 1261885 539203  623.00000   57   24  853.00000  620.00000  27.3%   5.3  385s
 1278695 546117 infeasible   71       853.00000  621.00000  27.2%   5.3  390s
 1295064 552911 infeasible   48       853.00000  621.00000  27.2%   5.3  395s
 1310822 559003  645.00000   42   14  853.00000  621.00000  27.2%   5.3  400s
 1326869 564913  669.00000   43   15  853.00000  621.00000  27.2%   5.3  405s
 1342879 570698  702.31579   64   19  853.00000  621.00000  27.2%   5.3  410s
 1360015 577234  748.00000   64    9  853.00000  622.00000  27.1%   5.3  415s
 1375216 583203 infeasible   82       853.00000  622.00000  27.1%   5.3  420s
 1391960 589471  714.00000   62   11  853.00000  622.00000  27.1%   5.3  425s
 1408238 596215  733.00000   50    9  853.00000  622.00000  27.1%   5.3  430s
 1424169 603472  709.00000   67   12  853.00000  622.00000  27.1%   5.3  435s
 1441692 610941  788.00000   64    7  853.00000  623.00000  27.0%   5.3  440s
 1458492 617715  714.00000   60   14  853.00000  623.00000  27.0%   5.3  445s
 1474724 625027  773.00000   66    8  853.00000  623.00000  27.0%   5.3  450s
 1491110 632235  651.00000   49   18  853.00000  623.00000  27.0%   5.3  455s
 1508311 640182  775.00000   52    8  853.00000  623.00000  27.0%   5.3  460s
 1526987 648971  664.00000   52   16  853.00000  624.00000  26.8%   5.3  465s
 1544324 656782  748.00000   62   10  853.00000  624.00000  26.8%   5.3  470s
 1560943 664129 infeasible   66       853.00000  624.00000  26.8%   5.3  475s
 1577824 671609 infeasible   83       853.00000  624.00000  26.8%   5.3  480s
 1595845 679491  714.00000   59   16  853.00000  624.00000  26.8%   5.3  485s
 1612637 686553 infeasible   68       853.00000  625.00000  26.7%   5.2  490s
 1629201 693547 infeasible   53       853.00000  625.00000  26.7%   5.3  495s
 1645800 701331  696.00000   45   13  853.00000  625.00000  26.7%   5.3  500s
 1663995 709758  795.00000   62    8  853.00000  625.00000  26.7%   5.2  505s
 1681054 717432  761.00000   60   11  853.00000  625.00000  26.7%   5.2  510s
 1699073 725333 infeasible   71       853.00000  625.00000  26.7%   5.2  515s
 1716699 732903  689.00000   62   12  853.00000  626.00000  26.6%   5.2  520s
 1732470 739705  780.00000   62    8  853.00000  626.00000  26.6%   5.2  525s
 1749470 747905  692.00000   51   16  853.00000  626.00000  26.6%   5.2  530s
 1768079 757417 infeasible   66       853.00000  626.00000  26.6%   5.2  535s
 1785077 764922 infeasible   63       853.00000  626.00000  26.6%   5.2  540s
 1802632 771622  735.00000   69    9  853.00000  626.00000  26.6%   5.2  545s
 1819056 778418  746.00000   65   11  853.00000  627.00000  26.5%   5.2  550s
 1835032 783920  677.00000   59   19  853.00000  627.00000  26.5%   5.2  555s
 1852367 790961  703.00000   64   15  853.00000  627.00000  26.5%   5.2  560s
 1868905 797643  628.00000   48   22  853.00000  628.00000  26.4%   5.2  565s
 1885558 805056 infeasible   74       853.00000  628.00000  26.4%   5.2  570s
 1902992 812827  772.00000   69    8  853.00000  628.00000  26.4%   5.2  575s
 1920091 819503  647.00000   67   20  853.00000  628.00000  26.4%   5.2  580s
 1936496 825911  787.00000   69    8  853.00000  629.00000  26.3%   5.2  585s
 1953678 833294  759.00000   56   10  853.00000  629.00000  26.3%   5.2  590s
 1970078 840604  648.00000   55   15  853.00000  629.00000  26.3%   5.2  595s
 1987025 848195  629.00000   56   24  853.00000  629.00000  26.3%   5.2  600s
 2003810 855159  737.00000   66   11  853.00000  629.00000  26.3%   5.2  605s
 2021354 863072  748.00000   61   12  853.00000  630.00000  26.1%   5.2  610s
 2037560 870485  696.00000   63   10  853.00000  630.00000  26.1%   5.2  615s
 2053268 877220  793.00000   67    6  853.00000  630.00000  26.1%   5.2  620s
 2070461 884846  850.00000   81    2  853.00000  630.00000  26.1%   5.2  625s
 2086642 891522  630.00000   51   15  853.00000  630.00000  26.1%   5.2  630s
 2104256 899258  722.00000   67   13  853.00000  630.00000  26.1%   5.2  635s
 2120806 905781 infeasible   63       853.00000  630.00000  26.1%   5.2  640s
 2137319 912297  683.00000   61   19  853.00000  630.00000  26.1%   5.2  645s
 2154580 919161 infeasible   50       853.00000  631.00000  26.0%   5.2  650s
 2171832 926357 infeasible   58       853.00000  631.00000  26.0%   5.2  655s
 2187654 932688  657.00000   49   12  853.00000  631.00000  26.0%   5.2  660s
 2205112 940061 infeasible   80       853.00000  631.00000  26.0%   5.2  665s
 2221323 947001  684.00000   48   16  853.00000  631.00000  26.0%   5.2  670s
 2239331 954325  680.00000   67   18  853.00000  631.00000  26.0%   5.2  675s
 2256632 961954 infeasible   88       853.00000  631.00000  26.0%   5.2  680s
 2276012 970653  766.00000   76    7  853.00000  631.00000  26.0%   5.2  685s
 2292736 977649  714.00000   53   12  853.00000  632.00000  25.9%   5.2  690s
 2309211 984494  636.00000   46   13  853.00000  632.00000  25.9%   5.2  695s
 2325012 991130  714.00000   52   15  853.00000  632.00000  25.9%   5.2  700s
 2342899 999016  748.00000   68   13  853.00000  632.00000  25.9%   5.2  705s
 2359087 1006048  649.00000   61   17  853.00000  632.00000  25.9%   5.2  710s
 2376275 1012886 infeasible   85       853.00000  632.00000  25.9%   5.2  715s
 2392535 1019258  715.00000   64   16  853.00000  632.00000  25.9%   5.2  720s
 2409259 1025949  714.00000   59   16  853.00000  633.00000  25.8%   5.2  725s
 2426174 1033060  731.00000   51   11  853.00000  633.00000  25.8%   5.2  730s
 2443681 1040865  674.00000   50   13  853.00000  633.00000  25.8%   5.2  735s
 2461110 1048773  716.46667   74   12  853.00000  633.00000  25.8%   5.1  740s
 2478126 1056111 infeasible   64       853.00000  633.00000  25.8%   5.1  745s
 2495206 1063837  761.00000   59   10  853.00000  633.00000  25.8%   5.1  750s
 2513146 1071718  673.00000   64   21  853.00000  633.00000  25.8%   5.1  755s
 2530149 1079186  725.00000   71   10  853.00000  633.00000  25.8%   5.1  760s
 2547562 1085761  793.00000   71   11  853.00000  634.00000  25.7%   5.1  765s
 2564232 1092248  714.00000   60   17  853.00000  634.00000  25.7%   5.1  770s
 2580140 1098660  756.00000   82    8  853.00000  634.00000  25.7%   5.1  775s
 2597280 1105844 infeasible   57       853.00000  634.00000  25.7%   5.1  780s
 2613331 1112575  776.00000   54    6  853.00000  634.00000  25.7%   5.1  785s
 2630205 1119546 infeasible   63       853.00000  634.00000  25.7%   5.1  790s
 2648188 1127388 infeasible   65       853.00000  634.00000  25.7%   5.1  795s
 2665429 1134955  634.00000   43   28  853.00000  634.00000  25.7%   5.1  800s
 2683507 1142870 infeasible   70       853.00000  634.00000  25.7%   5.1  805s
 2703082 1151521 infeasible   91       853.00000  634.00000  25.7%   5.1  810s
 2721548 1158831  692.00000   70   14  853.00000  634.00000  25.7%   5.1  815s
 2739237 1166044 infeasible   68       853.00000  634.00000  25.7%   5.1  820s
 2757609 1172978  675.00000   70   21  853.00000  634.00000  25.7%   5.1  825s
 2775593 1180478  715.00000   67   11  853.00000  634.00000  25.7%   5.1  830s
 2793953 1187670  663.00000   77   20  853.00000  634.00000  25.7%   5.1  835s
 2811601 1194697  729.00000   57   15  853.00000  635.00000  25.6%   5.1  840s
 2828430 1201253  721.00000   70   11  853.00000  635.00000  25.6%   5.1  845s
 2844291 1207061  654.00000   41   14  853.00000  635.00000  25.6%   5.1  850s
 2861154 1213250  734.00000   66   11  853.00000  635.00000  25.6%   5.1  855s
 2877783 1219830  715.00000   53   18  853.00000  635.00000  25.6%   5.1  860s
 2894159 1226776 infeasible   60       853.00000  635.00000  25.6%   5.1  865s
 2911024 1233684  686.00000   58   18  853.00000  635.00000  25.6%   5.1  870s
 2926883 1240144  809.00000   60    6  853.00000  635.00000  25.6%   5.1  875s
 2944404 1247484  748.00000   59   12  853.00000  635.00000  25.6%   5.1  880s
 2961298 1254702  700.00000   58   14  853.00000  635.00000  25.6%   5.1  885s
 2977889 1261510  759.00000   68   11  853.00000  635.00000  25.6%   5.1  890s
 2993913 1267688  772.00000   86   10  853.00000  635.00000  25.6%   5.1  895s

Cutting planes:
  Gomory: 1
  MIR: 4
  Flow cover: 9
  Relax-and-lift: 1

Explored 3012155 nodes (15233700 simplex iterations) in 900.00 seconds (784.75 work units)
Thread count was 1 (of 96 available processors)

Solution count 5: 853 853 861 ... 958

Time limit reached
Best objective 8.529999999146e+02, best bound 6.350000000000e+02, gap 25.5569%
WARNING: Loading a SolverResults object with an 'aborted' status, but
    containing a solution
Time: 901.56 sec, Objective: 852.9999999145999, Termination: maxTimeLimit

[GDP] Scheduling Data 9 | Model: General Precedence GDP | Transformation: gdp.hull
Set parameter TokenServer to value "mooring.ecn.purdue.edu"
Read LP format model from file /tmp/tmpq6l99z0s.pyomo.lp
Reading time = 0.01 seconds
x2642: 5746 rows, 2642 columns, 13171 nonzeros
Set parameter TimeLimit to value 900
Set parameter Threads to value 1
Gurobi Optimizer version 11.0.0 build v11.0.0rc2 (linux64 - "Oracle Linux Server 9.5")

CPU model: AMD EPYC 7643 48-Core Processor, instruction set [SSE2|AVX|AVX2]
Thread count: 48 physical cores, 96 logical processors, using up to 1 threads

Optimize a model with 5746 rows, 2642 columns and 13171 nonzeros
Model fingerprint: 0x1bfdbbb7
Variable types: 1772 continuous, 870 integer (870 binary)
Coefficient statistics:
  Matrix range     [1e+00, 1e+03]
  Objective range  [1e+00, 1e+00]
  Bounds range     [1e+00, 1e+03]
  RHS range        [1e+00, 1e+03]
Presolve removed 2205 rows and 1561 columns
Presolve time: 0.03s
Presolved: 3541 rows, 1081 columns, 9882 nonzeros
Variable types: 731 continuous, 350 integer (350 binary)

Root relaxation: objective 5.110000e+02, 1294 iterations, 0.02 seconds (0.02 work units)

    Nodes    |    Current Node    |     Objective Bounds      |     Work
 Expl Unexpl |  Obj  Depth IntInf | Incumbent    BestBd   Gap | It/Node Time

     0     0  511.00000    0   63          -  511.00000      -     -    0s
     0     0  511.00000    0   66          -  511.00000      -     -    0s
     0     0  511.00000    0   60          -  511.00000      -     -    0s
     0     0  511.00000    0   48          -  511.00000      -     -    0s
     0     0  511.00000    0   43          -  511.00000      -     -    0s
     0     0  511.00000    0   47          -  511.00000      -     -    0s
     0     0  511.00000    0   50          -  511.00000      -     -    0s
     0     0  511.08969    0   51          -  511.08969      -     -    0s
     0     0  511.16764    0   46          -  511.16764      -     -    0s
     0     0  511.16764    0   45          -  511.16764      -     -    0s
     0     0  511.16764    0   45          -  511.16764      -     -    0s
     0     0  511.16764    0   47          -  511.16764      -     -    0s
     0     0  511.43073    0   47          -  511.43073      -     -    0s
     0     0  511.43073    0   45          -  511.43073      -     -    0s
     0     0  511.43073    0   44          -  511.43073      -     -    0s
     0     0  511.43073    0   43          -  511.43073      -     -    0s
     0     0  511.43073    0   43          -  511.43073      -     -    0s
     0     0  511.43073    0   39          -  511.43073      -     -    0s
     0     0  511.43073    0   40          -  511.43073      -     -    0s
     0     0  511.43114    0   40          -  511.43114      -     -    0s
     0     0  511.43114    0   40          -  511.43114      -     -    0s
     0     0  511.43114    0   47          -  511.43114      -     -    0s
     0     0  511.43114    0   47          -  511.43114      -     -    0s
     0     0  511.43114    0   38          -  511.43114      -     -    0s
     0     0  511.43114    0   36          -  511.43114      -     -    0s
     0     0  511.43114    0   39          -  511.43114      -     -    0s
     0     0  511.43114    0   39          -  511.43114      -     -    0s
     0     2  511.48055    0   39          -  511.48055      -     -    0s
  1442   636  624.00000   18   43          -  530.00000      -  27.0    5s
  3773  1958  700.00000   41   29          -  535.00000      -  32.2   10s
  5806  3059  582.00000   29   31          -  541.00000      -  35.4   15s
  7945  4197  658.00000   36   21          -  543.00000      -  36.6   20s
 10051  5642  600.00000   28   32          -  544.00000      -  37.0   25s
 10202  5737  578.00000   20   50          -  544.00000      -  37.0   30s
H10305  5802                    1055.0000000  544.00000  48.4%  37.0   31s
H10305  5802                     860.0000000  544.00000  36.7%  37.0   31s
 11269  6338  630.80000   30   43  860.00000  547.00000  36.4%  37.3   35s
H11475  6444                     859.0000000  547.00000  36.3%  37.2   35s
H11822  6601                     858.9999999  549.00000  36.1%  38.0   39s
 12094  6736 infeasible   41       859.00000  549.00000  36.1%  38.0   40s
 14141  7713 infeasible   43       859.00000  551.00000  35.9%  38.3   45s
 16122  8746 infeasible   24       859.00000  551.00000  35.9%  38.1   50s
 18144  9608  684.00000   31   35  859.00000  552.00000  35.7%  38.9   55s
 20413 10698  684.00000   25   39  859.00000  553.00000  35.6%  38.7   60s
 22999 12127  713.00000   44   24  859.00000  554.00000  35.5%  38.2   65s
 25317 13487  659.00000   31   44  859.00000  555.00000  35.4%  37.9   70s
 27386 14430  605.00000   30   33  859.00000  555.00000  35.4%  37.8   75s
 29574 15304  759.00000   32   17  859.00000  556.00000  35.3%  37.9   80s
 31923 16548  782.00000   46   13  859.00000  556.00000  35.3%  37.9   85s
 34115 17730  681.00000   28   32  859.00000  558.00000  35.0%  38.0   90s
 36356 18843  657.00000   38   38  859.00000  559.00000  34.9%  38.1   95s
 38551 19862  699.00000   32   30  859.00000  560.00000  34.8%  38.1  100s
 41083 21196 infeasible   31       859.00000  560.00000  34.8%  37.8  105s
*43141 22181              56     853.0000000  560.00000  34.3%  38.0  109s
 43142 22181  851.00000   56    1  853.00000  560.00000  34.3%  38.0  110s
 44252 22728 infeasible   45       853.00000  561.00000  34.2%  38.1  115s
 46659 24027 infeasible   26       853.00000  561.00000  34.2%  38.0  120s
 48321 24892  634.00000   28   44  853.00000  561.00000  34.2%  38.1  125s
 50358 25668  732.00000   42   18  853.00000  562.00000  34.1%  38.3  130s
 52979 27065 infeasible   26       853.00000  563.00000  34.0%  38.0  135s
 55299 28220 infeasible   27       853.00000  564.00000  33.9%  38.0  140s
 57551 29413  750.00000   48   19  853.00000  565.00000  33.8%  37.9  145s
 59806 30407  782.00000   40   11  853.00000  566.00000  33.6%  38.0  150s
 61973 31465  775.00000   37   12  853.00000  566.00000  33.6%  38.1  155s
 63940 32418 infeasible   28       853.00000  566.00000  33.6%  38.3  160s
 65904 33255 infeasible   49       853.00000  567.00000  33.5%  38.4  165s
 68688 34892 infeasible   48       853.00000  567.00000  33.5%  38.1  170s
 71105 36213  568.00000   25   47  853.00000  567.00000  33.5%  38.0  175s
 73376 37371  727.00000   28   19  853.00000  567.85294  33.4%  38.0  180s
 75420 38178 infeasible   50       853.00000  568.00000  33.4%  38.1  185s
H77275 39058                     852.9999999  568.00000  33.4%  38.2  189s
 77286 39067  699.00000   48   16  853.00000  568.00000  33.4%  38.2  190s
 78821 40021  694.00000   32   37  853.00000  568.00000  33.4%  38.2  195s
 81313 41490  571.00000   27   56  853.00000  568.00000  33.4%  38.0  200s
 83411 42549 infeasible   54       853.00000  569.00000  33.3%  38.0  205s
 85835 43873  691.00000   33   28  853.00000  569.00000  33.3%  37.9  210s
 88112 44959 infeasible   28       853.00000  569.00000  33.3%  37.9  215s
 90063 45910  620.00000   31   28  853.00000  570.00000  33.2%  38.0  220s
 92272 46955  632.00000   31   33  853.00000  570.00000  33.2%  38.0  225s
 94518 47998 infeasible   56       853.00000  571.00000  33.1%  38.1  230s
 97100 49444  668.00000   36   54  853.00000  571.00000  33.1%  37.9  235s
 99735 50828 infeasible   58       853.00000  572.00000  32.9%  37.8  240s
 101928 51807  572.00000   22   43  853.00000  572.00000  32.9%  37.8  245s
 104172 53065  724.00000   43   28  853.00000  572.00000  32.9%  37.7  250s
 106579 54365  723.00000   33   20  853.00000  573.00000  32.8%  37.7  255s
 109057 55446  627.00000   22   44  853.00000  573.00000  32.8%  37.6  260s
 111225 56493 infeasible   32       853.00000  574.00000  32.7%  37.6  265s
 113825 58024 infeasible   37       853.00000  574.00000  32.7%  37.5  270s
 115887 59096 infeasible   35       853.00000  574.00000  32.7%  37.5  275s
 118306 60469  788.00000   43   11  853.00000  574.00000  32.7%  37.5  280s
 120980 62031 infeasible   40       853.00000  574.00000  32.7%  37.4  285s
 122663 62979  705.00000   49   32  853.00000  574.00000  32.7%  37.3  290s
 124959 64129 infeasible   55       853.00000  574.53895  32.6%  37.3  295s
 127213 65172  701.00000   43   32  853.00000  575.00000  32.6%  37.4  300s
 129386 66337  754.00000   35   30  853.00000  575.00000  32.6%  37.4  305s
 131321 67213  799.00000   40   14  853.00000  575.00000  32.6%  37.5  310s
 133609 68426  716.00000   44   23  853.00000  575.00000  32.6%  37.5  315s
 135974 69543 infeasible   33       853.00000  576.00000  32.5%  37.4  320s
 137998 70300  594.00000   29   39  853.00000  576.00000  32.5%  37.4  325s
 140525 71696  580.00000   26   44  853.00000  576.00000  32.5%  37.4  330s
 143029 72888  609.00000   32   45  853.00000  576.00000  32.5%  37.3  335s
 144354 73385 infeasible   36       853.00000  576.00000  32.5%  37.4  340s
 146228 74118  740.00000   39   32  853.00000  576.00000  32.5%  37.4  345s
 148507 75242  577.00000   27   39  853.00000  577.00000  32.4%  37.4  350s
 151123 76543  724.00000   34   22  853.00000  577.00000  32.4%  37.4  355s
 153289 77419  701.00000   49   25  853.00000  577.00000  32.4%  37.4  360s
 155682 78600 infeasible   37       853.00000  577.00000  32.4%  37.3  365s
 157998 79846  620.62500   38   42  853.00000  577.00000  32.4%  37.2  370s
 160301 80937  732.00000   47   23  853.00000  578.00000  32.2%  37.2  375s
 162653 82201  654.00000   35   37  853.00000  578.00000  32.2%  37.2  380s
 164942 83421  626.00000   32   33  853.00000  578.00000  32.2%  37.2  385s
 167092 84598  745.00000   37   26  853.00000  578.00000  32.2%  37.2  390s
 169309 85748  678.00000   39   34  853.00000  578.00000  32.2%  37.1  395s
 171860 87171 infeasible   39       853.00000  578.00000  32.2%  37.0  400s
 174348 88539  678.00000   38   26  853.00000  579.00000  32.1%  37.0  405s
 176586 89781 infeasible   46       853.00000  579.00000  32.1%  37.0  410s
 178909 90978  698.00000   32   34  853.00000  579.00000  32.1%  37.0  415s
 181321 92144  580.00000   26   48  853.00000  579.00000  32.1%  37.0  420s
 183413 93137 infeasible   48       853.00000  579.00000  32.1%  37.0  425s
 186003 94448  646.00000   31   41  853.00000  580.00000  32.0%  36.9  430s
 188235 95785 infeasible   46       853.00000  580.00000  32.0%  36.9  435s
 190857 97304  642.00000   32   30  853.00000  580.00000  32.0%  36.8  440s
 193191 98653  719.00000   34   21  853.00000  580.00000  32.0%  36.8  445s
 195637 99906 infeasible   50       853.00000  580.00000  32.0%  36.7  450s
 198034 101046  675.00000   30   38  853.00000  581.00000  31.9%  36.7  455s
 200309 102403  623.00000   28   30  853.00000  581.00000  31.9%  36.7  460s
 202249 103230  630.44444   31   32  853.00000  581.00000  31.9%  36.8  465s
 204472 104363  762.00000   47   12  853.00000  581.00000  31.9%  36.7  470s
 206885 105545  670.00000   39   25  853.00000  582.00000  31.8%  36.7  475s
 209245 106821 infeasible   29       853.00000  582.00000  31.8%  36.7  480s
 211279 107741 infeasible   37       853.00000  582.00000  31.8%  36.7  485s
 213384 108636  600.00000   30   38  853.00000  583.00000  31.7%  36.8  490s
 215923 110075  682.00000   31   39  853.00000  583.00000  31.7%  36.8  495s
 218038 111272 infeasible   39       853.00000  583.00000  31.7%  36.7  500s
 220675 112843  640.00000   30   30  853.00000  583.00000  31.7%  36.7  505s
 223019 114067  684.00000   31   32  853.00000  583.00000  31.7%  36.7  510s
 225090 115181  625.00000   28   38  853.00000  583.00000  31.7%  36.7  515s
 227613 116589 infeasible  104       853.00000  583.00000  31.7%  36.7  520s
 229858 117654  583.00000   22   52  853.00000  583.00000  31.7%  36.7  525s
 231575 118389  615.00000   32   45  853.00000  583.00000  31.7%  36.7  530s
 233934 119173  651.00000   28   27  853.00000  583.85294  31.6%  36.7  535s
 236150 120252  685.00000   33   27  853.00000  584.00000  31.5%  36.7  540s
 238759 121836  598.00000   31   32  853.00000  584.00000  31.5%  36.6  545s
 241169 123149 infeasible   43       853.00000  584.00000  31.5%  36.6  550s
 243812 124551  696.00000   34   34  853.00000  584.00000  31.5%  36.6  555s
 246017 125752 infeasible   48       853.00000  584.00000  31.5%  36.5  560s
 248360 126868 infeasible   46       853.00000  584.00000  31.5%  36.5  565s
 250702 128058  741.00000   34   36  853.00000  584.00000  31.5%  36.5  570s
 252824 129060  716.00000   32   32  853.00000  584.00000  31.5%  36.5  575s
 254878 129978 infeasible   24       853.00000  585.00000  31.4%  36.6  580s
 257007 131040  699.00000   37   20  853.00000  585.00000  31.4%  36.6  585s
 259536 132485  793.00000   51    7  853.00000  585.00000  31.4%  36.5  590s
 261603 133268  585.00000   26   55  853.00000  585.00000  31.4%  36.6  595s
 263524 134155  620.00000   29   43  853.00000  585.00000  31.4%  36.6  600s
 266150 135643 infeasible   34       853.00000  585.00000  31.4%  36.5  605s
 269033 137110  684.00000   43   41  853.00000  585.00000  31.4%  36.4  610s
 271332 138299  662.00000   38   43  853.00000  585.00000  31.4%  36.4  615s
 273442 139356  588.00000   35   60  853.00000  585.00000  31.4%  36.4  620s
 276248 140917  808.00000   36   15  853.00000  585.42105  31.4%  36.4  625s
 278341 141930  729.31579   37   28  853.00000  586.00000  31.3%  36.4  630s
 280412 142767  631.00000   34   36  853.00000  586.00000  31.3%  36.4  635s
 282808 143928  803.00000   56   12  853.00000  586.00000  31.3%  36.4  640s
 284736 144813  758.00000   42   21  853.00000  586.00000  31.3%  36.4  645s
 286949 145937  630.00000   29   55  853.00000  586.00000  31.3%  36.5  650s
 289227 147038  774.00000   56   12  853.00000  586.00000  31.3%  36.5  655s
 291424 147962 infeasible   30       853.00000  586.00000  31.3%  36.5  660s
 293740 149082  748.00000   39   11  853.00000  586.80000  31.2%  36.5  665s
 295878 150016 infeasible   55       853.00000  587.00000  31.2%  36.5  670s
 298463 151388  691.00000   47   20  853.00000  587.00000  31.2%  36.5  675s
 300938 152828  756.00000   44   19  853.00000  587.00000  31.2%  36.4  680s
 303143 154002  619.00000   29   45  853.00000  587.00000  31.2%  36.4  685s
 305766 155375  748.00000   92   11  853.00000  587.00000  31.2%  36.4  690s
 308679 157013  717.00000   46   25  853.00000  587.49254  31.1%  36.3  695s
 311025 158298 infeasible   39       853.00000  588.00000  31.1%  36.3  700s
 313293 159522  795.00000   56   11  853.00000  588.00000  31.1%  36.3  705s
 315958 161046 infeasible   67       853.00000  588.00000  31.1%  36.2  710s
 318655 162569  784.00000   60    8  853.00000  588.00000  31.1%  36.2  715s
 321170 163877  743.00000   37   19  853.00000  588.00000  31.1%  36.2  720s
 323629 165171  765.00000   52   12  853.00000  588.09091  31.1%  36.1  725s
 325715 166019  705.00000   35   27  853.00000  589.00000  30.9%  36.1  730s
 328651 167886  591.00000   28   33  853.00000  589.00000  30.9%  36.1  735s
 331086 169283  645.00000   26   31  853.00000  589.00000  30.9%  36.0  740s
 333633 170618  702.00000   33   35  853.00000  589.00000  30.9%  36.0  745s
 336038 172015  654.00000   28   45  853.00000  589.00000  30.9%  36.0  750s
 338426 173202 infeasible   85       853.00000  589.00000  30.9%  36.0  755s
 340650 174226  658.00000   30   34  853.00000  589.00000  30.9%  36.0  760s
 342820 175157 infeasible   51       853.00000  589.00000  30.9%  36.0  765s
 345046 176180 infeasible   28       853.00000  589.00000  30.9%  36.0  770s
 347472 177316  775.00000   50   17  853.00000  590.00000  30.8%  36.0  775s
 349609 178543  775.00000   49    8  853.00000  590.00000  30.8%  36.0  780s
 352065 179843  701.00000   37   40  853.00000  590.00000  30.8%  36.0  785s
 354573 181254 infeasible   61       853.00000  590.00000  30.8%  36.0  790s
 357049 182444 infeasible   57       853.00000  590.00000  30.8%  36.0  795s
 359273 183547  609.00000   39   45  853.00000  590.00000  30.8%  35.9  800s
 361672 184714  748.00000   41   17  853.00000  590.00000  30.8%  35.9  805s
 363950 185812 infeasible   35       853.00000  590.00000  30.8%  36.0  810s
 366249 186884  694.00000   42   35  853.00000  590.43182  30.8%  36.0  815s
 368350 187948  759.00000   42   15  853.00000  591.00000  30.7%  36.0  820s
 371146 189569 infeasible   54       853.00000  591.00000  30.7%  35.9  825s
 373477 190780 infeasible   38       853.00000  591.00000  30.7%  35.9  830s
 375727 191906  743.00000   29   21  853.00000  591.00000  30.7%  35.9  835s
 377582 192795 infeasible   38       853.00000  591.00000  30.7%  36.0  840s
 379920 194015  625.62500   32   45  853.00000  591.00000  30.7%  36.0  845s
 382567 195476  640.00000   31   43  853.00000  591.00000  30.7%  35.9  850s
 384993 196676  699.00000   30   39  853.00000  591.00000  30.7%  35.9  855s
 386869 197424  697.00000   34   32  853.00000  592.00000  30.6%  35.9  860s
 389321 198544  716.00000   35   29  853.00000  592.00000  30.6%  35.9  865s
 391615 199610  646.00000   30   29  853.00000  592.00000  30.6%  35.9  870s
 393700 200541 infeasible   36       853.00000  592.00000  30.6%  36.0  875s
 395595 201529  759.00000   72   17  853.00000  592.00000  30.6%  36.0  880s
 397747 202487 infeasible   50       853.00000  592.00000  30.6%  36.0  885s
 400104 203545  701.00000   46   31  853.00000  593.00000  30.5%  36.0  890s
 402673 204842  664.00000   39   31  853.00000  593.00000  30.5%  36.0  895s

Cutting planes:
  Gomory: 1
  Implied bound: 4
  MIR: 12
  Mixing: 1
  Flow cover: 32
  RLT: 7
  Relax-and-lift: 6

Explored 404853 nodes (14580155 simplex iterations) in 900.00 seconds (856.99 work units)
Thread count was 1 (of 96 available processors)

Solution count 6: 853 853 859 ... 1055

Time limit reached
Best objective 8.529999999146e+02, best bound 5.930000000000e+02, gap 30.4807%
WARNING: Loading a SolverResults object with an 'aborted' status, but
    containing a solution
Time: 900.57 sec, Objective: 852.9999999145994, Termination: maxTimeLimit

[GDP] Scheduling Data 9 | Model: Time Slots GDP | Transformation: gdp.bigm
Set parameter TokenServer to value "mooring.ecn.purdue.edu"
Read LP format model from file /tmp/tmpyg0t64ff.pyomo.lp
Reading time = 0.01 seconds
x1172: 3151 rows, 1172 columns, 15001 nonzeros
Set parameter TimeLimit to value 900
Set parameter Threads to value 1
Gurobi Optimizer version 11.0.0 build v11.0.0rc2 (linux64 - "Oracle Linux Server 9.5")

CPU model: AMD EPYC 7643 48-Core Processor, instruction set [SSE2|AVX|AVX2]
Thread count: 48 physical cores, 96 logical processors, using up to 1 threads

Optimize a model with 3151 rows, 1172 columns and 15001 nonzeros
Model fingerprint: 0x111da89a
Variable types: 32 continuous, 1140 integer (1140 binary)
Coefficient statistics:
  Matrix range     [1e+00, 1e+06]
  Objective range  [1e+00, 1e+00]
  Bounds range     [1e+00, 1e+06]
  RHS range        [1e+00, 1e+06]
Presolve removed 2131 rows and 241 columns
Presolve time: 0.02s
Presolved: 1020 rows, 931 columns, 6215 nonzeros
Variable types: 0 continuous, 931 integer (900 binary)

Root relaxation: objective 4.000000e+01, 247 iterations, 0.00 seconds (0.01 work units)

    Nodes    |    Current Node    |     Objective Bounds      |     Work
 Expl Unexpl |  Obj  Depth IntInf | Incumbent    BestBd   Gap | It/Node Time

     0     0   40.00000    0   11          -   40.00000      -     -    0s
     0     0   40.00000    0   43          -   40.00000      -     -    0s
     0     0   40.05884    0   31          -   40.05884      -     -    0s
     0     0   41.00343    0   55          -   41.00343      -     -    0s
     0     0   42.33333    0   55          -   42.33333      -     -    0s
     0     0   42.33333    0   70          -   42.33333      -     -    0s
     0     0   42.33333    0   65          -   42.33333      -     -    0s
     0     0   42.33333    0   57          -   42.33333      -     -    0s
     0     0   42.33333    0   65          -   42.33333      -     -    0s
     0     0   42.33333    0   65          -   42.33333      -     -    0s
     0     0   42.33333    0   66          -   42.33333      -     -    0s
     0     0   42.33333    0   67          -   42.33333      -     -    0s
     0     0   42.33333    0   73          -   42.33333      -     -    0s
     0     0   42.33333    0   64          -   42.33333      -     -    0s
     0     0   42.33333    0   73          -   42.33333      -     -    0s
     0     0   42.33333    0   73          -   42.33333      -     -    0s
     0     0   42.33333    0   67          -   42.33333      -     -    0s
     0     0   42.33333    0   68          -   42.33333      -     -    0s
     0     0   42.33333    0   67          -   42.33333      -     -    0s
     0     0   42.33333    0   55          -   42.33333      -     -    0s
     0     0   42.33333    0   49          -   42.33333      -     -    0s
     0     0   42.33333    0   59          -   42.33333      -     -    0s
     0     0   42.33333    0   58          -   42.33333      -     -    0s
     0     0   42.33333    0   73          -   42.33333      -     -    0s
     0     0   42.33333    0   69          -   42.33333      -     -    0s
     0     0   42.33333    0   67          -   42.33333      -     -    0s
     0     0   42.33333    0   52          -   42.33333      -     -    0s
     0     0   42.33333    0   48          -   42.33333      -     -    0s
     0     0   42.33333    0   61          -   42.33333      -     -    0s
     0     0   42.33333    0   66          -   42.33333      -     -    0s
     0     0   42.33333    0   61          -   42.33333      -     -    0s
     0     0   42.33333    0   57          -   42.33333      -     -    0s
     0     0   42.33333    0   64          -   42.33333      -     -    0s
     0     0   42.33333    0   70          -   42.33333      -     -    0s
     0     0   42.35773    0   72          -   42.35773      -     -    0s
     0     0   42.46937    0   72          -   42.46937      -     -    0s
     0     0   42.57170    0   48          -   42.57170      -     -    0s
     0     0   42.65291    0   70          -   42.65291      -     -    0s
     0     0   42.67642    0   75          -   42.67642      -     -    0s
     0     0   42.72289    0   70          -   42.72289      -     -    0s
     0     0   42.78998    0   75          -   42.78998      -     -    0s
     0     0   42.81302    0   86          -   42.81302      -     -    0s
     0     0   42.82334    0   78          -   42.82334      -     -    0s
     0     0   42.82481    0   79          -   42.82481      -     -    0s
     0     0   42.87386    0   34          -   42.87386      -     -    0s
     0     2   43.19550    0   29          -   43.19550      -     -    0s
  1912   913 infeasible   77               -   75.00000      -  18.7    5s
  5189  3251  288.00000   77   43          -  259.00000      -  21.9   10s
  8986  6033  500.00000   53   23          -  260.00000      -  22.9   15s
 10203  6904  290.00000   21   34          -  260.00000      -  22.3   20s
 10242  6930  431.00000   58   22          -  312.00000      -  22.3   25s
 11143  7351  314.00000   55   49          -  314.00000      -  23.9   30s
 14377  8615 infeasible  117               -  314.00000      -  23.3   35s
 18670 10466 infeasible   99               -  314.00000      -  22.0   40s
 24862 13308 infeasible  137               -  317.00000      -  20.2   45s
 28742 14894  461.00000  126   37          -  317.00000      -  20.1   50s
 34315 18152  443.00000   82   21          -  319.00000      -  19.6   55s
 39441 21648  355.00000   88   62          -  319.00000      -  19.5   60s
 43963 24999  485.00000   94   35          -  320.00000      -  19.4   65s
 48343 27754  458.00000   60   31          -  320.00000      -  19.9   70s
 52830 30495  498.00000   87   41          -  320.00000      -  20.1   76s
 56111 32482  498.00000   50   33          -  320.00000      -  20.4   80s
 61567 36462  388.00000  131   34          -  320.00000      -  20.2   85s
 67778 41179 infeasible   98               -  320.00000      -  19.9   90s
 71682 43842  389.00000   78   35          -  320.00000      -  19.7   95s
 77011 47167 infeasible   97               -  320.00000      -  19.5  100s
 82728 50091 infeasible   81               -  320.00000      -  19.3  105s
 87962 52411 infeasible   72               -  320.00000      -  19.2  110s
 93035 55057  510.00000   60   49          -  320.00000      -  19.1  115s
 98337 56871 infeasible   79               -  320.00000      -  19.0  120s
 102632 58555  320.00000   74   35          -  320.00000      -  18.9  125s
 107703 60895  506.00000   77   36          -  320.00000      -  18.8  130s
 112812 63890  503.00000   99   34          -  320.00000      -  18.8  135s
 116594 66331  510.00000   84   38          -  320.00000      -  18.8  140s
 121589 69887  421.00000  110   53          -  320.00000      -  18.7  145s
 127525 74595 infeasible  165               -  320.00000      -  18.6  150s
 133344 79083  568.00000   81   37          -  320.00000      -  18.5  155s
 138775 83001  498.00000  112   39          -  320.00000      -  18.5  160s
 144394 87076  543.00000  102   39          -  320.00000      -  18.4  165s
 148294 89774  458.00000   72   27          -  320.00000      -  18.4  170s
 154151 94018  498.00000  112   33          -  320.00000      -  18.4  175s
 160414 98855  378.00000   95   29          -  320.00000      -  18.2  180s
 167046 104078 infeasible  116               -  320.00000      -  18.1  185s
 171334 107448 infeasible  147               -  320.00000      -  18.1  190s
 177922 112724 infeasible  157               -  320.00000      -  17.9  195s
 184495 117959  577.00000  145   39          -  320.00000      -  17.8  200s
 190728 122913  510.00000  143   24          -  320.00000      -  17.7  205s
 197114 128008  361.00000  110   61          -  320.00000      -  17.6  210s
 201648 131611  394.00000  118   48          -  320.00000      -  17.6  215s
 207849 136687  498.00000  165   32          -  320.00000      -  17.5  220s
 213734 141202  480.00000   98   33          -  320.00000      -  17.5  225s
 219845 146084  510.00000  129   36          -  320.00000      -  17.4  230s
 224791 149866 infeasible  129               -  320.00000      -  17.4  235s
 231016 154717  614.00000   82   40          -  320.00000      -  17.3  240s
 237120 158584  480.00000  130   38          -  320.00000      -  17.3  245s
 240777 161048 infeasible  163               -  320.00000      -  17.3  250s
 246121 164800  506.00000  136   36          -  320.00000      -  17.4  255s
 252075 168929 infeasible  139               -  320.00000      -  17.3  260s
 256211 171967 infeasible  144               -  320.00000      -  17.3  265s
 261746 176032  384.00000  106   50          -  320.00000      -  17.3  270s
 267484 180279  415.00000  118   39          -  320.00000      -  17.3  275s
 273416 184717  464.00000  118   47          -  320.00000      -  17.3  280s
 277474 187760 infeasible  109               -  320.00000      -  17.3  285s
 283254 192249  519.00000   75   42          -  320.00000      -  17.3  290s
 289423 197076  458.00000  144   20          -  320.00000      -  17.3  295s
 295858 202196 infeasible  120               -  320.00000      -  17.2  300s
 301834 206916  548.00000   61   38          -  320.00000      -  17.2  305s
 306162 210305 infeasible  103               -  320.00000      -  17.2  310s
 312122 214922 infeasible  131               -  320.00000      -  17.2  315s
 317739 219087  458.00000   82   43          -  320.00000      -  17.2  320s
 323481 223308  320.00000   60   45          -  320.00000      -  17.2  325s
 328764 227127 infeasible  115               -  320.00000      -  17.2  330s
 333678 230775  397.00000   83   36          -  320.00000      -  17.2  335s
 340009 235470  421.00000   90   38          -  320.00000      -  17.1  340s
 345797 239847  365.00000   83   63          -  320.00000      -  17.1  345s
 350152 243123 infeasible  147               -  320.00000      -  17.1  350s
 355968 247365 infeasible  105               -  320.00000      -  17.1  355s
 361705 251381  458.00000   66   37          -  320.00000      -  17.1  360s
 366975 255132  498.00000   78   48          -  320.00000      -  17.1  365s
 371185 258078  498.00000   62   36          -  320.00000      -  17.1  370s
 376356 261619 infeasible   95               -  320.00000      -  17.1  375s
 381772 265587 infeasible  107               -  320.00000      -  17.1  380s
 387568 269857  335.00000  175   35          -  320.00000      -  17.1  385s
 392549 273800  486.00000  197   39          -  321.00000      -  17.1  390s
 397483 277560  321.00000   56   52          -  321.00000      -  17.1  395s
 403381 281994 infeasible  107               -  322.00000      -  17.0  400s
 409706 286651 infeasible   61               -  322.00000      -  17.0  405s
 416482 291870 infeasible  117               -  322.00000      -  17.0  410s
 420282 294790  323.00000   60   51          -  322.00000      -  17.0  415s
 426742 299918 infeasible   91               -  323.00000      -  16.9  420s
 431178 300751 infeasible  103               -  323.00000      -  17.0  425s
 436012 301429 infeasible  111               -  323.00000      -  17.0  430s
 441450 303074  422.00000  110   47          -  323.00000      -  17.0  435s
 446503 305009 infeasible  108               -  323.00000      -  17.0  440s
 449079 305868  418.00000   78   33          -  323.00000      -  17.0  445s
 453348 307027  419.00000   52   36          -  323.00000      -  17.0  450s
 458251 309526  416.00000  102   45          -  323.00000      -  17.1  455s
 462790 311758 infeasible   76               -  323.00000      -  17.1  460s
 468045 314359  429.00000   65   42          -  323.00000      -  17.1  465s
 471174 316072 infeasible   77               -  323.00000      -  17.1  470s
 475187 317776 infeasible   84               -  323.00000      -  17.1  475s
 479414 319528  420.00000   62   26          -  323.00000      -  17.2  480s
 483789 321940  388.00000   77   35          -  323.00000      -  17.2  485s
 489537 325097  425.00000  113   48          -  323.00000      -  17.2  490s
 493476 327172 infeasible  114               -  323.00000      -  17.2  495s
 498653 329810 infeasible   99               -  323.00000      -  17.2  500s
 504384 332714 infeasible  101               -  323.00000      -  17.2  505s
 509985 335632 infeasible   62               -  323.00000      -  17.2  510s
 514802 337362 infeasible   86               -  323.00000      -  17.2  515s
 519187 339184 infeasible   60               -  323.00000      -  17.2  520s
 521631 339947  383.00000   70   36          -  323.00000      -  17.3  525s
 526787 342107 infeasible   88               -  323.00000      -  17.3  530s
 531622 344353  323.00000   46   31          -  323.00000      -  17.3  535s
 536104 346957 infeasible   68               -  323.00000      -  17.3  540s
 540922 349780  383.00000   97   48          -  323.00000      -  17.3  545s
 543930 351389 infeasible   83               -  323.00000      -  17.4  550s
 549340 354926  378.00000   47   59          -  323.00000      -  17.4  555s
 554410 357406 infeasible   66               -  323.00000      -  17.4  560s
 559479 359890  413.00000   53   28          -  323.00000      -  17.4  565s
 564202 362106  373.00000  114   46          -  323.00000      -  17.5  570s
 566761 362783 infeasible  110               -  323.00000      -  17.5  575s
 570950 364280  430.00000   99   38          -  323.00000      -  17.6  580s
 575475 366117 infeasible   75               -  323.00000      -  17.6  585s
 580403 369029 infeasible   82               -  323.00000      -  17.6  590s
 582690 369820  414.00000   84   40          -  323.00000      -  17.7  595s
 587289 372365  383.00000   73   38          -  323.00000      -  17.7  600s
 591716 374478 infeasible   97               -  323.00000      -  17.7  605s
 596817 377564  405.00000   71   48          -  323.00000      -  17.8  610s
 600326 379419  412.00000   75   42          -  323.00000      -  17.8  615s
 605117 382021 infeasible   82               -  323.00000      -  17.8  620s
 610075 384569 infeasible   76               -  323.00000      -  17.8  625s
 613785 385838  349.68269   64   40          -  323.00000      -  17.9  630s
 618819 388762  408.00000   65   43          -  323.00000      -  17.9  635s
 623729 391113  354.00000   51   58          -  323.00000      -  17.9  640s
 627731 393477 infeasible   88               -  323.00000      -  17.9  645s
 633389 396985  446.00000   61   30          -  323.00000      -  17.9  650s
 637891 399111  404.00000   91   56          -  323.00000      -  17.9  655s
 641493 400874 infeasible   94               -  323.00000      -  17.9  660s
 646586 403953 infeasible   80               -  323.00000      -  18.0  665s
 652215 407638  422.00000   63   37          -  323.00000      -  18.0  670s
 658152 411728  606.00000   78   53          -  323.00000      -  17.9  675s
 664102 416092  385.00000   49   36          -  324.00000      -  17.9  680s
 668375 418652  498.00000   52   32          -  324.00000      -  17.9  685s
 674344 423000  458.00000   61   29          -  324.00000      -  17.9  690s
 681074 428311  540.00000  142   27          -  324.00000      -  17.9  695s
 687715 433521  569.00000   85   33          -  324.00000      -  17.9  700s
 692648 437409  327.00000   48   48          -  324.00000      -  17.9  705s
 698507 441771  495.00000  104   32          -  324.00000      -  17.9  710s
 704288 446155 infeasible  113               -  324.00000      -  17.9  715s
 710449 450738 infeasible  108               -  324.00000      -  17.9  720s
 715195 454302 infeasible   76               -  324.00000      -  17.9  725s
 721428 458996  438.00000   88   52          -  324.00000      -  17.8  730s
 727308 463238  545.00000  146   28          -  324.00000      -  17.8  735s
 733168 467423 infeasible  123               -  324.00000      -  17.8  740s
 737514 470728  324.00000   55   47          -  324.00000      -  17.8  745s
 743694 475275  499.00000  112   19          -  324.00000      -  17.8  750s
 749819 479659  423.00000  104   36          -  324.00000      -  17.8  755s
 756210 484220 infeasible  117               -  324.00000      -  17.8  760s
 762924 489083  444.00000  113   18          -  324.00000      -  17.8  765s
 767606 492672  405.00000  124   41          -  324.00000      -  17.8  770s
 773867 497391  565.00000  103   36          -  324.00000      -  17.8  775s
 779751 501903 infeasible  112               -  324.00000      -  17.8  780s
 785668 506475 infeasible  138               -  324.00000      -  17.8  785s
 791620 511019 infeasible   69               -  324.00000      -  17.7  790s
 796101 514156  422.00000   82   43          -  324.00000      -  17.7  795s
 801741 517905 infeasible   87               -  324.00000      -  17.8  800s
 807589 521860  510.00000   97   34          -  324.00000      -  17.8  805s
 813301 525978  500.00000   81   27          -  324.00000      -  17.8  810s
 818271 529736  567.00000   72   44          -  324.00000      -  17.7  815s
 824345 534504 infeasible   99               -  324.00000      -  17.7  820s
 830297 539034 infeasible  109               -  324.00000      -  17.7  825s
 836448 543660 infeasible  108               -  324.00000      -  17.7  830s
 840582 546834  361.00000   56   53          -  324.00000      -  17.7  835s
 846766 551793  565.00000   90   37          -  324.00000      -  17.7  840s
 853054 556697  540.00000  114   27          -  324.00000      -  17.7  845s
 859283 561662 infeasible   97               -  324.00000      -  17.7  850s
 864728 565552  578.00000   89   27          -  324.00000      -  17.7  855s
 868034 567922  485.00000  108   43          -  324.00000      -  17.7  860s
 873573 571977  567.00000  134   20          -  324.00000      -  17.7  865s
 879465 576208  464.00000   79   51          -  324.00000      -  17.7  870s
 885786 581154  485.00000   86   34          -  324.00000      -  17.7  875s
 891909 585890  485.00000   96   46          -  324.00000      -  17.7  880s
 897865 590471  411.00000   65   47          -  324.00000      -  17.7  885s
 902237 593995 infeasible  121               -  324.00000      -  17.7  890s
 908059 598227  556.00000   98   25          -  324.00000      -  17.7  895s

Cutting planes:
  Gomory: 2
  Implied bound: 4
  Projected implied bound: 6
  MIR: 7
  StrongCG: 1
  RLT: 1
  Relax-and-lift: 1

Explored 914111 nodes (16212433 simplex iterations) in 900.00 seconds (1383.80 work units)
Thread count was 1 (of 96 available processors)

Solution count 0

Time limit reached
Best objective -, best bound 3.240000000000e+02, gap -
Solver exception for Scheduling Data 9 | Model: Time Slots GDP | Transformation: gdp.bigm: Cannot load a SolverResults object with bad status: aborted

[GDP] Scheduling Data 9 | Model: Time Slots GDP | Transformation: gdp.hull
Set parameter TokenServer to value "mooring.ecn.purdue.edu"
Read LP format model from file /tmp/tmp17w_k_uu.pyomo.lp
Reading time = 0.02 seconds
x10172: 15781 rows, 10172 columns, 43801 nonzeros
Set parameter TimeLimit to value 900
Set parameter Threads to value 1
Gurobi Optimizer version 11.0.0 build v11.0.0rc2 (linux64 - "Oracle Linux Server 9.5")

CPU model: AMD EPYC 7643 48-Core Processor, instruction set [SSE2|AVX|AVX2]
Thread count: 48 physical cores, 96 logical processors, using up to 1 threads

Optimize a model with 15781 rows, 10172 columns and 43801 nonzeros
Model fingerprint: 0x28b3bf96
Variable types: 9032 continuous, 1140 integer (1140 binary)
Coefficient statistics:
  Matrix range     [1e+00, 1e+06]
  Objective range  [1e+00, 1e+00]
  Bounds range     [1e+00, 1e+06]
  RHS range        [1e+00, 1e+00]
Presolve removed 12126 rows and 7501 columns
Presolve time: 0.08s
Presolved: 3655 rows, 2671 columns, 11571 nonzeros
Variable types: 1771 continuous, 900 integer (900 binary)

Root relaxation: objective 8.474211e+02, 8927 iterations, 0.54 seconds (0.85 work units)

    Nodes    |    Current Node    |     Objective Bounds      |     Work
 Expl Unexpl |  Obj  Depth IntInf | Incumbent    BestBd   Gap | It/Node Time

     0     0  847.42105    0   42          -  847.42105      -     -    0s
     0     0  853.00000    0   49          -  853.00000      -     -    0s
     0     0  853.00000    0   46          -  853.00000      -     -    0s
     0     0  853.00000    0   48          -  853.00000      -     -    0s
     0     0  853.00000    0   48          -  853.00000      -     -    0s
     0     0  853.00000    0   30          -  853.00000      -     -    1s
     0     0  853.00000    0   29          -  853.00000      -     -    1s
     0     0  853.00000    0   31          -  853.00000      -     -    1s
     0     0  853.00000    0   30          -  853.00000      -     -    1s
     0     0  853.00000    0   31          -  853.00000      -     -    1s
     0     0  853.00000    0   20          -  853.00000      -     -    1s
     0     0  853.00000    0   20          -  853.00000      -     -    1s
     0     0  853.00000    0    4          -  853.00000      -     -    1s
     0     0  853.00000    0    4          -  853.00000      -     -    1s
     0     0  853.00000    0    7          -  853.00000      -     -    1s
     0     0  853.00000    0    7          -  853.00000      -     -    1s
H    0     0                     863.0000000  853.00000  1.16%     -    1s
H    0     0                     853.0000000  853.00000  0.00%     -    1s
     0     0  853.00000    0    7  853.00000  853.00000  0.00%     -    1s

Cutting planes:
  Implied bound: 1
  MIR: 10
  Flow cover: 10

Explored 1 nodes (18577 simplex iterations) in 1.74 seconds (2.28 work units)
Thread count was 1 (of 96 available processors)

Solution count 2: 853 863 

Optimal solution found (tolerance 1.00e-04)
Best objective 8.530000000000e+02, best bound 8.530000000000e+02, gap 0.0000%
Time: 2.57 sec, Objective: 853.0, Termination: optimal

[GDP] Scheduling Data 10 | Model: General Precedence GDP | Transformation: gdp.bigm
Set parameter TokenServer to value "mooring.ecn.purdue.edu"
Read LP format model from file /tmp/tmp1p75sn6m.pyomo.lp
Reading time = 0.00 seconds
x902: 1396 rows, 902 columns, 3601 nonzeros
Set parameter TimeLimit to value 900
Set parameter Threads to value 1
Gurobi Optimizer version 11.0.0 build v11.0.0rc2 (linux64 - "Oracle Linux Server 9.5")

CPU model: AMD EPYC 7643 48-Core Processor, instruction set [SSE2|AVX|AVX2]
Thread count: 48 physical cores, 96 logical processors, using up to 1 threads

Optimize a model with 1396 rows, 902 columns and 3601 nonzeros
Model fingerprint: 0x76c8ea41
Variable types: 32 continuous, 870 integer (870 binary)
Coefficient statistics:
  Matrix range     [1e+00, 1e+03]
  Objective range  [1e+00, 1e+00]
  Bounds range     [1e+00, 1e+03]
  RHS range        [1e+00, 1e+03]
Presolve removed 806 rows and 622 columns
Presolve time: 0.01s
Presolved: 590 rows, 280 columns, 1706 nonzeros
Variable types: 31 continuous, 249 integer (249 binary)

Root relaxation: objective 5.780000e+02, 168 iterations, 0.00 seconds (0.00 work units)

    Nodes    |    Current Node    |     Objective Bounds      |     Work
 Expl Unexpl |  Obj  Depth IntInf | Incumbent    BestBd   Gap | It/Node Time

     0     0  578.00000    0   30          -  578.00000      -     -    0s
     0     0  578.00000    0   42          -  578.00000      -     -    0s
     0     0  578.00000    0   42          -  578.00000      -     -    0s
     0     0  578.00000    0   44          -  578.00000      -     -    0s
     0     0  578.35630    0   36          -  578.35630      -     -    0s
     0     0  578.35630    0   43          -  578.35630      -     -    0s
     0     0  580.31564    0   46          -  580.31564      -     -    0s
     0     0  580.31564    0   44          -  580.31564      -     -    0s
     0     0  580.58815    0   45          -  580.58815      -     -    0s
     0     0  580.77461    0   43          -  580.77461      -     -    0s
     0     0  581.01246    0   43          -  581.01246      -     -    0s
     0     0  581.01246    0   43          -  581.01246      -     -    0s
     0     0  582.35375    0   44          -  582.35375      -     -    0s
     0     0  582.35375    0   42          -  582.35375      -     -    0s
     0     0  582.60048    0   44          -  582.60048      -     -    0s
     0     0  582.60048    0   44          -  582.60048      -     -    0s
     0     0  582.71395    0   40          -  582.71395      -     -    0s
     0     0  582.71395    0   41          -  582.71395      -     -    0s
     0     0  582.71395    0   54          -  582.71395      -     -    0s
     0     0  582.71395    0   54          -  582.71395      -     -    0s
     0     0  582.71395    0   35          -  582.71395      -     -    0s
     0     0  582.71395    0   31          -  582.71395      -     -    0s
     0     0  582.96312    0   48          -  582.96312      -     -    0s
     0     0  583.48551    0   40          -  583.48551      -     -    0s
     0     0  583.49508    0   41          -  583.49508      -     -    0s
     0     0  583.49508    0   44          -  583.49508      -     -    0s
     0     0  583.49508    0   48          -  583.49508      -     -    0s
     0     0  583.49508    0   46          -  583.49508      -     -    0s
     0     0  583.49508    0   48          -  583.49508      -     -    0s
     0     0  583.49508    0   51          -  583.49508      -     -    0s
     0     0  583.79970    0   46          -  583.79970      -     -    0s
     0     0  583.83263    0   44          -  583.83263      -     -    0s
     0     0  583.83263    0   36          -  583.83263      -     -    0s
     0     0  583.83263    0   56          -  583.83263      -     -    0s
     0     0  583.83263    0   51          -  583.83263      -     -    0s
     0     0  584.38019    0   52          -  584.38019      -     -    0s
     0     0  584.83320    0   52          -  584.83320      -     -    0s
     0     0  584.83320    0   45          -  584.83320      -     -    0s
     0     0  584.83320    0   47          -  584.83320      -     -    0s
     0     0  584.83320    0   43          -  584.83320      -     -    0s
     0     0  584.83320    0   50          -  584.83320      -     -    0s
     0     0  584.83320    0   42          -  584.83320      -     -    0s
     0     0  584.83320    0   43          -  584.83320      -     -    0s
     0     0  584.83320    0   44          -  584.83320      -     -    0s
     0     0  584.83320    0   35          -  584.83320      -     -    0s
     0     0  584.83320    0   47          -  584.83320      -     -    0s
     0     0  584.83320    0   45          -  584.83320      -     -    0s
     0     0  584.83320    0   34          -  584.83320      -     -    0s
     0     2  589.00000    0   30          -  589.00000      -     -    0s
* 5052  2962              63     929.0000000  655.00000  29.5%   4.9    1s
H 5437  3172                     928.9999999  658.00000  29.2%   4.9    2s
 10215  5821  719.00000   32   41  929.00000  660.00000  29.0%   5.7    5s
 20066  7222 infeasible   48       929.00000  660.00000  29.0%   7.3   10s
 37644 12410  732.00000   52   16  929.00000  668.00000  28.1%   7.0   15s
 54160 19036  708.00000   50   15  929.00000  676.00000  27.2%   6.9   20s
 70455 25513  790.00000   52   11  929.00000  684.00000  26.4%   6.9   25s
 89984 34087  778.00000   50   10  929.00000  687.13333  26.0%   6.7   30s
 107571 40849 infeasible   59       929.00000  691.00000  25.6%   6.6   35s
 125199 47470 infeasible   51       929.00000  693.00000  25.4%   6.5   40s
 143730 53863  698.28571   54   22  929.00000  695.29091  25.2%   6.4   45s
 161782 59959  788.00000   52   11  929.00000  699.00000  24.8%   6.4   50s
 177659 65174  700.00000   47   17  929.00000  700.00000  24.7%   6.4   55s
 195568 71265  719.00000   50   13  929.00000  703.00000  24.3%   6.3   60s
 213674 77011  864.00000   56    6  929.00000  705.00000  24.1%   6.3   65s
 230665 83303  770.00000   40   17  929.00000  705.00000  24.1%   6.3   70s
 249670 90311 infeasible   51       929.00000  705.76923  24.0%   6.2   75s
 269539 98195  829.00000   54    8  929.00000  706.00000  24.0%   6.2   80s
 289024 105248  761.00000   61   12  929.00000  706.00000  24.0%   6.1   85s
 307102 111212  839.00000   58    6  929.00000  708.00000  23.8%   6.1   90s
 326361 117689  761.00000   58   14  929.00000  709.00000  23.7%   6.0   95s
 345477 123317  778.00000   58   11  929.00000  711.00000  23.5%   6.0  100s
 364195 129422  795.00000   55   13  929.00000  713.00000  23.3%   6.0  105s
 382186 134697  778.00000   50   12  929.00000  714.00000  23.1%   6.0  110s
 402386 142205  749.00000   45   11  929.00000  714.00000  23.1%   5.9  115s
 420779 148538  842.00000   60    6  929.00000  715.00000  23.0%   5.9  120s
 439599 155115  769.00000   61   14  929.00000  716.00000  22.9%   5.9  125s
 457258 160571  804.00000   54    8  929.00000  717.00000  22.8%   5.9  130s
 475910 166499  740.00000   45   16  929.00000  718.00000  22.7%   5.9  135s
 495004 173361 infeasible   69       929.00000  718.00000  22.7%   5.9  140s
 513278 179440  782.00000   50   13  929.00000  718.00000  22.7%   5.9  145s
 532591 186359 infeasible   61       929.00000  719.00000  22.6%   5.8  150s
 551541 192434 infeasible   56       929.00000  720.00000  22.5%   5.8  155s
 569512 198231  754.00000   65   13  929.00000  720.00000  22.5%   5.8  160s
 587580 203991 infeasible   53       929.00000  721.00000  22.4%   5.8  165s
 605608 210465  872.00000   66    5  929.00000  721.00000  22.4%   5.8  170s
 624434 216598  771.00000   54    9  929.00000  722.00000  22.3%   5.8  175s
 643400 223010 infeasible   45       929.00000  722.00000  22.3%   5.8  180s
 661241 228887  804.00000   54    9  929.00000  723.00000  22.2%   5.8  185s
 681243 235184 infeasible   61       929.00000  724.00000  22.1%   5.8  190s
 700270 241458  789.00000   52   11  929.00000  724.00000  22.1%   5.8  195s
 718401 247467  766.00000   54   14  929.00000  724.00000  22.1%   5.8  200s
 737216 254204  829.00000   66   10  929.00000  724.00000  22.1%   5.8  205s
 757266 261488  839.00000   69    9  929.00000  724.00000  22.1%   5.7  210s
 775584 268504  891.00000   69    8  929.00000  724.00000  22.1%   5.7  215s
 794091 274746  725.00000   57   14  929.00000  725.00000  22.0%   5.7  220s
 812273 279963  761.00000   41   15  929.00000  726.00000  21.9%   5.7  225s
 829973 285779  789.00000   61   12  929.00000  727.00000  21.7%   5.7  230s
 848950 291458  819.00000   54    8  929.00000  727.00000  21.7%   5.7  235s
 867476 297576 infeasible   56       929.00000  728.00000  21.6%   5.7  240s
 886490 303509  839.00000   56    7  929.00000  728.00000  21.6%   5.7  245s
 904865 309448  875.00000   60    8  929.00000  728.00000  21.6%   5.7  250s
 924234 315399 infeasible   62       929.00000  729.00000  21.5%   5.7  255s
 942425 321211  788.00000   50   12  929.00000  730.00000  21.4%   5.7  260s
 961248 327226 infeasible   49       929.00000  730.00000  21.4%   5.7  265s
 979530 333079  829.00000   66   11  929.00000  731.00000  21.3%   5.7  270s
 996990 338960  745.00000   53   15  929.00000  731.00000  21.3%   5.7  275s
 1015774 345125  782.00000   53   11  929.00000  732.00000  21.2%   5.7  280s
 1033917 350984  859.00000   61    8  929.00000  732.00000  21.2%   5.7  285s
 1052551 357366  788.00000   56   10  929.00000  732.00000  21.2%   5.7  290s
 1070182 363712  782.00000   60   11  929.00000  732.00000  21.2%   5.7  295s
 1089201 370965  807.00000   59    9  929.00000  732.00000  21.2%   5.7  300s
 1107870 377130 infeasible   58       929.00000  732.00000  21.2%   5.7  305s
 1127829 384771 infeasible   76       929.00000  733.00000  21.1%   5.7  310s
 1147725 392194 infeasible   68       929.00000  733.00000  21.1%   5.7  315s
 1167823 399193 infeasible   58       929.00000  733.00000  21.1%   5.7  320s
 1189330 407288  864.00000   58    6  929.00000  733.00000  21.1%   5.6  325s
 1209563 415142  766.00000   52   11  929.00000  733.00000  21.1%   5.6  330s
 1229225 421839  829.00000   49    8  929.00000  733.00000  21.1%   5.6  335s
 1250147 428699 infeasible   50       929.00000  733.00000  21.1%   5.6  340s
 1268353 434637  733.00000   55   18  929.00000  733.00000  21.1%   5.6  345s
 1287191 440087  738.00000   49   13  929.00000  734.00000  21.0%   5.6  350s
 1305969 446675 infeasible   62       929.00000  734.00000  21.0%   5.6  355s
 1324546 453251 infeasible   63       929.00000  734.00000  21.0%   5.6  360s
 1344209 460337 infeasible   65       929.00000  734.00000  21.0%   5.6  365s
 1363175 466750  762.00000   46   12  929.00000  735.00000  20.9%   5.6  370s
 1382284 473178  820.00000   57    9  929.00000  736.00000  20.8%   5.6  375s
 1401566 480683  803.00000   51    8  929.00000  736.00000  20.8%   5.6  380s
 1420086 486791 infeasible   44       929.00000  736.00000  20.8%   5.6  385s
 1439518 492383  764.00000   55   14  929.00000  737.00000  20.7%   5.6  390s
 1458619 498926 infeasible   62       929.00000  737.00000  20.7%   5.6  395s
 1477233 504426  782.00000   48   11  929.00000  737.00000  20.7%   5.6  400s
 1495860 509895 infeasible   55       929.00000  737.00000  20.7%   5.6  405s
 1513885 515735  814.00000   59    7  929.00000  738.00000  20.6%   5.6  410s
 1533947 522015  817.00000   55    7  929.00000  738.00000  20.6%   5.6  415s
 1553490 527337  845.00000   69    9  929.00000  738.28571  20.5%   5.6  420s
 1571669 532742 infeasible   56       929.00000  739.00000  20.5%   5.6  425s
 1591871 538840  842.00000   62    5  929.00000  739.00000  20.5%   5.6  430s
 1612249 544793  842.00000   62    8  929.00000  739.00000  20.5%   5.6  435s
 1631989 551840 infeasible   51       929.00000  739.00000  20.5%   5.5  440s
 1651152 558071  781.00000   62   12  929.00000  739.00000  20.5%   5.5  445s
 1670461 564400 infeasible   52       929.00000  739.00000  20.5%   5.5  450s
 1690060 570984 infeasible   73       929.00000  739.00000  20.5%   5.5  455s
 1708957 576985  751.00000   49   13  929.00000  740.00000  20.3%   5.5  460s
 1728233 583060  740.00000   51   14  929.00000  740.00000  20.3%   5.5  465s
 1747142 588739  767.00000   50   12  929.00000  740.00000  20.3%   5.5  470s
 1765641 594678  782.00000   56   12  929.00000  740.00000  20.3%   5.5  475s
 1785587 600513  789.00000   58   11  929.00000  740.00000  20.3%   5.5  480s
 1803728 606387  855.00000   66    9  929.00000  740.00000  20.3%   5.5  485s
 1823511 612912 infeasible   60       929.00000  740.00000  20.3%   5.5  490s
 1842141 618448  797.00000   52    9  929.00000  740.28571  20.3%   5.5  495s
 1860712 623243 infeasible   56       929.00000  741.00000  20.2%   5.5  500s
 1879912 629449  785.00000   56   11  929.00000  741.00000  20.2%   5.5  505s
 1898087 634462  829.00000   68    7  929.00000  742.00000  20.1%   5.5  510s
 1917646 641129  856.00000   70    8  929.00000  742.00000  20.1%   5.5  515s
 1935685 646804  869.00000   76    5  929.00000  742.00000  20.1%   5.5  520s
 1954683 652269  765.00000   56   10  929.00000  743.00000  20.0%   5.5  525s
 1974303 659085  765.00000   62   11  929.00000  743.00000  20.0%   5.5  530s
 1994268 665893 infeasible   69       929.00000  743.00000  20.0%   5.5  535s
 2014628 672902  755.00000   57   11  929.00000  743.00000  20.0%   5.5  540s
 2032912 678854  743.00000   54   14  929.00000  743.00000  20.0%   5.5  545s
 2051226 683835  819.00000   50    7  929.00000  744.00000  19.9%   5.5  550s
 2070174 688907  789.00000   59   13  929.00000  744.00000  19.9%   5.5  555s
 2089348 694400  773.00000   58   13  929.00000  744.00000  19.9%   5.5  560s
 2109904 701164 infeasible   69       929.00000  744.00000  19.9%   5.5  565s
 2128919 706860  874.00000   59    7  929.00000  744.00000  19.9%   5.5  570s
 2147603 712590  750.00000   45   13  929.00000  744.00000  19.9%   5.5  575s
 2166509 717491  778.00000   53   12  929.00000  745.00000  19.8%   5.5  580s
 2183459 722231  869.00000   66    7  929.00000  745.00000  19.8%   5.5  585s
 2201978 728348 infeasible   50       929.00000  745.00000  19.8%   5.5  590s
 2220445 733395  765.00000   48   12  929.00000  746.00000  19.7%   5.5  595s
 2239939 739609 infeasible   61       929.00000  746.00000  19.7%   5.5  600s
 2259020 745878  788.00000   55   12  929.00000  746.00000  19.7%   5.5  605s
 2279973 753135  788.00000   58   11  929.00000  746.00000  19.7%   5.5  610s
 2299645 759982  836.00000   63    9  929.00000  746.00000  19.7%   5.5  615s
 2318437 766055  804.00000   53   12  929.00000  746.00000  19.7%   5.5  620s
 2337940 772100  798.00000   58   12  929.00000  746.00000  19.7%   5.5  625s
 2356984 778113  746.00000   64   15  929.00000  746.00000  19.7%   5.5  630s
 2376585 784359  921.00000   68    1  929.00000  747.00000  19.6%   5.5  635s
 2396646 791656  839.00000   57    7  929.00000  747.00000  19.6%   5.5  640s
 2416246 798867  747.00000   49   13  929.00000  747.00000  19.6%   5.5  645s
 2437107 806716  839.00000   73    8  929.00000  747.00000  19.6%   5.5  650s
 2457128 813967  814.00000   55    9  929.00000  747.00000  19.6%   5.5  655s
 2477312 821105  782.00000   59   11  929.00000  747.00000  19.6%   5.5  660s
 2496103 827646 infeasible   51       929.00000  747.00000  19.6%   5.5  665s
 2517108 835195  766.00000   58   11  929.00000  747.00000  19.6%   5.5  670s
 2536651 842363  785.00000   52   12  929.00000  747.00000  19.6%   5.5  675s
 2555601 849057  800.00000   50    8  929.00000  747.00000  19.6%   5.5  680s
 2575308 855701 infeasible   56       929.00000  747.00000  19.6%   5.5  685s
 2593880 861552  785.00000   62   14  929.00000  747.00000  19.6%   5.5  690s
 2612552 867735 infeasible   62       929.00000  747.87500  19.5%   5.5  695s
 2630813 873907  782.00000   56   12  929.00000  748.00000  19.5%   5.5  700s
 2649472 879830  748.00000   45   12  929.00000  748.00000  19.5%   5.5  705s
 2667602 885562 infeasible   57       929.00000  748.00000  19.5%   5.5  710s
 2685204 891218  782.00000   57   10  929.00000  748.00000  19.5%   5.5  715s
 2703134 897614 infeasible   68       929.00000  748.00000  19.5%   5.5  720s
 2722971 904859  826.00000   54    8  929.00000  748.00000  19.5%   5.5  725s
 2743645 912401  786.00000   51   12  929.00000  748.00000  19.5%   5.5  730s
 2763536 919280 infeasible   62       929.00000  748.00000  19.5%   5.5  735s
 2783667 926582  748.00000   56   14  929.00000  748.00000  19.5%   5.5  740s
 2802367 932418 infeasible   51       929.00000  748.00000  19.5%   5.5  745s
 2820379 938053  748.00000   56   16  929.00000  748.00000  19.5%   5.5  750s
 2839368 944045  834.00000   58    6  929.00000  749.00000  19.4%   5.5  755s
 2859368 951175  819.00000   64   11  929.00000  749.00000  19.4%   5.5  760s
 2878799 957577  839.00000   60    8  929.00000  749.00000  19.4%   5.5  765s
 2898292 963186  771.00000   48   11  929.00000  749.00000  19.4%   5.5  770s
 2917809 968779 infeasible   69       929.00000  749.00000  19.4%   5.5  775s
 2936628 974350  768.00000   45   10  929.00000  749.00000  19.4%   5.5  780s
 2956101 981033  749.00000   58   12  929.00000  749.00000  19.4%   5.5  785s
 2974937 987431  819.00000   56   10  929.00000  749.00000  19.4%   5.5  790s
 2993580 993946  799.00000   59   10  929.00000  750.00000  19.3%   5.5  795s
 3013526 1000927  750.00000   50   15  929.00000  750.00000  19.3%   5.5  800s
 3031738 1006539  797.00000   54   11  929.00000  750.00000  19.3%   5.5  805s
 3049593 1011650  799.00000   51   13  929.00000  750.00000  19.3%   5.5  810s
 3070401 1018025  751.00000   53   13  929.00000  751.00000  19.2%   5.5  815s
 3090091 1024464  836.00000   53    8  929.00000  751.00000  19.2%   5.5  820s
 3109122 1029881  814.00000   64   10  929.00000  751.00000  19.2%   5.5  825s
 3129697 1036308 infeasible   57       929.00000  751.00000  19.2%   5.4  830s
 3148288 1041882  751.00000   49   14  929.00000  751.00000  19.2%   5.5  835s
 3167767 1048557 infeasible   52       929.00000  751.00000  19.2%   5.4  840s
 3186292 1054310 infeasible   64       929.00000  751.00000  19.2%   5.4  845s
 3206386 1060862  799.00000   58    9  929.00000  751.00000  19.2%   5.4  850s
 3224720 1065741  861.00000   65    7  929.00000  751.00000  19.2%   5.4  855s
 3241264 1070341  846.00000   50    9  929.00000  751.00000  19.2%   5.5  860s
 3260448 1076112  789.00000   58   10  929.00000  751.00000  19.2%   5.5  865s
 3279841 1081791  778.62500   53   11  929.00000  751.00000  19.2%   5.5  870s
 3297840 1086349 infeasible   63       929.00000  751.00000  19.2%   5.5  875s
 3317337 1092950  814.00000   53    9  929.00000  751.00000  19.2%   5.4  880s
 3334600 1098340 infeasible   60       929.00000  751.00000  19.2%   5.5  885s
 3354181 1104238  767.00000   54   14  929.00000  751.00000  19.2%   5.5  890s
 3372876 1109881  824.00000   62    9  929.00000  751.00000  19.2%   5.5  895s

Cutting planes:
  Learned: 1
  Gomory: 3
  Cover: 2
  MIR: 3
  Flow cover: 6
  Zero half: 1
  Relax-and-lift: 1

Explored 3393386 nodes (18512020 simplex iterations) in 900.00 seconds (765.12 work units)
Thread count was 1 (of 96 available processors)

Solution count 2: 929 929 

Time limit reached
Best objective 9.289999999070e+02, best bound 7.510000000000e+02, gap 19.1604%
WARNING: Loading a SolverResults object with an 'aborted' status, but
    containing a solution
Time: 901.45 sec, Objective: 928.9999999069998, Termination: maxTimeLimit

[GDP] Scheduling Data 10 | Model: General Precedence GDP | Transformation: gdp.hull
Set parameter TokenServer to value "mooring.ecn.purdue.edu"
Read LP format model from file /tmp/tmpig26gxlg.pyomo.lp
Reading time = 0.01 seconds
x2642: 5746 rows, 2642 columns, 13171 nonzeros
Set parameter TimeLimit to value 900
Set parameter Threads to value 1
Gurobi Optimizer version 11.0.0 build v11.0.0rc2 (linux64 - "Oracle Linux Server 9.5")

CPU model: AMD EPYC 7643 48-Core Processor, instruction set [SSE2|AVX|AVX2]
Thread count: 48 physical cores, 96 logical processors, using up to 1 threads

Optimize a model with 5746 rows, 2642 columns and 13171 nonzeros
Model fingerprint: 0xbd74ef85
Variable types: 1772 continuous, 870 integer (870 binary)
Coefficient statistics:
  Matrix range     [1e+00, 1e+03]
  Objective range  [1e+00, 1e+00]
  Bounds range     [1e+00, 1e+03]
  RHS range        [1e+00, 1e+03]
Presolve removed 3072 rows and 1838 columns
Presolve time: 0.04s
Presolved: 2674 rows, 804 columns, 7445 nonzeros
Variable types: 555 continuous, 249 integer (249 binary)

Root relaxation: objective 5.780000e+02, 968 iterations, 0.01 seconds (0.01 work units)

    Nodes    |    Current Node    |     Objective Bounds      |     Work
 Expl Unexpl |  Obj  Depth IntInf | Incumbent    BestBd   Gap | It/Node Time

     0     0  578.00000    0   48          -  578.00000      -     -    0s
     0     0  578.09434    0   63          -  578.09434      -     -    0s
     0     0  579.00000    0   56          -  579.00000      -     -    0s
     0     0  579.23268    0   61          -  579.23268      -     -    0s
     0     0  579.49692    0   59          -  579.49692      -     -    0s
     0     0  579.49692    0   68          -  579.49692      -     -    0s
     0     0  580.89954    0   70          -  580.89954      -     -    0s
     0     0  581.43788    0   71          -  581.43788      -     -    0s
     0     0  581.43788    0   69          -  581.43788      -     -    0s
     0     0  581.43788    0   70          -  581.43788      -     -    0s
     0     0  583.82357    0   73          -  583.82357      -     -    0s
     0     0  583.83807    0   65          -  583.83807      -     -    0s
     0     0  583.87940    0   63          -  583.87940      -     -    0s
     0     0  583.87940    0   63          -  583.87940      -     -    0s
     0     0  583.88701    0   63          -  583.88701      -     -    0s
     0     0  583.88701    0   62          -  583.88701      -     -    0s
     0     0  583.88701    0   63          -  583.88701      -     -    0s
     0     0  583.88701    0   62          -  583.88701      -     -    0s
     0     0  583.88701    0   52          -  583.88701      -     -    0s
     0     0  583.88701    0   55          -  583.88701      -     -    0s
     0     0  583.88701    0   60          -  583.88701      -     -    0s
     0     0  583.88701    0   62          -  583.88701      -     -    0s
     0     0  583.88701    0   61          -  583.88701      -     -    0s
     0     0  583.88701    0   59          -  583.88701      -     -    0s
     0     2  584.18882    0   55          -  584.18882      -     -    0s
  1140   641  655.00000   20   63          -  618.00000      -  37.0    5s
  3498  1985  737.00000   39   47          -  643.00000      -  39.5   10s
  6157  3731 infeasible   40               -  649.00000      -  38.0   15s
  8816  5518  667.00000   21   62          -  653.00000      -  37.9   20s
 10202  6421 infeasible   36               -  656.00000      -  37.8   27s
 11560  7272  820.00000   40   17          -  657.00000      -  37.6   30s
 14342  8973  748.00000   34   37          -  663.33333      -  37.2   35s
 17294 10755  793.00000   28   25          -  667.00000      -  36.8   40s
H19157 11848                    1086.0000000  669.00000  38.4%  36.5   43s
H19157 11847                     974.0000000  669.00000  31.3%  36.5   43s
 19808 12138 infeasible   43       974.00000  670.00000  31.2%  36.8   45s
H20269 12425                     973.0000000  670.00000  31.1%  36.6   46s
H20349 12467                     972.0000000  670.00000  31.1%  36.6   46s
 21107 12923  711.00000   35   30  972.00000  670.00000  31.1%  36.2   50s
 23960 14511  781.00000   29   37  972.00000  670.00000  31.1%  35.2   55s
 27431 16338  670.00000   29   46  972.00000  670.00000  31.1%  34.2   60s
 31628 18437  761.00000   38   36  972.00000  670.00000  31.1%  32.3   65s
 35127 20109  750.00000   36   34  972.00000  670.00000  31.1%  31.4   70s
*38375 21725              61     931.0000000  670.00000  28.0%  31.0   74s
 38596 21842  767.00000   42   20  931.00000  670.00000  28.0%  30.9   75s
 42749 23927 infeasible   33       931.00000  670.00000  28.0%  30.0   80s
*44093 24698              73     929.0000000  670.00000  27.9%  29.9   82s
 46239 25954  764.00000   40   28  929.00000  670.00000  27.9%  29.7   85s
 49552 27816 infeasible   39       929.00000  670.00000  27.9%  29.6   90s
 53480 29894  709.00000   32   47  929.00000  670.00000  27.9%  29.1   95s
 56245 31271  831.00000   46   16  929.00000  670.00000  27.9%  29.4  100s
 59729 33225  753.00000   27   37  929.00000  670.00000  27.9%  29.2  105s
 63108 34937  797.00000   44   23  929.00000  670.00000  27.9%  29.0  110s
 66017 36379  749.00000   31   27  929.00000  671.00000  27.8%  29.3  115s
 67992 37287  829.00000   40   23  929.00000  671.00000  27.8%  29.8  120s
 70475 38500  673.00000   39   47  929.00000  672.00000  27.7%  30.1  125s
 74213 40119  747.00000   31   34  929.00000  672.00000  27.7%  29.9  130s
 77306 41568  732.00000   33   32  929.00000  673.00000  27.6%  30.0  135s
 80593 43008  718.00000   37   31  929.00000  674.00000  27.4%  29.8  140s
 83141 43890  835.00000   49   18  929.00000  674.00000  27.4%  30.0  145s
 86201 45293  690.00000   36   39  929.00000  674.00000  27.4%  29.9  150s
 89288 46778 infeasible   46       929.00000  675.00000  27.3%  29.9  155s
 92545 48224  764.00000   49   25  929.00000  675.00000  27.3%  29.7  160s
 95548 49648 infeasible   35       929.00000  675.00000  27.3%  29.7  165s
 98950 51186  751.00000   40   21  929.00000  675.62500  27.3%  29.6  170s
 101970 52520 infeasible   48       929.00000  676.00000  27.2%  29.6  175s
 105140 53905 infeasible   40       929.00000  676.00000  27.2%  29.6  180s
 107639 54863  737.00000   33   26  929.00000  676.00000  27.2%  29.6  185s
 110681 56138 infeasible   44       929.00000  676.00000  27.2%  29.6  190s
 113607 57207  705.00000   28   47  929.00000  676.00000  27.2%  29.6  195s
 116556 58705 infeasible   28       929.00000  676.00000  27.2%  29.6  200s
H118806 59831                     928.9999999  676.00000  27.2%  29.5  203s
 119181 60053  734.00000   33   38  929.00000  676.00000  27.2%  29.5  205s
 121642 60964  703.00000   35   39  929.00000  676.00000  27.2%  29.7  210s
 124622 62257  903.00000   59   13  929.00000  677.00000  27.1%  29.7  215s
 128103 63884  784.00000   35   26  929.00000  677.00000  27.1%  29.6  220s
 131270 65306  719.00000   47   24  929.00000  678.00000  27.0%  29.6  225s
 134262 66479 infeasible   44       929.00000  678.00000  27.0%  29.6  230s
 136796 67400 infeasible   40       929.00000  678.00000  27.0%  29.7  235s
 138983 68183  726.00000   37   37  929.00000  679.00000  26.9%  29.8  240s
 142153 69581  715.00000   28   63  929.00000  680.00000  26.8%  29.7  245s
 146295 71254  783.00000   42   18  929.00000  680.00000  26.8%  29.5  250s
 149422 72463  713.00000   34   37  929.00000  680.00000  26.8%  29.5  255s
 152577 73719 infeasible   44       929.00000  680.00000  26.8%  29.5  260s
 155843 75153  846.00000   38   13  929.00000  680.00000  26.8%  29.4  265s
 158877 76371 infeasible   36       929.00000  680.00000  26.8%  29.3  270s
 163384 78873  731.00000   41   35  929.00000  680.00000  26.8%  29.0  275s
 167628 80866  775.00000   34   50  929.00000  680.00000  26.8%  28.8  280s
 170815 82187  849.00000   55   19  929.00000  681.00000  26.7%  28.8  285s
 173405 83175 infeasible   33       929.00000  682.00000  26.6%  28.9  290s
 176638 84577  769.00000   40   30  929.00000  683.00000  26.5%  28.9  295s
 179525 85924 infeasible   49       929.00000  683.13333  26.5%  28.9  300s
 182495 87132  717.00000   24   53  929.00000  684.00000  26.4%  29.0  305s
 185682 88455  764.00000   45   33  929.00000  685.00000  26.3%  28.9  310s
 188231 89297 infeasible   39       929.00000  685.00000  26.3%  29.0  315s
 190551 90054  754.30769   28   30  929.00000  685.00000  26.3%  29.1  320s
 192865 90830  740.00000   36   29  929.00000  685.00000  26.3%  29.2  325s
 195290 91658  816.00000   38   22  929.00000  685.00000  26.3%  29.3  330s
 197540 92367  761.00000   30   36  929.00000  685.00000  26.3%  29.4  335s
 201068 94238  732.00000   29   40  929.00000  685.00000  26.3%  29.3  340s
 203892 95491  732.00000   35   24  929.00000  685.00000  26.3%  29.3  345s
 207089 97031  746.00000   37   20  929.00000  685.00000  26.3%  29.3  350s
 210005 98258  719.00000   32   35  929.00000  685.00000  26.3%  29.3  355s
 212798 99421  734.00000   34   28  929.00000  685.00000  26.3%  29.3  360s
 215764 100684  812.00000   48   19  929.00000  685.00000  26.3%  29.4  365s
 218230 101698  717.00000   32   35  929.00000  685.00000  26.3%  29.4  370s
 221740 103371 infeasible   46       929.00000  685.00000  26.3%  29.4  375s
 224364 104671  784.00000   21   31  929.00000  685.00000  26.3%  29.4  380s
 227864 106515 infeasible   51       929.00000  685.00000  26.3%  29.4  385s
 231219 108015  718.00000   37   52  929.00000  685.00000  26.3%  29.4  390s
 234235 109491  723.00000   41   27  929.00000  685.00000  26.3%  29.4  395s
 237195 110787  727.00000   30   35  929.00000  685.00000  26.3%  29.4  400s
 239713 112132  732.00000   39   36  929.00000  685.00000  26.3%  29.4  405s
 243319 113860  717.00000   25   44  929.00000  685.00000  26.3%  29.4  410s
 246426 115377  853.00000   41   22  929.00000  685.00000  26.3%  29.4  415s
 249592 116815  761.00000   39   35  929.00000  685.00000  26.3%  29.4  420s
 252630 118060  810.00000   38   22  929.00000  685.00000  26.3%  29.4  425s
 255639 119378 infeasible   27       929.00000  685.00000  26.3%  29.4  430s
 258924 120773  761.00000   29   31  929.00000  685.00000  26.3%  29.3  435s
 262108 122182 infeasible   38       929.00000  685.00000  26.3%  29.3  440s
 265040 123705 infeasible   39       929.00000  685.00000  26.3%  29.3  445s
 268067 125031  862.00000   49   14  929.00000  686.00000  26.2%  29.3  450s
 271127 126142 infeasible   46       929.00000  686.00000  26.2%  29.3  455s
 273974 127091 infeasible   45       929.00000  686.32075  26.1%  29.3  460s
 277195 128553 infeasible   37       929.00000  687.00000  26.0%  29.3  465s
 280233 129736  883.00000   43    9  929.00000  687.00000  26.0%  29.3  470s
 283690 131366  719.00000   30   34  929.00000  687.00000  26.0%  29.2  475s
 286781 132752  762.00000   34   26  929.00000  687.00000  26.0%  29.3  480s
 289365 133849 infeasible   35       929.00000  687.00000  26.0%  29.3  485s
 292396 135213 infeasible   37       929.00000  687.00000  26.0%  29.3  490s
 294977 136231  861.00000   48   12  929.00000  687.00000  26.0%  29.3  495s
 297856 137578 infeasible   43       929.00000  687.00000  26.0%  29.3  500s
 300870 139050  701.00000   30   51  929.00000  687.00000  26.0%  29.4  505s
 303498 140123  718.00000   32   34  929.00000  687.00000  26.0%  29.4  510s
 306279 140987 infeasible   47       929.00000  688.00000  25.9%  29.4  515s
 308616 141941 infeasible   43       929.00000  688.00000  25.9%  29.5  520s
 311090 142827  688.00000   25   29  929.00000  688.00000  25.9%  29.5  525s
 313936 143936  688.00000   31   49  929.00000  688.00000  25.9%  29.5  530s
 316651 144913 infeasible   36       929.00000  689.00000  25.8%  29.6  535s
 319691 145985  689.00000   31   44  929.00000  689.00000  25.8%  29.6  540s
 322748 147392  795.00000   42   19  929.00000  689.00000  25.8%  29.5  545s
 326243 148985 infeasible   49       929.00000  689.00000  25.8%  29.5  550s
 329698 150563 infeasible   61       929.00000  689.00000  25.8%  29.4  555s
 333065 151937  823.00000   46   21  929.00000  689.00000  25.8%  29.4  560s
 336282 153226  750.00000   45   24  929.00000  689.00000  25.8%  29.4  565s
 339131 154228 infeasible   43       929.00000  689.00000  25.8%  29.4  570s
 342330 155519  689.00000   42   49  929.00000  689.00000  25.8%  29.3  575s
 345648 156881 infeasible   56       929.00000  689.00000  25.8%  29.3  580s
 348535 157882 infeasible   45       929.00000  689.00000  25.8%  29.3  585s
 351445 159087  805.00000   50   17  929.00000  689.00000  25.8%  29.3  590s
 354912 160709  843.00000   54   14  929.00000  689.00000  25.8%  29.3  595s
 358597 162426  846.00000   45    8  929.00000  689.00000  25.8%  29.2  600s
 361882 163955 infeasible   43       929.00000  689.00000  25.8%  29.2  605s
 364901 165137 infeasible   52       929.00000  689.00000  25.8%  29.2  610s
 367459 166164  756.00000   27   32  929.00000  689.00000  25.8%  29.2  615s
 369884 167107  736.00000   26   33  929.00000  689.00000  25.8%  29.2  620s
 372760 168253  774.00000   36   20  929.00000  690.00000  25.7%  29.2  625s
 375768 169605 infeasible   39       929.00000  690.00000  25.7%  29.2  630s
 378622 170888  690.00000   35   35  929.00000  690.00000  25.7%  29.2  635s
 381961 172407  783.00000   39   20  929.00000  690.00000  25.7%  29.2  640s
 385169 173747  809.00000   39   19  929.00000  690.00000  25.7%  29.2  645s
 388398 175095  767.00000   46   22  929.00000  690.00000  25.7%  29.2  650s
 391555 176270  762.00000   43   23  929.00000  690.00000  25.7%  29.1  655s
 395023 177637 infeasible   46       929.00000  690.00000  25.7%  29.1  660s
 398151 178828  762.00000   37   23  929.00000  690.00000  25.7%  29.1  665s
 400941 179894 infeasible   26       929.00000  690.24561  25.7%  29.1  670s
 403980 180798 infeasible   44       929.00000  691.00000  25.6%  29.1  675s
 406999 181975  893.00000   45    4  929.00000  691.00000  25.6%  29.1  680s
 410070 183242  766.00000   48   24  929.00000  691.00000  25.6%  29.1  685s
 412709 184122 infeasible   43       929.00000  691.00000  25.6%  29.1  690s
 414789 184711  772.00000   34   28  929.00000  691.00000  25.6%  29.1  695s
 417857 185769 infeasible   46       929.00000  691.00000  25.6%  29.1  700s
 420689 186883  794.00000   34   22  929.00000  691.00000  25.6%  29.2  705s
 424048 188297  779.00000   25   23  929.00000  691.00000  25.6%  29.2  710s
 426385 189107  776.00000   49   16  929.00000  691.00000  25.6%  29.2  715s
 429644 190492 infeasible   48       929.00000  691.00000  25.6%  29.2  720s
 432916 191903 infeasible   39       929.00000  691.00000  25.6%  29.1  725s
 435988 193054  766.00000   46   23  929.00000  691.00000  25.6%  29.1  730s
 438663 194030  693.00000   39   38  929.00000  691.00000  25.6%  29.2  735s
 441408 195070  692.00000   30   31  929.00000  692.00000  25.5%  29.2  740s
 444366 195879 infeasible   49       929.00000  692.00000  25.5%  29.2  745s
 447911 197204  692.00000   39   36  929.00000  692.00000  25.5%  29.1  750s
 450127 197836  775.00000   37   33  929.00000  692.00000  25.5%  29.2  755s
 452693 198632 infeasible   49       929.00000  692.00000  25.5%  29.2  760s
 456048 200013  829.00000   37   31  929.00000  692.00000  25.5%  29.2  765s
 458749 200965  758.00000   34   34  929.00000  692.33333  25.5%  29.2  770s
 461356 201999  755.00000   38   27  929.00000  692.80263  25.4%  29.2  775s
 464269 202932  825.00000   36   20  929.00000  693.00000  25.4%  29.2  780s
 467189 203953  777.00000   40   25  929.00000  693.00000  25.4%  29.2  785s
 469767 204923  693.00000   22   38  929.00000  693.00000  25.4%  29.2  790s
 472946 206532  733.00000   40   32  929.00000  693.00000  25.4%  29.2  795s
 475294 207341 infeasible   53       929.00000  693.00000  25.4%  29.3  800s
 477954 208218  693.00000   32   56  929.00000  693.00000  25.4%  29.3  805s
 480641 209236 infeasible   51       929.00000  694.00000  25.3%  29.3  810s
 483919 210636 infeasible   45       929.00000  694.00000  25.3%  29.3  815s
 486846 211398 infeasible   36       929.00000  694.00000  25.3%  29.3  820s
 489580 212234  798.00000   46   18  929.00000  694.00000  25.3%  29.3  825s
 492221 213086  735.00000   40   38  929.00000  694.00000  25.3%  29.3  830s
 495183 214161 infeasible   21       929.00000  694.00000  25.3%  29.3  835s
 498820 215612  741.00000   32   41  929.00000  694.00000  25.3%  29.2  840s
 502477 217164 infeasible   41       929.00000  694.00000  25.3%  29.2  845s
 505315 218085  737.00000   34   32  929.00000  695.00000  25.2%  29.1  850s
 508780 219326  695.00000   39   34  929.00000  695.00000  25.2%  29.1  855s
 511554 220057  761.00000   40   30  929.00000  695.00000  25.2%  29.1  860s
 514900 221313 infeasible   45       929.00000  695.00000  25.2%  29.1  865s
 518320 222605  794.00000   43   27  929.00000  695.00000  25.2%  29.1  870s
 520982 223453 infeasible   79       929.00000  695.00000  25.2%  29.1  875s
 524168 224690  695.00000   35   38  929.00000  695.00000  25.2%  29.1  880s
 526989 225757 infeasible   42       929.00000  695.00000  25.2%  29.1  885s
 530049 226992  699.00000   34   35  929.00000  695.00000  25.2%  29.1  890s
 532623 227909 infeasible   37       929.00000  695.00000  25.2%  29.1  895s

Cutting planes:
  Learned: 7
  Gomory: 44
  Cover: 91
  Implied bound: 48
  Projected implied bound: 8
  Clique: 1
  MIR: 47
  StrongCG: 2
  Flow cover: 226
  Inf proof: 13
  RLT: 38
  Relax-and-lift: 35

Explored 535605 nodes (15609341 simplex iterations) in 900.00 seconds (861.69 work units)
Thread count was 1 (of 96 available processors)

Solution count 7: 929 929 931 ... 1086

Time limit reached
Best objective 9.289999999070e+02, best bound 6.950000000000e+02, gap 25.1884%
WARNING: Loading a SolverResults object with an 'aborted' status, but
    containing a solution
Time: 900.62 sec, Objective: 928.9999999069997, Termination: maxTimeLimit

[GDP] Scheduling Data 10 | Model: Time Slots GDP | Transformation: gdp.bigm
Set parameter TokenServer to value "mooring.ecn.purdue.edu"
Read LP format model from file /tmp/tmpbnvsj_wk.pyomo.lp
Reading time = 0.01 seconds
x1172: 3151 rows, 1172 columns, 15001 nonzeros
Set parameter TimeLimit to value 900
Set parameter Threads to value 1
Gurobi Optimizer version 11.0.0 build v11.0.0rc2 (linux64 - "Oracle Linux Server 9.5")

CPU model: AMD EPYC 7643 48-Core Processor, instruction set [SSE2|AVX|AVX2]
Thread count: 48 physical cores, 96 logical processors, using up to 1 threads

Optimize a model with 3151 rows, 1172 columns and 15001 nonzeros
Model fingerprint: 0x708eb7fb
Variable types: 32 continuous, 1140 integer (1140 binary)
Coefficient statistics:
  Matrix range     [1e+00, 1e+06]
  Objective range  [1e+00, 1e+00]
  Bounds range     [1e+00, 1e+06]
  RHS range        [1e+00, 1e+06]
Presolve removed 2131 rows and 241 columns
Presolve time: 0.02s
Presolved: 1020 rows, 931 columns, 6204 nonzeros
Variable types: 0 continuous, 931 integer (900 binary)

Root relaxation: objective 4.400000e+01, 336 iterations, 0.01 seconds (0.01 work units)

    Nodes    |    Current Node    |     Objective Bounds      |     Work
 Expl Unexpl |  Obj  Depth IntInf | Incumbent    BestBd   Gap | It/Node Time

     0     0   44.00000    0   17          -   44.00000      -     -    0s
     0     0   44.00000    0   60          -   44.00000      -     -    0s
     0     0   44.06978    0   34          -   44.06978      -     -    0s
     0     0   45.00000    0   52          -   45.00000      -     -    0s
     0     0   45.00000    0   61          -   45.00000      -     -    0s
     0     0   45.00000    0   66          -   45.00000      -     -    0s
     0     0   45.00000    0   79          -   45.00000      -     -    0s
     0     0   45.00000    0   75          -   45.00000      -     -    0s
     0     0   45.00000    0   80          -   45.00000      -     -    0s
     0     0   45.00000    0   79          -   45.00000      -     -    0s
     0     0   45.00000    0   66          -   45.00000      -     -    0s
     0     0   45.00000    0   78          -   45.00000      -     -    0s
     0     0   45.00000    0   78          -   45.00000      -     -    0s
     0     0   45.00000    0   76          -   45.00000      -     -    0s
     0     0   45.00000    0   77          -   45.00000      -     -    0s
     0     0   45.00000    0   78          -   45.00000      -     -    0s
     0     0   45.00000    0   72          -   45.00000      -     -    0s
     0     0   45.00000    0   61          -   45.00000      -     -    0s
     0     0   45.00000    0   60          -   45.00000      -     -    0s
     0     0   45.00000    0   59          -   45.00000      -     -    0s
     0     0   45.00000    0   65          -   45.00000      -     -    0s
     0     0   45.00000    0   70          -   45.00000      -     -    0s
     0     0   45.00000    0   78          -   45.00000      -     -    0s
     0     0   45.00000    0   72          -   45.00000      -     -    0s
     0     0   45.00000    0   84          -   45.00000      -     -    0s
     0     0   45.00000    0   78          -   45.00000      -     -    0s
     0     0   45.97894    0   68          -   45.97894      -     -    0s
     0     0   46.05759    0   65          -   46.05759      -     -    0s
     0     0   47.47650    0   71          -   47.47650      -     -    0s
     0     0   50.96269    0   70          -   50.96269      -     -    0s
     0     0   52.06271    0   63          -   52.06271      -     -    0s
     0     0   52.20530    0   54          -   52.20530      -     -    0s
     0     0   52.36667    0   65          -   52.36667      -     -    0s
     0     0   52.67742    0   59          -   52.67742      -     -    0s
     0     0   52.67742    0   76          -   52.67742      -     -    0s
     0     0   52.67742    0   71          -   52.67742      -     -    0s
     0     0   53.10769    0   68          -   53.10769      -     -    0s
     0     0   53.24242    0   67          -   53.24242      -     -    0s
     0     0   59.48779    0   65          -   59.48779      -     -    0s
     0     0   60.54523    0   62          -   60.54523      -     -    0s
     0     0   62.00000    0   74          -   62.00000      -     -    0s
     0     0   63.25506    0   68          -   63.25506      -     -    0s
     0     0   63.25506    0   56          -   63.25506      -     -    0s
     0     0   71.34132    0   61          -   71.34132      -     -    0s
     0     0   74.01567    0   66          -   74.01567      -     -    0s
     0     0   74.01567    0   69          -   74.01567      -     -    0s
     0     0   74.01567    0   70          -   74.01567      -     -    0s
     0     0   74.01567    0   77          -   74.01567      -     -    0s
     0     0   74.28554    0   65          -   74.28554      -     -    0s
     0     0   74.28554    0   72          -   74.28554      -     -    0s
     0     0   74.28554    0   72          -   74.28554      -     -    0s
     0     0   74.28554    0   69          -   74.28554      -     -    0s
     0     0   74.28554    0   73          -   74.28554      -     -    0s
     0     0   74.28554    0   42          -   74.28554      -     -    0s
     0     0   74.28554    0   33          -   74.28554      -     -    0s
     0     0   74.28554    0   41          -   74.28554      -     -    0s
     0     0   75.44466    0   38          -   75.44466      -     -    0s
     0     2   77.71814    0   38          -   77.71814      -     -    0s
   850   496  209.00000   25   40          -  209.00000      -  33.1    5s
  2373  1164  503.00000   56   46          -  209.00000      -  39.8   10s
  5144  3153 infeasible   84               -  209.00000      -  35.6   15s
  8117  5205  229.00000   60   60          -  209.00000      -  33.7   20s
 10202  6671 infeasible   79               -  209.00000      -  33.5   28s
 11302  7384  211.00000   43   58          -  209.00000      -  33.2   30s
 14892  9831  211.00000   54   51          -  209.00000      -  32.4   35s
 16820 11012  294.00000   47   57          -  210.00000      -  32.9   40s
 20404 13447  480.00000   65   55          -  211.00000      -  32.2   45s
 24215 15938  470.00000   50   50          -  212.00000      -  31.3   50s
 27266 18110  417.00000   85   42          -  216.00000      -  30.8   55s
 31207 20887  304.00000   44   42          -  217.00000      -  30.2   60s
 33706 22610  463.00000   70   41          -  217.00000      -  30.3   65s
 37194 24966  353.00000   59   43          -  217.00000      -  30.3   70s
 40886 27581  218.00000   35   65          -  217.00000      -  30.0   75s
 44195 29882 infeasible   46               -  217.00000      -  29.6   80s
 48078 32639  549.00000  131   33          -  218.00000      -  29.4   85s
 51574 34991  314.00000   64   47          -  218.00000      -  29.3   90s
 55119 37430  250.00000   49   49          -  219.00000      -  29.1   95s
 58367 39688  277.00000   31   72          -  219.00000      -  29.0  100s
 62718 42973  282.00000   70   38          -  219.00000      -  28.7  105s
 65578 45060 infeasible   80               -  220.00000      -  28.8  110s
 69462 47879  341.00000   80   47          -  220.00000      -  28.6  115s
 73601 50850  374.00000   54   52          -  222.00000      -  28.5  120s
 76545 52727 infeasible  112               -  222.00000      -  28.6  125s
 80008 54907 infeasible   45               -  223.00000      -  28.7  130s
 84138 57914  395.00000  110   43          -  223.00000      -  28.6  135s
 88204 60871  423.00000  105   35          -  224.00000      -  28.3  140s
 91560 63248 infeasible   97               -  224.00000      -  28.4  145s
 95390 66054  448.00000  103   35          -  225.00000      -  28.4  150s
 98935 68576  393.00000  101   58          -  225.00000      -  28.2  155s
 102980 71513  458.00000   84   43          -  225.28308      -  28.1  160s
 106053 73604 infeasible   88               -  226.00000      -  28.2  165s
 109941 76353 infeasible   59               -  226.00000      -  28.1  170s
 113885 79236 infeasible   64               -  227.00000      -  28.1  175s
 117385 81617  344.00000   52   46          -  227.00000      -  28.1  180s
 119699 83100  286.85199   81   59          -  227.00000      -  28.2  185s
 124008 86265  298.00000   40   55          -  227.00000      -  28.1  190s
 128162 89280  453.00000   69   40          -  227.00000      -  28.0  195s
 132090 91987  452.00000   77   56          -  228.00000      -  28.0  200s
 135219 94117  353.00000   64   38          -  228.00000      -  28.1  205s
 139063 96783  570.00000   99   26          -  228.00000      -  28.0  210s
 142445 99014 infeasible   57               -  228.00000      -  28.1  215s
 146315 101940  464.00000  135   39          -  229.00000      -  28.0  220s
 148837 103478 infeasible  111               -  229.00000      -  28.1  225s
 152784 105938 infeasible   97               -  229.00000      -  28.1  230s
 156848 108771  498.00000   87   41          -  230.00000      -  28.0  235s
 159446 110652 infeasible   65               -  230.00000      -  28.1  240s
 162865 112862 infeasible   72               -  230.00000      -  28.2  245s
 166112 115024 infeasible   46               -  230.00000      -  28.3  250s
 169994 117649 infeasible   97               -  231.00000      -  28.4  255s
 173475 120148  350.00000  110   38          -  231.00000      -  28.3  260s
 177928 123273  292.61224   71   39          -  232.00000      -  28.3  265s
 181789 126057  470.00000   81   43          -  232.00000      -  28.3  270s
 185301 128629  282.00000   67   47          -  232.00000      -  28.3  275s
 188942 131324  499.00000   80   64          -  233.00000      -  28.2  280s
 192932 134209 infeasible  110               -  233.00000      -  28.3  285s
 196082 136392 infeasible   83               -  233.00000      -  28.4  290s
 199541 138771  439.00000   53   34          -  234.00000      -  28.4  295s
 202701 140996  456.00000   46   48          -  234.00000      -  28.4  300s
 206470 143518  460.00000  110   38          -  235.00000      -  28.4  305s
 210384 146280  462.00000   97   55          -  236.00000      -  28.4  310s
 214401 149143  504.00000   70   51          -  236.00000      -  28.4  315s
 217444 151141  429.00000   83   50          -  237.00000      -  28.5  320s
 221528 153985 infeasible   79               -  238.00000      -  28.4  325s
 224479 155922  466.00000   72   42          -  238.00000      -  28.5  330s
 228583 158665  332.00000   62   37          -  239.00000      -  28.5  335s
 232253 161210  388.00000   60   60          -  240.00000      -  28.5  340s
 235483 163616  549.00000   76   49          -  240.00000      -  28.5  345s
 239365 166282 infeasible   36               -  240.00000      -  28.5  350s
 243179 168845  392.00000   62   41          -  241.00000      -  28.5  355s
 245566 170315  241.00000   67   53          -  241.00000      -  28.6  360s
 249384 172765  532.00000  121   49          -  241.00000      -  28.6  365s
 253522 175596  271.20702   95   72          -  242.00000      -  28.6  370s
 256546 177684 infeasible   61               -  242.00000      -  28.6  375s
 260151 180197  441.00000   95   33          -  242.00000      -  28.7  380s
 264198 182936 infeasible   79               -  242.00000      -  28.7  385s
 266920 184762 infeasible   98               -  242.00000      -  28.7  390s
 269935 186592 infeasible   97               -  242.00000      -  28.8  395s
 273108 188630  485.00000   75   36          -  242.00000      -  28.9  400s
 275646 190137 infeasible  105               -  242.00000      -  29.0  405s
 278420 191789  468.00000   85   50          -  242.00000      -  29.1  410s
 281871 194047  349.00000   63   47          -  242.00000      -  29.2  415s
 285656 196651  568.00000  111   53          -  242.00000      -  29.2  420s
 289422 199070  404.00000   68   49          -  243.00000      -  29.2  425s
 291347 200235 infeasible   96               -  243.00000      -  29.2  430s
 294604 202085  468.00000   78   43          -  243.00000      -  29.3  435s
 297672 204014  301.00000   80   40          -  243.00000      -  29.4  440s
 300776 205655  482.00000  112   48          -  243.00000      -  29.5  445s
 303192 207088  493.00000   83   48          -  243.00000      -  29.6  450s
 305855 208789 infeasible  113               -  243.00000      -  29.6  455s
 308962 210750 infeasible   42               -  243.00000      -  29.7  460s
 313003 213672  592.00000   94   69          -  244.00000      -  29.7  465s
 316495 216177  482.00000  100   41          -  244.00000      -  29.6  470s
 318630 217351  468.00000   61   42          -  244.00000      -  29.8  475s
 322043 219676  362.00000   61   34          -  244.00000      -  29.8  480s
 326045 222423 infeasible   57               -  244.00000      -  29.8  485s
 329265 224502 infeasible   50               -  245.00000      -  29.8  490s
 332401 226568  553.00000   83   44          -  245.00000      -  29.9  495s
 334948 228069  447.00000   67   62          -  245.00000      -  29.9  500s
 337906 229827 infeasible   64               -  245.00000      -  30.0  505s
 340356 231275 infeasible   87               -  245.00000      -  30.1  510s
 344016 233786 infeasible  100               -  245.00000      -  30.1  515s
 347447 236081  428.00000  102   61          -  246.00000      -  30.1  520s
 350761 238248  325.00000   58   49          -  246.00000      -  30.1  525s
 353825 239837  500.00000   63   47          -  246.00000      -  30.1  530s
 356523 241333  415.00000   50   43          -  246.00000      -  30.2  535s
 359828 243444  263.00000   54   45          -  246.00000      -  30.2  540s
 362751 245216  338.00000   47   47          -  246.00000      -  30.2  545s
 365492 246810  517.00000   82   40          -  246.00000      -  30.2  550s
 369201 249385  471.00000  118   36          -  246.00000      -  30.1  555s
 373287 252188  573.00000   82   46          -  246.00000      -  30.1  560s
 376866 254572  480.00000   50   39          -  246.00000      -  30.0  565s
 380573 257218  246.00000   50   49          -  246.00000      -  30.0  570s
 382897 258801  372.00000   70   47          -  246.00000      -  30.0  575s
 387128 261785  480.00000   73   38          -  246.00000      -  30.0  580s
 390805 264350  504.00000  136   40          -  246.00000      -  29.9  585s
 394509 266772  375.00000   67   48          -  246.00000      -  29.9  590s
 397288 268561  530.00000   89   45          -  246.00000      -  29.9  595s
 401060 271138  429.00000   73   43          -  247.00000      -  29.9  600s
 404720 273666  469.00000   88   37          -  247.00000      -  29.8  605s
 407632 275706 infeasible   85               -  247.00000      -  29.8  610s
 410973 277774  417.00585   69   60          -  247.00000      -  29.8  615s
 414464 279975  452.00000  106   41          -  247.00000      -  29.8  620s
 418232 282420 infeasible  129               -  247.00000      -  29.8  625s
 421459 284326 infeasible  115               -  247.23208      -  29.8  630s
 425032 286632  514.00000   74   43          -  248.00000      -  29.8  635s
 428791 289101  360.00000   40   43          -  248.00000      -  29.7  640s
 431337 290511  487.00000   81   43          -  248.00000      -  29.8  645s
 434711 292489  374.00000   45   37          -  248.00000      -  29.8  650s
 437431 294066  492.00000   38   44          -  248.00000      -  29.8  655s
 441504 296847 infeasible   85               -  248.00000      -  29.7  660s
 445611 299641  276.00000   82   48          -  248.00000      -  29.7  665s
 448974 301827  492.00000   77   37          -  248.00000      -  29.6  670s
 452548 303879 infeasible   71               -  249.00000      -  29.7  675s
 454813 305181  415.00000   59   53          -  249.00000      -  29.7  680s
 458426 307415 infeasible  146               -  249.00000      -  29.7  685s
 462123 309619 infeasible   96               -  250.00000      -  29.6  690s
 465857 312134  511.00000   76   41          -  250.00000      -  29.6  695s
 469055 313973  371.00000   87   55          -  250.00000      -  29.6  700s
 471722 315737  454.00000   53   55          -  250.00000      -  29.6  705s
 475071 317783  386.00000   80   59          -  250.00000      -  29.6  710s
 478724 319773 infeasible   79               -  250.00000      -  29.6  715s
 481432 321471 infeasible   49               -  250.00000      -  29.6  720s
 485046 323717  495.00000   90   39          -  250.00000      -  29.6  725s
 489058 326344 infeasible   68               -  251.00000      -  29.5  730s
 492544 328468 infeasible  116               -  251.00000      -  29.5  735s
 495531 330260  377.00000   54   59          -  251.00000      -  29.5  740s
 498871 331996 infeasible   57               -  251.00000      -  29.5  745s
 502290 333975  439.53865   68   55          -  251.00000      -  29.5  750s
 506046 336538  428.00000   72   49          -  252.00000      -  29.5  755s
 509920 339314  519.00000   93   36          -  252.00000      -  29.4  760s
 512947 341276  498.00000   47   44          -  252.00000      -  29.4  765s
 516115 343405 infeasible   79               -  252.00000      -  29.4  770s
 519593 345525 infeasible  103               -  252.00000      -  29.4  775s
 523139 347850  491.00000   96   37          -  252.00000      -  29.4  780s
 526666 349980  374.00000   54   42          -  252.00000      -  29.4  785s
 529811 352135 infeasible   76               -  252.00000      -  29.4  790s
 533306 354363  591.00000   70   39          -  252.00000      -  29.4  795s
 536536 356550  390.00000   69   40          -  252.00000      -  29.4  800s
 539834 358733 infeasible   69               -  253.00000      -  29.4  805s
 542735 360702  421.00000   73   38          -  253.00000      -  29.4  810s
 546288 363022  533.00000   90   35          -  253.00000      -  29.4  815s
 550240 365451  432.00000   99   58          -  253.00000      -  29.3  820s
 552749 366985  311.00000   63   39          -  253.00000      -  29.3  825s
 556329 369397  540.00000  111   45          -  253.00000      -  29.3  830s
 560354 371924  463.00000   63   38          -  254.00000      -  29.3  835s
 563403 374076  534.00000   95   46          -  254.00000      -  29.3  840s
 567041 376533  409.00000  101   64          -  254.00000      -  29.3  845s
 571038 378873 infeasible   70               -  254.00000      -  29.3  850s
 574089 380572  472.00000  106   30          -  254.00000      -  29.3  855s
 576847 382311  445.00000   89   35          -  254.00000      -  29.3  860s
 579523 383920  342.00000   69   58          -  254.00000      -  29.3  865s
 583304 386296  453.00000   74   51          -  254.00000      -  29.3  870s
 587015 388737  398.79083   62   58          -  255.00000      -  29.2  875s
 590723 391018  380.00000   35   32          -  255.00000      -  29.2  880s
 593987 393173  353.00000   60   52          -  255.00000      -  29.2  885s
 597081 395119  469.00000   70   43          -  255.00000      -  29.2  890s
 600957 397458 infeasible  133               -  255.00000      -  29.2  895s

Cutting planes:
  Learned: 2
  Gomory: 1
  Cover: 30
  Implied bound: 20
  Projected implied bound: 2
  Clique: 1
  MIR: 13
  StrongCG: 9
  Flow cover: 16
  GUB cover: 3
  Zero half: 1
  RLT: 1
  Relax-and-lift: 10

Explored 603707 nodes (17663503 simplex iterations) in 900.00 seconds (1353.77 work units)
Thread count was 1 (of 96 available processors)

Solution count 0

Time limit reached
Best objective -, best bound 2.550000000000e+02, gap -
Solver exception for Scheduling Data 10 | Model: Time Slots GDP | Transformation: gdp.bigm: Cannot load a SolverResults object with bad status: aborted

[GDP] Scheduling Data 10 | Model: Time Slots GDP | Transformation: gdp.hull
Set parameter TokenServer to value "mooring.ecn.purdue.edu"
Read LP format model from file /tmp/tmpqsyx7tbr.pyomo.lp
Reading time = 0.02 seconds
x10172: 15781 rows, 10172 columns, 43801 nonzeros
Set parameter TimeLimit to value 900
Set parameter Threads to value 1
Gurobi Optimizer version 11.0.0 build v11.0.0rc2 (linux64 - "Oracle Linux Server 9.5")

CPU model: AMD EPYC 7643 48-Core Processor, instruction set [SSE2|AVX|AVX2]
Thread count: 48 physical cores, 96 logical processors, using up to 1 threads

Optimize a model with 15781 rows, 10172 columns and 43801 nonzeros
Model fingerprint: 0xad96d021
Variable types: 9032 continuous, 1140 integer (1140 binary)
Coefficient statistics:
  Matrix range     [1e+00, 1e+06]
  Objective range  [1e+00, 1e+00]
  Bounds range     [1e+00, 1e+06]
  RHS range        [1e+00, 1e+00]
Presolve removed 12127 rows and 7501 columns
Presolve time: 0.08s
Presolved: 3654 rows, 2671 columns, 11569 nonzeros
Variable types: 1771 continuous, 900 integer (900 binary)

Root relaxation: objective 9.151647e+02, 8170 iterations, 0.48 seconds (0.76 work units)

    Nodes    |    Current Node    |     Objective Bounds      |     Work
 Expl Unexpl |  Obj  Depth IntInf | Incumbent    BestBd   Gap | It/Node Time

     0     0  915.16471    0   40          -  915.16471      -     -    0s
     0     0  918.97248    0   50          -  918.97248      -     -    0s
     0     0  918.97248    0   55          -  918.97248      -     -    0s
     0     0  923.85606    0   46          -  923.85606      -     -    0s
     0     0  923.85606    0   49          -  923.85606      -     -    0s
     0     0  925.48466    0   61          -  925.48466      -     -    0s
     0     0  928.61809    0   60          -  928.61809      -     -    0s
     0     0  928.61809    0   59          -  928.61809      -     -    0s
     0     0  928.61809    0   59          -  928.61809      -     -    0s
     0     0  929.00000    0   49          -  929.00000      -     -    0s
     0     0  929.00000    0   49          -  929.00000      -     -    0s
     0     0  929.00000    0   51          -  929.00000      -     -    0s
     0     0  929.00000    0   49          -  929.00000      -     -    1s
     0     0  929.00000    0   47          -  929.00000      -     -    1s
     0     0  929.00000    0   22          -  929.00000      -     -    1s
     0     0  929.00000    0   29          -  929.00000      -     -    1s
     0     0  929.00000    0   70          -  929.00000      -     -    1s
     0     0  929.00000    0   59          -  929.00000      -     -    1s
     0     0  929.00000    0   29          -  929.00000      -     -    1s
     0     0  929.00000    0   30          -  929.00000      -     -    1s
     0     0  929.00000    0   30          -  929.00000      -     -    1s
     0     0  929.00000    0   35          -  929.00000      -     -    1s
     0     0  929.00000    0   35          -  929.00000      -     -    1s
     0     0  929.00000    0   29          -  929.00000      -     -    1s
     0     0  929.00000    0   41          -  929.00000      -     -    1s
     0     0  929.00000    0   32          -  929.00000      -     -    1s
     0     0  929.00000    0   30          -  929.00000      -     -    1s
     0     2  929.00000    0   28          -  929.00000      -     -    2s
   239    97  929.00000   32   35          -  929.00000      -   100    5s
H  494     2                     929.0000000  929.00000  0.00%  94.0    7s

Cutting planes:
  Lift-and-project: 2
  Cover: 14
  Implied bound: 5
  Clique: 2
  MIR: 9
  Flow cover: 8
  GUB cover: 4
  Network: 1
  Relax-and-lift: 1

Explored 495 nodes (71235 simplex iterations) in 7.08 seconds (11.01 work units)
Thread count was 1 (of 96 available processors)

Solution count 1: 929 

Optimal solution found (tolerance 1.00e-04)
Best objective 9.290000000000e+02, best bound 9.290000000000e+02, gap 0.0000%
Time: 7.81 sec, Objective: 929.0, Termination: optimal

========== Benchmark Results Summary ==========
SchedData | Model Name                     | Trans/Type   | Time (sec) |  Objective | Termination
------------------------------------------------------------------------------------------
1         | Immediate Precedence BigM      | MINLP        |     900.20 | 429.9998231532044 | maxTimeLimit
1         | Immediate Precedence HR        | MINLP        |       0.63 |      430.0 | optimal
1         | Time Slots Hull                | MINLP        |       0.12 |      430.0 | optimal
1         | General Precedence Hull Reagg  | MINLP        |      30.61 |      430.0 | optimal
2         | Immediate Precedence BigM      | MINLP        |     900.28 | 437.9993712912139 | maxTimeLimit
2         | Immediate Precedence HR        | MINLP        |       0.61 | 437.9999493502264 | optimal
2         | Time Slots Hull                | MINLP        |       0.11 |      438.0 | optimal
2         | General Precedence Hull Reagg  | MINLP        |       3.84 |      438.0 | optimal
3         | Immediate Precedence BigM      | MINLP        |      19.63 | 558.9991345452715 | optimal
3         | Immediate Precedence HR        | MINLP        |      49.62 |      559.0 | optimal
3         | Time Slots Hull                | MINLP        |       0.72 |      559.0 | optimal
3         | General Precedence Hull Reagg  | MINLP        |       0.21 | 558.9999999439963 | optimal
4         | Immediate Precedence BigM      | MINLP        |     900.21 | 663.999996907637 | maxTimeLimit
4         | Immediate Precedence HR        | MINLP        |      25.54 | 663.9999999334997 | optimal
4         | Time Slots Hull                | MINLP        |       0.37 |      664.0 | optimal
4         | General Precedence Hull Reagg  | MINLP        |     459.09 |      664.0 | optimal
5         | Immediate Precedence BigM      | MINLP        |     900.61 | 679.998928249986 | maxTimeLimit
5         | Immediate Precedence HR        | MINLP        |      28.60 | 679.9980133047884 | optimal
5         | Time Slots Hull                | MINLP        |       0.22 |      680.0 | optimal
5         | General Precedence Hull Reagg  | MINLP        |      56.59 |      680.0 | optimal
6         | Immediate Precedence BigM      | MINLP        |     900.35 | 738.9999999259999 | maxTimeLimit
6         | Immediate Precedence HR        | MINLP        |      28.67 |      739.0 | optimal
6         | Time Slots Hull                | MINLP        |       0.58 |      739.0 | optimal
6         | General Precedence Hull Reagg  | MINLP        |      26.31 |      739.0 | optimal
7         | Immediate Precedence BigM      | MINLP        |     900.67 |    ABORTED | exception: Cannot load a SolverResults object with bad status: aborted
7         | Immediate Precedence HR        | MINLP        |     900.20 |    ABORTED | exception: Cannot load a SolverResults object with bad status: aborted
7         | Time Slots Hull                | MINLP        |       1.54 |      700.0 | optimal
7         | General Precedence Hull Reagg  | MINLP        |     900.55 | 699.9999999298988 | maxTimeLimit
8         | Immediate Precedence BigM      | MINLP        |     900.38 |    ABORTED | exception: Cannot load a SolverResults object with bad status: aborted
8         | Immediate Precedence HR        | MINLP        |      24.47 |      772.0 | optimal
8         | Time Slots Hull                | MINLP        |       0.50 |      772.0 | optimal
8         | General Precedence Hull Reagg  | MINLP        |     900.66 | 771.9999996908062 | maxTimeLimit
9         | Immediate Precedence BigM      | MINLP        |     900.58 |    ABORTED | exception: Cannot load a SolverResults object with bad status: aborted
9         | Immediate Precedence HR        | MINLP        |      24.12 |      853.0 | optimal
9         | Time Slots Hull                | MINLP        |       0.43 |      853.0 | optimal
9         | General Precedence Hull Reagg  | MINLP        |     900.24 | 852.9999999145988 | maxTimeLimit
10        | Immediate Precedence BigM      | MINLP        |     900.55 |    ABORTED | exception: Cannot load a SolverResults object with bad status: aborted
10        | Immediate Precedence HR        | MINLP        |     449.05 |      929.0 | optimal
10        | Time Slots Hull                | MINLP        |       0.53 |      929.0 | optimal
10        | General Precedence Hull Reagg  | MINLP        |     901.09 | 928.9999995350094 | maxTimeLimit
1         | General Precedence GDP         | gdp.bigm     |      25.89 |      430.0 | optimal
1         | General Precedence GDP         | gdp.hull     |     144.63 |      430.0 | optimal
1         | Time Slots GDP                 | gdp.bigm     |      19.76 |      430.0 | optimal
1         | Time Slots GDP                 | gdp.hull     |       0.37 |      430.0 | optimal
2         | General Precedence GDP         | gdp.bigm     |       6.54 |      438.0 | optimal
2         | General Precedence GDP         | gdp.hull     |      39.97 |      438.0 | optimal
2         | Time Slots GDP                 | gdp.bigm     |     813.60 |      438.0 | optimal
2         | Time Slots GDP                 | gdp.hull     |       0.81 |      438.0 | optimal
3         | General Precedence GDP         | gdp.bigm     |       0.24 |      559.0 | optimal
3         | General Precedence GDP         | gdp.hull     |       0.58 |      559.0 | optimal
3         | Time Slots GDP                 | gdp.bigm     |      94.30 |      559.0 | optimal
3         | Time Slots GDP                 | gdp.hull     |       6.75 |      559.0 | optimal
4         | General Precedence GDP         | gdp.bigm     |     385.59 |      664.0 | optimal
4         | General Precedence GDP         | gdp.hull     |     900.41 | 663.9999825853592 | maxTimeLimit
4         | Time Slots GDP                 | gdp.bigm     |     900.61 |      664.0 | maxTimeLimit
4         | Time Slots GDP                 | gdp.hull     |       1.58 |      664.0 | optimal
5         | General Precedence GDP         | gdp.bigm     |      54.96 |      680.0 | optimal
5         | General Precedence GDP         | gdp.hull     |     219.75 |      680.0 | optimal
5         | Time Slots GDP                 | gdp.bigm     |     900.36 |      680.0 | maxTimeLimit
5         | Time Slots GDP                 | gdp.hull     |       1.82 |      680.0 | optimal
6         | General Precedence GDP         | gdp.bigm     |      25.30 |      739.0 | optimal
6         | General Precedence GDP         | gdp.hull     |     175.28 |      739.0 | optimal
6         | Time Slots GDP                 | gdp.bigm     |     900.38 |      768.0 | maxTimeLimit
6         | Time Slots GDP                 | gdp.hull     |       2.40 |      739.0 | optimal
7         | General Precedence GDP         | gdp.bigm     |     866.15 |      700.0 | optimal
7         | General Precedence GDP         | gdp.hull     |     900.43 | 699.9999998597992 | maxTimeLimit
7         | Time Slots GDP                 | gdp.bigm     |     900.98 |    ABORTED | exception: Cannot load a SolverResults object with bad status: aborted
7         | Time Slots GDP                 | gdp.hull     |       2.10 |      700.0 | optimal
8         | General Precedence GDP         | gdp.bigm     |     901.41 | 771.9999996907943 | maxTimeLimit
8         | General Precedence GDP         | gdp.hull     |     900.52 | 771.9999997679696 | maxTimeLimit
8         | Time Slots GDP                 | gdp.bigm     |     900.45 |    ABORTED | exception: Cannot load a SolverResults object with bad status: aborted
8         | Time Slots GDP                 | gdp.hull     |       3.36 |      772.0 | optimal
9         | General Precedence GDP         | gdp.bigm     |     901.56 | 852.9999999145999 | maxTimeLimit
9         | General Precedence GDP         | gdp.hull     |     900.57 | 852.9999999145994 | maxTimeLimit
9         | Time Slots GDP                 | gdp.bigm     |     900.76 |    ABORTED | exception: Cannot load a SolverResults object with bad status: aborted
9         | Time Slots GDP                 | gdp.hull     |       2.57 |      853.0 | optimal
10        | General Precedence GDP         | gdp.bigm     |     901.45 | 928.9999999069998 | maxTimeLimit
10        | General Precedence GDP         | gdp.hull     |     900.62 | 928.9999999069997 | maxTimeLimit
10        | Time Slots GDP                 | gdp.bigm     |     900.62 |    ABORTED | exception: Cannot load a SolverResults object with bad status: aborted
10        | Time Slots GDP                 | gdp.hull     |       7.81 |      929.0 | optimal

Benchmark summary written to results/benchmark_results_overall_1to10_900.txt
Benchmark results (JSON) written to results/benchmark_results_overall_1to10_900.json
