
========== Running MINLP Models ==========

[MINLP] Scheduling Data 9 | Model: General Precedence Hull Reagg
Set parameter TokenServer to value "mooring.ecn.purdue.edu"
Read LP format model from file /tmp/tmp6y42ckvn.pyomo.lp
Reading time = 0.00 seconds
x467: 961 rows, 467 columns, 2667 nonzeros
Set parameter TimeLimit to value 7200
Set parameter Threads to value 1
Gurobi Optimizer version 11.0.0 build v11.0.0rc2 (linux64 - "Oracle Linux Server 9.5")

CPU model: AMD EPYC 7643 48-Core Processor, instruction set [SSE2|AVX|AVX2]
Thread count: 48 physical cores, 96 logical processors, using up to 1 threads

Optimize a model with 961 rows, 467 columns and 2667 nonzeros
Model fingerprint: 0x69181b8d
Variable types: 32 continuous, 435 integer (435 binary)
Coefficient statistics:
  Matrix range     [1e+00, 1e+03]
  Objective range  [1e+00, 1e+00]
  Bounds range     [1e+00, 1e+03]
  RHS range        [1e+00, 1e+03]
Presolve removed 217 rows and 86 columns
Presolve time: 0.00s
Presolved: 744 rows, 381 columns, 2188 nonzeros
Variable types: 31 continuous, 350 integer (350 binary)

Root relaxation: objective 5.110000e+02, 178 iterations, 0.00 seconds (0.00 work units)

    Nodes    |    Current Node    |     Objective Bounds      |     Work
 Expl Unexpl |  Obj  Depth IntInf | Incumbent    BestBd   Gap | It/Node Time

     0     0  511.00000    0   24          -  511.00000      -     -    0s
     0     0  511.00000    0   78          -  511.00000      -     -    0s
     0     0  511.00000    0   47          -  511.00000      -     -    0s
     0     0  511.00000    0   46          -  511.00000      -     -    0s
     0     0  511.00000    0   59          -  511.00000      -     -    0s
     0     0  511.00000    0   59          -  511.00000      -     -    0s
     0     0  511.34368    0  107          -  511.34368      -     -    0s
     0     0  513.19339    0   99          -  513.19339      -     -    0s
     0     0  513.19339    0  102          -  513.19339      -     -    0s
     0     0  516.31774    0  112          -  516.31774      -     -    0s
     0     0  516.71058    0  106          -  516.71058      -     -    0s
     0     0  520.08363    0  123          -  520.08363      -     -    0s
     0     0  520.55258    0  111          -  520.55258      -     -    0s
     0     0  520.55258    0  117          -  520.55258      -     -    0s
     0     0  521.42437    0  117          -  521.42437      -     -    0s
     0     0  521.90417    0  104          -  521.90417      -     -    0s
     0     0  521.91928    0   99          -  521.91928      -     -    0s
     0     0  522.00592    0  100          -  522.00592      -     -    0s
     0     0  522.00843    0   99          -  522.00843      -     -    0s
     0     0  524.76121    0  110          -  524.76121      -     -    0s
     0     0  524.91204    0  109          -  524.91204      -     -    0s
     0     0  524.91204    0  102          -  524.91204      -     -    0s
     0     0  524.91204    0  107          -  524.91204      -     -    0s
     0     0  525.07301    0  106          -  525.07301      -     -    0s
     0     0  525.07301    0  111          -  525.07301      -     -    0s
     0     0  525.25010    0  119          -  525.25010      -     -    0s
     0     0  525.25582    0  115          -  525.25582      -     -    0s
     0     0  525.54297    0  115          -  525.54297      -     -    0s
     0     0  525.54297    0  114          -  525.54297      -     -    0s
     0     0  526.02005    0  119          -  526.02005      -     -    0s
     0     0  526.02687    0  116          -  526.02687      -     -    0s
     0     0  526.18426    0  113          -  526.18426      -     -    0s
     0     0  526.35820    0  105          -  526.35820      -     -    0s
     0     0  526.38039    0  115          -  526.38039      -     -    0s
     0     0  526.38627    0  115          -  526.38627      -     -    0s
     0     0  526.54073    0  112          -  526.54073      -     -    0s
     0     0  526.55096    0  115          -  526.55096      -     -    0s
     0     0  526.55117    0  117          -  526.55117      -     -    0s
     0     0  526.65793    0  120          -  526.65793      -     -    0s
     0     0  526.69281    0  116          -  526.69281      -     -    0s
     0     0  526.70107    0  107          -  526.70107      -     -    0s
     0     0  526.70113    0  110          -  526.70113      -     -    0s
     0     0  526.74493    0  118          -  526.74493      -     -    0s
     0     0  526.76468    0  108          -  526.76468      -     -    0s
     0     0  526.76468    0  115          -  526.76468      -     -    0s
     0     0  526.80812    0  112          -  526.80812      -     -    0s
     0     0  526.80812    0   57          -  526.80812      -     -    0s
     0     2  526.80984    0   52          -  526.80984      -     -    0s
  3330  1390 infeasible   31               -  536.00000      -  26.8    5s
  7134  3371  541.00000   22   54          -  541.00000      -  28.0   10s
 10434  4931 infeasible   44               -  543.00000      -  26.7   15s
H11117  5318                     958.0000000  543.00000  43.3%  26.3   15s
H11117  5318                     902.0000000  543.00000  39.8%  26.3   15s
H11300  5365                     901.9999999  543.00000  39.8%  26.3   16s
H11703  5470                     885.0000000  543.00000  38.6%  26.7   17s
H11730  5489                     882.0000000  543.00000  38.4%  26.7   17s
H11783  5500                     872.0000000  543.00000  37.7%  26.7   17s
 12320  5707  793.00000   38   12  872.00000  543.00000  37.7%  26.9   20s
H12333  5708                     871.9999999  543.00000  37.7%  26.9   20s
 14000  6219 infeasible   28       872.00000  543.00000  37.7%  28.4   25s
 16051  7074  690.00000   33   17  872.00000  544.00000  37.6%  29.4   30s
 18767  8336  565.00000   31   46  872.00000  545.00000  37.5%  29.1   35s
*21033  9424              72     853.0000000  545.00000  36.1%  29.2   39s
 21188  9491  601.00000   36   28  853.00000  545.00000  36.1%  29.3   40s
 23256 10421  748.00000   53   14  853.00000  545.01934  36.1%  29.9   45s
 25236 11270  546.00000   37   48  853.00000  546.00000  36.0%  30.3   50s
 27304 11942  585.92500   38   27  853.00000  548.00000  35.8%  31.0   55s
 29345 12593 infeasible   35       853.00000  548.51481  35.7%  31.7   60s
 31335 13185  596.07046   46   28  853.00000  550.00000  35.5%  32.3   65s
 33525 13921 infeasible   44       853.00000  550.00000  35.5%  32.3   70s
 35726 14696  585.00000   39   37  853.00000  550.00000  35.5%  32.5   75s
 37698 15336  593.00000   36   37  853.00000  550.00000  35.5%  32.9   80s
 39549 15981  654.00000   40   26  853.00000  551.00000  35.4%  33.4   85s
 41103 16375  575.00000   40   51  853.00000  551.00000  35.4%  34.1   90s
 42434 16708  551.00000   30   60  853.00000  551.00000  35.4%  34.5   95s
H43317 16951                     852.9999999  551.00000  35.4%  34.6   97s
 44102 17122  551.00000   30   61  853.00000  551.00000  35.4%  34.9  100s
 45678 17478 infeasible   38       853.00000  551.00000  35.4%  35.3  105s
 47019 17707  556.00000   37   56  853.00000  551.00000  35.4%  35.9  110s
 48171 17843  603.52962   33   38  853.00000  551.00000  35.4%  36.6  115s
 49563 18023  569.69388   38   42  853.00000  551.00000  35.4%  37.2  120s
 51220 18402  754.00000   41   10  853.00000  552.00000  35.3%  37.5  125s
 53216 19004  636.00000   44   22  853.00000  552.59507  35.2%  37.5  130s
 55119 19629 infeasible   39       853.00000  553.00000  35.2%  37.4  135s
 56902 20100  624.00000   28   24  853.00000  553.00000  35.2%  37.4  140s
 58596 20526  553.00000   28   53  853.00000  553.00000  35.2%  37.6  145s
 60366 20984  567.00000   34   31  853.00000  554.00000  35.1%  37.8  150s
 62416 21677  769.00000   68   12  853.00000  554.00000  35.1%  37.7  155s
 64353 22460  654.00000   43   31  853.00000  554.31438  35.0%  37.6  160s
 66109 23012  595.00000   40   32  853.00000  555.00000  34.9%  37.7  165s
 67744 23533  666.00000   44   23  853.00000  555.41299  34.9%  37.9  170s
 69653 24166  625.00000   35   33  853.00000  556.00000  34.8%  37.8  175s
 71509 24718  558.44444   36   38  853.00000  557.00000  34.7%  37.8  180s
 73714 25557 infeasible   43       853.00000  557.00000  34.7%  37.6  185s
 76045 26616 infeasible   46       853.00000  557.00000  34.7%  37.4  190s
 77705 26935  616.09091   42   28  853.00000  558.00000  34.6%  37.5  195s
 78839 27189  630.00000   37   26  853.00000  558.00000  34.6%  37.6  200s
 80753 27585  623.00000   34   24  853.00000  558.00000  34.6%  37.6  205s
 82592 28150  652.00000   34   21  853.00000  558.00000  34.6%  37.6  210s
 84656 28796  572.00000   36   60  853.00000  558.00000  34.6%  37.5  215s
 86717 29413  627.00000   47   24  853.00000  558.00000  34.6%  37.4  220s
 88408 29820  613.00000   37   29  853.00000  558.00000  34.6%  37.6  225s
 89806 30018 infeasible   44       853.00000  558.00000  34.6%  37.8  230s
 91760 30604  563.82117   32   55  853.00000  558.00000  34.6%  37.7  235s
 94051 31337  558.00000   27   50  853.00000  558.00000  34.6%  37.6  240s
 96027 32043  778.00000   53   12  853.00000  558.00000  34.6%  37.3  245s
 97733 32571 infeasible   38       853.00000  558.00000  34.6%  37.4  250s
 99407 33015 infeasible   53       853.00000  558.00000  34.6%  37.6  255s
 101158 33522 infeasible   54       853.00000  559.00000  34.5%  37.6  260s
 103042 34054 infeasible   33       853.00000  559.00000  34.5%  37.7  265s
 104377 34301  584.00000   28   51  853.00000  559.00000  34.5%  37.9  270s
 105596 34518 infeasible   30       853.00000  559.00000  34.5%  38.2  275s
 106692 34632 infeasible   40       853.00000  559.00000  34.5%  38.5  280s
 108049 34955 infeasible   47       853.00000  560.00000  34.3%  38.7  285s
 110109 35579 infeasible   35       853.00000  560.00000  34.3%  38.6  290s
 112009 36173  732.00000   35   14  853.00000  560.00000  34.3%  38.5  295s
 114151 36855  761.00000   52   12  853.00000  560.00000  34.3%  38.4  300s
 116125 37597  730.00000   48   17  853.00000  560.00000  34.3%  38.3  305s
 118361 38475 infeasible   37       853.00000  560.00000  34.3%  38.1  310s
 119896 38990  585.00000   26   32  853.00000  560.00000  34.3%  38.1  315s
 121797 39553  653.00000   42   23  853.00000  560.00000  34.3%  38.1  320s
 123688 40044 infeasible   66       853.00000  560.00000  34.3%  38.1  325s
 125426 40558  560.00000   33   43  853.00000  560.00000  34.3%  38.1  330s
 127227 41027  571.00000   30   39  853.00000  560.00000  34.3%  38.2  335s
 129419 41737  755.00000   46   14  853.00000  560.00000  34.3%  38.1  340s
 130975 42247  758.00000   48   12  853.00000  560.42268  34.3%  38.1  345s
 132771 42641  623.00000   31   21  853.00000  561.00000  34.2%  38.1  350s
 134336 43038  679.00000   37   21  853.00000  561.00000  34.2%  38.2  355s
 136115 43667 infeasible   49       853.00000  561.00000  34.2%  38.2  360s
 138299 44484  589.48028   38   50  853.00000  561.00000  34.2%  38.1  365s
 140190 45061  561.00000   33   76  853.00000  561.00000  34.2%  38.1  370s
 141937 45668  651.00000   44   24  853.00000  561.00000  34.2%  38.1  375s
 143863 46372  561.00000   31   65  853.00000  561.00000  34.2%  38.1  380s
 145253 46686  711.00000   50   16  853.00000  562.00000  34.1%  38.2  385s
 147459 47356 infeasible   37       853.00000  562.00000  34.1%  38.1  390s
 149452 47915 infeasible   43       853.00000  562.00000  34.1%  38.0  395s
 151053 48328  562.00000   37   52  853.00000  562.00000  34.1%  38.0  400s
 153126 48917  624.00000   48   23  853.00000  562.00000  34.1%  38.0  405s
 155331 49736 infeasible   61       853.00000  562.00000  34.1%  37.9  410s
 157822 50697  701.00000   39   16  853.00000  562.00000  34.1%  37.7  415s
 159701 51356  739.00000   53   13  853.00000  562.00000  34.1%  37.7  420s
 162142 52453  811.00000   49   11  853.00000  562.00000  34.1%  37.5  425s
 164886 53662  679.80000   42   23  853.00000  562.00000  34.1%  37.3  430s
 166709 54315  623.80000   46   29  853.00000  562.43182  34.1%  37.3  435s
 168741 54887  563.00000   33   32  853.00000  563.00000  34.0%  37.2  440s
 171349 55726  622.00000   33   20  853.00000  563.00000  34.0%  37.1  445s
 173883 56652  566.00000   38   41  853.00000  563.00000  34.0%  36.9  450s
 176338 57539  586.00000   34   45  853.00000  563.00000  34.0%  36.8  455s
 178077 58156  588.00000   37   37  853.00000  563.00000  34.0%  36.8  460s
 179601 58515 infeasible   32       853.00000  563.00000  34.0%  36.9  465s
 180774 58692 infeasible   37       853.00000  563.00000  34.0%  37.1  470s
 182500 59090 infeasible   37       853.00000  564.00000  33.9%  37.2  475s
 185039 60007  730.00000   44   13  853.00000  564.00000  33.9%  37.1  480s
 187582 60848  687.00000   36   18  853.00000  564.00000  33.9%  36.9  485s
 190077 61669  655.00000   32   20  853.00000  564.00000  33.9%  36.8  490s
 192552 62408  737.00000   42   15  853.00000  564.00000  33.9%  36.7  495s
 194843 63057  600.00000   35   42  853.00000  564.00000  33.9%  36.6  500s
 196858 63666  746.00000   52   19  853.00000  564.29412  33.8%  36.6  505s
 199048 64307  709.00000   36   17  853.00000  565.00000  33.8%  36.6  510s
 201110 64933  724.00000   55   15  853.00000  565.00000  33.8%  36.6  515s
 203302 65640  598.00000   39   34  853.00000  565.00000  33.8%  36.5  520s
 205270 66258 infeasible   40       853.00000  565.00000  33.8%  36.5  525s
 207170 66836  565.00000   35   51  853.00000  565.00000  33.8%  36.5  530s
 208997 67337  570.95087   45   48  853.00000  565.00000  33.8%  36.5  535s
 210558 67758 infeasible   37       853.00000  565.00000  33.8%  36.6  540s
 212334 68270  648.00000   52   28  853.00000  565.00000  33.8%  36.6  545s
 214047 68785  580.00000   36   43  853.00000  565.00000  33.8%  36.7  550s
 215757 69245  565.79396   35  122  853.00000  565.65098  33.7%  36.7  555s
 218026 69978  709.00000   46   19  853.00000  566.00000  33.6%  36.6  560s
 220846 70960  582.00000   34   28  853.00000  566.00000  33.6%  36.5  565s
 223424 71830  733.00000   45   17  853.00000  566.00000  33.6%  36.3  570s
 225619 72425 infeasible   35       853.00000  566.00000  33.6%  36.3  575s
 227608 72930  569.00000   35   36  853.00000  566.00000  33.6%  36.3  580s
 228733 73069  566.00000   34   57  853.00000  566.00000  33.6%  36.5  585s
 229869 73217  566.00000   24   61  853.00000  566.00000  33.6%  36.6  590s
 230818 73338  566.00000   32   41  853.00000  566.00000  33.6%  36.8  595s
 231952 73496  635.33202   35   39  853.00000  566.25906  33.6%  36.9  600s
 233799 73965  568.34044   33   61  853.00000  566.76545  33.6%  36.9  605s
 236278 74728 infeasible   58       853.00000  567.00000  33.5%  36.8  610s
 238561 75415  813.00000   55    7  853.00000  567.00000  33.5%  36.8  615s
 241144 76397  685.00000   37   21  853.00000  567.00000  33.5%  36.6  620s
 243597 77304 infeasible   38       853.00000  567.00000  33.5%  36.5  625s
 245532 77823  780.00000   38   12  853.00000  567.00000  33.5%  36.5  630s
 247528 78409 infeasible   50       853.00000  567.00000  33.5%  36.5  635s
 249138 78781 infeasible   36       853.00000  567.00000  33.5%  36.6  640s
 250811 79186  616.00000   39   37  853.00000  567.00000  33.5%  36.6  645s
 252694 79756 infeasible   48       853.00000  567.24088  33.5%  36.6  650s
 254294 80180  719.00000   44   14  853.00000  567.71654  33.4%  36.6  655s
 256503 80930 infeasible   40       853.00000  568.00000  33.4%  36.6  660s
 259012 81741  568.00000   39   51  853.00000  568.00000  33.4%  36.5  665s
 261051 82420  596.53863   52   30  853.00000  568.00000  33.4%  36.5  670s
 263376 83263 infeasible   44       853.00000  568.00000  33.4%  36.4  675s
 265829 84028  609.00000   38   31  853.00000  568.00000  33.4%  36.3  680s
 267983 84771 infeasible   33       853.00000  568.00000  33.4%  36.3  685s
 270500 85688  666.00000   42   27  853.00000  568.00000  33.4%  36.2  690s
 272590 86454  597.09091   46   31  853.00000  568.00000  33.4%  36.1  695s
 274743 87199  759.00000   47   12  853.00000  568.00000  33.4%  36.1  700s
 276754 87889 infeasible   46       853.00000  568.00000  33.4%  36.1  705s
 278726 88549 infeasible   30       853.00000  568.00000  33.4%  36.1  710s
 280953 89339  665.00000   41   25  853.00000  568.00000  33.4%  36.0  715s
 283019 89997  660.00000   34   28  853.00000  568.00000  33.4%  36.0  720s
 284780 90476  673.00000   46   32  853.00000  568.00000  33.4%  36.0  725s
 287496 91461 infeasible   44       853.00000  568.00000  33.4%  35.9  730s
 289895 92368  579.43182   33   44  853.00000  568.00000  33.4%  35.8  735s
 292136 93005  579.00000   33   36  853.00000  568.00000  33.4%  35.8  740s
 294219 93531  568.00000   28   42  853.00000  568.00000  33.4%  35.7  745s
 296067 94035 infeasible   35       853.00000  568.00000  33.4%  35.7  750s
 298303 94757 infeasible   41       853.00000  568.00000  33.4%  35.7  755s
 300397 95377  610.00000   28   28  853.00000  568.00000  33.4%  35.7  760s
 302742 96044 infeasible   29       853.00000  568.00000  33.4%  35.6  765s
 304637 96493 infeasible   29       853.00000  568.00000  33.4%  35.6  770s
 307082 97228  784.00000   35    8  853.00000  568.00000  33.4%  35.6  775s
 309683 98059  582.00000   35   56  853.00000  568.00000  33.4%  35.5  780s
 312301 98943 infeasible   39       853.00000  568.00000  33.4%  35.4  785s
 314257 99503  715.43182   41   15  853.00000  568.00000  33.4%  35.4  790s
 316238 100036  568.00000   40   45  853.00000  568.00000  33.4%  35.4  795s
 318010 100517  615.00000   41   37  853.00000  568.00000  33.4%  35.4  800s
 319775 101134 infeasible   35       853.00000  568.00000  33.4%  35.4  805s
 321912 101753  669.00000   37   27  853.00000  568.00000  33.4%  35.3  810s
 324011 102462  568.00000   23   41  853.00000  568.00000  33.4%  35.3  815s
 326078 103081  809.00000   39    6  853.00000  568.00000  33.4%  35.3  820s
 327767 103532  641.62500   31   26  853.00000  568.00000  33.4%  35.3  825s
 329226 103915  635.45455   32   23  853.00000  568.00000  33.4%  35.3  830s
 331295 104417 infeasible   25       853.00000  568.00000  33.4%  35.3  835s
 333074 105010  668.62500   38   28  853.00000  568.60411  33.3%  35.3  840s
 335339 105781 infeasible   82       853.00000  569.00000  33.3%  35.3  845s
 337572 106549  632.00000   38   32  853.00000  569.00000  33.3%  35.3  850s
 339409 106966 infeasible   39       853.00000  569.00000  33.3%  35.3  855s
 340846 107235  684.00000   38   23  853.00000  569.00000  33.3%  35.3  860s
 342287 107514  594.00000   34   39  853.00000  569.00000  33.3%  35.4  865s
 343637 107770 infeasible   46       853.00000  569.00000  33.3%  35.5  870s
 345179 108142  569.00000   29   50  853.00000  569.00000  33.3%  35.5  875s
 346384 108341  682.00000   46   18  853.00000  569.02153  33.3%  35.6  880s
 348431 108884  580.00000   36   35  853.00000  569.16667  33.3%  35.6  885s
 350262 109375 infeasible   66       853.00000  569.73495  33.2%  35.6  890s
 351487 109771  648.00000   40   24  853.00000  569.80000  33.2%  35.6  895s
 353539 110333  570.00000   34   55  853.00000  570.00000  33.2%  35.6  900s
 355851 111147  593.00000   32   31  853.00000  570.00000  33.2%  35.5  905s
 358424 112102  570.00000   29   53  853.00000  570.00000  33.2%  35.4  910s
 360359 112587  633.49127   37   49  853.00000  570.00000  33.2%  35.4  915s
 362647 113283 infeasible   44       853.00000  570.00000  33.2%  35.4  920s
 364467 113711 infeasible   57       853.00000  570.00000  33.2%  35.4  925s
 366185 114141  728.00000   40   23  853.00000  570.00000  33.2%  35.4  930s
 367806 114578  570.00000   30   50  853.00000  570.00000  33.2%  35.4  935s
 369350 114898 infeasible   44       853.00000  570.00000  33.2%  35.5  940s
 370867 115313 infeasible   49       853.00000  570.22760  33.2%  35.5  945s
 372727 115881  661.00000   49   26  853.00000  570.63710  33.1%  35.5  950s
 374684 116518 infeasible   63       853.00000  571.00000  33.1%  35.5  955s
 376752 117072  600.00000   44   33  853.00000  571.00000  33.1%  35.5  960s
 378768 117590  677.00000   33   18  853.00000  571.00000  33.1%  35.5  965s
 380799 118103  724.00000   43   18  853.00000  571.00000  33.1%  35.5  970s
 383480 119036 infeasible   55       853.00000  571.00000  33.1%  35.4  975s
 385357 119523 infeasible   42       853.00000  571.00000  33.1%  35.4  980s
 387134 120086  597.00000   45   25  853.00000  571.00000  33.1%  35.4  985s
 389602 121024  679.00000   52   15  853.00000  571.00000  33.1%  35.3  990s
 391647 121497 infeasible   60       853.00000  571.00000  33.1%  35.3  995s
 393828 122154 infeasible   44       853.00000  571.00000  33.1%  35.3 1000s
 395509 122511  616.00000   38   24  853.00000  571.00000  33.1%  35.3 1005s
 398220 123378  699.00000   58   15  853.00000  571.00000  33.1%  35.2 1010s
 400904 124222 infeasible   43       853.00000  571.00000  33.1%  35.1 1015s
 403032 124882  571.00000   41   44  853.00000  571.00000  33.1%  35.1 1020s
 404772 125254 infeasible   39       853.00000  571.00000  33.1%  35.1 1025s
 406500 125618  655.00000   38   23  853.00000  571.00000  33.1%  35.1 1030s
 408561 126119  599.00000   33   33  853.00000  571.00000  33.1%  35.1 1035s
 410456 126578  686.09091   38   17  853.00000  571.00000  33.1%  35.1 1040s
 411774 126834 infeasible   44       853.00000  571.08445  33.0%  35.2 1045s
 413960 127715  727.00000   51   14  853.00000  571.22486  33.0%  35.1 1050s
 415770 128191  742.00000   43   16  853.00000  571.55599  33.0%  35.1 1055s
 417824 128839 infeasible   42       853.00000  571.73107  33.0%  35.1 1060s
 419545 129322 infeasible   48       853.00000  572.00000  32.9%  35.2 1065s
 421857 129944  593.00000   34   23  853.00000  572.00000  32.9%  35.1 1070s
 424113 130698  775.00000   47   12  853.00000  572.00000  32.9%  35.1 1075s
 426277 131382  769.00000   51   13  853.00000  572.00000  32.9%  35.1 1080s
 428311 131930 infeasible   43       853.00000  572.00000  32.9%  35.1 1085s
 430155 132520  573.00000   37   62  853.00000  572.00000  32.9%  35.1 1090s
 431731 132981  603.00000   34   27  853.00000  572.43182  32.9%  35.1 1095s
 433401 133407  733.00000   43   17  853.00000  572.67779  32.9%  35.1 1100s
 435045 133921  601.44444   39   29  853.00000  572.98945  32.8%  35.1 1105s
 436801 134447  720.00000   51   15  853.00000  573.00000  32.8%  35.1 1110s
 438958 135040  685.00000   40   21  853.00000  573.00000  32.8%  35.1 1115s
 441481 135877  576.62500   34   31  853.00000  573.00000  32.8%  35.0 1120s
 443672 136575 infeasible   44       853.00000  573.00000  32.8%  35.0 1125s
 445808 137189  708.00000   38   16  853.00000  573.00000  32.8%  35.0 1130s
 447888 137765  709.00000   32   16  853.00000  573.00000  32.8%  34.9 1135s
 449948 138325  642.00000   38   35  853.00000  573.00000  32.8%  34.9 1140s
 451988 138874 infeasible   55       853.00000  573.00000  32.8%  34.9 1145s
 453926 139390 infeasible   33       853.00000  573.00000  32.8%  34.9 1150s
 455833 139869  585.00000   29   40  853.00000  573.00000  32.8%  34.9 1155s
 457782 140528  619.57400   34   47  853.00000  573.00000  32.8%  34.9 1160s
 459630 141144  629.50562   33   54  853.00000  573.04770  32.8%  34.9 1165s
 461466 141714  580.45455   42   38  853.00000  573.44444  32.8%  34.9 1170s
 463118 142166  573.73927   43   66  853.00000  573.73927  32.7%  34.9 1175s
 465149 142825 infeasible   50       853.00000  574.00000  32.7%  34.9 1180s
 467522 143628  726.00000   40   18  853.00000  574.00000  32.7%  34.9 1185s
 469787 144437  608.00000   44   28  853.00000  574.00000  32.7%  34.8 1190s
 471982 145096  574.00000   37   48  853.00000  574.00000  32.7%  34.8 1195s
 474343 145825  632.09091   45   25  853.00000  574.00000  32.7%  34.8 1200s
 476858 146734 infeasible   46       853.00000  574.00000  32.7%  34.7 1205s
 478792 147348  793.00000   59   10  853.00000  574.00000  32.7%  34.7 1210s
 481188 148156  750.00000   51   11  853.00000  574.00000  32.7%  34.7 1215s
 483121 148793  574.00000   29   40  853.00000  574.00000  32.7%  34.7 1220s
 485298 149556  709.00000   52   19  853.00000  574.00000  32.7%  34.6 1225s
 487258 150108 infeasible   37       853.00000  574.00000  32.7%  34.6 1230s
 489100 150800  621.00000   42   28  853.00000  574.00000  32.7%  34.6 1235s
 491217 151485  693.00000   37   22  853.00000  574.00000  32.7%  34.6 1240s
 493073 152059  574.00000   29   33  853.00000  574.00000  32.7%  34.6 1245s
 495032 152706 infeasible   47       853.00000  574.00000  32.7%  34.6 1250s
 496868 153316  581.34105   30   65  853.00000  574.00000  32.7%  34.6 1255s
 498913 154139  690.00000   37   19  853.00000  574.00000  32.7%  34.6 1260s
 500507 154605  574.00000   38   63  853.00000  574.00000  32.7%  34.6 1265s
 502418 155300  828.00000   49    8  853.00000  574.00000  32.7%  34.6 1270s
 504301 156015  574.00000   26   42  853.00000  574.00000  32.7%  34.6 1275s
 506256 156542  620.00000   43   27  853.00000  574.00000  32.7%  34.6 1280s
 508016 157034  574.22865   34   62  853.00000  574.21699  32.7%  34.6 1285s
 509509 157355  723.00000   54   21  853.00000  574.55556  32.6%  34.7 1290s
 511224 157836 infeasible   56       853.00000  574.80000  32.6%  34.7 1295s
 513182 158458 infeasible   58       853.00000  575.00000  32.6%  34.7 1300s
 515465 159151  693.00000   51   16  853.00000  575.00000  32.6%  34.6 1305s
 517511 159703  635.00000   36   25  853.00000  575.00000  32.6%  34.6 1310s
 519475 160305  575.00000   33   44  853.00000  575.00000  32.6%  34.6 1315s
 521462 160986 infeasible   27       853.00000  575.00000  32.6%  34.6 1320s
 523523 161639  775.00000   54   12  853.00000  575.00000  32.6%  34.6 1325s
 525417 162221  591.69052   33   54  853.00000  575.00000  32.6%  34.6 1330s
 527416 162830  679.00000   40   18  853.00000  575.00000  32.6%  34.6 1335s
 529550 163598  591.00000   45   52  853.00000  575.00000  32.6%  34.5 1340s
 531400 164196  629.00000   28   34  853.00000  575.00000  32.6%  34.5 1345s
 533078 164692  592.00000   39   34  853.00000  575.00000  32.6%  34.5 1350s
 534618 165114  575.00000   40   48  853.00000  575.00000  32.6%  34.5 1355s
 536409 165685  617.00000   46   32  853.00000  575.21509  32.6%  34.5 1360s
 538315 166245  583.44444   44   44  853.00000  575.44444  32.5%  34.5 1365s
 540376 166824 infeasible   42       853.00000  575.76923  32.5%  34.5 1370s
 542355 167366 infeasible   43       853.00000  576.00000  32.5%  34.5 1375s
 544802 168143  590.00000   40   30  853.00000  576.00000  32.5%  34.5 1380s
 547359 169015  585.00000   33   35  853.00000  576.00000  32.5%  34.4 1385s
 550132 170223  741.00000   41   16  853.00000  576.00000  32.5%  34.4 1390s
 552911 171336 infeasible   41       853.00000  576.00000  32.5%  34.3 1395s
 555135 172092  678.00000   37   17  853.00000  576.00000  32.5%  34.3 1400s
 557713 173030 infeasible   48       853.00000  576.00000  32.5%  34.2 1405s
 560697 174354 infeasible   64       853.00000  576.00000  32.5%  34.2 1410s
 563018 175089  648.00000   35   23  853.00000  576.00000  32.5%  34.1 1415s
 565005 175704  587.00000   31   40  853.00000  576.00000  32.5%  34.1 1420s
 567465 176502  621.00000   40   21  853.00000  576.00000  32.5%  34.1 1425s
 569988 177497  623.00000   31   16  853.00000  576.00000  32.5%  34.0 1430s
 572662 178421 infeasible   45       853.00000  576.00000  32.5%  34.0 1435s
 575403 179370  751.00000   41   15  853.00000  576.00000  32.5%  33.9 1440s
 577505 180016  626.00000   31   40  853.00000  576.00000  32.5%  33.9 1445s
 579475 180534  576.00000   31   35  853.00000  576.00000  32.5%  33.9 1450s
 581908 181479  613.09091   41   26  853.00000  576.00000  32.5%  33.9 1455s
 583886 182127  576.65237   43   38  853.00000  576.00000  32.5%  33.8 1461s
 585374 182511  595.33537   39   45  853.00000  576.00000  32.5%  33.8 1465s
 587477 183136 infeasible   50       853.00000  576.00000  32.5%  33.8 1470s
 589238 183655 infeasible   43       853.00000  576.00000  32.5%  33.8 1475s
 590956 184043 infeasible   45       853.00000  576.00000  32.5%  33.9 1480s
 592551 184450  576.26753   40   47  853.00000  576.26753  32.4%  33.9 1485s
 594492 185028  591.00000   35   33  853.00000  576.45455  32.4%  33.9 1490s
 596264 185558 infeasible   61       853.00000  576.65237  32.4%  33.9 1495s
 597935 185987 infeasible   47       853.00000  576.79601  32.4%  33.9 1500s
 599196 186316  603.00000   42   36  853.00000  576.99325  32.4%  33.9 1505s
 601420 187090  651.00000   35   20  853.00000  577.00000  32.4%  33.9 1510s
 603860 187922 infeasible   67       853.00000  577.00000  32.4%  33.8 1515s
 606138 188647  728.00000   56   14  853.00000  577.00000  32.4%  33.8 1520s
 608456 189433  718.00000   48   14  853.00000  577.00000  32.4%  33.8 1525s
 610650 190097 infeasible   49       853.00000  577.00000  32.4%  33.8 1530s
 612662 190647  625.00000   36   31  853.00000  577.00000  32.4%  33.8 1535s
 614448 191091  577.00000   32   60  853.00000  577.00000  32.4%  33.8 1540s
 616731 191849 infeasible   49       853.00000  577.00000  32.4%  33.7 1545s
 618513 192337 infeasible   42       853.00000  577.00000  32.4%  33.8 1550s
 620295 192810  674.00000   43   18  853.00000  577.31579  32.3%  33.8 1555s
 622060 193289 infeasible   57       853.00000  577.59828  32.3%  33.8 1560s
 623915 193884  658.00000   42   20  853.00000  577.77626  32.3%  33.8 1565s
 625179 194202  577.92075   38   53  853.00000  577.92075  32.2%  33.8 1570s
 627005 194694  640.80000   43   19  853.00000  578.00000  32.2%  33.8 1575s
 629205 195426 infeasible   45       853.00000  578.00000  32.2%  33.8 1580s
 631687 196282  578.00000   32   31  853.00000  578.00000  32.2%  33.7 1585s
 633864 196967 infeasible   52       853.00000  578.00000  32.2%  33.7 1590s
 636227 197816  720.43182   32   17  853.00000  578.00000  32.2%  33.7 1595s
 638962 198901  578.00000   37   29  853.00000  578.00000  32.2%  33.6 1600s
 641109 199664  583.98488   27   38  853.00000  578.00000  32.2%  33.6 1605s
 643353 200404  578.00000   33   47  853.00000  578.00000  32.2%  33.6 1610s
 645482 201198 infeasible   47       853.00000  578.00000  32.2%  33.6 1615s
 647447 201784 infeasible   48       853.00000  578.00000  32.2%  33.6 1620s
 649560 202426  578.00000   39   47  853.00000  578.00000  32.2%  33.6 1625s
 651553 203009  682.00000   43   22  853.00000  578.00000  32.2%  33.6 1630s
 653179 203488  623.00000   40   27  853.00000  578.00000  32.2%  33.6 1635s
 654886 204029  621.89038   42   33  853.00000  578.00976  32.2%  33.6 1641s
 656063 204399  605.00000   40   53  853.00000  578.06241  32.2%  33.6 1645s
 657747 204835 infeasible   40       853.00000  578.25609  32.2%  33.6 1650s
 659710 205441 infeasible   56       853.00000  578.56522  32.2%  33.6 1655s
 661324 205858 infeasible   38       853.00000  578.74303  32.2%  33.6 1660s
 663336 206482 infeasible   50       853.00000  578.96452  32.1%  33.6 1665s
 665477 207079 infeasible   47       853.00000  579.00000  32.1%  33.6 1670s
 668008 207844  580.00000   37   33  853.00000  579.00000  32.1%  33.6 1675s
 670225 208517  699.00000   47   18  853.00000  579.00000  32.1%  33.5 1680s
 672682 209368  598.00000   45   40  853.00000  579.00000  32.1%  33.5 1685s
 674753 209920 infeasible   42       853.00000  579.00000  32.1%  33.5 1690s
 676964 210563 infeasible   59       853.00000  579.00000  32.1%  33.5 1695s
 678970 211219 infeasible   44       853.00000  579.00000  32.1%  33.5 1700s
 680905 211738  629.00000   33   24  853.00000  579.00000  32.1%  33.5 1705s
 682887 212361 infeasible   41       853.00000  579.00000  32.1%  33.5 1710s
 684440 212644  616.43182   44   37  853.00000  579.00000  32.1%  33.5 1715s
 686043 213001  579.00000   36   65  853.00000  579.00000  32.1%  33.5 1720s
 687658 213410  777.00000   51   12  853.00000  579.20000  32.1%  33.5 1725s
 689313 213781 infeasible   49       853.00000  579.45018  32.1%  33.5 1730s
 691167 214213 infeasible   56       853.00000  579.76048  32.0%  33.5 1735s
 693134 214687 infeasible   42       853.00000  579.95448  32.0%  33.5 1740s
 695099 215178  593.00000   43   28  853.00000  580.00000  32.0%  33.5 1745s
 697551 216078  754.00000   42   11  853.00000  580.00000  32.0%  33.5 1750s
 700190 217136 infeasible   35       853.00000  580.00000  32.0%  33.4 1755s
 702700 217990  764.00000   50   12  853.00000  580.00000  32.0%  33.4 1760s
 705059 218808 infeasible   57       853.00000  580.00000  32.0%  33.4 1765s
 707302 219505  757.00000   48   14  853.00000  580.00000  32.0%  33.4 1770s
 709468 220155  737.00000   44   13  853.00000  580.00000  32.0%  33.3 1775s
 711695 220812  629.00000   32   30  853.00000  580.00000  32.0%  33.3 1780s
 713929 221514  673.00000   37   21  853.00000  580.00000  32.0%  33.3 1785s
 716223 222257  599.76923   48   31  853.00000  580.00000  32.0%  33.3 1790s
 718117 222829  597.00000   29   36  853.00000  580.00000  32.0%  33.3 1795s
 720297 223576  715.00000   39   17  853.00000  580.00000  32.0%  33.3 1800s
 722333 224034  580.00000   25   42  853.00000  580.00000  32.0%  33.3 1805s
 724096 224581  580.00000   39   57  853.00000  580.00000  32.0%  33.3 1810s
H725221 224906                     852.9999989  580.00000  32.0%  33.3 1813s
 725724 225017  659.00000   42   21  853.00000  580.00000  32.0%  33.3 1815s
 727328 225413  729.00000   51   21  853.00000  580.04842  32.0%  33.3 1820s
 729263 225944 infeasible   63       853.00000  580.29938  32.0%  33.3 1825s
 731547 226668  603.00000   46   44  853.00000  580.42141  32.0%  33.3 1830s
 733469 227184  694.00000   56   16  853.00000  580.53970  31.9%  33.3 1835s
 734585 227484  698.00000   50   16  853.00000  580.76923  31.9%  33.3 1840s
 736606 228033  678.00000   46   17  853.00000  580.90000  31.9%  33.3 1845s
 738681 228626  761.00000   58   13  853.00000  581.00000  31.9%  33.2 1850s
*739271 228812              65     852.9999988  581.00000  31.9%  33.2 1851s
 741074 229465  588.00000   38   30  853.00000  581.00000  31.9%  33.2 1855s
 743715 230354  605.00000   32   28  853.00000  581.00000  31.9%  33.2 1860s
 746371 231226 infeasible   53       853.00000  581.00000  31.9%  33.1 1865s
 749147 232124  730.00000   51   17  853.00000  581.00000  31.9%  33.1 1870s
 751609 232908  585.00000   41   65  853.00000  581.00000  31.9%  33.1 1875s
 753879 233604  766.00000   48   12  853.00000  581.00000  31.9%  33.1 1880s
 755812 234111  584.91461   45   33  853.00000  581.00000  31.9%  33.1 1885s
 757671 234538  649.00000   42   25  853.00000  581.00000  31.9%  33.1 1890s
 759711 235099  599.92500   39   29  853.00000  581.00000  31.9%  33.1 1895s
 761607 235589  721.00000   42   17  853.00000  581.00000  31.9%  33.1 1900s
 763142 235952  692.00000   38   33  853.00000  581.04332  31.9%  33.1 1905s
 765018 236544  625.00000   37   56  853.00000  581.28282  31.9%  33.1 1910s
 766991 237057  647.00000   46   30  853.00000  581.41617  31.8%  33.1 1915s
 769289 237641  581.45455   41   48  853.00000  581.45455  31.8%  33.1 1920s
 770991 238115  724.31579   49   14  853.00000  581.54066  31.8%  33.1 1925s
 772842 238588  594.59018   40   44  853.00000  581.62500  31.8%  33.1 1930s
 774619 239019 infeasible   56       853.00000  581.99558  31.8%  33.1 1935s
 777124 239666  737.00000   40   11  853.00000  582.00000  31.8%  33.0 1940s
 779426 240412 infeasible   58       853.00000  582.00000  31.8%  33.0 1945s
 781878 241224  582.00000   33   38  853.00000  582.00000  31.8%  33.0 1950s
 784416 242104 infeasible   65       853.00000  582.00000  31.8%  33.0 1955s
 786631 242667  639.00000   46   25  853.00000  582.00000  31.8%  32.9 1960s
 788900 243340  688.00000   41   18  853.00000  582.00000  31.8%  32.9 1965s
 791105 243974  650.90000   43   27  853.00000  582.00000  31.8%  32.9 1970s
 793103 244548 infeasible   44       853.00000  582.00000  31.8%  32.9 1975s
 795551 245428  735.00000   54   11  853.00000  582.00000  31.8%  32.9 1980s
 797696 246053 infeasible   56       853.00000  582.00000  31.8%  32.9 1985s
 799624 246571 infeasible   50       853.00000  582.00000  31.8%  32.9 1990s
 801582 247215  662.00000   45   28  853.00000  582.00000  31.8%  32.9 1995s
 803608 247871  605.39634   42   74  853.00000  582.13063  31.8%  32.9 2000s
 805717 248512 infeasible   73       853.00000  582.30360  31.7%  32.9 2005s
 807579 248974  736.90000   51   13  853.00000  582.44444  31.7%  32.9 2010s
 809455 249481  625.62500   40   25  853.00000  582.62500  31.7%  32.9 2015s
 811272 249927 infeasible   48       853.00000  582.80000  31.7%  32.9 2020s
 813523 250724  686.00000   45   23  853.00000  582.85914  31.7%  32.9 2025s
 815369 251244  591.00000   36   28  853.00000  583.00000  31.7%  32.8 2030s
 817715 252032 infeasible   60       853.00000  583.00000  31.7%  32.8 2035s
 819859 252700  646.31579   36   21  853.00000  583.00000  31.7%  32.8 2040s
 822423 253479  619.09091   32   25  853.00000  583.00000  31.7%  32.8 2045s
 824787 254189 infeasible   38       853.00000  583.00000  31.7%  32.8 2050s
 827091 254957  826.00000   48    6  853.00000  583.00000  31.7%  32.7 2055s
 829811 255907  583.25000   39   45  853.00000  583.00000  31.7%  32.7 2060s
 831907 256573 infeasible   60       853.00000  583.00000  31.7%  32.7 2065s
 833971 257255  583.00000   40   42  853.00000  583.00000  31.7%  32.7 2070s
 836088 257978 infeasible   51       853.00000  583.00000  31.7%  32.7 2075s
 838114 258572  620.00000   33   27  853.00000  583.00000  31.7%  32.7 2080s
 839929 259125  610.00000   29   44  853.00000  583.00000  31.7%  32.7 2085s
 841173 259387  597.00000   39   46  853.00000  583.03718  31.6%  32.7 2090s
 843025 259845  588.00000   39   55  853.00000  583.15699  31.6%  32.7 2095s
 845024 260380 infeasible   57       853.00000  583.35864  31.6%  32.7 2100s
 846812 260884  584.85893   37   62  853.00000  583.52779  31.6%  32.7 2105s
 848575 261393  768.00000   46   12  853.00000  583.76923  31.6%  32.7 2110s
 850578 261944 infeasible   40       853.00000  583.89671  31.5%  32.7 2115s
 852344 262428  752.00000   53   13  853.00000  583.93756  31.5%  32.7 2120s
 854905 263189  609.00000   42   30  853.00000  584.00000  31.5%  32.7 2125s
 857289 264015 infeasible   53       853.00000  584.00000  31.5%  32.6 2130s
 859767 264835 infeasible   46       853.00000  584.00000  31.5%  32.6 2135s
 862022 265532  584.00000   33   32  853.00000  584.00000  31.5%  32.6 2140s
 864600 266426  592.23171   34   42  853.00000  584.00000  31.5%  32.6 2145s
 867153 267289 infeasible   61       853.00000  584.00000  31.5%  32.5 2150s
 869780 268128  757.00000   44   14  853.00000  584.00000  31.5%  32.5 2155s
 872307 268987 infeasible   48       853.00000  584.00000  31.5%  32.5 2160s
 874653 269767  660.00000   32   19  853.00000  584.00000  31.5%  32.5 2165s
 876874 270376  691.00000   41   16  853.00000  584.00000  31.5%  32.5 2170s
 879321 271171  584.00000   37   62  853.00000  584.00000  31.5%  32.4 2175s
 881224 271828  811.00000   62   10  853.00000  584.00000  31.5%  32.4 2180s
 883331 272395 infeasible   51       853.00000  584.00000  31.5%  32.4 2185s
 885402 273044 infeasible   50       853.00000  584.00000  31.5%  32.4 2190s
 887347 273587  660.00000   41   22  853.00000  584.00000  31.5%  32.4 2195s
 889649 274333  598.00000   32   39  853.00000  584.00000  31.5%  32.4 2200s
 891635 275055 infeasible   59       853.00000  584.00000  31.5%  32.4 2205s
 893500 275603 infeasible   42       853.00000  584.00000  31.5%  32.4 2210s
 895319 276218  806.00000   46   10  853.00000  584.00000  31.5%  32.4 2215s
 897123 276772  604.00000   48   33  853.00000  584.00000  31.5%  32.4 2220s
 898952 277261 infeasible   54       853.00000  584.11747  31.5%  32.4 2225s
 900786 277813  751.43182   45   21  853.00000  584.30000  31.5%  32.4 2230s
 902958 278567  585.43182   36   32  853.00000  584.43182  31.5%  32.4 2235s
 904917 279131  633.64103   47   29  853.00000  584.55556  31.5%  32.4 2240s
 907037 279827  594.00000   47   26  853.00000  584.76923  31.4%  32.4 2245s
 908762 280212 infeasible   51       853.00000  585.00000  31.4%  32.4 2250s
 911179 280989  682.00000   47   18  853.00000  585.00000  31.4%  32.4 2255s
 913623 281795 infeasible   59       853.00000  585.00000  31.4%  32.4 2260s
 915776 282430  603.62500   39   32  853.00000  585.00000  31.4%  32.3 2265s
 918476 283366 infeasible   48       853.00000  585.00000  31.4%  32.3 2270s
 920843 284063 infeasible   37       853.00000  585.00000  31.4%  32.3 2275s
 923376 284970  763.67532   45   11  853.00000  585.00000  31.4%  32.3 2280s
 925450 285518 infeasible   52       853.00000  585.00000  31.4%  32.3 2285s
 927795 286155 infeasible   50       853.00000  585.00000  31.4%  32.2 2290s
 930001 286783 infeasible   63       853.00000  585.00000  31.4%  32.2 2295s
 932636 287768 infeasible   52       853.00000  585.00000  31.4%  32.2 2300s
 934987 288517 infeasible   34       853.00000  585.00000  31.4%  32.2 2305s
 936796 289042  585.00000   25   29  853.00000  585.00000  31.4%  32.2 2310s
 938920 289742 infeasible   44       853.00000  585.00000  31.4%  32.1 2315s
 941005 290269  698.00000   31   28  853.00000  585.00000  31.4%  32.1 2320s
 943047 290883  699.00000   42   16  853.00000  585.00000  31.4%  32.1 2325s
 945196 291548  601.00000   34   25  853.00000  585.00000  31.4%  32.1 2330s
 947003 292019 infeasible   40       853.00000  585.00000  31.4%  32.1 2335s
 949077 292505  585.00000   34   41  853.00000  585.00000  31.4%  32.1 2340s
 951193 293131 infeasible   40       853.00000  585.00000  31.4%  32.1 2345s
 953630 293930 infeasible   51       853.00000  585.00000  31.4%  32.1 2350s
 955860 294718 infeasible   29       853.00000  585.00000  31.4%  32.1 2355s
 957819 295313  654.00000   43   19  853.00000  585.00000  31.4%  32.1 2360s
 959881 295861 infeasible   40       853.00000  585.00000  31.4%  32.1 2365s
 961864 296416  586.00000   32   29  853.00000  585.00000  31.4%  32.1 2370s
 965269 298149 infeasible   48       853.00000  585.00000  31.4%  32.0 2375s
 968098 299268  659.00000   40   21  853.00000  585.00000  31.4%  32.0 2380s
 970975 300399  689.00000   43   23  853.00000  585.00000  31.4%  31.9 2385s
 973669 301385  730.31579   44   16  853.00000  585.00000  31.4%  31.9 2390s
 976479 302559 infeasible   51       853.00000  585.00000  31.4%  31.9 2395s
 979115 303580  728.00000   45   15  853.00000  585.00000  31.4%  31.8 2400s
 982317 304984  617.00000   39   26  853.00000  585.00000  31.4%  31.8 2405s
 985285 306222 infeasible   53       853.00000  585.00000  31.4%  31.8 2410s
 987442 307003 infeasible   34       853.00000  585.00000  31.4%  31.8 2415s
 989116 307541  713.00000   43   18  853.00000  585.00000  31.4%  31.7 2420s
 991457 308334  631.00000   39   33  853.00000  585.00000  31.4%  31.7 2425s
 993260 308811  781.00000   74   11  853.00000  585.00000  31.4%  31.7 2430s
 995059 309372  603.36777   39   46  853.00000  585.00000  31.4%  31.7 2435s
 996876 309883  585.00000   37   29  853.00000  585.00000  31.4%  31.8 2440s
 998624 310365  585.05707   45   40  853.00000  585.05707  31.4%  31.8 2445s
 1000207 310620 infeasible   47       853.00000  585.05707  31.4%  31.8 2450s
 1001916 310968  624.00000   41   19  853.00000  585.17791  31.4%  31.8 2455s
 1003854 311554 infeasible   41       853.00000  585.37210  31.4%  31.8 2460s
 1005558 312049  603.00000   39   24  853.00000  585.59479  31.3%  31.8 2465s
 1007174 312441  585.69003   39   68  853.00000  585.69003  31.3%  31.8 2470s
 1008759 312776  631.00000   38   31  853.00000  585.80936  31.3%  31.8 2475s
 1010187 313021 infeasible   49       853.00000  585.83121  31.3%  31.8 2480s
 1011795 313368  733.00000   47   14  853.00000  586.00000  31.3%  31.8 2485s
 1014315 314132  597.40900   34   65  853.00000  586.00000  31.3%  31.8 2490s
 1016864 315037 infeasible   45       853.00000  586.00000  31.3%  31.8 2495s
 1019334 315913  788.00000   47    7  853.00000  586.00000  31.3%  31.8 2500s
 1021821 316702  586.00000   29   40  853.00000  586.00000  31.3%  31.7 2505s
 1023668 317135 infeasible   37       853.00000  586.00000  31.3%  31.7 2510s
 1026070 317885 infeasible   45       853.00000  586.00000  31.3%  31.7 2515s
 1028455 318602  650.00000   34   28  853.00000  586.00000  31.3%  31.7 2520s
 1030813 319300 infeasible   51       853.00000  586.00000  31.3%  31.7 2525s
 1032926 319887 infeasible   59       853.00000  586.00000  31.3%  31.7 2530s
 1035080 320598  735.90000   40   14  853.00000  586.00000  31.3%  31.7 2535s
 1037572 321402  586.00000   37   33  853.00000  586.00000  31.3%  31.6 2540s
 1039560 321868  652.00000   48   17  853.00000  586.00000  31.3%  31.6 2545s
 1041528 322354  731.00000   47   14  853.00000  586.00000  31.3%  31.6 2550s
 1043698 323054  634.00000   35   21  853.00000  586.00000  31.3%  31.6 2555s
 1046223 323903 infeasible   37       853.00000  586.00000  31.3%  31.6 2560s
 1048211 324411 infeasible   37       853.00000  586.00000  31.3%  31.6 2565s
 1050058 325018  630.43182   28   24  853.00000  586.00000  31.3%  31.6 2570s
 1052569 325921  829.00000   49    5  853.00000  586.00000  31.3%  31.6 2575s
 1054839 326691  603.00000   28   35  853.00000  586.00000  31.3%  31.6 2580s
 1056922 327278 infeasible   38       853.00000  586.00000  31.3%  31.6 2585s
 1058861 327711  586.00000   34   40  853.00000  586.00000  31.3%  31.6 2590s
 1060296 328021 infeasible   44       853.00000  586.00000  31.3%  31.6 2595s
 1062080 328465  586.00000   42   46  853.00000  586.00000  31.3%  31.6 2600s
 1063539 328790 infeasible   33       853.00000  586.00000  31.3%  31.6 2605s
 1065064 329211  733.00000   61   19  853.00000  586.07623  31.3%  31.6 2610s
 1066576 329517 infeasible   56       853.00000  586.13769  31.3%  31.6 2615s
 1068371 329844  659.09091   46   18  853.00000  586.26208  31.3%  31.6 2620s
 1069529 330167  602.88515   34   74  853.00000  586.32268  31.3%  31.7 2625s
 1071564 330845  809.00000   54   10  853.00000  586.45455  31.2%  31.7 2630s
 1073159 331240  675.00000   48   25  853.00000  586.59812  31.2%  31.7 2635s
 1074735 331634 infeasible   55       853.00000  586.73870  31.2%  31.7 2640s
 1076587 332071  595.01490   41   49  853.00000  586.90000  31.2%  31.7 2645s
 1078623 332629 infeasible   36       853.00000  587.00000  31.2%  31.7 2650s
 1080647 333123 infeasible   47       853.00000  587.00000  31.2%  31.7 2655s
 1083162 333929  587.00000   30   25  853.00000  587.00000  31.2%  31.6 2660s
 1085673 334744  733.00000   44   13  853.00000  587.00000  31.2%  31.6 2665s
 1088096 335509 infeasible   44       853.00000  587.00000  31.2%  31.6 2670s
 1089790 335933 infeasible   49       853.00000  587.00000  31.2%  31.6 2675s
 1092042 336465  704.00000   49   21  853.00000  587.00000  31.2%  31.6 2680s
 1094157 337032  634.49254   43   19  853.00000  587.00000  31.2%  31.6 2685s
 1096781 337980  610.00000   41   28  853.00000  587.00000  31.2%  31.6 2690s
 1099400 338947 infeasible   44       853.00000  587.00000  31.2%  31.5 2695s
 1102046 339995  755.00000   52    9  853.00000  587.00000  31.2%  31.5 2700s
 1104877 341016  790.00000   71   11  853.00000  587.00000  31.2%  31.5 2705s
 1107054 341695 infeasible   42       853.00000  587.00000  31.2%  31.5 2710s
 1109381 342362  708.00000   45   16  853.00000  587.00000  31.2%  31.5 2715s
 1111671 343104  704.00000   43   14  853.00000  587.00000  31.2%  31.4 2720s
 1113692 343673  587.00000   29   35  853.00000  587.00000  31.2%  31.4 2725s
 1116513 344728  681.09091   48   21  853.00000  587.00000  31.2%  31.4 2730s
 1118849 345198  695.00000   45   15  853.00000  587.00000  31.2%  31.4 2735s
 1121067 345672 infeasible   39       853.00000  587.00000  31.2%  31.4 2740s
 1123159 345978  587.00000   28   37  853.00000  587.00000  31.2%  31.4 2745s
 1125657 346806  708.00000   51   17  853.00000  587.00000  31.2%  31.4 2750s
 1127781 347424  751.00000   43   17  853.00000  587.00000  31.2%  31.4 2755s
 1130533 348564 infeasible   45       853.00000  587.00000  31.2%  31.3 2760s
 1132825 349442  754.00000   71    8  853.00000  587.00000  31.2%  31.3 2765s
 1134905 350090  685.80000   49   22  853.00000  587.00000  31.2%  31.3 2770s
 1137521 350984  758.00000   55   12  853.00000  587.00000  31.2%  31.3 2775s
 1140483 352020  745.00000   48   17  853.00000  587.00000  31.2%  31.3 2780s
 1143353 353108  638.00000   37   25  853.00000  587.00000  31.2%  31.2 2785s
 1145993 354148  796.00000   55    7  853.00000  587.00000  31.2%  31.2 2790s
 1148419 355268 infeasible   49       853.00000  587.00000  31.2%  31.2 2795s
 1150121 355746  714.00000   48   18  853.00000  587.00000  31.2%  31.2 2800s
 1152532 356525  728.00000   48   17  853.00000  587.00000  31.2%  31.2 2805s
 1155031 357320  603.00000   44   36  853.00000  587.00000  31.2%  31.1 2810s
 1157656 358363  715.00000   44   14  853.00000  587.00000  31.2%  31.1 2815s
 1160269 359174  648.00000   36   33  853.00000  587.00000  31.2%  31.1 2820s
 1162623 359930  616.76923   43   22  853.00000  587.00000  31.2%  31.1 2825s
 1164354 360313  596.77472   45   53  853.00000  587.00000  31.2%  31.1 2830s
 1165981 360920  587.00000   36   43  853.00000  587.00000  31.2%  31.1 2835s
 1168172 361821  701.00000   55   18  853.00000  587.00000  31.2%  31.1 2840s
 1169740 362291  656.00000   43   24  853.00000  587.00726  31.2%  31.1 2845s
 1170820 362552  663.00000   45   30  853.00000  587.08877  31.2%  31.1 2850s
 1172514 362890  637.00000   41   23  853.00000  587.24028  31.2%  31.1 2855s
 1174094 363218  587.52580   35   71  853.00000  587.40856  31.1%  31.1 2860s
 1175700 363704 infeasible   61       853.00000  587.44590  31.1%  31.2 2865s
 1177472 364136  590.39133   49   60  853.00000  587.53768  31.1%  31.2 2870s
 1179265 364615  613.45486   42   80  853.00000  587.65555  31.1%  31.2 2875s
 1180840 365011 infeasible   53       853.00000  587.74914  31.1%  31.2 2880s
 1182527 365526 infeasible   42       853.00000  587.75804  31.1%  31.2 2885s
 1184293 365967  698.00000   45   15  853.00000  587.79961  31.1%  31.2 2890s
 1186114 366430 infeasible   55       853.00000  587.92500  31.1%  31.2 2895s
 1187993 366903 infeasible   42       853.00000  588.00000  31.1%  31.2 2900s
 1190278 367562  588.00000   36   32  853.00000  588.00000  31.1%  31.2 2905s
 1192512 368234  769.00000   50    9  853.00000  588.00000  31.1%  31.2 2910s
 1194954 369083  672.00000   45   17  853.00000  588.00000  31.1%  31.1 2915s
 1197105 369772  643.00000   48   21  853.00000  588.00000  31.1%  31.1 2920s
 1199651 370558  621.00000   35   27  853.00000  588.00000  31.1%  31.1 2925s
 1202040 371299  588.00000   39   35  853.00000  588.00000  31.1%  31.1 2930s
 1204590 372217  611.00000   29   30  853.00000  588.00000  31.1%  31.1 2935s
 1207221 373100  588.00000   34   29  853.00000  588.00000  31.1%  31.1 2940s
 1209707 373938  721.00000   45   17  853.00000  588.00000  31.1%  31.0 2945s
 1211575 374472  592.00000   35   38  853.00000  588.00000  31.1%  31.0 2950s
 1213924 375085  588.00000   34   42  853.00000  588.00000  31.1%  31.0 2955s
 1216047 375709  708.00000   50   20  853.00000  588.00000  31.1%  31.0 2960s
 1218685 376725  636.00000   41   28  853.00000  588.00000  31.1%  31.0 2965s
 1220795 377267  632.00000   38   23  853.00000  588.00000  31.1%  31.0 2970s
 1222592 377706 infeasible   46       853.00000  588.00000  31.1%  31.0 2975s
 1224845 378375  602.00000   36   37  853.00000  588.00000  31.1%  31.0 2980s
 1227739 379508  654.00000   41   19  853.00000  588.00000  31.1%  31.0 2985s
 1230167 380318  715.00000   42   18  853.00000  588.00000  31.1%  30.9 2990s
 1232097 380842  611.84828   41   26  853.00000  588.00000  31.1%  30.9 2995s
 1234570 381759 infeasible   48       853.00000  588.00000  31.1%  30.9 3000s
 1236726 382445  628.00000   42   29  853.00000  588.00000  31.1%  30.9 3005s
 1239123 383250 infeasible   50       853.00000  588.00000  31.1%  30.9 3010s
 1240855 383716 infeasible   55       853.00000  588.00000  31.1%  30.9 3015s
 1242455 384376  754.00000   44   11  853.00000  588.00000  31.1%  30.9 3020s
 1244515 385140  704.90000   46   22  853.00000  588.00000  31.1%  30.9 3025s
 1245953 385450  599.88114   40   65  853.00000  588.00000  31.1%  30.9 3030s
 1248023 386021  652.00000   47   26  853.00000  588.09460  31.1%  30.9 3035s
 1249596 386480  675.00000   44   26  853.00000  588.21379  31.0%  30.9 3040s
 1251231 386909  753.62500   59   18  853.00000  588.32302  31.0%  30.9 3045s
 1252773 387251 infeasible   65       853.00000  588.44444  31.0%  30.9 3050s
 1254688 387670 infeasible   50       853.00000  588.49839  31.0%  30.9 3055s
 1256406 388124  674.00000   39   20  853.00000  588.65374  31.0%  30.9 3060s
 1258465 388799 infeasible   44       853.00000  588.69443  31.0%  30.9 3065s
 1260870 389690 infeasible   55       853.00000  588.69443  31.0%  30.9 3070s
 1263370 390648  619.45455   49   26  853.00000  588.69443  31.0%  30.9 3075s
 1265835 391559 infeasible   44       853.00000  588.69443  31.0%  30.9 3080s
 1268009 392277  702.00000   48   26  853.00000  588.76923  31.0%  30.9 3085s
 1269759 392693 infeasible   51       853.00000  588.84341  31.0%  30.9 3090s
 1271516 393157  594.34003   48   41  853.00000  588.98164  31.0%  30.9 3095s
 1273604 393731  589.00000   32   31  853.00000  589.00000  30.9%  30.9 3100s
 1276264 394699  589.00000   38   24  853.00000  589.00000  30.9%  30.9 3105s
 1278810 395669  684.00000   44   16  853.00000  589.00000  30.9%  30.9 3110s
 1281468 396617  775.00000   49   12  853.00000  589.00000  30.9%  30.8 3115s
 1283976 397395 infeasible   63       853.00000  589.00000  30.9%  30.8 3120s
 1286431 398150  589.00000   36   33  853.00000  589.00000  30.9%  30.8 3125s
 1288781 398946 infeasible   55       853.00000  589.00000  30.9%  30.8 3130s
 1291136 399691  695.44444   46   12  853.00000  589.00000  30.9%  30.8 3135s
 1293307 400340  609.00000   32   36  853.00000  589.00000  30.9%  30.8 3140s
 1295609 401162 infeasible   51       853.00000  589.00000  30.9%  30.8 3145s
 1298200 402101 infeasible   43       853.00000  589.00000  30.9%  30.8 3150s
 1300686 402939  607.00000   42   34  853.00000  589.00000  30.9%  30.7 3155s
 1303085 403734  716.00000   58   24  853.00000  589.00000  30.9%  30.7 3160s
 1305393 404494  769.55556   55   13  853.00000  589.00000  30.9%  30.7 3165s
 1307547 405272  685.00000   51   20  853.00000  589.00000  30.9%  30.7 3170s
 1309659 405998 infeasible   56       853.00000  589.00000  30.9%  30.7 3175s
 1311678 406615 infeasible   40       853.00000  589.00000  30.9%  30.7 3180s
 1313680 407287  634.00000   49   21  853.00000  589.00000  30.9%  30.7 3185s
 1315271 407658 infeasible   49       853.00000  589.03762  30.9%  30.7 3190s
 1317105 408106 infeasible   58       853.00000  589.07270  30.9%  30.7 3195s
 1318990 408611  630.00000   49   22  853.00000  589.07270  30.9%  30.7 3200s
 1320775 409044 infeasible   52       853.00000  589.07270  30.9%  30.7 3205s
 1322496 409443 infeasible   49       853.00000  589.07270  30.9%  30.7 3210s
 1324236 409869 infeasible   60       853.00000  589.07270  30.9%  30.7 3215s
 1326085 410301 infeasible   45       853.00000  589.16993  30.9%  30.7 3220s
 1327320 410460 infeasible   48       853.00000  589.16993  30.9%  30.7 3225s
 1329419 410877  589.16993   43   40  853.00000  589.16993  30.9%  30.7 3230s
 1331430 411292 infeasible   41       853.00000  589.16993  30.9%  30.7 3235s
 1333464 411670  589.16993   44   44  853.00000  589.16993  30.9%  30.7 3240s
 1335453 412187 infeasible   36       853.00000  589.20827  30.9%  30.7 3245s
 1337026 412606  669.00000   45   18  853.00000  589.31579  30.9%  30.7 3250s
 1338760 413020  664.00000   54   22  853.00000  589.41703  30.9%  30.7 3255s
 1340730 413580  656.00000   51   26  853.00000  589.45455  30.9%  30.7 3260s
 1342543 414027  600.82254   44   45  853.00000  589.48028  30.9%  30.8 3265s
 1344441 414515  595.23134   40   35  853.00000  589.53043  30.9%  30.8 3270s
H1344446 414516                     852.9998993  589.53043  30.9%  30.8 3270s
 1345777 414837  698.49254   42   20  852.99990  589.62500  30.9%  30.8 3275s
 1347351 415201 infeasible   53       852.99990  589.75828  30.9%  30.8 3280s
 1349303 415781  606.00000   36   59  852.99990  589.86414  30.8%  30.8 3285s
 1351004 416210  794.00000   55   14  852.99990  589.97879  30.8%  30.8 3290s
 1353220 416816 infeasible   54       852.99990  590.00000  30.8%  30.8 3295s
 1355791 417567 infeasible   44       852.99990  590.00000  30.8%  30.8 3300s
 1357949 418275 infeasible   56       852.99990  590.00000  30.8%  30.7 3305s
 1360440 419126  705.00000   47   18  852.99990  590.00000  30.8%  30.7 3310s
 1362908 419890  590.00000   29   30  852.99990  590.00000  30.8%  30.7 3315s
 1365302 420670  681.00000   44   23  852.99990  590.00000  30.8%  30.7 3320s
 1367699 421469 infeasible   57       852.99990  590.00000  30.8%  30.7 3325s
 1369834 422088  685.00000   42   21  852.99990  590.00000  30.8%  30.7 3330s
 1372578 423018  686.00000   49   19  852.99990  590.00000  30.8%  30.7 3335s
 1375268 424060  820.00000   42   11  852.99990  590.00000  30.8%  30.6 3340s
 1377854 424962  590.00000   41   40  852.99990  590.00000  30.8%  30.6 3345s
 1380090 425566  596.00000   40   34  852.99990  590.00000  30.8%  30.6 3350s
 1382648 426394 infeasible   71       852.99990  590.00000  30.8%  30.6 3355s
 1385069 427239  824.00000   48    7  852.99990  590.00000  30.8%  30.6 3360s
 1387588 428130  591.00000   24   39  852.99990  590.00000  30.8%  30.6 3365s
 1389634 428828  590.00000   27   28  852.99990  590.00000  30.8%  30.6 3370s
 1393175 430255  760.00000   48   13  852.99990  590.00000  30.8%  30.5 3375s
 1396355 431633 infeasible   42       852.99990  590.00000  30.8%  30.5 3380s
 1398612 432310 infeasible   36       852.99990  590.00000  30.8%  30.5 3385s
 1400644 432794 infeasible   55       852.99990  590.00000  30.8%  30.5 3390s
 1402709 433389 infeasible   40       852.99990  590.00000  30.8%  30.5 3395s
 1404624 433954 infeasible   55       852.99990  590.00000  30.8%  30.5 3400s
 1407021 434795  778.00000   36   10  852.99990  590.00000  30.8%  30.5 3405s
 1409710 436002 infeasible   51       852.99990  590.00000  30.8%  30.5 3410s
 1412291 437051 infeasible   53       852.99990  590.00000  30.8%  30.4 3415s
 1414391 437795 infeasible   55       852.99990  590.00000  30.8%  30.4 3420s
 1416472 438414 infeasible   57       852.99990  590.00000  30.8%  30.4 3425s
 1418560 439098 infeasible   38       852.99990  590.00000  30.8%  30.4 3430s
 1420600 439764 infeasible   55       852.99990  590.00000  30.8%  30.4 3435s
 1422929 440641  590.00000   42   38  852.99990  590.00000  30.8%  30.4 3440s
 1424627 441279 infeasible   50       852.99990  590.00000  30.8%  30.4 3445s
 1427010 442146  605.80000   36   43  852.99990  590.00000  30.8%  30.4 3450s
 1428777 442635  683.00000   37   21  852.99990  590.00000  30.8%  30.4 3455s
 1430769 443235 infeasible   38       852.99990  590.00211  30.8%  30.4 3460s
 1432825 443769  623.79778   33   69  852.99990  590.12617  30.8%  30.4 3465s
 1434807 444331  597.00000   44   82  852.99990  590.23282  30.8%  30.4 3470s
 1436755 444927  657.31579   44   22  852.99990  590.31579  30.8%  30.4 3475s
 1438583 445407  735.80000   57   20  852.99990  590.38666  30.8%  30.4 3480s
 1440306 445868  682.00000   48   19  852.99990  590.44444  30.8%  30.4 3485s
 1442315 446311  654.00000   51   34  852.99990  590.47166  30.8%  30.4 3490s
 1443914 446670 infeasible   68       852.99990  590.56372  30.8%  30.4 3495s
 1445903 447177  680.00000   42   22  852.99990  590.67629  30.8%  30.4 3500s
 1447659 447608 infeasible   59       852.99990  590.80000  30.7%  30.4 3505s
 1449955 448370  668.00000   52   26  852.99990  590.86161  30.7%  30.4 3510s
 1452005 449018  591.68443   41   39  852.99990  590.97655  30.7%  30.4 3515s
 1453993 449516  653.00000   49   27  852.99990  591.00000  30.7%  30.4 3520s
 1456578 450315 infeasible   55       852.99990  591.00000  30.7%  30.4 3525s
 1458611 450824  724.00000   54   15  852.99990  591.00000  30.7%  30.4 3530s
 1461028 451575  610.00000   40   25  852.99990  591.00000  30.7%  30.4 3535s
 1464174 452737  790.00000   51   10  852.99990  591.00000  30.7%  30.4 3540s
 1467285 453784  755.00000   60   12  852.99990  591.00000  30.7%  30.3 3545s
 1469512 454437 infeasible   52       852.99990  591.00000  30.7%  30.3 3550s
 1472390 455477  611.00000   36   22  852.99990  591.00000  30.7%  30.3 3555s
 1475136 456539  591.00000   35   41  852.99990  591.00000  30.7%  30.3 3560s
 1477447 457216  724.00000   45   16  852.99990  591.00000  30.7%  30.3 3565s
 1480287 458228  674.80000   47   17  852.99990  591.00000  30.7%  30.2 3570s
 1482961 459044  726.00000   43   17  852.99990  591.00000  30.7%  30.2 3575s
 1485515 459848  734.00000   45   12  852.99990  591.00000  30.7%  30.2 3580s
 1488296 460691  684.00000   34   17  852.99990  591.00000  30.7%  30.2 3585s
 1490799 461482 infeasible   36       852.99990  591.00000  30.7%  30.2 3590s
 1493594 462545  597.00000   34   24  852.99990  591.00000  30.7%  30.2 3595s
 1496008 463217  591.00000   42   36  852.99990  591.00000  30.7%  30.1 3600s
 1498274 463931  704.00000   45   18  852.99990  591.00000  30.7%  30.1 3605s
 1500678 464777  614.00000   33   24  852.99990  591.00000  30.7%  30.1 3610s
 1503213 465542  677.92500   40   22  852.99990  591.00000  30.7%  30.1 3615s
 1505537 466264  710.90000   47   16  852.99990  591.00000  30.7%  30.1 3620s
 1508053 467062 infeasible   36       852.99990  591.00000  30.7%  30.1 3625s
 1510294 467651  701.00000   40   15  852.99990  591.00000  30.7%  30.1 3630s
 1512463 468302  614.00000   36   23  852.99990  591.00000  30.7%  30.1 3635s
 1514651 468992  591.00000   34   35  852.99990  591.00000  30.7%  30.1 3640s
 1516537 469530  593.00000   40   31  852.99990  591.00000  30.7%  30.1 3645s
 1518465 470010  708.00000   54   15  852.99990  591.00000  30.7%  30.1 3650s
 1520462 470553 infeasible   33       852.99990  591.00000  30.7%  30.1 3655s
 1522995 471658 infeasible   57       852.99990  591.00000  30.7%  30.1 3660s
 1525164 472325 infeasible   40       852.99990  591.00000  30.7%  30.1 3665s
 1527049 472748 infeasible   39       852.99990  591.00000  30.7%  30.1 3670s
 1528810 473123  616.00000   25   28  852.99990  591.00000  30.7%  30.1 3675s
 1530547 473574  653.00000   41   24  852.99990  591.01364  30.7%  30.1 3680s
 1532405 473964  593.75330   45   62  852.99990  591.11143  30.7%  30.1 3685s
 1534456 474410  642.00000   41   35  852.99990  591.20349  30.7%  30.1 3690s
 1536326 474804 infeasible   40       852.99990  591.31579  30.7%  30.1 3695s
 1538700 475704  639.00000   55   23  852.99990  591.41557  30.7%  30.1 3700s
 1541295 476595 infeasible   40       852.99990  591.41557  30.7%  30.1 3705s
 1543648 477368  654.00000   55   21  852.99990  591.41557  30.7%  30.1 3710s
 1545495 477741 infeasible   44       852.99990  591.42857  30.7%  30.1 3715s
 1547503 478247  610.00000   46   60  852.99990  591.48310  30.7%  30.0 3720s
 1549385 478705  760.00000   50   15  852.99990  591.53441  30.7%  30.0 3725s
 1551034 479100 infeasible   58       852.99990  591.57073  30.6%  30.0 3730s
 1553065 479692  610.48244   35   57  852.99990  591.66425  30.6%  30.0 3735s
 1554828 480087  648.00000   51   24  852.99990  591.77783  30.6%  30.1 3740s
 1556796 480671  696.00000   41   22  852.99990  591.92500  30.6%  30.1 3745s
 1559314 481439 infeasible   42       852.99990  592.00000  30.6%  30.0 3750s
 1561595 482202 infeasible   55       852.99990  592.00000  30.6%  30.0 3755s
 1564084 482983  743.00000   44   17  852.99990  592.00000  30.6%  30.0 3760s
 1566623 483782  633.00000   40   21  852.99990  592.00000  30.6%  30.0 3765s
 1569299 484600 infeasible   45       852.99990  592.00000  30.6%  30.0 3770s
 1571986 485495  813.00000   49    7  852.99990  592.00000  30.6%  30.0 3775s
 1574727 486408  672.00000   35   14  852.99990  592.00000  30.6%  30.0 3780s
 1577344 487179 infeasible   33       852.99990  592.00000  30.6%  29.9 3785s
 1579772 487927 infeasible   52       852.99990  592.00000  30.6%  29.9 3790s
 1582368 488793  659.00000   41   21  852.99990  592.00000  30.6%  29.9 3795s
 1584816 489575 infeasible   43       852.99990  592.00000  30.6%  29.9 3800s
 1586689 490111  627.00000   33   26  852.99990  592.00000  30.6%  29.9 3805s
 1589068 490820  610.00000   38   28  852.99990  592.00000  30.6%  29.9 3810s
 1591580 491684  659.00000   42   23  852.99990  592.00000  30.6%  29.9 3815s
 1594502 492770 infeasible   37       852.99990  592.00000  30.6%  29.9 3820s
 1596096 493226  627.00000   36   22  852.99990  592.00000  30.6%  29.9 3825s
 1598490 493999  592.00000   24   30  852.99990  592.00000  30.6%  29.8 3830s
 1601167 494890  753.31579   38   13  852.99990  592.00000  30.6%  29.8 3835s
 1603351 495484 infeasible   53       852.99990  592.00000  30.6%  29.8 3840s
 1605459 496044 infeasible   33       852.99990  592.00000  30.6%  29.8 3845s
 1607643 496620 infeasible   45       852.99990  592.00000  30.6%  29.8 3850s
 1610048 497417 infeasible   59       852.99990  592.00000  30.6%  29.8 3855s
 1612324 498011 infeasible   33       852.99990  592.00000  30.6%  29.8 3860s
 1615060 499055 infeasible   43       852.99990  592.00000  30.6%  29.8 3865s
 1617031 499712 infeasible   43       852.99990  592.00000  30.6%  29.8 3870s
 1619777 500648 infeasible   49       852.99990  592.00000  30.6%  29.8 3875s
 1622284 501423  599.43182   33   27  852.99990  592.00000  30.6%  29.7 3880s
 1625382 502595  841.00000   54    4  852.99990  592.00000  30.6%  29.7 3885s
 1627848 503385  592.00000   30   29  852.99990  592.00000  30.6%  29.7 3890s
 1630380 504223  714.00000   40   14  852.99990  592.00000  30.6%  29.7 3895s
 1632996 505111  609.00000   29   31  852.99990  592.00000  30.6%  29.7 3900s
 1634836 505507 infeasible   48       852.99990  592.00000  30.6%  29.7 3905s
 1636879 506072  592.00000   29   35  852.99990  592.00000  30.6%  29.7 3910s
 1639122 506753  603.00000   39   31  852.99990  592.00000  30.6%  29.7 3915s
 1641215 507322  720.00000   44   17  852.99990  592.00000  30.6%  29.7 3920s
 1643962 508223  592.00000   36   33  852.99990  592.00000  30.6%  29.7 3925s
 1646233 508880  800.00000   65   10  852.99990  592.00000  30.6%  29.7 3930s
 1649019 510010  601.00000   34   30  852.99990  592.00000  30.6%  29.6 3935s
 1652216 511279  627.00000   47   20  852.99990  592.00000  30.6%  29.6 3940s
 1655185 512316  761.00000   52   11  852.99990  592.00000  30.6%  29.6 3945s
 1657900 513261  811.00000   54    9  852.99990  592.00000  30.6%  29.6 3950s
 1660993 514462  797.00000   46    8  852.99990  592.00000  30.6%  29.6 3955s
 1662931 515260  698.00000   52   19  852.99990  592.00000  30.6%  29.6 3960s
 1665689 516310  775.31579   46   10  852.99990  592.00000  30.6%  29.5 3965s
 1668359 517266 infeasible   58       852.99990  592.00000  30.6%  29.5 3970s
 1670856 518173 infeasible   32       852.99990  592.00000  30.6%  29.5 3975s
 1673636 519367  766.00000   44   11  852.99990  592.00000  30.6%  29.5 3980s
 1676069 520224  703.00000   39   15  852.99990  592.00000  30.6%  29.5 3985s
 1677772 520949  787.00000   41   13  852.99990  592.00000  30.6%  29.5 3990s
 1680685 522152  620.00000   32   22  852.99990  592.00000  30.6%  29.5 3995s
 1683772 523363  799.00000   42   10  852.99990  592.00000  30.6%  29.4 4000s
 1686396 524497 infeasible   65       852.99990  592.00000  30.6%  29.4 4005s
 1688144 525157 infeasible   40       852.99990  592.00000  30.6%  29.4 4010s
 1690991 526222 infeasible   39       852.99990  592.00000  30.6%  29.4 4015s
 1693571 527164  726.00000   45   17  852.99990  592.00000  30.6%  29.4 4020s
 1696478 528299  654.00000   41   22  852.99990  592.00000  30.6%  29.4 4025s
 1699316 529457  670.00000   43   23  852.99990  592.00000  30.6%  29.4 4030s
 1701961 530488  734.00000   39   14  852.99990  592.00000  30.6%  29.3 4035s
 1704449 531446  784.00000   40   13  852.99990  592.00000  30.6%  29.3 4040s
 1706962 532301  594.00000   33   29  852.99990  592.00000  30.6%  29.3 4045s
 1709587 533312 infeasible   48       852.99990  592.00000  30.6%  29.3 4050s
 1712045 534158 infeasible   45       852.99990  592.00000  30.6%  29.3 4055s
 1713334 534713 infeasible   35       852.99990  592.00000  30.6%  29.3 4060s
 1715988 535657 infeasible   46       852.99990  592.00000  30.6%  29.3 4065s
 1718388 536557  669.00000   40   21  852.99990  592.00000  30.6%  29.3 4070s
 1721044 537495  799.00000   52   11  852.99990  592.00000  30.6%  29.3 4075s
 1724034 538745  795.00000   50    9  852.99990  592.00000  30.6%  29.2 4080s
 1726831 539922  681.00000   37   18  852.99990  592.00000  30.6%  29.2 4085s
 1729415 540780 infeasible   46       852.99990  592.00000  30.6%  29.2 4090s
H1730216 541056                     852.9998993  592.00000  30.6%  29.2 4091s
 1731657 541661 infeasible   52       852.99990  592.00000  30.6%  29.2 4095s
 1734380 542704  756.00000   60   14  852.99990  592.00000  30.6%  29.2 4100s
 1736886 543402 infeasible   47       852.99990  592.00000  30.6%  29.2 4105s
 1739256 544122 infeasible   52       852.99990  592.00000  30.6%  29.2 4110s
 1740886 544532  592.00000   41   32  852.99990  592.00000  30.6%  29.2 4115s
 1743078 545158  605.32992   36   34  852.99990  592.00000  30.6%  29.2 4120s
 1745384 545802 infeasible   53       852.99990  592.00000  30.6%  29.1 4125s
 1747483 546439  802.00000   42    9  852.99990  592.00000  30.6%  29.1 4130s
 1750140 547310  592.00000   42   24  852.99990  592.00000  30.6%  29.1 4135s
 1752241 547767 infeasible   43       852.99990  592.00000  30.6%  29.1 4140s
 1754707 548665  684.00000   35   21  852.99990  592.00000  30.6%  29.1 4145s
 1757423 549637  635.00000   36   21  852.99990  592.00000  30.6%  29.1 4150s
 1760049 550391  705.67532   33   15  852.99990  592.00000  30.6%  29.1 4155s
 1762193 550925  629.00000   45   27  852.99990  592.00000  30.6%  29.1 4160s
 1764376 551624  637.00000   52   33  852.99990  592.00000  30.6%  29.1 4165s
 1766503 552235 infeasible   49       852.99990  592.00000  30.6%  29.1 4170s
 1768781 552983  801.00000   41    7  852.99990  592.00000  30.6%  29.1 4175s
 1770943 553783  650.00000   36   26  852.99990  592.00000  30.6%  29.1 4180s
 1772970 554340  660.00000   41   28  852.99990  592.00000  30.6%  29.1 4185s
 1775001 555001  792.00000   49    8  852.99990  592.00000  30.6%  29.1 4190s
 1777073 555653  692.00000   46   38  852.99990  592.00000  30.6%  29.1 4195s
 1779060 556156 infeasible   54       852.99990  592.00000  30.6%  29.1 4200s
 1781194 556744  621.00000   36   32  852.99990  592.00000  30.6%  29.1 4205s
 1783225 557287  673.00000   42   20  852.99990  592.00000  30.6%  29.1 4210s
 1784905 557674  698.00000   54   22  852.99990  592.03782  30.6%  29.1 4215s
 1786935 558214  775.00000   49   11  852.99990  592.20000  30.6%  29.1 4220s
 1789066 558819  799.00000   59   14  852.99990  592.31579  30.6%  29.1 4225s
 1790424 559071  592.43182   46   48  852.99990  592.43182  30.5%  29.1 4230s
 1792595 559624  592.45455   51   24  852.99990  592.45455  30.5%  29.1 4235s
 1794485 560115  738.00000   59   18  852.99990  592.53747  30.5%  29.1 4240s
 1796436 560720  616.00000   46   50  852.99990  592.54548  30.5%  29.1 4245s
 1798063 561235  681.00000   60   21  852.99990  592.55556  30.5%  29.1 4250s
 1799703 561653  637.00000   35   31  852.99990  592.63163  30.5%  29.1 4255s
 1801509 562131  788.00000   54   10  852.99990  592.67532  30.5%  29.1 4260s
 1803360 562545  592.81418   44   55  852.99990  592.79905  30.5%  29.1 4265s
 1805153 563010  617.00000   47   55  852.99990  592.85595  30.5%  29.1 4270s
 1806769 563360 infeasible   58       852.99990  592.92416  30.5%  29.1 4275s
 1808824 563901  716.00000   41   12  852.99990  593.00000  30.5%  29.1 4280s
 1811479 564788  618.00000   33   29  852.99990  593.00000  30.5%  29.1 4285s
 1814098 565627  782.00000   62   12  852.99990  593.00000  30.5%  29.1 4290s
 1816318 566277  803.00000   69    6  852.99990  593.00000  30.5%  29.1 4295s
 1818644 566973 infeasible   48       852.99990  593.00000  30.5%  29.0 4300s
 1821394 567827  688.00000   43   17  852.99990  593.00000  30.5%  29.0 4305s
 1824112 568729 infeasible   40       852.99990  593.00000  30.5%  29.0 4310s
 1826805 569652  777.00000   41    6  852.99990  593.00000  30.5%  29.0 4315s
 1829447 570474  593.00000   43   27  852.99990  593.00000  30.5%  29.0 4320s
 1831927 571212  688.00000   37   18  852.99990  593.00000  30.5%  29.0 4325s
 1834556 571949  772.31579   34   10  852.99990  593.00000  30.5%  29.0 4330s
 1837088 572741 infeasible   52       852.99990  593.00000  30.5%  29.0 4335s
 1839756 573537 infeasible   43       852.99990  593.00000  30.5%  29.0 4340s
 1841992 574221 infeasible   55       852.99990  593.00000  30.5%  28.9 4345s
 1844638 575085  826.00000   60    6  852.99990  593.00000  30.5%  28.9 4350s
 1847566 576105  647.00000   31   19  852.99990  593.00000  30.5%  28.9 4355s
 1850222 576837 infeasible   41       852.99990  593.00000  30.5%  28.9 4360s
 1852916 577569  603.00000   32   21  852.99990  593.00000  30.5%  28.9 4365s
 1855700 578489  610.00000   33   23  852.99990  593.00000  30.5%  28.9 4370s
 1857705 579110  643.00000   53   28  852.99990  593.00000  30.5%  28.9 4375s
 1860665 580144  702.44444   45   16  852.99990  593.00000  30.5%  28.9 4380s
 1862588 580613 infeasible   41       852.99990  593.00000  30.5%  28.9 4385s
 1865478 581595  680.90000   44   23  852.99990  593.00000  30.5%  28.8 4390s
 1868230 582721 infeasible   53       852.99990  593.00000  30.5%  28.8 4395s
 1871215 583898 infeasible   42       852.99990  593.00000  30.5%  28.8 4400s
 1873738 584711  623.00000   34   24  852.99990  593.00000  30.5%  28.8 4405s
 1876275 585510  748.00000   40   15  852.99990  593.00000  30.5%  28.8 4410s
 1878683 586162  741.00000   58   15  852.99990  593.00000  30.5%  28.8 4415s
 1881169 586990 infeasible   46       852.99990  593.00000  30.5%  28.8 4420s
 1883489 587688  640.00000   47   23  852.99990  593.00000  30.5%  28.8 4425s
 1885702 588365  593.00000   27   26  852.99990  593.00000  30.5%  28.8 4430s
 1887866 588955  767.00000   45   13  852.99990  593.00000  30.5%  28.8 4435s
 1889955 589580  629.00000   38   23  852.99990  593.00000  30.5%  28.8 4440s
 1892011 590124  667.00000   31   19  852.99990  593.00000  30.5%  28.8 4445s
 1894690 591049 infeasible   52       852.99990  593.00000  30.5%  28.7 4450s
 1896843 591476 infeasible   42       852.99990  593.00000  30.5%  28.7 4455s
 1899046 592017 infeasible   45       852.99990  593.00000  30.5%  28.7 4460s
 1901563 592712  675.00000   47   24  852.99990  593.00000  30.5%  28.7 4465s
 1904450 593807 infeasible   43       852.99990  593.00000  30.5%  28.7 4470s
 1906998 594519  737.00000   37   14  852.99990  593.00000  30.5%  28.7 4475s
 1909927 595564 infeasible   44       852.99990  593.00000  30.5%  28.7 4480s
 1913271 597154  640.00000   43   21  852.99990  593.00000  30.5%  28.7 4485s
 1916522 598445  720.00000   45   11  852.99990  593.00000  30.5%  28.7 4490s
 1919347 599520 infeasible   50       852.99990  593.00000  30.5%  28.6 4495s
 1922084 600491  746.00000   41   13  852.99990  593.00000  30.5%  28.6 4500s
 1924969 601582 infeasible   44       852.99990  593.00000  30.5%  28.6 4505s
 1928073 602776  722.00000   44   12  852.99990  593.00000  30.5%  28.6 4510s
 1930198 603523  625.00000   33   28  852.99990  593.00000  30.5%  28.6 4515s
 1932966 604575 infeasible   45       852.99990  593.00000  30.5%  28.6 4520s
 1935586 605513  677.55556   45   16  852.99990  593.00000  30.5%  28.6 4525s
 1938263 606402  754.80000   45   13  852.99990  593.00000  30.5%  28.5 4530s
 1941143 607430  676.00000   38   18  852.99990  593.00000  30.5%  28.5 4535s
 1943051 608020  648.00000   41   23  852.99990  593.00000  30.5%  28.5 4540s
 1945339 608574  623.00000   45   25  852.99990  593.00000  30.5%  28.5 4545s
 1947776 609193  691.00000   46   19  852.99990  593.00000  30.5%  28.5 4550s
 1950387 610014  820.00000   77    8  852.99990  593.00000  30.5%  28.5 4555s
 1953055 610902  700.00000   38   19  852.99990  593.00000  30.5%  28.5 4560s
 1955687 611874  814.00000   50    8  852.99990  593.00000  30.5%  28.5 4565s
 1958602 612945  593.00000   36   27  852.99990  593.00000  30.5%  28.5 4570s
 1961476 614113 infeasible   52       852.99990  593.00000  30.5%  28.5 4575s
 1964472 615431  593.00000   46   33  852.99990  593.00000  30.5%  28.4 4580s
 1967599 616624  669.00000   45   18  852.99990  593.00000  30.5%  28.4 4585s
 1969980 617395  677.00000   54   19  852.99990  593.00000  30.5%  28.4 4590s
 1972377 618020  623.31579   47   27  852.99990  593.00000  30.5%  28.4 4595s
 1974805 618738  593.00000   23   26  852.99990  593.00000  30.5%  28.4 4600s
 1977517 619690 infeasible   50       852.99990  593.00000  30.5%  28.4 4605s
 1979926 620349  593.00000   31   27  852.99990  593.00000  30.5%  28.4 4610s
 1982225 620982 infeasible   53       852.99990  593.00000  30.5%  28.4 4615s
 1984265 621454  606.53408   42   29  852.99990  593.00000  30.5%  28.4 4620s
 1986732 622265  802.00000   54    8  852.99990  593.00000  30.5%  28.4 4625s
 1988837 622738  617.34194   46   27  852.99990  593.00000  30.5%  28.4 4630s
 1991484 623677  736.00000   40   17  852.99990  593.00000  30.5%  28.4 4635s
 1994279 624674 infeasible   47       852.99990  593.00000  30.5%  28.4 4640s
 1996648 625661 infeasible   56       852.99990  593.00000  30.5%  28.3 4645s
 1999301 626516  664.00000   34   21  852.99990  593.00000  30.5%  28.3 4650s
 2001842 627435 infeasible   39       852.99990  593.00000  30.5%  28.3 4655s
 2004239 628288 infeasible   44       852.99990  593.00000  30.5%  28.3 4660s
 2006471 628870  609.00000   32   26  852.99990  593.00000  30.5%  28.3 4665s
 2009010 629721 infeasible   37       852.99990  593.00000  30.5%  28.3 4670s
 2011148 630339 infeasible   39       852.99990  593.00000  30.5%  28.3 4675s
 2013116 631013  628.00000   35   31  852.99990  593.00000  30.5%  28.3 4680s
 2015598 631921  617.00000   30   28  852.99990  593.00000  30.5%  28.3 4685s
 2017663 632546 infeasible   34       852.99990  593.00000  30.5%  28.3 4690s
 2020175 633394 infeasible   61       852.99990  593.00000  30.5%  28.3 4695s
 2023221 634766  606.00000   29   30  852.99990  593.00000  30.5%  28.3 4700s
 2026677 636453  603.00000   33   30  852.99990  593.00000  30.5%  28.3 4705s
 2028892 637254 infeasible   34       852.99990  593.00000  30.5%  28.3 4710s
 2031174 638016 infeasible   44       852.99990  593.00000  30.5%  28.3 4715s
 2033472 638764  593.00000   34   32  852.99990  593.00000  30.5%  28.2 4720s
 2035678 639560  754.00000   43   13  852.99990  593.00000  30.5%  28.2 4725s
 2038293 640574  604.00000   55   33  852.99990  593.00000  30.5%  28.2 4730s
 2040733 641442 infeasible   64       852.99990  593.00000  30.5%  28.2 4735s
 2043240 642305  647.31579   38   21  852.99990  593.00000  30.5%  28.2 4740s
 2045833 643176  622.00000   39   22  852.99990  593.00000  30.5%  28.2 4745s
 2048108 643831 infeasible   39       852.99990  593.00000  30.5%  28.2 4750s
 2050359 644382 infeasible   47       852.99990  593.00000  30.5%  28.2 4755s
 2052538 644967  628.80000   43   33  852.99990  593.00000  30.5%  28.2 4760s
 2054469 645454 infeasible   57       852.99990  593.00000  30.5%  28.2 4765s
 2057228 646197  593.00000   35   27  852.99990  593.00000  30.5%  28.2 4770s
 2059482 646975 infeasible   47       852.99990  593.00000  30.5%  28.2 4775s
 2061660 647471  593.00000   42   41  852.99990  593.00000  30.5%  28.2 4780s
 2063868 647919 infeasible   40       852.99990  593.00000  30.5%  28.2 4785s
 2065922 648475  664.00000   46   19  852.99990  593.00000  30.5%  28.2 4790s
 2067944 649019  593.00000   29   36  852.99990  593.00000  30.5%  28.2 4795s
 2069990 649659  728.00000   58   20  852.99990  593.00000  30.5%  28.2 4800s
 2072267 650462  805.00000   66   13  852.99990  593.00000  30.5%  28.2 4805s
 2074465 651266  618.00000   41   31  852.99990  593.00000  30.5%  28.2 4810s
 2076447 651814 infeasible   39       852.99990  593.00000  30.5%  28.2 4815s
 2078383 652330  593.00000   45   45  852.99990  593.00000  30.5%  28.2 4820s
 2080563 652954 infeasible   60       852.99990  593.00000  30.5%  28.2 4825s
 2082581 653550  593.00000   47   43  852.99990  593.00000  30.5%  28.2 4830s
 2084558 654081 infeasible   54       852.99990  593.00000  30.5%  28.2 4835s
 2086571 654698  718.00000   63   18  852.99990  593.00000  30.5%  28.2 4840s
 2088469 655194  747.00000   58   14  852.99990  593.00000  30.5%  28.2 4845s
 2090683 655926 infeasible   45       852.99990  593.00000  30.5%  28.2 4850s
 2092874 656539  774.00000   49   13  852.99990  593.00000  30.5%  28.2 4855s
 2094489 656844  593.00000   50   46  852.99990  593.00000  30.5%  28.2 4860s
 2096312 657207  609.00000   53   29  852.99990  593.00000  30.5%  28.2 4865s
 2098286 657773  668.00000   60   21  852.99990  593.00000  30.5%  28.2 4870s
 2100366 658273 infeasible   51       852.99990  593.00000  30.5%  28.2 4875s
 2102360 658835  701.00000   56   18  852.99990  593.00000  30.5%  28.2 4880s
 2104338 659355 infeasible   65       852.99990  593.00000  30.5%  28.2 4885s
 2106117 659730  716.00000   61   17  852.99990  593.00000  30.5%  28.2 4890s
 2107821 660184 infeasible   55       852.99990  593.00000  30.5%  28.2 4895s
 2109896 660659 infeasible   57       852.99990  593.00000  30.5%  28.2 4900s
 2111862 661109  593.00000   47   42  852.99990  593.00000  30.5%  28.1 4905s
 2113933 661572  593.00000   47   43  852.99990  593.00000  30.5%  28.1 4910s
 2115915 662006  593.00000   44   63  852.99990  593.00000  30.5%  28.1 4915s
 2117380 662419  733.00000   68   14  852.99990  593.00000  30.5%  28.1 4920s
 2119143 662768  707.00000   68   19  852.99990  593.00000  30.5%  28.1 4925s
 2121134 663315  629.00000   59   39  852.99990  593.00000  30.5%  28.1 4930s
 2123156 663849 infeasible   52       852.99990  593.00000  30.5%  28.1 4935s
 2125013 664316 infeasible   56       852.99990  593.00000  30.5%  28.1 4940s
 2126763 664674 infeasible   39       852.99990  593.00000  30.5%  28.1 4945s
 2128474 665117 infeasible   50       852.99990  593.02265  30.5%  28.1 4950s
 2130220 665555  635.09091   52   29  852.99990  593.09091  30.5%  28.1 4955s
 2131927 665928  707.00000   43   31  852.99990  593.15936  30.5%  28.2 4960s
 2133743 666400  794.00000   57    8  852.99990  593.25822  30.5%  28.2 4965s
 2135437 666825  740.00000   62   19  852.99990  593.35093  30.4%  28.2 4970s
 2137274 667338  632.43182   56   24  852.99990  593.43182  30.4%  28.2 4975s
 2139504 667914  612.00000   37   46  852.99990  593.45455  30.4%  28.2 4980s
 2141322 668324  646.09091   49   19  852.99990  593.48794  30.4%  28.2 4985s
 2143274 668804  676.00000   36   15  852.99990  593.55172  30.4%  28.2 4990s
 2145296 669342  605.55556   44   33  852.99990  593.61871  30.4%  28.2 4995s
 2146974 669714  692.43182   54   23  852.99990  593.61871  30.4%  28.2 5000s
 2148567 670101 infeasible   62       852.99990  593.61871  30.4%  28.2 5005s
 2150453 670587 infeasible   62       852.99990  593.69431  30.4%  28.2 5010s
 2152272 670966 infeasible   49       852.99990  593.78745  30.4%  28.2 5015s
 2154340 671441  709.00000   56   20  852.99990  593.80441  30.4%  28.2 5020s
 2156118 671871  616.38670   38   72  852.99990  593.81670  30.4%  28.2 5025s
 2157836 672307  687.00000   40   21  852.99990  593.90000  30.4%  28.2 5030s
 2159870 672949  636.44444   40   24  852.99990  593.96291  30.4%  28.2 5035s
 2162071 673606  635.00000   42   22  852.99990  594.00000  30.4%  28.2 5040s
 2164424 674247 infeasible   54       852.99990  594.00000  30.4%  28.2 5045s
 2166755 674934 infeasible   35       852.99990  594.00000  30.4%  28.2 5050s
 2169057 675558  678.00000   47   18  852.99990  594.00000  30.4%  28.2 5055s
 2171650 676283  695.00000   57   24  852.99990  594.00000  30.4%  28.2 5060s
 2173895 677058 infeasible   43       852.99990  594.00000  30.4%  28.1 5065s
 2176364 677769 infeasible   47       852.99990  594.00000  30.4%  28.1 5070s
 2178659 678300  666.31579   40   16  852.99990  594.00000  30.4%  28.1 5075s
 2181046 678941  627.00000   48   28  852.99990  594.00000  30.4%  28.1 5080s
 2183625 679690  769.00000   57   10  852.99990  594.00000  30.4%  28.1 5085s
 2186049 680298  752.00000   47   12  852.99990  594.00000  30.4%  28.1 5090s
 2188473 681166  594.00000   34   31  852.99990  594.00000  30.4%  28.1 5095s
 2191218 682015  690.31579   49   16  852.99990  594.00000  30.4%  28.1 5100s
 2193507 682616  775.00000   53    9  852.99990  594.00000  30.4%  28.1 5105s
 2196371 683716  726.00000   40   15  852.99990  594.00000  30.4%  28.1 5110s
 2199336 684813  702.90000   44   12  852.99990  594.00000  30.4%  28.1 5115s
 2202291 685806  726.00000   54   11  852.99990  594.00000  30.4%  28.1 5120s
 2205049 686720  820.00000   58    6  852.99990  594.00000  30.4%  28.0 5125s
 2207458 687499  762.00000   39   12  852.99990  594.00000  30.4%  28.0 5130s
 2209299 687998  637.00000   35   24  852.99990  594.00000  30.4%  28.0 5135s
 2211712 688617  666.45455   42   19  852.99990  594.00000  30.4%  28.0 5140s
 2214117 689344  668.31579   39   21  852.99990  594.00000  30.4%  28.0 5145s
 2216884 690247  807.90000   48    8  852.99990  594.00000  30.4%  28.0 5150s
 2219439 691108 infeasible   44       852.99990  594.00000  30.4%  28.0 5155s
 2221982 691887 infeasible   61       852.99990  594.00000  30.4%  28.0 5160s
 2224134 692601  605.44444   37   27  852.99990  594.00000  30.4%  28.0 5165s
 2226473 693302 infeasible   53       852.99990  594.00000  30.4%  28.0 5170s
 2229079 694174  679.31579   37   15  852.99990  594.00000  30.4%  28.0 5175s
 2231569 694858 infeasible   45       852.99990  594.00000  30.4%  28.0 5180s
 2234401 695970 infeasible   77       852.99990  594.00000  30.4%  28.0 5185s
 2236962 696755  668.00000   47   26  852.99990  594.00000  30.4%  28.0 5190s
 2239708 697533  760.00000   44   15  852.99990  594.00000  30.4%  27.9 5195s
 2242135 698276 infeasible   43       852.99990  594.00000  30.4%  27.9 5200s
 2244632 699123 infeasible   56       852.99990  594.00000  30.4%  27.9 5205s
 2246993 699874  602.00000   42   27  852.99990  594.00000  30.4%  27.9 5210s
 2249022 700343 infeasible   45       852.99990  594.00000  30.4%  27.9 5215s
 2251239 700884  624.00000   38   31  852.99990  594.00000  30.4%  27.9 5220s
 2253459 701496 infeasible   50       852.99990  594.00000  30.4%  27.9 5225s
 2255820 702207  598.00000   39   25  852.99990  594.00000  30.4%  27.9 5230s
 2258500 703171  647.00000   34   26  852.99990  594.00000  30.4%  27.9 5235s
 2260889 703898 infeasible   37       852.99990  594.00000  30.4%  27.9 5240s
 2263533 704772  798.00000   56    7  852.99990  594.00000  30.4%  27.9 5245s
 2265924 705687  677.00000   38   16  852.99990  594.00000  30.4%  27.9 5250s
 2268559 706480  661.00000   40   21  852.99990  594.00000  30.4%  27.9 5255s
 2270775 707132 infeasible   49       852.99990  594.00000  30.4%  27.9 5260s
 2273403 708012  594.00000   32   32  852.99990  594.00000  30.4%  27.9 5265s
 2276039 708900  594.00000   43   42  852.99990  594.00000  30.4%  27.9 5270s
 2278697 709738  662.00000   43   22  852.99990  594.00000  30.4%  27.9 5275s
 2281082 710507 infeasible   56       852.99990  594.00000  30.4%  27.9 5280s
 2283559 711384  761.00000   43   14  852.99990  594.00000  30.4%  27.8 5285s
 2285902 712163 infeasible   36       852.99990  594.00000  30.4%  27.8 5290s
 2288411 713060 infeasible   47       852.99990  594.00000  30.4%  27.8 5295s
 2290611 713660  629.92500   43   27  852.99990  594.00000  30.4%  27.8 5300s
 2292608 714199  651.00000   39   32  852.99990  594.00000  30.4%  27.8 5305s
 2294537 714678  761.00000   36   11  852.99990  594.00000  30.4%  27.8 5310s
 2296549 715202  682.00000   38   16  852.99990  594.00000  30.4%  27.8 5315s
 2298736 715767  733.00000   57   15  852.99990  594.00000  30.4%  27.8 5320s
 2300551 716136 infeasible   50       852.99990  594.00000  30.4%  27.8 5325s
 2302669 716770  708.00000   49   17  852.99990  594.00000  30.4%  27.8 5330s
 2304931 717514  605.44973   31   45  852.99990  594.00000  30.4%  27.8 5335s
 2307509 718308 infeasible   46       852.99990  594.00000  30.4%  27.8 5340s
 2309998 719173  672.00000   35   19  852.99990  594.00000  30.4%  27.8 5345s
 2312359 719922  594.00000   34   34  852.99990  594.00000  30.4%  27.8 5350s
 2314620 720583  717.00000   58   18  852.99990  594.00000  30.4%  27.8 5355s
 2316710 721159  624.00000   47   27  852.99990  594.00000  30.4%  27.8 5360s
 2318854 721775 infeasible   53       852.99990  594.00000  30.4%  27.8 5365s
 2320968 722435 infeasible   54       852.99990  594.00000  30.4%  27.8 5370s
 2323299 723154  807.00000   63    6  852.99990  594.00000  30.4%  27.8 5375s
 2325445 723828 infeasible   47       852.99990  594.00000  30.4%  27.8 5380s
 2327421 724300  795.31579   61   10  852.99990  594.00000  30.4%  27.8 5385s
 2329558 724953  594.00000   34   47  852.99990  594.00000  30.4%  27.8 5390s
 2331400 725513 infeasible   43       852.99990  594.00000  30.4%  27.8 5395s
 2333035 725848 infeasible   60       852.99990  594.00000  30.4%  27.8 5400s
 2334988 726419  594.00000   43   50  852.99990  594.00000  30.4%  27.8 5405s
 2336639 726860  594.00000   40   61  852.99990  594.00000  30.4%  27.8 5410s
 2338669 727438 infeasible   69       852.99990  594.05363  30.4%  27.8 5415s
 2340692 728048  752.00000   43   13  852.99990  594.09091  30.4%  27.8 5420s
 2342380 728310  622.00000   35   28  852.99990  594.11152  30.4%  27.8 5425s
 2343950 728537  594.14892   38   35  852.99990  594.14892  30.3%  27.8 5430s
 2345367 728632  594.14892   41   72  852.99990  594.14892  30.3%  27.8 5435s
 2347186 729001  643.00000   44   22  852.99990  594.20000  30.3%  27.8 5440s
 2348983 729395  648.00000   54   28  852.99990  594.27314  30.3%  27.8 5445s
 2350321 729696  633.51253   49   25  852.99990  594.31025  30.3%  27.9 5450s
 2352104 730161 infeasible   48       852.99990  594.37065  30.3%  27.9 5455s
 2353987 730618  735.00000   46   14  852.99990  594.44444  30.3%  27.9 5460s
 2356044 731113  668.00000   46   17  852.99990  594.49254  30.3%  27.9 5465s
 2358196 731699 infeasible   51       852.99990  594.54590  30.3%  27.9 5470s
 2360096 732343  616.00000   47   47  852.99990  594.61138  30.3%  27.9 5475s
 2361753 732816  698.00000   43   15  852.99990  594.63150  30.3%  27.9 5480s
 2363543 733238  652.44444   41   24  852.99990  594.72561  30.3%  27.9 5485s
 2365590 733729  611.00000   39   37  852.99990  594.76923  30.3%  27.9 5490s
 2367503 734244  682.00000   54   21  852.99990  594.80223  30.3%  27.9 5495s
 2369396 734761  750.00000   45   14  852.99990  594.85359  30.3%  27.9 5500s
 2371356 735315 infeasible   60       852.99990  594.89286  30.3%  27.9 5505s
 2373535 735948 infeasible   42       852.99990  594.90000  30.3%  27.9 5510s
 2375520 736485  741.00000   40   18  852.99990  594.93792  30.3%  27.9 5515s
 2377467 737010 infeasible   59       852.99990  594.99277  30.2%  27.9 5520s
 2379717 737524  701.00000   45   15  852.99990  595.00000  30.2%  27.9 5525s
 2381871 738100 infeasible   59       852.99990  595.00000  30.2%  27.9 5530s
 2384178 738797  648.00000   34   19  852.99990  595.00000  30.2%  27.8 5535s
 2386493 739464  730.00000   63   13  852.99990  595.00000  30.2%  27.8 5540s
 2388831 740146  742.00000   48   14  852.99990  595.00000  30.2%  27.8 5545s
 2391389 741012  662.00000   40   21  852.99990  595.00000  30.2%  27.8 5550s
 2393815 741780 infeasible   52       852.99990  595.00000  30.2%  27.8 5555s
 2396564 742681  681.00000   55   19  852.99990  595.00000  30.2%  27.8 5560s
 2399501 743820  705.00000   43   17  852.99990  595.00000  30.2%  27.8 5565s
 2402312 744823  703.00000   37   14  852.99990  595.00000  30.2%  27.8 5570s
 2405184 745897 infeasible   40       852.99990  595.00000  30.2%  27.8 5575s
 2407790 746719  685.29412   39   20  852.99990  595.00000  30.2%  27.8 5580s
 2410526 747645  663.00000   41   18  852.99990  595.00000  30.2%  27.8 5585s
 2413231 748544  780.00000   42   10  852.99990  595.00000  30.2%  27.8 5590s
 2415666 749271  608.00000   48   38  852.99990  595.00000  30.2%  27.8 5595s
 2418203 750042  607.00000   39   28  852.99990  595.00000  30.2%  27.7 5600s
 2420742 750805  718.00000   47   19  852.99990  595.00000  30.2%  27.7 5605s
 2423311 751854  702.00000   48   17  852.99990  595.00000  30.2%  27.7 5610s
 2425701 752636  595.00000   34   30  852.99990  595.00000  30.2%  27.7 5615s
 2428489 753780  635.00000   50   33  852.99990  595.00000  30.2%  27.7 5620s
 2430973 754620 infeasible   45       852.99990  595.00000  30.2%  27.7 5625s
 2433249 755238  768.00000   47   13  852.99990  595.00000  30.2%  27.7 5630s
 2435556 755915 infeasible   49       852.99990  595.00000  30.2%  27.7 5635s
 2438090 756725  663.00000   47   22  852.99990  595.00000  30.2%  27.7 5640s
 2440306 757385 infeasible   52       852.99990  595.00000  30.2%  27.7 5645s
 2442633 758106  621.00000   57   20  852.99990  595.00000  30.2%  27.7 5650s
 2444821 758758  595.00000   33   27  852.99990  595.00000  30.2%  27.7 5655s
 2447348 759695  595.00000   36   33  852.99990  595.00000  30.2%  27.7 5660s
 2449699 760548  740.90000   42   13  852.99990  595.00000  30.2%  27.7 5665s
 2452022 761383 infeasible   52       852.99990  595.00000  30.2%  27.7 5670s
 2454093 761978  782.31579   57   15  852.99990  595.00000  30.2%  27.7 5675s
 2456076 762443  663.00000   46   19  852.99990  595.00000  30.2%  27.7 5680s
 2458190 763101 infeasible   41       852.99990  595.00000  30.2%  27.7 5685s
 2460489 763838  634.95652   44   49  852.99990  595.00000  30.2%  27.7 5690s
 2462709 764560  595.00000   46   28  852.99990  595.00000  30.2%  27.7 5695s
 2464618 764977  601.00000   40   37  852.99990  595.00000  30.2%  27.7 5700s
 2466735 765644 infeasible   55       852.99990  595.00000  30.2%  27.7 5705s
 2468595 766140 infeasible   44       852.99990  595.00000  30.2%  27.7 5710s
 2470877 766906  686.00000   49   17  852.99990  595.00000  30.2%  27.7 5715s
 2473218 767747 infeasible   46       852.99990  595.00000  30.2%  27.7 5720s
 2475208 768359 infeasible   44       852.99990  595.00000  30.2%  27.7 5725s
 2476715 768736  646.80000   50   32  852.99990  595.00000  30.2%  27.7 5730s
 2478466 769125  807.00000   66   11  852.99990  595.04476  30.2%  27.7 5735s
 2480430 769713  615.09091   45   23  852.99990  595.09091  30.2%  27.7 5740s
 2482550 770257  787.00000   50   12  852.99990  595.12818  30.2%  27.7 5745s
 2484444 770747  634.00000   49   25  852.99990  595.17483  30.2%  27.7 5750s
 2486473 771270 infeasible   56       852.99990  595.22940  30.2%  27.7 5755s
 2488304 771659  595.74820   42   49  852.99990  595.30300  30.2%  27.7 5760s
 2490474 772309  638.00000   50   29  852.99990  595.33294  30.2%  27.7 5765s
 2492387 772790 infeasible   56       852.99990  595.34721  30.2%  27.7 5770s
 2494538 773443  794.00000   63    9  852.99990  595.35826  30.2%  27.7 5775s
 2496501 773964 infeasible   55       852.99990  595.37679  30.2%  27.7 5780s
 2498634 774611 infeasible   74       852.99990  595.39155  30.2%  27.7 5785s
 2500757 775192  727.00000   47   21  852.99990  595.41431  30.2%  27.7 5790s
 2502638 775755  601.51728   52   24  852.99990  595.44444  30.2%  27.7 5795s
 2504849 776344  683.44444   48   15  852.99990  595.44854  30.2%  27.7 5800s
 2506787 776856 infeasible   40       852.99990  595.48908  30.2%  27.7 5805s
 2508764 777505 infeasible   46       852.99990  595.50213  30.2%  27.7 5810s
 2510759 778030  718.00000   59   20  852.99990  595.58903  30.2%  27.7 5815s
 2512524 778423  595.60671   32   66  852.99990  595.60671  30.2%  27.7 5820s
 2514551 779208  635.00000   38   27  852.99990  595.62246  30.2%  27.7 5825s
 2516369 779686  710.00000   53   21  852.99990  595.65237  30.2%  27.7 5830s
 2517799 780078  689.00000   56   21  852.99990  595.66558  30.2%  27.7 5835s
 2519856 780687 infeasible   44       852.99990  595.71321  30.2%  27.7 5840s
 2522068 781313  605.00000   50   26  852.99990  595.76923  30.2%  27.7 5845s
 2523942 781791  684.00000   55   25  852.99990  595.77625  30.2%  27.7 5850s
 2525892 782466  706.00000   53   20  852.99990  595.80000  30.2%  27.7 5855s
 2527778 782976  598.80000   52   49  852.99990  595.83781  30.1%  27.7 5860s
 2529736 783534  684.09091   49   21  852.99990  595.88165  30.1%  27.7 5865s
 2532054 784318  763.00000   51   13  852.99990  595.90000  30.1%  27.7 5870s
 2534022 784808  595.92502   45   28  852.99990  595.92502  30.1%  27.7 5875s
 2535828 785298  672.00000   58   23  852.99990  595.99657  30.1%  27.7 5880s
 2538160 785818  794.00000   55    8  852.99990  596.00000  30.1%  27.7 5885s
 2540532 786390  771.00000   47   12  852.99990  596.00000  30.1%  27.7 5890s
 2543051 787151 infeasible   63       852.99990  596.00000  30.1%  27.6 5895s
 2545418 787650  786.00000   49    8  852.99990  596.00000  30.1%  27.6 5900s
 2547992 788454  685.00000   35   19  852.99990  596.00000  30.1%  27.6 5905s
 2550687 789295  611.00000   36   24  852.99990  596.00000  30.1%  27.6 5910s
 2553153 790001  596.25610   32   39  852.99990  596.00000  30.1%  27.6 5915s
 2555633 790753 infeasible   46       852.99990  596.00000  30.1%  27.6 5920s
 2558155 791499  619.00000   47   22  852.99990  596.00000  30.1%  27.6 5925s
 2560965 792483  773.00000   43   11  852.99990  596.00000  30.1%  27.6 5930s
 2563426 793174  739.37705   46   11  852.99990  596.00000  30.1%  27.6 5935s
 2565853 793865  766.00000   44   13  852.99990  596.00000  30.1%  27.6 5940s
 2568276 794582  691.00000   50   18  852.99990  596.00000  30.1%  27.6 5946s
 2570174 795184  605.00000   39   25  852.99990  596.00000  30.1%  27.6 5950s
 2572668 796008  801.00000   47    7  852.99990  596.00000  30.1%  27.6 5955s
 2575565 797075  642.00000   32   23  852.99990  596.00000  30.1%  27.6 5960s
 2578122 797850 infeasible   42       852.99990  596.00000  30.1%  27.6 5965s
 2580475 798531  699.44444   46   17  852.99990  596.00000  30.1%  27.6 5970s
 2582821 799091 infeasible   50       852.99990  596.00000  30.1%  27.6 5975s
 2585393 800019  711.00000   52   17  852.99990  596.00000  30.1%  27.5 5980s
 2588062 800762 infeasible   51       852.99990  596.00000  30.1%  27.5 5985s
 2590446 801534 infeasible   47       852.99990  596.00000  30.1%  27.5 5990s
 2592823 802257  622.14930   32   25  852.99990  596.00000  30.1%  27.5 5995s
 2594968 802876 infeasible   66       852.99990  596.00000  30.1%  27.5 6000s
 2597575 803731  645.00000   42   22  852.99990  596.00000  30.1%  27.5 6005s
 2599818 804310  845.00000   47    5  852.99990  596.00000  30.1%  27.5 6010s
 2602296 805126 infeasible   58       852.99990  596.00000  30.1%  27.5 6015s
 2604649 805790  662.00000   37   21  852.99990  596.00000  30.1%  27.5 6020s
 2606827 806458  759.00000   56   16  852.99990  596.00000  30.1%  27.5 6025s
 2609162 807139 infeasible   52       852.99990  596.00000  30.1%  27.5 6030s
 2611259 807684  603.00000   38   52  852.99990  596.00000  30.1%  27.5 6035s
 2613397 808264  663.00000   37   26  852.99990  596.00000  30.1%  27.5 6040s
 2615560 808869 infeasible   49       852.99990  596.00000  30.1%  27.5 6045s
 2617684 809487  691.00000   38   21  852.99990  596.00000  30.1%  27.5 6050s
 2619835 810168 infeasible   34       852.99990  596.00000  30.1%  27.5 6055s
 2621719 810684  598.60652   38   46  852.99990  596.00000  30.1%  27.5 6060s
 2623694 811379  606.92500   43   36  852.99990  596.00000  30.1%  27.5 6065s
 2625679 812072  608.00000   43   53  852.99990  596.00000  30.1%  27.5 6070s
 2627715 812704  609.09091   52   34  852.99990  596.00000  30.1%  27.5 6075s
 2629457 813183 infeasible   49       852.99990  596.03795  30.1%  27.5 6080s
 2631310 813614  629.09091   41   19  852.99990  596.09091  30.1%  27.5 6085s
 2632920 813926 infeasible   48       852.99990  596.14286  30.1%  27.5 6090s
 2634337 814241  731.00000   52   16  852.99990  596.18353  30.1%  27.5 6095s
 2636064 814704  672.00000   51   26  852.99990  596.23771  30.1%  27.5 6100s
 2637712 815062 infeasible   45       852.99990  596.28052  30.1%  27.5 6105s
 2639719 815557  596.32238   46   62  852.99990  596.31602  30.1%  27.5 6110s
 2641458 815950 infeasible   65       852.99990  596.36647  30.1%  27.5 6115s
 2643075 816253  596.40762   48   59  852.99990  596.40762  30.1%  27.5 6120s
 2644868 816765 infeasible   48       852.99990  596.44137  30.1%  27.5 6125s
 2647128 817311 infeasible   47       852.99990  596.45455  30.1%  27.5 6130s
 2648905 817655  612.01190   39   43  852.99990  596.50597  30.1%  27.5 6135s
 2650737 818274  601.55556   36   27  852.99990  596.55556  30.1%  27.5 6140s
 2652456 818715  625.00000   41   36  852.99990  596.59348  30.1%  27.5 6145s
 2654210 819107 infeasible   56       852.99990  596.65215  30.1%  27.5 6150s
 2655735 819372 infeasible   36       852.99990  596.72877  30.0%  27.5 6155s
 2657519 819798 infeasible   55       852.99990  596.76923  30.0%  27.5 6160s
 2659559 820384  720.00000   56   19  852.99990  596.77327  30.0%  27.5 6165s
 2661447 820885  802.00000   51    8  852.99990  596.80000  30.0%  27.6 6170s
 2663227 821325  655.00000   43   26  852.99990  596.84888  30.0%  27.6 6175s
 2664737 821599 infeasible   51       852.99990  596.87198  30.0%  27.6 6180s
 2666668 822118  631.00000   56   32  852.99990  596.91491  30.0%  27.6 6185s
 2668470 822554  726.00000   50   24  852.99990  596.96766  30.0%  27.6 6190s
 2670184 823022 infeasible   53       852.99990  596.96766  30.0%  27.6 6195s
 2671929 823451  768.00000   56   12  852.99990  597.00000  30.0%  27.6 6200s
 2674196 824030 infeasible   49       852.99990  597.00000  30.0%  27.6 6205s
 2676618 824684 infeasible   38       852.99990  597.00000  30.0%  27.6 6210s
 2679066 825442 infeasible   44       852.99990  597.00000  30.0%  27.6 6215s
 2681666 826232  830.00000   60    7  852.99990  597.00000  30.0%  27.5 6220s
 2684306 827076  714.00000   45   16  852.99990  597.00000  30.0%  27.5 6225s
 2686682 827782 infeasible   64       852.99990  597.00000  30.0%  27.5 6230s
 2689174 828476 infeasible   75       852.99990  597.00000  30.0%  27.5 6235s
 2691684 829204  597.00000   22   26  852.99990  597.00000  30.0%  27.5 6240s
 2694164 829828  658.00000   43   16  852.99990  597.00000  30.0%  27.5 6245s
 2696612 830474  623.92500   44   21  852.99990  597.00000  30.0%  27.5 6250s
 2699165 831211  686.00000   42   19  852.99990  597.00000  30.0%  27.5 6255s
 2701745 831945  597.00000   36   26  852.99990  597.00000  30.0%  27.5 6260s
 2704310 832784 infeasible   48       852.99990  597.00000  30.0%  27.5 6265s
 2706953 833647  719.00000   50   11  852.99990  597.00000  30.0%  27.5 6270s
 2709503 834383  704.44444   43   16  852.99990  597.00000  30.0%  27.5 6275s
 2711933 835143  658.00000   52   22  852.99990  597.00000  30.0%  27.5 6280s
 2714668 836032 infeasible   47       852.99990  597.00000  30.0%  27.5 6285s
 2717167 836719  639.00000   46   29  852.99990  597.00000  30.0%  27.5 6290s
 2719436 837304  666.00000   50   23  852.99990  597.00000  30.0%  27.5 6295s
 2720987 837789  603.29412   48   25  852.99990  597.00000  30.0%  27.5 6300s
 2723452 838534 infeasible   41       852.99990  597.00000  30.0%  27.4 6305s
 2725960 839274  682.00000   35   21  852.99990  597.00000  30.0%  27.4 6310s
 2728359 839927  673.00000   48   23  852.99990  597.00000  30.0%  27.4 6315s
 2730841 840683 infeasible   50       852.99990  597.00000  30.0%  27.4 6320s
 2733502 841616  762.00000   49   14  852.99990  597.00000  30.0%  27.4 6325s
 2735876 842344  629.00000   41   22  852.99990  597.00000  30.0%  27.4 6330s
 2738314 843138  597.00000   37   25  852.99990  597.00000  30.0%  27.4 6335s
 2740713 843866  661.00000   29   20  852.99990  597.00000  30.0%  27.4 6340s
 2743236 844773 infeasible   44       852.99990  597.00000  30.0%  27.4 6345s
 2745621 845412  597.00000   36   38  852.99990  597.00000  30.0%  27.4 6350s
 2748020 846107 infeasible   60       852.99990  597.00000  30.0%  27.4 6355s
 2750342 846597 infeasible   49       852.99990  597.00000  30.0%  27.4 6360s
 2752711 847332  682.00000   32   15  852.99990  597.00000  30.0%  27.4 6365s
 2755175 848168 infeasible   41       852.99990  597.00000  30.0%  27.4 6370s
 2757245 848692 infeasible   47       852.99990  597.00000  30.0%  27.4 6375s
 2759622 849293 infeasible   45       852.99990  597.00000  30.0%  27.4 6380s
 2761664 849895 infeasible   43       852.99990  597.00000  30.0%  27.4 6385s
 2764023 850522  730.00000   57   17  852.99990  597.00000  30.0%  27.4 6390s
 2766334 851199 infeasible   52       852.99990  597.00000  30.0%  27.4 6395s
 2768669 851890  653.00000   48   24  852.99990  597.00000  30.0%  27.4 6400s
 2771258 852817  614.00000   33   37  852.99990  597.00000  30.0%  27.4 6405s
 2773870 853819  677.00000   44   22  852.99990  597.00000  30.0%  27.4 6410s
 2776230 854575 infeasible   41       852.99990  597.00000  30.0%  27.4 6415s
 2778422 855209  603.60992   36   47  852.99990  597.00000  30.0%  27.4 6420s
 2780611 855890 infeasible   57       852.99990  597.00000  30.0%  27.4 6425s
 2782225 856310  623.00000   54   30  852.99990  597.00000  30.0%  27.4 6430s
 2784133 856794 infeasible   40       852.99990  597.00000  30.0%  27.4 6435s
 2786285 857432  604.52533   40   71  852.99990  597.00000  30.0%  27.4 6440s
 2788394 858063  697.62500   52   14  852.99990  597.00000  30.0%  27.4 6445s
 2790500 858663  680.20000   51   19  852.99990  597.00000  30.0%  27.4 6450s
 2792702 859397  725.00000   44   23  852.99990  597.00000  30.0%  27.3 6455s
 2794654 859853  629.76923   45   26  852.99990  597.00000  30.0%  27.3 6460s
 2796575 860322  705.00000   50   15  852.99990  597.00000  30.0%  27.4 6465s
 2798555 860904  707.00000   52   15  852.99990  597.00000  30.0%  27.4 6470s
 2800479 861502 infeasible   56       852.99990  597.00000  30.0%  27.4 6475s
 2802665 862266  625.49254   46   31  852.99990  597.00000  30.0%  27.3 6480s
 2804889 863042  597.78737   35   81  852.99990  597.01164  30.0%  27.3 6485s
 2806501 863510  633.00000   38   33  852.99990  597.04723  30.0%  27.4 6490s
 2808292 864075  679.00000   32   32  852.99990  597.05578  30.0%  27.4 6495s
 2810165 864472  640.00000   37   42  852.99990  597.09968  30.0%  27.4 6500s
 2811799 864946  805.00000   61    9  852.99990  597.15942  30.0%  27.4 6505s
 2813559 865412  672.00000   48   32  852.99990  597.24371  30.0%  27.4 6510s
 2815282 865885  639.00000   50   36  852.99990  597.27718  30.0%  27.4 6515s
 2816914 866255  599.56651   44   58  852.99990  597.31486  30.0%  27.4 6520s
 2818869 866820  597.33673   36   53  852.99990  597.33673  30.0%  27.4 6525s
 2820409 867181  681.00000   47   16  852.99990  597.39489  30.0%  27.4 6530s
 2821937 867667  597.97329   30   74  852.99990  597.42715  30.0%  27.4 6535s
 2823657 868175  614.00000   34   30  852.99990  597.44444  30.0%  27.4 6540s
 2825559 868581  760.00000   65   14  852.99990  597.44741  30.0%  27.4 6545s
 2827194 869006  658.09091   51   24  852.99990  597.45455  30.0%  27.4 6550s
 2828816 869450 infeasible   45       852.99990  597.47769  30.0%  27.4 6555s
 2830403 869959  637.00000   41   37  852.99990  597.49049  30.0%  27.4 6560s
 2831952 870344 infeasible   49       852.99990  597.50457  30.0%  27.4 6565s
 2833474 870834  692.00000   49   14  852.99990  597.50920  30.0%  27.4 6570s
 2835222 871404  720.31579   56   16  852.99990  597.52013  30.0%  27.4 6575s
 2836668 871690 infeasible   50       852.99990  597.54096  29.9%  27.4 6580s
 2838176 872110 infeasible   64       852.99990  597.55389  29.9%  27.4 6585s
 2840340 872782  741.00000   45   11  852.99990  597.55913  29.9%  27.4 6590s
 2841867 873249  597.57267   41   72  852.99990  597.57267  29.9%  27.4 6595s
 2842429 873411  602.25183   42   45  852.99990  597.57997  29.9%  27.4 6600s
 2843990 873864  673.00000   48   29  852.99990  597.59176  29.9%  27.4 6605s
 2845610 874320 infeasible   57       852.99990  597.60510  29.9%  27.4 6610s
 2847265 874765  621.44444   37   49  852.99990  597.62055  29.9%  27.4 6615s
 2848956 875208  610.00000   39   46  852.99990  597.63413  29.9%  27.4 6620s
 2850615 875690  617.00000   41   61  852.99990  597.65484  29.9%  27.4 6625s
 2852284 876135  745.00000   45   14  852.99990  597.67532  29.9%  27.4 6630s
 2854072 876651 infeasible   39       852.99990  597.69150  29.9%  27.4 6635s
 2855756 877058 infeasible   65       852.99990  597.71548  29.9%  27.4 6640s
 2857405 877545  616.19675   53   40  852.99990  597.73697  29.9%  27.4 6645s
 2859063 877995 infeasible   55       852.99990  597.75797  29.9%  27.4 6650s
 2861093 878634  643.00000   37   47  852.99990  597.77687  29.9%  27.4 6655s
 2862426 878937  628.00000   54   39  852.99990  597.78737  29.9%  27.4 6661s
 2863598 879260  655.80000   53   20  852.99990  597.80000  29.9%  27.4 6665s
 2866016 879894  597.97384   44   68  852.99990  597.80182  29.9%  27.4 6670s
 2867515 880219  614.00000   52   46  852.99990  597.81655  29.9%  27.4 6675s
 2868991 880573 infeasible   54       852.99990  597.84144  29.9%  27.5 6680s
 2870614 880942 infeasible   58       852.99990  597.86478  29.9%  27.5 6685s
 2872368 881402  600.96235   47   58  852.99990  597.88359  29.9%  27.5 6690s
 2873731 881741  641.00000   49   24  852.99990  597.90000  29.9%  27.5 6695s
 2875469 882213  657.00000   50   19  852.99990  597.91805  29.9%  27.5 6700s
 2877613 882835  707.55556   55   27  852.99990  597.92532  29.9%  27.5 6705s
 2879269 883197  603.00000   45   78  852.99990  597.94246  29.9%  27.5 6710s
 2880803 883627  679.00000   53   20  852.99990  597.95839  29.9%  27.5 6715s
 2882505 884165  598.24095   50   55  852.99990  597.96078  29.9%  27.5 6720s
 2883952 884512  600.00000   42   71  852.99990  597.97885  29.9%  27.5 6725s
 2885603 884931  737.12928   63   12  852.99990  597.99115  29.9%  27.5 6730s
 2886946 885212  652.00000   46   22  852.99990  598.00000  29.9%  27.5 6735s
 2889444 885916 infeasible   46       852.99990  598.00000  29.9%  27.5 6740s
 2892130 886876  773.44444   48    9  852.99990  598.00000  29.9%  27.5 6745s
 2895037 887923  628.00000   36   21  852.99990  598.00000  29.9%  27.5 6750s
 2897734 888872 infeasible   52       852.99990  598.00000  29.9%  27.5 6755s
 2900391 889909  712.00000   53   17  852.99990  598.00000  29.9%  27.4 6760s
 2902994 890778  626.00000   41   33  852.99990  598.00000  29.9%  27.4 6765s
 2905359 891469  734.00000   48   12  852.99990  598.00000  29.9%  27.4 6770s
 2907611 892013  598.00000   43   29  852.99990  598.00000  29.9%  27.4 6775s
 2909086 892386 infeasible   53       852.99990  598.00000  29.9%  27.4 6780s
 2911305 892997 infeasible   46       852.99990  598.00000  29.9%  27.4 6785s
 2913519 893587 infeasible   43       852.99990  598.00000  29.9%  27.4 6790s
 2916185 894435 infeasible   48       852.99990  598.00000  29.9%  27.4 6795s
 2918623 895135  694.00000   44   16  852.99990  598.00000  29.9%  27.4 6800s
 2921278 896034  731.00000   49   11  852.99990  598.00000  29.9%  27.4 6805s
 2923850 896788 infeasible   59       852.99990  598.00000  29.9%  27.4 6810s
 2926334 897550  663.00000   53   22  852.99990  598.00000  29.9%  27.4 6815s
 2928812 898292 infeasible   48       852.99990  598.00000  29.9%  27.4 6820s
 2931258 898932 infeasible   33       852.99990  598.00000  29.9%  27.4 6825s
 2933550 899722 infeasible   58       852.99990  598.00000  29.9%  27.4 6830s
 2936530 900940 infeasible   42       852.99990  598.00000  29.9%  27.4 6835s
 2939119 901725  784.00000   59   10  852.99990  598.00000  29.9%  27.4 6840s
 2941673 902503  719.31579   44   16  852.99990  598.00000  29.9%  27.4 6845s
 2943892 903072  650.00000   45   20  852.99990  598.00000  29.9%  27.4 6850s
 2946218 903786  648.00000   28   18  852.99990  598.00000  29.9%  27.4 6855s
 2948641 904577  616.00000   44   26  852.99990  598.00000  29.9%  27.3 6860s
 2950675 905171  745.00000   41   10  852.99990  598.00000  29.9%  27.3 6865s
 2953114 905870  639.00000   36   19  852.99990  598.00000  29.9%  27.3 6870s
 2955447 906507  690.00000   46   15  852.99990  598.00000  29.9%  27.3 6875s
 2957884 907432 infeasible   57       852.99990  598.00000  29.9%  27.3 6880s
 2960337 908031  690.55556   40   19  852.99990  598.00000  29.9%  27.3 6885s
 2962993 909091  679.62500   40   17  852.99990  598.00000  29.9%  27.3 6890s
 2965817 910175  753.00000   45   13  852.99990  598.00000  29.9%  27.3 6895s
 2968373 911001  652.76923   40   20  852.99990  598.00000  29.9%  27.3 6900s
 2970309 911621  635.00000   35   24  852.99990  598.00000  29.9%  27.3 6905s
 2972597 912197  635.00000   40   28  852.99990  598.00000  29.9%  27.3 6910s
 2974736 912780  695.00000   47   22  852.99990  598.00000  29.9%  27.3 6915s
 2976942 913394 infeasible   31       852.99990  598.00000  29.9%  27.3 6920s
 2979156 914020  605.00000   50   37  852.99990  598.00000  29.9%  27.3 6925s
 2981424 914638 infeasible   57       852.99990  598.00000  29.9%  27.3 6930s
 2983530 915166 infeasible   41       852.99990  598.00000  29.9%  27.3 6935s
 2985282 915640  689.00000   48   19  852.99990  598.00000  29.9%  27.3 6940s
 2987519 916249 infeasible   61       852.99990  598.00000  29.9%  27.3 6945s
 2989839 916887  729.00000   50   20  852.99990  598.00000  29.9%  27.3 6950s
 2992123 917665 infeasible   47       852.99990  598.00000  29.9%  27.3 6955s
 2994491 918303  762.00000   53   11  852.99990  598.00000  29.9%  27.3 6960s
 2996696 918906 infeasible   53       852.99990  598.00000  29.9%  27.3 6965s
 2998986 919546  665.00000   40   22  852.99990  598.00000  29.9%  27.3 6970s
 3001027 920159 infeasible   54       852.99990  598.00000  29.9%  27.3 6975s
 3003001 920653 infeasible   47       852.99990  598.00000  29.9%  27.3 6980s
 3004910 921156  654.00000   49   29  852.99990  598.00000  29.9%  27.3 6985s
 3007183 921913  623.00000   31   31  852.99990  598.00000  29.9%  27.3 6990s
 3009449 922605 infeasible   44       852.99990  598.00000  29.9%  27.3 6995s
 3010946 922988  617.92332   46   23  852.99990  598.00000  29.9%  27.3 7000s
 3013110 923744  727.00000   57   12  852.99990  598.00000  29.9%  27.3 7005s
 3015770 924818  666.45455   38   23  852.99990  598.00000  29.9%  27.3 7010s
 3018014 925506 infeasible   36       852.99990  598.00000  29.9%  27.3 7015s
 3020520 926416  618.00000   37   29  852.99990  598.00000  29.9%  27.3 7020s
 3022655 926989  818.00000   56    7  852.99990  598.00000  29.9%  27.3 7025s
 3024715 927605  694.00000   48   28  852.99990  598.00000  29.9%  27.3 7030s
 3026860 928324  607.00000   38   38  852.99990  598.00000  29.9%  27.3 7035s
 3028715 928839  615.00000   44   23  852.99990  598.00000  29.9%  27.3 7040s
 3030702 929514  622.00000   52   28  852.99990  598.00000  29.9%  27.3 7045s
 3032248 929820  661.00000   58   27  852.99990  598.00000  29.9%  27.3 7050s
 3033931 930203  624.17180   42   54  852.99990  598.00000  29.9%  27.3 7055s
 3035725 930805  598.00000   41   71  852.99990  598.00000  29.9%  27.3 7060s
 3037415 931273 infeasible   66       852.99990  598.00000  29.9%  27.3 7065s
 3039348 931868  628.00000   44   33  852.99990  598.00000  29.9%  27.3 7070s
 3040587 932145  732.00000   61   14  852.99990  598.00000  29.9%  27.3 7075s
 3042106 932462  598.06250   47   72  852.99990  598.01080  29.9%  27.3 7080s
 3043590 932832  627.00000   46   37  852.99990  598.02304  29.9%  27.3 7085s
 3045156 933266  620.00000   36   56  852.99990  598.03529  29.9%  27.3 7090s
 3046645 933583 infeasible   55       852.99990  598.05194  29.9%  27.3 7095s
 3048178 933922 infeasible   56       852.99990  598.06459  29.9%  27.3 7100s
 3049687 934285  598.69765   42   80  852.99990  598.07710  29.9%  27.3 7105s
 3051239 934579  658.00000   48   18  852.99990  598.09091  29.9%  27.3 7110s
 3053377 935185 infeasible   46       852.99990  598.09285  29.9%  27.3 7115s
 3054773 935511 infeasible   51       852.99990  598.10625  29.9%  27.3 7120s
 3056323 935859  618.67532   43   54  852.99990  598.12316  29.9%  27.3 7125s
 3057906 936235  612.00000   51   51  852.99990  598.13802  29.9%  27.3 7130s
 3059422 936559 infeasible   59       852.99990  598.15038  29.9%  27.3 7135s
 3060837 936851  598.41677   50   73  852.99990  598.16195  29.9%  27.3 7140s
 3062444 937240 infeasible   48       852.99990  598.17784  29.9%  27.3 7145s
 3064000 937564 infeasible   55       852.99990  598.19121  29.9%  27.3 7150s
 3065758 937988  670.00000   58   16  852.99990  598.20511  29.9%  27.3 7155s
 3067474 938462 infeasible   43       852.99990  598.21876  29.9%  27.3 7160s
 3069074 938808 infeasible   63       852.99990  598.22497  29.9%  27.3 7165s
 3070582 939132  598.24464   42   67  852.99990  598.24464  29.9%  27.3 7170s
 3072168 939526  614.00000   47   58  852.99990  598.26240  29.9%  27.3 7175s
 3073801 939857  598.72831   49   61  852.99990  598.28663  29.9%  27.3 7180s
 3075372 940172 infeasible   51       852.99990  598.30286  29.9%  27.3 7185s
 3077061 940597  732.00000   50   16  852.99990  598.31579  29.9%  27.3 7190s
 3079111 941179  720.00000   67   10  852.99990  598.32095  29.9%  27.3 7195s

Cutting planes:
  Learned: 7
  Gomory: 114
  Cover: 2316
  Implied bound: 312
  Projected implied bound: 1
  Clique: 6
  MIR: 623
  Mixing: 5
  StrongCG: 1
  Flow cover: 1455
  Inf proof: 585
  RLT: 228
  Relax-and-lift: 92
  BQP: 12

Explored 3080735 nodes (84267559 simplex iterations) in 7200.00 seconds (8242.22 work units)
Thread count was 1 (of 96 available processors)

Solution count 10: 853 853 853 ... 885

Time limit reached
Best objective 8.529998992536e+02, best bound 5.983351654914e+02, gap 29.8552%
WARNING: Loading a SolverResults object with an 'aborted' status, but
    containing a solution
Time: 7201.08 sec, Objective: 852.999899253602, Termination: maxTimeLimit

[MINLP] Scheduling Data 10 | Model: General Precedence Hull Reagg
Set parameter TokenServer to value "mooring.ecn.purdue.edu"
Read LP format model from file /tmp/tmpwp10ec85.pyomo.lp
Reading time = 0.00 seconds
x467: 961 rows, 467 columns, 2643 nonzeros
Set parameter TimeLimit to value 7200
Set parameter Threads to value 1
Gurobi Optimizer version 11.0.0 build v11.0.0rc2 (linux64 - "Oracle Linux Server 9.5")

CPU model: AMD EPYC 7643 48-Core Processor, instruction set [SSE2|AVX|AVX2]
Thread count: 48 physical cores, 96 logical processors, using up to 1 threads

Optimize a model with 961 rows, 467 columns and 2643 nonzeros
Model fingerprint: 0x39de35b8
Variable types: 32 continuous, 435 integer (435 binary)
Coefficient statistics:
  Matrix range     [1e+00, 1e+03]
  Objective range  [1e+00, 1e+00]
  Bounds range     [1e+00, 1e+03]
  RHS range        [1e+00, 1e+03]
Presolve removed 371 rows and 187 columns
Presolve time: 0.01s
Presolved: 590 rows, 280 columns, 1706 nonzeros
Variable types: 31 continuous, 249 integer (249 binary)

Root relaxation: objective 5.780000e+02, 172 iterations, 0.00 seconds (0.00 work units)

    Nodes    |    Current Node    |     Objective Bounds      |     Work
 Expl Unexpl |  Obj  Depth IntInf | Incumbent    BestBd   Gap | It/Node Time

     0     0  578.00000    0   23          -  578.00000      -     -    0s
     0     0  578.00000    0   37          -  578.00000      -     -    0s
     0     0  578.00000    0   37          -  578.00000      -     -    0s
     0     0  578.02047    0   41          -  578.02047      -     -    0s
     0     0  579.00000    0   36          -  579.00000      -     -    0s
     0     0  579.00000    0   36          -  579.00000      -     -    0s
     0     0  579.00000    0   37          -  579.00000      -     -    0s
     0     0  579.00000    0   51          -  579.00000      -     -    0s
     0     0  579.10416    0   53          -  579.10416      -     -    0s
     0     0  579.10416    0   51          -  579.10416      -     -    0s
     0     0  580.50695    0   51          -  580.50695      -     -    0s
     0     0  581.48276    0   42          -  581.48276      -     -    0s
     0     0  581.48276    0   45          -  581.48276      -     -    0s
     0     0  581.48276    0   55          -  581.48276      -     -    0s
     0     0  581.48276    0   49          -  581.48276      -     -    0s
     0     0  582.07244    0   41          -  582.07244      -     -    0s
     0     0  582.07692    0   43          -  582.07692      -     -    0s
     0     0  582.07692    0   41          -  582.07692      -     -    0s
     0     0  582.20000    0   45          -  582.20000      -     -    0s
     0     0  582.72093    0   47          -  582.72093      -     -    0s
     0     0  582.72093    0   48          -  582.72093      -     -    0s
     0     0  582.72093    0   67          -  582.72093      -     -    0s
     0     0  582.72093    0   59          -  582.72093      -     -    0s
     0     0  582.72093    0   50          -  582.72093      -     -    0s
     0     0  582.72093    0   52          -  582.72093      -     -    0s
     0     0  582.72093    0   37          -  582.72093      -     -    0s
     0     0  582.72093    0   64          -  582.72093      -     -    0s
     0     0  582.72093    0   54          -  582.72093      -     -    0s
     0     0  582.72093    0   52          -  582.72093      -     -    0s
     0     0  583.26667    0   35          -  583.26667      -     -    0s
     0     0  583.26667    0   49          -  583.26667      -     -    0s
     0     0  583.26667    0   58          -  583.26667      -     -    0s
     0     0  583.26667    0   58          -  583.26667      -     -    0s
     0     0  583.26667    0   33          -  583.26667      -     -    0s
     0     0  583.26667    0   31          -  583.26667      -     -    0s
     0     2  586.15084    0   31          -  586.15084      -     -    0s
H  657   413                     931.0000000  622.00000  33.2%   7.7    0s
H  771   432                     929.0000000  622.00000  33.0%   9.7    0s
H 3415  1626                     928.9999999  643.00000  30.8%   9.0    1s
 10203  4833  756.00000   34   31  929.00000  647.00000  30.4%   8.6    5s
 19123  6387  715.00000   48   17  929.00000  658.00000  29.2%   9.0   10s
 35073 11717  761.00000   51   10  929.00000  668.00000  28.1%   8.4   15s
 50973 17911  814.00000   53   14  929.00000  675.00000  27.3%   8.2   20s
 66068 23781  695.00000   47   22  929.00000  676.00000  27.2%   8.0   25s
 81573 29883  747.00000   62   16  929.00000  679.00000  26.9%   7.9   30s
 98157 36314  745.00000   44   17  929.00000  684.00000  26.4%   7.8   35s
 113138 42480  782.00000   54   13  929.00000  685.00000  26.3%   7.8   40s
 128650 48411  690.00000   40   18  929.00000  688.00000  25.9%   7.8   45s
 143985 53969  722.00000   51   14  929.00000  690.00000  25.7%   7.7   50s
 160907 60928  769.00000   53   11  929.00000  691.00000  25.6%   7.7   55s
 176152 66687  839.00000   64   13  929.00000  692.00000  25.5%   7.6   60s
 193337 73064  742.00000   51   16  929.00000  694.00000  25.3%   7.6   65s
 209968 79054  805.00000   54   13  929.00000  695.00000  25.2%   7.5   70s
 224588 84156  801.00000   55   10  929.00000  697.00000  25.0%   7.5   75s
 240846 89364  892.00000   66    4  929.00000  698.00000  24.9%   7.4   80s
 258007 95639  798.00000   71   15  929.00000  699.00000  24.8%   7.4   85s
 273751 100735  804.00000   68   10  929.00000  701.00000  24.5%   7.4   90s
 289441 105568  768.00000   52   17  929.00000  702.00000  24.4%   7.4   95s
 305001 110910 infeasible   61       929.00000  702.00000  24.4%   7.4  100s
 320532 116491 infeasible   53       929.00000  703.00000  24.3%   7.4  105s
 336749 122136 infeasible   50       929.00000  703.00000  24.3%   7.4  110s
 352019 127007  755.00000   47   11  929.00000  704.00000  24.2%   7.4  115s
 369617 133692  714.00000   43   16  929.00000  704.00000  24.2%   7.3  120s
 384384 138807  895.00000   60    6  929.00000  704.54545  24.2%   7.3  125s
 399422 142933  783.00000   52   13  929.00000  705.00000  24.1%   7.3  130s
 416444 149133  742.00000   46   18  929.00000  707.00000  23.9%   7.3  135s
 433207 154720  729.00000   58   16  929.00000  707.00000  23.9%   7.3  140s
 448165 158956  755.00000   52   15  929.00000  708.00000  23.8%   7.3  145s
 463478 163434  730.00000   52   18  929.00000  708.00000  23.8%   7.3  150s
 478675 168806 infeasible   70       929.00000  708.00000  23.8%   7.3  155s
 496759 175120 infeasible   52       929.00000  709.00000  23.7%   7.3  160s
 512966 180300  709.00000   48   22  929.00000  709.00000  23.7%   7.3  165s
 529878 186208  747.00000   53   15  929.00000  710.00000  23.6%   7.2  170s
 546132 191163  805.00000   54   12  929.00000  711.00000  23.5%   7.2  175s
 561395 195727  788.00000   60   12  929.00000  711.00000  23.5%   7.2  180s
 578706 201349  787.00000   44   10  929.00000  712.00000  23.4%   7.2  185s
 594383 206379 infeasible   64       929.00000  713.00000  23.3%   7.2  190s
 610082 211238  788.00000   57   11  929.00000  713.00000  23.3%   7.2  195s
 627171 216507  886.00000   64    8  929.00000  713.00000  23.3%   7.2  200s
 643635 222127 infeasible   69       929.00000  714.00000  23.1%   7.2  205s
 660042 227253  769.00000   44   12  929.00000  715.00000  23.0%   7.2  210s
 674694 231842  778.00000   48    9  929.00000  715.00000  23.0%   7.2  215s
 691372 237088 infeasible   61       929.00000  716.00000  22.9%   7.2  220s
H700396 240138                     928.9999995  716.00000  22.9%   7.2  222s
 706292 241884  747.00000   47   13  929.00000  717.00000  22.8%   7.2  225s
 723602 247169  791.00000   56   10  929.00000  717.00000  22.8%   7.2  230s
 738887 252056 infeasible   57       929.00000  717.00000  22.8%   7.2  235s
 755848 257671 infeasible   58       929.00000  717.00000  22.8%   7.2  240s
 771455 262131 infeasible   57       929.00000  718.00000  22.7%   7.2  245s
 787749 266837  861.00000   61    7  929.00000  718.00000  22.7%   7.2  250s
 804718 272530  740.00000   46   17  929.00000  718.00000  22.7%   7.2  255s
 820390 277485  787.00000   57   11  929.00000  718.00000  22.7%   7.2  260s
 835910 282091  751.00000   50   20  929.00000  718.02995  22.7%   7.2  265s
 853619 288314  861.00000   58    5  929.00000  719.00000  22.6%   7.1  270s
 870512 294049  788.00000   58   12  929.00000  720.00000  22.5%   7.1  275s
 886682 298571 infeasible   55       929.00000  720.00000  22.5%   7.1  280s
 903010 303597  776.00000   48   11  929.00000  721.00000  22.4%   7.1  285s
 917820 307496  787.00000   61   14  929.00000  721.00000  22.4%   7.1  290s
 933537 312339 infeasible   53       929.00000  721.00000  22.4%   7.1  295s
 950700 318175 infeasible   57       929.00000  721.00000  22.4%   7.1  300s
 967245 323809  804.00000   57   14  929.00000  721.00000  22.4%   7.1  305s
 983555 328897 infeasible   61       929.00000  721.00000  22.4%   7.1  310s
 1000244 334606 infeasible   61       929.00000  721.00000  22.4%   7.1  315s
 1016248 339422 infeasible   52       929.00000  722.00000  22.3%   7.1  320s
 1031772 344098  722.00000   56   20  929.00000  722.00000  22.3%   7.1  325s
 1049100 350224 infeasible   55       929.00000  722.00000  22.3%   7.1  330s
 1066614 355555  750.00000   53   17  929.00000  722.00000  22.3%   7.1  335s
 1081449 359658 infeasible   55       929.00000  723.00000  22.2%   7.1  340s
 1097851 364494  899.00000   74    5  929.00000  723.00000  22.2%   7.1  345s
 1113087 368621  729.00000   47   14  929.00000  723.00000  22.2%   7.1  350s
 1127713 372662  836.00000   56   11  929.00000  723.00000  22.2%   7.1  355s
 1144684 377936  735.00000   54   19  929.00000  723.00000  22.2%   7.1  360s
 1159929 382730  769.00000   54   11  929.00000  723.00000  22.2%   7.1  365s
 1177017 387908 infeasible   57       929.00000  724.00000  22.1%   7.1  370s
 1192979 392929 infeasible   65       929.00000  724.00000  22.1%   7.1  375s
 1211108 399451 infeasible   47       929.00000  724.00000  22.1%   7.1  380s
 1226121 403992 infeasible   61       929.00000  724.00000  22.1%   7.1  385s
 1242610 409311 infeasible   54       929.00000  725.00000  22.0%   7.1  390s
 1257238 413100 infeasible   63       929.00000  725.00000  22.0%   7.1  395s
 1271984 417645 infeasible   69       929.00000  725.00000  22.0%   7.1  400s
 1287780 422347 infeasible   53       929.00000  725.00000  22.0%   7.1  405s
 1303533 427372  775.00000   55   16  929.00000  725.00000  22.0%   7.1  410s
 1319818 432566  851.00000   60    8  929.00000  726.00000  21.9%   7.1  415s
 1337577 438413  737.00000   53   18  929.00000  726.00000  21.9%   7.1  420s
 1355150 444230 infeasible   54       929.00000  726.00000  21.9%   7.1  425s
 1371907 449649 infeasible   53       929.00000  726.00000  21.9%   7.1  430s
 1390164 455119 infeasible   70       929.00000  726.00000  21.9%   7.0  435s
 1407016 459976  803.00000   64   11  929.00000  726.00000  21.9%   7.0  440s
 1423809 464875  785.43750   59   11  929.00000  726.00000  21.9%   7.0  445s
 1439252 469366  836.00000   57   10  929.00000  727.00000  21.7%   7.0  450s
 1454085 472729 infeasible   72       929.00000  727.00000  21.7%   7.0  455s
 1470264 477077  746.00000   47    9  929.00000  727.00000  21.7%   7.0  460s
 1486623 481721 infeasible   61       929.00000  727.00000  21.7%   7.0  465s
 1503440 486673 infeasible   54       929.00000  727.00000  21.7%   7.0  470s
 1520681 492084  861.00000   59    6  929.00000  728.00000  21.6%   7.0  475s
 1536477 496716 infeasible   52       929.00000  728.00000  21.6%   7.0  480s
 1553179 501628  873.00000   62    8  929.00000  728.00000  21.6%   7.0  485s
 1571108 506943  789.00000   58   14  929.00000  728.00000  21.6%   7.0  490s
 1586411 511312  813.00000   65   11  929.00000  729.00000  21.5%   7.0  495s
 1602676 515787  779.00000   54   14  929.00000  729.00000  21.5%   7.0  500s
 1617482 519534  796.00000   59   13  929.00000  730.00000  21.4%   7.0  505s
 1634054 524318  788.00000   58   14  929.00000  730.00000  21.4%   7.0  510s
 1649625 528386  815.00000   56   11  929.00000  730.00000  21.4%   7.0  515s
 1664866 532637  846.00000   62    9  929.00000  731.00000  21.3%   7.0  520s
 1681592 537490  758.00000   69   12  929.00000  731.00000  21.3%   7.0  525s
 1698400 542584 infeasible   62       929.00000  731.00000  21.3%   7.0  530s
 1716093 548626  903.00000   67    7  929.00000  731.00000  21.3%   7.0  535s
 1732444 553841 infeasible   63       929.00000  731.00000  21.3%   7.0  540s
 1748741 558905 infeasible   61       929.00000  731.00000  21.3%   7.0  545s
 1764624 564079  772.00000   51   16  929.00000  731.00000  21.3%   7.0  550s
 1782460 570339  851.00000   52    6  929.00000  732.00000  21.2%   7.0  555s
 1799604 575841  761.00000   51   15  929.00000  732.00000  21.2%   7.0  560s
 1816792 581127  806.00000   59    9  929.00000  732.00000  21.2%   7.0  565s
 1834425 586574  732.00000   53   17  929.00000  732.00000  21.2%   7.0  570s
 1851758 592049 infeasible   60       929.00000  732.00000  21.2%   7.0  575s
 1870642 597455  829.00000   69    9  929.00000  732.00000  21.2%   6.9  580s
 1886726 602415  846.00000   59    7  929.00000  732.00000  21.2%   6.9  585s
 1902954 607063  747.00000   49   15  929.00000  732.00000  21.2%   6.9  590s
 1920599 612720  755.00000   44   11  929.00000  733.00000  21.1%   6.9  595s
 1936955 617960  733.00000   50   14  929.00000  733.00000  21.1%   6.9  600s
 1953185 622808  755.00000   51   14  929.00000  733.00000  21.1%   6.9  605s
 1970949 628767  804.00000   60    9  929.00000  733.00000  21.1%   6.9  610s
 1986464 632721  769.00000   50    9  929.00000  733.00000  21.1%   6.9  615s
 2002076 636710  846.00000   61   11  929.00000  733.00000  21.1%   6.9  620s
 2018403 641405  907.00000   70    3  929.00000  734.00000  21.0%   6.9  625s
 2035923 646224 infeasible   68       929.00000  734.00000  21.0%   6.9  630s
 2050792 650694 infeasible   62       929.00000  734.00000  21.0%   6.9  635s
 2067073 655520  798.00000   71   11  929.00000  734.00000  21.0%   6.9  640s
 2082980 660373 infeasible   55       929.00000  735.00000  20.9%   6.9  645s
 2098082 664246 infeasible   56       929.00000  735.00000  20.9%   6.9  650s
 2113025 667678  757.00000   59   13  929.00000  735.00000  20.9%   6.9  655s
 2128721 671507  821.00000   71   11  929.00000  735.00000  20.9%   6.9  660s
 2143947 675107  836.00000   59   11  929.00000  735.00000  20.9%   7.0  665s
 2160752 679822  852.00000   64   11  929.00000  735.00000  20.9%   7.0  670s
 2177076 684124  834.00000   66    8  929.00000  735.00000  20.9%   7.0  675s
 2193481 689022  750.00000   67   17  929.00000  735.00000  20.9%   7.0  680s
 2210320 694409 infeasible   63       929.00000  735.00000  20.9%   6.9  685s
 2225790 699239 infeasible   60       929.00000  735.00000  20.9%   6.9  690s
 2241548 703226 infeasible   61       929.00000  735.00000  20.9%   6.9  695s
 2258548 708040 infeasible   74       929.00000  735.00000  20.9%   6.9  700s
 2274762 712434 infeasible   50       929.00000  736.00000  20.8%   6.9  705s
 2291681 717624  861.00000   67    5  929.00000  736.00000  20.8%   6.9  710s
 2309193 722555  817.00000   62   11  929.00000  736.00000  20.8%   6.9  715s
 2326127 727696  818.00000   56   11  929.00000  736.00000  20.8%   6.9  720s
 2344077 733516  845.00000   61   12  929.00000  736.00000  20.8%   6.9  725s
 2360885 738762 infeasible   52       929.00000  736.00000  20.8%   6.9  730s
 2378054 743802  867.00000   61   10  929.00000  736.00000  20.8%   6.9  735s
 2394531 748498  769.00000   56   15  929.00000  736.00000  20.8%   6.9  740s
 2411442 753554 infeasible   63       929.00000  736.00000  20.8%   6.9  745s
 2428599 758649  791.00000   54   13  929.00000  736.00000  20.8%   6.9  750s
 2445358 763767  903.00000   66    5  929.00000  736.00000  20.8%   6.9  755s
 2460217 767687 infeasible   70       929.00000  737.00000  20.7%   6.9  760s
 2475488 771184 infeasible   60       929.00000  737.00000  20.7%   6.9  765s
 2491895 775197  804.00000   67   12  929.00000  737.00000  20.7%   6.9  770s
 2508470 779441  783.00000   57   13  929.00000  737.00000  20.7%   6.9  775s
 2525164 784010 infeasible   59       929.00000  737.00000  20.7%   6.9  780s
 2541395 788456  737.00000   66   16  929.00000  737.00000  20.7%   6.9  785s
 2558424 792811  764.00000   54   16  929.00000  737.00000  20.7%   6.9  790s
 2575186 797562  879.00000   70    5  929.00000  737.00000  20.7%   6.9  795s
 2591906 802260  841.00000   64    9  929.00000  737.00000  20.7%   6.9  800s
 2609432 807548 infeasible   50       929.00000  737.00000  20.7%   6.9  805s
 2626094 812071  809.00000   61   10  929.00000  737.00000  20.7%   6.9  810s
 2643236 817009 infeasible   61       929.00000  737.00000  20.7%   6.9  815s
 2662450 822516  766.00000   57   17  929.00000  737.00000  20.7%   6.9  820s
 2680751 828179  753.00000   60   17  929.00000  737.00000  20.7%   6.9  825s
 2696914 832821  838.00000   59    8  929.00000  737.00000  20.7%   6.9  830s
 2712984 837605 infeasible   64       929.00000  737.00000  20.7%   6.9  835s
 2728639 842113  747.00000   52   16  929.00000  737.00000  20.7%   6.9  840s
 2745652 847446  805.00000   54   13  929.00000  737.00000  20.7%   6.9  845s
 2761559 852109  823.00000   55   11  929.00000  738.00000  20.6%   6.9  850s
 2779166 857458  883.00000   64    5  929.00000  738.00000  20.6%   6.9  855s
 2797886 863702  830.00000   67    9  929.00000  738.00000  20.6%   6.9  860s
 2812802 867155 infeasible   59       929.00000  738.00000  20.6%   6.9  865s
 2830548 872015  868.00000   59    9  929.00000  738.00000  20.6%   6.9  870s
 2845123 875850 infeasible   63       929.00000  739.00000  20.5%   6.9  875s
 2862664 881363  855.00000   71    6  929.00000  739.00000  20.5%   6.9  880s
 2879540 886651 infeasible   51       929.00000  739.00000  20.5%   6.9  885s
 2896702 891802  846.00000   55    7  929.00000  739.00000  20.5%   6.9  890s
 2912349 896348  788.00000   48   11  929.00000  739.00000  20.5%   6.9  895s
 2928904 901335  773.00000   52   10  929.00000  739.00000  20.5%   6.9  900s
 2945203 905964  817.00000   74   11  929.00000  739.00000  20.5%   6.9  905s
 2961692 910549 infeasible   71       929.00000  739.00000  20.5%   6.9  910s
 2978238 915475  788.00000   48   10  929.00000  740.00000  20.3%   6.9  915s
 2994607 919266  790.00000   53    8  929.00000  740.00000  20.3%   6.9  920s
 3010924 923775  819.00000   67   11  929.00000  740.00000  20.3%   6.9  925s
 3028063 928531 infeasible   64       929.00000  740.00000  20.3%   6.9  930s
 3044832 933257 infeasible   64       929.00000  740.00000  20.3%   6.9  935s
 3063118 938563 infeasible   61       929.00000  740.00000  20.3%   6.9  940s
 3080271 943459  783.00000   52    8  929.00000  740.00000  20.3%   6.9  945s
 3096307 948133 infeasible   78       929.00000  740.00000  20.3%   6.8  950s
 3113228 952471  816.00000   58    9  929.00000  740.00000  20.3%   6.8  955s
 3131029 958043 infeasible   54       929.00000  740.00000  20.3%   6.8  960s
 3147413 962493  767.00000   50   14  929.00000  740.00000  20.3%   6.8  965s
 3164999 967661 infeasible   47       929.00000  740.00000  20.3%   6.8  970s
 3182335 972800  824.00000   71   10  929.00000  740.00000  20.3%   6.8  975s
 3198575 977290 infeasible   69       929.00000  740.00000  20.3%   6.8  980s
 3214133 982199 infeasible   52       929.00000  740.00000  20.3%   6.8  985s
 3230894 987194  769.00000   54   15  929.00000  740.00000  20.3%   6.8  990s
 3247083 992030  903.00000   66    1  929.00000  740.00000  20.3%   6.8  995s
 3263832 996484  777.00000   44   12  929.00000  740.00000  20.3%   6.8 1000s
 3278968 1000291 infeasible   63       929.00000  741.00000  20.2%   6.8 1005s
 3297123 1005849 infeasible   58       929.00000  741.00000  20.2%   6.8 1010s
 3316845 1012369  765.00000   52   17  929.00000  741.00000  20.2%   6.8 1015s
 3334230 1017980 infeasible   65       929.00000  741.00000  20.2%   6.8 1020s
 3353766 1024267  759.00000   57   17  929.00000  741.00000  20.2%   6.8 1025s
 3371029 1029792 infeasible   52       929.00000  741.00000  20.2%   6.8 1030s
 3389016 1035622  753.00000   45   14  929.00000  741.00000  20.2%   6.8 1035s
 3406372 1041073  758.00000   57   17  929.00000  741.00000  20.2%   6.8 1040s
 3425533 1047739 infeasible   52       929.00000  742.00000  20.1%   6.8 1045s
 3441368 1052306  861.00000   49    5  929.00000  742.00000  20.1%   6.8 1050s
 3457799 1057299  742.00000   53   17  929.00000  742.00000  20.1%   6.8 1055s
 3474984 1062207  754.00000   54   12  929.00000  742.00000  20.1%   6.8 1060s
 3491596 1067182  801.00000   60   10  929.00000  742.00000  20.1%   6.8 1065s
 3508941 1071992  807.00000   56    8  929.00000  742.00000  20.1%   6.8 1070s
 3524698 1076296 infeasible   71       929.00000  742.00000  20.1%   6.8 1075s
 3540525 1080259  819.00000   51    8  929.00000  742.00000  20.1%   6.8 1080s
 3557624 1084841  835.00000   59   12  929.00000  742.00000  20.1%   6.8 1085s
 3574255 1089048 infeasible   72       929.00000  742.00000  20.1%   6.8 1090s
 3591510 1094285 infeasible   68       929.00000  742.00000  20.1%   6.8 1095s
 3608710 1099025  802.00000   56   12  929.00000  742.00000  20.1%   6.8 1100s
 3626722 1104339  770.28571   56   16  929.00000  742.29091  20.1%   6.8 1105s
 3643992 1108798  836.00000   65   12  929.00000  743.00000  20.0%   6.8 1110s
 3661630 1114069  770.00000   50   12  929.00000  743.00000  20.0%   6.8 1115s
 3677343 1118285 infeasible   62       929.00000  743.00000  20.0%   6.8 1120s
 3693990 1122882  830.00000   72   11  929.00000  743.00000  20.0%   6.8 1125s
 3711158 1127864  743.00000   46   14  929.00000  743.00000  20.0%   6.8 1130s
 3727879 1132753 infeasible   73       929.00000  743.00000  20.0%   6.8 1135s
 3744472 1137887  830.00000   63    9  929.00000  743.00000  20.0%   6.8 1140s
 3761292 1143282 infeasible   59       929.00000  743.00000  20.0%   6.8 1145s
 3780086 1149316  874.00000   74    8  929.00000  743.00000  20.0%   6.8 1150s
 3798229 1155146  771.00000   66   19  929.00000  743.00000  20.0%   6.8 1155s
 3814873 1159925 infeasible   69       929.00000  743.00000  20.0%   6.8 1160s
 3831250 1164781  762.00000   50   14  929.00000  743.00000  20.0%   6.8 1165s
 3848258 1170210 infeasible   56       929.00000  743.00000  20.0%   6.8 1170s
 3867001 1176371  842.00000   63   10  929.00000  743.00000  20.0%   6.8 1175s
 3883795 1181719  820.00000   52   12  929.00000  743.00000  20.0%   6.8 1180s
 3902761 1188077  836.00000   70   11  929.00000  743.00000  20.0%   6.7 1185s
 3920062 1193483 infeasible   48       929.00000  743.00000  20.0%   6.7 1190s
 3936084 1197329  893.00000   67    6  929.00000  744.00000  19.9%   6.7 1195s
 3951349 1200796  744.00000   58   16  929.00000  744.00000  19.9%   6.7 1200s
 3968547 1205361  836.00000   48    6  929.00000  744.00000  19.9%   6.7 1205s
 3984959 1209411  776.00000   51   13  929.00000  744.00000  19.9%   6.7 1210s
 4002086 1213940  836.00000   63   10  929.00000  744.00000  19.9%   6.7 1215s
 4019914 1219058  773.00000   54   15  929.00000  744.00000  19.9%   6.7 1220s
 4038578 1225428 infeasible   65       929.00000  744.00000  19.9%   6.7 1225s
 4057567 1232030  778.62500   61   13  929.00000  744.00000  19.9%   6.7 1230s
 4076581 1238837 infeasible   67       929.00000  744.00000  19.9%   6.7 1235s
 4093024 1243472  777.00000   53   13  929.00000  744.00000  19.9%   6.7 1240s
 4107958 1247456 infeasible   53       929.00000  744.00000  19.9%   6.7 1245s
 4125883 1252362  889.00000   67    6  929.00000  744.00000  19.9%   6.7 1250s
 4144766 1258163  744.00000   58   16  929.00000  744.00000  19.9%   6.7 1255s
 4163532 1263801 infeasible   65       929.00000  744.00000  19.9%   6.7 1260s
 4181993 1269221  805.00000   59   12  929.00000  744.00000  19.9%   6.7 1265s
 4200775 1274504  858.00000   66    8  929.00000  744.00000  19.9%   6.7 1270s
 4217492 1279236  809.00000   65   12  929.00000  745.00000  19.8%   6.7 1275s
 4233616 1283126 infeasible   56       929.00000  745.00000  19.8%   6.7 1280s
 4249185 1287178  820.00000   61   12  929.00000  745.00000  19.8%   6.7 1285s
 4265661 1291974  871.00000   65    8  929.00000  745.00000  19.8%   6.7 1290s
 4282663 1296900 infeasible   52       929.00000  745.00000  19.8%   6.7 1295s
 4298555 1301320  786.00000   59   14  929.00000  745.00000  19.8%   6.7 1300s
 4314649 1305422 infeasible   70       929.00000  745.00000  19.8%   6.7 1305s
 4330518 1309594  803.00000   56   13  929.00000  745.00000  19.8%   6.7 1310s
 4348459 1314930  766.00000   59   16  929.00000  745.00000  19.8%   6.7 1315s
 4365606 1319373  760.00000   61   15  929.00000  745.00000  19.8%   6.7 1320s
 4382460 1323965  760.00000   58   15  929.00000  745.00000  19.8%   6.7 1325s
 4398717 1328673  856.00000   56    7  929.00000  745.00000  19.8%   6.7 1330s
 4415819 1333523 infeasible   64       929.00000  745.00000  19.8%   6.7 1335s
 4430370 1337105 infeasible   51       929.00000  746.00000  19.7%   6.7 1340s
 4446451 1341945  805.00000   58   12  929.00000  746.00000  19.7%   6.7 1345s
 4462905 1346613  852.00000   63    5  929.00000  746.00000  19.7%   6.7 1350s
 4481062 1352026  805.00000   56   12  929.00000  746.00000  19.7%   6.7 1355s
 4497995 1357358  908.00000   65    6  929.00000  746.00000  19.7%   6.7 1360s
 4516303 1362994  830.00000   68   11  929.00000  746.00000  19.7%   6.7 1365s
 4534226 1368625  820.00000   61   13  929.00000  746.00000  19.7%   6.7 1370s
 4553212 1374669  797.00000   57    9  929.00000  746.00000  19.7%   6.7 1375s
 4570140 1379996  833.00000   61    8  929.00000  746.00000  19.7%   6.7 1380s
 4586418 1384676 infeasible   73       929.00000  746.00000  19.7%   6.7 1385s
 4604448 1390453  791.00000   59   12  929.00000  746.00000  19.7%   6.7 1390s
 4622095 1395939 infeasible   55       929.00000  746.00000  19.7%   6.7 1395s
 4640788 1402176 infeasible   67       929.00000  746.28571  19.7%   6.7 1400s
 4656801 1406671  747.00000   55   10  929.00000  747.00000  19.6%   6.7 1405s
 4672830 1411519 infeasible   68       929.00000  747.00000  19.6%   6.7 1410s
 4690629 1416644  829.00000   62    9  929.00000  747.00000  19.6%   6.7 1415s
 4707943 1421554  849.00000   66    8  929.00000  747.00000  19.6%   6.7 1420s
 4727338 1427161  788.00000   54   15  929.00000  747.00000  19.6%   6.7 1425s
 4744689 1431706  747.00000   47   16  929.00000  747.00000  19.6%   6.7 1430s
 4761260 1435888 infeasible   59       929.00000  747.00000  19.6%   6.7 1435s
 4777821 1439814  819.00000   68    9  929.00000  747.00000  19.6%   6.7 1440s
 4796287 1444487  855.00000   66    8  929.00000  747.00000  19.6%   6.7 1445s
 4812928 1448129  747.00000   59   16  929.00000  747.00000  19.6%   6.7 1450s
 4830412 1452202  809.00000   57    9  929.00000  747.00000  19.6%   6.7 1455s
 4845254 1456145  764.00000   59   14  929.00000  747.00000  19.6%   6.7 1460s
 4860885 1460564  747.00000   48   17  929.00000  747.00000  19.6%   6.7 1465s
 4877456 1464759  797.00000   55   12  929.00000  747.00000  19.6%   6.7 1470s
 4894250 1469351  782.00000   55   15  929.00000  747.00000  19.6%   6.7 1475s
 4909227 1473298 infeasible   65       929.00000  748.00000  19.5%   6.7 1480s
 4925004 1478594 infeasible   61       929.00000  748.00000  19.5%   6.7 1485s
 4943220 1485519 infeasible   67       929.00000  748.00000  19.5%   6.7 1490s
 4959707 1490904 infeasible   61       929.00000  748.00000  19.5%   6.7 1495s
 4975809 1496102  819.00000   79   12  929.00000  748.00000  19.5%   6.7 1500s
 4995379 1502235 infeasible   57       929.00000  748.00000  19.5%   6.7 1505s
 5012109 1506904  748.00000   60   15  929.00000  748.00000  19.5%   6.7 1510s
 5025742 1510297  816.00000   50    8  929.00000  748.00000  19.5%   6.7 1515s
 5041872 1514990  789.00000   51   13  929.00000  748.00000  19.5%   6.7 1520s
 5055752 1518258  775.00000   62   16  929.00000  748.00000  19.5%   6.7 1525s
 5071894 1523231  763.00000   62   18  929.00000  748.00000  19.5%   6.7 1530s
 5087167 1527407 infeasible   67       929.00000  748.00000  19.5%   6.7 1535s
 5102841 1530656 infeasible   57       929.00000  749.00000  19.4%   6.7 1540s
 5117973 1534342  879.00000   70    8  929.00000  749.00000  19.4%   6.7 1545s
 5134250 1538693  776.00000   44   13  929.00000  749.00000  19.4%   6.7 1550s
 5150665 1542993  749.00000   57   17  929.00000  749.00000  19.4%   6.7 1555s
 5166700 1546968 infeasible   64       929.00000  749.00000  19.4%   6.7 1560s
 5183891 1551974  759.00000   49   13  929.00000  749.00000  19.4%   6.7 1565s
 5200031 1556365  757.00000   46   15  929.00000  749.00000  19.4%   6.7 1570s
 5218275 1562492  791.00000   51   11  929.00000  749.00000  19.4%   6.7 1575s
 5234804 1567669  771.00000   46   10  929.00000  749.00000  19.4%   6.7 1580s
 5249826 1571912 infeasible   72       929.00000  749.00000  19.4%   6.7 1585s
 5267686 1576897 infeasible   69       929.00000  749.00000  19.4%   6.7 1590s
 5285769 1582099  773.00000   58   13  929.00000  749.00000  19.4%   6.7 1595s
 5302967 1587144 infeasible   60       929.00000  749.00000  19.4%   6.7 1600s
 5319806 1591809 infeasible   68       929.00000  750.00000  19.3%   6.7 1605s
 5335646 1595138  815.00000   58   10  929.00000  750.00000  19.3%   6.7 1610s
 5351121 1599063  791.00000   60    9  929.00000  750.00000  19.3%   6.7 1615s
 5367687 1603037 infeasible   65       929.00000  750.00000  19.3%   6.7 1620s
 5383747 1606535 infeasible   60       929.00000  750.00000  19.3%   6.7 1625s
 5399980 1610444  830.00000   59   12  929.00000  750.00000  19.3%   6.7 1630s
 5415760 1614198 infeasible   53       929.00000  750.00000  19.3%   6.7 1635s
 5432441 1618503 infeasible   65       929.00000  750.00000  19.3%   6.7 1640s
 5448989 1622757 infeasible   66       929.00000  750.00000  19.3%   6.7 1645s
 5464437 1626928  783.00000   58   13  929.00000  750.00000  19.3%   6.7 1650s
 5480791 1630796  846.00000   65    9  929.00000  750.00000  19.3%   6.7 1655s
 5496431 1635008  830.00000   56    7  929.00000  750.00000  19.3%   6.7 1660s
 5513646 1639830 infeasible   60       929.00000  750.00000  19.3%   6.7 1665s
 5529728 1643706  823.00000   67   11  929.00000  750.00000  19.3%   6.7 1670s
 5546393 1648476  883.00000   74    8  929.00000  750.00000  19.3%   6.7 1675s
 5563818 1653257  861.00000   66    7  929.00000  750.00000  19.3%   6.7 1680s
 5580686 1658056 infeasible   57       929.00000  750.00000  19.3%   6.7 1685s
 5597467 1662574 infeasible   63       929.00000  750.00000  19.3%   6.7 1690s
 5614511 1667401  861.00000   66    5  929.00000  750.00000  19.3%   6.7 1695s
 5632109 1672509 infeasible   60       929.00000  750.00000  19.3%   6.7 1700s
 5646882 1676394  756.00000   52   17  929.00000  750.00000  19.3%   6.7 1705s
 5662278 1680294  783.00000   60   13  929.00000  750.00000  19.3%   6.7 1710s
 5678443 1684925  764.00000   55   13  929.00000  750.00000  19.3%   6.7 1715s
 5693802 1688945  815.00000   62    9  929.00000  750.00000  19.3%   6.7 1720s
 5708871 1693101  777.00000   58   13  929.00000  750.00000  19.3%   6.7 1725s
 5724878 1697102  793.00000   48   10  929.00000  750.00000  19.3%   6.7 1730s
 5741998 1701528 infeasible   55       929.00000  750.00000  19.3%   6.7 1735s
 5758719 1705849  927.00000   71    2  929.00000  750.00000  19.3%   6.7 1740s
 5775854 1710585 infeasible   64       929.00000  750.00000  19.3%   6.7 1745s
 5793465 1715247 infeasible   60       929.00000  750.00000  19.3%   6.7 1750s
 5810039 1719342  783.00000   58   16  929.00000  750.00000  19.3%   6.7 1755s
 5827642 1724951  846.00000   66   10  929.00000  750.00000  19.3%   6.7 1760s
 5845035 1730035  846.00000   62   10  929.00000  750.00000  19.3%   6.7 1765s
 5862182 1735282  826.00000   62   11  929.00000  750.00000  19.3%   6.7 1770s
 5879893 1741049 infeasible   65       929.00000  750.00000  19.3%   6.7 1775s
 5897811 1746642  867.00000   67    7  929.00000  751.00000  19.2%   6.7 1780s
 5912108 1749955 infeasible   67       929.00000  751.00000  19.2%   6.7 1785s
 5929163 1754529 infeasible   57       929.00000  751.00000  19.2%   6.7 1790s
 5946936 1759640  813.00000   56   12  929.00000  751.00000  19.2%   6.7 1795s
 5965524 1765262  799.00000   53    8  929.00000  751.00000  19.2%   6.7 1800s
 5982842 1770488 infeasible   60       929.00000  751.00000  19.2%   6.7 1805s
 6002204 1776732 infeasible   61       929.00000  751.00000  19.2%   6.7 1810s
 6020020 1782431 infeasible   58       929.00000  751.00000  19.2%   6.7 1815s
 6038354 1788495  789.00000   65   13  929.00000  751.00000  19.2%   6.7 1820s
 6053911 1793000 infeasible   60       929.00000  751.00000  19.2%   6.7 1825s
 6070454 1797239  781.00000   53   14  929.00000  751.00000  19.2%   6.7 1830s
 6087782 1802406 infeasible   59       929.00000  751.00000  19.2%   6.7 1835s
 6106630 1808277  830.54545   61   10  929.00000  751.00000  19.2%   6.7 1840s
 6126549 1815517  759.00000   58   16  929.00000  752.00000  19.1%   6.7 1845s
 6141279 1818969  784.00000   52    9  929.00000  752.00000  19.1%   6.7 1850s
 6157070 1822908  752.00000   58   16  929.00000  752.00000  19.1%   6.7 1855s
 6173931 1826909 infeasible   59       929.00000  752.00000  19.1%   6.7 1860s
 6191610 1831963 infeasible   63       929.00000  752.00000  19.1%   6.7 1865s
 6207893 1835642  771.00000   65   13  929.00000  752.00000  19.1%   6.7 1870s
 6224494 1839957 infeasible   65       929.00000  752.00000  19.1%   6.7 1875s
 6240862 1844469 infeasible   58       929.00000  752.00000  19.1%   6.7 1880s
 6258224 1848175 infeasible   64       929.00000  752.00000  19.1%   6.7 1885s
 6273545 1851528  791.00000   55   10  929.00000  752.00000  19.1%   6.7 1890s
 6290173 1855575  820.00000   48    8  929.00000  752.00000  19.1%   6.7 1895s
 6307120 1859056  803.00000   56   14  929.00000  752.00000  19.1%   6.7 1900s
 6323022 1863203  915.00000   81    4  929.00000  752.00000  19.1%   6.7 1905s
 6339427 1867464  811.00000   55   12  929.00000  752.00000  19.1%   6.7 1910s
 6355076 1871916 infeasible   60       929.00000  752.00000  19.1%   6.7 1915s
 6372613 1877071  786.00000   55   14  929.00000  753.00000  18.9%   6.7 1920s
 6389155 1881132 infeasible   81       929.00000  753.00000  18.9%   6.7 1925s
 6405349 1885293  820.00000   61   11  929.00000  753.00000  18.9%   6.7 1930s
 6419975 1888657  830.00000   64   11  929.00000  753.00000  18.9%   6.7 1935s
 6436633 1892827 infeasible   67       929.00000  753.00000  18.9%   6.7 1940s
 6452807 1896699  775.00000   65   15  929.00000  753.00000  18.9%   6.7 1945s
 6469476 1901289  810.00000   52   10  929.00000  753.00000  18.9%   6.7 1950s
 6486473 1906119  807.00000   59    9  929.00000  753.00000  18.9%   6.7 1955s
 6504676 1911414 infeasible   62       929.00000  753.00000  18.9%   6.7 1960s
 6523951 1916954  914.00000   73    6  929.00000  753.00000  18.9%   6.7 1965s
 6542685 1922612  851.00000   67    9  929.00000  753.00000  18.9%   6.7 1970s
 6560086 1927619 infeasible   61       929.00000  753.00000  18.9%   6.7 1975s
 6575351 1932026 infeasible   59       929.00000  753.00000  18.9%   6.7 1980s
 6591647 1936526 infeasible   67       929.00000  753.00000  18.9%   6.7 1985s
 6607332 1940897 infeasible   59       929.00000  753.00000  18.9%   6.7 1990s
 6624215 1945452 infeasible   54       929.00000  753.00000  18.9%   6.7 1995s
 6640361 1949984  759.00000   54   16  929.00000  753.00000  18.9%   6.7 2000s
 6657499 1954897  805.00000   57   13  929.00000  753.00000  18.9%   6.7 2005s
 6674101 1959814 infeasible   48       929.00000  753.00000  18.9%   6.7 2010s
 6691419 1965026 infeasible   60       929.00000  753.00000  18.9%   6.7 2015s
 6708359 1969953 infeasible   75       929.00000  753.00000  18.9%   6.7 2020s
 6726057 1975757  781.00000   58   14  929.00000  753.00000  18.9%   6.7 2025s
 6743634 1981346  824.00000   63   12  929.00000  753.00000  18.9%   6.7 2030s
 6758491 1984612  754.00000   56   14  929.00000  754.00000  18.8%   6.7 2035s
 6773759 1987424  833.00000   58    9  929.00000  754.00000  18.8%   6.7 2040s
 6791318 1990853  802.00000   56   10  929.00000  754.00000  18.8%   6.7 2045s
 6806199 1993986  802.00000   58   12  929.00000  754.00000  18.8%   6.7 2050s
 6820844 1996727  786.00000   59   12  929.00000  754.00000  18.8%   6.7 2055s
 6835057 1999569  802.00000   51   12  929.00000  754.00000  18.8%   6.7 2060s
 6851083 2002455  821.00000   62   10  929.00000  754.00000  18.8%   6.7 2065s
 6865982 2005540 infeasible   59       929.00000  754.00000  18.8%   6.7 2070s
 6882018 2009073  770.00000   56   16  929.00000  754.00000  18.8%   6.7 2075s
 6896796 2012147 infeasible   57       929.00000  754.00000  18.8%   6.7 2080s
 6914634 2016648 infeasible   62       929.00000  754.00000  18.8%   6.7 2085s
 6929198 2019839  786.00000   56   14  929.00000  754.00000  18.8%   6.7 2090s
 6945436 2023598  815.00000   69   12  929.00000  754.00000  18.8%   6.7 2095s
 6961766 2027360 infeasible   76       929.00000  754.00000  18.8%   6.7 2100s
 6978586 2031458  754.00000   55   17  929.00000  754.00000  18.8%   6.7 2105s
 6995049 2035424  754.00000   53   17  929.00000  754.00000  18.8%   6.7 2110s
 7011582 2039421  893.00000   67    5  929.00000  754.00000  18.8%   6.7 2115s
 7026812 2043145 infeasible   58       929.00000  754.00000  18.8%   6.7 2120s
 7043919 2046510  776.00000   59   11  929.00000  754.00000  18.8%   6.7 2125s
 7060312 2050959  754.00000   57   20  929.00000  754.00000  18.8%   6.7 2130s
 7076337 2054723 infeasible   56       929.00000  754.00000  18.8%   6.7 2135s
 7093771 2059358  776.00000   61   11  929.00000  754.00000  18.8%   6.7 2140s
 7110712 2064335  846.00000   64    8  929.00000  754.00000  18.8%   6.7 2145s
 7126649 2068655  846.00000   65   10  929.00000  754.00000  18.8%   6.7 2150s
 7144398 2073086  754.00000   60   15  929.00000  754.00000  18.8%   6.7 2155s
 7161757 2077357  825.00000   67   12  929.00000  754.00000  18.8%   6.7 2160s
 7179795 2082553  775.00000   65   14  929.00000  754.00000  18.8%   6.7 2165s
 7200038 2087880  815.00000   68   11  929.00000  754.00000  18.8%   6.7 2170s
 7218656 2093306  814.00000   64   12  929.00000  754.00000  18.8%   6.7 2175s
 7237380 2098730  782.00000   60   16  929.00000  754.00000  18.8%   6.7 2180s
 7254270 2103316 infeasible   57       929.00000  754.00000  18.8%   6.7 2185s
 7270012 2107088  836.00000   64   13  929.00000  754.00000  18.8%   6.7 2190s
 7285919 2110435 infeasible   58       929.00000  754.00000  18.8%   6.7 2195s
 7301425 2114275  792.00000   61   12  929.00000  754.00000  18.8%   6.7 2200s
 7317547 2118294  770.00000   55   12  929.00000  754.00000  18.8%   6.7 2205s
 7333429 2122126 infeasible   66       929.00000  754.00000  18.8%   6.7 2210s
 7350859 2126611  833.00000   64    8  929.00000  754.00000  18.8%   6.7 2215s
 7367706 2130884 infeasible   57       929.00000  754.00000  18.8%   6.7 2220s
 7384933 2135013  842.00000   65    6  929.00000  754.00000  18.8%   6.7 2225s
 7402232 2139840  830.00000   56   12  929.00000  754.00000  18.8%   6.7 2230s
 7421012 2144685  773.00000   52   12  929.00000  754.00000  18.8%   6.7 2235s
 7439277 2150022  859.00000   64   10  929.00000  754.00000  18.8%   6.7 2240s
 7456156 2154248  836.00000   77    9  929.00000  754.00000  18.8%   6.7 2245s
 7473201 2158599  820.00000   54   11  929.00000  754.00000  18.8%   6.7 2250s
 7490967 2163454 infeasible   66       929.00000  754.00000  18.8%   6.7 2255s
 7508668 2168384  792.00000   58   12  929.00000  754.00000  18.8%   6.7 2260s
 7525731 2173198  754.28571   49   16  929.00000  754.28571  18.8%   6.7 2265s
 7542088 2177299  765.00000   56   12  929.00000  755.00000  18.7%   6.7 2270s
 7558234 2182369 infeasible   55       929.00000  755.00000  18.7%   6.7 2275s
 7576352 2187836 infeasible   61       929.00000  755.00000  18.7%   6.7 2280s
 7593442 2193144 infeasible   61       929.00000  755.00000  18.7%   6.7 2285s
 7610178 2198089 infeasible   59       929.00000  755.00000  18.7%   6.7 2290s
 7628107 2204211  876.00000   62    8  929.00000  755.00000  18.7%   6.7 2295s
 7645369 2209739 infeasible   69       929.00000  755.00000  18.7%   6.7 2300s
 7663463 2214594 infeasible   72       929.00000  755.00000  18.7%   6.7 2305s
 7681276 2219781  803.00000   48    8  929.00000  755.00000  18.7%   6.7 2310s
 7699320 2224983  785.00000   62   11  929.00000  755.00000  18.7%   6.7 2315s
 7716663 2229912  811.00000   56    9  929.00000  755.00000  18.7%   6.7 2320s
 7734872 2235669 infeasible   68       929.00000  755.00000  18.7%   6.7 2325s
 7752078 2240492  851.00000   69    9  929.00000  755.00000  18.7%   6.7 2330s
 7769262 2245635 infeasible   79       929.00000  755.00000  18.7%   6.7 2335s
 7786966 2250466  808.00000   58   11  929.00000  755.00000  18.7%   6.7 2340s
 7803363 2255272  755.00000   59   12  929.00000  755.00000  18.7%   6.7 2345s
 7822076 2260478 infeasible   60       929.00000  755.00000  18.7%   6.7 2350s
 7839685 2265292 infeasible   72       929.00000  755.00000  18.7%   6.7 2355s
 7858105 2270475  804.00000   68   14  929.00000  755.00000  18.7%   6.6 2360s
 7875562 2275402  779.00000   62   17  929.00000  755.00000  18.7%   6.6 2365s
 7892140 2279925  893.00000   60    6  929.00000  755.00000  18.7%   6.6 2370s
 7908396 2284160  840.00000   72    9  929.00000  755.00000  18.7%   6.6 2375s
 7924380 2288395  846.00000   57    9  929.00000  755.00000  18.7%   6.6 2380s
 7942654 2293450  789.00000   52    9  929.00000  755.00000  18.7%   6.6 2385s
 7959454 2298228 infeasible   60       929.00000  755.00000  18.7%   6.6 2390s
 7977672 2303782  827.00000   56   10  929.00000  755.00000  18.7%   6.6 2395s
 7995498 2308854 infeasible   59       929.00000  755.00000  18.7%   6.6 2400s
 8012543 2313382 infeasible   61       929.00000  755.29167  18.7%   6.6 2405s
 8027807 2316912 infeasible   70       929.00000  756.00000  18.6%   6.6 2410s
 8043480 2320734 infeasible   54       929.00000  756.00000  18.6%   6.6 2415s
 8059444 2324755  756.00000   55   17  929.00000  756.00000  18.6%   6.6 2420s
 8076775 2328652  775.00000   57   13  929.00000  756.00000  18.6%   6.6 2425s
 8092800 2332702  814.00000   63   10  929.00000  756.00000  18.6%   6.6 2430s
 8110524 2337591  778.00000   57   14  929.00000  756.00000  18.6%   6.6 2435s
 8127362 2342082  857.00000   71   11  929.00000  756.00000  18.6%   6.6 2440s
 8144317 2346779 infeasible   57       929.00000  756.00000  18.6%   6.6 2445s
 8162233 2351955 infeasible   71       929.00000  756.00000  18.6%   6.6 2450s
 8180910 2357607  838.00000   67    9  929.00000  756.00000  18.6%   6.6 2455s
 8198628 2363028  756.00000   56   12  929.00000  756.00000  18.6%   6.6 2460s
 8214804 2368128  849.00000   64    8  929.00000  756.00000  18.6%   6.6 2465s
 8230606 2372597 infeasible   48       929.00000  756.00000  18.6%   6.6 2470s
 8246442 2377378 infeasible   54       929.00000  756.00000  18.6%   6.6 2475s
 8263922 2383277  855.00000   54    9  929.00000  756.00000  18.6%   6.6 2480s
 8279929 2387563 infeasible   63       929.00000  756.00000  18.6%   6.6 2485s
 8297914 2393127 infeasible   67       929.00000  756.00000  18.6%   6.6 2490s
 8315596 2397992 infeasible   58       929.00000  756.00000  18.6%   6.6 2495s
 8331901 2402845  905.00000   69    5  929.00000  756.00000  18.6%   6.6 2500s
 8349539 2408168  868.00000   71    6  929.00000  756.00000  18.6%   6.6 2505s
 8366973 2413489  758.00000   51   15  929.00000  756.00000  18.6%   6.6 2510s
 8382962 2417347  782.00000   57   15  929.00000  757.00000  18.5%   6.6 2515s
 8398748 2420781 infeasible   68       929.00000  757.00000  18.5%   6.6 2520s
 8413597 2423904  820.00000   64   12  929.00000  757.00000  18.5%   6.6 2525s
 8428005 2426703  821.00000   63   12  929.00000  757.00000  18.5%   6.6 2530s
 8443602 2429520 infeasible   69       929.00000  757.00000  18.5%   6.6 2535s
 8458649 2432647  820.00000   70    8  929.00000  757.00000  18.5%   6.6 2540s
 8473675 2435741 infeasible   61       929.00000  757.00000  18.5%   6.6 2545s
 8489781 2439182  776.00000   55   14  929.00000  757.00000  18.5%   6.7 2550s
 8505434 2442845  776.00000   60   16  929.00000  757.00000  18.5%   6.7 2555s
 8521649 2446049  798.00000   53   11  929.00000  757.00000  18.5%   6.7 2560s
 8536482 2449260 infeasible   61       929.00000  757.00000  18.5%   6.7 2565s
 8552321 2452669 infeasible   63       929.00000  757.00000  18.5%   6.7 2570s
 8569058 2456749 infeasible   67       929.00000  757.00000  18.5%   6.7 2575s
 8585056 2460610  767.00000   67   15  929.00000  757.00000  18.5%   6.7 2580s
 8601810 2464980  813.00000   58   10  929.00000  757.00000  18.5%   6.7 2585s
 8618977 2469509  840.00000   55    7  929.00000  757.00000  18.5%   6.7 2590s
 8635993 2474699  856.00000   63    9  929.00000  757.00000  18.5%   6.7 2595s
 8652821 2479627 infeasible   56       929.00000  757.00000  18.5%   6.7 2600s
 8669656 2484724  772.00000   64   14  929.00000  757.00000  18.5%   6.7 2605s
 8686422 2489518 infeasible   67       929.00000  757.00000  18.5%   6.7 2610s
 8704051 2494130  817.00000   63   14  929.00000  757.00000  18.5%   6.7 2615s
 8721114 2498922  779.00000   56   14  929.00000  757.00000  18.5%   6.7 2620s
 8739271 2504136 infeasible   59       929.00000  757.00000  18.5%   6.6 2625s
 8756628 2509075  823.00000   62   11  929.00000  757.00000  18.5%   6.6 2630s
 8773370 2512808  836.00000   63   10  929.00000  757.00000  18.5%   6.6 2635s
 8788296 2515892  864.00000   56    4  929.00000  757.00000  18.5%   6.6 2640s
 8803116 2518936  793.00000   53   12  929.00000  757.00000  18.5%   6.6 2645s
 8818201 2521676  786.00000   47   10  929.00000  757.00000  18.5%   6.7 2650s
 8833741 2525043 infeasible   59       929.00000  757.00000  18.5%   6.7 2655s
 8848526 2527951 infeasible   55       929.00000  757.00000  18.5%   6.7 2660s
 8863729 2530966  773.00000   50   13  929.00000  757.00000  18.5%   6.7 2665s
 8879384 2534496 infeasible   77       929.00000  757.00000  18.5%   6.7 2670s
 8895630 2538402 infeasible   65       929.00000  757.00000  18.5%   6.7 2675s
 8912228 2542831  846.00000   67   11  929.00000  757.00000  18.5%   6.7 2680s
 8928545 2546743 infeasible   68       929.00000  757.00000  18.5%   6.7 2685s
 8943880 2549842  878.00000   73    8  929.00000  757.00000  18.5%   6.7 2690s
 8961255 2554485 infeasible   76       929.00000  757.00000  18.5%   6.7 2695s
 8977956 2559062  841.00000   57   10  929.00000  757.00000  18.5%   6.7 2700s
 8993503 2563370 infeasible   56       929.00000  757.00000  18.5%   6.7 2705s
 9010844 2568124  804.00000   58   13  929.00000  757.29167  18.5%   6.7 2710s
 9027789 2572446  803.00000   53   12  929.00000  758.00000  18.4%   6.7 2715s
 9045141 2577446  758.00000   47   12  929.00000  758.00000  18.4%   6.7 2720s
 9061171 2582131  874.00000   63    3  929.00000  758.00000  18.4%   6.7 2725s
 9078457 2587006 infeasible   65       929.00000  758.00000  18.4%   6.7 2730s
 9095904 2592387 infeasible   70       929.00000  758.00000  18.4%   6.7 2735s
 9113261 2597753  856.00000   70    9  929.00000  758.00000  18.4%   6.7 2740s
 9129631 2602395 infeasible   71       929.00000  758.00000  18.4%   6.7 2745s
 9147719 2608265 infeasible   65       929.00000  758.00000  18.4%   6.7 2750s
 9164359 2613054 infeasible   61       929.00000  758.00000  18.4%   6.7 2755s
 9182452 2618584  785.00000   56   10  929.00000  758.00000  18.4%   6.7 2760s
 9200814 2623990  758.00000   51   11  929.00000  758.00000  18.4%   6.7 2765s
 9216796 2628930 infeasible   54       929.00000  758.00000  18.4%   6.7 2770s
 9233524 2634151  871.00000   62    5  929.00000  758.00000  18.4%   6.7 2775s
 9250686 2639292 infeasible   62       929.00000  758.00000  18.4%   6.7 2780s
 9267776 2644475  807.00000   55    9  929.00000  758.00000  18.4%   6.7 2785s
 9284225 2649578  791.00000   53   16  929.00000  758.00000  18.4%   6.7 2790s
 9302040 2655315  758.00000   57   11  929.00000  758.00000  18.4%   6.7 2795s
 9318320 2660325 infeasible   54       929.00000  758.00000  18.4%   6.7 2800s
 9335301 2665711  883.00000   63    4  929.00000  758.00000  18.4%   6.7 2805s
 9352223 2670804  821.00000   64   12  929.00000  758.00000  18.4%   6.7 2810s
 9370216 2676202 infeasible   68       929.00000  758.00000  18.4%   6.7 2815s
 9387516 2681580 infeasible   78       929.00000  758.00000  18.4%   6.7 2820s
 9404229 2686906  835.00000   62   10  929.00000  758.00000  18.4%   6.7 2825s
 9422951 2692741 infeasible   73       929.00000  758.00000  18.4%   6.7 2830s
 9439517 2697781  801.00000   49   10  929.00000  758.00000  18.4%   6.7 2835s
 9458336 2703210  835.00000   68    8  929.00000  758.00000  18.4%   6.7 2840s
 9475917 2708826 infeasible   66       929.00000  758.00000  18.4%   6.7 2845s
 9494050 2714060  768.00000   62   16  929.00000  758.00000  18.4%   6.6 2850s
 9510398 2718485  758.00000   58   12  929.00000  758.00000  18.4%   6.7 2855s
 9525615 2722794  768.00000   56   11  929.00000  758.00000  18.4%   6.7 2860s
 9542792 2727810 infeasible   63       929.00000  758.00000  18.4%   6.7 2865s
 9560051 2732940 infeasible   61       929.00000  758.00000  18.4%   6.7 2870s
 9577372 2737911  842.00000   76   11  929.00000  758.00000  18.4%   6.7 2875s
 9595539 2743075  791.00000   56   11  929.00000  758.00000  18.4%   6.7 2880s
 9613216 2748769 infeasible   59       929.00000  758.00000  18.4%   6.6 2885s
 9631325 2754518  758.00000   56   13  929.00000  758.00000  18.4%   6.6 2890s
 9648471 2759517 infeasible   64       929.00000  758.00000  18.4%   6.6 2895s
 9667145 2765550  791.00000   59   16  929.00000  758.00000  18.4%   6.6 2900s
 9685250 2771072  782.00000   57   15  929.00000  758.00000  18.4%   6.6 2905s
 9703370 2777031  791.00000   59   17  929.00000  758.00000  18.4%   6.6 2910s
 9720080 2780797 infeasible   65       929.00000  759.00000  18.3%   6.6 2915s
 9737326 2785038 infeasible   65       929.00000  759.00000  18.3%   6.6 2920s
 9753911 2788999 infeasible   52       929.00000  759.00000  18.3%   6.6 2925s
 9769885 2793008  805.00000   58   11  929.00000  759.00000  18.3%   6.6 2930s
 9787581 2797229 infeasible   60       929.00000  759.00000  18.3%   6.6 2935s
 9804073 2801403 infeasible   60       929.00000  759.00000  18.3%   6.6 2940s
 9820764 2805777  835.00000   55    8  929.00000  759.00000  18.3%   6.6 2945s
 9837288 2809985  788.00000   56   12  929.00000  759.00000  18.3%   6.6 2950s
 9854958 2814399  851.00000   55    9  929.00000  759.00000  18.3%   6.6 2955s
 9871577 2818888  774.00000   50    9  929.00000  759.00000  18.3%   6.6 2960s
 9888381 2823348 infeasible   75       929.00000  759.00000  18.3%   6.6 2965s
 9907508 2828799  791.00000   65   11  929.00000  759.00000  18.3%   6.6 2970s
 9923733 2832969  820.00000   64    9  929.00000  759.00000  18.3%   6.6 2975s
 9941849 2837697  784.00000   50    9  929.00000  759.00000  18.3%   6.6 2980s
 9959779 2842338  788.00000   56   13  929.00000  759.00000  18.3%   6.6 2985s
 9977923 2847646  788.00000   52    8  929.00000  759.00000  18.3%   6.6 2990s
 9994526 2851472  759.00000   60   12  929.00000  759.00000  18.3%   6.6 2995s
 10010680 2855320 infeasible   57       929.00000  759.00000  18.3%   6.6 3000s
 10028263 2860040 infeasible   56       929.00000  759.00000  18.3%   6.6 3005s
 10044921 2863955 infeasible   55       929.00000  759.00000  18.3%   6.6 3010s
 10063304 2868756  860.00000   67    9  929.00000  759.00000  18.3%   6.6 3015s
 10080564 2873137  807.00000   56    9  929.00000  759.00000  18.3%   6.6 3020s
 10097837 2877243  759.00000   52   11  929.00000  759.00000  18.3%   6.6 3025s
 10115382 2881580  759.00000   57   11  929.00000  759.00000  18.3%   6.6 3030s
 10132972 2886027 infeasible   69       929.00000  759.00000  18.3%   6.6 3035s
 10151418 2890814  845.00000   62    9  929.00000  759.00000  18.3%   6.6 3040s
 10169959 2895743  759.00000   53   14  929.00000  759.00000  18.3%   6.6 3045s
 10188846 2900449  914.00000   83    4  929.00000  759.00000  18.3%   6.6 3050s
 10206658 2905292  819.00000   69   11  929.00000  759.00000  18.3%   6.6 3055s
 10225399 2910182  832.00000   68   11  929.00000  759.00000  18.3%   6.6 3060s
 10242230 2914717  806.00000   50    9  929.00000  759.00000  18.3%   6.6 3065s
 10261177 2919596 infeasible   46       929.00000  759.00000  18.3%   6.6 3070s
 10279290 2924668  769.00000   61   14  929.00000  759.00000  18.3%   6.6 3075s
 10295968 2928823  808.00000   60   11  929.00000  759.00000  18.3%   6.6 3080s
 10313793 2933462 infeasible   56       929.00000  759.00000  18.3%   6.6 3085s
 10329525 2936809 infeasible   64       929.00000  759.00000  18.3%   6.6 3090s
 10348037 2942281 infeasible   64       929.00000  759.00000  18.3%   6.6 3095s
 10367222 2947637  876.00000   78    6  929.00000  759.00000  18.3%   6.6 3100s
 10384398 2951681 infeasible   59       929.00000  759.00000  18.3%   6.6 3105s
 10401963 2956169 infeasible   55       929.00000  759.00000  18.3%   6.6 3110s
 10419187 2961052  871.00000   70    4  929.00000  759.00000  18.3%   6.6 3115s
 10437239 2965796  759.00000   54   13  929.00000  759.00000  18.3%   6.6 3120s
 10454930 2970773 infeasible   70       929.00000  759.00000  18.3%   6.6 3125s
 10471890 2975130  759.00000   59   19  929.00000  759.00000  18.3%   6.6 3130s
 10488605 2979215  820.00000   52    8  929.00000  759.00000  18.3%   6.6 3135s
 10505710 2983282  862.00000   62    7  929.00000  759.00000  18.3%   6.6 3140s
 10523073 2987635 infeasible   78       929.00000  759.00000  18.3%   6.6 3145s
 10540078 2992257  835.00000   60    7  929.00000  759.00000  18.3%   6.6 3150s
 10557123 2996856  780.00000   61   14  929.00000  759.00000  18.3%   6.6 3155s
 10574712 3001588  813.00000   50    9  929.00000  759.00000  18.3%   6.6 3160s
 10591648 3006141  762.17241   61   16  929.00000  759.00000  18.3%   6.6 3165s
 10608909 3010822 infeasible   67       929.00000  759.00000  18.3%   6.6 3170s
 10626934 3016134 infeasible   61       929.00000  759.00000  18.3%   6.6 3175s
 10645743 3021551  903.00000   77    5  929.00000  759.00000  18.3%   6.6 3180s
 10663821 3026924  836.00000   60   12  929.00000  759.00000  18.3%   6.6 3185s
 10680939 3031940 infeasible   58       929.00000  759.00000  18.3%   6.6 3190s
 10699478 3036470  829.00000   62   10  929.00000  759.00000  18.3%   6.6 3195s
 10716765 3040910 infeasible   71       929.00000  759.00000  18.3%   6.6 3200s
 10734565 3045399  838.00000   65    8  929.00000  759.00000  18.3%   6.6 3205s
 10753242 3049989  799.00000   51   10  929.00000  759.00000  18.3%   6.6 3210s
 10771801 3055290  792.00000   62   12  929.00000  759.00000  18.3%   6.6 3215s
 10790609 3060216  886.00000   71    6  929.00000  759.00000  18.3%   6.6 3220s
 10807766 3064633  791.00000   49   10  929.00000  759.00000  18.3%   6.6 3225s
 10827079 3070405 infeasible   73       929.00000  759.00000  18.3%   6.6 3230s
 10845564 3076009 infeasible   76       929.00000  759.00000  18.3%   6.6 3235s
 10863301 3080794 infeasible   61       929.00000  759.00000  18.3%   6.6 3240s
 10880433 3085244 infeasible   76       929.00000  759.00000  18.3%   6.6 3245s
 10899419 3090718  804.00000   56   13  929.00000  759.00000  18.3%   6.6 3250s
 10919040 3096522  851.00000   56   11  929.00000  759.00000  18.3%   6.6 3255s
 10935413 3100561  803.62500   63   13  929.00000  759.00000  18.3%   6.6 3260s
 10954916 3106104  803.00000   67   14  929.00000  759.00000  18.3%   6.6 3265s
 10972880 3110760 infeasible   54       929.00000  759.00000  18.3%   6.6 3270s
 10992038 3115849  829.00000   62   11  929.00000  759.00000  18.3%   6.6 3275s
 11010606 3120441  759.00000   53   11  929.00000  759.00000  18.3%   6.6 3280s
 11028225 3124993  788.00000   56   14  929.00000  759.00000  18.3%   6.6 3285s
 11048057 3130429 infeasible   72       929.00000  759.00000  18.3%   6.6 3290s
 11066163 3134695  857.00000   66    8  929.00000  759.00000  18.3%   6.6 3295s
 11085544 3139493 infeasible   72       929.00000  759.00000  18.3%   6.6 3300s
 11104565 3144399 infeasible   59       929.00000  759.00000  18.3%   6.6 3305s
 11124592 3150128 infeasible   63       929.00000  759.00000  18.3%   6.6 3310s
 11143496 3155542  826.00000   75   11  929.00000  759.00000  18.3%   6.6 3315s
 11162607 3160280  759.00000   56   16  929.00000  759.00000  18.3%   6.6 3320s
 11181046 3164977  819.00000   75   12  929.00000  759.00000  18.3%   6.6 3325s
 11198719 3169198  759.00000   51   13  929.00000  759.00000  18.3%   6.6 3330s
 11217498 3173742  819.00000   65   10  929.00000  759.00000  18.3%   6.6 3335s
 11235041 3178308  759.00000   57   18  929.00000  759.00000  18.3%   6.6 3340s
 11253466 3182763  798.00000   52   11  929.00000  759.00000  18.3%   6.6 3345s
 11271810 3187487 infeasible   66       929.00000  759.00000  18.3%   6.6 3350s
 11291204 3192576  814.00000   57   13  929.00000  759.00000  18.3%   6.6 3355s
 11310054 3197061 infeasible   81       929.00000  759.00000  18.3%   6.6 3360s
 11328845 3202536  770.00000   67   15  929.00000  759.00000  18.3%   6.6 3365s
 11349338 3208580 infeasible   67       929.00000  759.00000  18.3%   6.5 3370s
 11368931 3213625  775.00000   62   16  929.00000  759.00000  18.3%   6.5 3375s
 11389524 3219158 infeasible   55       929.00000  759.00000  18.3%   6.5 3380s
 11408049 3223593  759.00000   57   17  929.00000  759.00000  18.3%   6.5 3385s
 11429477 3229367 infeasible   73       929.00000  759.00000  18.3%   6.5 3390s
 11448103 3234243  759.00000   56   19  929.00000  759.00000  18.3%   6.5 3395s
 11468043 3240325  915.00000   78    2  929.00000  759.00000  18.3%   6.5 3400s
 11488073 3246395 infeasible   86       929.00000  759.00000  18.3%   6.5 3405s
 11506854 3251454  793.00000   68   10  929.00000  759.00000  18.3%   6.5 3410s
 11524153 3255998  832.00000   68   12  929.00000  759.00000  18.3%   6.5 3415s
 11542619 3260773  759.00000   48   11  929.00000  759.00000  18.3%   6.5 3420s
 11558451 3264459  861.00000   51    5  929.00000  759.00000  18.3%   6.5 3425s
 11574559 3268464 infeasible   63       929.00000  759.00000  18.3%   6.5 3430s
 11591485 3272619 infeasible   58       929.00000  759.00000  18.3%   6.5 3435s
 11609221 3277240 infeasible   53       929.00000  759.00000  18.3%   6.5 3440s
 11626720 3282652  831.00000   59   10  929.00000  759.00000  18.3%   6.5 3445s
 11644911 3288370  914.00000   84    3  929.00000  759.00000  18.3%   6.5 3450s
 11662125 3293325 infeasible   52       929.00000  759.00000  18.3%   6.5 3455s
 11679122 3297836  856.00000   72    8  929.00000  759.00000  18.3%   6.5 3460s
 11697431 3302044  769.00000   54   14  929.00000  759.00000  18.3%   6.5 3465s
 11717202 3307715  920.00000   72    3  929.00000  759.00000  18.3%   6.5 3470s
 11734341 3312469  830.00000   63   11  929.00000  759.00000  18.3%   6.5 3475s
 11752781 3317852 infeasible   65       929.00000  759.00000  18.3%   6.5 3480s
 11771798 3323753 infeasible   62       929.00000  759.00000  18.3%   6.5 3485s
 11789887 3328966 infeasible   63       929.00000  759.00000  18.3%   6.5 3490s
 11808176 3334943  759.00000   57   15  929.00000  759.00000  18.3%   6.5 3495s
 11826606 3339710  817.00000   59   12  929.00000  759.00000  18.3%   6.5 3500s
 11845685 3346035 infeasible   62       929.00000  759.00000  18.3%   6.5 3505s
 11863590 3350910  815.00000   60   11  929.00000  759.00000  18.3%   6.5 3510s
 11881632 3356198  893.00000   70    7  929.00000  759.00000  18.3%   6.5 3515s
 11901755 3362839  820.00000   65   13  929.00000  759.00000  18.3%   6.5 3520s
 11918977 3367260  817.00000   60   10  929.00000  760.00000  18.2%   6.5 3525s
 11935880 3371324  760.00000   56   17  929.00000  760.00000  18.2%   6.5 3530s
 11951895 3375149  855.00000   64    5  929.00000  760.00000  18.2%   6.5 3535s
 11968684 3379293  760.00000   55   12  929.00000  760.00000  18.2%   6.5 3540s
 11986237 3384039 infeasible   63       929.00000  760.00000  18.2%   6.5 3545s
 12005007 3389284  864.00000   59    9  929.00000  760.00000  18.2%   6.5 3550s
 12022228 3394195 infeasible   63       929.00000  760.00000  18.2%   6.5 3555s
 12039546 3398845  801.00000   49    8  929.00000  760.00000  18.2%   6.5 3560s
 12057271 3404534 infeasible   71       929.00000  760.00000  18.2%   6.5 3565s
 12073362 3408740 infeasible   59       929.00000  760.00000  18.2%   6.5 3570s
 12090938 3413276 infeasible   60       929.00000  760.00000  18.2%   6.5 3575s
 12107870 3418296  811.00000   57    8  929.00000  760.00000  18.2%   6.5 3580s
 12125526 3423548  830.00000   67    9  929.00000  760.00000  18.2%   6.5 3585s
 12143063 3428390 infeasible   67       929.00000  760.00000  18.2%   6.5 3590s
 12160699 3433431  775.00000   55   12  929.00000  760.00000  18.2%   6.5 3595s
 12177186 3437973  831.00000   63   10  929.00000  760.00000  18.2%   6.5 3600s
 12194684 3442236  846.00000   64    9  929.00000  760.00000  18.2%   6.5 3605s
 12211234 3446432 infeasible   58       929.00000  760.00000  18.2%   6.5 3610s
 12227097 3450831 infeasible   70       929.00000  760.00000  18.2%   6.5 3615s
 12244088 3455057  830.00000   63   10  929.00000  760.00000  18.2%   6.5 3620s
 12263170 3460675  846.00000   69   11  929.00000  760.00000  18.2%   6.5 3625s
 12280902 3465579  846.00000   67   13  929.00000  760.00000  18.2%   6.5 3630s
 12300729 3471266  770.00000   64   13  929.00000  760.00000  18.2%   6.5 3635s
 12320189 3476959  920.00000   68    2  929.00000  760.00000  18.2%   6.5 3640s
 12338411 3482677 infeasible   75       929.00000  760.00000  18.2%   6.5 3645s
 12356451 3487895 infeasible   80       929.00000  760.00000  18.2%   6.5 3650s
 12376532 3494181  840.00000   56    6  929.00000  760.00000  18.2%   6.5 3655s
 12394819 3499654  856.00000   60    8  929.00000  760.00000  18.2%   6.5 3660s
 12413180 3505194  760.28571   57   17  929.00000  760.28571  18.2%   6.5 3665s
 12429263 3509095  780.00000   55   13  929.00000  761.00000  18.1%   6.5 3670s
 12445296 3513441 infeasible   57       929.00000  761.00000  18.1%   6.5 3675s
 12461929 3518420  776.00000   58   11  929.00000  761.00000  18.1%   6.5 3680s
 12478929 3523640  788.00000   45   10  929.00000  761.00000  18.1%   6.5 3685s
 12497914 3528842 infeasible   53       929.00000  761.00000  18.1%   6.5 3690s
 12514412 3532982  776.00000   53   10  929.00000  761.00000  18.1%   6.5 3695s
 12531739 3537886 infeasible   71       929.00000  761.00000  18.1%   6.5 3700s
 12549161 3542198  814.00000   59    7  929.00000  761.00000  18.1%   6.5 3705s
 12567918 3547249  803.00000   55   12  929.00000  761.00000  18.1%   6.5 3710s
 12586363 3552373  846.00000   65    9  929.00000  761.00000  18.1%   6.5 3715s
 12604405 3557566  761.00000   65   13  929.00000  761.00000  18.1%   6.5 3720s
 12623438 3562933  844.00000   57    7  929.00000  761.00000  18.1%   6.5 3725s
 12640266 3567404  862.00000   72    7  929.00000  761.00000  18.1%   6.5 3730s
 12658278 3572423  858.00000   70    8  929.00000  761.00000  18.1%   6.5 3735s
 12676034 3578003  821.00000   62   11  929.00000  761.00000  18.1%   6.5 3740s
 12693612 3582582 infeasible   67       929.00000  761.00000  18.1%   6.5 3745s
 12712063 3588058 infeasible   55       929.00000  761.00000  18.1%   6.5 3750s
 12730678 3593851  856.00000   63    9  929.00000  761.00000  18.1%   6.5 3755s
 12748121 3598199  823.00000   56   10  929.00000  761.00000  18.1%   6.5 3760s
 12765418 3603440  857.00000   75   10  929.00000  761.00000  18.1%   6.5 3765s
 12785793 3609481 infeasible   54       929.00000  761.00000  18.1%   6.5 3770s
 12804296 3614867 infeasible   58       929.00000  761.00000  18.1%   6.5 3775s
 12820476 3619397  846.00000   57    7  929.00000  761.00000  18.1%   6.5 3780s
 12836102 3623409 infeasible   67       929.00000  761.00000  18.1%   6.5 3785s
 12854726 3628441  856.00000   65    8  929.00000  761.00000  18.1%   6.5 3790s
 12873347 3633886 infeasible   76       929.00000  761.00000  18.1%   6.5 3795s
 12891258 3639191 infeasible   65       929.00000  761.00000  18.1%   6.5 3800s
 12909051 3644168  883.00000   62    9  929.00000  761.00000  18.1%   6.5 3805s
 12927741 3649795  799.00000   50   14  929.00000  761.00000  18.1%   6.5 3810s
 12946047 3654484  778.28571   50   13  929.00000  761.28571  18.1%   6.5 3815s
 12962446 3658858  819.00000   59   10  929.00000  762.00000  18.0%   6.5 3820s
 12980094 3664634 infeasible   58       929.00000  762.00000  18.0%   6.5 3825s
 12998464 3670032  822.00000   60   11  929.00000  762.00000  18.0%   6.5 3830s
 13016750 3675790 infeasible   79       929.00000  762.00000  18.0%   6.5 3835s
 13033669 3680375 infeasible   74       929.00000  762.00000  18.0%   6.5 3840s
 13051148 3684931 infeasible   58       929.00000  762.00000  18.0%   6.5 3845s
 13069036 3689447 infeasible   56       929.00000  762.00000  18.0%   6.5 3850s
 13084816 3692942 infeasible   72       929.00000  762.00000  18.0%   6.5 3855s
 13101298 3696623 infeasible   56       929.00000  762.00000  18.0%   6.5 3860s
 13118029 3701004 infeasible   57       929.00000  762.00000  18.0%   6.5 3865s
 13134324 3705680 infeasible   52       929.00000  762.00000  18.0%   6.5 3870s
 13151381 3710343  762.00000   56   17  929.00000  762.00000  18.0%   6.5 3875s
 13168344 3714878 infeasible   59       929.00000  762.17241  18.0%   6.5 3880s
 13187237 3720033  820.00000   63   11  929.00000  762.62500  17.9%   6.5 3885s
 13203062 3723850  763.00000   54    9  929.00000  763.00000  17.9%   6.5 3890s
 13222730 3731289  766.00000   65   13  929.00000  763.00000  17.9%   6.5 3895s
 13240369 3736053 infeasible   64       929.00000  763.00000  17.9%   6.5 3900s
 13259102 3741571  785.00000   60   12  929.00000  763.00000  17.9%   6.5 3905s
 13276343 3746445  878.00000   58    7  929.00000  763.00000  17.9%   6.5 3910s
 13294870 3751523  833.00000   65    8  929.00000  763.00000  17.9%   6.5 3915s
 13313489 3756932 infeasible   74       929.00000  763.00000  17.9%   6.5 3920s
 13331757 3761791  788.00000   56   11  929.00000  763.00000  17.9%   6.5 3925s
 13348156 3766572  895.00000   67    4  929.00000  763.00000  17.9%   6.5 3930s
 13365103 3771462 infeasible   58       929.00000  763.00000  17.9%   6.5 3935s
 13380547 3775497  879.00000   71    3  929.00000  763.00000  17.9%   6.5 3940s
 13397682 3780138  782.00000   61   14  929.00000  763.00000  17.9%   6.5 3945s
 13414771 3784826  903.00000   68    4  929.00000  763.00000  17.9%   6.5 3950s
 13431537 3789509  840.00000   58   11  929.00000  763.00000  17.9%   6.5 3955s
 13447895 3794371  873.00000   71    4  929.00000  763.00000  17.9%   6.5 3960s
 13465482 3799630 infeasible   89       929.00000  763.00000  17.9%   6.5 3965s
 13481407 3804226 infeasible   73       929.00000  763.87500  17.8%   6.5 3970s
 13497492 3807113 infeasible   73       929.00000  764.00000  17.8%   6.5 3975s
 13513438 3810600 infeasible   72       929.00000  764.00000  17.8%   6.5 3980s
 13527950 3813423  786.00000   58   14  929.00000  764.00000  17.8%   6.5 3985s
 13543681 3817099  852.00000   66    8  929.00000  764.00000  17.8%   6.5 3990s
 13558817 3820235  832.00000   63    7  929.00000  764.00000  17.8%   6.5 3995s
 13574345 3823299 infeasible   72       929.00000  764.00000  17.8%   6.5 4000s
 13589822 3826805  845.00000   66    7  929.00000  764.00000  17.8%   6.5 4005s
 13606527 3831329 infeasible   64       929.00000  764.00000  17.8%   6.5 4010s
 13622269 3834959  786.00000   58   14  929.00000  764.00000  17.8%   6.5 4015s
 13639073 3838568  830.00000   57    9  929.00000  764.00000  17.8%   6.5 4020s
 13655056 3842142 infeasible   56       929.00000  764.00000  17.8%   6.5 4025s
 13671664 3846142  893.00000   74    7  929.00000  764.00000  17.8%   6.5 4030s
 13687923 3849419 infeasible   57       929.00000  764.00000  17.8%   6.5 4035s
 13704770 3853814  836.00000   66    8  929.00000  764.00000  17.8%   6.5 4040s
 13722257 3858016  783.00000   54   16  929.00000  764.00000  17.8%   6.5 4045s
 13739274 3862411  809.00000   70   13  929.00000  764.00000  17.8%   6.5 4050s
 13755619 3866473  811.00000   68   13  929.00000  764.00000  17.8%   6.5 4055s
 13772256 3870615 infeasible   60       929.00000  764.00000  17.8%   6.5 4060s
 13788991 3875088 infeasible   68       929.00000  764.00000  17.8%   6.5 4065s
 13804499 3879587  764.00000   56   12  929.00000  764.00000  17.8%   6.5 4070s
 13821155 3884360 infeasible   63       929.00000  764.00000  17.8%   6.5 4075s
 13838139 3889616 infeasible   58       929.00000  764.00000  17.8%   6.5 4080s
 13854085 3893778  854.00000   65    6  929.00000  764.00000  17.8%   6.5 4085s
 13871988 3899436 infeasible   58       929.00000  764.00000  17.8%   6.5 4090s
 13888948 3904306 infeasible   67       929.00000  764.00000  17.8%   6.5 4095s
 13904659 3908623  821.00000   65   12  929.00000  764.00000  17.8%   6.5 4100s
 13922533 3914216  814.00000   66   11  929.00000  764.00000  17.8%   6.5 4105s
 13939874 3919636  878.00000   72    6  929.00000  764.00000  17.8%   6.5 4110s
 13957817 3925218  903.00000   66    3  929.00000  764.00000  17.8%   6.5 4115s
 13974448 3930310  780.00000   62   12  929.00000  764.00000  17.8%   6.5 4120s
 13992363 3935860  835.00000   60   10  929.00000  764.00000  17.8%   6.5 4125s
 14010544 3941352  779.00000   60   17  929.00000  764.00000  17.8%   6.5 4130s
 14028162 3946566  861.00000   76    6  929.00000  764.00000  17.8%   6.5 4135s
 14044626 3951309  877.00000   70    8  929.00000  764.00000  17.8%   6.5 4140s
 14060439 3955111  764.00000   56   13  929.00000  764.00000  17.8%   6.5 4145s
 14076252 3959014  809.00000   56   12  929.00000  764.00000  17.8%   6.5 4150s
 14092159 3962627 infeasible   73       929.00000  764.00000  17.8%   6.5 4155s
 14107835 3966010 infeasible   76       929.00000  764.00000  17.8%   6.5 4160s
 14123512 3969401  786.00000   50   13  929.00000  764.00000  17.8%   6.5 4165s
 14141878 3974029 infeasible   51       929.00000  764.00000  17.8%   6.5 4170s
 14158581 3977904 infeasible   68       929.00000  764.00000  17.8%   6.5 4175s
 14175218 3981814  764.00000   58   14  929.00000  764.00000  17.8%   6.5 4180s
 14191774 3985823  779.00000   56   15  929.00000  764.00000  17.8%   6.5 4185s
 14207795 3989525 infeasible   71       929.00000  764.00000  17.8%   6.5 4190s
 14224936 3993451  780.00000   53   13  929.00000  764.00000  17.8%   6.5 4195s
 14241871 3998066  820.00000   58   13  929.00000  764.00000  17.8%   6.5 4200s
 14258937 4002958  801.00000   56   13  929.00000  764.00000  17.8%   6.5 4205s
 14276459 4007627  774.00000   63   13  929.00000  764.00000  17.8%   6.5 4210s
 14292889 4011964 infeasible   68       929.00000  764.00000  17.8%   6.5 4215s
 14308993 4015844 infeasible   59       929.00000  764.00000  17.8%   6.5 4220s
 14326500 4020552  820.00000   63   12  929.00000  764.00000  17.8%   6.5 4225s
 14342707 4025259  846.00000   64    9  929.00000  764.00000  17.8%   6.5 4230s
 14360150 4030449  809.00000   54   13  929.00000  764.00000  17.8%   6.5 4235s
 14378472 4035710  915.00000   79    6  929.00000  764.00000  17.8%   6.5 4240s
 14396274 4040983  830.00000   61   11  929.00000  764.00000  17.8%   6.5 4245s
 14412527 4045131 infeasible   56       929.00000  765.00000  17.7%   6.5 4250s
 14428851 4049315  820.00000   56   13  929.00000  765.00000  17.7%   6.5 4255s
 14444761 4053646 infeasible   64       929.00000  765.00000  17.7%   6.5 4260s
 14461331 4058284  830.00000   54    7  929.00000  765.00000  17.7%   6.5 4265s
 14479266 4063673  798.00000   53    9  929.00000  765.00000  17.7%   6.5 4270s
 14495830 4067826 infeasible   55       929.00000  765.00000  17.7%   6.5 4275s
 14513591 4073098  801.00000   58    8  929.00000  765.00000  17.7%   6.5 4280s
 14530291 4077294 infeasible   61       929.00000  765.00000  17.7%   6.5 4285s
 14548561 4082049 infeasible   63       929.00000  765.00000  17.7%   6.5 4290s
 14567092 4087108 infeasible   69       929.00000  765.00000  17.7%   6.5 4295s
 14582962 4091371  871.00000   61    6  929.00000  765.00000  17.7%   6.5 4300s
 14600661 4096302  808.00000   72   10  929.00000  765.00000  17.7%   6.5 4305s
 14615984 4100553 infeasible   55       929.00000  765.00000  17.7%   6.5 4310s
 14634229 4105303  861.00000   68    9  929.00000  765.00000  17.7%   6.5 4315s
 14650782 4109773 infeasible   71       929.00000  765.00000  17.7%   6.5 4320s
 14668195 4114719  807.00000   59    8  929.00000  765.00000  17.7%   6.5 4325s
 14686045 4119689  824.00000   57   11  929.00000  765.00000  17.7%   6.5 4330s
 14702891 4124605  852.00000   62   10  929.00000  765.00000  17.7%   6.5 4335s
 14719293 4128717 infeasible   61       929.00000  765.00000  17.7%   6.5 4340s
 14737823 4134146  765.00000   59   17  929.00000  765.00000  17.7%   6.5 4345s
 14756547 4139431 infeasible   63       929.00000  765.00000  17.7%   6.5 4350s
 14772973 4143601  782.00000   62   14  929.00000  765.00000  17.7%   6.5 4355s
 14789386 4147152 infeasible   64       929.00000  765.00000  17.7%   6.5 4360s
 14806568 4151228 infeasible   75       929.00000  765.00000  17.7%   6.5 4365s
 14823759 4155372 infeasible   68       929.00000  765.00000  17.7%   6.5 4370s
 14841768 4159936  796.00000   74   14  929.00000  765.00000  17.7%   6.5 4375s
 14859022 4164336  855.00000   69    9  929.00000  765.00000  17.7%   6.5 4380s
 14876456 4168725 infeasible   63       929.00000  765.00000  17.7%   6.5 4385s
 14894480 4173320 infeasible   65       929.00000  765.00000  17.7%   6.5 4390s
 14912857 4178469  840.00000   69    9  929.00000  765.00000  17.7%   6.5 4395s
 14930627 4183136  865.00000   62    8  929.00000  765.00000  17.7%   6.5 4400s
 14950944 4189120  815.00000   53   11  929.00000  765.00000  17.7%   6.5 4405s
 14969792 4195011 infeasible   60       929.00000  765.00000  17.7%   6.5 4410s
 14988459 4200443 infeasible   67       929.00000  765.00000  17.7%   6.5 4415s
 15006637 4206129  775.00000   56   16  929.00000  765.00000  17.7%   6.5 4420s
 15028598 4214050  903.00000   73    4  929.00000  765.00000  17.7%   6.5 4425s
 15042725 4217317  809.00000   63   10  929.00000  766.00000  17.5%   6.5 4430s
 15058730 4221365  788.00000   61    8  929.00000  766.00000  17.5%   6.5 4435s
 15074451 4225601  819.00000   60   11  929.00000  766.00000  17.5%   6.5 4440s
 15091461 4230243 infeasible   60       929.00000  766.00000  17.5%   6.5 4445s
 15107785 4234985 infeasible   58       929.00000  766.00000  17.5%   6.5 4450s
 15125470 4240472  788.00000   47    9  929.00000  766.00000  17.5%   6.5 4455s
 15143427 4245671 infeasible   57       929.00000  766.00000  17.5%   6.5 4460s
 15160076 4249947 infeasible   51       929.00000  766.00000  17.5%   6.5 4465s
 15177349 4255173 infeasible   55       929.00000  766.00000  17.5%   6.5 4470s
 15194078 4259983  871.00000   59    5  929.00000  766.00000  17.5%   6.5 4475s
 15213022 4265845 infeasible   61       929.00000  766.00000  17.5%   6.5 4480s
 15231311 4271321 infeasible   69       929.00000  766.00000  17.5%   6.5 4485s
 15248729 4275847  862.00000   64    6  929.00000  766.00000  17.5%   6.5 4490s
 15266903 4280544  798.00000   60   12  929.00000  766.00000  17.5%   6.5 4495s
 15283913 4285272  839.00000   64    8  929.00000  766.00000  17.5%   6.5 4500s
 15301781 4290288  873.00000   73    7  929.00000  766.00000  17.5%   6.5 4505s
 15320962 4295674  861.00000   55    6  929.00000  766.00000  17.5%   6.5 4510s
 15338703 4300929  876.00000   68    8  929.00000  766.00000  17.5%   6.5 4515s
 15356180 4305302  861.00000   60    7  929.00000  766.00000  17.5%   6.5 4520s
 15373746 4310525 infeasible   69       929.00000  766.00000  17.5%   6.5 4525s
 15391128 4315482  851.00000   54    9  929.00000  766.00000  17.5%   6.5 4530s
 15408615 4320028 infeasible   53       929.00000  766.00000  17.5%   6.5 4535s
 15425059 4324408 infeasible   84       929.00000  766.00000  17.5%   6.5 4540s
 15443336 4329496 infeasible   67       929.00000  766.00000  17.5%   6.5 4545s
 15459827 4333800 infeasible   57       929.00000  766.00000  17.5%   6.5 4550s
 15478506 4338714  874.00000   79    8  929.00000  766.00000  17.5%   6.5 4555s
 15497066 4343531  835.00000   69   10  929.00000  766.00000  17.5%   6.5 4560s
 15515438 4348613  836.00000   56   10  929.00000  766.00000  17.5%   6.5 4565s
 15534342 4354509  782.00000   66   15  929.00000  766.00000  17.5%   6.5 4570s
 15552667 4359976 infeasible   71       929.00000  766.00000  17.5%   6.5 4575s
 15570897 4364387  829.00000   60   14  929.00000  766.00000  17.5%   6.5 4580s
 15588556 4368462 infeasible   68       929.00000  766.00000  17.5%   6.5 4585s
 15606852 4373566  766.00000   54   15  929.00000  766.00000  17.5%   6.5 4590s
 15626292 4378395 infeasible   74       929.00000  766.00000  17.5%   6.5 4595s
 15643347 4382861 infeasible   82       929.00000  766.00000  17.5%   6.5 4600s
 15661190 4388369 infeasible   64       929.00000  766.00000  17.5%   6.5 4605s
 15679386 4393251 infeasible   52       929.00000  766.00000  17.5%   6.5 4610s
 15696819 4398452  854.00000   65    6  929.00000  766.00000  17.5%   6.5 4615s
 15713373 4404568  835.00000   60    7  929.00000  766.00000  17.5%   6.5 4620s
 15730503 4410326 infeasible   70       929.00000  766.00000  17.5%   6.5 4625s
 15746549 4414958 infeasible   71       929.00000  766.00000  17.5%   6.5 4630s
 15764164 4420073 infeasible   55       929.00000  766.00000  17.5%   6.5 4635s
 15781298 4425611 infeasible   68       929.00000  766.00000  17.5%   6.5 4640s
 15799254 4430274  895.00000   64    3  929.00000  766.00000  17.5%   6.5 4645s
 15816259 4434733 infeasible   60       929.00000  766.00000  17.5%   6.5 4650s
 15834477 4439936  871.00000   65    9  929.00000  766.00000  17.5%   6.5 4655s
 15851355 4445388  901.00000   69    7  929.00000  766.00000  17.5%   6.5 4660s
 15869108 4450933 infeasible   69       929.00000  766.00000  17.5%   6.5 4665s
 15885541 4455059  809.00000   61   11  929.00000  766.00000  17.5%   6.5 4670s
 15904814 4460477  868.00000   64    5  929.00000  766.00000  17.5%   6.5 4675s
 15922020 4465267  766.00000   67   17  929.00000  766.00000  17.5%   6.5 4680s
 15940147 4470612 infeasible   54       929.00000  766.43636  17.5%   6.5 4685s
 15957683 4475017  767.00000   65   13  929.00000  767.00000  17.4%   6.5 4690s
 15972699 4478320 infeasible   61       929.00000  767.00000  17.4%   6.5 4695s
 15987739 4482022  767.00000   62   10  929.00000  767.00000  17.4%   6.5 4700s
 16003272 4485963 infeasible   58       929.00000  767.00000  17.4%   6.5 4705s
 16019802 4489688  792.00000   55   10  929.00000  767.00000  17.4%   6.5 4710s
 16035058 4493405 infeasible   66       929.00000  767.00000  17.4%   6.5 4715s
 16051102 4497093 infeasible   70       929.00000  767.00000  17.4%   6.5 4720s
 16068354 4501739  788.72727   70   13  929.00000  767.00000  17.4%   6.5 4725s
 16086952 4507328  776.00000   61   16  929.00000  767.00000  17.4%   6.5 4730s
 16104290 4512526  831.00000   66    7  929.00000  767.00000  17.4%   6.5 4735s
 16122473 4517712  918.00000   61    1  929.00000  767.00000  17.4%   6.5 4740s
 16140310 4523142 infeasible   79       929.00000  767.00000  17.4%   6.5 4745s
 16158526 4528158 infeasible   61       929.00000  767.00000  17.4%   6.5 4750s
 16175519 4532984  799.00000   57   11  929.00000  767.00000  17.4%   6.5 4755s
 16194825 4538310  869.00000   64    6  929.00000  767.00000  17.4%   6.5 4760s
 16213844 4543713  837.00000   63   10  929.00000  767.00000  17.4%   6.5 4765s
 16230923 4548257  869.00000   68    9  929.00000  767.00000  17.4%   6.5 4770s
 16250509 4553602 infeasible   59       929.00000  767.00000  17.4%   6.5 4775s
 16269111 4558216  894.00000   80    6  929.00000  767.00000  17.4%   6.5 4780s
 16286811 4562874  822.00000   70   14  929.00000  767.00000  17.4%   6.5 4785s
 16302286 4566123  767.00000   58   12  929.00000  767.00000  17.4%   6.5 4790s
 16317711 4570308 infeasible   70       929.00000  767.00000  17.4%   6.5 4795s
 16333867 4575259 infeasible   71       929.00000  767.00000  17.4%   6.5 4800s
 16349693 4579998  812.00000   53    8  929.00000  767.00000  17.4%   6.5 4805s
 16366147 4584828  783.00000   53   11  929.00000  767.00000  17.4%   6.5 4810s
 16381969 4588699 infeasible   50       929.00000  767.00000  17.4%   6.5 4815s
 16397947 4592873 infeasible   58       929.00000  767.00000  17.4%   6.5 4820s
 16413827 4596985 infeasible   74       929.00000  767.00000  17.4%   6.5 4825s
 16430707 4602511  804.00000   55   11  929.00000  767.00000  17.4%   6.5 4830s
 16445993 4606063 infeasible   62       929.00000  767.00000  17.4%   6.5 4835s
 16462239 4610029 infeasible   75       929.00000  767.00000  17.4%   6.5 4840s
 16478822 4614221 infeasible   53       929.00000  767.00000  17.4%   6.5 4845s
 16494565 4617604  799.00000   54   12  929.00000  767.00000  17.4%   6.5 4850s
 16512142 4622295  822.00000   62    8  929.00000  767.00000  17.4%   6.5 4855s
 16529251 4627411  783.00000   55    9  929.00000  767.00000  17.4%   6.5 4860s
 16546398 4631222  850.00000   73    7  929.00000  767.00000  17.4%   6.5 4865s
 16562987 4636046 infeasible   59       929.00000  767.00000  17.4%   6.5 4870s
 16579857 4640704 infeasible   59       929.00000  767.00000  17.4%   6.5 4875s
 16597324 4645778 infeasible   67       929.00000  767.00000  17.4%   6.5 4880s
 16614296 4650976 infeasible   70       929.00000  767.00000  17.4%   6.5 4885s
 16629975 4654492  767.00000   52   15  929.00000  767.00000  17.4%   6.5 4890s
 16647269 4658785  767.00000   57   14  929.00000  767.00000  17.4%   6.5 4895s
 16663998 4663498  792.00000   59   14  929.00000  767.00000  17.4%   6.5 4900s
 16682744 4668548  811.00000   61   14  929.00000  767.00000  17.4%   6.5 4905s
 16699928 4673176 infeasible   75       929.00000  767.00000  17.4%   6.5 4910s
 16718699 4677949  783.00000   65   14  929.00000  767.00000  17.4%   6.5 4915s
 16736419 4682962  777.00000   59   16  929.00000  767.00000  17.4%   6.5 4920s
 16752744 4687198 infeasible   75       929.00000  767.00000  17.4%   6.5 4925s
 16770767 4691989  783.00000   66   16  929.00000  767.00000  17.4%   6.5 4930s
 16788504 4697012 infeasible   71       929.00000  767.00000  17.4%   6.5 4935s
 16804849 4701325 infeasible   65       929.00000  767.00000  17.4%   6.5 4940s
 16821710 4705436  834.00000   61   12  929.00000  767.00000  17.4%   6.5 4945s
 16837088 4708085 infeasible   52       929.00000  767.54545  17.4%   6.5 4950s
 16853218 4712017  768.00000   54   14  929.00000  768.00000  17.3%   6.5 4955s
 16869892 4716290  830.00000   53    8  929.00000  768.00000  17.3%   6.5 4960s
 16885162 4720372  918.00000   68    2  929.00000  768.00000  17.3%   6.5 4965s
 16901089 4724983 infeasible   58       929.00000  768.00000  17.3%   6.5 4970s
 16918402 4729818  871.00000   70    8  929.00000  768.00000  17.3%   6.5 4975s
 16934957 4734657 infeasible   64       929.00000  768.00000  17.3%   6.5 4980s
 16951375 4739078 infeasible   67       929.00000  768.00000  17.3%   6.5 4985s
 16967027 4743099 infeasible   70       929.00000  768.00000  17.3%   6.5 4990s
 16984338 4747904 infeasible   62       929.00000  768.00000  17.3%   6.5 4995s
 17001275 4752450 infeasible   69       929.00000  768.00000  17.3%   6.5 5000s
 17018508 4757378 infeasible   52       929.00000  768.00000  17.3%   6.5 5005s
 17035500 4762340  908.00000   70    5  929.00000  768.00000  17.3%   6.5 5010s
 17051249 4766841  839.00000   74    8  929.00000  768.00000  17.3%   6.5 5015s
 17069173 4772258  884.00000   68    8  929.00000  768.00000  17.3%   6.5 5020s
 17085580 4776382  845.00000   57    8  929.00000  768.00000  17.3%   6.5 5025s
 17104073 4781968  899.00000   62    4  929.00000  768.00000  17.3%   6.5 5030s
 17121405 4786937  769.00000   64   14  929.00000  768.00000  17.3%   6.5 5035s
 17137976 4791196 infeasible   64       929.00000  768.00000  17.3%   6.5 5040s
 17157072 4797017  883.00000   64    9  929.00000  768.00000  17.3%   6.5 5045s
 17174140 4801820 infeasible   65       929.00000  768.00000  17.3%   6.5 5050s
 17191467 4807330  830.00000   66   14  929.00000  768.00000  17.3%   6.5 5055s
 17209773 4812387  920.00000   72    5  929.00000  768.00000  17.3%   6.5 5060s
 17227768 4817683  808.00000   53    9  929.00000  768.00000  17.3%   6.5 5065s
 17246929 4823353 infeasible   68       929.00000  768.00000  17.3%   6.5 5070s
 17264250 4828193  807.00000   58   14  929.00000  768.00000  17.3%   6.5 5075s
 17283026 4833637 infeasible   63       929.00000  768.00000  17.3%   6.5 5080s
 17300145 4838782 infeasible   79       929.00000  768.00000  17.3%   6.5 5085s
 17316846 4843405 infeasible   59       929.00000  768.00000  17.3%   6.5 5090s
 17333280 4847980  883.00000   65    6  929.00000  768.00000  17.3%   6.5 5095s
 17350168 4852471 infeasible   71       929.00000  768.00000  17.3%   6.5 5100s
 17368270 4857137  816.00000   64   11  929.00000  768.00000  17.3%   6.5 5105s
 17385702 4862324  860.00000   65    8  929.00000  768.00000  17.3%   6.5 5110s
 17404247 4867692  778.00000   52   16  929.00000  768.00000  17.3%   6.5 5115s
 17421620 4872812 infeasible   68       929.00000  768.00000  17.3%   6.5 5120s
 17440067 4878138 infeasible   71       929.00000  768.00000  17.3%   6.5 5125s
 17457608 4883327 infeasible   60       929.00000  768.00000  17.3%   6.5 5130s
 17475210 4888312 infeasible   70       929.00000  768.00000  17.3%   6.5 5135s
 17494345 4894221  768.00000   67   15  929.00000  768.00000  17.3%   6.5 5140s
 17512338 4900073  856.00000   70    8  929.00000  768.00000  17.3%   6.5 5145s
 17531239 4906089  784.00000   57   16  929.00000  768.00000  17.3%   6.5 5150s
 17549881 4911725  883.00000   65    5  929.00000  768.00000  17.3%   6.5 5155s
 17568732 4917560  821.00000   65   10  929.00000  768.00000  17.3%   6.5 5160s
 17587074 4923192  785.00000   60   15  929.00000  768.00000  17.3%   6.5 5165s
 17605936 4928374  846.00000   61    9  929.00000  768.29167  17.3%   6.5 5170s
 17621607 4932032  785.00000   54   10  929.00000  769.00000  17.2%   6.5 5175s
 17636910 4934769 infeasible   65       929.00000  769.00000  17.2%   6.5 5180s
 17654207 4938389  820.00000   62   11  929.00000  769.00000  17.2%   6.5 5185s
 17670232 4942276  830.00000   75   12  929.00000  769.00000  17.2%   6.5 5190s
 17686435 4946249  903.00000   59    4  929.00000  769.00000  17.2%   6.5 5195s
 17702336 4950140 infeasible   49       929.00000  769.00000  17.2%   6.5 5200s
 17717336 4953902 infeasible   49       929.00000  769.00000  17.2%   6.5 5205s
 17733076 4957564 infeasible   69       929.00000  769.00000  17.2%   6.5 5210s
 17749762 4961520  769.00000   54   11  929.00000  769.00000  17.2%   6.5 5215s
 17766527 4965582  820.00000   51    8  929.00000  769.00000  17.2%   6.5 5220s
 17782727 4969561 infeasible   62       929.00000  769.00000  17.2%   6.5 5225s
 17801450 4974428 infeasible   58       929.00000  769.00000  17.2%   6.5 5230s
 17818822 4978897  801.00000   59    9  929.00000  769.00000  17.2%   6.5 5235s
 17835017 4983135  871.00000   65   10  929.00000  769.00000  17.2%   6.5 5240s
 17852121 4988473  819.00000   50   12  929.00000  769.00000  17.2%   6.5 5245s
 17868469 4991613 infeasible   73       929.00000  769.00000  17.2%   6.5 5250s
 17884412 4994977 infeasible   50       929.00000  769.00000  17.2%   6.5 5255s
 17901067 4998877  846.00000   63    7  929.00000  769.00000  17.2%   6.5 5260s
 17918337 5003002 infeasible   54       929.00000  769.00000  17.2%   6.5 5265s
 17935110 5006665  871.00000   70    5  929.00000  769.00000  17.2%   6.5 5270s
 17953586 5011352  808.00000   73   12  929.00000  769.00000  17.2%   6.5 5275s
 17970514 5015469  779.00000   68   13  929.00000  769.00000  17.2%   6.5 5280s
 17988386 5019637  779.00000   60   13  929.00000  769.00000  17.2%   6.5 5285s
 18005795 5024366  769.00000   67   10  929.00000  769.00000  17.2%   6.5 5290s
 18024408 5029695  779.00000   58   11  929.00000  769.00000  17.2%   6.5 5295s
 18041803 5034154 infeasible   55       929.00000  769.00000  17.2%   6.5 5300s
 18058597 5038387  883.00000   61    3  929.00000  769.00000  17.2%   6.5 5305s
 18076418 5043481 infeasible   60       929.00000  769.00000  17.2%   6.5 5310s
 18094071 5048419  840.00000   58    8  929.00000  769.00000  17.2%   6.5 5315s
 18111108 5052386 infeasible   67       929.00000  769.00000  17.2%   6.5 5320s
 18128378 5056799 infeasible   73       929.00000  769.00000  17.2%   6.5 5325s
 18146062 5061117  846.00000   67    7  929.00000  769.00000  17.2%   6.5 5330s
 18165103 5065380 infeasible   67       929.00000  769.00000  17.2%   6.5 5335s
 18183506 5069621  843.00000   69    9  929.00000  769.00000  17.2%   6.5 5340s
 18200367 5073684  817.00000   69   13  929.00000  769.00000  17.2%   6.5 5345s
 18216678 5077166 infeasible   68       929.00000  769.00000  17.2%   6.5 5350s
 18234656 5082169 infeasible   55       929.00000  769.00000  17.2%   6.5 5355s
 18250916 5086260 infeasible   83       929.00000  769.00000  17.2%   6.5 5360s
 18269343 5090971  788.00000   55   14  929.00000  769.00000  17.2%   6.5 5365s
 18287133 5095516  835.00000   58   10  929.00000  769.00000  17.2%   6.5 5370s
 18303372 5099963  801.00000   54    9  929.00000  769.00000  17.2%   6.5 5375s
 18322097 5104755  803.00000   62   12  929.00000  769.00000  17.2%   6.5 5380s
 18339220 5108864  769.00000   58   13  929.00000  769.00000  17.2%   6.5 5385s
 18357545 5113251  871.00000   62    4  929.00000  769.00000  17.2%   6.5 5390s
 18375545 5117565  830.00000   60    7  929.00000  769.00000  17.2%   6.5 5395s
 18395278 5122692  867.00000   79    9  929.00000  769.00000  17.2%   6.5 5400s
 18414579 5128080  870.00000   71    7  929.00000  769.00000  17.2%   6.5 5405s
 18431979 5132902  819.00000   75   13  929.00000  769.00000  17.2%   6.5 5410s
 18449077 5137325  832.00000   60   10  929.00000  769.00000  17.2%   6.5 5415s
 18466801 5141850  825.00000   71   10  929.00000  769.00000  17.2%   6.5 5420s
 18485766 5147203  769.00000   48   11  929.00000  769.00000  17.2%   6.5 5425s
 18503855 5152186 infeasible   61       929.00000  769.00000  17.2%   6.5 5430s
 18522043 5157024 infeasible   62       929.00000  769.00000  17.2%   6.5 5435s
 18539657 5161514 infeasible   62       929.00000  769.00000  17.2%   6.5 5440s
 18555446 5165545 infeasible   79       929.00000  769.00000  17.2%   6.5 5445s
 18572214 5169615 infeasible   57       929.00000  769.00000  17.2%   6.5 5450s
 18588533 5173425  839.00000   80   10  929.00000  769.00000  17.2%   6.5 5455s
 18605627 5176564  798.00000   58   11  929.00000  769.00000  17.2%   6.5 5460s
 18623021 5180939  791.00000   61    9  929.00000  769.00000  17.2%   6.5 5465s
 18639054 5184676  903.00000   71    3  929.00000  769.00000  17.2%   6.5 5470s
 18655211 5188521 infeasible   53       929.00000  769.00000  17.2%   6.5 5475s
 18672805 5192875 infeasible   63       929.00000  769.00000  17.2%   6.5 5480s
 18690660 5196796  779.00000   58    9  929.00000  769.00000  17.2%   6.5 5485s
 18708276 5200699 infeasible   73       929.00000  769.00000  17.2%   6.5 5490s
 18724630 5205010  791.00000   54   10  929.00000  769.00000  17.2%   6.5 5495s
 18742436 5209422  779.00000   51    9  929.00000  769.00000  17.2%   6.5 5500s
 18759267 5214262  871.00000   59    4  929.00000  769.00000  17.2%   6.5 5505s
 18777002 5219627  785.00000   67   14  929.00000  769.00000  17.2%   6.5 5510s
 18795530 5224920 infeasible   59       929.00000  769.00000  17.2%   6.5 5515s
 18812790 5229969 infeasible   67       929.00000  769.00000  17.2%   6.5 5520s
 18830316 5234359 infeasible   71       929.00000  769.00000  17.2%   6.5 5525s
 18847439 5238266  815.00000   57   11  929.00000  769.00000  17.2%   6.5 5530s
 18863597 5242512 infeasible   51       929.00000  769.00000  17.2%   6.5 5535s
 18881113 5246921 infeasible   64       929.00000  769.00000  17.2%   6.5 5540s
 18897293 5250625 infeasible   62       929.00000  769.00000  17.2%   6.5 5545s
 18914233 5254471  835.00000   66    8  929.00000  769.00000  17.2%   6.5 5550s
 18930829 5258175 infeasible   62       929.00000  769.00000  17.2%   6.5 5555s
 18945692 5261461 infeasible   55       929.00000  769.00000  17.2%   6.5 5560s
 18964534 5265458  824.00000   60    9  929.00000  769.00000  17.2%   6.5 5565s
 18982864 5269522 infeasible   68       929.00000  769.00000  17.2%   6.5 5570s
 18999662 5273492  791.00000   54    9  929.00000  769.00000  17.2%   6.5 5575s
 19016734 5277644  914.00000   87    3  929.00000  769.00000  17.2%   6.5 5580s
 19034258 5281707  769.00000   53   13  929.00000  769.00000  17.2%   6.5 5585s
 19051253 5286292  777.00000   55   11  929.00000  769.00000  17.2%   6.5 5590s
 19069186 5291232  858.00000   63    9  929.00000  769.00000  17.2%   6.5 5595s
 19088109 5296207 infeasible   68       929.00000  769.00000  17.2%   6.5 5600s
 19105763 5300389  845.00000   73    7  929.00000  769.00000  17.2%   6.5 5605s
 19121870 5304197  797.00000   64   12  929.00000  769.00000  17.2%   6.5 5610s
 19139649 5308916 infeasible   68       929.00000  769.00000  17.2%   6.5 5615s
 19156349 5313244 infeasible   75       929.00000  769.00000  17.2%   6.5 5620s
 19175577 5318211  769.00000   63   14  929.00000  769.00000  17.2%   6.5 5625s
 19192920 5322648  839.00000   71    8  929.00000  769.00000  17.2%   6.5 5630s
 19210526 5327268  769.00000   55   10  929.00000  769.00000  17.2%   6.5 5635s
 19228013 5331941  861.00000   58    6  929.00000  769.00000  17.2%   6.5 5640s
 19245200 5336080  772.52326   66   12  929.00000  769.00000  17.2%   6.5 5645s
 19260882 5339761 infeasible   69       929.00000  769.00000  17.2%   6.5 5650s
 19277910 5344181 infeasible   73       929.00000  769.00000  17.2%   6.5 5655s
 19295037 5348669  877.00000   68    7  929.00000  769.00000  17.2%   6.5 5660s
 19313909 5353811  842.00000   66    9  929.00000  769.00000  17.2%   6.5 5665s
 19330873 5357985 infeasible   52       929.00000  769.00000  17.2%   6.5 5670s
 19348093 5362183  845.00000   62   12  929.00000  769.00000  17.2%   6.5 5675s
 19364789 5366485  831.00000   62   12  929.00000  769.00000  17.2%   6.5 5680s
 19382831 5370930 infeasible   72       929.00000  769.00000  17.2%   6.5 5685s
 19400338 5375226 infeasible   65       929.00000  769.00000  17.2%   6.5 5690s
 19419090 5379014  829.00000   72   10  929.00000  769.00000  17.2%   6.5 5695s
 19437691 5383583 infeasible   75       929.00000  769.00000  17.2%   6.5 5700s
 19456359 5388455  852.00000   60    9  929.00000  769.00000  17.2%   6.5 5705s
 19475207 5393707  801.00000   72   11  929.00000  769.00000  17.2%   6.5 5710s
 19493403 5398610  785.00000   68   13  929.00000  769.00000  17.2%   6.5 5715s
 19513296 5404136 infeasible   57       929.00000  769.00000  17.2%   6.5 5720s
 19530724 5408137  769.00000   54   13  929.00000  769.00000  17.2%   6.5 5725s
 19549972 5412547  790.00000   59   13  929.00000  769.00000  17.2%   6.5 5730s
 19568698 5417556 infeasible   73       929.00000  769.00000  17.2%   6.5 5735s
 19588769 5422992 infeasible   69       929.00000  769.00000  17.2%   6.5 5740s
 19607221 5427135  769.00000   64   12  929.00000  769.00000  17.2%   6.5 5745s
 19626009 5432234 infeasible   71       929.00000  769.00000  17.2%   6.4 5750s
 19643951 5436847 infeasible   71       929.00000  769.00000  17.2%   6.4 5755s
 19661095 5441879  861.00000   59    7  929.00000  769.00000  17.2%   6.4 5760s
 19680360 5447076  794.00000   69   10  929.00000  769.00000  17.2%   6.4 5765s
 19698481 5451938 infeasible   88       929.00000  769.00000  17.2%   6.4 5770s
 19715929 5456512  851.00000   64    9  929.00000  769.00000  17.2%   6.4 5775s
 19733858 5460648 infeasible   76       929.00000  769.00000  17.2%   6.4 5780s
 19750268 5464305  820.00000   55    7  929.00000  769.00000  17.2%   6.4 5785s
 19769424 5469024 infeasible   57       929.00000  769.00000  17.2%   6.4 5790s
 19787460 5473497  791.00000   58   10  929.00000  769.00000  17.2%   6.4 5795s
 19806910 5478245 infeasible   67       929.00000  769.00000  17.2%   6.4 5800s
 19827154 5482842  871.00000   63    6  929.00000  769.00000  17.2%   6.4 5805s
 19844977 5486612  829.00000   67   12  929.00000  769.00000  17.2%   6.4 5810s
 19865580 5491964  769.00000   67   15  929.00000  769.00000  17.2%   6.4 5815s
 19885750 5496865 infeasible   70       929.00000  769.00000  17.2%   6.4 5820s
 19906721 5502503 infeasible   67       929.00000  769.00000  17.2%   6.4 5825s
 19925406 5507200 infeasible   61       929.00000  769.00000  17.2%   6.4 5830s
 19944445 5511896 infeasible   72       929.00000  769.00000  17.2%   6.4 5835s
 19964936 5517591  842.00000   72    9  929.00000  769.00000  17.2%   6.4 5840s
 19983613 5522090  775.00000   64   16  929.00000  769.00000  17.2%   6.4 5845s
 20002820 5526487  860.00000   83    9  929.00000  769.00000  17.2%   6.4 5850s
 20022591 5531412  810.00000   63   12  929.00000  769.00000  17.2%   6.4 5855s
 20041436 5536340  829.00000   62   11  929.00000  769.00000  17.2%   6.4 5860s
 20061009 5541538  795.00000   65   12  929.00000  769.00000  17.2%   6.4 5865s
 20078942 5546594 infeasible   66       929.00000  769.00000  17.2%   6.4 5870s
 20098091 5551187  886.00000   79    6  929.00000  769.00000  17.2%   6.4 5875s
 20115767 5555347  769.00000   56   14  929.00000  769.00000  17.2%   6.4 5880s
 20133028 5559245 infeasible   65       929.00000  769.00000  17.2%   6.4 5885s
 20151854 5564315  862.00000   54    6  929.00000  769.00000  17.2%   6.4 5890s
 20169389 5568593 infeasible   68       929.00000  769.00000  17.2%   6.4 5895s
 20189344 5573446 infeasible   79       929.00000  769.00000  17.2%   6.4 5900s
 20207918 5578569 infeasible   65       929.00000  769.00000  17.2%   6.4 5905s
 20226182 5583659  808.00000   60   15  929.00000  769.00000  17.2%   6.4 5910s
 20245869 5588554  839.00000   79    9  929.00000  769.00000  17.2%   6.4 5915s
 20266340 5594104  839.00000   67   10  929.00000  769.00000  17.2%   6.4 5920s
 20286572 5599919  790.00000   62   15  929.00000  769.00000  17.2%   6.4 5925s
 20306145 5604569  801.00000   66   11  929.00000  769.00000  17.2%   6.4 5930s
 20324410 5609261  794.00000   72   14  929.00000  769.00000  17.2%   6.4 5935s
 20342663 5614445  769.00000   64   22  929.00000  769.00000  17.2%   6.4 5940s
 20360092 5619098 infeasible   59       929.00000  769.00000  17.2%   6.4 5945s
 20375685 5622905 infeasible   71       929.00000  769.00000  17.2%   6.4 5950s
 20393958 5628676  814.00000   71   13  929.00000  769.00000  17.2%   6.4 5955s
 20410524 5633139  785.00000   63   11  929.00000  769.00000  17.2%   6.4 5960s
 20429886 5638783 infeasible   73       929.00000  769.00000  17.2%   6.4 5965s
 20447512 5643747  802.00000   69    9  929.00000  769.00000  17.2%   6.4 5970s
 20463649 5648293  794.00000   54   10  929.00000  769.00000  17.2%   6.4 5975s
 20478867 5651720 infeasible   74       929.00000  769.00000  17.2%   6.4 5980s
 20496199 5656053 infeasible   71       929.00000  769.00000  17.2%   6.4 5985s
 20513095 5660153 infeasible   60       929.00000  769.00000  17.2%   6.4 5990s
 20529925 5665090 infeasible   78       929.00000  769.00000  17.2%   6.4 5995s
 20547266 5669352 infeasible   58       929.00000  769.00000  17.2%   6.4 6000s
 20563545 5673478 infeasible   71       929.00000  769.00000  17.2%   6.4 6005s
 20581458 5677831 infeasible   69       929.00000  769.00000  17.2%   6.4 6010s
 20597576 5682254  798.00000   56   15  929.00000  769.00000  17.2%   6.4 6015s
 20616684 5687341  813.00000   74   12  929.00000  769.00000  17.2%   6.4 6020s
 20634956 5692108  769.00000   60   15  929.00000  769.00000  17.2%   6.4 6025s
 20653028 5696930  784.00000   63   14  929.00000  769.00000  17.2%   6.4 6030s
 20670631 5701925  820.00000   67   12  929.00000  769.00000  17.2%   6.4 6035s
 20687163 5706502  804.00000   57   13  929.00000  769.00000  17.2%   6.4 6040s
 20705726 5711580 infeasible   68       929.00000  769.00000  17.2%   6.4 6045s
 20722211 5715922  784.00000   69   11  929.00000  769.00000  17.2%   6.4 6050s
 20739063 5720113 infeasible   79       929.00000  769.00000  17.2%   6.4 6055s
 20757505 5725259 infeasible   77       929.00000  769.00000  17.2%   6.4 6060s
 20775476 5729886  846.00000   73   11  929.00000  769.00000  17.2%   6.4 6065s
 20793080 5733946 infeasible   60       929.00000  769.00000  17.2%   6.4 6070s
 20809866 5738064  817.00000   53   10  929.00000  769.00000  17.2%   6.4 6075s
 20827269 5742606  792.00000   62   14  929.00000  769.00000  17.2%   6.4 6080s
 20845547 5747372  836.00000   63   10  929.00000  769.00000  17.2%   6.4 6085s
 20864032 5752376 infeasible   58       929.00000  769.00000  17.2%   6.4 6090s
 20882563 5757720  769.00000   60   15  929.00000  769.00000  17.2%   6.4 6095s
 20899790 5762240  812.00000   64   13  929.00000  769.00000  17.2%   6.4 6100s
 20917982 5766966  769.00000   48   16  929.00000  769.00000  17.2%   6.4 6105s
 20935805 5771540  769.00000   54   17  929.00000  769.00000  17.2%   6.4 6110s
 20953372 5776457  830.00000   71   11  929.00000  769.00000  17.2%   6.4 6115s
 20972806 5782359  846.00000   71   11  929.00000  769.00000  17.2%   6.4 6120s
 20991388 5787812 infeasible   71       929.00000  769.28571  17.2%   6.4 6125s
 21006951 5791083  773.00000   64   11  929.00000  770.00000  17.1%   6.4 6130s
 21022962 5794504  807.00000   57   11  929.00000  770.00000  17.1%   6.4 6135s
 21038224 5798027  871.00000   67    8  929.00000  770.00000  17.1%   6.4 6140s
 21054940 5803087 infeasible   54       929.00000  770.00000  17.1%   6.4 6145s
 21071120 5808128 infeasible   63       929.00000  770.00000  17.1%   6.4 6150s
 21087994 5812769  803.00000   51   11  929.00000  770.00000  17.1%   6.4 6155s
 21105354 5818086  776.00000   48   10  929.00000  770.00000  17.1%   6.4 6160s
 21122654 5823580  883.00000   68    5  929.00000  770.00000  17.1%   6.4 6165s
 21140047 5828442  861.00000   61    5  929.00000  770.00000  17.1%   6.4 6170s
 21157550 5833136  770.00000   46   16  929.00000  770.00000  17.1%   6.4 6175s
 21174020 5837568  846.00000   73   10  929.00000  770.00000  17.1%   6.4 6180s
 21190831 5842500 infeasible   75       929.00000  770.00000  17.1%   6.4 6185s
 21208922 5847390 infeasible   58       929.00000  770.00000  17.1%   6.4 6190s
 21227700 5852963  803.00000   56   12  929.00000  770.00000  17.1%   6.4 6195s
 21244801 5857223 infeasible   61       929.00000  770.00000  17.1%   6.4 6200s
 21261288 5861372  787.00000   64   12  929.00000  770.00000  17.1%   6.4 6205s
 21278668 5866077 infeasible   68       929.00000  770.00000  17.1%   6.4 6210s
 21298889 5872515 infeasible   75       929.00000  770.00000  17.1%   6.4 6215s
 21317287 5877909 infeasible   65       929.00000  770.00000  17.1%   6.4 6220s
 21334968 5882441  803.00000   56   13  929.00000  770.00000  17.1%   6.4 6225s
 21353139 5887715  797.00000   49   16  929.00000  770.00000  17.1%   6.4 6230s
 21370868 5892849 infeasible   73       929.00000  770.00000  17.1%   6.4 6235s
 21388101 5898284 infeasible   57       929.00000  770.00000  17.1%   6.4 6240s
 21405033 5902642  893.00000   74    6  929.00000  770.00000  17.1%   6.4 6245s
 21424255 5908008  896.00000   82    4  929.00000  770.00000  17.1%   6.4 6250s
 21443770 5913355  846.00000   60    9  929.00000  770.00000  17.1%   6.4 6255s
 21460904 5918004  866.00000   67    8  929.00000  770.00000  17.1%   6.4 6260s
 21480104 5922991 infeasible   54       929.00000  770.00000  17.1%   6.4 6265s
 21497272 5927502  770.00000   63   12  929.00000  770.00000  17.1%   6.4 6270s
 21516354 5932841 infeasible   59       929.00000  770.00000  17.1%   6.4 6275s
 21536287 5938646  811.00000   64   11  929.00000  770.00000  17.1%   6.4 6280s
 21554522 5943789  770.00000   50   15  929.00000  770.00000  17.1%   6.4 6285s
 21572892 5948619  926.00000   82    2  929.00000  770.00000  17.1%   6.4 6290s
 21589738 5953193  907.00000   73    6  929.00000  770.00000  17.1%   6.4 6295s
 21607795 5958890  851.00000   64    6  929.00000  770.00000  17.1%   6.4 6300s
 21624353 5963732  799.00000   58   12  929.00000  770.00000  17.1%   6.4 6305s
 21641140 5968531 infeasible   58       929.00000  770.00000  17.1%   6.4 6310s
 21656536 5973664 infeasible   79       929.00000  770.00000  17.1%   6.4 6315s
 21672375 5978111 infeasible   64       929.00000  770.00000  17.1%   6.4 6320s
 21689982 5984640  789.00000   53   10  929.00000  770.00000  17.1%   6.4 6325s
 21705817 5988652 infeasible   70       929.00000  770.00000  17.1%   6.4 6330s
 21723208 5993302 infeasible   68       929.00000  770.00000  17.1%   6.4 6335s
 21739948 5998341  831.00000   64   10  929.00000  770.00000  17.1%   6.4 6340s
 21757176 6002997  828.00000   58    8  929.00000  770.00000  17.1%   6.4 6345s
 21773679 6007499  846.00000   57   10  929.00000  770.00000  17.1%   6.4 6350s
 21792758 6012847 infeasible   66       929.00000  770.00000  17.1%   6.4 6355s
 21811662 6018163 infeasible   61       929.00000  770.00000  17.1%   6.4 6360s
 21829183 6022774  789.00000   49   14  929.00000  770.00000  17.1%   6.4 6365s
 21846399 6027202  789.00000   58   16  929.00000  770.00000  17.1%   6.4 6370s
 21863353 6032197  869.00000   62    6  929.00000  770.00000  17.1%   6.4 6375s
 21880674 6037385  846.00000   72    9  929.00000  770.00000  17.1%   6.4 6380s
 21898196 6042134 infeasible   56       929.00000  770.00000  17.1%   6.4 6385s
 21916180 6046993  789.00000   60   11  929.00000  770.00000  17.1%   6.4 6390s
 21934798 6052564 infeasible   62       929.00000  770.00000  17.1%   6.4 6395s
 21951550 6056757 infeasible   64       929.00000  770.00000  17.1%   6.4 6400s
 21970810 6062653 infeasible   69       929.00000  770.00000  17.1%   6.4 6405s
 21988872 6068284  830.00000   68   11  929.00000  770.00000  17.1%   6.4 6410s
 22005135 6073050  815.00000   59   13  929.00000  770.00000  17.1%   6.4 6415s
 22023169 6078138  915.00000   79    4  929.00000  770.00000  17.1%   6.4 6420s
 22040682 6083563  770.00000   67   14  929.00000  770.00000  17.1%   6.4 6425s
 22056941 6088128  859.00000   73    9  929.00000  770.00000  17.1%   6.4 6430s
 22075063 6093254 infeasible   53       929.00000  770.00000  17.1%   6.4 6435s
 22092950 6099230  915.00000   71    4  929.00000  770.00000  17.1%   6.4 6440s
 22111152 6104681 infeasible   69       929.00000  770.28571  17.1%   6.4 6445s
 22128253 6108888 infeasible   67       929.00000  771.00000  17.0%   6.4 6450s
 22143714 6111961  830.00000   51    7  929.00000  771.00000  17.0%   6.4 6455s
 22159313 6115637  827.00000   60    8  929.00000  771.00000  17.0%   6.4 6460s
 22177587 6121158  846.00000   58    6  929.00000  771.00000  17.0%   6.4 6465s
 22194862 6126435 infeasible   62       929.00000  771.00000  17.0%   6.4 6470s
 22212759 6132074 infeasible   65       929.00000  771.00000  17.0%   6.4 6475s
 22230247 6136839  846.00000   65    9  929.00000  771.00000  17.0%   6.4 6480s
 22247642 6141426 infeasible   60       929.00000  771.00000  17.0%   6.4 6485s
 22265334 6146139  861.00000   66    6  929.00000  771.00000  17.0%   6.4 6490s
 22282498 6150726  871.00000   66    7  929.00000  771.00000  17.0%   6.4 6495s
 22300351 6155876 infeasible   63       929.00000  771.00000  17.0%   6.4 6500s
 22316678 6159949  778.00000   63   11  929.00000  771.00000  17.0%   6.4 6505s
 22335434 6165162 infeasible   72       929.00000  771.00000  17.0%   6.4 6510s
 22353344 6169884  813.00000   80   10  929.00000  771.00000  17.0%   6.4 6515s
 22370867 6174428  798.00000   64   12  929.00000  771.00000  17.0%   6.4 6520s
 22388227 6178842  820.00000   56   10  929.00000  771.00000  17.0%   6.4 6525s
 22404984 6183425  830.00000   54    8  929.00000  771.00000  17.0%   6.4 6530s
 22422761 6188116  771.00000   54   12  929.00000  771.00000  17.0%   6.4 6535s
 22440229 6192313  805.00000   55   10  929.00000  771.00000  17.0%   6.4 6540s
 22457645 6197022 infeasible   76       929.00000  771.00000  17.0%   6.4 6545s
 22474591 6201556 infeasible   56       929.00000  771.00000  17.0%   6.4 6550s
 22491697 6205415  808.00000   60   12  929.00000  771.00000  17.0%   6.4 6555s
 22509843 6210141  824.00000   62    9  929.00000  771.00000  17.0%   6.4 6560s
 22527172 6214676 infeasible   69       929.00000  771.00000  17.0%   6.4 6565s
 22545651 6219242  795.00000   58   10  929.00000  771.00000  17.0%   6.4 6570s
 22563198 6223832  879.00000   84    6  929.00000  771.00000  17.0%   6.4 6575s
 22582804 6229112  793.00000   57   12  929.00000  771.00000  17.0%   6.4 6580s
 22601141 6233469  845.00000   63   13  929.00000  771.00000  17.0%   6.4 6585s
 22618405 6237993  918.00000   88    2  929.00000  771.00000  17.0%   6.4 6590s
 22636769 6243237  785.00000   56   14  929.00000  771.00000  17.0%   6.4 6595s
 22653668 6248009 infeasible   66       929.00000  771.00000  17.0%   6.4 6600s
 22670049 6252602 infeasible   65       929.00000  771.00000  17.0%   6.4 6605s
 22687853 6257236 infeasible   55       929.00000  771.00000  17.0%   6.4 6610s
 22704514 6261702  820.00000   61   10  929.00000  771.00000  17.0%   6.4 6615s
 22721242 6266157  846.00000   55   10  929.00000  771.00000  17.0%   6.4 6620s
 22739972 6270966  815.00000   64   11  929.00000  771.00000  17.0%   6.4 6625s
 22757136 6275803  883.00000   73    6  929.00000  771.00000  17.0%   6.4 6630s
 22774100 6280167  771.00000   65   14  929.00000  771.00000  17.0%   6.4 6635s
 22791794 6284720 infeasible   72       929.00000  771.00000  17.0%   6.4 6640s
 22810331 6289574 infeasible   66       929.00000  771.00000  17.0%   6.4 6645s
 22827522 6294068  874.00000   67    8  929.00000  771.00000  17.0%   6.4 6650s
 22844440 6298539 infeasible   75       929.00000  771.00000  17.0%   6.4 6655s
 22861929 6303397  825.00000   64   10  929.00000  771.00000  17.0%   6.4 6660s
 22879944 6308509 infeasible   65       929.00000  771.28571  17.0%   6.4 6665s
 22899240 6313856  840.00000   70   11  929.00000  771.29167  17.0%   6.4 6670s
 22915513 6318102  871.00000   78    9  929.00000  772.00000  16.9%   6.4 6675s
 22931763 6321883  887.00000   63    4  929.00000  772.00000  16.9%   6.4 6680s
 22948762 6325683  815.00000   67   10  929.00000  772.00000  16.9%   6.4 6685s
 22966650 6330129  801.00000   64   10  929.00000  772.00000  16.9%   6.4 6690s
 22983474 6333726 infeasible   63       929.00000  772.00000  16.9%   6.4 6695s
 23000682 6337662  786.00000   68   16  929.00000  772.00000  16.9%   6.4 6700s
 23017739 6341901  856.00000   67    9  929.00000  772.00000  16.9%   6.4 6705s
 23034491 6345777 infeasible   79       929.00000  772.00000  16.9%   6.4 6710s
 23051544 6350445 infeasible   51       929.00000  772.00000  16.9%   6.4 6715s
 23067972 6354512 infeasible   67       929.00000  772.00000  16.9%   6.4 6720s
 23082590 6357302 infeasible   62       929.00000  772.00000  16.9%   6.4 6725s
 23097713 6361080 infeasible   55       929.00000  772.00000  16.9%   6.4 6730s
 23115848 6366430  871.00000   58    6  929.00000  772.00000  16.9%   6.4 6735s
 23132471 6371195  782.00000   61    9  929.00000  772.00000  16.9%   6.4 6740s
 23149224 6376226  820.00000   63    8  929.00000  772.00000  16.9%   6.4 6745s
 23166299 6381368  861.00000   63    6  929.00000  772.00000  16.9%   6.4 6750s
 23182230 6385140  787.00000   63   14  929.00000  772.00000  16.9%   6.4 6755s
 23198465 6389413  819.00000   59   10  929.00000  772.00000  16.9%   6.4 6760s
 23215272 6393570  805.00000   60   12  929.00000  772.00000  16.9%   6.4 6765s
 23231569 6398111  787.00000   59   13  929.00000  772.00000  16.9%   6.4 6770s
 23248067 6403009  772.00000   55   12  929.00000  772.00000  16.9%   6.4 6775s
 23264384 6407326 infeasible   70       929.00000  772.00000  16.9%   6.4 6780s
 23281409 6411612 infeasible   47       929.00000  772.00000  16.9%   6.4 6785s
 23297810 6416026 infeasible   65       929.00000  772.00000  16.9%   6.4 6790s
 23314186 6420966  871.00000   67    8  929.00000  772.00000  16.9%   6.4 6795s
 23330284 6424575 infeasible   54       929.00000  772.00000  16.9%   6.4 6800s
 23345923 6428583 infeasible   68       929.00000  772.00000  16.9%   6.4 6805s
 23362441 6432639 infeasible   66       929.00000  772.00000  16.9%   6.4 6810s
 23379486 6437777 infeasible   66       929.00000  772.00000  16.9%   6.4 6815s
 23395473 6442593 infeasible   79       929.00000  772.00000  16.9%   6.4 6820s
 23413461 6447809 infeasible   72       929.00000  772.00000  16.9%   6.4 6825s
 23430619 6452811 infeasible   63       929.00000  772.00000  16.9%   6.4 6830s
 23448260 6458018  907.00000   82    3  929.00000  772.00000  16.9%   6.4 6835s
 23463145 6461507  801.00000   66   10  929.00000  772.00000  16.9%   6.4 6840s
 23479407 6465660  802.00000   56   12  929.00000  772.00000  16.9%   6.4 6845s
 23496200 6470314  851.00000   64    6  929.00000  772.00000  16.9%   6.4 6850s
 23512413 6475167  772.00000   54   12  929.00000  772.00000  16.9%   6.4 6855s
 23529680 6480021 infeasible   68       929.00000  772.00000  16.9%   6.4 6860s
 23546038 6484351  792.00000   60   13  929.00000  772.00000  16.9%   6.4 6865s
 23564077 6488957  801.00000   55    9  929.00000  772.00000  16.9%   6.4 6870s
 23580944 6493658 infeasible   64       929.00000  772.00000  16.9%   6.4 6875s
 23596016 6497143  821.00000   63   11  929.00000  772.00000  16.9%   6.4 6880s
 23612396 6501680 infeasible   63       929.00000  772.00000  16.9%   6.4 6885s
 23628422 6506125  846.00000   68    9  929.00000  772.00000  16.9%   6.4 6890s
 23645028 6511399  801.00000   60    8  929.00000  772.00000  16.9%   6.4 6895s
 23662343 6516635 infeasible   65       929.00000  772.00000  16.9%   6.4 6900s
 23678356 6521261  861.00000   62    9  929.00000  772.00000  16.9%   6.4 6905s
 23695303 6526239  836.00000   53    7  929.00000  772.00000  16.9%   6.4 6910s
 23712241 6530706 infeasible   54       929.00000  772.00000  16.9%   6.4 6915s
 23728182 6535188 infeasible   68       929.00000  772.00000  16.9%   6.4 6920s
 23744427 6539823  846.00000   60   10  929.00000  772.00000  16.9%   6.4 6925s
 23761863 6544945 infeasible   60       929.00000  772.00000  16.9%   6.4 6930s
 23777340 6549295 infeasible   51       929.00000  772.00000  16.9%   6.4 6935s
 23794219 6554504 infeasible   61       929.00000  772.00000  16.9%   6.4 6940s
 23810280 6559228  826.00000   55    7  929.00000  772.00000  16.9%   6.4 6945s
 23827306 6564389  864.00000   67    5  929.00000  772.00000  16.9%   6.4 6950s
 23844270 6569674  817.00000   59    9  929.00000  772.00000  16.9%   6.4 6955s
 23861581 6574846 infeasible   67       929.00000  772.00000  16.9%   6.4 6960s
 23877763 6580035 infeasible   72       929.00000  772.00000  16.9%   6.4 6965s
 23894391 6584851  871.00000   62    9  929.00000  772.00000  16.9%   6.4 6970s
 23911043 6589772 infeasible   70       929.00000  772.00000  16.9%   6.4 6975s
 23926805 6594652  871.00000   65    5  929.00000  772.00000  16.9%   6.4 6980s
 23944150 6599940 infeasible   72       929.00000  772.00000  16.9%   6.4 6985s
 23961245 6604987  772.00000   51   12  929.00000  772.00000  16.9%   6.4 6990s
 23976722 6609209 infeasible   57       929.00000  772.00000  16.9%   6.4 6995s
 23994797 6614295 infeasible   75       929.00000  772.00000  16.9%   6.4 7000s
 24011190 6619030  791.00000   51    9  929.00000  772.00000  16.9%   6.4 7005s
 24027479 6623604  817.00000   61    8  929.00000  772.00000  16.9%   6.4 7010s
 24045013 6628394 infeasible   63       929.00000  772.00000  16.9%   6.4 7015s
 24061507 6633489 infeasible   58       929.00000  772.00000  16.9%   6.4 7020s
 24077523 6637482  846.00000   62    9  929.00000  772.00000  16.9%   6.4 7025s
 24094800 6642790  903.00000   72    3  929.00000  772.00000  16.9%   6.4 7030s
 24111972 6647642 infeasible   70       929.00000  772.00000  16.9%   6.4 7035s
 24128545 6652291 infeasible   68       929.00000  772.00000  16.9%   6.4 7040s
 24144728 6656719  803.00000   64    9  929.00000  772.00000  16.9%   6.4 7045s
 24162015 6661853  798.00000   61   12  929.00000  772.00000  16.9%   6.4 7050s
 24178247 6666059  846.00000   63    9  929.00000  772.00000  16.9%   6.4 7055s
 24194802 6670822  846.00000   63   10  929.00000  772.00000  16.9%   6.4 7060s
 24213003 6676393 infeasible   66       929.00000  772.00000  16.9%   6.4 7065s
 24230078 6681535 infeasible   65       929.00000  772.00000  16.9%   6.4 7070s
 24247340 6686648  794.00000   55   12  929.00000  772.00000  16.9%   6.4 7075s
 24264553 6691758 infeasible   59       929.00000  772.00000  16.9%   6.4 7080s
 24281115 6696150  772.00000   59   14  929.00000  772.00000  16.9%   6.4 7085s
 24296855 6699523  772.00000   54   11  929.00000  772.00000  16.9%   6.4 7090s
 24314445 6704414  893.00000   75    4  929.00000  772.00000  16.9%   6.4 7095s
 24331412 6709101 infeasible   63       929.00000  772.00000  16.9%   6.4 7100s
 24347886 6713803 infeasible   59       929.00000  772.00000  16.9%   6.4 7105s
 24365081 6718903  903.00000   70    5  929.00000  772.00000  16.9%   6.4 7110s
 24381342 6723264 infeasible   65       929.00000  772.00000  16.9%   6.4 7115s
 24397464 6728119  772.00000   57    9  929.00000  772.00000  16.9%   6.4 7120s
 24413492 6732572  783.00000   56    9  929.00000  772.00000  16.9%   6.4 7125s
 24428455 6736256 infeasible   76       929.00000  772.00000  16.9%   6.4 7130s
 24444724 6741089 infeasible   59       929.00000  772.00000  16.9%   6.4 7135s
 24459572 6744849  841.00000   60    8  929.00000  772.00000  16.9%   6.4 7140s
 24476913 6749248 infeasible   47       929.00000  772.00000  16.9%   6.4 7145s
 24493320 6754095 infeasible   79       929.00000  772.00000  16.9%   6.4 7150s
 24510218 6758686  840.00000   63   12  929.00000  772.00000  16.9%   6.4 7155s
 24525703 6762588 infeasible   59       929.00000  772.00000  16.9%   6.4 7160s
 24540562 6766796  844.00000   61    7  929.00000  772.00000  16.9%   6.4 7165s
 24558426 6771460  788.00000   59   12  929.00000  772.00000  16.9%   6.4 7170s
 24576110 6776173 infeasible   58       929.00000  772.00000  16.9%   6.4 7175s
 24593164 6781007  788.00000   61   16  929.00000  772.00000  16.9%   6.4 7180s
 24611239 6785669  827.00000   75    9  929.00000  772.00000  16.9%   6.4 7185s
 24627689 6789992 infeasible   83       929.00000  772.00000  16.9%   6.4 7190s
 24645658 6794731  817.00000   62   12  929.00000  772.00000  16.9%   6.4 7195s

Cutting planes:
  Cover: 2
  MIR: 3
  Flow cover: 8
  Relax-and-lift: 2

Explored 24663650 nodes (158486064 simplex iterations) in 7200.00 seconds (6065.15 work units)
Thread count was 1 (of 96 available processors)

Solution count 4: 929 929 929 931 

Time limit reached
Best objective 9.289999995350e+02, best bound 7.720000000000e+02, gap 16.8999%
WARNING: Loading a SolverResults object with an 'aborted' status, but
    containing a solution
Time: 7208.15 sec, Objective: 928.9999995350094, Termination: maxTimeLimit

========== Running GDP Models ==========

[GDP] Scheduling Data 9 | Model: General Precedence GDP | Transformation: gdp.bigm
Set parameter TokenServer to value "mooring.ecn.purdue.edu"
Read LP format model from file /tmp/tmpxsbp748m.pyomo.lp
Reading time = 0.00 seconds
x902: 1396 rows, 902 columns, 3601 nonzeros
Set parameter TimeLimit to value 7200
Set parameter Threads to value 1
Gurobi Optimizer version 11.0.0 build v11.0.0rc2 (linux64 - "Oracle Linux Server 9.5")

CPU model: AMD EPYC 7643 48-Core Processor, instruction set [SSE2|AVX|AVX2]
Thread count: 48 physical cores, 96 logical processors, using up to 1 threads

Optimize a model with 1396 rows, 902 columns and 3601 nonzeros
Model fingerprint: 0x527cef39
Variable types: 32 continuous, 870 integer (870 binary)
Coefficient statistics:
  Matrix range     [1e+00, 1e+03]
  Objective range  [1e+00, 1e+00]
  Bounds range     [1e+00, 1e+03]
  RHS range        [1e+00, 1e+03]
Presolve removed 652 rows and 521 columns
Presolve time: 0.00s
Presolved: 744 rows, 381 columns, 2188 nonzeros
Variable types: 31 continuous, 350 integer (350 binary)

Root relaxation: objective 5.110000e+02, 178 iterations, 0.00 seconds (0.00 work units)

    Nodes    |    Current Node    |     Objective Bounds      |     Work
 Expl Unexpl |  Obj  Depth IntInf | Incumbent    BestBd   Gap | It/Node Time

     0     0  511.00000    0   31          -  511.00000      -     -    0s
     0     0  511.00000    0   84          -  511.00000      -     -    0s
     0     0  511.00000    0   81          -  511.00000      -     -    0s
     0     0  511.00000    0   40          -  511.00000      -     -    0s
     0     0  511.00000    0   53          -  511.00000      -     -    0s
     0     0  511.00000    0   57          -  511.00000      -     -    0s
     0     0  511.00000    0   46          -  511.00000      -     -    0s
     0     2  511.00000    0   44          -  511.00000      -     -    0s
H10222  5855                     958.0000000  533.00000  44.4%   4.7    4s
H10222  5562                     861.0000000  533.00000  38.1%   4.7    5s
H10379  5338                     860.9999999  533.00000  38.1%   4.8    5s
H17760  6215                     853.0000000  533.00000  37.5%   5.4    8s
 21502  6408  675.00000   41   12  853.00000  536.00000  37.2%   5.6   10s
 36501 11410  598.00000   43   17  853.00000  545.00000  36.1%   5.7   15s
H37619 11934                     852.9999999  547.00000  35.9%   5.7   15s
 49387 16153  643.00000   48   15  853.00000  554.00000  35.1%   5.8   20s
 66057 22958 infeasible   54       853.00000  558.00000  34.6%   5.8   25s
 83333 30250  760.00000   61    7  853.00000  562.00000  34.1%   5.7   30s
 100396 37451  730.00000   72    7  853.00000  566.00000  33.6%   5.7   35s
 117094 44465  609.00000   50   15  853.00000  568.00000  33.4%   5.7   40s
 132389 50945 infeasible   58       853.00000  571.00000  33.1%   5.7   45s
 148517 57273  628.00000   46   14  853.00000  574.00000  32.7%   5.7   50s
 164083 63875  679.00000   54   14  853.00000  576.00000  32.5%   5.7   55s
 180954 70880 infeasible   89       853.00000  579.00000  32.1%   5.6   60s
 196586 77511  621.00000   44   16  853.00000  581.00000  31.9%   5.6   65s
 212633 83930  806.00000   65    4  853.00000  583.00000  31.7%   5.6   70s
 229242 90758  626.00000   45   15  853.00000  585.00000  31.4%   5.6   75s
 244686 96861  746.00000   45   12  853.00000  587.00000  31.2%   5.6   80s
 261663 104153  746.00000   56    8  853.00000  588.00000  31.1%   5.6   85s
 277498 110972  793.00000   68    5  853.00000  590.00000  30.8%   5.6   90s
 294514 118695  793.00000   48    8  853.00000  591.00000  30.7%   5.5   95s
 310064 125296  691.00000   54   16  853.00000  592.00000  30.6%   5.5  100s
 326845 132986  617.00000   46   16  853.00000  593.00000  30.5%   5.5  105s
 343891 141278 infeasible   71       853.00000  593.00000  30.5%   5.5  110s
 361902 149783 infeasible   68       853.00000  594.00000  30.4%   5.5  115s
 378426 157212  791.00000   69    5  853.00000  595.00000  30.2%   5.5  120s
 394305 164374 infeasible   44       853.00000  596.00000  30.1%   5.5  125s
 410498 170798  716.00000   62   14  853.00000  597.00000  30.0%   5.5  130s
 425769 177048 infeasible   61       853.00000  598.00000  29.9%   5.5  135s
 442750 184045  599.00000   57   24  853.00000  599.00000  29.8%   5.5  140s
 459478 191383  632.00000   43   21  853.00000  599.00000  29.8%   5.4  145s
 475175 198413  746.00000   50    9  853.00000  600.00000  29.7%   5.5  150s
 492197 205493  761.00000   66    5  853.00000  601.00000  29.5%   5.4  155s
 507980 212030  617.00000   48   17  853.00000  602.00000  29.4%   5.5  160s
 523652 218551  748.00000   58   10  853.00000  603.00000  29.3%   5.5  165s
 539940 225316  654.00000   53   25  853.00000  604.00000  29.2%   5.4  170s
 555921 232572  780.00000   56    8  853.00000  604.00000  29.2%   5.5  175s
 573710 240465  746.00000   63    9  853.00000  605.00000  29.1%   5.4  180s
 589528 247296 infeasible   49       853.00000  605.00000  29.1%   5.4  185s
 607194 255457  698.00000   43   21  853.00000  605.44444  29.0%   5.4  190s
 623022 261933 infeasible   55       853.00000  606.00000  29.0%   5.4  195s
 639666 269383  734.00000   48   17  853.00000  606.00000  29.0%   5.4  200s
 655720 276483  714.00000   64   13  853.00000  607.00000  28.8%   5.4  205s
 672491 283533  642.00000   55   28  853.00000  607.00000  28.8%   5.4  210s
 687895 290316  729.00000   59   19  853.00000  608.00000  28.7%   5.4  215s
 705734 298002  699.00000   60   18  853.00000  608.00000  28.7%   5.4  220s
 722600 305200  717.00000   55   14  853.00000  609.00000  28.6%   5.4  225s
 739110 312325  658.00000   48   13  853.00000  609.00000  28.6%   5.4  230s
 755546 319362  610.00000   51   15  853.00000  610.00000  28.5%   5.4  235s
 771895 326824 infeasible   52       853.00000  610.00000  28.5%   5.4  240s
 789333 335008  661.00000   58   27  853.00000  610.00000  28.5%   5.4  245s
 804852 341471  782.00000   59    7  853.00000  611.00000  28.4%   5.4  250s
 821660 348471  691.00000   52   22  853.00000  612.00000  28.3%   5.4  255s
 837888 355192  667.00000   50   15  853.00000  612.00000  28.3%   5.4  260s
 854703 362676 infeasible   63       853.00000  613.00000  28.1%   5.4  265s
 870918 369688  673.00000   53   13  853.00000  613.00000  28.1%   5.4  270s
 888010 377645  652.00000   51   18  853.00000  613.00000  28.1%   5.4  275s
 904514 384655 infeasible   60       853.00000  614.00000  28.0%   5.4  280s
 920605 391516  774.00000   69    7  853.00000  614.00000  28.0%   5.4  285s
 937276 398528  727.00000   59   12  853.00000  615.00000  27.9%   5.4  290s
 952975 404799  716.00000   64   13  853.00000  615.00000  27.9%   5.4  295s
 969852 412236  691.00000   56   18  853.00000  615.00000  27.9%   5.4  300s
 986364 418768  747.00000   50    8  853.00000  616.00000  27.8%   5.3  305s
 1003413 426611  668.00000   51   12  853.00000  616.00000  27.8%   5.3  310s
 1020468 434220  697.00000   57   12  853.00000  616.00000  27.8%   5.3  315s
 1037445 441328  650.00000   50   17  853.00000  617.00000  27.7%   5.3  320s
 1053993 448461  714.00000   47   15  853.00000  617.00000  27.7%   5.3  325s
 1071038 456291 infeasible   50       853.00000  617.00000  27.7%   5.3  330s
 1088914 464002 infeasible   62       853.00000  618.00000  27.5%   5.3  335s
 1104837 470597 infeasible   63       853.00000  618.00000  27.5%   5.3  340s
 1121411 477946 infeasible   59       853.00000  618.00000  27.5%   5.3  345s
 1139140 486310 infeasible   68       853.00000  618.00000  27.5%   5.3  350s
 1156846 494520 infeasible   49       853.00000  619.00000  27.4%   5.3  355s
 1173352 501474  740.00000   56   13  853.00000  619.00000  27.4%   5.3  360s
 1189664 508208  669.00000   53   14  853.00000  619.00000  27.4%   5.3  365s
 1207437 515838 infeasible   78       853.00000  619.00000  27.4%   5.3  370s
 1223620 522893  661.00000   42   14  853.00000  620.00000  27.3%   5.3  375s
 1240301 530182  746.00000   54   13  853.00000  620.00000  27.3%   5.3  380s
 1256666 536948  759.00000   57   11  853.00000  620.00000  27.3%   5.3  385s
 1274052 544034  643.00000   50   16  853.00000  621.00000  27.2%   5.3  390s
 1290012 550856 infeasible   59       853.00000  621.00000  27.2%   5.3  395s
 1305492 556825  714.00000   47   13  853.00000  621.00000  27.2%   5.3  400s
 1321567 562925  686.00000   49   13  853.00000  621.00000  27.2%   5.3  405s
 1337247 568626  671.00000   68   18  853.00000  621.00000  27.2%   5.3  410s
 1354259 574894  748.00000   60   11  853.00000  622.00000  27.1%   5.3  415s
 1369942 581110 infeasible   52       853.00000  622.00000  27.1%   5.3  420s
 1386583 587392  664.00000   50   12  853.00000  622.00000  27.1%   5.3  425s
 1402664 593840  712.00000   64   10  853.00000  622.00000  27.1%   5.3  430s
 1419327 601294  722.00000   75    9  853.00000  622.00000  27.1%   5.3  435s
 1435502 608243  656.00000   51   16  853.00000  623.00000  27.0%   5.3  440s
 1452554 615229 infeasible   86       853.00000  623.00000  27.0%   5.3  445s
 1468616 622316 infeasible   56       853.00000  623.00000  27.0%   5.3  450s
 1485901 630068 infeasible   63       853.00000  623.00000  27.0%   5.3  455s
 1502592 637384  718.00000   71   14  853.00000  623.00000  27.0%   5.3  460s
 1520543 646169  770.00000   58    7  853.00000  623.20000  26.9%   5.3  465s
 1537991 653831 infeasible   58       853.00000  624.00000  26.8%   5.3  470s
 1554284 661096  732.00000   50   14  853.00000  624.00000  26.8%   5.3  475s
 1572033 669162  666.00000   46   14  853.00000  624.00000  26.8%   5.3  480s
 1589046 676626  641.00000   54   16  853.00000  624.00000  26.8%   5.3  485s
 1605773 683903 infeasible   66       853.00000  624.00000  26.8%   5.2  490s
 1622826 690711 infeasible   56       853.00000  625.00000  26.7%   5.2  495s
 1638504 697801  746.00000   56    9  853.00000  625.00000  26.7%   5.3  500s
 1656717 706576  716.00000   59   14  853.00000  625.00000  26.7%   5.2  505s
 1673969 714223 infeasible   59       853.00000  625.00000  26.7%   5.2  510s
 1692677 722712  714.00000   73   13  853.00000  625.00000  26.7%   5.2  515s
 1710227 730273  682.00000   58   18  853.00000  625.00000  26.7%   5.2  520s
 1725720 736664  759.00000   49    9  853.00000  626.00000  26.6%   5.2  525s
 1743099 744758  822.00000   65    4  853.00000  626.00000  26.6%   5.2  530s
 1760000 752905 infeasible   66       853.00000  626.00000  26.6%   5.2  535s
 1777870 761936 infeasible   52       853.00000  626.00000  26.6%   5.2  540s
 1795597 769077 infeasible   61       853.00000  626.00000  26.6%   5.2  545s
 1811992 775636 infeasible   66       853.00000  627.00000  26.5%   5.2  550s
 1828128 781496  714.00000   59   11  853.00000  627.00000  26.5%   5.2  555s
 1844500 787723  746.00000   82    9  853.00000  627.00000  26.5%   5.2  560s
 1861751 794454 infeasible   66       853.00000  628.00000  26.4%   5.2  565s
 1879318 802392  628.00000   46   14  853.00000  628.00000  26.4%   5.2  570s
 1895034 809178  780.00000   80    6  853.00000  628.00000  26.4%   5.2  575s
 1912991 817187 infeasible   73       853.00000  628.00000  26.4%   5.2  580s
 1928671 822215 infeasible   56       853.00000  629.00000  26.3%   5.2  585s
 1946018 830133  787.00000   70   10  853.00000  629.00000  26.3%   5.2  590s
 1962481 837173  651.00000   54   13  853.00000  629.00000  26.3%   5.2  595s
 1978675 844543  685.00000   56   15  853.00000  629.00000  26.3%   5.2  600s
 1996309 852001  709.00000   55   16  853.00000  629.00000  26.3%   5.2  605s
 2013221 859222  759.00000   68   11  853.00000  630.00000  26.1%   5.2  610s
 2029940 867083  738.00000   62   14  853.00000  630.00000  26.1%   5.2  615s
 2045688 873934 infeasible   60       853.00000  630.00000  26.1%   5.2  620s
 2062174 881230 infeasible   64       853.00000  630.00000  26.1%   5.2  625s
 2078535 888358  696.00000   47   11  853.00000  630.00000  26.1%   5.2  630s
 2095709 895196 infeasible   52       853.00000  630.00000  26.1%   5.2  635s
 2112614 902680  774.00000   71    7  853.00000  630.00000  26.1%   5.2  640s
 2129249 909236 infeasible   91       853.00000  630.00000  26.1%   5.2  645s
 2146890 916377  646.00000   62   20  853.00000  630.00000  26.1%   5.2  650s
 2163095 922549  759.00000   57   14  853.00000  631.00000  26.0%   5.2  655s
 2179112 929171  747.00000   50   13  853.00000  631.00000  26.0%   5.2  660s
 2196388 936356  640.00000   49   14  853.00000  631.00000  26.0%   5.2  665s
 2213678 943794  721.00000   60   18  853.00000  631.00000  26.0%   5.2  670s
 2230380 950576 infeasible   70       853.00000  631.00000  26.0%   5.2  675s
 2247124 957708  789.00000   81    5  853.00000  631.00000  26.0%   5.2  680s
 2266699 966759 infeasible   68       853.00000  631.00000  26.0%   5.2  685s
 2284128 974191  736.00000   61   12  853.00000  631.00000  26.0%   5.2  690s
 2300522 980853 infeasible   66       853.00000  632.00000  25.9%   5.2  695s
 2317254 988018  746.00000   49    9  853.00000  632.00000  25.9%   5.2  700s
 2333595 994980  644.00000   48   15  853.00000  632.00000  25.9%   5.2  705s
 2349924 1002097 infeasible   57       853.00000  632.00000  25.9%   5.2  710s
 2367556 1009483  748.00000   61   13  853.00000  632.00000  25.9%   5.2  715s
 2383840 1015829 infeasible   70       853.00000  632.00000  25.9%   5.2  720s
 2401060 1022426 infeasible   70       853.00000  633.00000  25.8%   5.2  725s
 2417822 1029412  699.00000   51   18  853.00000  633.00000  25.8%   5.2  730s
 2434176 1036613 infeasible   56       853.00000  633.00000  25.8%   5.2  735s
 2451054 1044145 infeasible   55       853.00000  633.00000  25.8%   5.2  740s
 2469581 1052444 infeasible   69       853.00000  633.00000  25.8%   5.1  745s
 2486097 1059664  820.00000   70    3  853.00000  633.00000  25.8%   5.1  750s
 2503360 1067396  722.00000   76    9  853.00000  633.00000  25.8%   5.1  755s
 2521313 1075315  668.00000   73   17  853.00000  633.00000  25.8%   5.1  760s
 2538390 1082313  633.00000   57   27  853.00000  633.00000  25.8%   5.1  765s
 2555595 1088708  716.00000   57   16  853.00000  634.00000  25.7%   5.1  770s
 2571195 1094984 infeasible   63       853.00000  634.00000  25.7%   5.1  775s
 2587575 1101729  710.00000   49    9  853.00000  634.00000  25.7%   5.1  780s
 2603668 1108358  820.00000   63    8  853.00000  634.00000  25.7%   5.1  785s
 2620756 1115702  717.00000   50   13  853.00000  634.00000  25.7%   5.1  790s
 2637786 1122873  722.00000   78   11  853.00000  634.00000  25.7%   5.1  795s
 2655035 1130369 infeasible   75       853.00000  634.00000  25.7%   5.1  800s
 2673418 1138634  648.00000   57   21  853.00000  634.00000  25.7%   5.1  805s
 2691903 1147007  649.00000   70   15  853.00000  634.00000  25.7%   5.1  810s
 2710627 1154479  725.00000   63   12  853.00000  634.00000  25.7%   5.1  815s
 2728787 1161995 infeasible   88       853.00000  634.00000  25.7%   5.1  820s
 2746818 1168503  634.00000   60   19  853.00000  634.00000  25.7%   5.1  825s
 2764711 1175702  716.00000   69    9  853.00000  634.00000  25.7%   5.1  830s
 2783613 1183820 infeasible   67       853.00000  634.00000  25.7%   5.1  835s
 2801813 1190949  731.00000   69   12  853.00000  634.00000  25.7%   5.1  840s
 2818175 1197106  700.00000   60   12  853.00000  635.00000  25.6%   5.1  845s
 2835479 1204019  780.00000   58    6  853.00000  635.00000  25.6%   5.1  850s
 2851084 1209582  735.00000   68   11  853.00000  635.00000  25.6%   5.1  855s
 2867569 1215698  764.00000   65   11  853.00000  635.00000  25.6%   5.1  860s
 2883756 1222323  775.00000   52   10  853.00000  635.00000  25.6%   5.1  865s
 2901061 1229478 infeasible   61       853.00000  635.00000  25.6%   5.1  870s
 2917708 1236379 infeasible   68       853.00000  635.00000  25.6%   5.1  875s
 2933698 1242831  678.00000   49   14  853.00000  635.00000  25.6%   5.1  880s
 2950589 1250147 infeasible   71       853.00000  635.00000  25.6%   5.1  885s
 2966940 1257094 infeasible   70       853.00000  635.00000  25.6%   5.1  890s
 2983309 1263675 infeasible   69       853.00000  635.00000  25.6%   5.1  895s
 3000933 1271136 infeasible   86       853.00000  635.00000  25.6%   5.1  900s
 3018951 1278637  756.00000   85    8  853.00000  635.00000  25.6%   5.1  905s
H3029303 1282827                     852.9999995  635.00000  25.6%   5.0  908s
 3034385 1284617  643.00000   58   18  853.00000  635.00000  25.6%   5.0  910s
 3053230 1292828  737.00000   68   15  853.00000  635.00000  25.6%   5.0  915s
 3070206 1299799  654.00000   44   15  853.00000  636.00000  25.4%   5.0  920s
 3087300 1307085  701.00000   52   13  853.00000  636.00000  25.4%   5.0  925s
 3103461 1314023  718.00000   53   11  853.00000  636.00000  25.4%   5.0  930s
 3119057 1320084 infeasible   52       853.00000  636.00000  25.4%   5.0  935s
 3136571 1327650  670.00000   55   19  853.00000  636.00000  25.4%   5.0  940s
H3149078 1332867                     852.9999993  636.00000  25.4%   5.0  944s
 3151229 1333806  809.00000   73    5  853.00000  636.00000  25.4%   5.0  945s
 3169288 1341542  747.00000   60    9  853.00000  636.00000  25.4%   5.0  950s
 3185979 1349164 infeasible   63       853.00000  636.00000  25.4%   5.1  955s
 3203813 1357064  759.00000   52   11  853.00000  636.00000  25.4%   5.0  960s
 3220547 1363646  756.00000   69   10  853.00000  636.00000  25.4%   5.0  965s
 3237462 1370824  666.00000   60   19  853.00000  636.00000  25.4%   5.0  970s
 3255248 1377314  687.00000   49   12  853.00000  637.00000  25.3%   5.0  975s
 3271112 1383977 infeasible   55       853.00000  637.00000  25.3%   5.0  980s
 3288266 1391808  729.00000   53   11  853.00000  637.00000  25.3%   5.0  985s
 3303685 1397875 infeasible   65       853.00000  637.00000  25.3%   5.0  990s
 3320618 1405179  780.00000   55    6  853.00000  637.00000  25.3%   5.0  995s
 3337150 1412239 infeasible   57       853.00000  637.00000  25.3%   5.0 1000s
 3353791 1419772  759.00000   53   13  853.00000  637.00000  25.3%   5.0 1005s
 3372187 1427782  709.00000   51   10  853.00000  637.00000  25.3%   5.0 1010s
 3389771 1435573  685.00000   63   19  853.00000  637.00000  25.3%   5.0 1015s
 3406499 1442789  655.00000   53   13  853.00000  638.00000  25.2%   5.0 1020s
 3422195 1449656  655.00000   45   14  853.00000  638.00000  25.2%   5.0 1025s
 3439714 1457375  715.00000   44   11  853.00000  638.00000  25.2%   5.0 1030s
 3455725 1464293 infeasible   54       853.00000  638.00000  25.2%   5.0 1035s
 3472602 1471088  790.00000   58   10  853.00000  638.00000  25.2%   5.0 1040s
 3488486 1477946  761.00000   63   12  853.00000  638.00000  25.2%   5.1 1045s
 3506481 1486270 infeasible   72       853.00000  638.00000  25.2%   5.1 1050s
 3523278 1492407  638.00000   57   22  853.00000  638.00000  25.2%   5.0 1055s
 3541210 1500076  714.00000   69   10  853.00000  638.00000  25.2%   5.0 1060s
 3558090 1507504  643.00000   54   20  853.00000  638.00000  25.2%   5.0 1065s
 3574187 1514266  690.00000   53   14  853.00000  639.00000  25.1%   5.0 1070s
 3591055 1521148 infeasible   47       853.00000  639.00000  25.1%   5.0 1075s
 3607742 1528403  775.00000   58    7  853.00000  639.00000  25.1%   5.0 1080s
 3624063 1535701  704.00000   45   11  853.00000  639.00000  25.1%   5.0 1085s
 3640699 1542855  793.00000   71    6  853.00000  639.00000  25.1%   5.0 1090s
 3658207 1550409  718.00000   50   12  853.00000  639.00000  25.1%   5.0 1095s
 3674947 1556729  681.00000   72   17  853.00000  639.00000  25.1%   5.0 1100s
 3691554 1561947 infeasible   67       853.00000  639.00000  25.1%   5.0 1105s
 3706769 1568212 infeasible   62       853.00000  640.00000  25.0%   5.0 1110s
 3724059 1575647  716.00000   56   19  853.00000  640.00000  25.0%   5.0 1115s
 3741851 1582991  770.00000   60    6  853.00000  640.00000  25.0%   5.0 1120s
 3758419 1589626  793.00000   70    6  853.00000  640.00000  25.0%   5.0 1125s
 3774818 1596165 infeasible   62       853.00000  640.00000  25.0%   5.0 1130s
 3792089 1603446 infeasible   70       853.00000  640.00000  25.0%   5.0 1135s
 3809024 1610521  760.00000   62    9  853.00000  640.00000  25.0%   5.0 1140s
 3825612 1617581  725.00000   63   13  853.00000  640.00000  25.0%   5.0 1145s
 3842962 1623702  710.00000   64   11  853.00000  640.00000  25.0%   5.0 1150s
 3860219 1630113 infeasible   61       853.00000  640.00000  25.0%   5.0 1155s
 3877103 1636677  676.00000   50   13  853.00000  640.76923  24.9%   5.0 1160s
 3893418 1643741  714.00000   61   16  853.00000  641.00000  24.9%   5.0 1165s
 3909408 1650114 infeasible   87       853.00000  641.00000  24.9%   5.0 1170s
 3925460 1656486  641.00000   46   15  853.00000  641.00000  24.9%   5.0 1175s
 3942723 1664350  727.00000   68   14  853.00000  641.00000  24.9%   5.0 1180s
 3959209 1671836  822.00000   80    4  853.00000  641.00000  24.9%   5.0 1185s
 3976614 1679691  666.00000   47   13  853.00000  641.00000  24.9%   5.0 1190s
 3994846 1688003  793.00000   76    6  853.00000  641.00000  24.9%   5.0 1195s
 4011428 1695407 infeasible   55       853.00000  641.00000  24.9%   5.0 1200s
 4029594 1703869  716.00000   51   13  853.00000  641.00000  24.9%   5.0 1205s
 4046700 1712023 infeasible   57       853.00000  641.00000  24.9%   5.0 1210s
 4065061 1720367 infeasible   65       853.00000  641.00000  24.9%   5.0 1215s
 4082079 1728515  650.00000   53   15  853.00000  641.00000  24.9%   5.0 1220s
 4099412 1735847  676.00000   67   12  853.00000  641.00000  24.9%   5.0 1225s
 4116086 1742965  641.00000   58   20  853.00000  641.00000  24.9%   5.0 1230s
 4132218 1749226  724.00000   63   13  853.00000  641.00000  24.9%   5.0 1235s
 4150740 1757268 infeasible  106       853.00000  641.00000  24.9%   5.0 1240s
 4167832 1763973  660.00000   54   28  853.00000  641.00000  24.9%   5.0 1245s
 4184012 1769983  732.00000   64   14  853.00000  642.00000  24.7%   5.0 1250s
 4199554 1776255  691.00000   54   12  853.00000  642.00000  24.7%   5.0 1255s
 4216615 1783654  783.00000   72    6  853.00000  642.00000  24.7%   5.0 1260s
 4233914 1791602  786.00000   71    5  853.00000  642.00000  24.7%   5.0 1265s
 4252018 1800606  732.00000   59   11  853.00000  642.00000  24.7%   5.0 1270s
 4268416 1808137  753.00000   55   10  853.00000  642.00000  24.7%   5.0 1275s
 4286543 1816803  716.00000   81   11  853.00000  642.00000  24.7%   5.0 1280s
 4304488 1825296  772.00000   51   12  853.00000  642.00000  24.7%   5.0 1285s
 4321496 1832744  729.00000   61    9  853.00000  642.00000  24.7%   5.0 1290s
 4338131 1839140  671.00000   43   13  853.00000  642.00000  24.7%   5.0 1295s
 4355074 1845799  680.00000   67   14  853.00000  642.00000  24.7%   5.0 1300s
 4371735 1852629  754.00000   78   12  853.00000  642.00000  24.7%   5.0 1305s
 4388846 1859128  716.00000   57   15  853.00000  642.00000  24.7%   5.0 1310s
 4405965 1866132 infeasible   62       853.00000  642.00000  24.7%   5.0 1315s
 4423709 1873508 infeasible   67       853.00000  642.00000  24.7%   5.0 1320s
 4440946 1880848  824.00000   64    3  853.00000  642.00000  24.7%   5.0 1325s
 4456659 1887065  748.00000   59    9  853.00000  643.00000  24.6%   5.0 1330s
 4473113 1893803  761.00000   59   12  853.00000  643.00000  24.6%   5.0 1335s
 4489576 1901016  756.00000   51   11  853.00000  643.00000  24.6%   5.0 1340s
 4506259 1908339  643.00000   66   14  853.00000  643.00000  24.6%   5.0 1345s
 4522816 1916171  837.00000   73    2  853.00000  643.00000  24.6%   5.0 1350s
 4541182 1924935  655.00000   49   15  853.00000  643.00000  24.6%   5.0 1355s
 4557605 1932258  707.00000   63   14  853.00000  643.00000  24.6%   5.0 1360s
 4575578 1939880  783.00000   68    6  853.00000  643.00000  24.6%   5.0 1365s
 4592246 1947698  647.00000   64   17  853.00000  643.00000  24.6%   5.0 1370s
 4610082 1954677 infeasible   87       853.00000  643.00000  24.6%   5.0 1375s
 4626783 1961039 infeasible   83       853.00000  643.00000  24.6%   5.0 1380s
 4644372 1968516 infeasible   63       853.00000  643.00000  24.6%   5.0 1385s
 4661163 1975454 infeasible   61       853.00000  643.00000  24.6%   5.0 1390s
 4678658 1982473  696.00000   63   15  853.00000  643.00000  24.6%   5.0 1395s
 4695706 1989553  724.00000   71   14  853.00000  643.00000  24.6%   5.0 1400s
 4713635 1997021  722.00000   71   14  853.00000  643.00000  24.6%   5.0 1405s
 4730842 2004214  643.00000   63   21  853.00000  643.00000  24.6%   5.0 1410s
 4749216 2012298  676.00000   73   20  853.00000  643.20000  24.6%   5.0 1415s
 4765138 2018368  746.00000   59    9  853.00000  644.00000  24.5%   5.0 1420s
 4781325 2025510  699.00000   49   12  853.00000  644.00000  24.5%   5.0 1425s
 4798057 2032566  668.00000   53   12  853.00000  644.00000  24.5%   5.0 1430s
 4814616 2039717 infeasible   59       853.00000  644.00000  24.5%   5.0 1435s
 4831396 2046767 infeasible   63       853.00000  644.00000  24.5%   5.0 1440s
 4848139 2053259  708.00000   62   14  853.00000  644.00000  24.5%   5.0 1445s
 4864483 2059326  725.00000   68   13  853.00000  644.00000  24.5%   5.0 1450s
 4881403 2066649  750.00000   66   10  853.00000  645.00000  24.4%   5.0 1455s
 4897669 2073411 infeasible   53       853.00000  645.00000  24.4%   5.0 1460s
 4914254 2080128 infeasible   68       853.00000  645.00000  24.4%   5.0 1465s
 4930381 2086204  783.00000   68    6  853.00000  645.00000  24.4%   5.0 1470s
 4947192 2092608  745.00000   55    9  853.00000  645.00000  24.4%   5.0 1475s
 4963602 2098767  699.00000   55   12  853.00000  645.00000  24.4%   5.0 1480s
 4980754 2105822  745.00000   67   13  853.00000  645.00000  24.4%   5.0 1485s
 4997045 2112288 infeasible   86       853.00000  645.00000  24.4%   5.0 1490s
 5013736 2118757 infeasible   75       853.00000  645.00000  24.4%   5.0 1495s
 5030400 2124990  710.00000   71   14  853.00000  645.00000  24.4%   5.0 1500s
 5046663 2131377  795.00000   57    6  853.00000  645.76923  24.3%   5.0 1505s
 5062264 2137356  756.00000   53   12  853.00000  646.00000  24.3%   5.0 1510s
 5079350 2144244  761.00000   63    9  853.00000  646.00000  24.3%   5.0 1515s
 5095301 2150544  654.00000   47   12  853.00000  646.00000  24.3%   5.0 1520s
 5110711 2156557 infeasible   55       853.00000  646.00000  24.3%   5.0 1525s
 5127534 2163118  724.00000   46   11  853.00000  646.00000  24.3%   5.0 1530s
 5144048 2169542  646.00000   46   15  853.00000  646.00000  24.3%   5.0 1535s
 5159664 2175526  747.00000   62   12  853.00000  646.00000  24.3%   5.0 1540s
 5175547 2181791  646.00000   42   14  853.00000  646.00000  24.3%   5.0 1545s
 5192287 2188048 infeasible   61       853.00000  646.00000  24.3%   5.0 1550s
 5208959 2194487 infeasible   58       853.00000  646.00000  24.3%   5.0 1555s
 5225088 2201011 infeasible   58       853.00000  646.00000  24.3%   5.0 1560s
 5241478 2207657  773.00000   66    9  853.00000  646.00000  24.3%   5.0 1565s
 5258680 2214721  768.00000   68    7  853.00000  646.00000  24.3%   5.0 1570s
 5275152 2221484  756.00000   70    8  853.00000  646.00000  24.3%   5.0 1575s
 5290765 2227639 infeasible   63       853.00000  646.00000  24.3%   5.0 1580s
 5307417 2233893 infeasible   59       853.00000  646.00000  24.3%   5.0 1585s
 5324858 2241085 infeasible   69       853.00000  646.00000  24.3%   5.0 1590s
 5340463 2246925  775.00000   66   10  853.00000  646.00000  24.3%   5.0 1595s
 5356417 2252327 infeasible   60       853.00000  646.00000  24.3%   5.0 1600s
 5371999 2257760  714.00000   67   14  853.00000  646.00000  24.3%   5.0 1605s
 5388568 2263481  793.00000   62    7  853.00000  646.00000  24.3%   5.0 1610s
 5404918 2269244  696.00000   58   18  853.00000  646.00000  24.3%   5.0 1615s
 5421210 2274929  665.00000   53   20  853.00000  646.00000  24.3%   5.0 1620s
 5436602 2280502  700.00000   64   16  853.00000  646.00000  24.3%   5.0 1625s
 5453178 2287046  709.00000   71   16  853.00000  646.00000  24.3%   5.0 1630s
 5470450 2293166  714.00000   71   14  853.00000  646.00000  24.3%   5.0 1635s
 5486833 2299845  729.00000   67   15  853.00000  646.00000  24.3%   5.0 1640s
 5504735 2306984  677.00000   60   17  853.00000  646.00000  24.3%   5.0 1645s
 5521182 2313209  646.00000   57   19  853.00000  646.00000  24.3%   5.0 1650s
 5538107 2318660  716.00000   62   13  853.00000  646.00000  24.3%   5.0 1655s
 5555082 2325414  767.00000   67    9  853.00000  646.00000  24.3%   5.0 1660s
 5571598 2331717  723.00000   67   12  853.00000  647.00000  24.2%   5.0 1665s
 5587552 2337920 infeasible   61       853.00000  647.00000  24.2%   5.0 1670s
 5603404 2343380  728.00000   56   11  853.00000  647.00000  24.2%   5.0 1675s
 5618509 2349357 infeasible   64       853.00000  647.00000  24.2%   5.0 1680s
 5635354 2356117  746.00000   55   13  853.00000  647.00000  24.2%   5.0 1685s
 5652247 2362916  665.00000   48   14  853.00000  647.00000  24.2%   5.0 1690s
 5668790 2369645  647.00000   53   14  853.00000  647.00000  24.2%   5.0 1695s
 5684948 2376226 infeasible   50       853.00000  647.00000  24.2%   5.0 1700s
 5699951 2382186 infeasible   67       853.00000  647.00000  24.2%   5.0 1705s
H5715372 2388675                     852.9999990  647.00000  24.2%   5.0 1709s
 5715958 2388911  736.00000   93    8  853.00000  647.00000  24.2%   5.0 1710s
 5732421 2395746  647.00000   63   18  853.00000  647.00000  24.2%   5.0 1715s
 5750034 2403378  787.00000   73    5  853.00000  647.00000  24.2%   5.0 1720s
 5766025 2409962  748.00000   59   12  853.00000  647.00000  24.2%   5.0 1725s
 5783752 2417223  810.00000   91    4  853.00000  647.00000  24.2%   5.0 1730s
 5800298 2424067 infeasible   62       853.00000  647.00000  24.2%   5.0 1735s
 5817787 2431042  777.00000   78    7  853.00000  647.00000  24.2%   5.0 1740s
 5834916 2438164  714.00000   72   13  853.00000  647.00000  24.2%   5.0 1745s
 5852314 2444839  730.00000   66   11  853.00000  647.00000  24.2%   5.0 1750s
 5871272 2453005  779.00000   92    6  853.00000  647.00000  24.2%   5.0 1755s
 5888355 2460164  724.00000   69   13  853.00000  647.00000  24.2%   5.0 1760s
 5905606 2467390 infeasible   92       853.00000  647.00000  24.2%   5.0 1765s
 5922462 2474001  748.00000   76    9  853.00000  647.00000  24.2%   5.0 1770s
 5940811 2481950  775.00000   70    7  853.00000  647.00000  24.2%   5.0 1775s
 5958528 2488598  754.00000   80    7  853.00000  647.00000  24.2%   5.0 1780s
 5975229 2495111  697.00000   59   16  853.00000  647.00000  24.2%   5.0 1785s
 5992632 2502058  768.00000   68    6  853.00000  647.00000  24.2%   5.0 1790s
 6010118 2509034  756.00000   67    7  853.00000  647.00000  24.2%   5.0 1795s
 6025962 2514513  729.00000   74   12  853.00000  647.00000  24.2%   5.0 1800s
 6043734 2521470 infeasible   58       853.00000  648.00000  24.0%   5.0 1805s
 6060271 2527313  751.00000   66    9  853.00000  648.00000  24.0%   5.0 1810s
 6076272 2533253  714.00000   55   16  853.00000  648.00000  24.0%   5.0 1815s
 6092761 2539300  686.00000   51   14  853.00000  648.00000  24.0%   5.0 1820s
 6109879 2545466  761.00000   63    9  853.00000  648.00000  24.0%   5.0 1825s
 6126035 2550718  698.00000   56   15  853.00000  648.00000  24.0%   5.0 1830s
 6142227 2556794  648.00000   58   14  853.00000  648.00000  24.0%   5.0 1835s
 6159740 2563032 infeasible   38       853.00000  648.00000  24.0%   5.0 1840s
 6176375 2569880 infeasible   57       853.00000  648.00000  24.0%   5.0 1845s
 6193216 2576852  764.00000   63   11  853.00000  648.00000  24.0%   5.0 1850s
 6210009 2583445  746.00000   51    9  853.00000  648.00000  24.0%   5.0 1855s
 6226924 2590534 infeasible   66       853.00000  648.00000  24.0%   5.0 1860s
 6244326 2597951  779.00000   84    6  853.00000  648.00000  24.0%   5.0 1865s
 6261073 2604543 infeasible   69       853.00000  648.00000  24.0%   5.0 1870s
 6278239 2611591 infeasible   71       853.00000  648.00000  24.0%   5.0 1875s
 6295317 2618491  718.00000   77   11  853.00000  648.00000  24.0%   5.0 1880s
 6312621 2625411  700.00000   66   16  853.00000  648.00000  24.0%   5.0 1885s
 6329854 2631965  806.00000   68    4  853.00000  648.00000  24.0%   5.0 1890s
 6346075 2638060  671.00000   62   17  853.00000  648.00000  24.0%   5.0 1895s
 6363622 2644669 infeasible   72       853.00000  648.00000  24.0%   5.0 1900s
 6380432 2651203  714.00000   58   18  853.00000  648.00000  24.0%   5.0 1905s
 6397528 2658065 infeasible   64       853.00000  648.00000  24.0%   5.0 1910s
 6415071 2665487  717.80000   68   15  853.00000  648.00000  24.0%   5.0 1915s
 6432534 2672637  777.00000   74    8  853.00000  648.00000  24.0%   5.0 1920s
 6449903 2678718  669.00000   56   13  853.00000  648.00000  24.0%   4.9 1925s
 6467134 2685729 infeasible   69       853.00000  648.00000  24.0%   4.9 1930s
 6484266 2692948  752.00000   70   10  853.00000  648.00000  24.0%   4.9 1935s
 6501129 2699546  750.00000   76   12  853.00000  648.00000  24.0%   4.9 1940s
 6518701 2707369 infeasible   76       853.00000  648.00000  24.0%   4.9 1945s
 6535002 2713131  768.00000   78    6  853.00000  648.00000  24.0%   4.9 1950s
 6552412 2719984 infeasible   90       853.00000  648.00000  24.0%   4.9 1955s
 6570623 2727325  648.00000   57   21  853.00000  648.00000  24.0%   4.9 1960s
 6588832 2735465  727.00000   83   12  853.00000  648.00000  24.0%   4.9 1965s
 6608597 2744792  735.00000   77   16  853.00000  648.00000  24.0%   4.9 1970s
 6626594 2753611 infeasible   70       853.00000  648.00000  24.0%   4.9 1975s
 6645011 2761696  670.00000   57   17  853.00000  648.00000  24.0%   4.9 1980s
 6661814 2768249  662.00000   65   17  853.00000  649.00000  23.9%   4.9 1985s
 6677510 2774223  714.00000   64   19  853.00000  649.00000  23.9%   4.9 1990s
 6694751 2780607  743.00000   59   15  853.00000  649.00000  23.9%   4.9 1995s
 6711838 2787796  714.00000   70   12  853.00000  649.00000  23.9%   4.9 2000s
 6728618 2794796 infeasible   95       853.00000  649.00000  23.9%   4.9 2005s
 6745467 2801887 infeasible   59       853.00000  649.00000  23.9%   4.9 2010s
 6763063 2809044 infeasible   64       853.00000  649.00000  23.9%   4.9 2015s
 6779909 2816408 infeasible   66       853.00000  649.00000  23.9%   4.9 2020s
 6797163 2823467 infeasible   70       853.00000  649.00000  23.9%   4.9 2025s
 6814548 2831004  785.00000   64    8  853.00000  649.00000  23.9%   4.9 2030s
 6830432 2837762 infeasible   67       853.00000  649.00000  23.9%   4.9 2035s
 6847379 2844732  748.00000   75   13  853.00000  649.00000  23.9%   4.9 2040s
 6864571 2851733  748.00000   59   11  853.00000  649.00000  23.9%   4.9 2045s
 6880809 2857912  807.00000   58    5  853.00000  649.00000  23.9%   4.9 2050s
 6897904 2865019  730.00000   82    9  853.00000  649.00000  23.9%   4.9 2055s
 6914557 2872092  761.00000   65    8  853.00000  649.00000  23.9%   4.9 2060s
 6932507 2879758  699.00000   69   14  853.00000  649.00000  23.9%   4.9 2065s
 6949416 2887224 infeasible   73       853.00000  649.00000  23.9%   4.9 2070s
 6966935 2894403  724.00000   77    9  853.00000  649.00000  23.9%   4.9 2075s
 6984005 2900551 infeasible   54       853.00000  649.00000  23.9%   4.9 2080s
 7000442 2907868  773.00000   61   10  853.00000  649.00000  23.9%   4.9 2085s
 7017465 2914823  770.00000   83    7  853.00000  649.00000  23.9%   4.9 2090s
 7035062 2922383  759.00000   58   11  853.00000  649.00000  23.9%   4.9 2095s
 7051939 2929803  713.00000   55   11  853.00000  649.00000  23.9%   4.9 2100s
 7070281 2938395  666.00000   49   14  853.00000  649.00000  23.9%   4.9 2105s
 7087683 2945050 infeasible   67       853.00000  649.00000  23.9%   4.9 2110s
 7104639 2952046  664.00000   61   16  853.00000  649.00000  23.9%   4.9 2115s
 7121935 2959150 infeasible   52       853.00000  649.00000  23.9%   4.9 2120s
 7138673 2966271 infeasible   96       853.00000  649.00000  23.9%   4.9 2125s
 7156780 2972364  728.00000   74   12  853.00000  649.00000  23.9%   4.9 2130s
 7174868 2980100  741.00000   89   10  853.00000  649.00000  23.9%   4.9 2135s
 7191774 2986770  696.00000   65   16  853.00000  649.00000  23.9%   4.9 2140s
 7209306 2993456  649.00000   71   17  853.00000  649.00000  23.9%   4.9 2145s
 7226866 3000271 infeasible   69       853.00000  649.00000  23.9%   4.9 2150s
 7243740 3006875  732.00000   72   15  853.00000  649.00000  23.9%   4.9 2155s
 7261159 3012888 infeasible   73       853.00000  649.00000  23.9%   4.9 2160s
 7278082 3018235  812.00000   90    5  853.00000  649.00000  23.9%   4.9 2165s
 7295622 3023915 infeasible   79       853.00000  649.00000  23.9%   4.9 2170s
 7313815 3031105 infeasible   88       853.00000  649.00000  23.9%   4.9 2175s
 7333278 3040487  749.00000   79    9  853.00000  649.00000  23.9%   4.9 2180s
 7350063 3046842  700.00000   65   16  853.00000  649.00000  23.9%   4.9 2185s
 7366509 3053671  716.00000   72   13  853.00000  649.00000  23.9%   4.9 2190s
 7384737 3060846  694.00000   59   17  853.00000  649.00000  23.9%   4.9 2195s
 7401096 3066753  722.00000   75   10  853.00000  649.00000  23.9%   4.9 2200s
 7417999 3072753  714.00000   65   16  853.00000  649.00000  23.9%   4.9 2205s
 7437258 3079917  729.00000   79   11  853.00000  649.00000  23.9%   4.9 2210s
 7453403 3084467  672.00000   70   15  853.00000  649.00000  23.9%   4.9 2215s
 7471064 3091731 infeasible   76       853.00000  649.00000  23.9%   4.9 2220s
H7474758 3092541                     852.9996641  649.00000  23.9%   4.9 2221s
 7486785 3096274  783.00000   70    8  852.99966  649.00000  23.9%   4.9 2225s
 7504673 3102251  649.00000   58   19  852.99966  649.00000  23.9%   4.9 2230s
 7522044 3109311  649.00000   58   23  852.99966  649.00000  23.9%   4.9 2235s
 7539533 3114816  818.00000   84    4  852.99966  649.00000  23.9%   4.9 2240s
 7556734 3121157  704.00000   75   12  852.99966  649.00000  23.9%   4.8 2245s
 7573389 3126007 infeasible   72       852.99966  649.00000  23.9%   4.8 2250s
 7590870 3129186  740.00000   80    8  852.99966  649.00000  23.9%   4.8 2255s
 7608710 3135608 infeasible   82       852.99966  649.00000  23.9%   4.8 2260s
 7625690 3142507  716.00000   69   14  852.99966  649.00000  23.9%   4.8 2265s
 7642279 3148453  649.00000   75   28  852.99966  649.00000  23.9%   4.8 2270s
 7659508 3153664  733.00000   77    7  852.99966  649.00000  23.9%   4.8 2275s
 7676845 3159819 infeasible   78       852.99966  649.00000  23.9%   4.8 2280s
 7695091 3166714  716.00000   79   18  852.99966  649.00000  23.9%   4.8 2285s
 7712487 3172870  759.00000   88    9  852.99966  649.00000  23.9%   4.8 2290s
 7731101 3180479  755.00000   71   15  852.99966  649.00000  23.9%   4.8 2295s
 7748236 3186993  715.00000   65   15  852.99966  649.00000  23.9%   4.8 2300s
 7765350 3193842  747.00000   72   10  852.99966  649.00000  23.9%   4.8 2305s
 7782921 3199921 infeasible   71       852.99966  650.00000  23.8%   4.8 2310s
 7799037 3205717  749.00000   61    9  852.99966  650.00000  23.8%   4.8 2315s
 7815086 3211383  793.00000   58    9  852.99966  650.00000  23.8%   4.8 2320s
 7831382 3217873  655.00000   44   17  852.99966  650.00000  23.8%   4.8 2325s
 7847393 3224028 infeasible   59       852.99966  650.00000  23.8%   4.8 2330s
 7864532 3230797  782.00000   63    8  852.99966  650.00000  23.8%   4.8 2335s
 7881010 3237370  806.00000   62    6  852.99966  650.00000  23.8%   4.8 2340s
 7897889 3244803  761.00000   60   11  852.99966  650.00000  23.8%   4.8 2345s
 7914478 3251424 infeasible   75       852.99966  650.00000  23.8%   4.8 2350s
 7931567 3258890  761.00000   60   11  852.99966  650.00000  23.8%   4.8 2355s
 7949847 3266461  837.00000   64    3  852.99966  650.00000  23.8%   4.8 2360s
 7966519 3273297 infeasible   77       852.99966  650.00000  23.8%   4.8 2365s
 7982765 3279692 infeasible   51       852.99966  650.00000  23.8%   4.8 2370s
 8000281 3287521 infeasible   49       852.99966  650.00000  23.8%   4.8 2375s
 8019012 3296275  761.00000   67   10  852.99966  650.00000  23.8%   4.8 2380s
 8036493 3303401 infeasible   56       852.99966  650.00000  23.8%   4.8 2385s
 8053793 3309550  742.00000   74   10  852.99966  650.00000  23.8%   4.8 2390s
 8071663 3316920  758.00000   82    8  852.99966  650.00000  23.8%   4.8 2395s
 8090046 3324378  716.00000   78   17  852.99966  650.00000  23.8%   4.8 2400s
 8106573 3330557  746.00000   52   11  852.99966  650.00000  23.8%   4.8 2405s
 8125113 3337940 infeasible   74       852.99966  650.00000  23.8%   4.8 2410s
 8142328 3343404  693.00000   77   10  852.99966  650.00000  23.8%   4.8 2415s
 8160445 3349906  759.00000   83   11  852.99966  650.00000  23.8%   4.8 2420s
 8177854 3356303  716.00000   62   16  852.99966  650.00000  23.8%   4.8 2425s
 8194456 3362862  701.00000   61   17  852.99966  650.00000  23.8%   4.8 2430s
 8212448 3370217  746.00000   62   10  852.99966  650.00000  23.8%   4.8 2435s
 8230304 3377779 infeasible   91       852.99966  650.00000  23.8%   4.8 2440s
 8247446 3383989  666.00000   62   18  852.99966  650.00000  23.8%   4.8 2445s
 8264145 3390659  703.00000   63   13  852.99966  650.00000  23.8%   4.8 2450s
 8280512 3396894 infeasible   60       852.99966  650.00000  23.8%   4.8 2455s
 8298831 3404581  760.00000   80    8  852.99966  650.00000  23.8%   4.8 2460s
 8316365 3410707  724.00000   73   12  852.99966  650.00000  23.8%   4.8 2465s
 8334732 3418214  700.00000   76   13  852.99966  650.00000  23.8%   4.8 2470s
 8352518 3425625 infeasible   71       852.99966  650.00000  23.8%   4.8 2475s
 8369545 3431644  679.00000   64   17  852.99966  650.00000  23.8%   4.8 2480s
 8386079 3437400  719.00000   63   11  852.99966  650.00000  23.8%   4.8 2485s
 8403552 3442767  728.00000   78   11  852.99966  650.00000  23.8%   4.8 2490s
 8420806 3448548 infeasible   83       852.99966  650.00000  23.8%   4.8 2495s
 8437598 3454016 infeasible   77       852.99966  650.00000  23.8%   4.8 2500s
 8456074 3461128  729.00000   67   16  852.99966  650.00000  23.8%   4.8 2505s
 8474012 3468775  718.00000   68   12  852.99966  650.00000  23.8%   4.8 2510s
 8492860 3477105  767.00000   95    4  852.99966  650.00000  23.8%   4.8 2515s
 8512135 3485560  715.00000   64   15  852.99966  650.00000  23.8%   4.8 2520s
 8529850 3491747 infeasible   82       852.99966  650.00000  23.8%   4.8 2525s
 8546134 3496767  715.00000   65   11  852.99966  650.00000  23.8%   4.8 2530s
 8563450 3502119 infeasible   81       852.99966  650.00000  23.8%   4.8 2535s
 8580928 3508779  682.00000   80   13  852.99966  650.00000  23.8%   4.8 2540s
 8599930 3515839 infeasible   70       852.99966  650.00000  23.8%   4.8 2545s
 8616696 3521188  678.00000   74   18  852.99966  650.00000  23.8%   4.8 2550s
 8634012 3527238  728.00000   66   16  852.99966  650.00000  23.8%   4.8 2555s
 8651937 3533760  748.00000   79   12  852.99966  650.00000  23.8%   4.8 2560s
 8669339 3540416  675.00000   65   18  852.99966  650.00000  23.8%   4.8 2565s
 8686985 3546862  715.00000   72   14  852.99966  650.00000  23.8%   4.8 2570s
 8705743 3553950 infeasible   72       852.99966  650.00000  23.8%   4.8 2575s
 8722894 3559626  716.00000   68   13  852.99966  650.00000  23.8%   4.8 2580s
 8739809 3565776  674.00000   47   11  852.99966  651.00000  23.7%   4.8 2585s
 8755487 3571566 infeasible   50       852.99966  651.00000  23.7%   4.8 2590s
 8771339 3577096 infeasible   71       852.99966  651.00000  23.7%   4.8 2595s
 8788224 3584238  716.00000   68    8  852.99966  651.00000  23.7%   4.8 2600s
 8805094 3590949  734.00000   66   10  852.99966  651.00000  23.7%   4.8 2605s
 8821619 3598104  788.00000   51   11  852.99966  651.00000  23.7%   4.8 2610s
 8838185 3604609  700.00000   52   12  852.99966  651.00000  23.7%   4.8 2615s
 8855439 3611568  651.00000   65   18  852.99966  651.00000  23.7%   4.8 2620s
 8871664 3617963  722.00000   69   12  852.99966  651.00000  23.7%   4.8 2625s
 8888339 3624176 infeasible   77       852.99966  651.00000  23.7%   4.8 2630s
 8905580 3631394  763.00000   95    8  852.99966  651.00000  23.7%   4.8 2635s
 8922511 3638249  685.00000   71   17  852.99966  651.00000  23.7%   4.8 2640s
 8940406 3646364  720.00000   74   18  852.99966  651.00000  23.7%   4.8 2645s
 8957626 3653598  703.00000   73   12  852.99966  651.00000  23.7%   4.8 2650s
 8974567 3660376 infeasible   78       852.99966  651.00000  23.7%   4.8 2655s
 8992171 3667959  651.00000   54   16  852.99966  651.00000  23.7%   4.8 2660s
 9010002 3675513 infeasible  111       852.99966  651.00000  23.7%   4.8 2665s
 9028407 3683684 infeasible   73       852.99966  651.00000  23.7%   4.8 2670s
 9048099 3692264  736.00000   60    9  852.99966  651.00000  23.7%   4.8 2675s
 9066031 3700509  729.00000   74   14  852.99966  651.00000  23.7%   4.8 2680s
 9083861 3708200  716.00000   80   10  852.99966  651.00000  23.7%   4.8 2685s
 9101649 3716212 infeasible   84       852.99966  651.00000  23.7%   4.8 2690s
 9119584 3722234  764.00000   64    8  852.99966  651.00000  23.7%   4.7 2695s
 9137081 3729630  764.00000   73   14  852.99966  651.00000  23.7%   4.7 2700s
 9152892 3735329 infeasible   74       852.99966  651.00000  23.7%   4.7 2705s
 9170671 3742313  769.00000   92    7  852.99966  651.00000  23.7%   4.7 2710s
 9189205 3751128  716.00000   80   10  852.99966  651.00000  23.7%   4.7 2715s
 9209083 3760748  804.00000   93    4  852.99966  651.00000  23.7%   4.7 2720s
 9228241 3769162 infeasible   84       852.99966  651.00000  23.7%   4.7 2725s
 9246134 3775684  701.00000   74   14  852.99966  651.00000  23.7%   4.7 2730s
 9263405 3781840 infeasible   80       852.99966  651.00000  23.7%   4.7 2735s
 9281012 3788791  731.00000   78    9  852.99966  651.00000  23.7%   4.7 2740s
 9297429 3794906  670.00000   71   12  852.99966  651.00000  23.7%   4.7 2745s
 9315236 3801030 infeasible   85       852.99966  651.00000  23.7%   4.7 2750s
 9332425 3807586 infeasible   79       852.99966  651.00000  23.7%   4.7 2755s
 9350869 3815107  684.00000   64   21  852.99966  651.00000  23.7%   4.7 2760s
 9368798 3822556  666.00000   65   18  852.99966  651.00000  23.7%   4.7 2765s
 9386398 3829801  753.00000   66   11  852.99966  651.00000  23.7%   4.7 2770s
 9403294 3835933  767.00000   73    7  852.99966  651.00000  23.7%   4.7 2775s
 9420850 3842286  662.00000   62   21  852.99966  651.00000  23.7%   4.7 2780s
 9437905 3849205 infeasible   51       852.99966  652.00000  23.6%   4.7 2785s
 9452689 3854190  667.00000   48   13  852.99966  652.00000  23.6%   4.7 2790s
 9468345 3860208  698.00000   50   12  852.99966  652.00000  23.6%   4.7 2795s
 9484879 3866988  701.00000   67   15  852.99966  652.00000  23.6%   4.7 2800s
 9502019 3874797  772.00000   55   11  852.99966  652.00000  23.6%   4.7 2805s
 9518681 3881920  780.00000   72    6  852.99966  652.00000  23.6%   4.7 2810s
 9535233 3888319  750.00000   84    7  852.99966  652.00000  23.6%   4.7 2815s
 9551498 3894737  687.00000   64   12  852.99966  652.00000  23.6%   4.7 2820s
 9568067 3901861 infeasible   85       852.99966  652.00000  23.6%   4.7 2825s
 9585869 3909422  716.00000   62   13  852.99966  652.00000  23.6%   4.7 2830s
 9601809 3915236 infeasible   72       852.99966  652.00000  23.6%   4.7 2835s
 9618400 3922398 infeasible   72       852.99966  652.00000  23.6%   4.7 2840s
 9635499 3928863  759.00000   59   10  852.99966  652.00000  23.6%   4.7 2845s
 9651775 3935600 infeasible   70       852.99966  652.00000  23.6%   4.7 2850s
 9668597 3942408  652.00000   61   15  852.99966  652.00000  23.6%   4.7 2855s
 9685636 3949325  727.00000   61   18  852.99966  652.00000  23.6%   4.7 2860s
 9702671 3956205  716.00000   83    8  852.99966  652.00000  23.6%   4.7 2865s
 9719557 3962698  694.00000   55   13  852.99966  652.00000  23.6%   4.7 2870s
 9736272 3969406  742.00000   77   10  852.99966  652.00000  23.6%   4.7 2875s
 9752968 3974006  730.00000   73   15  852.99966  652.00000  23.6%   4.7 2880s
 9770027 3980696  663.00000   69   19  852.99966  652.00000  23.6%   4.7 2885s
 9785750 3986118 infeasible   77       852.99966  652.00000  23.6%   4.7 2890s
 9803263 3992509 infeasible   72       852.99966  652.00000  23.6%   4.7 2895s
 9820831 3998917  729.00000   82    9  852.99966  652.00000  23.6%   4.7 2900s
 9837535 4004392  776.00000   86    9  852.99966  652.00000  23.6%   4.7 2905s
 9854255 4008937 infeasible  100       852.99966  652.00000  23.6%   4.7 2910s
 9871947 4015491  765.00000   78    7  852.99966  652.00000  23.6%   4.7 2915s
 9889065 4020899  722.00000   62   13  852.99966  652.00000  23.6%   4.7 2920s
 9904211 4024794 infeasible   83       852.99966  652.31579  23.5%   4.7 2925s
 9921747 4030735  693.00000   45   11  852.99966  653.00000  23.4%   4.7 2930s
 9938625 4038789  746.00000   54   13  852.99966  653.00000  23.4%   4.7 2935s
 9956473 4046992  670.00000   51   14  852.99966  653.00000  23.4%   4.7 2940s
 9973482 4055046  775.00000   57    8  852.99966  653.00000  23.4%   4.7 2945s
 9990207 4062731  653.00000   48   21  852.99966  653.00000  23.4%   4.7 2950s
 10006447 4069559  701.00000   54   16  852.99966  653.00000  23.4%   4.7 2955s
 10022861 4076692  766.00000   51   10  852.99966  653.00000  23.4%   4.7 2960s
 10040093 4084020  691.00000   53   13  852.99966  653.00000  23.4%   4.7 2965s
 10055700 4090746  737.00000   62   15  852.99966  653.00000  23.4%   4.7 2970s
 10072707 4097550 infeasible   49       852.99966  653.00000  23.4%   4.7 2975s
 10089071 4104780  668.00000   56   13  852.99966  653.00000  23.4%   4.7 2980s
 10106644 4112107  773.00000   64    9  852.99966  653.00000  23.4%   4.7 2985s
 10123064 4118827 infeasible   75       852.99966  653.00000  23.4%   4.7 2990s
 10140612 4126589 infeasible   68       852.99966  653.00000  23.4%   4.7 2995s
 10158220 4134119  797.00000   89    6  852.99966  653.00000  23.4%   4.7 3000s
 10174628 4140687  699.00000   78   10  852.99966  653.00000  23.4%   4.7 3005s
 10190873 4146878  748.00000   68   11  852.99966  653.00000  23.4%   4.7 3010s
 10208313 4154077  666.00000   75   12  852.99966  653.00000  23.4%   4.7 3015s
 10226373 4161034  756.00000   88    7  852.99966  653.00000  23.4%   4.7 3020s
 10244213 4168577  653.00000   54   22  852.99966  653.00000  23.4%   4.7 3025s
 10260298 4174484  762.00000   47    9  852.99966  654.00000  23.3%   4.7 3030s
 10277072 4180998  709.00000   54   17  852.99966  654.00000  23.3%   4.7 3035s
 10294129 4188223  669.00000   57   15  852.99966  654.00000  23.3%   4.7 3040s
 10310328 4195335  748.00000   64    9  852.99966  654.00000  23.3%   4.7 3045s
 10327111 4202120  721.00000   47   12  852.99966  654.00000  23.3%   4.7 3050s
 10343262 4208820  693.00000   64   15  852.99966  654.00000  23.3%   4.7 3055s
 10360289 4216302 infeasible   47       852.99966  654.00000  23.3%   4.7 3060s
 10376317 4223126  761.00000   48   13  852.99966  654.00000  23.3%   4.7 3065s
 10392412 4229897 infeasible   66       852.99966  654.00000  23.3%   4.7 3070s
 10409699 4237012  761.00000   57    8  852.99966  654.00000  23.3%   4.7 3075s
 10426626 4244300  748.00000   66   12  852.99966  654.00000  23.3%   4.7 3080s
 10442997 4251410  833.00000   98    3  852.99966  654.00000  23.3%   4.7 3085s
 10460256 4259504  711.00000   53   11  852.99966  654.00000  23.3%   4.7 3090s
 10476845 4266745 infeasible   83       852.99966  654.00000  23.3%   4.7 3095s
 10494489 4274228 infeasible   72       852.99966  654.00000  23.3%   4.7 3100s
 10511419 4281332 infeasible   71       852.99966  654.00000  23.3%   4.7 3105s
 10527911 4288358 infeasible   58       852.99966  654.00000  23.3%   4.7 3110s
 10545186 4296583 infeasible   63       852.99966  654.00000  23.3%   4.7 3115s
 10563064 4304371 infeasible   66       852.99966  654.00000  23.3%   4.7 3120s
 10580601 4311943  790.00000   85    8  852.99966  654.00000  23.3%   4.7 3125s
 10597868 4319635  775.00000   66    7  852.99966  654.00000  23.3%   4.7 3130s
 10615498 4326585  721.00000   67   13  852.99966  654.00000  23.3%   4.7 3135s
 10632729 4333611  721.00000   71   12  852.99966  654.00000  23.3%   4.7 3140s
 10649631 4340307 infeasible   64       852.99966  654.00000  23.3%   4.7 3145s
 10667478 4347413  769.00000   88    7  852.99966  654.00000  23.3%   4.7 3150s
 10684975 4354714  654.00000   55   25  852.99966  654.00000  23.3%   4.7 3155s
 10702636 4362123  767.00000   82   12  852.99966  654.00000  23.3%   4.7 3160s
 10721241 4369616  654.00000   56   20  852.99966  654.00000  23.3%   4.7 3165s
 10737938 4376357  796.00000   74    7  852.99966  654.00000  23.3%   4.7 3170s
 10756860 4383189  777.00000   91    8  852.99966  654.00000  23.3%   4.7 3175s
 10774152 4390029  679.00000   59   22  852.99966  654.00000  23.3%   4.7 3180s
 10790981 4397454 infeasible   74       852.99966  654.00000  23.3%   4.7 3185s
 10809938 4405195 infeasible   60       852.99966  654.00000  23.3%   4.7 3190s
 10829109 4414787  728.00000   65   13  852.99966  654.00000  23.3%   4.7 3195s
 10846150 4422358 infeasible   71       852.99966  655.00000  23.2%   4.7 3200s
 10861965 4429153  714.00000   58   13  852.99966  655.00000  23.2%   4.7 3205s
 10878494 4436040  656.00000   54   12  852.99966  655.00000  23.2%   4.7 3210s
 10895451 4442636  700.00000   69   13  852.99966  655.00000  23.2%   4.7 3215s
 10912189 4448913 infeasible   80       852.99966  655.00000  23.2%   4.7 3220s
 10927209 4454881  748.00000   60    9  852.99966  655.00000  23.2%   4.7 3225s
 10943972 4461257  777.00000   50    9  852.99966  655.00000  23.2%   4.7 3230s
 10959403 4467309 infeasible   63       852.99966  655.00000  23.2%   4.7 3235s
 10976366 4474089 infeasible   74       852.99966  655.00000  23.2%   4.7 3240s
 10993175 4481512  773.00000   59    7  852.99966  655.00000  23.2%   4.7 3245s
 11009349 4488343  809.00000   65    6  852.99966  655.00000  23.2%   4.7 3250s
 11025855 4495156 infeasible   99       852.99966  655.00000  23.2%   4.7 3255s
 11042453 4502087 infeasible   78       852.99966  655.00000  23.2%   4.7 3260s
 11058757 4508797 infeasible   69       852.99966  655.00000  23.2%   4.7 3265s
 11076400 4517022 infeasible   53       852.99966  655.00000  23.2%   4.7 3270s
 11093868 4525387 infeasible   65       852.99966  655.00000  23.2%   4.7 3275s
 11111641 4533567  729.00000   51   10  852.99966  655.00000  23.2%   4.7 3280s
 11127032 4540582  759.00000   63    8  852.99966  655.00000  23.2%   4.7 3285s
 11144032 4547724 infeasible   72       852.99966  655.00000  23.2%   4.7 3290s
 11161273 4555417  748.00000   82   11  852.99966  655.00000  23.2%   4.7 3295s
 11177331 4561368 infeasible   62       852.99966  655.00000  23.2%   4.7 3300s
 11194087 4567287  771.00000   90    6  852.99966  655.00000  23.2%   4.7 3305s
 11209392 4572486 infeasible   73       852.99966  655.00000  23.2%   4.7 3310s
 11226145 4578955 infeasible   76       852.99966  655.00000  23.2%   4.7 3315s
 11242106 4584077  793.00000   62    7  852.99966  655.00000  23.2%   4.7 3320s
 11258663 4589940 infeasible   78       852.99966  655.00000  23.2%   4.7 3325s
 11274751 4595729  710.00000   66   14  852.99966  655.00000  23.2%   4.7 3330s
 11292204 4601857 infeasible   68       852.99966  655.00000  23.2%   4.7 3335s
 11308907 4608316  787.00000  102    5  852.99966  655.00000  23.2%   4.7 3340s
 11327276 4616425  721.00000   73   12  852.99966  655.00000  23.2%   4.7 3345s
 11344665 4623030  695.00000   76   13  852.99966  655.00000  23.2%   4.7 3350s
 11363230 4630019 infeasible   86       852.99966  655.00000  23.2%   4.7 3355s
 11380288 4636040  687.00000   82   14  852.99966  655.00000  23.2%   4.7 3360s
 11399253 4644585  706.00000   51   11  852.99966  655.20000  23.2%   4.7 3365s
 11415217 4650699  725.00000   71   12  852.99966  656.00000  23.1%   4.7 3370s
 11430944 4656541  673.00000   53   13  852.99966  656.00000  23.1%   4.7 3375s
 11446495 4662464  656.00000   58   22  852.99966  656.00000  23.1%   4.7 3380s
 11463134 4668481 infeasible   66       852.99966  656.00000  23.1%   4.7 3385s
 11478454 4674371 infeasible   54       852.99966  656.00000  23.1%   4.7 3390s
 11494508 4680219  656.00000   69   17  852.99966  656.00000  23.1%   4.7 3395s
 11511323 4686327 infeasible   65       852.99966  656.00000  23.1%   4.7 3400s
 11527679 4692943  761.00000   58    9  852.99966  656.00000  23.1%   4.7 3405s
 11543331 4699396 infeasible   63       852.99966  656.00000  23.1%   4.7 3410s
 11560861 4707059  670.00000   48   13  852.99966  656.00000  23.1%   4.7 3415s
 11576891 4713916  722.00000   78   10  852.99966  656.00000  23.1%   4.7 3420s
 11592990 4720724 infeasible   66       852.99966  656.00000  23.1%   4.7 3425s
 11609923 4727594  680.00000   53   26  852.99966  656.00000  23.1%   4.7 3430s
 11626894 4734535 infeasible   54       852.99966  656.00000  23.1%   4.7 3435s
 11644196 4742595 infeasible   47       852.99966  656.00000  23.1%   4.7 3440s
 11659796 4748880  735.00000   75    9  852.99966  656.00000  23.1%   4.7 3445s
 11676556 4755882 infeasible   44       852.99966  656.00000  23.1%   4.7 3450s
 11693488 4762825  723.00000   57   11  852.99966  656.00000  23.1%   4.7 3455s
 11710734 4770449 infeasible   76       852.99966  656.00000  23.1%   4.7 3460s
 11728135 4777988  716.00000   75   13  852.99966  656.00000  23.1%   4.7 3465s
 11745248 4785917 infeasible   60       852.99966  656.00000  23.1%   4.7 3470s
 11762706 4793567  820.00000   87    5  852.99966  656.00000  23.1%   4.7 3475s
 11779147 4800126  756.00000   73    8  852.99966  656.00000  23.1%   4.7 3480s
 11795473 4806460  698.00000   66   15  852.99966  656.00000  23.1%   4.7 3485s
 11811686 4812625 infeasible   72       852.99966  656.00000  23.1%   4.7 3490s
 11827739 4818283  671.00000   62   18  852.99966  656.00000  23.1%   4.7 3495s
 11845031 4824564  692.00000   62   15  852.99966  656.00000  23.1%   4.7 3500s
 11861430 4830790 infeasible   67       852.99966  656.00000  23.1%   4.7 3505s
 11878969 4837277 infeasible   63       852.99966  656.00000  23.1%   4.7 3510s
 11897048 4844034  672.00000   71   17  852.99966  656.00000  23.1%   4.7 3515s
 11913877 4849769 infeasible   77       852.99966  656.00000  23.1%   4.7 3520s
 11929935 4854675 infeasible   84       852.99966  656.00000  23.1%   4.7 3525s
 11946768 4860855 infeasible   83       852.99966  656.00000  23.1%   4.7 3530s
 11964697 4867012  706.00000   66   13  852.99966  656.00000  23.1%   4.7 3535s
 11981356 4872357  721.00000   66   19  852.99966  656.00000  23.1%   4.7 3540s
 11998512 4878571  719.00000   60   12  852.99966  656.00000  23.1%   4.7 3545s
 12015371 4884512  688.00000   62   18  852.99966  656.00000  23.1%   4.7 3550s
 12031838 4890002  769.00000   92    8  852.99966  656.00000  23.1%   4.7 3555s
 12050246 4897203  809.00000   65    4  852.99966  656.09375  23.1%   4.7 3560s
 12066752 4903255  729.00000   72   14  852.99966  656.20000  23.1%   4.7 3565s
 12084312 4909677  729.00000   72   10  852.99966  656.20000  23.1%   4.7 3570s
 12101440 4915079 infeasible   75       852.99966  656.20000  23.1%   4.7 3575s
 12118696 4919682 infeasible   61       852.99966  656.20000  23.1%   4.7 3580s
 12135820 4923680  716.00000   78   15  852.99966  656.20000  23.1%   4.7 3585s
 12152380 4928124  729.00000   73   11  852.99966  656.20000  23.1%   4.7 3590s
 12168855 4932538  716.00000   63   11  852.99966  656.20000  23.1%   4.7 3595s
 12186613 4938614  659.00000   67   16  852.99966  656.20000  23.1%   4.7 3600s
 12202045 4941564  729.00000   68   13  852.99966  656.20000  23.1%   4.7 3605s
 12219011 4948772 infeasible   56       852.99966  657.00000  23.0%   4.7 3610s
 12234835 4954910 infeasible   80       852.99966  657.00000  23.0%   4.7 3615s
 12251338 4961439  769.00000   86    7  852.99966  657.00000  23.0%   4.7 3620s
 12268294 4968475  767.00000   71    9  852.99966  657.00000  23.0%   4.7 3625s
 12284586 4975272  699.00000   54   13  852.99966  657.00000  23.0%   4.7 3630s
 12300473 4981786  785.00000   67   12  852.99966  657.00000  23.0%   4.7 3635s
 12316383 4988330 infeasible   75       852.99966  657.00000  23.0%   4.7 3640s
 12333832 4995942  748.00000   64   13  852.99966  657.00000  23.0%   4.7 3645s
 12350005 5003016 infeasible   66       852.99966  657.00000  23.0%   4.7 3650s
 12366704 5009286 infeasible   51       852.99966  657.00000  23.0%   4.7 3655s
 12383869 5016476 infeasible   76       852.99966  657.00000  23.0%   4.7 3660s
 12400732 5023674  747.00000   91    9  852.99966  657.00000  23.0%   4.7 3665s
 12417392 5030491 infeasible   69       852.99966  657.00000  23.0%   4.7 3670s
 12434101 5037327  737.00000   69   13  852.99966  657.00000  23.0%   4.7 3675s
 12450325 5043423 infeasible   69       852.99966  657.00000  23.0%   4.7 3680s
 12466734 5050413  715.00000   57   17  852.99966  657.00000  23.0%   4.7 3685s
 12484394 5057775 infeasible   55       852.99966  657.00000  23.0%   4.7 3690s
 12500415 5064320 infeasible   72       852.99966  657.00000  23.0%   4.7 3695s
 12517261 5071613  697.00000   55   11  852.99966  657.00000  23.0%   4.7 3700s
 12534512 5079477 infeasible   81       852.99966  657.00000  23.0%   4.7 3705s
 12550970 5086213  722.00000   76   10  852.99966  657.00000  23.0%   4.7 3710s
 12567928 5092333 infeasible   79       852.99966  657.00000  23.0%   4.7 3715s
 12584067 5098445  799.00000   64    5  852.99966  657.00000  23.0%   4.7 3720s
 12600340 5104795  772.00000   73    9  852.99966  657.00000  23.0%   4.7 3725s
 12617381 5111132  707.00000   65   15  852.99966  657.00000  23.0%   4.7 3730s
 12633187 5116186 infeasible   62       852.99966  657.00000  23.0%   4.7 3735s
 12649671 5121956 infeasible   64       852.99966  657.00000  23.0%   4.7 3740s
 12665697 5127740 infeasible   76       852.99966  657.00000  23.0%   4.7 3745s
 12681731 5132668  707.00000   58   13  852.99966  657.00000  23.0%   4.7 3750s
 12698166 5138729 infeasible   90       852.99966  657.00000  23.0%   4.7 3755s
 12715354 5145173  699.00000   60   17  852.99966  657.00000  23.0%   4.7 3760s
 12731299 5149970  761.00000   68   10  852.99966  657.00000  23.0%   4.7 3765s
 12747764 5155482  769.00000   70    6  852.99966  657.00000  23.0%   4.7 3770s
 12763885 5161055  750.00000   60   12  852.99966  657.00000  23.0%   4.7 3775s
 12780733 5166723  784.00000   91    9  852.99966  657.00000  23.0%   4.7 3780s
 12797736 5172336  681.00000   58   18  852.99966  657.00000  23.0%   4.7 3785s
 12813652 5178131  737.00000   69   16  852.99966  657.00000  23.0%   4.7 3790s
 12830755 5183584  746.00000   78   12  852.99966  657.00000  23.0%   4.7 3795s
 12847095 5188869 infeasible   69       852.99966  657.00000  23.0%   4.7 3800s
 12864063 5194643 infeasible   91       852.99966  657.00000  23.0%   4.7 3805s
 12880740 5200523  763.00000   68    8  852.99966  657.00000  23.0%   4.7 3810s
 12896942 5206503  741.00000   72    9  852.99966  657.00000  23.0%   4.7 3815s
 12914897 5214029  710.00000   74   11  852.99966  657.00000  23.0%   4.7 3820s
 12931898 5220784  721.00000   70   16  852.99966  657.01810  23.0%   4.7 3825s
 12948307 5227438 infeasible   73       852.99966  658.00000  22.9%   4.7 3830s
 12964662 5233331  706.00000   68   13  852.99966  658.00000  22.9%   4.7 3835s
 12980563 5239532 infeasible   54       852.99966  658.00000  22.9%   4.7 3840s
 12997085 5246503 infeasible   57       852.99966  658.00000  22.9%   4.7 3845s
 13013091 5253295 infeasible   73       852.99966  658.00000  22.9%   4.7 3850s
 13029068 5259304  715.00000   61   11  852.99966  658.00000  22.9%   4.7 3855s
 13045724 5265894  741.00000   56   11  852.99966  658.00000  22.9%   4.7 3860s
 13061545 5272243  667.00000   43   16  852.99966  658.00000  22.9%   4.7 3865s
 13078534 5279252  726.00000   70    9  852.99966  658.00000  22.9%   4.7 3870s
 13094597 5286144  747.00000   92    7  852.99966  658.00000  22.9%   4.7 3875s
 13111812 5293412  795.00000   63    5  852.99966  658.00000  22.9%   4.7 3880s
 13128776 5300549 infeasible   77       852.99966  658.00000  22.9%   4.7 3885s
 13145364 5307817  759.00000   66    9  852.99966  658.00000  22.9%   4.7 3890s
 13161575 5314692  747.00000   61    8  852.99966  658.00000  22.9%   4.7 3895s
 13177960 5322051 infeasible   51       852.99966  658.00000  22.9%   4.7 3900s
 13194985 5328666 infeasible   80       852.99966  658.00000  22.9%   4.7 3905s
 13211113 5335132 infeasible   61       852.99966  658.00000  22.9%   4.7 3910s
 13228363 5342434  673.00000   53   18  852.99966  658.00000  22.9%   4.7 3915s
 13245313 5349654 infeasible   76       852.99966  658.00000  22.9%   4.7 3920s
 13261568 5356231  683.00000   74   14  852.99966  658.00000  22.9%   4.7 3925s
 13277903 5363132 infeasible   54       852.99966  658.00000  22.9%   4.7 3930s
 13294769 5370518  764.00000   74    8  852.99966  658.00000  22.9%   4.7 3935s
 13311692 5377323  679.00000   57   13  852.99966  658.00000  22.9%   4.7 3940s
 13328220 5383164  782.00000   83    5  852.99966  658.00000  22.9%   4.7 3945s
 13344564 5389278  674.00000   74   12  852.99966  658.00000  22.9%   4.7 3950s
 13361609 5395480 infeasible   63       852.99966  658.00000  22.9%   4.7 3955s
 13378232 5401495  658.00000   61   17  852.99966  658.00000  22.9%   4.7 3960s
 13394226 5407002  732.00000   80   10  852.99966  658.00000  22.9%   4.7 3965s
 13411245 5413522 infeasible   68       852.99966  658.00000  22.9%   4.7 3970s
 13427682 5419551  708.00000   75   14  852.99966  658.00000  22.9%   4.7 3975s
 13444500 5425854  765.00000   70    9  852.99966  658.00000  22.9%   4.7 3980s
 13460658 5432260  714.00000   76   15  852.99966  658.00000  22.9%   4.7 3985s
 13476762 5437910  732.00000   73   14  852.99966  658.00000  22.9%   4.7 3990s
 13494102 5443982 infeasible   70       852.99966  658.00000  22.9%   4.7 3995s
 13509202 5449151  733.00000   75   12  852.99966  658.00000  22.9%   4.7 4000s
 13526306 5454965  756.00000   67   10  852.99966  658.00000  22.9%   4.7 4005s
 13542665 5460261 infeasible   65       852.99966  658.00000  22.9%   4.7 4010s
 13559580 5466195  723.00000   79    9  852.99966  658.00000  22.9%   4.7 4015s
 13576171 5472722 infeasible   72       852.99966  658.00000  22.9%   4.7 4020s
 13593380 5479113 infeasible   72       852.99966  658.00000  22.9%   4.7 4025s
 13610721 5485730  737.00000   73   11  852.99966  658.00000  22.9%   4.7 4030s
 13627581 5490464  741.00000   64   10  852.99966  658.00000  22.9%   4.7 4035s
 13644091 5496264  674.00000   63   15  852.99966  658.00000  22.9%   4.7 4040s
 13660899 5502748  768.00000   77    9  852.99966  658.00000  22.9%   4.7 4045s
 13678459 5509201  658.00000   69   13  852.99966  658.00000  22.9%   4.7 4050s
 13694733 5514224  705.00000   65   15  852.99966  658.00000  22.9%   4.7 4055s
 13711543 5520399  762.00000   89    8  852.99966  658.00000  22.9%   4.7 4060s
 13728950 5527047  740.00000   74    9  852.99966  658.00000  22.9%   4.7 4065s
 13745166 5533336 infeasible   80       852.99966  658.00000  22.9%   4.7 4070s
 13762968 5540938  741.00000   77    8  852.99966  658.00000  22.9%   4.7 4075s
 13779919 5546782 infeasible   62       852.99966  658.00000  22.9%   4.7 4080s
 13796633 5552975  797.00000   66   10  852.99966  658.00000  22.9%   4.7 4085s
 13812473 5558804 infeasible   80       852.99966  658.00000  22.9%   4.7 4090s
 13830726 5566203  723.00000   79   12  852.99966  658.00000  22.9%   4.7 4095s
 13847522 5573167  735.00000   64   13  852.99966  658.00000  22.9%   4.7 4100s
 13864171 5578646 infeasible   78       852.99966  658.00000  22.9%   4.7 4105s
 13880825 5582700  764.00000   72    7  852.99966  658.00000  22.9%   4.7 4110s
 13898118 5589351  717.00000   70   13  852.99966  658.00000  22.9%   4.7 4115s
 13915528 5596620 infeasible   77       852.99966  658.00000  22.9%   4.7 4120s
 13931778 5602316 infeasible   75       852.99966  658.00000  22.9%   4.7 4125s
 13949692 5608804 infeasible   92       852.99966  658.00000  22.9%   4.7 4130s
 13966537 5612642  715.00000   82   13  852.99966  658.00000  22.9%   4.7 4135s
 13983050 5616567  706.00000   73   12  852.99966  658.00000  22.9%   4.7 4140s
 13999817 5621531  770.00000   80    6  852.99966  658.00000  22.9%   4.7 4145s
 14017159 5627710 infeasible   81       852.99966  658.00000  22.9%   4.7 4150s
 14035024 5634675  781.00000   87    5  852.99966  658.00000  22.9%   4.7 4155s
 14050870 5639725 infeasible   77       852.99966  658.00000  22.9%   4.7 4160s
 14068558 5646329  729.00000   83   12  852.99966  658.00000  22.9%   4.7 4165s
 14085455 5653240  682.00000   60   21  852.99966  658.00000  22.9%   4.7 4170s
 14101934 5658197  675.00000   68   15  852.99966  658.00000  22.9%   4.7 4175s
 14118450 5662567 infeasible   67       852.99966  658.00000  22.9%   4.7 4180s
 14134917 5668116  758.00000   71    8  852.99966  658.00000  22.9%   4.7 4185s
 14150536 5672769 infeasible   88       852.99966  658.00000  22.9%   4.7 4190s
 14167415 5678016  701.00000   65   13  852.99966  658.00000  22.9%   4.7 4195s
 14183429 5683596  755.00000   69   11  852.99966  658.00000  22.9%   4.7 4200s
 14199458 5689681  707.00000   68   11  852.99966  658.00000  22.9%   4.7 4205s
 14216713 5694866  712.00000   62   17  852.99966  658.00000  22.9%   4.7 4210s
 14234086 5701825  668.00000   76   12  852.99966  658.00000  22.9%   4.7 4215s
 14250516 5707846  701.00000   69   13  852.99966  658.00000  22.9%   4.7 4220s
 14267158 5714616 infeasible   56       852.99966  659.00000  22.7%   4.7 4225s
 14283374 5720633  793.00000   65    7  852.99966  659.00000  22.7%   4.7 4230s
 14299152 5726271  748.00000   63   11  852.99966  659.00000  22.7%   4.7 4235s
 14315260 5732530  683.00000   53   18  852.99966  659.00000  22.7%   4.7 4240s
 14331441 5738760  675.00000   53   13  852.99966  659.00000  22.7%   4.7 4245s
 14347392 5745157 infeasible   77       852.99966  659.00000  22.7%   4.7 4250s
 14364084 5751181  759.00000   57    8  852.99966  659.00000  22.7%   4.7 4255s
 14380355 5757994  782.00000   70    8  852.99966  659.00000  22.7%   4.7 4260s
 14396198 5763195  767.00000   67    9  852.99966  659.00000  22.7%   4.7 4265s
 14413451 5770415  782.00000   61    7  852.99966  659.00000  22.7%   4.7 4270s
 14428230 5775847  714.00000   75   14  852.99966  659.00000  22.7%   4.7 4275s
 14445483 5781815 infeasible   57       852.99966  659.00000  22.7%   4.7 4280s
 14462184 5787588  748.00000   66   10  852.99966  659.00000  22.7%   4.7 4285s
 14478878 5794852  783.00000   90    6  852.99966  659.00000  22.7%   4.7 4290s
 14495500 5802420  687.00000   66   13  852.99966  659.00000  22.7%   4.7 4295s
 14511278 5809038  659.00000   46   16  852.99966  659.00000  22.7%   4.7 4300s
 14528298 5815417 infeasible   85       852.99966  659.00000  22.7%   4.7 4305s
 14544311 5821360  761.00000   74    7  852.99966  659.00000  22.7%   4.7 4310s
 14560890 5828439  674.00000   72   16  852.99966  659.00000  22.7%   4.7 4315s
 14577066 5835356  683.00000   56   13  852.99966  659.00000  22.7%   4.7 4320s
 14594409 5842973  765.00000   76    8  852.99966  659.00000  22.7%   4.7 4325s
 14611036 5849972 infeasible   69       852.99966  659.00000  22.7%   4.7 4330s
 14627308 5857089  780.00000   61    6  852.99966  659.00000  22.7%   4.7 4335s
 14644409 5863758 infeasible   63       852.99966  659.00000  22.7%   4.7 4340s
 14660089 5869755 infeasible   74       852.99966  659.00000  22.7%   4.7 4345s
 14676632 5876273 infeasible   72       852.99966  659.00000  22.7%   4.7 4350s
 14693333 5883096 infeasible   61       852.99966  659.00000  22.7%   4.7 4355s
 14710856 5890402 infeasible   67       852.99966  659.00000  22.7%   4.7 4360s
 14727147 5897072  675.00000   58   22  852.99966  659.00000  22.7%   4.7 4365s
 14744574 5903255  761.00000   63   12  852.99966  659.00000  22.7%   4.7 4370s
 14761121 5909925  752.00000   69    9  852.99966  659.00000  22.7%   4.7 4375s
 14777891 5916428  687.00000   66   12  852.99966  659.00000  22.7%   4.7 4380s
 14795844 5923166  711.00000   64   12  852.99966  659.00000  22.7%   4.7 4385s
 14812714 5930038  733.00000   63    9  852.99966  659.00000  22.7%   4.7 4390s
 14828654 5936007 infeasible   85       852.99966  659.00000  22.7%   4.7 4395s
 14846187 5941291  732.00000   83    9  852.99966  659.00000  22.7%   4.7 4400s
 14863504 5946958  659.00000   66   20  852.99966  659.00000  22.7%   4.7 4405s
 14880191 5952343  684.00000   76   12  852.99966  659.00000  22.7%   4.7 4410s
 14897390 5958775 infeasible   75       852.99966  659.00000  22.7%   4.7 4415s
 14914167 5964848  659.00000   68   13  852.99966  659.00000  22.7%   4.7 4420s
 14931499 5972144  724.00000   78   11  852.99966  659.00000  22.7%   4.7 4425s
 14948417 5978600  723.00000   83   11  852.99966  659.00000  22.7%   4.7 4430s
 14965439 5985099  659.00000   64   22  852.99966  659.00000  22.7%   4.7 4435s
 14982801 5991695 infeasible   85       852.99966  659.00000  22.7%   4.7 4440s
 15001398 6000111  687.00000   69   16  852.99966  659.00000  22.7%   4.7 4445s
 15019116 6008238 infeasible   82       852.99966  659.00000  22.7%   4.7 4450s
 15037901 6016426  729.00000   82   18  852.99966  659.00000  22.7%   4.7 4455s
 15053773 6021480 infeasible   91       852.99966  659.00000  22.7%   4.7 4460s
 15070992 6027594  708.00000   69   10  852.99966  659.00000  22.7%   4.7 4465s
 15090190 6035869 infeasible   76       852.99966  659.00000  22.7%   4.7 4470s
 15106512 6040190 infeasible   81       852.99966  659.00000  22.7%   4.7 4475s
 15123474 6046263  783.00000   78    8  852.99966  659.00000  22.7%   4.7 4480s
 15140601 6053312 infeasible   71       852.99966  659.00000  22.7%   4.7 4485s
 15156752 6058315  659.00000   66   18  852.99966  659.00000  22.7%   4.7 4490s
 15174306 6064830  724.00000   69   17  852.99966  659.00000  22.7%   4.7 4495s
 15191477 6069140  662.00000   70   20  852.99966  659.00000  22.7%   4.7 4500s
 15207795 6073472 infeasible   78       852.99966  659.00000  22.7%   4.7 4505s
 15227409 6083206  732.00000   79    7  852.99966  659.00000  22.7%   4.7 4510s
 15245056 6089217  761.00000   83    7  852.99966  659.00000  22.7%   4.7 4515s
 15262831 6097145  723.00000   77   10  852.99966  659.00000  22.7%   4.7 4520s
 15280320 6103748  750.00000   72    8  852.99966  659.00000  22.7%   4.7 4525s
 15298248 6111513 infeasible   74       852.99966  659.00000  22.7%   4.7 4530s
 15315619 6119005  666.00000   70   19  852.99966  659.00000  22.7%   4.7 4535s
 15332507 6124688  724.00000   83   11  852.99966  659.00000  22.7%   4.7 4540s
 15348787 6130925  659.00000   59   20  852.99966  659.00000  22.7%   4.7 4545s
 15367311 6138306  718.00000   73   11  852.99966  659.00000  22.7%   4.7 4550s
 15382702 6142306  708.00000   76   13  852.99966  659.00000  22.7%   4.7 4555s
 15399290 6145760  690.00000   52   20  852.99966  659.00000  22.7%   4.7 4560s
 15415562 6149961  659.00000   73   15  852.99966  659.00000  22.7%   4.7 4565s
 15432083 6155919  683.00000   63   19  852.99966  659.00000  22.7%   4.7 4570s
 15449832 6162132  721.00000   68   12  852.99966  659.00000  22.7%   4.7 4575s
 15466046 6165351  693.00000   70   11  852.99966  659.00000  22.7%   4.7 4580s
 15482392 6169385 infeasible   87       852.99966  659.00000  22.7%   4.7 4585s
 15499370 6173905  659.00000   72   12  852.99966  659.00000  22.7%   4.7 4590s
 15516941 6179465  659.00000   71   14  852.99966  659.00000  22.7%   4.7 4595s
 15533580 6183749  791.00000   83    7  852.99966  659.00000  22.7%   4.7 4600s
 15549233 6187838  674.00000   69   14  852.99966  659.00000  22.7%   4.7 4605s
 15567577 6194902 infeasible   55       852.99966  659.00000  22.7%   4.7 4610s
 15584750 6200656  738.00000   80    9  852.99966  659.00000  22.7%   4.7 4615s
 15602536 6207941  707.00000   65   13  852.99966  659.00000  22.7%   4.7 4620s
 15623057 6218236  777.00000   82    7  852.99966  659.00000  22.7%   4.7 4625s
 15645166 6230180 infeasible   97       852.99966  659.00000  22.7%   4.7 4630s
 15665044 6239748  672.00000   61   14  852.99966  659.00000  22.7%   4.7 4635s
 15682286 6247336 infeasible   62       852.99966  659.00000  22.7%   4.7 4640s
 15698674 6252985  701.00000   65   16  852.99966  659.00000  22.7%   4.7 4645s
 15715478 6258884  659.00000   72   14  852.99966  659.00000  22.7%   4.7 4650s
 15732923 6261757  659.00000   74   16  852.99966  659.00000  22.7%   4.7 4655s
 15750721 6268397  741.00000   83    9  852.99966  659.00000  22.7%   4.7 4660s
 15770601 6276442  740.00000   72    8  852.99966  659.00000  22.7%   4.7 4665s
 15788096 6282988  728.00000   66   13  852.99966  659.00000  22.7%   4.7 4670s
 15804738 6288186  668.00000   65   20  852.99966  659.00000  22.7%   4.7 4675s
 15821878 6294569  659.00000   69   19  852.99966  659.00000  22.7%   4.7 4680s
 15839028 6300322 infeasible   72       852.99966  659.00000  22.7%   4.7 4685s
 15856234 6306176 infeasible   69       852.99966  659.00000  22.7%   4.7 4690s
 15872764 6310795  688.00000   71   14  852.99966  659.00000  22.7%   4.7 4695s
 15889117 6315889  673.00000   70   13  852.99966  659.00000  22.7%   4.7 4700s
 15906417 6321184  727.62500   81   12  852.99966  659.00000  22.7%   4.7 4705s
 15922615 6325806 infeasible   75       852.99966  659.00000  22.7%   4.7 4710s
 15939208 6330933 infeasible   69       852.99966  659.00000  22.7%   4.7 4715s
 15956104 6336296 infeasible   84       852.99966  659.00000  22.7%   4.7 4720s
 15974763 6344590  827.00000   84    3  852.99966  659.00000  22.7%   4.7 4725s
 15992162 6351778  724.00000   78   10  852.99966  659.00000  22.7%   4.7 4730s
 16008934 6356461 infeasible   86       852.99966  659.00000  22.7%   4.7 4735s
 16025349 6361925  733.00000   72   11  852.99966  659.00000  22.7%   4.7 4740s
 16041743 6366506 infeasible   91       852.99966  659.00000  22.7%   4.7 4745s
 16059780 6372963  741.00000   69   12  852.99966  659.00000  22.7%   4.7 4750s
 16077007 6378452  727.00000   71   10  852.99966  659.00000  22.7%   4.7 4755s
 16093578 6384755  709.00000   64   14  852.99966  659.00000  22.7%   4.7 4760s
 16110600 6389609 infeasible   80       852.99966  659.00000  22.7%   4.7 4765s
 16126590 6394041  709.00000   79   16  852.99966  659.00000  22.7%   4.7 4770s
 16141894 6398265  726.00000   74   11  852.99966  659.00000  22.7%   4.7 4775s
 16160303 6405439  700.00000   74   15  852.99966  659.00000  22.7%   4.7 4780s
 16177759 6413181  742.00000   76    9  852.99966  659.00000  22.7%   4.7 4785s
 16194826 6420595  677.00000   59   19  852.99966  659.00000  22.7%   4.7 4790s
 16212719 6428033 infeasible   77       852.99966  659.00000  22.7%   4.7 4795s
 16228783 6431949 infeasible   88       852.99966  659.00000  22.7%   4.7 4800s
 16245083 6436777 infeasible   81       852.99966  659.00000  22.7%   4.7 4805s
 16260958 6440157  724.00000   80   12  852.99966  659.00000  22.7%   4.7 4810s
 16278443 6444994  688.00000   69   10  852.99966  659.00000  22.7%   4.7 4815s
 16295232 6450494 infeasible   84       852.99966  659.00000  22.7%   4.7 4820s
 16313501 6456824  714.00000   71   12  852.99966  659.00000  22.7%   4.7 4825s
 16330209 6463500  741.00000   74   11  852.99966  659.00000  22.7%   4.7 4830s
 16347995 6468941  724.00000   67   10  852.99966  659.00000  22.7%   4.6 4835s
 16364586 6474553  717.49254   73   12  852.99966  659.00000  22.7%   4.6 4840s
 16380407 6478272 infeasible   68       852.99966  659.00000  22.7%   4.6 4845s
 16397843 6482020  699.00000   75   13  852.99966  659.00000  22.7%   4.6 4850s
 16414190 6487709  692.00000   64   16  852.99966  659.00000  22.7%   4.6 4855s
 16431317 6493063 infeasible   66       852.99966  659.00000  22.7%   4.6 4860s
 16447999 6498557  768.00000   83    7  852.99966  659.00000  22.7%   4.6 4865s
 16464801 6503497 infeasible   70       852.99966  659.00000  22.7%   4.6 4870s
 16481431 6508951  742.00000   78    7  852.99966  659.00000  22.7%   4.6 4875s
 16499143 6514237  690.00000   58   15  852.99966  659.00000  22.7%   4.6 4880s
 16515545 6519548  776.00000   72    5  852.99966  659.00000  22.7%   4.6 4885s
 16536292 6530212  693.00000   68   15  852.99966  659.00000  22.7%   4.6 4890s
 16555812 6540392  749.00000   69   12  852.99966  659.00000  22.7%   4.6 4895s
 16574026 6547629  729.00000   82   12  852.99966  659.00000  22.7%   4.6 4900s
 16590988 6551979 infeasible   71       852.99966  659.00000  22.7%   4.6 4905s
 16606987 6555840  685.00000   71   14  852.99966  659.00000  22.7%   4.6 4910s
 16624502 6560147 infeasible   77       852.99966  659.00000  22.7%   4.6 4915s
 16640866 6564342  727.00000   73    8  852.99966  659.00000  22.7%   4.6 4920s
 16655932 6567533  695.00000   74   14  852.99966  659.00000  22.7%   4.6 4925s
 16674587 6574252 infeasible   60       852.99966  659.00000  22.7%   4.6 4930s
 16692116 6580488  676.00000   60   26  852.99966  659.00000  22.7%   4.6 4935s
 16709585 6586930  736.00000   59   15  852.99966  659.00000  22.7%   4.6 4940s
 16727052 6593597  659.00000   67   21  852.99966  659.00000  22.7%   4.6 4945s
 16744299 6599775 infeasible   73       852.99966  659.00000  22.7%   4.6 4950s
 16761884 6606585 infeasible   65       852.99966  659.00000  22.7%   4.6 4955s
 16779191 6614326  759.00000   71   12  852.99966  660.00000  22.6%   4.6 4960s
 16794727 6619629  723.00000   66   12  852.99966  660.00000  22.6%   4.6 4965s
 16810413 6625482 infeasible   69       852.99966  660.00000  22.6%   4.6 4970s
 16826285 6631675  698.00000   62    9  852.99966  660.00000  22.6%   4.6 4975s
 16842882 6637818  660.00000   49   16  852.99966  660.00000  22.6%   4.6 4980s
 16858154 6643614 infeasible   64       852.99966  660.00000  22.6%   4.6 4985s
 16874629 6649953  677.00000   49   10  852.99966  660.00000  22.6%   4.6 4990s
 16891175 6656171 infeasible   52       852.99966  660.00000  22.6%   4.6 4995s
 16907882 6662860  809.00000   72    5  852.99966  660.00000  22.6%   4.6 5000s
 16923491 6668656 infeasible   78       852.99966  660.00000  22.6%   4.6 5005s
 16940959 6675303  676.00000   59   13  852.99966  660.00000  22.6%   4.6 5010s
 16957526 6682151  793.00000   68    7  852.99966  660.00000  22.6%   4.6 5015s
 16973642 6688276  761.00000   88    7  852.99966  660.00000  22.6%   4.6 5020s
 16990634 6695620  716.00000   56   11  852.99966  660.00000  22.6%   4.6 5025s
 17007720 6702844 infeasible   73       852.99966  660.00000  22.6%   4.6 5030s
 17024294 6708565 infeasible   87       852.99966  660.00000  22.6%   4.6 5035s
 17039777 6714444 infeasible   74       852.99966  660.00000  22.6%   4.6 5040s
 17057219 6721729 infeasible   79       852.99966  660.00000  22.6%   4.6 5045s
 17073705 6727098 infeasible   93       852.99966  660.00000  22.6%   4.6 5050s
 17090015 6733225  730.00000   56   12  852.99966  660.00000  22.6%   4.6 5055s
 17107289 6740386  796.00000   79    5  852.99966  660.00000  22.6%   4.6 5060s
 17123665 6746997  810.00000   93    5  852.99966  660.00000  22.6%   4.6 5065s
 17141120 6753973  810.00000  108    5  852.99966  660.00000  22.6%   4.6 5070s
 17159365 6760623  751.00000   84    9  852.99966  660.00000  22.6%   4.6 5075s
 17176354 6767494  769.00000   80    8  852.99966  660.00000  22.6%   4.6 5080s
 17193622 6773877 infeasible   79       852.99966  660.00000  22.6%   4.6 5085s
 17210386 6780577  674.00000   69   12  852.99966  660.00000  22.6%   4.6 5090s
 17226118 6786230  777.00000   69    8  852.99966  660.00000  22.6%   4.6 5095s
 17242848 6791199 infeasible   77       852.99966  660.00000  22.6%   4.6 5100s
 17260447 6797821 infeasible   89       852.99966  660.00000  22.6%   4.6 5105s
 17277275 6804130  746.00000   87   10  852.99966  660.00000  22.6%   4.6 5110s
 17294528 6810739  710.00000   71    9  852.99966  660.00000  22.6%   4.6 5115s
 17311630 6817107  738.00000   71   11  852.99966  660.00000  22.6%   4.6 5120s
 17330349 6825369  710.00000   72   11  852.99966  660.00000  22.6%   4.6 5125s
 17352132 6836518  711.00000   73   12  852.99966  660.00000  22.6%   4.6 5130s
 17372276 6846226  741.00000   89    8  852.99966  660.00000  22.6%   4.6 5135s
 17392839 6855471  710.00000   82   14  852.99966  660.00000  22.6%   4.6 5140s
 17413233 6865515  741.00000   85   11  852.99966  660.00000  22.6%   4.6 5145s
 17432285 6873556  734.00000   66   13  852.99966  660.00000  22.6%   4.6 5150s
 17450172 6880651 infeasible   82       852.99966  660.00000  22.6%   4.6 5155s
 17467274 6887433  701.00000   67   11  852.99966  660.00000  22.6%   4.6 5160s
 17483869 6892875  675.00000   63   16  852.99966  660.00000  22.6%   4.6 5165s
 17500989 6898870 infeasible   74       852.99966  660.00000  22.6%   4.6 5170s
 17517886 6905278 infeasible   87       852.99966  660.00000  22.6%   4.6 5175s
 17534836 6910934  727.00000   59   12  852.99966  660.00000  22.6%   4.6 5180s
 17552018 6917659 infeasible   71       852.99966  660.00000  22.6%   4.6 5185s
 17569843 6924846  710.00000   66   14  852.99966  660.00000  22.6%   4.6 5190s
 17587039 6931515  692.00000   69   13  852.99966  660.00000  22.6%   4.6 5195s
 17605966 6939558 infeasible   72       852.99966  660.00000  22.6%   4.6 5200s
 17624125 6945591  725.00000   79   12  852.99966  660.00000  22.6%   4.6 5205s
 17640815 6952435  676.00000   63   16  852.99966  660.00000  22.6%   4.6 5210s
 17658586 6959343  721.00000   68   13  852.99966  660.00000  22.6%   4.6 5215s
 17675080 6962588  689.00000   76   12  852.99966  660.00000  22.6%   4.6 5220s
 17691866 6965829  710.00000   71   15  852.99966  660.00000  22.6%   4.6 5225s
 17708528 6970078  725.00000   65   15  852.99966  660.00000  22.6%   4.6 5230s
 17724128 6975174  660.00000   68   16  852.99966  660.00000  22.6%   4.6 5235s
 17741367 6981267 infeasible   77       852.99966  660.00000  22.6%   4.6 5240s
 17758292 6987012  737.00000   72   10  852.99966  660.00000  22.6%   4.6 5245s
 17773950 6992463  716.00000   66   17  852.99966  660.00000  22.6%   4.6 5250s
 17792273 6998732 infeasible   93       852.99966  660.00000  22.6%   4.6 5255s
 17810031 7005596  710.00000   82   12  852.99966  660.00000  22.6%   4.6 5260s
 17828784 7011509 infeasible   79       852.99966  660.00000  22.6%   4.6 5265s
 17845315 7016189  720.00000   68   13  852.99966  660.00000  22.6%   4.6 5270s
 17862768 7023267  841.00000   98    3  852.99966  660.00000  22.6%   4.6 5275s
 17881071 7031464 infeasible   93       852.99966  660.00000  22.6%   4.6 5280s
 17899702 7040268  721.00000   75   14  852.99966  660.00000  22.6%   4.6 5285s
 17917762 7047396 infeasible   79       852.99966  660.00000  22.6%   4.6 5290s
 17934894 7052636  660.00000   55   21  852.99966  660.00000  22.6%   4.6 5295s
 17952344 7058633  691.00000   63   16  852.99966  660.00000  22.6%   4.6 5300s
 17968898 7064641 infeasible   77       852.99966  660.00000  22.6%   4.6 5305s
 17986522 7070534  684.00000   64   19  852.99966  660.00000  22.6%   4.6 5310s
 18002793 7074504 infeasible   71       852.99966  660.00000  22.6%   4.6 5315s
 18019741 7078768 infeasible   71       852.99966  660.00000  22.6%   4.6 5320s
 18036829 7083855  710.00000   70   11  852.99966  660.00000  22.6%   4.6 5325s
 18052729 7087974 infeasible   74       852.99966  660.00000  22.6%   4.6 5330s
 18069938 7092970  710.00000   68   11  852.99966  660.00000  22.6%   4.6 5335s
 18088071 7100002 infeasible   80       852.99966  660.00000  22.6%   4.6 5340s
 18104459 7104433  660.00000   67   16  852.99966  660.00000  22.6%   4.6 5345s
 18119704 7106865 infeasible   63       852.99966  660.00000  22.6%   4.6 5350s
 18137814 7112456  723.00000   68   12  852.99966  660.00000  22.6%   4.6 5355s
 18155179 7118490  691.00000   68   17  852.99966  660.00000  22.6%   4.6 5360s
 18171584 7123323  741.00000   79   11  852.99966  660.00000  22.6%   4.6 5365s
 18189403 7130400 infeasible   77       852.99966  661.00000  22.5%   4.6 5370s
 18205166 7136249  775.00000   56    8  852.99966  661.00000  22.5%   4.6 5375s
 18221668 7142500 infeasible   68       852.99966  661.00000  22.5%   4.6 5380s
 18236018 7147639  726.00000   52   13  852.99966  661.00000  22.5%   4.6 5385s
 18253107 7153973  733.00000   55   10  852.99966  661.00000  22.5%   4.6 5390s
 18269971 7159302  711.00000   74   10  852.99966  661.00000  22.5%   4.6 5395s
 18286770 7164276 infeasible   75       852.99966  661.00000  22.5%   4.6 5400s
 18302623 7169891  716.00000   76   15  852.99966  661.00000  22.5%   4.6 5405s
 18319188 7175975  702.00000   61   15  852.99966  661.00000  22.5%   4.6 5410s
 18335722 7181418  716.00000   68   16  852.99966  661.00000  22.5%   4.6 5415s
 18351430 7187247  822.00000   61    4  852.99966  661.00000  22.5%   4.6 5420s
 18368667 7194389 infeasible   51       852.99966  661.00000  22.5%   4.6 5425s
 18384232 7199814 infeasible   51       852.99966  661.00000  22.5%   4.6 5430s
 18401038 7206105  736.00000   49    8  852.99966  661.00000  22.5%   4.6 5435s
 18416149 7211566  748.00000   68   11  852.99966  661.00000  22.5%   4.6 5440s
 18433282 7218503  770.00000   49   12  852.99966  661.00000  22.5%   4.6 5445s
 18449549 7224409  761.00000   60    9  852.99966  661.00000  22.5%   4.6 5450s
 18466248 7230965  748.00000   51   10  852.99966  661.00000  22.5%   4.6 5455s
 18482937 7237859 infeasible   78       852.99966  661.00000  22.5%   4.6 5460s
 18499626 7244170 infeasible   56       852.99966  661.00000  22.5%   4.6 5465s
 18516981 7250742  661.00000   47   14  852.99966  661.00000  22.5%   4.6 5470s
 18533368 7256554 infeasible   78       852.99966  661.00000  22.5%   4.6 5475s
 18549629 7258473  661.00000   78   15  852.99966  661.00000  22.5%   4.6 5480s
 18565403 7262921  682.00000   58   13  852.99966  661.00000  22.5%   4.6 5485s
 18581903 7269610  712.00000   77    9  852.99966  661.00000  22.5%   4.6 5490s
 18597949 7275850  678.00000   50   13  852.99966  661.00000  22.5%   4.6 5495s
 18615443 7283148  723.00000   73   15  852.99966  661.00000  22.5%   4.6 5500s
 18632219 7290484  759.00000   57    8  852.99966  661.00000  22.5%   4.6 5505s
 18648462 7297157 infeasible   75       852.99966  661.00000  22.5%   4.6 5510s
 18666472 7304886  807.00000   61    4  852.99966  661.00000  22.5%   4.6 5515s
 18682717 7310849  714.00000   68   14  852.99966  661.00000  22.5%   4.6 5520s
 18699188 7317794  711.00000   73   15  852.99966  661.00000  22.5%   4.6 5525s
 18717358 7325804  695.00000   57   13  852.99966  661.00000  22.5%   4.6 5530s
 18735089 7333395  759.00000   54   12  852.99966  661.00000  22.5%   4.6 5535s
 18751899 7340710 infeasible   58       852.99966  661.00000  22.5%   4.6 5540s
H18754295 7341776                     852.9996640  661.00000  22.5%   4.6 5540s
 18766708 7347674 infeasible   59       852.99966  661.00000  22.5%   4.6 5545s
 18784649 7354862  749.00000   72    9  852.99966  661.00000  22.5%   4.6 5550s
 18802275 7362388 infeasible   67       852.99966  661.00000  22.5%   4.6 5555s
 18819704 7370168  793.00000   72    7  852.99966  661.00000  22.5%   4.6 5560s
 18837081 7378342 infeasible   68       852.99966  661.00000  22.5%   4.6 5565s
 18853917 7384766 infeasible   79       852.99966  661.00000  22.5%   4.6 5570s
 18872412 7392090  769.00000   84    7  852.99966  661.00000  22.5%   4.6 5575s
 18888522 7397975 infeasible   63       852.99966  661.00000  22.5%   4.6 5580s
 18905853 7404234  723.00000   72   15  852.99966  661.00000  22.5%   4.6 5585s
 18923283 7410378 infeasible   72       852.99966  661.00000  22.5%   4.6 5590s
 18939747 7416561  685.00000   69   15  852.99966  661.00000  22.5%   4.6 5595s
 18956279 7422529  756.00000   69    8  852.99966  661.00000  22.5%   4.6 5600s
 18973839 7428850 infeasible   79       852.99966  661.00000  22.5%   4.6 5605s
 18990582 7435892  783.00000   88    7  852.99966  661.00000  22.5%   4.6 5610s
 19007531 7441960 infeasible   70       852.99966  661.00000  22.5%   4.6 5615s
 19025821 7449058  667.00000   70   12  852.99966  661.00000  22.5%   4.6 5620s
 19042629 7454656  834.00000  100    3  852.99966  661.00000  22.5%   4.6 5625s
 19062590 7465590  803.00000   90    4  852.99966  661.00000  22.5%   4.6 5630s
 19081619 7474312  785.00000   76    6  852.99966  661.00000  22.5%   4.6 5635s
 19099666 7481816 infeasible   63       852.99966  661.00000  22.5%   4.6 5640s
 19116441 7487930  740.00000   72   10  852.99966  661.00000  22.5%   4.6 5645s
 19137145 7498718  759.00000   88    7  852.99966  661.00000  22.5%   4.6 5650s
 19153909 7504546  663.00000   48   14  852.99966  662.00000  22.4%   4.6 5655s
 19169855 7510294  727.00000   70   12  852.99966  662.00000  22.4%   4.6 5660s
 19186219 7516552  749.00000   66    9  852.99966  662.00000  22.4%   4.6 5665s
 19201349 7521783 infeasible   76       852.99966  662.00000  22.4%   4.6 5670s
 19218524 7528055  740.00000   72    9  852.99966  662.00000  22.4%   4.6 5675s
 19233785 7532748 infeasible   78       852.99966  662.00000  22.4%   4.6 5680s
 19250025 7538435  686.00000   50   12  852.99966  662.00000  22.4%   4.6 5685s
 19265752 7544124  727.00000   61   10  852.99966  662.00000  22.4%   4.6 5690s
 19281721 7548540  762.00000   62    8  852.99966  662.00000  22.4%   4.6 5695s
 19299352 7555346  727.00000   61   13  852.99966  662.00000  22.4%   4.6 5700s
 19314966 7561014 infeasible   69       852.99966  662.00000  22.4%   4.6 5705s
 19331759 7567456  728.00000   64   11  852.99966  662.00000  22.4%   4.6 5710s
 19348326 7572472  746.00000   53   15  852.99966  662.00000  22.4%   4.6 5715s
 19364651 7578568 infeasible   75       852.99966  662.00000  22.4%   4.6 5720s
 19381147 7583816  677.00000   69   15  852.99966  662.00000  22.4%   4.6 5725s
 19397974 7589956 infeasible   72       852.99966  662.00000  22.4%   4.6 5730s
 19414853 7596442  746.00000   56    8  852.99966  662.00000  22.4%   4.6 5735s
 19431422 7602584  765.00000   58    7  852.99966  662.00000  22.4%   4.6 5740s
 19447780 7608277  662.00000   45   12  852.99966  662.00000  22.4%   4.6 5745s
 19464412 7614686  677.00000   70   15  852.99966  662.00000  22.4%   4.6 5750s
 19481196 7620538  728.00000   50   10  852.99966  662.00000  22.4%   4.6 5755s
 19497272 7625829  747.00000   53    9  852.99966  662.00000  22.4%   4.6 5760s
 19513590 7631491 infeasible   71       852.99966  662.00000  22.4%   4.6 5765s
 19530026 7636796  752.00000   75    8  852.99966  662.00000  22.4%   4.6 5770s
 19546160 7642641  697.00000   70   14  852.99966  662.00000  22.4%   4.6 5775s
 19563491 7648727 infeasible   60       852.99966  662.00000  22.4%   4.6 5780s
 19580329 7655256  710.00000   51   10  852.99966  662.00000  22.4%   4.6 5785s
 19596871 7661262  677.00000   61   20  852.99966  662.00000  22.4%   4.6 5790s
 19613632 7667815  678.00000   43   14  852.99966  662.00000  22.4%   4.6 5795s
 19629843 7674058  775.00000   76    5  852.99966  662.00000  22.4%   4.6 5800s
 19646558 7680381  681.00000   63   17  852.99966  662.00000  22.4%   4.6 5805s
 19663456 7686905  687.00000   42   10  852.99966  662.00000  22.4%   4.6 5810s
 19680784 7694182 infeasible   66       852.99966  662.00000  22.4%   4.6 5815s
 19697408 7700985  712.00000   71   15  852.99966  662.00000  22.4%   4.6 5820s
 19714916 7707375  764.00000   67    9  852.99966  662.00000  22.4%   4.6 5825s
 19732104 7714519  746.00000   59   13  852.99966  662.00000  22.4%   4.6 5830s
 19748115 7719799 infeasible   66       852.99966  662.00000  22.4%   4.6 5835s
 19764623 7725604  787.00000   65    9  852.99966  662.00000  22.4%   4.6 5840s
 19781807 7731854  708.00000   69   11  852.99966  662.00000  22.4%   4.6 5845s
 19798489 7737100  662.00000   59   18  852.99966  662.00000  22.4%   4.6 5850s
 19815474 7744143  773.00000   81   10  852.99966  662.00000  22.4%   4.6 5855s
 19834321 7752374  761.00000   82    9  852.99966  662.00000  22.4%   4.6 5860s
 19850175 7758418  748.00000   81    9  852.99966  662.00000  22.4%   4.6 5865s
 19868376 7765980 infeasible   85       852.99966  662.00000  22.4%   4.6 5870s
 19886943 7773804  774.00000   74    6  852.99966  662.00000  22.4%   4.6 5875s
 19905824 7782819 infeasible   82       852.99966  662.00000  22.4%   4.6 5880s
 19924381 7789912  737.00000   69   10  852.99966  662.00000  22.4%   4.6 5885s
 19939458 7792692  794.00000   81    6  852.99966  662.00000  22.4%   4.6 5890s
 19955335 7798686  706.00000   53   11  852.99966  662.00000  22.4%   4.6 5895s
 19973286 7805755  662.00000   69   18  852.99966  662.00000  22.4%   4.6 5900s
 19991549 7813212  685.00000   65   16  852.99966  662.00000  22.4%   4.6 5905s
 20006949 7817033 infeasible   73       852.99966  662.00000  22.4%   4.6 5910s
 20024100 7823017  724.00000   75   10  852.99966  662.00000  22.4%   4.6 5915s
 20040304 7828689 infeasible   52       852.99966  662.00000  22.4%   4.6 5920s
 20056904 7834485 infeasible   71       852.99966  662.00000  22.4%   4.6 5925s
 20073672 7838970 infeasible   68       852.99966  662.00000  22.4%   4.6 5930s
 20090287 7844450 infeasible   73       852.99966  662.00000  22.4%   4.6 5935s
 20107071 7850562  662.00000   60   21  852.99966  662.00000  22.4%   4.6 5940s
 20123596 7856653  698.00000   77   13  852.99966  662.00000  22.4%   4.6 5945s
 20141389 7863636  763.00000   74    9  852.99966  662.00000  22.4%   4.6 5950s
 20158103 7869796  777.00000   85    6  852.99966  662.00000  22.4%   4.6 5955s
 20174901 7876327  748.00000   58   16  852.99966  662.00000  22.4%   4.6 5960s
 20190794 7881500  727.00000   76   10  852.99966  662.00000  22.4%   4.6 5965s
 20207977 7887751 infeasible   75       852.99966  662.00000  22.4%   4.6 5970s
 20225326 7894609  787.00000   95    6  852.99966  662.00000  22.4%   4.6 5975s
 20242154 7901187  737.00000   62   16  852.99966  662.00000  22.4%   4.6 5980s
 20259319 7907561  756.00000   72    9  852.99966  662.00000  22.4%   4.6 5985s
 20276216 7914483  731.00000   88   10  852.99966  662.00000  22.4%   4.6 5990s
 20292558 7920319  724.00000   82   13  852.99966  662.00000  22.4%   4.6 5995s
 20309746 7926793  727.00000   61   17  852.99966  662.00000  22.4%   4.6 6000s
 20326750 7933452 infeasible   73       852.99966  662.00000  22.4%   4.6 6005s
 20344827 7941045  705.00000   69   12  852.99966  662.00000  22.4%   4.6 6010s
 20361779 7947209  769.00000   81    7  852.99966  662.00000  22.4%   4.6 6015s
 20378368 7953239 infeasible   64       852.99966  662.00000  22.4%   4.6 6020s
 20394830 7959067  771.00000   76    9  852.99966  662.00000  22.4%   4.6 6025s
 20411797 7964418  716.00000   64   12  852.99966  662.00000  22.4%   4.6 6030s
 20428096 7969819 infeasible   57       852.99966  663.00000  22.3%   4.6 6035s
 20444270 7975571  664.00000   59   13  852.99966  663.00000  22.3%   4.6 6040s
 20460623 7980964  739.00000   59   10  852.99966  663.00000  22.3%   4.6 6045s
 20476032 7986782  733.00000   67   11  852.99966  663.00000  22.3%   4.6 6050s
 20492230 7992601  738.00000   53    8  852.99966  663.00000  22.3%   4.6 6055s
 20508118 7998013  702.00000   52   12  852.99966  663.00000  22.3%   4.6 6060s
 20523910 8002905 infeasible   84       852.99966  663.00000  22.3%   4.6 6065s
 20539677 8008068 infeasible   71       852.99966  663.00000  22.3%   4.6 6070s
 20557030 8014223 infeasible   80       852.99966  663.00000  22.3%   4.6 6075s
 20573063 8019090  748.00000   62   13  852.99966  663.00000  22.3%   4.6 6080s
 20589721 8025160  678.00000   70   14  852.99966  663.00000  22.3%   4.6 6085s
 20605623 8029018 infeasible   77       852.99966  663.00000  22.3%   4.6 6090s
 20622004 8034537  687.00000   68   15  852.99966  663.00000  22.3%   4.6 6095s
 20638498 8041215  748.00000   66    9  852.99966  663.00000  22.3%   4.6 6100s
 20654796 8047483  694.00000   47   11  852.99966  663.00000  22.3%   4.6 6105s
 20671422 8054855 infeasible   57       852.99966  663.00000  22.3%   4.6 6110s
 20687542 8061689  705.00000   48   13  852.99966  663.00000  22.3%   4.6 6115s
 20703838 8068059  775.00000   50    7  852.99966  663.00000  22.3%   4.6 6120s
 20719572 8073942 infeasible   60       852.99966  663.00000  22.3%   4.6 6125s
 20735740 8080126 infeasible   57       852.99966  663.00000  22.3%   4.6 6130s
 20751754 8087004  778.00000   68    8  852.99966  663.00000  22.3%   4.6 6135s
 20768025 8093759  827.00000   78    4  852.99966  663.00000  22.3%   4.6 6140s
 20784806 8100933  723.00000   61   11  852.99966  663.00000  22.3%   4.6 6145s
 20801158 8107470  746.00000   57    9  852.99966  663.00000  22.3%   4.6 6150s
 20817206 8114269  773.00000   52    8  852.99966  663.00000  22.3%   4.6 6155s
 20833742 8121256  683.00000   66   16  852.99966  663.00000  22.3%   4.6 6160s
 20849996 8128104  748.00000   55   11  852.99966  663.00000  22.3%   4.6 6165s
 20867418 8135801  793.00000   61    6  852.99966  663.00000  22.3%   4.6 6170s
 20883403 8142324  738.00000   86   12  852.99966  663.00000  22.3%   4.6 6175s
 20900725 8149741 infeasible   67       852.99966  663.00000  22.3%   4.6 6180s
 20917112 8156418  748.00000   52   12  852.99966  663.00000  22.3%   4.6 6185s
 20933637 8163366  728.00000   66   17  852.99966  663.00000  22.3%   4.6 6190s
 20949986 8170351  746.00000   68    9  852.99966  663.00000  22.3%   4.6 6195s
 20966892 8177909 infeasible   63       852.99966  663.00000  22.3%   4.6 6200s
 20982910 8184959  746.00000   62   14  852.99966  663.00000  22.3%   4.6 6205s
 20999796 8191840  822.00000   59    2  852.99966  663.00000  22.3%   4.6 6210s
 21017122 8199259  735.00000   87    9  852.99966  663.00000  22.3%   4.6 6215s
 21034454 8206048 infeasible   70       852.99966  663.00000  22.3%   4.6 6220s
 21051391 8213544  748.00000   63   11  852.99966  663.00000  22.3%   4.6 6225s
 21068983 8220322  751.00000   75    7  852.99966  663.00000  22.3%   4.6 6230s
 21085806 8226878  769.00000   77    6  852.99966  663.00000  22.3%   4.6 6235s
 21103440 8232648  699.92308   66   10  852.99966  663.00000  22.3%   4.6 6240s
 21119273 8236618 infeasible   65       852.99966  663.00000  22.3%   4.6 6245s
 21135880 8243335  699.00000   75   10  852.99966  663.00000  22.3%   4.6 6250s
 21153272 8250918  748.00000   62    9  852.99966  663.00000  22.3%   4.6 6255s
 21169942 8257704  780.00000   92    5  852.99966  663.00000  22.3%   4.6 6260s
 21186804 8264723 infeasible   80       852.99966  663.00000  22.3%   4.6 6265s
 21204738 8272319  793.00000   68    7  852.99966  663.00000  22.3%   4.6 6270s
 21221088 8278513 infeasible   70       852.99966  663.00000  22.3%   4.6 6275s
 21237601 8282892 infeasible   59       852.99966  663.00000  22.3%   4.6 6280s
 21254909 8287677  679.00000   71   16  852.99966  663.00000  22.3%   4.6 6285s
 21271924 8292184  737.00000   72   10  852.99966  663.00000  22.3%   4.6 6290s
 21288932 8299237  771.00000   73    9  852.99966  663.00000  22.3%   4.6 6295s
 21305455 8305388  767.00000   65   10  852.99966  663.00000  22.3%   4.6 6300s
 21322947 8311972 infeasible   86       852.99966  663.00000  22.3%   4.6 6305s
 21338892 8316737 infeasible   65       852.99966  663.00000  22.3%   4.6 6310s
 21356130 8321736  721.00000   69   11  852.99966  663.00000  22.3%   4.6 6315s
 21373044 8327779  706.00000   67   15  852.99966  663.00000  22.3%   4.6 6320s
 21390735 8334946  771.00000   69    8  852.99966  663.00000  22.3%   4.6 6325s
 21407922 8341709 infeasible   80       852.99966  663.00000  22.3%   4.6 6330s
 21425185 8348503  741.00000   78   12  852.99966  663.00000  22.3%   4.6 6335s
 21442397 8352654  778.00000   67    7  852.99966  663.00000  22.3%   4.6 6340s
 21458828 8358987  687.00000   59   14  852.99966  663.00000  22.3%   4.6 6345s
 21475591 8364006 infeasible   68       852.99966  663.00000  22.3%   4.6 6350s
 21493361 8371701  833.00000  108    4  852.99966  663.00000  22.3%   4.6 6355s
 21510530 8377741  721.00000   75   12  852.99966  663.00000  22.3%   4.6 6360s
 21529246 8385079  713.00000   77   17  852.99966  663.00000  22.3%   4.6 6365s
 21545616 8391366  715.00000   67   11  852.99966  663.00000  22.3%   4.6 6370s
 21564203 8399216  745.00000   73   11  852.99966  663.00000  22.3%   4.6 6375s
 21581357 8406320  679.00000   63   18  852.99966  663.00000  22.3%   4.6 6380s
 21598959 8413673 infeasible   75       852.99966  663.00000  22.3%   4.6 6385s
 21616007 8420288 infeasible   68       852.99966  663.00000  22.3%   4.6 6390s
 21634123 8428504  737.00000   71   10  852.99966  663.00000  22.3%   4.6 6395s
 21651362 8435043 infeasible   68       852.99966  663.00000  22.3%   4.6 6400s
 21669663 8442377  756.00000   78   12  852.99966  663.00000  22.3%   4.6 6405s
 21687755 8449792  742.00000   71    9  852.99966  663.00000  22.3%   4.6 6410s
 21703663 8454813  728.00000   69   12  852.99966  663.00000  22.3%   4.6 6415s
 21721751 8462074  716.00000   68   13  852.99966  663.00000  22.3%   4.6 6420s
 21739480 8469945 infeasible   68       852.99966  663.00000  22.3%   4.6 6425s
 21756472 8476641  714.00000   65   18  852.99966  663.00000  22.3%   4.6 6430s
 21775474 8484403  675.00000   77   16  852.99966  663.00000  22.3%   4.6 6435s
 21794268 8490568  694.00000   74   12  852.99966  663.00000  22.3%   4.6 6440s
 21812083 8496972 infeasible   93       852.99966  663.00000  22.3%   4.6 6445s
 21828973 8503129  770.00000   70    6  852.99966  663.00000  22.3%   4.6 6450s
 21846542 8510197  728.00000   79   11  852.99966  663.00000  22.3%   4.6 6455s
 21864433 8515792  725.00000   74   10  852.99966  663.00000  22.3%   4.6 6460s
 21881811 8522313 infeasible   70       852.99966  663.00000  22.3%   4.6 6465s
 21898476 8527791  756.00000   79   11  852.99966  663.00000  22.3%   4.6 6470s
 21916175 8532859  708.00000   68   13  852.99966  663.00000  22.3%   4.6 6475s
 21932524 8537562  827.00000   88    3  852.99966  663.00000  22.3%   4.6 6480s
 21949373 8542542  663.00000   55   25  852.99966  663.00000  22.3%   4.6 6485s
 21966502 8548646  737.00000   72   11  852.99966  663.00000  22.3%   4.6 6490s
 21984353 8555540  716.00000   66   10  852.99966  663.00000  22.3%   4.6 6495s
 22002921 8562770  821.00000   83    3  852.99966  663.00000  22.3%   4.6 6500s
 22019635 8568808 infeasible   67       852.99966  664.00000  22.2%   4.6 6505s
 22034520 8573922  714.00000   84   11  852.99966  664.00000  22.2%   4.6 6510s
 22050504 8579042  779.00000   94    4  852.99966  664.00000  22.2%   4.6 6515s
 22065794 8584078  714.00000   63   16  852.99966  664.00000  22.2%   4.6 6520s
 22082221 8590282  681.00000   70   15  852.99966  664.00000  22.2%   4.6 6525s
 22097097 8595326  758.00000   80    7  852.99966  664.00000  22.2%   4.6 6530s
 22114070 8601099  761.00000   72    7  852.99966  664.00000  22.2%   4.6 6535s
 22129439 8606165  690.00000   67   16  852.99966  664.00000  22.2%   4.6 6540s
 22146133 8612007  714.00000   71   10  852.99966  664.00000  22.2%   4.6 6545s
 22161396 8617030 infeasible   77       852.99966  664.00000  22.2%   4.6 6550s
 22177229 8622344  664.00000   66   16  852.99966  664.00000  22.2%   4.6 6555s
 22192322 8627467  722.00000   82    9  852.99966  664.00000  22.2%   4.6 6560s
 22208358 8633143  716.00000   67   14  852.99966  664.00000  22.2%   4.6 6565s
 22224157 8638490  714.00000   77   13  852.99966  664.00000  22.2%   4.6 6570s
 22239750 8643392  793.00000   69    8  852.99966  664.00000  22.2%   4.6 6575s
 22256693 8649081 infeasible   66       852.99966  664.00000  22.2%   4.6 6580s
 22272388 8654521  714.00000   66   14  852.99966  664.00000  22.2%   4.6 6585s
 22288382 8659938  795.00000   77    4  852.99966  664.00000  22.2%   4.6 6590s
 22304217 8664717 infeasible   71       852.99966  664.00000  22.2%   4.6 6595s
 22319847 8669685 infeasible   81       852.99966  664.00000  22.2%   4.6 6600s
 22334742 8674156  722.00000   77   11  852.99966  664.00000  22.2%   4.6 6605s
 22351569 8679625  664.00000   66   18  852.99966  664.00000  22.2%   4.6 6610s
 22366862 8684527  716.00000   54   18  852.99966  664.00000  22.2%   4.6 6615s
 22381980 8689115  728.00000   69   14  852.99966  664.00000  22.2%   4.6 6620s
 22398776 8694827  731.00000   87    9  852.99966  664.00000  22.2%   4.6 6625s
 22414829 8700293  722.00000   62   11  852.99966  664.00000  22.2%   4.6 6630s
 22432022 8705755  714.00000   71    9  852.99966  664.00000  22.2%   4.6 6635s
 22448067 8711167 infeasible   77       852.99966  664.00000  22.2%   4.6 6640s
 22464157 8716295  714.00000   70   12  852.99966  664.00000  22.2%   4.6 6645s
 22479855 8721460 infeasible   73       852.99966  664.00000  22.2%   4.6 6650s
 22495299 8726420  727.00000   53   13  852.99966  664.00000  22.2%   4.6 6655s
 22510616 8731524 infeasible   68       852.99966  664.00000  22.2%   4.6 6660s
 22527225 8737507  714.00000   57   14  852.99966  664.00000  22.2%   4.6 6665s
 22543152 8742732  728.00000   70   12  852.99966  664.00000  22.2%   4.6 6670s
 22558738 8747790 infeasible   64       852.99966  664.00000  22.2%   4.6 6675s
 22575095 8753791 infeasible   68       852.99966  664.00000  22.2%   4.6 6680s
 22591544 8759617  735.00000   80    9  852.99966  664.00000  22.2%   4.6 6685s
 22608064 8765908  835.00000   79    3  852.99966  664.00000  22.2%   4.6 6690s
 22623984 8771377 infeasible   73       852.99966  664.00000  22.2%   4.6 6695s
 22639539 8776691 infeasible   74       852.99966  664.00000  22.2%   4.6 6700s
 22656650 8783480 infeasible   98       852.99966  664.00000  22.2%   4.6 6705s
 22672982 8789715  728.00000   63    9  852.99966  664.00000  22.2%   4.6 6710s
 22689442 8793476 infeasible   68       852.99966  664.00000  22.2%   4.6 6715s
 22705086 8796162  750.00000   74    9  852.99966  664.00000  22.2%   4.6 6720s
 22721890 8799579  767.00000  103    8  852.99966  664.00000  22.2%   4.6 6725s
 22739139 8805700  789.00000   86    4  852.99966  664.00000  22.2%   4.6 6730s
 22755368 8810794  714.00000   64   15  852.99966  664.00000  22.2%   4.6 6735s
 22771159 8816034 infeasible   57       852.99966  664.00000  22.2%   4.6 6740s
 22788453 8822050  748.00000   55   13  852.99966  664.00000  22.2%   4.6 6745s
 22803553 8825675 infeasible   76       852.99966  664.00000  22.2%   4.6 6750s
 22820657 8831704  747.00000   58   10  852.99966  664.00000  22.2%   4.6 6755s
 22835811 8836707 infeasible   84       852.99966  664.00000  22.2%   4.6 6760s
 22851631 8841535 infeasible   56       852.99966  664.00000  22.2%   4.6 6765s
 22868524 8847448 infeasible   57       852.99966  664.00000  22.2%   4.6 6770s
 22884320 8851956  664.00000   65   19  852.99966  664.00000  22.2%   4.6 6775s
 22901907 8857536  732.00000   50   13  852.99966  664.00000  22.2%   4.6 6780s
 22917376 8862899  681.00000   50   13  852.99966  664.00000  22.2%   4.6 6785s
 22933226 8865771 infeasible   75       852.99966  664.00000  22.2%   4.6 6790s
 22948407 8868446  698.00000   73   13  852.99966  664.00000  22.2%   4.6 6795s
 22964693 8874002  667.00000   71   17  852.99966  664.00000  22.2%   4.6 6800s
 22980761 8876989  664.00000   73   12  852.99966  664.00000  22.2%   4.6 6805s
 22995814 8879326  722.00000   72    8  852.99966  664.00000  22.2%   4.6 6810s
 23011712 8883028  782.00000   80    7  852.99966  664.00000  22.2%   4.6 6815s
 23028618 8888742 infeasible   76       852.99966  664.00000  22.2%   4.6 6820s
 23043662 8892960  683.00000   66   16  852.99966  664.00000  22.2%   4.6 6825s
 23059956 8897962  699.00000   77   14  852.99966  664.00000  22.2%   4.6 6830s
 23075234 8903073  714.00000   74    9  852.99966  664.00000  22.2%   4.6 6835s
 23091597 8905690 infeasible   62       852.99966  664.00000  22.2%   4.6 6840s
 23107795 8909327  664.00000   72   17  852.99966  664.00000  22.2%   4.6 6845s
 23124888 8912662  762.00000   74    9  852.99966  664.00000  22.2%   4.6 6850s
 23139733 8914517  735.00000   61   10  852.99966  664.00000  22.2%   4.6 6855s
 23156168 8919249 infeasible   76       852.99966  664.00000  22.2%   4.6 6860s
 23171885 8923179 infeasible   73       852.99966  664.00000  22.2%   4.6 6865s
 23187962 8928540 infeasible   52       852.99966  664.00000  22.2%   4.6 6870s
 23204238 8933958  664.00000   77   13  852.99966  664.00000  22.2%   4.6 6875s
 23220423 8939841  670.00000   63   18  852.99966  664.00000  22.2%   4.6 6880s
 23235576 8944222 infeasible   85       852.99966  664.00000  22.2%   4.6 6885s
 23252325 8950771 infeasible   49       852.99966  664.00000  22.2%   4.6 6890s
 23268920 8957244 infeasible   63       852.99966  664.00000  22.2%   4.6 6895s
 23285220 8963319 infeasible   68       852.99966  664.00000  22.2%   4.6 6900s
 23302505 8970366 infeasible   93       852.99966  664.00000  22.2%   4.6 6905s
 23318500 8975886  714.00000   59   16  852.99966  664.00000  22.2%   4.6 6910s
 23334743 8981346  734.00000   78   11  852.99966  664.00000  22.2%   4.6 6915s
 23351112 8987727  688.00000   68   13  852.99966  664.00000  22.2%   4.6 6920s
 23367215 8993344  722.00000   64   14  852.99966  664.00000  22.2%   4.6 6925s
 23383982 8999144  738.00000   71   15  852.99966  664.00000  22.2%   4.6 6930s
 23400070 9004843  714.00000   62   19  852.99966  664.00000  22.2%   4.6 6935s
 23415611 9010621 infeasible   61       852.99966  664.00000  22.2%   4.6 6940s
 23431967 9016592 infeasible   76       852.99966  664.00000  22.2%   4.6 6945s
 23449004 9023636  759.00000   67   10  852.99966  664.00000  22.2%   4.6 6950s
 23465639 9030116 infeasible   77       852.99966  664.00000  22.2%   4.6 6955s
 23482718 9035939  679.00000   56   11  852.99966  664.00000  22.2%   4.6 6960s
 23498989 9042288  788.00000   65   10  852.99966  664.00000  22.2%   4.6 6965s
 23515516 9048587  756.00000   80    9  852.99966  664.00000  22.2%   4.6 6970s
 23530747 9052939  724.00000   76   10  852.99966  664.00000  22.2%   4.6 6975s
 23547501 9058851 infeasible   65       852.99966  664.00000  22.2%   4.6 6980s
 23563631 9064922  722.00000   78    9  852.99966  664.00000  22.2%   4.6 6985s
 23580433 9071341  727.00000   67   12  852.99966  664.00000  22.2%   4.6 6990s
 23596485 9076877 infeasible   80       852.99966  664.00000  22.2%   4.6 6995s
 23613688 9082491  748.00000   71    9  852.99966  664.00000  22.2%   4.6 7000s
 23629788 9088084  727.00000   79    9  852.99966  664.00000  22.2%   4.6 7005s
 23646374 9093882 infeasible   80       852.99966  664.00000  22.2%   4.6 7010s
 23663427 9099223  684.00000   57   13  852.99966  664.00000  22.2%   4.6 7015s
 23678752 9103699  734.00000   69   10  852.99966  664.00000  22.2%   4.6 7020s
 23695588 9108992 infeasible   70       852.99966  664.00000  22.2%   4.6 7025s
 23712105 9114981  761.00000   77    7  852.99966  664.00000  22.2%   4.6 7030s
 23728043 9120478  695.00000   49   12  852.99966  664.00000  22.2%   4.6 7035s
 23745309 9126381  695.80000   67   13  852.99966  664.00000  22.2%   4.6 7040s
 23761082 9132246  795.00000   65    7  852.99966  664.00000  22.2%   4.6 7045s
 23778309 9139292  689.00000   69   15  852.99966  664.00000  22.2%   4.6 7050s
 23794742 9145108  750.00000   76   11  852.99966  664.00000  22.2%   4.6 7055s
 23811385 9151703 infeasible   62       852.99966  664.00000  22.2%   4.6 7060s
 23829082 9158068 infeasible   80       852.99966  664.00000  22.2%   4.6 7065s
 23845606 9163379  759.00000   80    9  852.99966  664.00000  22.2%   4.6 7070s
 23862644 9167469 infeasible   76       852.99966  664.00000  22.2%   4.6 7075s
 23879742 9172688  797.00000   94    6  852.99966  664.00000  22.2%   4.6 7080s
 23896110 9178311 infeasible   65       852.99966  664.00000  22.2%   4.6 7085s
 23912136 9183994 infeasible   62       852.99966  664.00000  22.2%   4.6 7090s
 23929305 9189649  677.00000   58   14  852.99966  664.00000  22.2%   4.6 7095s
 23946069 9195766 infeasible   74       852.99966  664.00000  22.2%   4.6 7100s
 23963176 9202501 infeasible   77       852.99966  664.00000  22.2%   4.6 7105s
 23980141 9208455  714.00000   61   18  852.99966  664.00000  22.2%   4.6 7110s
 23996607 9214408  674.00000   69   12  852.99966  664.00000  22.2%   4.6 7115s
 24014107 9220204  690.00000   73   13  852.99966  664.00000  22.2%   4.6 7120s
 24029992 9225092 infeasible   68       852.99966  664.00000  22.2%   4.6 7125s
 24046023 9230191  751.00000   76    8  852.99966  664.00000  22.2%   4.6 7130s
 24063443 9236234 infeasible   73       852.99966  664.00000  22.2%   4.6 7135s
 24080337 9241901  780.00000   78    6  852.99966  664.00000  22.2%   4.6 7140s
 24096643 9247128 infeasible   84       852.99966  664.00000  22.2%   4.6 7145s
 24112540 9251843  679.00000   75   20  852.99966  664.00000  22.2%   4.6 7150s
 24129609 9257819  727.00000   80   13  852.99966  664.00000  22.2%   4.6 7155s
 24146613 9263850 infeasible   78       852.99966  664.00000  22.2%   4.6 7160s
 24163032 9269204  709.00000   62   16  852.99966  664.00000  22.2%   4.6 7165s
 24179474 9274662  714.00000   78   13  852.99966  664.00000  22.2%   4.6 7170s
 24195851 9278697  749.00000   83    9  852.99966  664.00000  22.2%   4.6 7175s
 24212581 9284858 infeasible   71       852.99966  664.00000  22.2%   4.6 7180s
 24229136 9290824  727.00000   70   10  852.99966  664.00000  22.2%   4.6 7185s
 24245187 9296296  714.00000   79   12  852.99966  664.00000  22.2%   4.6 7190s
 24263100 9302536  775.00000   72    9  852.99966  664.00000  22.2%   4.6 7195s

Cutting planes:
  Gomory: 1
  MIR: 4
  Flow cover: 9
  Relax-and-lift: 1

Explored 24279494 nodes (112188578 simplex iterations) in 7200.00 seconds (6246.01 work units)
Thread count was 1 (of 96 available processors)

Solution count 10: 853 853 853 ... 958

Time limit reached
Best objective 8.529996640008e+02, best bound 6.640000000000e+02, gap 22.1571%
WARNING: Loading a SolverResults object with an 'aborted' status, but
    containing a solution
Time: 7210.81 sec, Objective: 852.9996640007784, Termination: maxTimeLimit

[GDP] Scheduling Data 9 | Model: General Precedence GDP | Transformation: gdp.hull
Set parameter TokenServer to value "mooring.ecn.purdue.edu"
Read LP format model from file /tmp/tmpi7nj93yh.pyomo.lp
Reading time = 0.01 seconds
x2642: 5746 rows, 2642 columns, 13171 nonzeros
Set parameter TimeLimit to value 7200
Set parameter Threads to value 1
Gurobi Optimizer version 11.0.0 build v11.0.0rc2 (linux64 - "Oracle Linux Server 9.5")

CPU model: AMD EPYC 7643 48-Core Processor, instruction set [SSE2|AVX|AVX2]
Thread count: 48 physical cores, 96 logical processors, using up to 1 threads

Optimize a model with 5746 rows, 2642 columns and 13171 nonzeros
Model fingerprint: 0x1bfdbbb7
Variable types: 1772 continuous, 870 integer (870 binary)
Coefficient statistics:
  Matrix range     [1e+00, 1e+03]
  Objective range  [1e+00, 1e+00]
  Bounds range     [1e+00, 1e+03]
  RHS range        [1e+00, 1e+03]
Presolve removed 2205 rows and 1561 columns
Presolve time: 0.03s
Presolved: 3541 rows, 1081 columns, 9882 nonzeros
Variable types: 731 continuous, 350 integer (350 binary)

Root relaxation: objective 5.110000e+02, 1294 iterations, 0.02 seconds (0.02 work units)

    Nodes    |    Current Node    |     Objective Bounds      |     Work
 Expl Unexpl |  Obj  Depth IntInf | Incumbent    BestBd   Gap | It/Node Time

     0     0  511.00000    0   63          -  511.00000      -     -    0s
     0     0  511.00000    0   66          -  511.00000      -     -    0s
     0     0  511.00000    0   60          -  511.00000      -     -    0s
     0     0  511.00000    0   48          -  511.00000      -     -    0s
     0     0  511.00000    0   43          -  511.00000      -     -    0s
     0     0  511.00000    0   47          -  511.00000      -     -    0s
     0     0  511.00000    0   50          -  511.00000      -     -    0s
     0     0  511.08969    0   51          -  511.08969      -     -    0s
     0     0  511.16764    0   46          -  511.16764      -     -    0s
     0     0  511.16764    0   45          -  511.16764      -     -    0s
     0     0  511.16764    0   45          -  511.16764      -     -    0s
     0     0  511.16764    0   47          -  511.16764      -     -    0s
     0     0  511.43073    0   47          -  511.43073      -     -    0s
     0     0  511.43073    0   45          -  511.43073      -     -    0s
     0     0  511.43073    0   44          -  511.43073      -     -    0s
     0     0  511.43073    0   43          -  511.43073      -     -    0s
     0     0  511.43073    0   43          -  511.43073      -     -    0s
     0     0  511.43073    0   39          -  511.43073      -     -    0s
     0     0  511.43073    0   40          -  511.43073      -     -    0s
     0     0  511.43114    0   40          -  511.43114      -     -    0s
     0     0  511.43114    0   40          -  511.43114      -     -    0s
     0     0  511.43114    0   47          -  511.43114      -     -    0s
     0     0  511.43114    0   47          -  511.43114      -     -    0s
     0     0  511.43114    0   38          -  511.43114      -     -    0s
     0     0  511.43114    0   36          -  511.43114      -     -    0s
     0     0  511.43114    0   39          -  511.43114      -     -    0s
     0     0  511.43114    0   39          -  511.43114      -     -    0s
     0     2  511.48055    0   39          -  511.48055      -     -    0s
  1442   636  624.00000   18   43          -  530.00000      -  27.0    5s
  3763  1948  737.00000   39   18          -  535.00000      -  32.3   10s
  5803  3056  565.00000   27   40          -  541.00000      -  35.4   15s
  7929  4183  640.00000   29   29          -  543.00000      -  36.6   20s
 10023  5638  626.00000   27   34          -  544.00000      -  37.1   25s
 10202  5737  578.00000   20   50          -  544.00000      -  37.0   30s
H10305  5802                    1055.0000000  544.00000  48.4%  37.0   31s
H10305  5802                     860.0000000  544.00000  36.7%  37.0   31s
 11262  6337  613.00000   29   45  860.00000  547.00000  36.4%  37.2   35s
H11475  6444                     859.0000000  547.00000  36.3%  37.2   35s
H11822  6601                     858.9999999  549.00000  36.1%  38.0   39s
 12076  6726 infeasible   42       859.00000  549.00000  36.1%  38.1   40s
 14115  7689  682.00000   32   28  859.00000  551.00000  35.9%  38.3   45s
 16085  8737  683.00000   38   28  859.00000  551.00000  35.9%  38.1   50s
 18118  9594  576.00000   21   51  859.00000  552.00000  35.7%  38.8   55s
 20404 10695 infeasible   50       859.00000  553.00000  35.6%  38.7   60s
 22913 12066  743.00000   59   14  859.00000  554.00000  35.5%  38.3   65s
 25286 13472  592.00000   22   50  859.00000  555.00000  35.4%  37.9   70s
 27305 14412  599.00000   26   36  859.00000  555.00000  35.4%  37.9   75s
 29496 15259  622.09091   26   43  859.00000  556.00000  35.3%  37.9   80s
 31842 16503  681.00000   36   25  859.00000  556.00000  35.3%  37.9   85s
 34047 17682 infeasible   40       859.00000  558.00000  35.0%  38.0   90s
 36237 18760  652.00000   26   52  859.00000  559.00000  34.9%  38.1   95s
 38473 19840 infeasible   23       859.00000  560.00000  34.8%  38.1  100s
 41027 21184 infeasible   47       859.00000  560.00000  34.8%  37.8  105s
 43068 22150 infeasible   36       859.00000  560.00000  34.8%  38.0  110s
*43141 22181              56     853.0000000  560.00000  34.3%  38.0  110s
 44173 22679  561.00000   20   61  853.00000  561.00000  34.2%  38.1  115s
 46530 23953  746.00000   30   17  853.00000  561.00000  34.2%  38.0  120s
 48284 24873  635.00000   26   62  853.00000  561.00000  34.2%  38.1  125s
 50276 25634  674.92500   37   23  853.00000  562.00000  34.1%  38.2  130s
 52843 26985  743.00000   45   14  853.00000  563.00000  34.0%  38.0  135s
 55159 28157  699.00000   32   33  853.00000  564.00000  33.9%  38.0  140s
 57422 29346 infeasible   34       853.00000  565.00000  33.8%  37.9  145s
 59629 30347  707.00000   53   16  853.00000  565.43182  33.7%  38.0  150s
 61781 31348  667.00000   35   32  853.00000  566.00000  33.6%  38.1  155s
 63743 32302  577.00000   32   45  853.00000  566.00000  33.6%  38.3  160s
 65680 33116  773.00000   49    9  853.00000  567.00000  33.5%  38.4  165s
 68526 34844  567.00000   24   36  853.00000  567.00000  33.5%  38.0  170s
 70791 36024  726.00000   57   21  853.00000  567.00000  33.5%  38.0  175s
 73090 37232  717.00000   41   33  853.00000  567.00000  33.5%  38.0  180s
 75185 38053  618.00000   27   29  853.00000  568.00000  33.4%  38.1  185s
H77275 39058                     852.9999999  568.00000  33.4%  38.2  190s
 78431 39737  628.00000   31   34  853.00000  568.00000  33.4%  38.2  195s
 80900 41231  728.00000   38   22  853.00000  568.00000  33.4%  38.1  200s
 83071 42359 infeasible   33       853.00000  569.00000  33.3%  38.0  205s
 85444 43608  594.00000   30   38  853.00000  569.00000  33.3%  37.9  210s
 87722 44823  612.00000   35   40  853.00000  569.00000  33.3%  37.9  215s
 89684 45753 infeasible   89       853.00000  570.00000  33.2%  38.0  220s
 91818 46739  727.00000   37   19  853.00000  570.00000  33.2%  38.1  225s
 94087 47821  620.00000   31   36  853.00000  571.00000  33.1%  38.1  230s
 96635 49202  772.00000   57   14  853.00000  571.00000  33.1%  37.9  235s
 99172 50596  727.00000   43   24  853.00000  572.00000  32.9%  37.8  240s
 101412 51581  633.00000   29   48  853.00000  572.00000  32.9%  37.8  245s
 103584 52717  661.00000   30   41  853.00000  572.00000  32.9%  37.8  250s
 106065 54101  735.00000   48   23  853.00000  573.00000  32.8%  37.7  255s
 108476 55136 infeasible   53       853.00000  573.00000  32.8%  37.7  260s
 110800 56341 infeasible   50       853.00000  573.44444  32.8%  37.6  265s
 113285 57764  775.00000   50    7  853.00000  574.00000  32.7%  37.5  270s
 115246 58757  655.00000   39   41  853.00000  574.00000  32.7%  37.6  275s
 117603 60111  808.00000   69    6  853.00000  574.00000  32.7%  37.5  280s
 120363 61644  574.00000   31   63  853.00000  574.00000  32.7%  37.4  285s
 122513 62889  709.00000   33   38  853.00000  574.00000  32.7%  37.3  290s
 124375 63869  724.00000   31   38  853.00000  574.00000  32.7%  37.3  295s
 126589 64859  614.00000   36   37  853.00000  575.00000  32.6%  37.4  300s
 128827 66052  717.00000   48   17  853.00000  575.00000  32.6%  37.4  305s
 130612 66819  625.00000   36   33  853.00000  575.00000  32.6%  37.5  310s
 132993 68139 infeasible   24       853.00000  575.00000  32.6%  37.4  315s
 135301 69270 infeasible   28       853.00000  575.98182  32.5%  37.4  320s
 137322 69981  667.00000   31   25  853.00000  576.00000  32.5%  37.4  325s
 139557 71083  806.00000   60    8  853.00000  576.00000  32.5%  37.4  330s
 142269 72583 infeasible   41       853.00000  576.00000  32.5%  37.3  335s
 144239 73366  716.00000   44   20  853.00000  576.00000  32.5%  37.3  340s
 145446 73785  631.00000   34   51  853.00000  576.00000  32.5%  37.4  345s
 147616 74755  714.00000   35   29  853.00000  577.00000  32.4%  37.5  350s
 150196 76049  762.00000   41   18  853.00000  577.00000  32.4%  37.4  355s
 152486 77136  645.00000   32   30  853.00000  577.00000  32.4%  37.4  360s
 154747 78170  708.00000   42   28  853.00000  577.00000  32.4%  37.3  365s
 156851 79192  610.00000   33   54  853.00000  577.00000  32.4%  37.3  370s
 159424 80513 infeasible   31       853.00000  577.09091  32.3%  37.2  375s
 161715 81706  724.00000   43   26  853.00000  578.00000  32.2%  37.2  380s
 163910 82852  703.00000   42   30  853.00000  578.00000  32.2%  37.2  385s
 166099 84087  785.00000   58    9  853.00000  578.00000  32.2%  37.2  390s
 168620 85428  578.00000   20   52  853.00000  578.00000  32.2%  37.1  395s
 170631 86500  605.00000   27   49  853.00000  578.00000  32.2%  37.1  400s
 173164 87871 infeasible   48       853.00000  578.00000  32.2%  37.0  405s
 175481 89138  614.62500   27   39  853.00000  579.00000  32.1%  37.0  410s
 177789 90430  776.00000   37   12  853.00000  579.00000  32.1%  37.0  415s
 180189 91621  716.00000   39   29  853.00000  579.00000  32.1%  37.0  420s
 182335 92640 infeasible   53       853.00000  579.00000  32.1%  37.0  425s
 184876 93832  681.00000   41   25  853.00000  580.00000  32.0%  36.9  430s
 187444 95305  716.00000   35   22  853.00000  580.00000  32.0%  36.9  435s
 189583 96631  763.00000   68    7  853.00000  580.00000  32.0%  36.8  440s
 192046 97947  787.00000   54    9  853.00000  580.00000  32.0%  36.8  445s
 194365 99237  674.00000   34   43  853.00000  580.00000  32.0%  36.8  450s
 196748 100432  608.00000   26   29  853.00000  581.00000  31.9%  36.7  455s
 199398 101943 infeasible   56       853.00000  581.00000  31.9%  36.7  460s
 201108 102696  581.00000   30   41  853.00000  581.00000  31.9%  36.7  465s
 203356 103819 infeasible   29       853.00000  581.00000  31.9%  36.7  470s
 205749 105001 infeasible   31       853.00000  581.00000  31.9%  36.7  475s
 207888 106129  773.00000   52   17  853.00000  582.00000  31.8%  36.7  480s
 210102 107211 infeasible   38       853.00000  582.00000  31.8%  36.7  485s
 212207 108170  643.00000   30   33  853.00000  583.00000  31.7%  36.8  490s
 214466 109195 infeasible   63       853.00000  583.00000  31.7%  36.8  495s
 216954 110696  698.00000   47   32  853.00000  583.00000  31.7%  36.7  500s
 219360 112131  732.00000   39   21  853.00000  583.00000  31.7%  36.7  505s
 221555 113242  743.00000   49   14  853.00000  583.00000  31.7%  36.7  510s
 223747 114445  780.00000   39   14  853.00000  583.00000  31.7%  36.7  515s
 226142 115777  647.00000   35   35  853.00000  583.00000  31.7%  36.7  520s
 228547 117077  737.00000   44   20  853.00000  583.00000  31.7%  36.7  525s
 230398 117915 infeasible   37       853.00000  583.00000  31.7%  36.7  530s
 232436 118575 infeasible   33       853.00000  583.00000  31.7%  36.7  535s
 234646 119466  814.00000   76    7  853.00000  584.00000  31.5%  36.7  540s
 237148 120845  716.00000   31   19  853.00000  584.00000  31.5%  36.7  545s
 239762 122443  701.00000   25   39  853.00000  584.00000  31.5%  36.6  550s
 242254 123858  833.00000   66   12  853.00000  584.00000  31.5%  36.6  555s
 244508 124952  656.00000   32   38  853.00000  584.00000  31.5%  36.6  560s
 246948 126207  651.00000   47   37  853.00000  584.00000  31.5%  36.5  565s
 249208 127275  699.00000   44   25  853.00000  584.00000  31.5%  36.5  570s
 251464 128413 infeasible   43       853.00000  584.00000  31.5%  36.5  575s
 253276 129264  664.00000   26   46  853.00000  584.00000  31.5%  36.6  580s
 255555 130253  699.00000   41   21  853.00000  585.00000  31.4%  36.6  585s
 257743 131378  613.00000   22   31  853.00000  585.00000  31.4%  36.6  590s
 260192 132726 infeasible   37       853.00000  585.00000  31.4%  36.5  595s
 262378 133694  585.00000   23   54  853.00000  585.00000  31.4%  36.6  600s
 264385 134713  610.00000   28   45  853.00000  585.00000  31.4%  36.5  605s
 267036 136127 infeasible   58       853.00000  585.00000  31.4%  36.5  610s
 269759 137472  591.80000   25   57  853.00000  585.00000  31.4%  36.4  615s
 271896 138603 infeasible   41       853.00000  585.00000  31.4%  36.4  620s
 274332 139862  848.00000   74    3  853.00000  585.00000  31.4%  36.4  625s
 276753 141141 infeasible   43       853.00000  586.00000  31.3%  36.4  630s
 278800 142055  716.00000   40   28  853.00000  586.00000  31.3%  36.4  635s
 281018 143121  710.00000   35   18  853.00000  586.00000  31.3%  36.4  640s
 283341 144158 infeasible   49       853.00000  586.00000  31.3%  36.4  645s
 285198 145028  709.00000   31   27  853.00000  586.00000  31.3%  36.4  650s
 287402 146108  698.00000   30   37  853.00000  586.00000  31.3%  36.5  655s
 289670 147192  586.00000   21   48  853.00000  586.00000  31.3%  36.5  660s
 291880 148156  717.00000   37   25  853.00000  586.00000  31.3%  36.5  665s
 294222 149272 infeasible   31       853.00000  587.00000  31.2%  36.5  670s
 296464 150291 infeasible   37       853.00000  587.00000  31.2%  36.5  675s
 298966 151714  631.00000   35   33  853.00000  587.00000  31.2%  36.5  680s
 301327 153026  628.00000   30   38  853.00000  587.00000  31.2%  36.4  685s
 303584 154207  693.00000   38   24  853.00000  587.00000  31.2%  36.4  690s
 306291 155666 infeasible   24       853.00000  587.00000  31.2%  36.4  695s
 309061 157214  796.00000   40    9  853.00000  587.69565  31.1%  36.3  700s
 311458 158533  750.00000   46   19  853.00000  588.00000  31.1%  36.3  705s
 313749 159779  726.00000   35   24  853.00000  588.00000  31.1%  36.3  710s
 316365 161296  660.00000   36   27  853.00000  588.00000  31.1%  36.2  715s
 319033 162775  733.00000   53   22  853.00000  588.00000  31.1%  36.2  720s
 321506 164036  670.00000   31   45  853.00000  588.00000  31.1%  36.2  725s
 323928 165307 infeasible   40       853.00000  588.20000  31.0%  36.1  730s
 326062 166253  726.00000   42   25  853.00000  589.00000  30.9%  36.1  735s
 329030 168147  728.00000   41   16  853.00000  589.00000  30.9%  36.1  740s
 331320 169382  630.00000   34   43  853.00000  589.00000  30.9%  36.0  745s
 333852 170736  714.00000   53   22  853.00000  589.00000  30.9%  36.0  750s
 336350 172170  610.00000   32   41  853.00000  589.00000  30.9%  36.0  755s
 338675 173343  788.00000   47    8  853.00000  589.00000  30.9%  36.0  760s
 340841 174317 infeasible   30       853.00000  589.00000  30.9%  36.0  765s
 343085 175282  589.00000   30   52  853.00000  589.00000  30.9%  36.0  770s
 345382 176300  740.00000   44   30  853.00000  589.00000  30.9%  36.0  775s
 347720 177434  659.00000   44   33  853.00000  590.00000  30.8%  36.0  780s
 349856 178695  630.00000   30   41  853.00000  590.00000  30.8%  36.0  785s
 352361 180035  716.00000   39   21  853.00000  590.00000  30.8%  36.0  790s
 354813 181355  694.00000   39   28  853.00000  590.00000  30.8%  36.0  795s
 357255 182495 infeasible   38       853.00000  590.00000  30.8%  36.0  800s
 359487 183657  701.00000   38   19  853.00000  590.00000  30.8%  35.9  805s
 361803 184780 infeasible   47       853.00000  590.00000  30.8%  36.0  810s
 364127 185860 infeasible   33       853.00000  590.00000  30.8%  36.0  815s
 366466 187008  648.63636   30   39  853.00000  590.67532  30.8%  36.0  820s
 368504 188013  743.00000   51   17  853.00000  591.00000  30.7%  36.0  825s
 371365 189698  716.00000   40   33  853.00000  591.00000  30.7%  35.9  830s
 373677 190907  714.00000   46   19  853.00000  591.00000  30.7%  35.9  835s
 375837 191960  738.00000   32   17  853.00000  591.00000  30.7%  36.0  840s
 377695 192844  773.00000   54    7  853.00000  591.00000  30.7%  36.0  845s
 380099 194143  746.00000   60   11  853.00000  591.00000  30.7%  36.0  850s
 382701 195546  609.00000   26   47  853.00000  591.00000  30.7%  35.9  855s
 385122 196750  657.00000   33   35  853.00000  591.00000  30.7%  35.9  860s
 386984 197486  716.00000   45   21  853.00000  592.00000  30.6%  35.9  865s
 389426 198585  688.00000   28   37  853.00000  592.00000  30.6%  35.9  870s
 391721 199670  746.00000   62   14  853.00000  592.00000  30.6%  35.9  875s
 393760 200575 infeasible   47       853.00000  592.00000  30.6%  36.0  880s
 395655 201531  699.00000   38   20  853.00000  592.00000  30.6%  36.0  885s
 397809 202517 infeasible   46       853.00000  592.00000  30.6%  36.0  890s
 400201 203592  772.00000   40   40  853.00000  593.00000  30.5%  36.0  895s
 402771 204892 infeasible   68       853.00000  593.00000  30.5%  36.0  900s
 404925 206062  716.00000   39   21  853.00000  593.00000  30.5%  36.0  905s
 407426 207281  627.00000   28   45  853.00000  593.00000  30.5%  35.9  910s
 409709 208318  703.00000   38   25  853.00000  593.00000  30.5%  36.0  915s
 411986 209518  716.00000   47   26  853.00000  593.00000  30.5%  36.0  920s
 414233 210687  671.00000   35   34  853.00000  593.00000  30.5%  35.9  925s
 417078 212304  606.00000   28   49  853.00000  593.00000  30.5%  35.9  930s
 420061 214238  621.00000   33   42  853.00000  593.00000  30.5%  35.8  935s
 423379 216504  683.00000   36   24  853.00000  593.00000  30.5%  35.8  940s
 425609 217740  708.00000   33   32  853.00000  593.00000  30.5%  35.7  945s
 428642 219664  661.00000   29   41  853.00000  593.00000  30.5%  35.7  950s
 431476 221394  764.00000   68   15  853.00000  593.00000  30.5%  35.6  955s
 434341 223143  793.00000   98    9  853.00000  593.00000  30.5%  35.6  960s
 437547 225220  593.00000   29   54  853.00000  593.00000  30.5%  35.5  965s
 440084 226750  772.00000   55   14  853.00000  593.00000  30.5%  35.5  970s
 443119 228744  601.00000   29   55  853.00000  593.00000  30.5%  35.4  975s
 445688 230265  739.00000   54   17  853.00000  593.00000  30.5%  35.4  980s
 447875 231568  775.00000   69   16  853.00000  593.00000  30.5%  35.4  985s
 450454 232881  789.00000   68   24  853.00000  593.00000  30.5%  35.3  990s
 453050 234231 infeasible   64       853.00000  593.00000  30.5%  35.3  995s
 455508 235643  666.00000   36   40  853.00000  593.00000  30.5%  35.3 1000s
 457784 236894  717.00000   53   27  853.00000  593.00000  30.5%  35.3 1005s
 459497 237753 infeasible   65       853.00000  593.43750  30.4%  35.3 1010s
 462016 239071  634.00000   34   32  853.00000  594.00000  30.4%  35.3 1015s
 464482 240237  750.00000   38   11  853.00000  594.00000  30.4%  35.3 1020s
 467086 241575 infeasible   38       853.00000  594.00000  30.4%  35.3 1025s
 469379 242765  594.00000   32   38  853.00000  594.00000  30.4%  35.3 1030s
 472173 244324  602.00000   34   48  853.00000  594.00000  30.4%  35.3 1035s
 474247 245233  638.00000   36   35  853.00000  594.00000  30.4%  35.3 1040s
 476745 246537  649.04762   34   31  853.00000  594.00000  30.4%  35.3 1045s
 479463 248223  840.00000   74    5  853.00000  594.00000  30.4%  35.2 1050s
 481914 249555  714.00000   32   25  853.00000  594.00000  30.4%  35.2 1055s
 484594 251129  781.00000   46   11  853.00000  594.00000  30.4%  35.2 1060s
 487432 252803  827.00000   80    5  853.00000  594.00000  30.4%  35.1 1065s
 490384 254731 infeasible   54       853.00000  594.00000  30.4%  35.1 1070s
 493357 256599  761.00000   45   14  853.00000  594.00000  30.4%  35.0 1075s
 495968 258083  640.00000   45   38  853.00000  594.00000  30.4%  35.0 1080s
 498909 259990  825.00000   71    7  853.00000  594.00000  30.4%  34.9 1085s
 501627 261597  690.00000   41   39  853.00000  594.00000  30.4%  34.9 1090s
 504284 263037 infeasible   50       853.00000  594.44444  30.3%  34.9 1095s
 506779 264244  773.00000   44    9  853.00000  595.00000  30.2%  34.9 1100s
 508797 265277 infeasible   47       853.00000  595.00000  30.2%  34.9 1105s
 511201 266513  746.00000   39   11  853.00000  595.00000  30.2%  34.9 1110s
 513814 267964 infeasible   53       853.00000  595.00000  30.2%  34.9 1115s
 515962 268942  826.00000   44    5  853.00000  595.00000  30.2%  34.9 1120s
 518401 270088  625.00000   30   30  853.00000  595.00000  30.2%  34.9 1125s
 520574 271213 infeasible   57       853.00000  595.00000  30.2%  34.9 1130s
 523249 272456  648.00000   33   41  853.00000  595.00000  30.2%  34.9 1135s
 526032 273957  698.00000   44   25  853.00000  595.44444  30.2%  34.8 1140s
 528275 275143 infeasible   48       853.00000  596.00000  30.1%  34.8 1145s
 530788 276571  626.00000   36   27  853.00000  596.00000  30.1%  34.8 1150s
 533172 277832  729.00000   48   22  853.00000  596.00000  30.1%  34.8 1155s
 535250 278843  724.00000   37   18  853.00000  596.00000  30.1%  34.8 1160s
 537432 279877  733.00000   27   18  853.00000  596.00000  30.1%  34.8 1165s
 539712 281122  779.00000   41   14  853.00000  596.00000  30.1%  34.8 1170s
 542053 282385 infeasible   37       853.00000  596.00000  30.1%  34.8 1175s
 544761 283860  627.00000   29   43  853.00000  596.00000  30.1%  34.8 1180s
 547366 285157  790.00000   64    7  853.00000  596.09091  30.1%  34.8 1185s
 549770 286266  716.00000   36   23  853.00000  597.00000  30.0%  34.8 1190s
 552097 287521  674.00000   34   34  853.00000  597.00000  30.0%  34.8 1195s
 554332 288626  597.00000   28   58  853.00000  597.00000  30.0%  34.8 1200s
 556679 289763  688.00000   32   34  853.00000  597.00000  30.0%  34.8 1205s
 559078 291015  612.00000   23   40  853.00000  597.00000  30.0%  34.8 1210s
 561848 292641  689.00000   36   35  853.00000  597.00000  30.0%  34.8 1215s
 564082 293939  730.00000   40   25  853.00000  597.00000  30.0%  34.8 1220s
 566300 295000  814.00000   64    6  853.00000  597.00000  30.0%  34.8 1225s
 568549 296023  787.00000   51   10  853.00000  597.00000  30.0%  34.8 1230s
 570749 297056  803.00000   61    7  853.00000  597.00000  30.0%  34.8 1235s
 572986 298193  703.00000   39   31  853.00000  597.00000  30.0%  34.8 1240s
 575631 299727  695.00000   40   26  853.00000  597.00000  30.0%  34.8 1245s
 578202 301127  757.00000   44   18  853.00000  597.00000  30.0%  34.8 1250s
 581131 302795  747.00000   44   26  853.00000  597.00000  30.0%  34.8 1255s
 583391 303971  740.00000   44   20  853.00000  597.85294  29.9%  34.8 1260s
 585833 305194  683.00000   31   33  853.00000  598.00000  29.9%  34.8 1265s
 588347 306619  780.00000   56   10  853.00000  598.00000  29.9%  34.8 1270s
 590434 307487  615.00000   33   38  853.00000  598.00000  29.9%  34.8 1275s
 592121 308293  711.85294   55   15  853.00000  598.00000  29.9%  34.8 1280s
 594589 309654 infeasible   44       853.00000  598.00000  29.9%  34.8 1285s
 597182 311036 infeasible   45       853.00000  598.00000  29.9%  34.8 1290s
 599750 312554  647.00000   30   34  853.00000  598.00000  29.9%  34.8 1295s
 602391 314087  631.00000   32   44  853.00000  598.00000  29.9%  34.7 1300s
 604518 315123  610.00000   31   39  853.00000  598.00000  29.9%  34.7 1305s
 607250 316469  598.00000   29   41  853.00000  598.00000  29.9%  34.7 1310s
 609700 317681  809.00000   45   10  853.00000  598.00000  29.9%  34.7 1315s
 612120 318790 infeasible   43       853.00000  598.00000  29.9%  34.7 1320s
 614226 319857  682.00000   32   40  853.00000  598.00000  29.9%  34.7 1325s
 616872 321264  631.67532   42   54  853.00000  598.67532  29.8%  34.7 1330s
 619688 322936  632.00000   38   33  853.00000  599.00000  29.8%  34.7 1335s
 621820 323869  620.59308   34   32  853.00000  599.00000  29.8%  34.7 1340s
 623986 324944  658.00000   30   31  853.00000  599.00000  29.8%  34.7 1345s
 626384 326197  648.00000   29   30  853.00000  599.00000  29.8%  34.7 1350s
 628933 327503  713.00000   37   26  853.00000  599.00000  29.8%  34.7 1355s
 631400 328678  703.00000   37   27  853.00000  599.00000  29.8%  34.7 1360s
 633705 329754 infeasible   76       853.00000  599.00000  29.8%  34.7 1365s
 635808 330723 infeasible   43       853.00000  599.00000  29.8%  34.7 1370s
 637842 331657  685.67532   38   34  853.00000  599.00000  29.8%  34.7 1375s
 639976 332545  782.00000   59    7  853.00000  599.00000  29.8%  34.7 1380s
 641889 333312  698.00000   38   33  853.00000  599.29412  29.7%  34.8 1385s
 644270 334550  600.00000   27   40  853.00000  600.00000  29.7%  34.8 1390s
 646577 335689  610.00000   35   51  853.00000  600.00000  29.7%  34.7 1395s
 649129 337002  667.00000   30   42  853.00000  600.00000  29.7%  34.7 1400s
 651716 338391  786.00000   49   13  853.00000  600.00000  29.7%  34.7 1405s
 653853 339642 infeasible   41       853.00000  600.00000  29.7%  34.7 1410s
 656892 341467  807.00000   68   11  853.00000  600.00000  29.7%  34.7 1415s
 660063 343523  667.00000   34   30  853.00000  600.00000  29.7%  34.7 1420s
 662803 345010  783.00000   46    5  853.00000  600.00000  29.7%  34.6 1425s
 665462 346583 infeasible   31       853.00000  600.00000  29.7%  34.6 1430s
 667692 347692  709.00000   38   25  853.00000  600.00000  29.7%  34.6 1435s
 670413 349157 infeasible   42       853.00000  600.00000  29.7%  34.6 1440s
 672889 350395  801.00000   54    4  853.00000  600.00000  29.7%  34.6 1445s
 675078 351521  616.00000   29   47  853.00000  600.00000  29.7%  34.6 1450s
 677355 352489  727.00000   41   23  853.00000  600.00000  29.7%  34.6 1455s
 679428 353417  774.00000   47   22  853.00000  600.00000  29.7%  34.6 1460s
 681367 354090  699.00000   35   30  853.00000  600.00000  29.7%  34.7 1465s
 683421 354998  644.00000   39   47  853.00000  600.00000  29.7%  34.7 1470s
 685912 356048  626.00000   31   53  853.00000  600.00000  29.7%  34.7 1475s
 688368 357167  615.09091   30   44  853.00000  600.09091  29.6%  34.7 1480s
 690575 358457  728.29412   32   24  853.00000  600.31579  29.6%  34.7 1485s
 692863 359571  775.00000   52   10  853.00000  601.00000  29.5%  34.7 1490s
 695197 360738  656.00000   40   40  853.00000  601.00000  29.5%  34.7 1495s
 697717 362013  701.00000   34   25  853.00000  601.00000  29.5%  34.7 1500s
 700077 363297  700.00000   38   44  853.00000  601.00000  29.5%  34.7 1505s
 702527 364644  792.00000   50    9  853.00000  601.00000  29.5%  34.7 1510s
 705277 366222  656.00000   30   47  853.00000  601.00000  29.5%  34.6 1515s
 707434 367366 infeasible   51       853.00000  601.00000  29.5%  34.6 1520s
 710076 368870  619.00000   31   41  853.00000  601.00000  29.5%  34.6 1525s
 712408 370081 infeasible   60       853.00000  601.00000  29.5%  34.6 1530s
 715133 371658  602.00000   25   56  853.00000  601.00000  29.5%  34.6 1535s
 717419 372887  781.00000   44   20  853.00000  601.00000  29.5%  34.6 1540s
 720144 374369  774.00000   41   17  853.00000  601.00000  29.5%  34.6 1545s
 722433 375501  673.00000   44   40  853.00000  601.00000  29.5%  34.6 1550s
 724794 376749  725.00000   38   37  853.00000  601.00000  29.5%  34.6 1555s
 727269 378059  655.00000   28   44  853.00000  601.00000  29.5%  34.6 1560s
 729729 379223 infeasible   29       853.00000  601.00000  29.5%  34.6 1565s
 731810 380280  732.00000   42   23  853.00000  601.92500  29.4%  34.6 1570s
 734242 381395 infeasible   56       853.00000  602.00000  29.4%  34.6 1575s
 736581 382485  790.00000   55   10  853.00000  602.00000  29.4%  34.6 1580s
 739169 383772  644.00000   36   36  853.00000  602.00000  29.4%  34.6 1585s
 741608 385112  756.00000   37   20  853.00000  602.00000  29.4%  34.6 1590s
 744121 386484  768.00000   29   19  853.00000  602.00000  29.4%  34.6 1595s
 746427 387649  725.00000   41   24  853.00000  602.00000  29.4%  34.6 1600s
 748886 388907 infeasible   35       853.00000  602.00000  29.4%  34.6 1605s
 750771 389745  614.00000   34   40  853.00000  602.00000  29.4%  34.6 1610s
 753187 390930  675.00000   43   35  853.00000  602.00000  29.4%  34.6 1615s
 755825 392335 infeasible   36       853.00000  602.00000  29.4%  34.6 1620s
 758080 393434  602.00000   33   47  853.00000  602.00000  29.4%  34.6 1625s
 760284 394655  705.00000   31   21  853.00000  602.00000  29.4%  34.6 1630s
 762731 395912  685.00000   35   35  853.00000  602.00000  29.4%  34.6 1635s
 765169 397022  734.00000   44   20  853.00000  602.00000  29.4%  34.6 1640s
 767703 398324  767.00000   42   18  853.00000  602.00000  29.4%  34.6 1645s
 770121 399534 infeasible   78       853.00000  602.62500  29.4%  34.6 1650s
 772156 400627  708.00000   43   24  853.00000  603.00000  29.3%  34.6 1655s
 774997 402238  603.00000   29   32  853.00000  603.00000  29.3%  34.5 1660s
 777972 404029 infeasible   37       853.00000  603.00000  29.3%  34.5 1665s
 780250 405159  629.00000   31   34  853.00000  603.00000  29.3%  34.5 1670s
 782300 406175  715.00000   55   19  853.00000  603.00000  29.3%  34.5 1675s
 785114 407919  716.00000   48   23  853.00000  603.00000  29.3%  34.5 1680s
 787822 409594  738.00000   58   17  853.00000  603.00000  29.3%  34.5 1685s
 790383 410918  724.00000   40   18  853.00000  603.00000  29.3%  34.5 1690s
 792817 412292  718.00000   33   21  853.00000  603.00000  29.3%  34.5 1695s
 795434 413720  743.00000   44   29  853.00000  603.00000  29.3%  34.5 1700s
 798596 415760 infeasible   65       853.00000  603.00000  29.3%  34.4 1705s
 801119 416961  735.00000   42   27  853.00000  603.00000  29.3%  34.4 1710s
 803218 418024  627.00000   25   34  853.00000  603.00000  29.3%  34.4 1715s
 805827 419506 infeasible   28       853.00000  603.00000  29.3%  34.4 1720s
 808237 420642  654.00000   33   25  853.00000  603.00000  29.3%  34.4 1725s
 810527 421780 infeasible   55       853.00000  603.00000  29.3%  34.4 1730s
 813160 423380  706.00000   36   30  853.00000  603.00000  29.3%  34.4 1735s
 815696 424710  725.00000   28   37  853.00000  603.00000  29.3%  34.4 1740s
 818139 425986  653.00000   31   35  853.00000  603.00000  29.3%  34.4 1745s
 820679 427239  816.00000   46    8  853.00000  603.00000  29.3%  34.4 1750s
 823054 428582  833.00000   47    4  853.00000  603.00000  29.3%  34.4 1755s
 825616 429788  716.00000   43   21  853.00000  603.00000  29.3%  34.4 1760s
 828095 430978 infeasible   46       853.00000  603.00000  29.3%  34.4 1765s
 830316 431991  652.00000   27   54  853.00000  603.00000  29.3%  34.4 1770s
 832614 432860  768.00000   47   14  853.00000  603.00000  29.3%  34.4 1775s
 835035 434008  634.00000   37   60  853.00000  603.00000  29.3%  34.4 1780s
 837615 435262  653.00000   29   38  853.00000  603.92500  29.2%  34.4 1785s
 840168 436751  724.00000   49   22  853.00000  604.00000  29.2%  34.3 1790s
 842950 438283 infeasible   64       853.00000  604.00000  29.2%  34.3 1795s
 846034 440136  743.00000   53   18  853.00000  604.00000  29.2%  34.3 1800s
 848453 441421  678.00000   34   26  853.00000  604.00000  29.2%  34.3 1805s
 850369 442336  714.00000   38   23  853.00000  604.00000  29.2%  34.3 1810s
 852759 443599  708.00000   34   22  853.00000  604.00000  29.2%  34.3 1815s
 855131 444858  681.00000   37   32  853.00000  604.00000  29.2%  34.3 1820s
 858032 446513  748.00000   60   14  853.00000  604.00000  29.2%  34.3 1825s
 860881 448151  762.00000   38   15  853.00000  604.00000  29.2%  34.3 1830s
 863097 449359  663.00000   33   43  853.00000  604.00000  29.2%  34.3 1835s
 865908 451011  787.00000   76   10  853.00000  604.00000  29.2%  34.3 1840s
 868491 452427  780.00000   60   10  853.00000  604.00000  29.2%  34.2 1845s
 871278 454000  738.00000   40   17  853.00000  604.00000  29.2%  34.2 1850s
 874214 455713  723.00000   34   25  853.00000  604.00000  29.2%  34.2 1855s
 876862 457316  661.00000   45   37  853.00000  604.00000  29.2%  34.2 1860s
 879643 458923  813.00000  112    4  853.00000  604.00000  29.2%  34.2 1865s
 882423 460476  695.00000   28   36  853.00000  604.00000  29.2%  34.2 1870s
 885333 462093 infeasible   52       853.00000  604.00000  29.2%  34.1 1875s
 887822 463428  728.00000   47   22  853.00000  604.00000  29.2%  34.1 1880s
 890542 464932  730.00000   41   32  853.00000  604.00000  29.2%  34.1 1885s
 893260 466464  646.00000   42   34  853.00000  604.90000  29.1%  34.1 1890s
 895464 467636  615.00000   37   30  853.00000  605.00000  29.1%  34.1 1895s
 897547 468720  645.00000   37   28  853.00000  605.00000  29.1%  34.1 1900s
 900160 470006  714.00000   61   16  853.00000  605.00000  29.1%  34.1 1905s
 902858 471465  635.00000   38   29  853.00000  605.00000  29.1%  34.1 1910s
 905378 472715 infeasible   68       853.00000  605.00000  29.1%  34.1 1915s
 908043 474161  615.00000   30   36  853.00000  605.00000  29.1%  34.1 1920s
 909999 475066  791.00000   44   17  853.00000  605.00000  29.1%  34.1 1925s
 912544 476560  729.00000   31   14  853.00000  605.00000  29.1%  34.1 1930s
 915071 477982  801.00000   69    8  853.00000  605.00000  29.1%  34.1 1935s
 917473 479167  695.00000   40   23  853.00000  605.00000  29.1%  34.1 1940s
 920169 480650  693.00000   41   24  853.00000  605.00000  29.1%  34.1 1945s
 922536 481864  695.00000   34   21  853.00000  605.00000  29.1%  34.1 1950s
 925324 483462  612.00000   31   51  853.00000  605.00000  29.1%  34.0 1955s
 927861 484851  723.00000   38   36  853.00000  605.00000  29.1%  34.0 1960s
 930525 486409  695.00000   40   28  853.00000  605.00000  29.1%  34.0 1965s
 933156 487842  809.00000   64    9  853.00000  605.00000  29.1%  34.0 1970s
 935296 488904  769.00000   53   18  853.00000  605.00000  29.1%  34.0 1975s
 937736 490228  727.00000   34   19  853.00000  605.00000  29.1%  34.0 1980s
 940419 491662  670.00000   31   33  853.00000  605.67532  29.0%  34.0 1985s
 942385 492748  621.00000   38   32  853.00000  606.00000  29.0%  34.0 1990s
 944823 493938  747.00000   42   22  853.00000  606.00000  29.0%  34.0 1995s
 947534 495362  687.00000   28   32  853.00000  606.00000  29.0%  34.0 2000s
 949880 496470 infeasible   37       853.00000  606.00000  29.0%  34.0 2005s
 952096 497404  626.00000   34   46  853.00000  606.00000  29.0%  34.0 2010s
 954286 498602  761.00000   50   14  853.00000  606.00000  29.0%  34.0 2015s
 956731 499904 infeasible   58       853.00000  606.00000  29.0%  34.0 2020s
 959056 501063  616.00000   30   38  853.00000  606.00000  29.0%  34.0 2025s
 961271 502211  714.00000   33   21  853.00000  606.00000  29.0%  34.0 2030s
 963839 503537  687.00000   33   29  853.00000  606.00000  29.0%  34.0 2035s
 966096 504658  748.00000   46   21  853.00000  606.00000  29.0%  34.0 2040s
 968281 505646  745.00000   49   20  853.00000  606.00000  29.0%  34.0 2045s
 970487 506732  606.00000   42   45  853.00000  606.00000  29.0%  34.0 2050s
 972839 507825 infeasible   33       853.00000  606.00000  29.0%  34.0 2055s
 974918 508869  639.00000   41   38  853.00000  606.00000  29.0%  34.0 2060s
 977466 510218 infeasible   30       853.00000  606.00000  29.0%  34.0 2065s
 979814 511496 infeasible   42       853.00000  606.00000  29.0%  34.0 2070s
 982007 512545  627.00000   40   55  853.00000  606.62500  28.9%  34.0 2075s
 984544 513805 infeasible   43       853.00000  607.00000  28.8%  34.0 2080s
 987043 515098  721.00000   35   32  853.00000  607.00000  28.8%  34.0 2085s
 989734 516382  698.00000   39   22  853.00000  607.00000  28.8%  34.0 2090s
 991742 517423  741.00000   51   18  853.00000  607.00000  28.8%  34.0 2095s
 994452 518910 infeasible   37       853.00000  607.00000  28.8%  34.0 2100s
 996967 520160  659.00000   35   39  853.00000  607.00000  28.8%  34.0 2105s
 999539 521503 infeasible   39       853.00000  607.00000  28.8%  34.0 2110s
 1001789 522684  710.00000   42   20  853.00000  607.00000  28.8%  34.0 2115s
 1004110 523679  732.00000   41   28  853.00000  607.00000  28.8%  34.0 2120s
 1006154 524681  697.00000   26   44  853.00000  607.00000  28.8%  34.0 2125s
 1008711 526108  639.00000   33   33  853.00000  607.00000  28.8%  34.0 2130s
 1011518 527787  631.00000   37   41  853.00000  607.00000  28.8%  34.0 2135s
 1013864 529034  681.00000   32   39  853.00000  607.00000  28.8%  34.0 2140s
 1016141 530307  649.00000   40   37  853.00000  607.00000  28.8%  34.0 2145s
 1018815 531695 infeasible   62       853.00000  607.00000  28.8%  34.0 2150s
 1021382 533102  764.00000   42   20  853.00000  607.00000  28.8%  34.0 2155s
 1023844 534272  624.00000   33   48  853.00000  607.00000  28.8%  34.0 2160s
 1026147 535423  735.00000   35   29  853.00000  607.00000  28.8%  34.0 2165s
 1028557 536778  727.00000   45   15  853.00000  607.63636  28.8%  34.0 2170s
 1030931 537788  688.00000   31   23  853.00000  608.00000  28.7%  34.0 2175s
 1033229 539026  690.00000   48   23  853.00000  608.00000  28.7%  34.0 2180s
 1035874 540332  727.00000   64   22  853.00000  608.00000  28.7%  34.0 2185s
 1038227 541413  742.00000   39   16  853.00000  608.00000  28.7%  34.0 2190s
 1040364 542430 infeasible   33       853.00000  608.00000  28.7%  34.0 2195s
 1043065 543911  716.00000   45   20  853.00000  608.00000  28.7%  34.0 2200s
 1045002 544859  730.00000   38   19  853.00000  608.00000  28.7%  34.0 2205s
 1047870 546553  650.00000   36   26  853.00000  608.00000  28.7%  34.0 2210s
 1050521 548067 infeasible   54       853.00000  608.00000  28.7%  34.0 2215s
 1052957 549405 infeasible   39       853.00000  608.00000  28.7%  34.0 2220s
 1055526 550768  677.00000   29   34  853.00000  608.00000  28.7%  34.0 2225s
 1057573 551768 infeasible   34       853.00000  608.00000  28.7%  34.0 2230s
 1059887 552854 infeasible   50       853.00000  608.00000  28.7%  34.0 2235s
 1062110 553838  675.00000   37   38  853.00000  608.00000  28.7%  34.0 2240s
 1064435 554894 infeasible   44       853.00000  608.00000  28.7%  34.0 2245s
 1066664 555847  744.00000   46   22  853.00000  608.00000  28.7%  34.0 2250s
 1068717 556807  620.00000   37   41  853.00000  608.00000  28.7%  34.0 2255s
 1070996 557851  608.00000   32   52  853.00000  608.00000  28.7%  34.0 2260s
 1073412 559007  726.00000   35   35  853.00000  608.00000  28.7%  34.0 2265s
 1075312 559848  744.00000   55   16  853.00000  608.00000  28.7%  34.0 2270s
 1077517 560671 infeasible   41       853.00000  608.09091  28.7%  34.0 2275s
 1079431 561397  727.00000   41   22  853.00000  609.00000  28.6%  34.0 2280s
 1082083 562514  728.00000   39   18  853.00000  609.00000  28.6%  34.0 2285s
 1084304 563509 infeasible   41       853.00000  609.00000  28.6%  34.0 2290s
 1086975 564803  716.00000   36   22  853.00000  609.00000  28.6%  34.0 2295s
 1089260 565927  706.00000   34   22  853.00000  609.00000  28.6%  34.0 2300s
 1091739 567223  702.00000   42   22  853.00000  609.00000  28.6%  34.0 2305s
 1094464 568720  609.00000   26   32  853.00000  609.00000  28.6%  34.0 2310s
 1097017 570090  666.00000   42   28  853.00000  609.00000  28.6%  34.0 2315s
 1099435 571288  817.00000   56    6  853.00000  609.00000  28.6%  34.0 2320s
 1101927 572634  711.00000   42   26  853.00000  609.00000  28.6%  34.0 2325s
 1104489 573969 infeasible   35       853.00000  609.00000  28.6%  34.0 2330s
 1106460 575071 infeasible   50       853.00000  609.00000  28.6%  34.0 2335s
 1109013 576423 infeasible   48       853.00000  609.00000  28.6%  34.0 2340s
 1111780 577839  639.00000   33   34  853.00000  609.00000  28.6%  34.0 2345s
 1114217 579076 infeasible   56       853.00000  609.00000  28.6%  34.0 2350s
 1116447 580210  724.00000   39   23  853.00000  609.00000  28.6%  34.0 2355s
 1118583 581228  731.00000   41   18  853.00000  609.00000  28.6%  34.0 2360s
 1121332 582542  663.00000   39   44  853.00000  609.00000  28.6%  34.0 2365s
 1123883 583885  774.00000   44   13  853.00000  609.00000  28.6%  34.0 2370s
 1126383 585124  725.00000   47   23  853.00000  609.00000  28.6%  34.0 2375s
 1128401 586156  791.00000   70   12  853.00000  609.00000  28.6%  34.0 2380s
 1130681 587187  742.00000   40   28  853.00000  609.00000  28.6%  34.0 2385s
 1133051 588206 infeasible   35       853.00000  609.00000  28.6%  34.0 2390s
 1135104 589201  624.00000   28   49  853.00000  609.00000  28.6%  34.0 2395s
 1137431 590403  629.00000   27   43  853.00000  609.00000  28.6%  34.0 2400s
 1140046 591683 infeasible   56       853.00000  609.00000  28.6%  34.0 2405s
 1142769 593021  725.00000   48   26  853.00000  609.00000  28.6%  34.0 2410s
