['5_1', '5_2', '5_3', '5_4', '5_5', '6_1', '6_2', '6_3', '6_4', '6_5', '7_1', '7_2', '7_3', '7_4', '7_5', '8_1', '8_2', '8_3', '8_4', '8_5', '9_1', '9_2', '9_3', '9_4', '9_5']
Set parameter TokenServer to value "mooring.ecn.purdue.edu"
Read LP format model from file /tmp/tmp15iib77w.pyomo.lp
Reading time = 0.00 seconds
x52: 136 rows, 52 columns, 331 nonzeros
Set parameter TimeLimit to value 1800
Set parameter Threads to value 1
Gurobi Optimizer version 11.0.0 build v11.0.0rc2 (linux64 - "Oracle Linux Server 9.6")

CPU model: AMD EPYC 7643 48-Core Processor, instruction set [SSE2|AVX|AVX2]
Thread count: 48 physical cores, 96 logical processors, using up to 1 threads

Optimize a model with 136 rows, 52 columns and 331 nonzeros
Model fingerprint: 0xe9eb6d39
Variable types: 12 continuous, 40 integer (40 binary)
Coefficient statistics:
  Matrix range     [1e+00, 4e+01]
  Objective range  [1e+00, 1e+00]
  Bounds range     [1e+00, 3e+01]
  RHS range        [1e+00, 3e+01]
Found heuristic solution: objective 30.0000000
Presolve removed 120 rows and 41 columns
Presolve time: 0.00s
Presolved: 16 rows, 11 columns, 44 nonzeros
Variable types: 5 continuous, 6 integer (6 binary)

Root relaxation: objective 2.100000e+01, 6 iterations, 0.00 seconds (0.00 work units)

    Nodes    |    Current Node    |     Objective Bounds      |     Work
 Expl Unexpl |  Obj  Depth IntInf | Incumbent    BestBd   Gap | It/Node Time

     0     0   21.00000    0    6   30.00000   21.00000  30.0%     -    0s
H    0     0                      28.0000000   21.00000  25.0%     -    0s
     0     0   21.00000    0    5   28.00000   21.00000  25.0%     -    0s
     0     0   21.00000    0    5   28.00000   21.00000  25.0%     -    0s
     0     0   21.00000    0    6   28.00000   21.00000  25.0%     -    0s
     0     0   21.42801    0    5   28.00000   21.42801  23.5%     -    0s
     0     0   23.43750    0    6   28.00000   23.43750  16.3%     -    0s
     0     0   25.14286    0    4   28.00000   25.14286  10.2%     -    0s
     0     0   25.14286    0    4   28.00000   25.14286  10.2%     -    0s
     0     0   25.33333    0    4   28.00000   25.33333  9.52%     -    0s
     0     0   25.33333    0    4   28.00000   25.33333  9.52%     -    0s
     0     0   25.33333    0    5   28.00000   25.33333  9.52%     -    0s
     0     0   25.33333    0    5   28.00000   25.33333  9.52%     -    0s
     0     0   25.33333    0    5   28.00000   25.33333  9.52%     -    0s
     0     0   25.33333    0    5   28.00000   25.33333  9.52%     -    0s
     0     0   25.33333    0    5   28.00000   25.33333  9.52%     -    0s
     0     0   25.33333    0    5   28.00000   25.33333  9.52%     -    0s
     0     2   25.33333    0    5   28.00000   25.33333  9.52%     -    0s

Cutting planes:
  Learned: 1
  Cover: 1
  MIR: 6

Explored 5 nodes (134 simplex iterations) in 0.03 seconds (0.00 work units)
Thread count was 1 (of 96 available processors)

Solution count 2: 28 30 

Optimal solution found (tolerance 1.00e-04)
Best objective 2.800000000000e+01, best bound 2.800000000000e+01, gap 0.0000%

Instance 5_1, formulation altered, reform bigm:
  Rect 0: x = 0.00, y = 5.00
  Rect 1: x = 0.00, y = 10.00
  Rect 2: x = 2.00, y = 10.00
  Rect 3: x = 7.00, y = 10.00
  Rect 4: x = 16.00, y = 7.00
  → saved figures to strip_figures/5_1_altered_bigm.png and strip_figures/5_1_altered_bigm.pdf
Set parameter TokenServer to value "mooring.ecn.purdue.edu"
Read LP format model from file /tmp/tmpw5g1ut86.pyomo.lp
Reading time = 0.00 seconds
x212: 416 rows, 212 columns, 1075 nonzeros
Set parameter TimeLimit to value 1800
Set parameter Threads to value 1
Gurobi Optimizer version 11.0.0 build v11.0.0rc2 (linux64 - "Oracle Linux Server 9.6")

CPU model: AMD EPYC 7643 48-Core Processor, instruction set [SSE2|AVX|AVX2]
Thread count: 48 physical cores, 96 logical processors, using up to 1 threads

Optimize a model with 416 rows, 212 columns and 1075 nonzeros
Model fingerprint: 0xcd4b85a9
Variable types: 172 continuous, 40 integer (40 binary)
Coefficient statistics:
  Matrix range     [1e+00, 3e+01]
  Objective range  [1e+00, 1e+00]
  Bounds range     [1e+00, 3e+01]
  RHS range        [1e+00, 1e+01]
Presolve removed 302 rows and 152 columns
Presolve time: 0.00s
Presolved: 114 rows, 60 columns, 314 nonzeros
Variable types: 47 continuous, 13 integer (13 binary)
Found heuristic solution: objective 30.0000000
Found heuristic solution: objective 28.0000000

Root relaxation: objective 2.100000e+01, 18 iterations, 0.00 seconds (0.00 work units)

    Nodes    |    Current Node    |     Objective Bounds      |     Work
 Expl Unexpl |  Obj  Depth IntInf | Incumbent    BestBd   Gap | It/Node Time

     0     0   21.00000    0    2   28.00000   21.00000  25.0%     -    0s
     0     0   21.00000    0    2   28.00000   21.00000  25.0%     -    0s
     0     0   21.00000    0    5   28.00000   21.00000  25.0%     -    0s
     0     0   21.00000    0    5   28.00000   21.00000  25.0%     -    0s
     0     0   21.00000    0    4   28.00000   21.00000  25.0%     -    0s
     0     0   21.00000    0    8   28.00000   21.00000  25.0%     -    0s
     0     0   21.00000    0    7   28.00000   21.00000  25.0%     -    0s
     0     0   21.00000    0    7   28.00000   21.00000  25.0%     -    0s
     0     0   21.00000    0    7   28.00000   21.00000  25.0%     -    0s
     0     2   21.00000    0    7   28.00000   21.00000  25.0%     -    0s

Cutting planes:
  Gomory: 1
  Cover: 1
  Implied bound: 1
  MIR: 3
  Flow cover: 23
  RLT: 7
  Relax-and-lift: 2

Explored 51 nodes (529 simplex iterations) in 0.03 seconds (0.01 work units)
Thread count was 1 (of 96 available processors)

Solution count 2: 28 30 

Optimal solution found (tolerance 1.00e-04)
Best objective 2.800000000000e+01, best bound 2.800000000000e+01, gap 0.0000%

Instance 5_1, formulation altered, reform hull:
  Rect 0: x = 0.00, y = 5.00
  Rect 1: x = 0.00, y = 10.00
  Rect 2: x = 2.00, y = 10.00
  Rect 3: x = 7.00, y = 10.00
  Rect 4: x = 16.00, y = 7.00
  → saved figures to strip_figures/5_1_altered_hull.png and strip_figures/5_1_altered_hull.pdf
Set parameter TokenServer to value "mooring.ecn.purdue.edu"
Read LP format model from file /tmp/tmp97b5fu8o.pyomo.lp
Reading time = 0.00 seconds
x52: 136 rows, 52 columns, 331 nonzeros
Set parameter TimeLimit to value 1800
Set parameter Threads to value 1
Gurobi Optimizer version 11.0.0 build v11.0.0rc2 (linux64 - "Oracle Linux Server 9.6")

CPU model: AMD EPYC 7643 48-Core Processor, instruction set [SSE2|AVX|AVX2]
Thread count: 48 physical cores, 96 logical processors, using up to 1 threads

Optimize a model with 136 rows, 52 columns and 331 nonzeros
Model fingerprint: 0xe9eb6d39
Variable types: 12 continuous, 40 integer (40 binary)
Coefficient statistics:
  Matrix range     [1e+00, 4e+01]
  Objective range  [1e+00, 1e+00]
  Bounds range     [1e+00, 3e+01]
  RHS range        [1e+00, 3e+01]
Found heuristic solution: objective 30.0000000
Presolve removed 120 rows and 41 columns
Presolve time: 0.00s
Presolved: 16 rows, 11 columns, 44 nonzeros
Variable types: 5 continuous, 6 integer (6 binary)

Root relaxation: objective 2.100000e+01, 6 iterations, 0.00 seconds (0.00 work units)

    Nodes    |    Current Node    |     Objective Bounds      |     Work
 Expl Unexpl |  Obj  Depth IntInf | Incumbent    BestBd   Gap | It/Node Time

     0     0   21.00000    0    6   30.00000   21.00000  30.0%     -    0s
H    0     0                      28.0000000   21.00000  25.0%     -    0s
     0     0   21.00000    0    5   28.00000   21.00000  25.0%     -    0s
     0     0   21.00000    0    5   28.00000   21.00000  25.0%     -    0s
     0     0   21.00000    0    6   28.00000   21.00000  25.0%     -    0s
     0     0   21.42801    0    5   28.00000   21.42801  23.5%     -    0s
     0     0   23.43750    0    6   28.00000   23.43750  16.3%     -    0s
     0     0   25.14286    0    4   28.00000   25.14286  10.2%     -    0s
     0     0   25.14286    0    4   28.00000   25.14286  10.2%     -    0s
     0     0   25.33333    0    4   28.00000   25.33333  9.52%     -    0s
     0     0   25.33333    0    4   28.00000   25.33333  9.52%     -    0s
     0     0   25.33333    0    5   28.00000   25.33333  9.52%     -    0s
     0     0   25.33333    0    5   28.00000   25.33333  9.52%     -    0s
     0     0   25.33333    0    5   28.00000   25.33333  9.52%     -    0s
     0     0   25.33333    0    5   28.00000   25.33333  9.52%     -    0s
     0     0   25.33333    0    5   28.00000   25.33333  9.52%     -    0s
     0     0   25.33333    0    5   28.00000   25.33333  9.52%     -    0s
     0     2   25.33333    0    5   28.00000   25.33333  9.52%     -    0s

Cutting planes:
  Learned: 1
  Cover: 1
  MIR: 6

Explored 5 nodes (134 simplex iterations) in 0.01 seconds (0.00 work units)
Thread count was 1 (of 96 available processors)

Solution count 2: 28 30 

Optimal solution found (tolerance 1.00e-04)
Best objective 2.800000000000e+01, best bound 2.800000000000e+01, gap 0.0000%

Instance 5_1, formulation tres, reform bigm:
  Rect 0: x = 0.00, y = 5.00
  Rect 1: x = 0.00, y = 10.00
  Rect 2: x = 2.00, y = 10.00
  Rect 3: x = 7.00, y = 10.00
  Rect 4: x = 16.00, y = 7.00
  → saved figures to strip_figures/5_1_tres_bigm.png and strip_figures/5_1_tres_bigm.pdf
Set parameter TokenServer to value "mooring.ecn.purdue.edu"
Read LP format model from file /tmp/tmpldp_c333.pyomo.lp
Reading time = 0.00 seconds
x212: 416 rows, 212 columns, 1075 nonzeros
Set parameter TimeLimit to value 1800
Set parameter Threads to value 1
Gurobi Optimizer version 11.0.0 build v11.0.0rc2 (linux64 - "Oracle Linux Server 9.6")

CPU model: AMD EPYC 7643 48-Core Processor, instruction set [SSE2|AVX|AVX2]
Thread count: 48 physical cores, 96 logical processors, using up to 1 threads

Optimize a model with 416 rows, 212 columns and 1075 nonzeros
Model fingerprint: 0xcd4b85a9
Variable types: 172 continuous, 40 integer (40 binary)
Coefficient statistics:
  Matrix range     [1e+00, 3e+01]
  Objective range  [1e+00, 1e+00]
  Bounds range     [1e+00, 3e+01]
  RHS range        [1e+00, 1e+01]
Presolve removed 302 rows and 152 columns
Presolve time: 0.00s
Presolved: 114 rows, 60 columns, 314 nonzeros
Variable types: 47 continuous, 13 integer (13 binary)
Found heuristic solution: objective 30.0000000
Found heuristic solution: objective 28.0000000

Root relaxation: objective 2.100000e+01, 18 iterations, 0.00 seconds (0.00 work units)

    Nodes    |    Current Node    |     Objective Bounds      |     Work
 Expl Unexpl |  Obj  Depth IntInf | Incumbent    BestBd   Gap | It/Node Time

     0     0   21.00000    0    2   28.00000   21.00000  25.0%     -    0s
     0     0   21.00000    0    2   28.00000   21.00000  25.0%     -    0s
     0     0   21.00000    0    5   28.00000   21.00000  25.0%     -    0s
     0     0   21.00000    0    5   28.00000   21.00000  25.0%     -    0s
     0     0   21.00000    0    4   28.00000   21.00000  25.0%     -    0s
     0     0   21.00000    0    8   28.00000   21.00000  25.0%     -    0s
     0     0   21.00000    0    7   28.00000   21.00000  25.0%     -    0s
     0     0   21.00000    0    7   28.00000   21.00000  25.0%     -    0s
     0     0   21.00000    0    7   28.00000   21.00000  25.0%     -    0s
     0     2   21.00000    0    7   28.00000   21.00000  25.0%     -    0s

Cutting planes:
  Gomory: 1
  Cover: 1
  Implied bound: 1
  MIR: 3
  Flow cover: 23
  RLT: 7
  Relax-and-lift: 2

Explored 51 nodes (529 simplex iterations) in 0.03 seconds (0.01 work units)
Thread count was 1 (of 96 available processors)

Solution count 2: 28 30 

Optimal solution found (tolerance 1.00e-04)
Best objective 2.800000000000e+01, best bound 2.800000000000e+01, gap 0.0000%

Instance 5_1, formulation tres, reform hull:
  Rect 0: x = 0.00, y = 5.00
  Rect 1: x = 0.00, y = 10.00
  Rect 2: x = 2.00, y = 10.00
  Rect 3: x = 7.00, y = 10.00
  Rect 4: x = 16.00, y = 7.00
  → saved figures to strip_figures/5_1_tres_hull.png and strip_figures/5_1_tres_hull.pdf
Set parameter TokenServer to value "mooring.ecn.purdue.edu"
Read LP format model from file /tmp/tmp9f0lzoz6.pyomo.lp
Reading time = 0.00 seconds
x52: 56 rows, 52 columns, 267 nonzeros
Set parameter TimeLimit to value 1800
Set parameter Threads to value 1
Gurobi Optimizer version 11.0.0 build v11.0.0rc2 (linux64 - "Oracle Linux Server 9.6")

CPU model: AMD EPYC 7643 48-Core Processor, instruction set [SSE2|AVX|AVX2]
Thread count: 48 physical cores, 96 logical processors, using up to 1 threads

Optimize a model with 56 rows, 52 columns and 267 nonzeros
Model fingerprint: 0x4d4bc0a4
Variable types: 12 continuous, 40 integer (40 binary)
Coefficient statistics:
  Matrix range     [1e+00, 3e+01]
  Objective range  [1e+00, 1e+00]
  Bounds range     [1e+00, 3e+01]
  RHS range        [1e+00, 1e+01]
Found heuristic solution: objective 30.0000000
Presolve removed 40 rows and 41 columns
Presolve time: 0.00s
Presolved: 16 rows, 11 columns, 44 nonzeros
Variable types: 5 continuous, 6 integer (6 binary)

Root relaxation: objective 2.100000e+01, 6 iterations, 0.00 seconds (0.00 work units)

    Nodes    |    Current Node    |     Objective Bounds      |     Work
 Expl Unexpl |  Obj  Depth IntInf | Incumbent    BestBd   Gap | It/Node Time

     0     0   21.00000    0    6   30.00000   21.00000  30.0%     -    0s
H    0     0                      28.0000000   21.00000  25.0%     -    0s
     0     0   21.00000    0    4   28.00000   21.00000  25.0%     -    0s
     0     0   21.83333    0    4   28.00000   21.83333  22.0%     -    0s
     0     0   21.83333    0    4   28.00000   21.83333  22.0%     -    0s
     0     0   21.83333    0    4   28.00000   21.83333  22.0%     -    0s
     0     0   23.43750    0    5   28.00000   23.43750  16.3%     -    0s
     0     0   23.68182    0    5   28.00000   23.68182  15.4%     -    0s
     0     0   23.68719    0    5   28.00000   23.68719  15.4%     -    0s
     0     0   23.69515    0    6   28.00000   23.69515  15.4%     -    0s
     0     0   23.69515    0    6   28.00000   23.69515  15.4%     -    0s
     0     0   23.84615    0    4   28.00000   23.84615  14.8%     -    0s
     0     0   23.84615    0    5   28.00000   23.84615  14.8%     -    0s
     0     0   24.33889    0    6   28.00000   24.33889  13.1%     -    0s
     0     0   24.50000    0    6   28.00000   24.50000  12.5%     -    0s
     0     0   24.50000    0    6   28.00000   24.50000  12.5%     -    0s
     0     0   24.50000    0    4   28.00000   24.50000  12.5%     -    0s
     0     0   24.50000    0    6   28.00000   24.50000  12.5%     -    0s
     0     0   24.50000    0    6   28.00000   24.50000  12.5%     -    0s
     0     0   24.50000    0    6   28.00000   24.50000  12.5%     -    0s
     0     0   26.00000    0    5   28.00000   26.00000  7.14%     -    0s
     0     0   26.00000    0    5   28.00000   26.00000  7.14%     -    0s
     0     0   26.00000    0    5   28.00000   26.00000  7.14%     -    0s
     0     0   26.00000    0    5   28.00000   26.00000  7.14%     -    0s
     0     0   26.00000    0    5   28.00000   26.00000  7.14%     -    0s
     0     2   26.00000    0    5   28.00000   26.00000  7.14%     -    0s

Cutting planes:
  Cover: 1
  MIR: 11
  Relax-and-lift: 2

Explored 12 nodes (209 simplex iterations) in 0.01 seconds (0.00 work units)
Thread count was 1 (of 96 available processors)

Solution count 2: 28 30 

Optimal solution found (tolerance 1.00e-04)
Best objective 2.800000000000e+01, best bound 2.800000000000e+01, gap 0.0000%

Instance 5_1, formulation reagg, reform MIP:
  Rect 0: x = 5.00, y = 10.00
  Rect 1: x = 5.00, y = 5.00
  Rect 2: x = 0.00, y = 10.00
  Rect 3: x = 19.00, y = 10.00
  Rect 4: x = 7.00, y = 7.00
  → saved figures to strip_figures/5_1_reagg_MIP.png and strip_figures/5_1_reagg_MIP.pdf
Set parameter TokenServer to value "mooring.ecn.purdue.edu"
Read LP format model from file /tmp/tmpoeffsu2w.pyomo.lp
Reading time = 0.00 seconds
x52: 56 rows, 52 columns, 267 nonzeros
Set parameter TimeLimit to value 1800
Set parameter Threads to value 1
Gurobi Optimizer version 11.0.0 build v11.0.0rc2 (linux64 - "Oracle Linux Server 9.6")

CPU model: AMD EPYC 7643 48-Core Processor, instruction set [SSE2|AVX|AVX2]
Thread count: 48 physical cores, 96 logical processors, using up to 1 threads

Optimize a model with 56 rows, 52 columns and 267 nonzeros
Model fingerprint: 0x81b98e16
Variable types: 12 continuous, 40 integer (40 binary)
Coefficient statistics:
  Matrix range     [1e+00, 3e+01]
  Objective range  [1e+00, 1e+00]
  Bounds range     [1e+00, 3e+01]
  RHS range        [1e+00, 1e+01]
Found heuristic solution: objective 30.0000000
Presolve removed 30 rows and 34 columns
Presolve time: 0.00s
Presolved: 26 rows, 18 columns, 75 nonzeros
Variable types: 6 continuous, 12 integer (12 binary)

Root relaxation: objective 2.100000e+01, 10 iterations, 0.00 seconds (0.00 work units)

    Nodes    |    Current Node    |     Objective Bounds      |     Work
 Expl Unexpl |  Obj  Depth IntInf | Incumbent    BestBd   Gap | It/Node Time

     0     0   21.00000    0    9   30.00000   21.00000  30.0%     -    0s
H    0     0                      28.0000000   21.00000  25.0%     -    0s
     0     0   21.00000    0    6   28.00000   21.00000  25.0%     -    0s
     0     0   22.47596    0    8   28.00000   22.47596  19.7%     -    0s
     0     0   23.43750    0   11   28.00000   23.43750  16.3%     -    0s
     0     0   23.57326    0   10   28.00000   23.57326  15.8%     -    0s
     0     0   23.57326    0   11   28.00000   23.57326  15.8%     -    0s
     0     0   23.57326    0   11   28.00000   23.57326  15.8%     -    0s
     0     0   23.57326    0   11   28.00000   23.57326  15.8%     -    0s
     0     0   23.57326    0   11   28.00000   23.57326  15.8%     -    0s
     0     0   24.59375    0    7   28.00000   24.59375  12.2%     -    0s
     0     0   24.59375    0    7   28.00000   24.59375  12.2%     -    0s
     0     0   24.88889    0    6   28.00000   24.88889  11.1%     -    0s
     0     0   24.88889    0    5   28.00000   24.88889  11.1%     -    0s
     0     0   24.88889    0   10   28.00000   24.88889  11.1%     -    0s
     0     0   25.00000    0    6   28.00000   25.00000  10.7%     -    0s
     0     0   25.14286    0    8   28.00000   25.14286  10.2%     -    0s
     0     0   25.14286    0    8   28.00000   25.14286  10.2%     -    0s
     0     0   25.14286    0    7   28.00000   25.14286  10.2%     -    0s
     0     0   25.14286    0    7   28.00000   25.14286  10.2%     -    0s
     0     0   25.14286    0    8   28.00000   25.14286  10.2%     -    0s
     0     0   25.14286    0    9   28.00000   25.14286  10.2%     -    0s
     0     0   25.14286    0    9   28.00000   25.14286  10.2%     -    0s
     0     0   25.14286    0    9   28.00000   25.14286  10.2%     -    0s
     0     2   25.33333    0    9   28.00000   25.33333  9.52%     -    0s

Cutting planes:
  MIR: 10
  RLT: 1
  Relax-and-lift: 2

Explored 11 nodes (340 simplex iterations) in 0.02 seconds (0.01 work units)
Thread count was 1 (of 96 available processors)

Solution count 2: 28 30 

Optimal solution found (tolerance 1.00e-04)
Best objective 2.800000000000e+01, best bound 2.800000000000e+01, gap 0.0000%

Instance 5_1, formulation reagg_tres, reform MIP:
  Rect 0: x = 0.00, y = 10.00
  Rect 1: x = 0.00, y = 5.00
  Rect 2: x = 2.00, y = 10.00
  Rect 3: x = 19.00, y = 10.00
  Rect 4: x = 7.00, y = 7.00
  → saved figures to strip_figures/5_1_reagg_tres_MIP.png and strip_figures/5_1_reagg_tres_MIP.pdf
Set parameter TokenServer to value "mooring.ecn.purdue.edu"
Read LP format model from file /tmp/tmptyo0hu5v.pyomo.lp
Reading time = 0.00 seconds
x52: 136 rows, 52 columns, 331 nonzeros
Set parameter TimeLimit to value 1800
Set parameter Threads to value 1
Gurobi Optimizer version 11.0.0 build v11.0.0rc2 (linux64 - "Oracle Linux Server 9.6")

CPU model: AMD EPYC 7643 48-Core Processor, instruction set [SSE2|AVX|AVX2]
Thread count: 48 physical cores, 96 logical processors, using up to 1 threads

Optimize a model with 136 rows, 52 columns and 331 nonzeros
Model fingerprint: 0xcdb07e69
Variable types: 12 continuous, 40 integer (40 binary)
Coefficient statistics:
  Matrix range     [1e+00, 5e+01]
  Objective range  [1e+00, 1e+00]
  Bounds range     [1e+00, 4e+01]
  RHS range        [1e+00, 4e+01]
Found heuristic solution: objective 31.0000000
Presolve removed 105 rows and 28 columns
Presolve time: 0.00s
Presolved: 31 rows, 24 columns, 88 nonzeros
Variable types: 8 continuous, 16 integer (16 binary)

Root relaxation: objective 2.100000e+01, 12 iterations, 0.00 seconds (0.00 work units)

    Nodes    |    Current Node    |     Objective Bounds      |     Work
 Expl Unexpl |  Obj  Depth IntInf | Incumbent    BestBd   Gap | It/Node Time

     0     0   21.00000    0    1   31.00000   21.00000  32.3%     -    0s
H    0     0                      31.0000000   21.00000  32.3%     -    0s
     0     0   21.00000    0    2   31.00000   21.00000  32.3%     -    0s
     0     0   21.96154    0    4   31.00000   21.96154  29.2%     -    0s
     0     0   22.56250    0    4   31.00000   22.56250  27.2%     -    0s
     0     0   23.50000    0    4   31.00000   23.50000  24.2%     -    0s
     0     0   23.50000    0    3   31.00000   23.50000  24.2%     -    0s
     0     0   26.00000    0    3   31.00000   26.00000  16.1%     -    0s
     0     0   26.00000    0    1   31.00000   26.00000  16.1%     -    0s
     0     0   26.00000    0    2   31.00000   26.00000  16.1%     -    0s
     0     0   26.00000    0    1   31.00000   26.00000  16.1%     -    0s
     0     0   26.00000    0    2   31.00000   26.00000  16.1%     -    0s
     0     0   26.00000    0    2   31.00000   26.00000  16.1%     -    0s
     0     0   26.00000    0    2   31.00000   26.00000  16.1%     -    0s
     0     0   26.00000    0    2   31.00000   26.00000  16.1%     -    0s
     0     0   26.00000    0    2   31.00000   26.00000  16.1%     -    0s
     0     2   26.00000    0    2   31.00000   26.00000  16.1%     -    0s

Cutting planes:
  Implied bound: 3
  MIR: 11
  Relax-and-lift: 1

Explored 50 nodes (259 simplex iterations) in 0.02 seconds (0.01 work units)
Thread count was 1 (of 96 available processors)

Solution count 2: 31 31 

Optimal solution found (tolerance 1.00e-04)
Best objective 3.099999999680e+01, best bound 3.099999999680e+01, gap 0.0000%

Instance 5_2, formulation altered, reform bigm:
  Rect 0: x = 5.00, y = 10.00
  Rect 1: x = 0.00, y = 7.00
  Rect 2: x = 10.00, y = 10.00
  Rect 3: x = 5.00, y = 6.00
  Rect 4: x = 21.00, y = 5.00
  → saved figures to strip_figures/5_2_altered_bigm.png and strip_figures/5_2_altered_bigm.pdf
Set parameter TokenServer to value "mooring.ecn.purdue.edu"
Read LP format model from file /tmp/tmp9lu1okl0.pyomo.lp
Reading time = 0.00 seconds
x212: 416 rows, 212 columns, 1083 nonzeros
Set parameter TimeLimit to value 1800
Set parameter Threads to value 1
Gurobi Optimizer version 11.0.0 build v11.0.0rc2 (linux64 - "Oracle Linux Server 9.6")

CPU model: AMD EPYC 7643 48-Core Processor, instruction set [SSE2|AVX|AVX2]
Thread count: 48 physical cores, 96 logical processors, using up to 1 threads

Optimize a model with 416 rows, 212 columns and 1083 nonzeros
Model fingerprint: 0x2092546d
Variable types: 172 continuous, 40 integer (40 binary)
Coefficient statistics:
  Matrix range     [1e+00, 4e+01]
  Objective range  [1e+00, 1e+00]
  Bounds range     [1e+00, 4e+01]
  RHS range        [1e+00, 1e+01]
Presolve removed 245 rows and 126 columns
Presolve time: 0.00s
Presolved: 171 rows, 86 columns, 456 nonzeros
Variable types: 70 continuous, 16 integer (16 binary)
Found heuristic solution: objective 36.0000000

Root relaxation: objective 2.100000e+01, 30 iterations, 0.00 seconds (0.00 work units)

    Nodes    |    Current Node    |     Objective Bounds      |     Work
 Expl Unexpl |  Obj  Depth IntInf | Incumbent    BestBd   Gap | It/Node Time

     0     0   21.00000    0    3   36.00000   21.00000  41.7%     -    0s
     0     0   21.00000    0    3   36.00000   21.00000  41.7%     -    0s
     0     0   21.00000    0    3   36.00000   21.00000  41.7%     -    0s
     0     0   21.00000    0    6   36.00000   21.00000  41.7%     -    0s
H    0     0                      31.0000000   21.00000  32.3%     -    0s
     0     0   21.00000    0    6   31.00000   21.00000  32.3%     -    0s
     0     0   21.00000    0    6   31.00000   21.00000  32.3%     -    0s
     0     0   21.00000    0    6   31.00000   21.00000  32.3%     -    0s
     0     0   21.00000    0    3   31.00000   21.00000  32.3%     -    0s
     0     0   21.00000    0    3   31.00000   21.00000  32.3%     -    0s
     0     2   21.00000    0    3   31.00000   21.00000  32.3%     -    0s
H    6     6                      31.0000000   21.00000  32.3%   5.8    0s

Cutting planes:
  MIR: 8
  Flow cover: 12
  RLT: 7
  Relax-and-lift: 1

Explored 39 nodes (373 simplex iterations) in 0.03 seconds (0.01 work units)
Thread count was 1 (of 96 available processors)

Solution count 3: 31 31 36 

Optimal solution found (tolerance 1.00e-04)
Best objective 3.099999999680e+01, best bound 3.099999999680e+01, gap 0.0000%

Instance 5_2, formulation altered, reform hull:
  Rect 0: x = 0.00, y = 10.00
  Rect 1: x = 5.00, y = 10.00
  Rect 2: x = 20.00, y = 10.00
  Rect 3: x = 0.00, y = 6.00
  Rect 4: x = 10.00, y = 5.00
  → saved figures to strip_figures/5_2_altered_hull.png and strip_figures/5_2_altered_hull.pdf
Set parameter TokenServer to value "mooring.ecn.purdue.edu"
Read LP format model from file /tmp/tmpoa_fqa7e.pyomo.lp
Reading time = 0.00 seconds
x52: 136 rows, 52 columns, 331 nonzeros
Set parameter TimeLimit to value 1800
Set parameter Threads to value 1
Gurobi Optimizer version 11.0.0 build v11.0.0rc2 (linux64 - "Oracle Linux Server 9.6")

CPU model: AMD EPYC 7643 48-Core Processor, instruction set [SSE2|AVX|AVX2]
Thread count: 48 physical cores, 96 logical processors, using up to 1 threads

Optimize a model with 136 rows, 52 columns and 331 nonzeros
Model fingerprint: 0xcdb07e69
Variable types: 12 continuous, 40 integer (40 binary)
Coefficient statistics:
  Matrix range     [1e+00, 5e+01]
  Objective range  [1e+00, 1e+00]
  Bounds range     [1e+00, 4e+01]
  RHS range        [1e+00, 4e+01]
Found heuristic solution: objective 31.0000000
Presolve removed 105 rows and 28 columns
Presolve time: 0.00s
Presolved: 31 rows, 24 columns, 88 nonzeros
Variable types: 8 continuous, 16 integer (16 binary)

Root relaxation: objective 2.100000e+01, 12 iterations, 0.00 seconds (0.00 work units)

    Nodes    |    Current Node    |     Objective Bounds      |     Work
 Expl Unexpl |  Obj  Depth IntInf | Incumbent    BestBd   Gap | It/Node Time

     0     0   21.00000    0    1   31.00000   21.00000  32.3%     -    0s
H    0     0                      31.0000000   21.00000  32.3%     -    0s
     0     0   21.00000    0    2   31.00000   21.00000  32.3%     -    0s
     0     0   21.96154    0    4   31.00000   21.96154  29.2%     -    0s
     0     0   22.56250    0    4   31.00000   22.56250  27.2%     -    0s
     0     0   23.50000    0    4   31.00000   23.50000  24.2%     -    0s
     0     0   23.50000    0    3   31.00000   23.50000  24.2%     -    0s
     0     0   26.00000    0    3   31.00000   26.00000  16.1%     -    0s
     0     0   26.00000    0    1   31.00000   26.00000  16.1%     -    0s
     0     0   26.00000    0    2   31.00000   26.00000  16.1%     -    0s
     0     0   26.00000    0    1   31.00000   26.00000  16.1%     -    0s
     0     0   26.00000    0    2   31.00000   26.00000  16.1%     -    0s
     0     0   26.00000    0    2   31.00000   26.00000  16.1%     -    0s
     0     0   26.00000    0    2   31.00000   26.00000  16.1%     -    0s
     0     0   26.00000    0    2   31.00000   26.00000  16.1%     -    0s
     0     0   26.00000    0    2   31.00000   26.00000  16.1%     -    0s
     0     2   26.00000    0    2   31.00000   26.00000  16.1%     -    0s

Cutting planes:
  Implied bound: 3
  MIR: 11
  Relax-and-lift: 1

Explored 50 nodes (259 simplex iterations) in 0.02 seconds (0.01 work units)
Thread count was 1 (of 96 available processors)

Solution count 2: 31 31 

Optimal solution found (tolerance 1.00e-04)
Best objective 3.099999999680e+01, best bound 3.099999999680e+01, gap 0.0000%

Instance 5_2, formulation tres, reform bigm:
  Rect 0: x = 5.00, y = 10.00
  Rect 1: x = 0.00, y = 7.00
  Rect 2: x = 10.00, y = 10.00
  Rect 3: x = 5.00, y = 6.00
  Rect 4: x = 21.00, y = 5.00
  → saved figures to strip_figures/5_2_tres_bigm.png and strip_figures/5_2_tres_bigm.pdf
Set parameter TokenServer to value "mooring.ecn.purdue.edu"
Read LP format model from file /tmp/tmpcuiy_1fj.pyomo.lp
Reading time = 0.00 seconds
x212: 416 rows, 212 columns, 1083 nonzeros
Set parameter TimeLimit to value 1800
Set parameter Threads to value 1
Gurobi Optimizer version 11.0.0 build v11.0.0rc2 (linux64 - "Oracle Linux Server 9.6")

CPU model: AMD EPYC 7643 48-Core Processor, instruction set [SSE2|AVX|AVX2]
Thread count: 48 physical cores, 96 logical processors, using up to 1 threads

Optimize a model with 416 rows, 212 columns and 1083 nonzeros
Model fingerprint: 0x2092546d
Variable types: 172 continuous, 40 integer (40 binary)
Coefficient statistics:
  Matrix range     [1e+00, 4e+01]
  Objective range  [1e+00, 1e+00]
  Bounds range     [1e+00, 4e+01]
  RHS range        [1e+00, 1e+01]
Presolve removed 245 rows and 126 columns
Presolve time: 0.00s
Presolved: 171 rows, 86 columns, 456 nonzeros
Variable types: 70 continuous, 16 integer (16 binary)
Found heuristic solution: objective 36.0000000

Root relaxation: objective 2.100000e+01, 30 iterations, 0.00 seconds (0.00 work units)

    Nodes    |    Current Node    |     Objective Bounds      |     Work
 Expl Unexpl |  Obj  Depth IntInf | Incumbent    BestBd   Gap | It/Node Time

     0     0   21.00000    0    3   36.00000   21.00000  41.7%     -    0s
     0     0   21.00000    0    3   36.00000   21.00000  41.7%     -    0s
     0     0   21.00000    0    3   36.00000   21.00000  41.7%     -    0s
     0     0   21.00000    0    6   36.00000   21.00000  41.7%     -    0s
H    0     0                      31.0000000   21.00000  32.3%     -    0s
     0     0   21.00000    0    6   31.00000   21.00000  32.3%     -    0s
     0     0   21.00000    0    6   31.00000   21.00000  32.3%     -    0s
     0     0   21.00000    0    6   31.00000   21.00000  32.3%     -    0s
     0     0   21.00000    0    3   31.00000   21.00000  32.3%     -    0s
     0     0   21.00000    0    3   31.00000   21.00000  32.3%     -    0s
     0     2   21.00000    0    3   31.00000   21.00000  32.3%     -    0s
H    6     6                      31.0000000   21.00000  32.3%   5.8    0s

Cutting planes:
  MIR: 8
  Flow cover: 12
  RLT: 7
  Relax-and-lift: 1

Explored 39 nodes (373 simplex iterations) in 0.03 seconds (0.01 work units)
Thread count was 1 (of 96 available processors)

Solution count 3: 31 31 36 

Optimal solution found (tolerance 1.00e-04)
Best objective 3.099999999680e+01, best bound 3.099999999680e+01, gap 0.0000%

Instance 5_2, formulation tres, reform hull:
  Rect 0: x = 0.00, y = 10.00
  Rect 1: x = 5.00, y = 10.00
  Rect 2: x = 20.00, y = 10.00
  Rect 3: x = 0.00, y = 6.00
  Rect 4: x = 10.00, y = 5.00
  → saved figures to strip_figures/5_2_tres_hull.png and strip_figures/5_2_tres_hull.pdf
Set parameter TokenServer to value "mooring.ecn.purdue.edu"
Read LP format model from file /tmp/tmpdr_w9pv6.pyomo.lp
Reading time = 0.00 seconds
x52: 56 rows, 52 columns, 279 nonzeros
Set parameter TimeLimit to value 1800
Set parameter Threads to value 1
Gurobi Optimizer version 11.0.0 build v11.0.0rc2 (linux64 - "Oracle Linux Server 9.6")

CPU model: AMD EPYC 7643 48-Core Processor, instruction set [SSE2|AVX|AVX2]
Thread count: 48 physical cores, 96 logical processors, using up to 1 threads

Optimize a model with 56 rows, 52 columns and 279 nonzeros
Model fingerprint: 0x71679426
Variable types: 12 continuous, 40 integer (40 binary)
Coefficient statistics:
  Matrix range     [1e+00, 3e+01]
  Objective range  [1e+00, 1e+00]
  Bounds range     [1e+00, 3e+01]
  RHS range        [1e+00, 1e+01]
Found heuristic solution: objective 36.0000000
Presolve removed 25 rows and 28 columns
Presolve time: 0.00s
Presolved: 31 rows, 24 columns, 98 nonzeros
Variable types: 8 continuous, 16 integer (16 binary)

Root relaxation: objective 2.100000e+01, 12 iterations, 0.00 seconds (0.00 work units)

    Nodes    |    Current Node    |     Objective Bounds      |     Work
 Expl Unexpl |  Obj  Depth IntInf | Incumbent    BestBd   Gap | It/Node Time

     0     0   21.00000    0    9   36.00000   21.00000  41.7%     -    0s
H    0     0                      31.0000000   21.00000  32.3%     -    0s
     0     0   21.00000    0    6   31.00000   21.00000  32.3%     -    0s
     0     0   21.00000    0    6   31.00000   21.00000  32.3%     -    0s
     0     0   21.00000    0    8   31.00000   21.00000  32.3%     -    0s
     0     0   21.96154    0    8   31.00000   21.96154  29.2%     -    0s
     0     0   23.50000    0    8   31.00000   23.50000  24.2%     -    0s
     0     0   26.00000    0   11   31.00000   26.00000  16.1%     -    0s
     0     0   26.00000    0    9   31.00000   26.00000  16.1%     -    0s
     0     0   26.00000    0   11   31.00000   26.00000  16.1%     -    0s
     0     0   26.00000    0   10   31.00000   26.00000  16.1%     -    0s
     0     0   26.00000    0   10   31.00000   26.00000  16.1%     -    0s
     0     0   26.00000    0    2   31.00000   26.00000  16.1%     -    0s
     0     0   26.00000    0    2   31.00000   26.00000  16.1%     -    0s
     0     0   26.00000    0    3   31.00000   26.00000  16.1%     -    0s
     0     0   26.00000    0    6   31.00000   26.00000  16.1%     -    0s
     0     0   26.00000    0    8   31.00000   26.00000  16.1%     -    0s
     0     0   26.00000    0    8   31.00000   26.00000  16.1%     -    0s
     0     2   26.00000    0    8   31.00000   26.00000  16.1%     -    0s

Cutting planes:
  Gomory: 1
  Cover: 1
  Implied bound: 10
  MIR: 27
  RLT: 4
  Relax-and-lift: 4

Explored 88 nodes (571 simplex iterations) in 0.03 seconds (0.01 work units)
Thread count was 1 (of 96 available processors)

Solution count 2: 31 36 

Optimal solution found (tolerance 1.00e-04)
Best objective 3.100000000000e+01, best bound 3.100000000000e+01, gap 0.0000%

Instance 5_2, formulation reagg, reform MIP:
  Rect 0: x = 5.00, y = 4.00
  Rect 1: x = 0.00, y = 7.00
  Rect 2: x = 20.00, y = 10.00
  Rect 3: x = 5.00, y = 10.00
  Rect 4: x = 10.00, y = 5.00
  → saved figures to strip_figures/5_2_reagg_MIP.png and strip_figures/5_2_reagg_MIP.pdf
Set parameter TokenServer to value "mooring.ecn.purdue.edu"
Read LP format model from file /tmp/tmpbbzoiji1.pyomo.lp
Reading time = 0.00 seconds
x52: 56 rows, 52 columns, 279 nonzeros
Set parameter TimeLimit to value 1800
Set parameter Threads to value 1
Gurobi Optimizer version 11.0.0 build v11.0.0rc2 (linux64 - "Oracle Linux Server 9.6")

CPU model: AMD EPYC 7643 48-Core Processor, instruction set [SSE2|AVX|AVX2]
Thread count: 48 physical cores, 96 logical processors, using up to 1 threads

Optimize a model with 56 rows, 52 columns and 279 nonzeros
Model fingerprint: 0xf9dfacc3
Variable types: 12 continuous, 40 integer (40 binary)
Coefficient statistics:
  Matrix range     [1e+00, 3e+01]
  Objective range  [1e+00, 1e+00]
  Bounds range     [1e+00, 3e+01]
  RHS range        [1e+00, 1e+01]
Found heuristic solution: objective 31.0000000
Presolve removed 25 rows and 28 columns
Presolve time: 0.00s
Presolved: 31 rows, 24 columns, 97 nonzeros
Variable types: 8 continuous, 16 integer (16 binary)

Root relaxation: objective 2.100000e+01, 11 iterations, 0.00 seconds (0.00 work units)

    Nodes    |    Current Node    |     Objective Bounds      |     Work
 Expl Unexpl |  Obj  Depth IntInf | Incumbent    BestBd   Gap | It/Node Time

     0     0   21.00000    0    8   31.00000   21.00000  32.3%     -    0s
     0     0   21.00000    0    7   31.00000   21.00000  32.3%     -    0s
     0     0   21.00000    0    6   31.00000   21.00000  32.3%     -    0s
     0     0   21.00000    0    5   31.00000   21.00000  32.3%     -    0s
     0     0   21.00000    0    6   31.00000   21.00000  32.3%     -    0s
     0     0   21.00000    0    6   31.00000   21.00000  32.3%     -    0s
     0     0   21.00000    0    6   31.00000   21.00000  32.3%     -    0s
     0     0   21.00000    0    6   31.00000   21.00000  32.3%     -    0s
     0     0   21.71429    0    8   31.00000   21.71429  30.0%     -    0s
     0     0   22.66667    0    8   31.00000   22.66667  26.9%     -    0s
     0     0   22.66667    0    6   31.00000   22.66667  26.9%     -    0s
     0     0   22.66667    0    5   31.00000   22.66667  26.9%     -    0s
     0     0   22.66667    0    5   31.00000   22.66667  26.9%     -    0s
     0     0   22.66667    0    6   31.00000   22.66667  26.9%     -    0s
     0     0   22.66667    0    5   31.00000   22.66667  26.9%     -    0s
     0     0   22.66667    0    6   31.00000   22.66667  26.9%     -    0s
     0     0   22.66667    0    6   31.00000   22.66667  26.9%     -    0s
     0     0   22.66667    0    5   31.00000   22.66667  26.9%     -    0s
     0     0   22.66667    0    5   31.00000   22.66667  26.9%     -    0s
     0     2   22.66667    0    5   31.00000   22.66667  26.9%     -    0s

Cutting planes:
  MIR: 7
  RLT: 1

Explored 39 nodes (335 simplex iterations) in 0.02 seconds (0.01 work units)
Thread count was 1 (of 96 available processors)

Solution count 1: 31 

Optimal solution found (tolerance 1.00e-04)
Best objective 3.100000000000e+01, best bound 3.100000000000e+01, gap 0.0000%

Instance 5_2, formulation reagg_tres, reform MIP:
  Rect 0: x = 0.00, y = 10.00
  Rect 1: x = 5.00, y = 7.00
  Rect 2: x = 20.00, y = 10.00
  Rect 3: x = 0.00, y = 6.00
  Rect 4: x = 10.00, y = 5.00
  → saved figures to strip_figures/5_2_reagg_tres_MIP.png and strip_figures/5_2_reagg_tres_MIP.pdf
Set parameter TokenServer to value "mooring.ecn.purdue.edu"
Read LP format model from file /tmp/tmpxnry6nlr.pyomo.lp
Reading time = 0.00 seconds
x52: 136 rows, 52 columns, 331 nonzeros
Set parameter TimeLimit to value 1800
Set parameter Threads to value 1
Gurobi Optimizer version 11.0.0 build v11.0.0rc2 (linux64 - "Oracle Linux Server 9.6")

CPU model: AMD EPYC 7643 48-Core Processor, instruction set [SSE2|AVX|AVX2]
Thread count: 48 physical cores, 96 logical processors, using up to 1 threads

Optimize a model with 136 rows, 52 columns and 331 nonzeros
Model fingerprint: 0x3d5f7bfe
Variable types: 12 continuous, 40 integer (40 binary)
Coefficient statistics:
  Matrix range     [1e+00, 6e+01]
  Objective range  [1e+00, 1e+00]
  Bounds range     [1e+00, 5e+01]
  RHS range        [1e+00, 5e+01]
Found heuristic solution: objective 35.0000000
Presolve removed 105 rows and 27 columns
Presolve time: 0.00s
Presolved: 31 rows, 25 columns, 90 nonzeros
Variable types: 9 continuous, 16 integer (16 binary)

Root relaxation: objective 2.200000e+01, 12 iterations, 0.00 seconds (0.00 work units)

    Nodes    |    Current Node    |     Objective Bounds      |     Work
 Expl Unexpl |  Obj  Depth IntInf | Incumbent    BestBd   Gap | It/Node Time

     0     0   22.00000    0    4   35.00000   22.00000  37.1%     -    0s
     0     0   22.00000    0    8   35.00000   22.00000  37.1%     -    0s
     0     0   27.00000    0    6   35.00000   27.00000  22.9%     -    0s
     0     0   27.00000    0    5   35.00000   27.00000  22.9%     -    0s
     0     0   27.00000    0    5   35.00000   27.00000  22.9%     -    0s
     0     0   27.00000    0    4   35.00000   27.00000  22.9%     -    0s
     0     0   27.00000    0    3   35.00000   27.00000  22.9%     -    0s
     0     0   27.00000    0    1   35.00000   27.00000  22.9%     -    0s
     0     0   28.66667    0    4   35.00000   28.66667  18.1%     -    0s
     0     0   28.66667    0    4   35.00000   28.66667  18.1%     -    0s
     0     0   29.50000    0    4   35.00000   29.50000  15.7%     -    0s
     0     0   29.50000    0    4   35.00000   29.50000  15.7%     -    0s
     0     0   29.50000    0    4   35.00000   29.50000  15.7%     -    0s
     0     0   29.50000    0    4   35.00000   29.50000  15.7%     -    0s
     0     0   29.50000    0    4   35.00000   29.50000  15.7%     -    0s
     0     0   29.50000    0    4   35.00000   29.50000  15.7%     -    0s
     0     0   29.50000    0    4   35.00000   29.50000  15.7%     -    0s
     0     0   29.50000    0    4   35.00000   29.50000  15.7%     -    0s
     0     0   32.00000    0    3   35.00000   32.00000  8.57%     -    0s
     0     0   32.00000    0    4   35.00000   32.00000  8.57%     -    0s
     0     0   32.00000    0    4   35.00000   32.00000  8.57%     -    0s
     0     0   32.00000    0    5   35.00000   32.00000  8.57%     -    0s
     0     0   32.00000    0    5   35.00000   32.00000  8.57%     -    0s
     0     0   32.00000    0    5   35.00000   32.00000  8.57%     -    0s
     0     0   32.00000    0    5   35.00000   32.00000  8.57%     -    0s
     0     2   32.00000    0    5   35.00000   32.00000  8.57%     -    0s

Cutting planes:
  MIR: 9

Explored 14 nodes (210 simplex iterations) in 0.02 seconds (0.01 work units)
Thread count was 1 (of 96 available processors)

Solution count 2: 35 35 

Optimal solution found (tolerance 1.00e-04)
Best objective 3.500000000000e+01, best bound 3.500000000000e+01, gap 0.0000%

Instance 5_3, formulation altered, reform bigm:
  Rect 0: x = 25.00, y = 9.00
  Rect 1: x = 3.00, y = 2.00
  Rect 2: x = 3.00, y = 9.00
  Rect 3: x = 15.00, y = 10.00
  Rect 4: x = 0.00, y = 10.00
  → saved figures to strip_figures/5_3_altered_bigm.png and strip_figures/5_3_altered_bigm.pdf
Set parameter TokenServer to value "mooring.ecn.purdue.edu"
Read LP format model from file /tmp/tmpdmww1x81.pyomo.lp
Reading time = 0.00 seconds
x212: 416 rows, 212 columns, 1083 nonzeros
Set parameter TimeLimit to value 1800
Set parameter Threads to value 1
Gurobi Optimizer version 11.0.0 build v11.0.0rc2 (linux64 - "Oracle Linux Server 9.6")

CPU model: AMD EPYC 7643 48-Core Processor, instruction set [SSE2|AVX|AVX2]
Thread count: 48 physical cores, 96 logical processors, using up to 1 threads

Optimize a model with 416 rows, 212 columns and 1083 nonzeros
Model fingerprint: 0xab1d472e
Variable types: 172 continuous, 40 integer (40 binary)
Coefficient statistics:
  Matrix range     [1e+00, 5e+01]
  Objective range  [1e+00, 1e+00]
  Bounds range     [1e+00, 5e+01]
  RHS range        [1e+00, 1e+01]
Presolve removed 237 rows and 122 columns
Presolve time: 0.00s
Presolved: 179 rows, 90 columns, 474 nonzeros
Variable types: 74 continuous, 16 integer (16 binary)
Found heuristic solution: objective 47.0000000

Root relaxation: objective 2.200000e+01, 33 iterations, 0.00 seconds (0.00 work units)

    Nodes    |    Current Node    |     Objective Bounds      |     Work
 Expl Unexpl |  Obj  Depth IntInf | Incumbent    BestBd   Gap | It/Node Time

     0     0   22.00000    0    4   47.00000   22.00000  53.2%     -    0s
H    0     0                      35.0000000   22.00000  37.1%     -    0s
     0     0   22.00000    0    8   35.00000   22.00000  37.1%     -    0s
     0     0   22.00000    0    8   35.00000   22.00000  37.1%     -    0s
     0     0   22.00000    0    6   35.00000   22.00000  37.1%     -    0s
     0     0   22.00000    0    5   35.00000   22.00000  37.1%     -    0s
     0     0   23.08303    0    6   35.00000   23.08303  34.0%     -    0s
     0     0   23.08303    0    6   35.00000   23.08303  34.0%     -    0s
     0     0   23.94489    0    7   35.00000   23.94489  31.6%     -    0s
     0     0   24.00401    0    7   35.00000   24.00401  31.4%     -    0s
     0     0   24.01297    0    6   35.00000   24.01297  31.4%     -    0s
     0     0   24.01297    0    6   35.00000   24.01297  31.4%     -    0s
     0     0   24.01297    0    6   35.00000   24.01297  31.4%     -    0s
     0     0   24.01414    0    7   35.00000   24.01414  31.4%     -    0s
     0     0   24.01414    0    7   35.00000   24.01414  31.4%     -    0s
     0     0   24.01414    0    7   35.00000   24.01414  31.4%     -    0s
     0     2   25.52941    0    7   35.00000   25.52941  27.1%     -    0s

Cutting planes:
  Gomory: 1
  MIR: 6
  Flow cover: 12
  RLT: 9
  Relax-and-lift: 2
  PSD: 1

Explored 32 nodes (440 simplex iterations) in 0.04 seconds (0.02 work units)
Thread count was 1 (of 96 available processors)

Solution count 2: 35 47 

Optimal solution found (tolerance 1.00e-04)
Best objective 3.500000000000e+01, best bound 3.500000000000e+01, gap 0.0000%

Instance 5_3, formulation altered, reform hull:
  Rect 0: x = 0.00, y = 9.00
  Rect 1: x = 10.00, y = 9.00
  Rect 2: x = 10.00, y = 7.00
  Rect 3: x = 22.00, y = 7.00
  Rect 4: x = 32.00, y = 10.00
  → saved figures to strip_figures/5_3_altered_hull.png and strip_figures/5_3_altered_hull.pdf
Set parameter TokenServer to value "mooring.ecn.purdue.edu"
Read LP format model from file /tmp/tmp2fdxbmps.pyomo.lp
Reading time = 0.00 seconds
x52: 136 rows, 52 columns, 331 nonzeros
Set parameter TimeLimit to value 1800
Set parameter Threads to value 1
Gurobi Optimizer version 11.0.0 build v11.0.0rc2 (linux64 - "Oracle Linux Server 9.6")

CPU model: AMD EPYC 7643 48-Core Processor, instruction set [SSE2|AVX|AVX2]
Thread count: 48 physical cores, 96 logical processors, using up to 1 threads

Optimize a model with 136 rows, 52 columns and 331 nonzeros
Model fingerprint: 0x3d5f7bfe
Variable types: 12 continuous, 40 integer (40 binary)
Coefficient statistics:
  Matrix range     [1e+00, 6e+01]
  Objective range  [1e+00, 1e+00]
  Bounds range     [1e+00, 5e+01]
  RHS range        [1e+00, 5e+01]
Found heuristic solution: objective 35.0000000
Presolve removed 105 rows and 27 columns
Presolve time: 0.00s
Presolved: 31 rows, 25 columns, 90 nonzeros
Variable types: 9 continuous, 16 integer (16 binary)

Root relaxation: objective 2.200000e+01, 12 iterations, 0.00 seconds (0.00 work units)

    Nodes    |    Current Node    |     Objective Bounds      |     Work
 Expl Unexpl |  Obj  Depth IntInf | Incumbent    BestBd   Gap | It/Node Time

     0     0   22.00000    0    4   35.00000   22.00000  37.1%     -    0s
     0     0   22.00000    0    8   35.00000   22.00000  37.1%     -    0s
     0     0   27.00000    0    6   35.00000   27.00000  22.9%     -    0s
     0     0   27.00000    0    5   35.00000   27.00000  22.9%     -    0s
     0     0   27.00000    0    5   35.00000   27.00000  22.9%     -    0s
     0     0   27.00000    0    4   35.00000   27.00000  22.9%     -    0s
     0     0   27.00000    0    3   35.00000   27.00000  22.9%     -    0s
     0     0   27.00000    0    1   35.00000   27.00000  22.9%     -    0s
     0     0   28.66667    0    4   35.00000   28.66667  18.1%     -    0s
     0     0   28.66667    0    4   35.00000   28.66667  18.1%     -    0s
     0     0   29.50000    0    4   35.00000   29.50000  15.7%     -    0s
     0     0   29.50000    0    4   35.00000   29.50000  15.7%     -    0s
     0     0   29.50000    0    4   35.00000   29.50000  15.7%     -    0s
     0     0   29.50000    0    4   35.00000   29.50000  15.7%     -    0s
     0     0   29.50000    0    4   35.00000   29.50000  15.7%     -    0s
     0     0   29.50000    0    4   35.00000   29.50000  15.7%     -    0s
     0     0   29.50000    0    4   35.00000   29.50000  15.7%     -    0s
     0     0   29.50000    0    4   35.00000   29.50000  15.7%     -    0s
     0     0   32.00000    0    3   35.00000   32.00000  8.57%     -    0s
     0     0   32.00000    0    4   35.00000   32.00000  8.57%     -    0s
     0     0   32.00000    0    4   35.00000   32.00000  8.57%     -    0s
     0     0   32.00000    0    5   35.00000   32.00000  8.57%     -    0s
     0     0   32.00000    0    5   35.00000   32.00000  8.57%     -    0s
     0     0   32.00000    0    5   35.00000   32.00000  8.57%     -    0s
     0     0   32.00000    0    5   35.00000   32.00000  8.57%     -    0s
     0     2   32.00000    0    5   35.00000   32.00000  8.57%     -    0s

Cutting planes:
  MIR: 9

Explored 14 nodes (210 simplex iterations) in 0.02 seconds (0.01 work units)
Thread count was 1 (of 96 available processors)

Solution count 2: 35 35 

Optimal solution found (tolerance 1.00e-04)
Best objective 3.500000000000e+01, best bound 3.500000000000e+01, gap 0.0000%

Instance 5_3, formulation tres, reform bigm:
  Rect 0: x = 25.00, y = 9.00
  Rect 1: x = 3.00, y = 2.00
  Rect 2: x = 3.00, y = 9.00
  Rect 3: x = 15.00, y = 10.00
  Rect 4: x = 0.00, y = 10.00
  → saved figures to strip_figures/5_3_tres_bigm.png and strip_figures/5_3_tres_bigm.pdf
Set parameter TokenServer to value "mooring.ecn.purdue.edu"
Read LP format model from file /tmp/tmpqpjuvqvw.pyomo.lp
Reading time = 0.00 seconds
x212: 416 rows, 212 columns, 1083 nonzeros
Set parameter TimeLimit to value 1800
Set parameter Threads to value 1
Gurobi Optimizer version 11.0.0 build v11.0.0rc2 (linux64 - "Oracle Linux Server 9.6")

CPU model: AMD EPYC 7643 48-Core Processor, instruction set [SSE2|AVX|AVX2]
Thread count: 48 physical cores, 96 logical processors, using up to 1 threads

Optimize a model with 416 rows, 212 columns and 1083 nonzeros
Model fingerprint: 0xab1d472e
Variable types: 172 continuous, 40 integer (40 binary)
Coefficient statistics:
  Matrix range     [1e+00, 5e+01]
  Objective range  [1e+00, 1e+00]
  Bounds range     [1e+00, 5e+01]
  RHS range        [1e+00, 1e+01]
Presolve removed 237 rows and 122 columns
Presolve time: 0.00s
Presolved: 179 rows, 90 columns, 474 nonzeros
Variable types: 74 continuous, 16 integer (16 binary)
Found heuristic solution: objective 47.0000000

Root relaxation: objective 2.200000e+01, 33 iterations, 0.00 seconds (0.00 work units)

    Nodes    |    Current Node    |     Objective Bounds      |     Work
 Expl Unexpl |  Obj  Depth IntInf | Incumbent    BestBd   Gap | It/Node Time

     0     0   22.00000    0    4   47.00000   22.00000  53.2%     -    0s
H    0     0                      35.0000000   22.00000  37.1%     -    0s
     0     0   22.00000    0    8   35.00000   22.00000  37.1%     -    0s
     0     0   22.00000    0    8   35.00000   22.00000  37.1%     -    0s
     0     0   22.00000    0    6   35.00000   22.00000  37.1%     -    0s
     0     0   22.00000    0    5   35.00000   22.00000  37.1%     -    0s
     0     0   23.08303    0    6   35.00000   23.08303  34.0%     -    0s
     0     0   23.08303    0    6   35.00000   23.08303  34.0%     -    0s
     0     0   23.94489    0    7   35.00000   23.94489  31.6%     -    0s
     0     0   24.00401    0    7   35.00000   24.00401  31.4%     -    0s
     0     0   24.01297    0    6   35.00000   24.01297  31.4%     -    0s
     0     0   24.01297    0    6   35.00000   24.01297  31.4%     -    0s
     0     0   24.01297    0    6   35.00000   24.01297  31.4%     -    0s
     0     0   24.01414    0    7   35.00000   24.01414  31.4%     -    0s
     0     0   24.01414    0    7   35.00000   24.01414  31.4%     -    0s
     0     0   24.01414    0    7   35.00000   24.01414  31.4%     -    0s
     0     2   25.52941    0    7   35.00000   25.52941  27.1%     -    0s

Cutting planes:
  Gomory: 1
  MIR: 6
  Flow cover: 12
  RLT: 9
  Relax-and-lift: 2
  PSD: 1

Explored 32 nodes (440 simplex iterations) in 0.04 seconds (0.02 work units)
Thread count was 1 (of 96 available processors)

Solution count 2: 35 47 

Optimal solution found (tolerance 1.00e-04)
Best objective 3.500000000000e+01, best bound 3.500000000000e+01, gap 0.0000%

Instance 5_3, formulation tres, reform hull:
  Rect 0: x = 0.00, y = 9.00
  Rect 1: x = 10.00, y = 9.00
  Rect 2: x = 10.00, y = 7.00
  Rect 3: x = 22.00, y = 7.00
  Rect 4: x = 32.00, y = 10.00
  → saved figures to strip_figures/5_3_tres_hull.png and strip_figures/5_3_tres_hull.pdf
Set parameter TokenServer to value "mooring.ecn.purdue.edu"
Read LP format model from file /tmp/tmpqlubm0yk.pyomo.lp
Reading time = 0.00 seconds
x52: 56 rows, 52 columns, 279 nonzeros
Set parameter TimeLimit to value 1800
Set parameter Threads to value 1
Gurobi Optimizer version 11.0.0 build v11.0.0rc2 (linux64 - "Oracle Linux Server 9.6")

CPU model: AMD EPYC 7643 48-Core Processor, instruction set [SSE2|AVX|AVX2]
Thread count: 48 physical cores, 96 logical processors, using up to 1 threads

Optimize a model with 56 rows, 52 columns and 279 nonzeros
Model fingerprint: 0x08c4b565
Variable types: 12 continuous, 40 integer (40 binary)
Coefficient statistics:
  Matrix range     [1e+00, 4e+01]
  Objective range  [1e+00, 1e+00]
  Bounds range     [1e+00, 4e+01]
  RHS range        [1e+00, 1e+01]
Found heuristic solution: objective 37.0000000
Presolve removed 25 rows and 27 columns
Presolve time: 0.00s
Presolved: 31 rows, 25 columns, 102 nonzeros
Variable types: 9 continuous, 16 integer (16 binary)

Root relaxation: objective 2.200000e+01, 12 iterations, 0.00 seconds (0.00 work units)

    Nodes    |    Current Node    |     Objective Bounds      |     Work
 Expl Unexpl |  Obj  Depth IntInf | Incumbent    BestBd   Gap | It/Node Time

     0     0   22.00000    0    2   37.00000   22.00000  40.5%     -    0s
H    0     0                      35.0000000   22.00000  37.1%     -    0s
     0     0   22.00000    0    6   35.00000   22.00000  37.1%     -    0s
     0     0   23.06383    0    4   35.00000   23.06383  34.1%     -    0s
     0     0   26.54545    0    4   35.00000   26.54545  24.2%     -    0s
     0     0   32.00000    0    4   35.00000   32.00000  8.57%     -    0s
     0     0   32.00000    0    3   35.00000   32.00000  8.57%     -    0s
     0     0   32.00000    0    4   35.00000   32.00000  8.57%     -    0s
     0     0   32.00000    0    4   35.00000   32.00000  8.57%     -    0s
     0     0   32.00000    0    4   35.00000   32.00000  8.57%     -    0s
     0     0   32.00000    0    3   35.00000   32.00000  8.57%     -    0s
     0     0   32.00000    0    4   35.00000   32.00000  8.57%     -    0s
     0     0   32.00000    0    4   35.00000   32.00000  8.57%     -    0s
     0     0   32.00000    0    4   35.00000   32.00000  8.57%     -    0s
     0     0   32.00000    0    4   35.00000   32.00000  8.57%     -    0s
     0     0   32.00000    0    4   35.00000   32.00000  8.57%     -    0s
     0     2   32.00000    0    4   35.00000   32.00000  8.57%     -    0s

Cutting planes:
  Cover: 5
  Implied bound: 3
  MIR: 20
  RLT: 2

Explored 35 nodes (278 simplex iterations) in 0.01 seconds (0.00 work units)
Thread count was 1 (of 96 available processors)

Solution count 2: 35 37 

Optimal solution found (tolerance 1.00e-04)
Best objective 3.500000000000e+01, best bound 3.500000000000e+01, gap 0.0000%

Instance 5_3, formulation reagg, reform MIP:
  Rect 0: x = 12.00, y = 9.00
  Rect 1: x = 0.00, y = 9.00
  Rect 2: x = 0.00, y = 7.00
  Rect 3: x = 22.00, y = 5.00
  Rect 4: x = 32.00, y = 10.00
  → saved figures to strip_figures/5_3_reagg_MIP.png and strip_figures/5_3_reagg_MIP.pdf
Set parameter TokenServer to value "mooring.ecn.purdue.edu"
Read LP format model from file /tmp/tmph4zr0hl8.pyomo.lp
Reading time = 0.00 seconds
x52: 56 rows, 52 columns, 279 nonzeros
Set parameter TimeLimit to value 1800
Set parameter Threads to value 1
Gurobi Optimizer version 11.0.0 build v11.0.0rc2 (linux64 - "Oracle Linux Server 9.6")

CPU model: AMD EPYC 7643 48-Core Processor, instruction set [SSE2|AVX|AVX2]
Thread count: 48 physical cores, 96 logical processors, using up to 1 threads

Optimize a model with 56 rows, 52 columns and 279 nonzeros
Model fingerprint: 0xf983d80d
Variable types: 12 continuous, 40 integer (40 binary)
Coefficient statistics:
  Matrix range     [1e+00, 4e+01]
  Objective range  [1e+00, 1e+00]
  Bounds range     [1e+00, 4e+01]
  RHS range        [1e+00, 1e+01]
Found heuristic solution: objective 35.0000000
Presolve removed 25 rows and 27 columns
Presolve time: 0.00s
Presolved: 31 rows, 25 columns, 101 nonzeros
Variable types: 9 continuous, 16 integer (16 binary)

Root relaxation: objective 2.200000e+01, 11 iterations, 0.00 seconds (0.00 work units)

    Nodes    |    Current Node    |     Objective Bounds      |     Work
 Expl Unexpl |  Obj  Depth IntInf | Incumbent    BestBd   Gap | It/Node Time

     0     0   22.00000    0    8   35.00000   22.00000  37.1%     -    0s
     0     0   22.00000    0    4   35.00000   22.00000  37.1%     -    0s
     0     0   24.50000    0    4   35.00000   24.50000  30.0%     -    0s
     0     0   24.50000    0    4   35.00000   24.50000  30.0%     -    0s
     0     0   24.50000    0    3   35.00000   24.50000  30.0%     -    0s
     0     0   27.00000    0    4   35.00000   27.00000  22.9%     -    0s
     0     0   27.00000    0    4   35.00000   27.00000  22.9%     -    0s
     0     0   27.00000    0    3   35.00000   27.00000  22.9%     -    0s
     0     0   27.00000    0    5   35.00000   27.00000  22.9%     -    0s
     0     0   32.00000    0    4   35.00000   32.00000  8.57%     -    0s
     0     0   32.00000    0    4   35.00000   32.00000  8.57%     -    0s
     0     0   32.00000    0    4   35.00000   32.00000  8.57%     -    0s
     0     0   32.00000    0    4   35.00000   32.00000  8.57%     -    0s
     0     0   32.00000    0    4   35.00000   32.00000  8.57%     -    0s
     0     0   32.00000    0    4   35.00000   32.00000  8.57%     -    0s
     0     0   32.00000    0    4   35.00000   32.00000  8.57%     -    0s
     0     2   32.00000    0    4   35.00000   32.00000  8.57%     -    0s

Cutting planes:
  Implied bound: 3
  MIR: 18

Explored 38 nodes (277 simplex iterations) in 0.01 seconds (0.00 work units)
Thread count was 1 (of 96 available processors)

Solution count 1: 35 

Optimal solution found (tolerance 1.00e-04)
Best objective 3.500000000000e+01, best bound 3.500000000000e+01, gap 0.0000%

Instance 5_3, formulation reagg_tres, reform MIP:
  Rect 0: x = 0.00, y = 9.00
  Rect 1: x = 23.00, y = 2.00
  Rect 2: x = 23.00, y = 9.00
  Rect 3: x = 13.00, y = 10.00
  Rect 4: x = 10.00, y = 10.00
  → saved figures to strip_figures/5_3_reagg_tres_MIP.png and strip_figures/5_3_reagg_tres_MIP.pdf
Set parameter TokenServer to value "mooring.ecn.purdue.edu"
Read LP format model from file /tmp/tmpucsnrfw3.pyomo.lp
Reading time = 0.00 seconds
x52: 136 rows, 52 columns, 331 nonzeros
Set parameter TimeLimit to value 1800
Set parameter Threads to value 1
Gurobi Optimizer version 11.0.0 build v11.0.0rc2 (linux64 - "Oracle Linux Server 9.6")

CPU model: AMD EPYC 7643 48-Core Processor, instruction set [SSE2|AVX|AVX2]
Thread count: 48 physical cores, 96 logical processors, using up to 1 threads

Optimize a model with 136 rows, 52 columns and 331 nonzeros
Model fingerprint: 0x8c50968d
Variable types: 12 continuous, 40 integer (40 binary)
Coefficient statistics:
  Matrix range     [1e+00, 8e+01]
  Objective range  [1e+00, 1e+00]
  Bounds range     [1e+00, 6e+01]
  RHS range        [1e+00, 6e+01]
Found heuristic solution: objective 43.0000000
Presolve removed 102 rows and 23 columns
Presolve time: 0.00s
Presolved: 34 rows, 29 columns, 100 nonzeros
Variable types: 10 continuous, 19 integer (19 binary)

Root relaxation: objective 3.300000e+01, 13 iterations, 0.00 seconds (0.00 work units)

    Nodes    |    Current Node    |     Objective Bounds      |     Work
 Expl Unexpl |  Obj  Depth IntInf | Incumbent    BestBd   Gap | It/Node Time

     0     0   33.00000    0    1   43.00000   33.00000  23.3%     -    0s
     0     0   33.00000    0    6   43.00000   33.00000  23.3%     -    0s
     0     0   33.00000    0    3   43.00000   33.00000  23.3%     -    0s
     0     0   33.00000    0    3   43.00000   33.00000  23.3%     -    0s
     0     0   33.00000    0    4   43.00000   33.00000  23.3%     -    0s
     0     0   33.84354    0    6   43.00000   33.84354  21.3%     -    0s
     0     0   34.69260    0    6   43.00000   34.69260  19.3%     -    0s
     0     0   35.00000    0    6   43.00000   35.00000  18.6%     -    0s
     0     0   35.00000    0    6   43.00000   35.00000  18.6%     -    0s
     0     0   36.20000    0    5   43.00000   36.20000  15.8%     -    0s
     0     0   36.31818    0    5   43.00000   36.31818  15.5%     -    0s
     0     0   36.31818    0    5   43.00000   36.31818  15.5%     -    0s
     0     0   36.47589    0    6   43.00000   36.47589  15.2%     -    0s
     0     0   36.47702    0    6   43.00000   36.47702  15.2%     -    0s
     0     0   36.50000    0    3   43.00000   36.50000  15.1%     -    0s
     0     0   36.50000    0    4   43.00000   36.50000  15.1%     -    0s
     0     0   36.58824    0    5   43.00000   36.58824  14.9%     -    0s
     0     0   36.58824    0    5   43.00000   36.58824  14.9%     -    0s
     0     0   37.00000    0    3   43.00000   37.00000  14.0%     -    0s
     0     0   37.00000    0    5   43.00000   37.00000  14.0%     -    0s
     0     0   37.00000    0    5   43.00000   37.00000  14.0%     -    0s
     0     0   37.00000    0    6   43.00000   37.00000  14.0%     -    0s
     0     0   37.00000    0    4   43.00000   37.00000  14.0%     -    0s
     0     0   37.00000    0    4   43.00000   37.00000  14.0%     -    0s
     0     2   37.00000    0    4   43.00000   37.00000  14.0%     -    0s

Cutting planes:
  MIR: 5

Explored 28 nodes (279 simplex iterations) in 0.01 seconds (0.00 work units)
Thread count was 1 (of 96 available processors)

Solution count 2: 43 43 

Optimal solution found (tolerance 1.00e-04)
Best objective 4.300000000000e+01, best bound 4.300000000000e+01, gap 0.0000%

Instance 5_4, formulation altered, reform bigm:
  Rect 0: x = 0.00, y = 8.00
  Rect 1: x = 28.00, y = 12.00
  Rect 2: x = 0.00, y = 11.00
  Rect 3: x = 7.00, y = 7.00
  Rect 4: x = 22.00, y = 12.00
  → saved figures to strip_figures/5_4_altered_bigm.png and strip_figures/5_4_altered_bigm.pdf
Set parameter TokenServer to value "mooring.ecn.purdue.edu"
Read LP format model from file /tmp/tmpr5aj21a8.pyomo.lp
Reading time = 0.00 seconds
x212: 416 rows, 212 columns, 1083 nonzeros
Set parameter TimeLimit to value 1800
Set parameter Threads to value 1
Gurobi Optimizer version 11.0.0 build v11.0.0rc2 (linux64 - "Oracle Linux Server 9.6")

CPU model: AMD EPYC 7643 48-Core Processor, instruction set [SSE2|AVX|AVX2]
Thread count: 48 physical cores, 96 logical processors, using up to 1 threads

Optimize a model with 416 rows, 212 columns and 1083 nonzeros
Model fingerprint: 0xa51888d1
Variable types: 172 continuous, 40 integer (40 binary)
Coefficient statistics:
  Matrix range     [1e+00, 6e+01]
  Objective range  [1e+00, 1e+00]
  Bounds range     [1e+00, 6e+01]
  RHS range        [1e+00, 2e+01]
Presolve removed 222 rows and 109 columns
Presolve time: 0.00s
Presolved: 194 rows, 103 columns, 514 nonzeros
Variable types: 84 continuous, 19 integer (19 binary)
Found heuristic solution: objective 61.0000000
Found heuristic solution: objective 55.0000000

Root relaxation: objective 3.300000e+01, 50 iterations, 0.00 seconds (0.00 work units)

    Nodes    |    Current Node    |     Objective Bounds      |     Work
 Expl Unexpl |  Obj  Depth IntInf | Incumbent    BestBd   Gap | It/Node Time

     0     0   33.00000    0    7   55.00000   33.00000  40.0%     -    0s
H    0     0                      43.0000000   33.00000  23.3%     -    0s
     0     0   33.00000    0   13   43.00000   33.00000  23.3%     -    0s
     0     0   33.00000    0   12   43.00000   33.00000  23.3%     -    0s
     0     0   33.00000    0    2   43.00000   33.00000  23.3%     -    0s
     0     0   33.00000    0    2   43.00000   33.00000  23.3%     -    0s
     0     0   33.00000    0    4   43.00000   33.00000  23.3%     -    0s
     0     0   33.00000    0    4   43.00000   33.00000  23.3%     -    0s
     0     0   33.00000    0    2   43.00000   33.00000  23.3%     -    0s
     0     0   33.00000    0    5   43.00000   33.00000  23.3%     -    0s
     0     0   33.00000    0    5   43.00000   33.00000  23.3%     -    0s
H    0     0                      43.0000000   33.00000  23.3%     -    0s
     0     2   33.00000    0    5   43.00000   33.00000  23.3%     -    0s

Cutting planes:
  Gomory: 1
  Cover: 2
  Implied bound: 4
  Clique: 1
  MIR: 12
  Flow cover: 13
  RLT: 5

Explored 31 nodes (489 simplex iterations) in 0.03 seconds (0.02 work units)
Thread count was 1 (of 96 available processors)

Solution count 4: 43 43 55 61 

Optimal solution found (tolerance 1.00e-04)
Best objective 4.299999999560e+01, best bound 4.299999999560e+01, gap 0.0000%

Instance 5_4, formulation altered, reform hull:
  Rect 0: x = 21.00, y = 8.00
  Rect 1: x = 0.00, y = 12.00
  Rect 2: x = 25.00, y = 12.00
  Rect 3: x = 28.00, y = 7.00
  Rect 4: x = 15.00, y = 8.00
  → saved figures to strip_figures/5_4_altered_hull.png and strip_figures/5_4_altered_hull.pdf
Set parameter TokenServer to value "mooring.ecn.purdue.edu"
Read LP format model from file /tmp/tmph9vgx4be.pyomo.lp
Reading time = 0.00 seconds
x52: 136 rows, 52 columns, 331 nonzeros
Set parameter TimeLimit to value 1800
Set parameter Threads to value 1
Gurobi Optimizer version 11.0.0 build v11.0.0rc2 (linux64 - "Oracle Linux Server 9.6")

CPU model: AMD EPYC 7643 48-Core Processor, instruction set [SSE2|AVX|AVX2]
Thread count: 48 physical cores, 96 logical processors, using up to 1 threads

Optimize a model with 136 rows, 52 columns and 331 nonzeros
Model fingerprint: 0x8c50968d
Variable types: 12 continuous, 40 integer (40 binary)
Coefficient statistics:
  Matrix range     [1e+00, 8e+01]
  Objective range  [1e+00, 1e+00]
  Bounds range     [1e+00, 6e+01]
  RHS range        [1e+00, 6e+01]
Found heuristic solution: objective 43.0000000
Presolve removed 102 rows and 23 columns
Presolve time: 0.00s
Presolved: 34 rows, 29 columns, 100 nonzeros
Variable types: 10 continuous, 19 integer (19 binary)

Root relaxation: objective 3.300000e+01, 13 iterations, 0.00 seconds (0.00 work units)

    Nodes    |    Current Node    |     Objective Bounds      |     Work
 Expl Unexpl |  Obj  Depth IntInf | Incumbent    BestBd   Gap | It/Node Time

     0     0   33.00000    0    1   43.00000   33.00000  23.3%     -    0s
     0     0   33.00000    0    6   43.00000   33.00000  23.3%     -    0s
     0     0   33.00000    0    3   43.00000   33.00000  23.3%     -    0s
     0     0   33.00000    0    3   43.00000   33.00000  23.3%     -    0s
     0     0   33.00000    0    4   43.00000   33.00000  23.3%     -    0s
     0     0   33.84354    0    6   43.00000   33.84354  21.3%     -    0s
     0     0   34.69260    0    6   43.00000   34.69260  19.3%     -    0s
     0     0   35.00000    0    6   43.00000   35.00000  18.6%     -    0s
     0     0   35.00000    0    6   43.00000   35.00000  18.6%     -    0s
     0     0   36.20000    0    5   43.00000   36.20000  15.8%     -    0s
     0     0   36.31818    0    5   43.00000   36.31818  15.5%     -    0s
     0     0   36.31818    0    5   43.00000   36.31818  15.5%     -    0s
     0     0   36.47589    0    6   43.00000   36.47589  15.2%     -    0s
     0     0   36.47702    0    6   43.00000   36.47702  15.2%     -    0s
     0     0   36.50000    0    3   43.00000   36.50000  15.1%     -    0s
     0     0   36.50000    0    4   43.00000   36.50000  15.1%     -    0s
     0     0   36.58824    0    5   43.00000   36.58824  14.9%     -    0s
     0     0   36.58824    0    5   43.00000   36.58824  14.9%     -    0s
     0     0   37.00000    0    3   43.00000   37.00000  14.0%     -    0s
     0     0   37.00000    0    5   43.00000   37.00000  14.0%     -    0s
     0     0   37.00000    0    5   43.00000   37.00000  14.0%     -    0s
     0     0   37.00000    0    6   43.00000   37.00000  14.0%     -    0s
     0     0   37.00000    0    4   43.00000   37.00000  14.0%     -    0s
     0     0   37.00000    0    4   43.00000   37.00000  14.0%     -    0s
     0     2   37.00000    0    4   43.00000   37.00000  14.0%     -    0s

Cutting planes:
  MIR: 5

Explored 28 nodes (279 simplex iterations) in 0.01 seconds (0.00 work units)
Thread count was 1 (of 96 available processors)

Solution count 2: 43 43 

Optimal solution found (tolerance 1.00e-04)
Best objective 4.300000000000e+01, best bound 4.300000000000e+01, gap 0.0000%

Instance 5_4, formulation tres, reform bigm:
  Rect 0: x = 0.00, y = 8.00
  Rect 1: x = 28.00, y = 12.00
  Rect 2: x = 0.00, y = 11.00
  Rect 3: x = 7.00, y = 7.00
  Rect 4: x = 22.00, y = 12.00
  → saved figures to strip_figures/5_4_tres_bigm.png and strip_figures/5_4_tres_bigm.pdf
Set parameter TokenServer to value "mooring.ecn.purdue.edu"
Read LP format model from file /tmp/tmpu36poiv5.pyomo.lp
Reading time = 0.00 seconds
x212: 416 rows, 212 columns, 1083 nonzeros
Set parameter TimeLimit to value 1800
Set parameter Threads to value 1
Gurobi Optimizer version 11.0.0 build v11.0.0rc2 (linux64 - "Oracle Linux Server 9.6")

CPU model: AMD EPYC 7643 48-Core Processor, instruction set [SSE2|AVX|AVX2]
Thread count: 48 physical cores, 96 logical processors, using up to 1 threads

Optimize a model with 416 rows, 212 columns and 1083 nonzeros
Model fingerprint: 0xa51888d1
Variable types: 172 continuous, 40 integer (40 binary)
Coefficient statistics:
  Matrix range     [1e+00, 6e+01]
  Objective range  [1e+00, 1e+00]
  Bounds range     [1e+00, 6e+01]
  RHS range        [1e+00, 2e+01]
Presolve removed 222 rows and 109 columns
Presolve time: 0.00s
Presolved: 194 rows, 103 columns, 514 nonzeros
Variable types: 84 continuous, 19 integer (19 binary)
Found heuristic solution: objective 61.0000000
Found heuristic solution: objective 55.0000000

Root relaxation: objective 3.300000e+01, 50 iterations, 0.00 seconds (0.00 work units)

    Nodes    |    Current Node    |     Objective Bounds      |     Work
 Expl Unexpl |  Obj  Depth IntInf | Incumbent    BestBd   Gap | It/Node Time

     0     0   33.00000    0    7   55.00000   33.00000  40.0%     -    0s
H    0     0                      43.0000000   33.00000  23.3%     -    0s
     0     0   33.00000    0   13   43.00000   33.00000  23.3%     -    0s
     0     0   33.00000    0   12   43.00000   33.00000  23.3%     -    0s
     0     0   33.00000    0    2   43.00000   33.00000  23.3%     -    0s
     0     0   33.00000    0    2   43.00000   33.00000  23.3%     -    0s
     0     0   33.00000    0    4   43.00000   33.00000  23.3%     -    0s
     0     0   33.00000    0    4   43.00000   33.00000  23.3%     -    0s
     0     0   33.00000    0    2   43.00000   33.00000  23.3%     -    0s
     0     0   33.00000    0    5   43.00000   33.00000  23.3%     -    0s
     0     0   33.00000    0    5   43.00000   33.00000  23.3%     -    0s
H    0     0                      43.0000000   33.00000  23.3%     -    0s
     0     2   33.00000    0    5   43.00000   33.00000  23.3%     -    0s

Cutting planes:
  Gomory: 1
  Cover: 2
  Implied bound: 4
  Clique: 1
  MIR: 12
  Flow cover: 13
  RLT: 5

Explored 31 nodes (489 simplex iterations) in 0.03 seconds (0.02 work units)
Thread count was 1 (of 96 available processors)

Solution count 4: 43 43 55 61 

Optimal solution found (tolerance 1.00e-04)
Best objective 4.299999999560e+01, best bound 4.299999999560e+01, gap 0.0000%

Instance 5_4, formulation tres, reform hull:
  Rect 0: x = 21.00, y = 8.00
  Rect 1: x = 0.00, y = 12.00
  Rect 2: x = 25.00, y = 12.00
  Rect 3: x = 28.00, y = 7.00
  Rect 4: x = 15.00, y = 8.00
  → saved figures to strip_figures/5_4_tres_hull.png and strip_figures/5_4_tres_hull.pdf
Set parameter TokenServer to value "mooring.ecn.purdue.edu"
Read LP format model from file /tmp/tmp3y5upyqr.pyomo.lp
Reading time = 0.00 seconds
x52: 56 rows, 52 columns, 279 nonzeros
Set parameter TimeLimit to value 1800
Set parameter Threads to value 1
Gurobi Optimizer version 11.0.0 build v11.0.0rc2 (linux64 - "Oracle Linux Server 9.6")

CPU model: AMD EPYC 7643 48-Core Processor, instruction set [SSE2|AVX|AVX2]
Thread count: 48 physical cores, 96 logical processors, using up to 1 threads

Optimize a model with 56 rows, 52 columns and 279 nonzeros
Model fingerprint: 0xa8a0dd77
Variable types: 12 continuous, 40 integer (40 binary)
Coefficient statistics:
  Matrix range     [1e+00, 6e+01]
  Objective range  [1e+00, 1e+00]
  Bounds range     [1e+00, 6e+01]
  RHS range        [1e+00, 2e+01]
Found heuristic solution: objective 61.0000000
Presolve removed 22 rows and 23 columns
Presolve time: 0.00s
Presolved: 34 rows, 29 columns, 118 nonzeros
Variable types: 10 continuous, 19 integer (19 binary)

Root relaxation: objective 3.300000e+01, 13 iterations, 0.00 seconds (0.00 work units)

    Nodes    |    Current Node    |     Objective Bounds      |     Work
 Expl Unexpl |  Obj  Depth IntInf | Incumbent    BestBd   Gap | It/Node Time

     0     0   33.00000    0    2   61.00000   33.00000  45.9%     -    0s
H    0     0                      43.0000000   33.00000  23.3%     -    0s
     0     0   33.00000    0    3   43.00000   33.00000  23.3%     -    0s
     0     0   33.00000    0    4   43.00000   33.00000  23.3%     -    0s
     0     0   33.00000    0    4   43.00000   33.00000  23.3%     -    0s
     0     0   33.16717    0    7   43.00000   33.16717  22.9%     -    0s
     0     0   34.21739    0    6   43.00000   34.21739  20.4%     -    0s
     0     0   34.75506    0    7   43.00000   34.75506  19.2%     -    0s
     0     0   34.95455    0    5   43.00000   34.95455  18.7%     -    0s
     0     0   35.02857    0    5   43.00000   35.02857  18.5%     -    0s
     0     0   35.02857    0    6   43.00000   35.02857  18.5%     -    0s
     0     0   35.03727    0    6   43.00000   35.03727  18.5%     -    0s
     0     0   35.03727    0    7   43.00000   35.03727  18.5%     -    0s
     0     0   35.05030    0    7   43.00000   35.05030  18.5%     -    0s
     0     0   35.23806    0    7   43.00000   35.23806  18.1%     -    0s
     0     0   35.23806    0    7   43.00000   35.23806  18.1%     -    0s
     0     0   35.35899    0    7   43.00000   35.35899  17.8%     -    0s
     0     0   35.41553    0    7   43.00000   35.41553  17.6%     -    0s
     0     0   35.41553    0    7   43.00000   35.41553  17.6%     -    0s
     0     0   35.43972    0    7   43.00000   35.43972  17.6%     -    0s
     0     0   35.45923    0    7   43.00000   35.45923  17.5%     -    0s
     0     0   35.46154    0    7   43.00000   35.46154  17.5%     -    0s
     0     0   35.46154    0    7   43.00000   35.46154  17.5%     -    0s
     0     0   35.46154    0    7   43.00000   35.46154  17.5%     -    0s
     0     0   35.48722    0    7   43.00000   35.48722  17.5%     -    0s
     0     0   35.48722    0    7   43.00000   35.48722  17.5%     -    0s
     0     2   36.14163    0    7   43.00000   36.14163  15.9%     -    0s

Cutting planes:
  Cover: 1
  MIR: 13
  Relax-and-lift: 1

Explored 17 nodes (235 simplex iterations) in 0.02 seconds (0.01 work units)
Thread count was 1 (of 96 available processors)

Solution count 2: 43 61 

Optimal solution found (tolerance 1.00e-04)
Best objective 4.300000000000e+01, best bound 4.300000000000e+01, gap 0.0000%

Instance 5_4, formulation reagg, reform MIP:
  Rect 0: x = 6.00, y = 8.00
  Rect 1: x = 28.00, y = 12.00
  Rect 2: x = 10.00, y = 11.00
  Rect 3: x = 13.00, y = 7.00
  Rect 4: x = 0.00, y = 8.00
  → saved figures to strip_figures/5_4_reagg_MIP.png and strip_figures/5_4_reagg_MIP.pdf
Set parameter TokenServer to value "mooring.ecn.purdue.edu"
Read LP format model from file /tmp/tmp3hkbcbub.pyomo.lp
Reading time = 0.00 seconds
x52: 56 rows, 52 columns, 279 nonzeros
Set parameter TimeLimit to value 1800
Set parameter Threads to value 1
Gurobi Optimizer version 11.0.0 build v11.0.0rc2 (linux64 - "Oracle Linux Server 9.6")

CPU model: AMD EPYC 7643 48-Core Processor, instruction set [SSE2|AVX|AVX2]
Thread count: 48 physical cores, 96 logical processors, using up to 1 threads

Optimize a model with 56 rows, 52 columns and 279 nonzeros
Model fingerprint: 0x18d46d13
Variable types: 12 continuous, 40 integer (40 binary)
Coefficient statistics:
  Matrix range     [1e+00, 6e+01]
  Objective range  [1e+00, 1e+00]
  Bounds range     [1e+00, 6e+01]
  RHS range        [1e+00, 2e+01]
Found heuristic solution: objective 48.0000000
Presolve removed 22 rows and 23 columns
Presolve time: 0.00s
Presolved: 34 rows, 29 columns, 115 nonzeros
Variable types: 10 continuous, 19 integer (19 binary)

Root relaxation: objective 3.300000e+01, 12 iterations, 0.00 seconds (0.00 work units)

    Nodes    |    Current Node    |     Objective Bounds      |     Work
 Expl Unexpl |  Obj  Depth IntInf | Incumbent    BestBd   Gap | It/Node Time

     0     0   33.00000    0    9   48.00000   33.00000  31.2%     -    0s
H    0     0                      46.0000000   33.00000  28.3%     -    0s
     0     0   33.00000    0    6   46.00000   33.00000  28.3%     -    0s
H    0     0                      43.0000000   33.00000  23.3%     -    0s
     0     0   33.00000    0    5   43.00000   33.00000  23.3%     -    0s
     0     0   33.00000    0    5   43.00000   33.00000  23.3%     -    0s
     0     0   33.00000    0    6   43.00000   33.00000  23.3%     -    0s
     0     0   33.00000    0    6   43.00000   33.00000  23.3%     -    0s
     0     0   33.08035    0    5   43.00000   33.08035  23.1%     -    0s
     0     0   33.44876    0    7   43.00000   33.44876  22.2%     -    0s
     0     0   34.16667    0    8   43.00000   34.16667  20.5%     -    0s
     0     0   34.16667    0   12   43.00000   34.16667  20.5%     -    0s
     0     0   34.64815    0   10   43.00000   34.64815  19.4%     -    0s
     0     0   34.89744    0    8   43.00000   34.89744  18.8%     -    0s
     0     0   34.89744    0    9   43.00000   34.89744  18.8%     -    0s
     0     0   35.36111    0    7   43.00000   35.36111  17.8%     -    0s
     0     0   35.42515    0    8   43.00000   35.42515  17.6%     -    0s
     0     0   35.42515    0    9   43.00000   35.42515  17.6%     -    0s
     0     0   35.47742    0    8   43.00000   35.47742  17.5%     -    0s
     0     0   35.47742    0    8   43.00000   35.47742  17.5%     -    0s
     0     0   35.51429    0    8   43.00000   35.51429  17.4%     -    0s
     0     0   35.51429    0    8   43.00000   35.51429  17.4%     -    0s
     0     0   35.51429    0    8   43.00000   35.51429  17.4%     -    0s
     0     0   35.51429    0    8   43.00000   35.51429  17.4%     -    0s
     0     0   35.51429    0    9   43.00000   35.51429  17.4%     -    0s
     0     0   35.51429    0    9   43.00000   35.51429  17.4%     -    0s
     0     2   37.00000    0    9   43.00000   37.00000  14.0%     -    0s

Cutting planes:
  Cover: 2
  MIR: 15
  GUB cover: 2
  RLT: 1

Explored 14 nodes (339 simplex iterations) in 0.02 seconds (0.01 work units)
Thread count was 1 (of 96 available processors)

Solution count 3: 43 46 48 

Optimal solution found (tolerance 1.00e-04)
Best objective 4.300000000000e+01, best bound 4.300000000000e+01, gap 0.0000%

Instance 5_4, formulation reagg_tres, reform MIP:
  Rect 0: x = 21.00, y = 8.00
  Rect 1: x = 0.00, y = 12.00
  Rect 2: x = 21.00, y = 11.00
  Rect 3: x = 28.00, y = 7.00
  Rect 4: x = 15.00, y = 8.00
  → saved figures to strip_figures/5_4_reagg_tres_MIP.png and strip_figures/5_4_reagg_tres_MIP.pdf
Set parameter TokenServer to value "mooring.ecn.purdue.edu"
Read LP format model from file /tmp/tmpfq0xdubt.pyomo.lp
Reading time = 0.00 seconds
x52: 136 rows, 52 columns, 331 nonzeros
Set parameter TimeLimit to value 1800
Set parameter Threads to value 1
Gurobi Optimizer version 11.0.0 build v11.0.0rc2 (linux64 - "Oracle Linux Server 9.6")

CPU model: AMD EPYC 7643 48-Core Processor, instruction set [SSE2|AVX|AVX2]
Thread count: 48 physical cores, 96 logical processors, using up to 1 threads

Optimize a model with 136 rows, 52 columns and 331 nonzeros
Model fingerprint: 0xcd72a3ff
Variable types: 12 continuous, 40 integer (40 binary)
Coefficient statistics:
  Matrix range     [1e+00, 7e+01]
  Objective range  [1e+00, 1e+00]
  Bounds range     [1e+00, 5e+01]
  RHS range        [1e+00, 5e+01]
Found heuristic solution: objective 45.0000000
Presolve removed 105 rows and 27 columns
Presolve time: 0.00s
Presolved: 31 rows, 25 columns, 90 nonzeros
Variable types: 9 continuous, 16 integer (16 binary)

Root relaxation: objective 2.900000e+01, 12 iterations, 0.00 seconds (0.00 work units)

    Nodes    |    Current Node    |     Objective Bounds      |     Work
 Expl Unexpl |  Obj  Depth IntInf | Incumbent    BestBd   Gap | It/Node Time

     0     0   29.00000    0    2   45.00000   29.00000  35.6%     -    0s
H    0     0                      45.0000000   29.00000  35.6%     -    0s
     0     0   33.26667    0    7   45.00000   33.26667  26.1%     -    0s
     0     0   33.48134    0    8   45.00000   33.48134  25.6%     -    0s
     0     0   34.93769    0    8   45.00000   34.93769  22.4%     -    0s
     0     0   35.06897    0    8   45.00000   35.06897  22.1%     -    0s
     0     0   35.93723    0    7   45.00000   35.93723  20.1%     -    0s
     0     0   36.02439    0    7   45.00000   36.02439  19.9%     -    0s
     0     0   36.75232    0    7   45.00000   36.75232  18.3%     -    0s
     0     0   37.00000    0    7   45.00000   37.00000  17.8%     -    0s
     0     0   37.00000    0    7   45.00000   37.00000  17.8%     -    0s
     0     0   37.00000    0    6   45.00000   37.00000  17.8%     -    0s
     0     0   37.00000    0    7   45.00000   37.00000  17.8%     -    0s
     0     0   37.00000    0    7   45.00000   37.00000  17.8%     -    0s
     0     0   37.00000    0    4   45.00000   37.00000  17.8%     -    0s
     0     0   37.00000    0    7   45.00000   37.00000  17.8%     -    0s
     0     0   37.00000    0    6   45.00000   37.00000  17.8%     -    0s
     0     0   37.00000    0    6   45.00000   37.00000  17.8%     -    0s

Cutting planes:
  Cover: 2
  MIR: 8

Explored 1 nodes (127 simplex iterations) in 0.01 seconds (0.00 work units)
Thread count was 1 (of 96 available processors)

Solution count 2: 45 45 

Optimal solution found (tolerance 1.00e-04)
Best objective 4.499999999540e+01, best bound 4.499999999540e+01, gap 0.0000%

Instance 5_5, formulation altered, reform bigm:
  Rect 0: x = 15.00, y = 9.00
  Rect 1: x = 15.00, y = 5.00
  Rect 2: x = 37.00, y = 6.00
  Rect 3: x = 0.00, y = 8.00
  Rect 4: x = 23.00, y = 9.00
  → saved figures to strip_figures/5_5_altered_bigm.png and strip_figures/5_5_altered_bigm.pdf
Set parameter TokenServer to value "mooring.ecn.purdue.edu"
Read LP format model from file /tmp/tmpib1sgari.pyomo.lp
Reading time = 0.00 seconds
x212: 416 rows, 212 columns, 1091 nonzeros
Set parameter TimeLimit to value 1800
Set parameter Threads to value 1
Gurobi Optimizer version 11.0.0 build v11.0.0rc2 (linux64 - "Oracle Linux Server 9.6")

CPU model: AMD EPYC 7643 48-Core Processor, instruction set [SSE2|AVX|AVX2]
Thread count: 48 physical cores, 96 logical processors, using up to 1 threads

Optimize a model with 416 rows, 212 columns and 1091 nonzeros
Model fingerprint: 0x983383f4
Variable types: 172 continuous, 40 integer (40 binary)
Coefficient statistics:
  Matrix range     [1e+00, 5e+01]
  Objective range  [1e+00, 1e+00]
  Bounds range     [1e+00, 5e+01]
  RHS range        [1e+00, 2e+01]
Presolve removed 181 rows and 105 columns
Presolve time: 0.00s
Presolved: 235 rows, 107 columns, 610 nonzeros
Variable types: 91 continuous, 16 integer (16 binary)
Found heuristic solution: objective 53.0000000
Found heuristic solution: objective 45.0000000

Root relaxation: objective 2.900000e+01, 40 iterations, 0.00 seconds (0.00 work units)

    Nodes    |    Current Node    |     Objective Bounds      |     Work
 Expl Unexpl |  Obj  Depth IntInf | Incumbent    BestBd   Gap | It/Node Time

     0     0   29.00000    0    3   45.00000   29.00000  35.6%     -    0s
     0     0   29.00000    0    7   45.00000   29.00000  35.6%     -    0s
     0     0   29.00000    0    4   45.00000   29.00000  35.6%     -    0s
     0     0   29.00000    0    4   45.00000   29.00000  35.6%     -    0s
     0     0   29.00000    0    8   45.00000   29.00000  35.6%     -    0s
     0     0   29.26426    0    8   45.00000   29.26426  35.0%     -    0s
     0     0   29.26426    0    8   45.00000   29.26426  35.0%     -    0s
     0     0   29.26426    0    8   45.00000   29.26426  35.0%     -    0s
     0     2   29.26426    0    8   45.00000   29.26426  35.0%     -    0s

Cutting planes:
  Gomory: 1
  Implied bound: 1
  MIR: 5
  Flow cover: 16
  RLT: 6
  Relax-and-lift: 1

Explored 36 nodes (448 simplex iterations) in 0.03 seconds (0.02 work units)
Thread count was 1 (of 96 available processors)

Solution count 2: 45 53 

Optimal solution found (tolerance 1.00e-04)
Best objective 4.500000000000e+01, best bound 4.500000000000e+01, gap 0.0000%

Instance 5_5, formulation altered, reform hull:
  Rect 0: x = 0.00, y = 3.00
  Rect 1: x = 0.00, y = 8.00
  Rect 2: x = 8.00, y = 9.00
  Rect 3: x = 16.00, y = 8.00
  Rect 4: x = 31.00, y = 9.00
  → saved figures to strip_figures/5_5_altered_hull.png and strip_figures/5_5_altered_hull.pdf
Set parameter TokenServer to value "mooring.ecn.purdue.edu"
Read LP format model from file /tmp/tmpwjsjx28d.pyomo.lp
Reading time = 0.00 seconds
x52: 136 rows, 52 columns, 331 nonzeros
Set parameter TimeLimit to value 1800
Set parameter Threads to value 1
Gurobi Optimizer version 11.0.0 build v11.0.0rc2 (linux64 - "Oracle Linux Server 9.6")

CPU model: AMD EPYC 7643 48-Core Processor, instruction set [SSE2|AVX|AVX2]
Thread count: 48 physical cores, 96 logical processors, using up to 1 threads

Optimize a model with 136 rows, 52 columns and 331 nonzeros
Model fingerprint: 0xcd72a3ff
Variable types: 12 continuous, 40 integer (40 binary)
Coefficient statistics:
  Matrix range     [1e+00, 7e+01]
  Objective range  [1e+00, 1e+00]
  Bounds range     [1e+00, 5e+01]
  RHS range        [1e+00, 5e+01]
Found heuristic solution: objective 45.0000000
Presolve removed 105 rows and 27 columns
Presolve time: 0.00s
Presolved: 31 rows, 25 columns, 90 nonzeros
Variable types: 9 continuous, 16 integer (16 binary)

Root relaxation: objective 2.900000e+01, 12 iterations, 0.00 seconds (0.00 work units)

    Nodes    |    Current Node    |     Objective Bounds      |     Work
 Expl Unexpl |  Obj  Depth IntInf | Incumbent    BestBd   Gap | It/Node Time

     0     0   29.00000    0    2   45.00000   29.00000  35.6%     -    0s
H    0     0                      45.0000000   29.00000  35.6%     -    0s
     0     0   33.26667    0    7   45.00000   33.26667  26.1%     -    0s
     0     0   33.48134    0    8   45.00000   33.48134  25.6%     -    0s
     0     0   34.93769    0    8   45.00000   34.93769  22.4%     -    0s
     0     0   35.06897    0    8   45.00000   35.06897  22.1%     -    0s
     0     0   35.93723    0    7   45.00000   35.93723  20.1%     -    0s
     0     0   36.02439    0    7   45.00000   36.02439  19.9%     -    0s
     0     0   36.75232    0    7   45.00000   36.75232  18.3%     -    0s
     0     0   37.00000    0    7   45.00000   37.00000  17.8%     -    0s
     0     0   37.00000    0    7   45.00000   37.00000  17.8%     -    0s
     0     0   37.00000    0    6   45.00000   37.00000  17.8%     -    0s
     0     0   37.00000    0    7   45.00000   37.00000  17.8%     -    0s
     0     0   37.00000    0    7   45.00000   37.00000  17.8%     -    0s
     0     0   37.00000    0    4   45.00000   37.00000  17.8%     -    0s
     0     0   37.00000    0    7   45.00000   37.00000  17.8%     -    0s
     0     0   37.00000    0    6   45.00000   37.00000  17.8%     -    0s
     0     0   37.00000    0    6   45.00000   37.00000  17.8%     -    0s

Cutting planes:
  Cover: 2
  MIR: 8

Explored 1 nodes (127 simplex iterations) in 0.01 seconds (0.00 work units)
Thread count was 1 (of 96 available processors)

Solution count 2: 45 45 

Optimal solution found (tolerance 1.00e-04)
Best objective 4.499999999540e+01, best bound 4.499999999540e+01, gap 0.0000%

Instance 5_5, formulation tres, reform bigm:
  Rect 0: x = 15.00, y = 9.00
  Rect 1: x = 15.00, y = 5.00
  Rect 2: x = 37.00, y = 6.00
  Rect 3: x = 0.00, y = 8.00
  Rect 4: x = 23.00, y = 9.00
  → saved figures to strip_figures/5_5_tres_bigm.png and strip_figures/5_5_tres_bigm.pdf
Set parameter TokenServer to value "mooring.ecn.purdue.edu"
Read LP format model from file /tmp/tmpcotkjd9i.pyomo.lp
Reading time = 0.00 seconds
x212: 416 rows, 212 columns, 1091 nonzeros
Set parameter TimeLimit to value 1800
Set parameter Threads to value 1
Gurobi Optimizer version 11.0.0 build v11.0.0rc2 (linux64 - "Oracle Linux Server 9.6")

CPU model: AMD EPYC 7643 48-Core Processor, instruction set [SSE2|AVX|AVX2]
Thread count: 48 physical cores, 96 logical processors, using up to 1 threads

Optimize a model with 416 rows, 212 columns and 1091 nonzeros
Model fingerprint: 0x983383f4
Variable types: 172 continuous, 40 integer (40 binary)
Coefficient statistics:
  Matrix range     [1e+00, 5e+01]
  Objective range  [1e+00, 1e+00]
  Bounds range     [1e+00, 5e+01]
  RHS range        [1e+00, 2e+01]
Presolve removed 181 rows and 105 columns
Presolve time: 0.00s
Presolved: 235 rows, 107 columns, 610 nonzeros
Variable types: 91 continuous, 16 integer (16 binary)
Found heuristic solution: objective 53.0000000
Found heuristic solution: objective 45.0000000

Root relaxation: objective 2.900000e+01, 40 iterations, 0.00 seconds (0.00 work units)

    Nodes    |    Current Node    |     Objective Bounds      |     Work
 Expl Unexpl |  Obj  Depth IntInf | Incumbent    BestBd   Gap | It/Node Time

     0     0   29.00000    0    3   45.00000   29.00000  35.6%     -    0s
     0     0   29.00000    0    7   45.00000   29.00000  35.6%     -    0s
     0     0   29.00000    0    4   45.00000   29.00000  35.6%     -    0s
     0     0   29.00000    0    4   45.00000   29.00000  35.6%     -    0s
     0     0   29.00000    0    8   45.00000   29.00000  35.6%     -    0s
     0     0   29.26426    0    8   45.00000   29.26426  35.0%     -    0s
     0     0   29.26426    0    8   45.00000   29.26426  35.0%     -    0s
     0     0   29.26426    0    8   45.00000   29.26426  35.0%     -    0s
     0     2   29.26426    0    8   45.00000   29.26426  35.0%     -    0s

Cutting planes:
  Gomory: 1
  Implied bound: 1
  MIR: 5
  Flow cover: 16
  RLT: 6
  Relax-and-lift: 1

Explored 36 nodes (448 simplex iterations) in 0.03 seconds (0.02 work units)
Thread count was 1 (of 96 available processors)

Solution count 2: 45 53 

Optimal solution found (tolerance 1.00e-04)
Best objective 4.500000000000e+01, best bound 4.500000000000e+01, gap 0.0000%

Instance 5_5, formulation tres, reform hull:
  Rect 0: x = 0.00, y = 3.00
  Rect 1: x = 0.00, y = 8.00
  Rect 2: x = 8.00, y = 9.00
  Rect 3: x = 16.00, y = 8.00
  Rect 4: x = 31.00, y = 9.00
  → saved figures to strip_figures/5_5_tres_hull.png and strip_figures/5_5_tres_hull.pdf
Set parameter TokenServer to value "mooring.ecn.purdue.edu"
Read LP format model from file /tmp/tmp2tljgzyc.pyomo.lp
Reading time = 0.00 seconds
x52: 56 rows, 52 columns, 291 nonzeros
Set parameter TimeLimit to value 1800
Set parameter Threads to value 1
Gurobi Optimizer version 11.0.0 build v11.0.0rc2 (linux64 - "Oracle Linux Server 9.6")

CPU model: AMD EPYC 7643 48-Core Processor, instruction set [SSE2|AVX|AVX2]
Thread count: 48 physical cores, 96 logical processors, using up to 1 threads

Optimize a model with 56 rows, 52 columns and 291 nonzeros
Model fingerprint: 0xb3200a50
Variable types: 12 continuous, 40 integer (40 binary)
Coefficient statistics:
  Matrix range     [1e+00, 4e+01]
  Objective range  [1e+00, 1e+00]
  Bounds range     [1e+00, 4e+01]
  RHS range        [1e+00, 2e+01]
Found heuristic solution: objective 53.0000000
Presolve removed 25 rows and 27 columns
Presolve time: 0.00s
Presolved: 31 rows, 25 columns, 102 nonzeros
Variable types: 9 continuous, 16 integer (16 binary)

Root relaxation: objective 2.900000e+01, 12 iterations, 0.00 seconds (0.00 work units)

    Nodes    |    Current Node    |     Objective Bounds      |     Work
 Expl Unexpl |  Obj  Depth IntInf | Incumbent    BestBd   Gap | It/Node Time

     0     0   29.00000    0    9   53.00000   29.00000  45.3%     -    0s
H    0     0                      45.0000000   29.00000  35.6%     -    0s
     0     0   29.00000    0    7   45.00000   29.00000  35.6%     -    0s
     0     0   31.26667    0    7   45.00000   31.26667  30.5%     -    0s
     0     0   31.26667    0   10   45.00000   31.26667  30.5%     -    0s
     0     0   31.26667    0   12   45.00000   31.26667  30.5%     -    0s
     0     0   33.25000    0   10   45.00000   33.25000  26.1%     -    0s
     0     0   33.31343    0   10   45.00000   33.31343  26.0%     -    0s
     0     0   33.31343    0   12   45.00000   33.31343  26.0%     -    0s
     0     0   36.03317    0    8   45.00000   36.03317  19.9%     -    0s
     0     0   36.04401    0    8   45.00000   36.04401  19.9%     -    0s
     0     0   36.04517    0    8   45.00000   36.04517  19.9%     -    0s
     0     0   36.28571    0    8   45.00000   36.28571  19.4%     -    0s
     0     0   36.28571    0    7   45.00000   36.28571  19.4%     -    0s
     0     0   36.28571    0    7   45.00000   36.28571  19.4%     -    0s
     0     0   36.28571    0    7   45.00000   36.28571  19.4%     -    0s
     0     0   36.28571    0    7   45.00000   36.28571  19.4%     -    0s
     0     0   36.28571    0    6   45.00000   36.28571  19.4%     -    0s
     0     0   36.28571    0    9   45.00000   36.28571  19.4%     -    0s
     0     0   36.28571    0    7   45.00000   36.28571  19.4%     -    0s
     0     0   36.28571    0    8   45.00000   36.28571  19.4%     -    0s
     0     0   36.28571    0    8   45.00000   36.28571  19.4%     -    0s
     0     2   36.40000    0    8   45.00000   36.40000  19.1%     -    0s

Cutting planes:
  Cover: 1
  MIR: 8
  RLT: 2
  Relax-and-lift: 2

Explored 17 nodes (344 simplex iterations) in 0.02 seconds (0.00 work units)
Thread count was 1 (of 96 available processors)

Solution count 2: 45 53 

Optimal solution found (tolerance 1.00e-04)
Best objective 4.500000000000e+01, best bound 4.500000000000e+01, gap 0.0000%

Instance 5_5, formulation reagg, reform MIP:
  Rect 0: x = 22.00, y = 3.00
  Rect 1: x = 14.00, y = 5.00
  Rect 2: x = 22.00, y = 9.00
  Rect 3: x = 30.00, y = 8.00
  Rect 4: x = 0.00, y = 9.00
  → saved figures to strip_figures/5_5_reagg_MIP.png and strip_figures/5_5_reagg_MIP.pdf
Set parameter TokenServer to value "mooring.ecn.purdue.edu"
Read LP format model from file /tmp/tmptd05gebs.pyomo.lp
Reading time = 0.00 seconds
x52: 56 rows, 52 columns, 291 nonzeros
Set parameter TimeLimit to value 1800
Set parameter Threads to value 1
Gurobi Optimizer version 11.0.0 build v11.0.0rc2 (linux64 - "Oracle Linux Server 9.6")

CPU model: AMD EPYC 7643 48-Core Processor, instruction set [SSE2|AVX|AVX2]
Thread count: 48 physical cores, 96 logical processors, using up to 1 threads

Optimize a model with 56 rows, 52 columns and 291 nonzeros
Model fingerprint: 0xc8a3954f
Variable types: 12 continuous, 40 integer (40 binary)
Coefficient statistics:
  Matrix range     [1e+00, 4e+01]
  Objective range  [1e+00, 1e+00]
  Bounds range     [1e+00, 4e+01]
  RHS range        [1e+00, 2e+01]
Found heuristic solution: objective 53.0000000
Presolve removed 25 rows and 27 columns
Presolve time: 0.00s
Presolved: 31 rows, 25 columns, 102 nonzeros
Variable types: 9 continuous, 16 integer (16 binary)

Root relaxation: objective 2.900000e+01, 11 iterations, 0.00 seconds (0.00 work units)

    Nodes    |    Current Node    |     Objective Bounds      |     Work
 Expl Unexpl |  Obj  Depth IntInf | Incumbent    BestBd   Gap | It/Node Time

     0     0   29.00000    0    8   53.00000   29.00000  45.3%     -    0s
H    0     0                      45.0000000   29.00000  35.6%     -    0s
     0     0   29.00000    0    7   45.00000   29.00000  35.6%     -    0s
     0     0   30.20755    0   10   45.00000   30.20755  32.9%     -    0s
     0     0   35.40000    0    4   45.00000   35.40000  21.3%     -    0s
     0     0   35.91321    0    8   45.00000   35.91321  20.2%     -    0s
     0     0   37.00000    0    9   45.00000   37.00000  17.8%     -    0s
     0     0   37.00000    0    9   45.00000   37.00000  17.8%     -    0s
     0     0   37.00000    0    9   45.00000   37.00000  17.8%     -    0s
     0     0   37.00000    0    6   45.00000   37.00000  17.8%     -    0s
     0     0   37.00000    0    6   45.00000   37.00000  17.8%     -    0s
     0     0   37.00000    0    8   45.00000   37.00000  17.8%     -    0s
     0     0   37.00000    0    8   45.00000   37.00000  17.8%     -    0s
     0     0   37.00000    0    8   45.00000   37.00000  17.8%     -    0s
     0     0   37.00000    0    8   45.00000   37.00000  17.8%     -    0s
     0     0   37.00000    0    8   45.00000   37.00000  17.8%     -    0s
     0     2   37.00000    0    8   45.00000   37.00000  17.8%     -    0s

Cutting planes:
  Implied bound: 1
  MIR: 15
  RLT: 2

Explored 20 nodes (272 simplex iterations) in 0.01 seconds (0.00 work units)
Thread count was 1 (of 96 available processors)

Solution count 2: 45 53 

Optimal solution found (tolerance 1.00e-04)
Best objective 4.500000000000e+01, best bound 4.500000000000e+01, gap 0.0000%

Instance 5_5, formulation reagg_tres, reform MIP:
  Rect 0: x = 0.00, y = 9.00
  Rect 1: x = 0.00, y = 5.00
  Rect 2: x = 8.00, y = 6.00
  Rect 3: x = 16.00, y = 8.00
  Rect 4: x = 31.00, y = 9.00
  → saved figures to strip_figures/5_5_reagg_tres_MIP.png and strip_figures/5_5_reagg_tres_MIP.pdf
Set parameter TokenServer to value "mooring.ecn.purdue.edu"
Read LP format model from file /tmp/tmpn74_tf__.pyomo.lp
Reading time = 0.00 seconds
x74: 202 rows, 74 columns, 493 nonzeros
Set parameter TimeLimit to value 1800
Set parameter Threads to value 1
Gurobi Optimizer version 11.0.0 build v11.0.0rc2 (linux64 - "Oracle Linux Server 9.6")

CPU model: AMD EPYC 7643 48-Core Processor, instruction set [SSE2|AVX|AVX2]
Thread count: 48 physical cores, 96 logical processors, using up to 1 threads

Optimize a model with 202 rows, 74 columns and 493 nonzeros
Model fingerprint: 0x8170ef62
Variable types: 14 continuous, 60 integer (60 binary)
Coefficient statistics:
  Matrix range     [1e+00, 6e+01]
  Objective range  [1e+00, 1e+00]
  Bounds range     [1e+00, 4e+01]
  RHS range        [1e+00, 4e+01]
Found heuristic solution: objective 34.0000000
Presolve removed 145 rows and 26 columns
Presolve time: 0.00s
Presolved: 57 rows, 48 columns, 172 nonzeros
Variable types: 12 continuous, 36 integer (36 binary)

Root relaxation: objective 2.000000e+01, 22 iterations, 0.00 seconds (0.00 work units)

    Nodes    |    Current Node    |     Objective Bounds      |     Work
 Expl Unexpl |  Obj  Depth IntInf | Incumbent    BestBd   Gap | It/Node Time

     0     0   20.00000    0    2   34.00000   20.00000  41.2%     -    0s
H    0     0                      26.0000000   20.00000  23.1%     -    0s
     0     0   20.00000    0    2   26.00000   20.00000  23.1%     -    0s
H    0     0                      25.0000000   20.00000  20.0%     -    0s
     0     0   20.00000    0    2   25.00000   20.00000  20.0%     -    0s
     0     0   20.00000    0    6   25.00000   20.00000  20.0%     -    0s
     0     0   20.00000    0    2   25.00000   20.00000  20.0%     -    0s
     0     0   20.00000    0    6   25.00000   20.00000  20.0%     -    0s
     0     0   20.00000    0   12   25.00000   20.00000  20.0%     -    0s
     0     0   20.00000    0    2   25.00000   20.00000  20.0%     -    0s
     0     2   20.00000    0    2   25.00000   20.00000  20.0%     -    0s

Cutting planes:
  Cover: 6
  Implied bound: 3
  Clique: 3
  Relax-and-lift: 1

Explored 14 nodes (247 simplex iterations) in 0.01 seconds (0.00 work units)
Thread count was 1 (of 96 available processors)

Solution count 3: 25 26 34 

Optimal solution found (tolerance 1.00e-04)
Best objective 2.500000000000e+01, best bound 2.500000000000e+01, gap 0.0000%

Instance 6_1, formulation altered, reform bigm:
  Rect 0: x = 6.00, y = 9.00
  Rect 1: x = 18.00, y = 7.00
  Rect 2: x = 5.00, y = 10.00
  Rect 3: x = 5.00, y = 2.00
  Rect 4: x = 6.00, y = 7.00
  Rect 5: x = 0.00, y = 9.00
  → saved figures to strip_figures/6_1_altered_bigm.png and strip_figures/6_1_altered_bigm.pdf
Set parameter TokenServer to value "mooring.ecn.purdue.edu"
Read LP format model from file /tmp/tmpd06zh_qz.pyomo.lp
Reading time = 0.00 seconds
x314: 622 rows, 314 columns, 1633 nonzeros
Set parameter TimeLimit to value 1800
Set parameter Threads to value 1
Gurobi Optimizer version 11.0.0 build v11.0.0rc2 (linux64 - "Oracle Linux Server 9.6")

CPU model: AMD EPYC 7643 48-Core Processor, instruction set [SSE2|AVX|AVX2]
Thread count: 48 physical cores, 96 logical processors, using up to 1 threads

Optimize a model with 622 rows, 314 columns and 1633 nonzeros
Model fingerprint: 0xc3e6f37f
Variable types: 254 continuous, 60 integer (60 binary)
Coefficient statistics:
  Matrix range     [1e+00, 4e+01]
  Objective range  [1e+00, 1e+00]
  Bounds range     [1e+00, 4e+01]
  RHS range        [1e+00, 2e+01]
Presolve removed 227 rows and 113 columns
Presolve time: 0.00s
Presolved: 395 rows, 201 columns, 1036 nonzeros
Variable types: 165 continuous, 36 integer (36 binary)
Found heuristic solution: objective 45.0000000
Found heuristic solution: objective 28.0000000

Root relaxation: objective 2.000000e+01, 79 iterations, 0.00 seconds (0.00 work units)

    Nodes    |    Current Node    |     Objective Bounds      |     Work
 Expl Unexpl |  Obj  Depth IntInf | Incumbent    BestBd   Gap | It/Node Time

     0     0   20.00000    0    4   28.00000   20.00000  28.6%     -    0s
H    0     0                      26.0000000   20.00000  23.1%     -    0s
     0     0   20.00000    0   10   26.00000   20.00000  23.1%     -    0s
     0     0   20.00000    0   13   26.00000   20.00000  23.1%     -    0s
     0     0   20.00000    0    4   26.00000   20.00000  23.1%     -    0s
     0     0   20.00000    0    6   26.00000   20.00000  23.1%     -    0s
     0     0   20.00000    0    6   26.00000   20.00000  23.1%     -    0s
     0     2   20.00000    0    6   26.00000   20.00000  23.1%     -    0s
*   27     4               8      25.0000000   22.00000  12.0%  12.7    0s

Cutting planes:
  Cover: 16
  Implied bound: 31
  Clique: 3
  MIR: 5
  Flow cover: 14
  RLT: 1
  Relax-and-lift: 3

Explored 32 nodes (733 simplex iterations) in 0.05 seconds (0.03 work units)
Thread count was 1 (of 96 available processors)

Solution count 4: 25 26 28 45 

Optimal solution found (tolerance 1.00e-04)
Best objective 2.500000000000e+01, best bound 2.500000000000e+01, gap 0.0000%

Instance 6_1, formulation altered, reform hull:
  Rect 0: x = 0.00, y = 3.00
  Rect 1: x = 0.00, y = 10.00
  Rect 2: x = 15.00, y = 8.00
  Rect 3: x = 7.00, y = 10.00
  Rect 4: x = 16.00, y = 8.00
  Rect 5: x = 20.00, y = 9.00
  → saved figures to strip_figures/6_1_altered_hull.png and strip_figures/6_1_altered_hull.pdf
Set parameter TokenServer to value "mooring.ecn.purdue.edu"
Read LP format model from file /tmp/tmpotm6z1mt.pyomo.lp
Reading time = 0.00 seconds
x74: 202 rows, 74 columns, 493 nonzeros
Set parameter TimeLimit to value 1800
Set parameter Threads to value 1
Gurobi Optimizer version 11.0.0 build v11.0.0rc2 (linux64 - "Oracle Linux Server 9.6")

CPU model: AMD EPYC 7643 48-Core Processor, instruction set [SSE2|AVX|AVX2]
Thread count: 48 physical cores, 96 logical processors, using up to 1 threads

Optimize a model with 202 rows, 74 columns and 493 nonzeros
Model fingerprint: 0x8170ef62
Variable types: 14 continuous, 60 integer (60 binary)
Coefficient statistics:
  Matrix range     [1e+00, 6e+01]
  Objective range  [1e+00, 1e+00]
  Bounds range     [1e+00, 4e+01]
  RHS range        [1e+00, 4e+01]
Found heuristic solution: objective 34.0000000
Presolve removed 145 rows and 26 columns
Presolve time: 0.00s
Presolved: 57 rows, 48 columns, 172 nonzeros
Variable types: 12 continuous, 36 integer (36 binary)

Root relaxation: objective 2.000000e+01, 22 iterations, 0.00 seconds (0.00 work units)

    Nodes    |    Current Node    |     Objective Bounds      |     Work
 Expl Unexpl |  Obj  Depth IntInf | Incumbent    BestBd   Gap | It/Node Time

     0     0   20.00000    0    2   34.00000   20.00000  41.2%     -    0s
H    0     0                      26.0000000   20.00000  23.1%     -    0s
     0     0   20.00000    0    2   26.00000   20.00000  23.1%     -    0s
H    0     0                      25.0000000   20.00000  20.0%     -    0s
     0     0   20.00000    0    2   25.00000   20.00000  20.0%     -    0s
     0     0   20.00000    0    6   25.00000   20.00000  20.0%     -    0s
     0     0   20.00000    0    2   25.00000   20.00000  20.0%     -    0s
     0     0   20.00000    0    6   25.00000   20.00000  20.0%     -    0s
     0     0   20.00000    0   12   25.00000   20.00000  20.0%     -    0s
     0     0   20.00000    0    2   25.00000   20.00000  20.0%     -    0s
     0     2   20.00000    0    2   25.00000   20.00000  20.0%     -    0s

Cutting planes:
  Cover: 6
  Implied bound: 3
  Clique: 3
  Relax-and-lift: 1

Explored 14 nodes (247 simplex iterations) in 0.01 seconds (0.00 work units)
Thread count was 1 (of 96 available processors)

Solution count 3: 25 26 34 

Optimal solution found (tolerance 1.00e-04)
Best objective 2.500000000000e+01, best bound 2.500000000000e+01, gap 0.0000%

Instance 6_1, formulation tres, reform bigm:
  Rect 0: x = 6.00, y = 9.00
  Rect 1: x = 18.00, y = 7.00
  Rect 2: x = 5.00, y = 10.00
  Rect 3: x = 5.00, y = 2.00
  Rect 4: x = 6.00, y = 7.00
  Rect 5: x = 0.00, y = 9.00
  → saved figures to strip_figures/6_1_tres_bigm.png and strip_figures/6_1_tres_bigm.pdf
Set parameter TokenServer to value "mooring.ecn.purdue.edu"
Read LP format model from file /tmp/tmp4mq4vp9d.pyomo.lp
Reading time = 0.00 seconds
x314: 622 rows, 314 columns, 1633 nonzeros
Set parameter TimeLimit to value 1800
Set parameter Threads to value 1
Gurobi Optimizer version 11.0.0 build v11.0.0rc2 (linux64 - "Oracle Linux Server 9.6")

CPU model: AMD EPYC 7643 48-Core Processor, instruction set [SSE2|AVX|AVX2]
Thread count: 48 physical cores, 96 logical processors, using up to 1 threads

Optimize a model with 622 rows, 314 columns and 1633 nonzeros
Model fingerprint: 0xc3e6f37f
Variable types: 254 continuous, 60 integer (60 binary)
Coefficient statistics:
  Matrix range     [1e+00, 4e+01]
  Objective range  [1e+00, 1e+00]
  Bounds range     [1e+00, 4e+01]
  RHS range        [1e+00, 2e+01]
Presolve removed 227 rows and 113 columns
Presolve time: 0.00s
Presolved: 395 rows, 201 columns, 1036 nonzeros
Variable types: 165 continuous, 36 integer (36 binary)
Found heuristic solution: objective 45.0000000
Found heuristic solution: objective 28.0000000

Root relaxation: objective 2.000000e+01, 79 iterations, 0.00 seconds (0.00 work units)

    Nodes    |    Current Node    |     Objective Bounds      |     Work
 Expl Unexpl |  Obj  Depth IntInf | Incumbent    BestBd   Gap | It/Node Time

     0     0   20.00000    0    4   28.00000   20.00000  28.6%     -    0s
H    0     0                      26.0000000   20.00000  23.1%     -    0s
     0     0   20.00000    0   10   26.00000   20.00000  23.1%     -    0s
     0     0   20.00000    0   13   26.00000   20.00000  23.1%     -    0s
     0     0   20.00000    0    4   26.00000   20.00000  23.1%     -    0s
     0     0   20.00000    0    6   26.00000   20.00000  23.1%     -    0s
     0     0   20.00000    0    6   26.00000   20.00000  23.1%     -    0s
     0     2   20.00000    0    6   26.00000   20.00000  23.1%     -    0s
*   27     4               8      25.0000000   22.00000  12.0%  12.7    0s

Cutting planes:
  Cover: 16
  Implied bound: 31
  Clique: 3
  MIR: 5
  Flow cover: 14
  RLT: 1
  Relax-and-lift: 3

Explored 32 nodes (733 simplex iterations) in 0.05 seconds (0.03 work units)
Thread count was 1 (of 96 available processors)

Solution count 4: 25 26 28 45 

Optimal solution found (tolerance 1.00e-04)
Best objective 2.500000000000e+01, best bound 2.500000000000e+01, gap 0.0000%

Instance 6_1, formulation tres, reform hull:
  Rect 0: x = 0.00, y = 3.00
  Rect 1: x = 0.00, y = 10.00
  Rect 2: x = 15.00, y = 8.00
  Rect 3: x = 7.00, y = 10.00
  Rect 4: x = 16.00, y = 8.00
  Rect 5: x = 20.00, y = 9.00
  → saved figures to strip_figures/6_1_tres_hull.png and strip_figures/6_1_tres_hull.pdf
Set parameter TokenServer to value "mooring.ecn.purdue.edu"
Read LP format model from file /tmp/tmpn9wn53_m.pyomo.lp
Reading time = 0.00 seconds
x74: 82 rows, 74 columns, 433 nonzeros
Set parameter TimeLimit to value 1800
Set parameter Threads to value 1
Gurobi Optimizer version 11.0.0 build v11.0.0rc2 (linux64 - "Oracle Linux Server 9.6")

CPU model: AMD EPYC 7643 48-Core Processor, instruction set [SSE2|AVX|AVX2]
Thread count: 48 physical cores, 96 logical processors, using up to 1 threads

Optimize a model with 82 rows, 74 columns and 433 nonzeros
Model fingerprint: 0x790217cf
Variable types: 14 continuous, 60 integer (60 binary)
Coefficient statistics:
  Matrix range     [1e+00, 4e+01]
  Objective range  [1e+00, 1e+00]
  Bounds range     [1e+00, 4e+01]
  RHS range        [1e+00, 2e+01]
Found heuristic solution: objective 28.0000000
Presolve removed 25 rows and 26 columns
Presolve time: 0.00s
Presolved: 57 rows, 48 columns, 216 nonzeros
Variable types: 12 continuous, 36 integer (36 binary)

Root relaxation: objective 2.000000e+01, 23 iterations, 0.00 seconds (0.00 work units)

    Nodes    |    Current Node    |     Objective Bounds      |     Work
 Expl Unexpl |  Obj  Depth IntInf | Incumbent    BestBd   Gap | It/Node Time

     0     0   20.00000    0    4   28.00000   20.00000  28.6%     -    0s
H    0     0                      27.0000000   20.00000  25.9%     -    0s
     0     0   20.00000    0    7   27.00000   20.00000  25.9%     -    0s
H    0     0                      26.0000000   20.00000  23.1%     -    0s
     0     0   20.00000    0    7   26.00000   20.00000  23.1%     -    0s
     0     0   20.00000    0    7   26.00000   20.00000  23.1%     -    0s
     0     0   20.00000    0    7   26.00000   20.00000  23.1%     -    0s
     0     0   20.00000    0    3   26.00000   20.00000  23.1%     -    0s
     0     0   20.00000    0    4   26.00000   20.00000  23.1%     -    0s
     0     0   20.00000    0    5   26.00000   20.00000  23.1%     -    0s
     0     0   20.00000    0   11   26.00000   20.00000  23.1%     -    0s
     0     0   20.00000    0   11   26.00000   20.00000  23.1%     -    0s
     0     0   20.00000    0    2   26.00000   20.00000  23.1%     -    0s
     0     0   20.00000    0    5   26.00000   20.00000  23.1%     -    0s
     0     0   20.00000    0    5   26.00000   20.00000  23.1%     -    0s
     0     0   20.00000    0    1   26.00000   20.00000  23.1%     -    0s
     0     0   20.00000    0    6   26.00000   20.00000  23.1%     -    0s
     0     0   20.00000    0    6   26.00000   20.00000  23.1%     -    0s
     0     0   22.03704    0    4   26.00000   22.03704  15.2%     -    0s
     0     0   22.50000    0    4   26.00000   22.50000  13.5%     -    0s
     0     0   25.00000    0    2   26.00000   25.00000  3.85%     -    0s
     0     0   25.00000    0    2   26.00000   25.00000  3.85%     -    0s
     0     0   25.00000    0    2   26.00000   25.00000  3.85%     -    0s
     0     0   25.00000    0    3   26.00000   25.00000  3.85%     -    0s
     0     0   25.00000    0    3   26.00000   25.00000  3.85%     -    0s
     0     0   25.00000    0    3   26.00000   25.00000  3.85%     -    0s
     0     0   25.00000    0    3   26.00000   25.00000  3.85%     -    0s
     0     0   25.00000    0    3   26.00000   25.00000  3.85%     -    0s
     0     2   25.00000    0    3   26.00000   25.00000  3.85%     -    0s
*   14     0               4      25.0000000   25.00000  0.00%   4.4    0s

Cutting planes:
  Cover: 6
  Implied bound: 5
  MIR: 5

Explored 15 nodes (466 simplex iterations) in 0.03 seconds (0.01 work units)
Thread count was 1 (of 96 available processors)

Solution count 4: 25 26 27 28 

Optimal solution found (tolerance 1.00e-04)
Best objective 2.500000000000e+01, best bound 2.500000000000e+01, gap 0.0000%

Instance 6_1, formulation reagg, reform MIP:
  Rect 0: x = 5.00, y = 3.00
  Rect 1: x = 13.00, y = 10.00
  Rect 2: x = 0.00, y = 8.00
  Rect 3: x = 0.00, y = 10.00
  Rect 4: x = 1.00, y = 5.00
  Rect 5: x = 20.00, y = 9.00
  → saved figures to strip_figures/6_1_reagg_MIP.png and strip_figures/6_1_reagg_MIP.pdf
Set parameter TokenServer to value "mooring.ecn.purdue.edu"
Read LP format model from file /tmp/tmp9nbvvi_z.pyomo.lp
Reading time = 0.00 seconds
x74: 82 rows, 74 columns, 433 nonzeros
Set parameter TimeLimit to value 1800
Set parameter Threads to value 1
Gurobi Optimizer version 11.0.0 build v11.0.0rc2 (linux64 - "Oracle Linux Server 9.6")

CPU model: AMD EPYC 7643 48-Core Processor, instruction set [SSE2|AVX|AVX2]
Thread count: 48 physical cores, 96 logical processors, using up to 1 threads

Optimize a model with 82 rows, 74 columns and 433 nonzeros
Model fingerprint: 0xbf5082d1
Variable types: 14 continuous, 60 integer (60 binary)
Coefficient statistics:
  Matrix range     [1e+00, 4e+01]
  Objective range  [1e+00, 1e+00]
  Bounds range     [1e+00, 4e+01]
  RHS range        [1e+00, 2e+01]
Found heuristic solution: objective 40.0000000
Presolve removed 25 rows and 26 columns
Presolve time: 0.00s
Presolved: 57 rows, 48 columns, 209 nonzeros
Variable types: 12 continuous, 36 integer (36 binary)

Root relaxation: objective 2.000000e+01, 25 iterations, 0.00 seconds (0.00 work units)

    Nodes    |    Current Node    |     Objective Bounds      |     Work
 Expl Unexpl |  Obj  Depth IntInf | Incumbent    BestBd   Gap | It/Node Time

     0     0   20.00000    0    4   40.00000   20.00000  50.0%     -    0s
H    0     0                      26.0000000   20.00000  23.1%     -    0s
     0     0   20.00000    0    2   26.00000   20.00000  23.1%     -    0s
     0     0   20.00000    0    2   26.00000   20.00000  23.1%     -    0s
     0     0   20.00000    0    8   26.00000   20.00000  23.1%     -    0s
     0     0   20.00000    0    9   26.00000   20.00000  23.1%     -    0s
     0     0   20.00000    0    2   26.00000   20.00000  23.1%     -    0s
     0     0   20.00000    0    7   26.00000   20.00000  23.1%     -    0s
     0     0   20.00000    0    7   26.00000   20.00000  23.1%     -    0s
     0     2   20.00000    0    7   26.00000   20.00000  23.1%     -    0s
H   11     6                      25.0000000   20.00000  20.0%   4.1    0s

Cutting planes:
  Cover: 6
  Implied bound: 9
  Clique: 3
  MIR: 3
  GUB cover: 1
  Relax-and-lift: 2

Explored 21 nodes (273 simplex iterations) in 0.01 seconds (0.01 work units)
Thread count was 1 (of 96 available processors)

Solution count 3: 25 26 40 

Optimal solution found (tolerance 1.00e-04)
Best objective 2.500000000000e+01, best bound 2.500000000000e+01, gap 0.0000%

Instance 6_1, formulation reagg_tres, reform MIP:
  Rect 0: x = 10.00, y = 10.00
  Rect 1: x = 18.00, y = 7.00
  Rect 2: x = 5.00, y = 10.00
  Rect 3: x = 5.00, y = 2.00
  Rect 4: x = 6.00, y = 10.00
  Rect 5: x = 0.00, y = 9.00
  → saved figures to strip_figures/6_1_reagg_tres_MIP.png and strip_figures/6_1_reagg_tres_MIP.pdf
Set parameter TokenServer to value "mooring.ecn.purdue.edu"
Read LP format model from file /tmp/tmpecgq_63z.pyomo.lp
Reading time = 0.00 seconds
x74: 202 rows, 74 columns, 493 nonzeros
Set parameter TimeLimit to value 1800
Set parameter Threads to value 1
Gurobi Optimizer version 11.0.0 build v11.0.0rc2 (linux64 - "Oracle Linux Server 9.6")

CPU model: AMD EPYC 7643 48-Core Processor, instruction set [SSE2|AVX|AVX2]
Thread count: 48 physical cores, 96 logical processors, using up to 1 threads

Optimize a model with 202 rows, 74 columns and 493 nonzeros
Model fingerprint: 0xa4b296d0
Variable types: 14 continuous, 60 integer (60 binary)
Coefficient statistics:
  Matrix range     [1e+00, 5e+01]
  Objective range  [1e+00, 1e+00]
  Bounds range     [1e+00, 4e+01]
  RHS range        [1e+00, 4e+01]
Found heuristic solution: objective 35.0000000
Presolve removed 133 rows and 13 columns
Presolve time: 0.00s
Presolved: 69 rows, 61 columns, 212 nonzeros
Variable types: 13 continuous, 48 integer (48 binary)

Root relaxation: objective 2.500000e+01, 27 iterations, 0.00 seconds (0.00 work units)

    Nodes    |    Current Node    |     Objective Bounds      |     Work
 Expl Unexpl |  Obj  Depth IntInf | Incumbent    BestBd   Gap | It/Node Time

     0     0   25.00000    0    1   35.00000   25.00000  28.6%     -    0s
H    0     0                      33.0000000   25.00000  24.2%     -    0s
     0     0   25.00000    0    3   33.00000   25.00000  24.2%     -    0s
     0     0   26.93939    0    2   33.00000   26.93939  18.4%     -    0s
     0     0   28.36842    0    2   33.00000   28.36842  14.0%     -    0s
     0     0   29.00000    0    3   33.00000   29.00000  12.1%     -    0s
     0     0   29.00000    0    2   33.00000   29.00000  12.1%     -    0s
     0     0   31.00000    0    3   33.00000   31.00000  6.06%     -    0s

Cutting planes:
  Cover: 1
  MIR: 5

Explored 1 nodes (88 simplex iterations) in 0.01 seconds (0.00 work units)
Thread count was 1 (of 96 available processors)

Solution count 2: 33 35 

Optimal solution found (tolerance 1.00e-04)
Best objective 3.300000000000e+01, best bound 3.300000000000e+01, gap 0.0000%

Instance 6_2, formulation altered, reform bigm:
  Rect 0: x = 3.00, y = 12.00
  Rect 1: x = 1.00, y = 12.00
  Rect 2: x = 0.00, y = 11.00
  Rect 3: x = 11.00, y = 10.00
  Rect 4: x = 25.00, y = 7.00
  Rect 5: x = 0.00, y = 8.00
  → saved figures to strip_figures/6_2_altered_bigm.png and strip_figures/6_2_altered_bigm.pdf
Set parameter TokenServer to value "mooring.ecn.purdue.edu"
Read LP format model from file /tmp/tmpn9w_67ar.pyomo.lp
Reading time = 0.00 seconds
x314: 622 rows, 314 columns, 1633 nonzeros
Set parameter TimeLimit to value 1800
Set parameter Threads to value 1
Gurobi Optimizer version 11.0.0 build v11.0.0rc2 (linux64 - "Oracle Linux Server 9.6")

CPU model: AMD EPYC 7643 48-Core Processor, instruction set [SSE2|AVX|AVX2]
Thread count: 48 physical cores, 96 logical processors, using up to 1 threads

Optimize a model with 622 rows, 314 columns and 1633 nonzeros
Model fingerprint: 0xbb5d1b83
Variable types: 254 continuous, 60 integer (60 binary)
Coefficient statistics:
  Matrix range     [1e+00, 4e+01]
  Objective range  [1e+00, 1e+00]
  Bounds range     [1e+00, 4e+01]
  RHS range        [1e+00, 1e+01]
Presolve removed 167 rows and 61 columns
Presolve time: 0.00s
Presolved: 455 rows, 253 columns, 1196 nonzeros
Variable types: 205 continuous, 48 integer (48 binary)
Found heuristic solution: objective 38.0000000
Found heuristic solution: objective 35.0000000

Root relaxation: objective 2.500000e+01, 98 iterations, 0.00 seconds (0.00 work units)

    Nodes    |    Current Node    |     Objective Bounds      |     Work
 Expl Unexpl |  Obj  Depth IntInf | Incumbent    BestBd   Gap | It/Node Time

     0     0   25.00000    0   10   35.00000   25.00000  28.6%     -    0s
H    0     0                      33.0000000   25.00000  24.2%     -    0s
     0     0   25.00000    0   13   33.00000   25.00000  24.2%     -    0s
     0     0   25.00000    0    1   33.00000   25.00000  24.2%     -    0s
     0     0   25.00000    0    5   33.00000   25.00000  24.2%     -    0s
     0     0   25.38494    0    3   33.00000   25.38494  23.1%     -    0s
     0     0   25.89976    0    3   33.00000   25.89976  21.5%     -    0s
     0     0   25.89976    0    3   33.00000   25.89976  21.5%     -    0s
     0     0   25.89976    0    4   33.00000   25.89976  21.5%     -    0s
     0     0   25.89976    0    4   33.00000   25.89976  21.5%     -    0s
     0     0   25.89976    0    4   33.00000   25.89976  21.5%     -    0s
     0     0   25.89976    0    4   33.00000   25.89976  21.5%     -    0s
     0     0   25.89976    0    4   33.00000   25.89976  21.5%     -    0s
     0     2   25.89976    0    4   33.00000   25.89976  21.5%     -    0s

Cutting planes:
  Gomory: 2
  Cover: 7
  Implied bound: 8
  MIR: 5
  Flow cover: 9
  GUB cover: 1
  RLT: 4
  Relax-and-lift: 4

Explored 8 nodes (721 simplex iterations) in 0.06 seconds (0.04 work units)
Thread count was 1 (of 96 available processors)

Solution count 3: 33 35 38 

Optimal solution found (tolerance 1.00e-04)
Best objective 3.300000000000e+01, best bound 3.300000000000e+01, gap 0.0000%

Instance 6_2, formulation altered, reform hull:
  Rect 0: x = 22.00, y = 10.00
  Rect 1: x = 1.00, y = 12.00
  Rect 2: x = 0.00, y = 11.00
  Rect 3: x = 8.00, y = 10.00
  Rect 4: x = 0.00, y = 7.00
  Rect 5: x = 22.00, y = 8.00
  → saved figures to strip_figures/6_2_altered_hull.png and strip_figures/6_2_altered_hull.pdf
Set parameter TokenServer to value "mooring.ecn.purdue.edu"
Read LP format model from file /tmp/tmpqa1k4u7r.pyomo.lp
Reading time = 0.00 seconds
x74: 202 rows, 74 columns, 493 nonzeros
Set parameter TimeLimit to value 1800
Set parameter Threads to value 1
Gurobi Optimizer version 11.0.0 build v11.0.0rc2 (linux64 - "Oracle Linux Server 9.6")

CPU model: AMD EPYC 7643 48-Core Processor, instruction set [SSE2|AVX|AVX2]
Thread count: 48 physical cores, 96 logical processors, using up to 1 threads

Optimize a model with 202 rows, 74 columns and 493 nonzeros
Model fingerprint: 0xa4b296d0
Variable types: 14 continuous, 60 integer (60 binary)
Coefficient statistics:
  Matrix range     [1e+00, 5e+01]
  Objective range  [1e+00, 1e+00]
  Bounds range     [1e+00, 4e+01]
  RHS range        [1e+00, 4e+01]
Found heuristic solution: objective 35.0000000
Presolve removed 133 rows and 13 columns
Presolve time: 0.00s
Presolved: 69 rows, 61 columns, 212 nonzeros
Variable types: 13 continuous, 48 integer (48 binary)

Root relaxation: objective 2.500000e+01, 27 iterations, 0.00 seconds (0.00 work units)

    Nodes    |    Current Node    |     Objective Bounds      |     Work
 Expl Unexpl |  Obj  Depth IntInf | Incumbent    BestBd   Gap | It/Node Time

     0     0   25.00000    0    1   35.00000   25.00000  28.6%     -    0s
H    0     0                      33.0000000   25.00000  24.2%     -    0s
     0     0   25.00000    0    3   33.00000   25.00000  24.2%     -    0s
     0     0   26.93939    0    2   33.00000   26.93939  18.4%     -    0s
     0     0   28.36842    0    2   33.00000   28.36842  14.0%     -    0s
     0     0   29.00000    0    3   33.00000   29.00000  12.1%     -    0s
     0     0   29.00000    0    2   33.00000   29.00000  12.1%     -    0s
     0     0   31.00000    0    3   33.00000   31.00000  6.06%     -    0s

Cutting planes:
  Cover: 1
  MIR: 5

Explored 1 nodes (88 simplex iterations) in 0.01 seconds (0.00 work units)
Thread count was 1 (of 96 available processors)

Solution count 2: 33 35 

Optimal solution found (tolerance 1.00e-04)
Best objective 3.300000000000e+01, best bound 3.300000000000e+01, gap 0.0000%

Instance 6_2, formulation tres, reform bigm:
  Rect 0: x = 3.00, y = 12.00
  Rect 1: x = 1.00, y = 12.00
  Rect 2: x = 0.00, y = 11.00
  Rect 3: x = 11.00, y = 10.00
  Rect 4: x = 25.00, y = 7.00
  Rect 5: x = 0.00, y = 8.00
  → saved figures to strip_figures/6_2_tres_bigm.png and strip_figures/6_2_tres_bigm.pdf
Set parameter TokenServer to value "mooring.ecn.purdue.edu"
Read LP format model from file /tmp/tmpjxr6bcsc.pyomo.lp
Reading time = 0.00 seconds
x314: 622 rows, 314 columns, 1633 nonzeros
Set parameter TimeLimit to value 1800
Set parameter Threads to value 1
Gurobi Optimizer version 11.0.0 build v11.0.0rc2 (linux64 - "Oracle Linux Server 9.6")

CPU model: AMD EPYC 7643 48-Core Processor, instruction set [SSE2|AVX|AVX2]
Thread count: 48 physical cores, 96 logical processors, using up to 1 threads

Optimize a model with 622 rows, 314 columns and 1633 nonzeros
Model fingerprint: 0xbb5d1b83
Variable types: 254 continuous, 60 integer (60 binary)
Coefficient statistics:
  Matrix range     [1e+00, 4e+01]
  Objective range  [1e+00, 1e+00]
  Bounds range     [1e+00, 4e+01]
  RHS range        [1e+00, 1e+01]
Presolve removed 167 rows and 61 columns
Presolve time: 0.00s
Presolved: 455 rows, 253 columns, 1196 nonzeros
Variable types: 205 continuous, 48 integer (48 binary)
Found heuristic solution: objective 38.0000000
Found heuristic solution: objective 35.0000000

Root relaxation: objective 2.500000e+01, 98 iterations, 0.00 seconds (0.00 work units)

    Nodes    |    Current Node    |     Objective Bounds      |     Work
 Expl Unexpl |  Obj  Depth IntInf | Incumbent    BestBd   Gap | It/Node Time

     0     0   25.00000    0   10   35.00000   25.00000  28.6%     -    0s
H    0     0                      33.0000000   25.00000  24.2%     -    0s
     0     0   25.00000    0   13   33.00000   25.00000  24.2%     -    0s
     0     0   25.00000    0    1   33.00000   25.00000  24.2%     -    0s
     0     0   25.00000    0    5   33.00000   25.00000  24.2%     -    0s
     0     0   25.38494    0    3   33.00000   25.38494  23.1%     -    0s
     0     0   25.89976    0    3   33.00000   25.89976  21.5%     -    0s
     0     0   25.89976    0    3   33.00000   25.89976  21.5%     -    0s
     0     0   25.89976    0    4   33.00000   25.89976  21.5%     -    0s
     0     0   25.89976    0    4   33.00000   25.89976  21.5%     -    0s
     0     0   25.89976    0    4   33.00000   25.89976  21.5%     -    0s
     0     0   25.89976    0    4   33.00000   25.89976  21.5%     -    0s
     0     0   25.89976    0    4   33.00000   25.89976  21.5%     -    0s
     0     2   25.89976    0    4   33.00000   25.89976  21.5%     -    0s

Cutting planes:
  Gomory: 2
  Cover: 7
  Implied bound: 8
  MIR: 5
  Flow cover: 9
  GUB cover: 1
  RLT: 4
  Relax-and-lift: 4

Explored 8 nodes (721 simplex iterations) in 0.06 seconds (0.04 work units)
Thread count was 1 (of 96 available processors)

Solution count 3: 33 35 38 

Optimal solution found (tolerance 1.00e-04)
Best objective 3.300000000000e+01, best bound 3.300000000000e+01, gap 0.0000%

Instance 6_2, formulation tres, reform hull:
  Rect 0: x = 22.00, y = 10.00
  Rect 1: x = 1.00, y = 12.00
  Rect 2: x = 0.00, y = 11.00
  Rect 3: x = 8.00, y = 10.00
  Rect 4: x = 0.00, y = 7.00
  Rect 5: x = 22.00, y = 8.00
  → saved figures to strip_figures/6_2_tres_hull.png and strip_figures/6_2_tres_hull.pdf
Set parameter TokenServer to value "mooring.ecn.purdue.edu"
Read LP format model from file /tmp/tmprhuu4cfm.pyomo.lp
Reading time = 0.00 seconds
x74: 82 rows, 74 columns, 433 nonzeros
Set parameter TimeLimit to value 1800
Set parameter Threads to value 1
Gurobi Optimizer version 11.0.0 build v11.0.0rc2 (linux64 - "Oracle Linux Server 9.6")

CPU model: AMD EPYC 7643 48-Core Processor, instruction set [SSE2|AVX|AVX2]
Thread count: 48 physical cores, 96 logical processors, using up to 1 threads

Optimize a model with 82 rows, 74 columns and 433 nonzeros
Model fingerprint: 0x66b08a74
Variable types: 14 continuous, 60 integer (60 binary)
Coefficient statistics:
  Matrix range     [1e+00, 4e+01]
  Objective range  [1e+00, 1e+00]
  Bounds range     [1e+00, 4e+01]
  RHS range        [1e+00, 1e+01]
Found heuristic solution: objective 33.0000000
Presolve removed 13 rows and 13 columns
Presolve time: 0.00s
Presolved: 69 rows, 61 columns, 284 nonzeros
Variable types: 13 continuous, 48 integer (48 binary)

Root relaxation: objective 2.500000e+01, 25 iterations, 0.00 seconds (0.00 work units)

    Nodes    |    Current Node    |     Objective Bounds      |     Work
 Expl Unexpl |  Obj  Depth IntInf | Incumbent    BestBd   Gap | It/Node Time

     0     0   25.00000    0    1   33.00000   25.00000  24.2%     -    0s
     0     0   25.00000    0    6   33.00000   25.00000  24.2%     -    0s
     0     0   25.00000    0    2   33.00000   25.00000  24.2%     -    0s
     0     0   25.00000    0    5   33.00000   25.00000  24.2%     -    0s
     0     0   25.51064    0    7   33.00000   25.51064  22.7%     -    0s
     0     0   27.07524    0    5   33.00000   27.07524  18.0%     -    0s
     0     0   32.20000    0    3   33.00000   32.20000  2.42%     -    0s
     0     0   32.20000    0    5   33.00000   32.20000  2.42%     -    0s
     0     0   32.55556    0    7   33.00000   32.55556  1.35%     -    0s
     0     0   32.55556    0    7   33.00000   32.55556  1.35%     -    0s
     0     0   32.55556    0    4   33.00000   32.55556  1.35%     -    0s
     0     0   32.55556    0    5   33.00000   32.55556  1.35%     -    0s
     0     0   32.55556    0    5   33.00000   32.55556  1.35%     -    0s
     0     0   32.55556    0    5   33.00000   32.55556  1.35%     -    0s
     0     0   32.55556    0    5   33.00000   32.55556  1.35%     -    0s
     0     0   32.55556    0    3   33.00000   32.55556  1.35%     -    0s
     0     0   32.55556    0    3   33.00000   32.55556  1.35%     -    0s
     0     0   32.55556    0    3   33.00000   32.55556  1.35%     -    0s

Cutting planes:
  Cover: 2
  Implied bound: 1
  MIR: 6
  GUB cover: 1
  Zero half: 1
  Relax-and-lift: 2

Explored 1 nodes (168 simplex iterations) in 0.01 seconds (0.01 work units)
Thread count was 1 (of 96 available processors)

Solution count 1: 33 

Optimal solution found (tolerance 1.00e-04)
Best objective 3.300000000000e+01, best bound 3.300000000000e+01, gap 0.0000%

Instance 6_2, formulation reagg, reform MIP:
  Rect 0: x = 0.00, y = 9.00
  Rect 1: x = 8.00, y = 4.00
  Rect 2: x = 10.00, y = 1.00
  Rect 3: x = 19.00, y = 12.00
  Rect 4: x = 0.00, y = 7.00
  Rect 5: x = 8.00, y = 12.00
  → saved figures to strip_figures/6_2_reagg_MIP.png and strip_figures/6_2_reagg_MIP.pdf
Set parameter TokenServer to value "mooring.ecn.purdue.edu"
Read LP format model from file /tmp/tmpai2zrxg7.pyomo.lp
Reading time = 0.00 seconds
x74: 82 rows, 74 columns, 433 nonzeros
Set parameter TimeLimit to value 1800
Set parameter Threads to value 1
Gurobi Optimizer version 11.0.0 build v11.0.0rc2 (linux64 - "Oracle Linux Server 9.6")

CPU model: AMD EPYC 7643 48-Core Processor, instruction set [SSE2|AVX|AVX2]
Thread count: 48 physical cores, 96 logical processors, using up to 1 threads

Optimize a model with 82 rows, 74 columns and 433 nonzeros
Model fingerprint: 0x4fa7b027
Variable types: 14 continuous, 60 integer (60 binary)
Coefficient statistics:
  Matrix range     [1e+00, 4e+01]
  Objective range  [1e+00, 1e+00]
  Bounds range     [1e+00, 4e+01]
  RHS range        [1e+00, 1e+01]
Found heuristic solution: objective 34.0000000
Presolve removed 13 rows and 13 columns
Presolve time: 0.00s
Presolved: 69 rows, 61 columns, 274 nonzeros
Variable types: 13 continuous, 48 integer (48 binary)

Root relaxation: objective 2.500000e+01, 27 iterations, 0.00 seconds (0.00 work units)

    Nodes    |    Current Node    |     Objective Bounds      |     Work
 Expl Unexpl |  Obj  Depth IntInf | Incumbent    BestBd   Gap | It/Node Time

     0     0   25.00000    0    2   34.00000   25.00000  26.5%     -    0s
H    0     0                      33.0000000   25.00000  24.2%     -    0s
     0     0   25.00000    0    9   33.00000   25.00000  24.2%     -    0s
     0     0   25.06699    0   11   33.00000   25.06699  24.0%     -    0s
     0     0   25.06699    0    1   33.00000   25.06699  24.0%     -    0s
     0     0   26.93939    0    3   33.00000   26.93939  18.4%     -    0s
     0     0   29.00000    0    4   33.00000   29.00000  12.1%     -    0s
     0     0     cutoff    0        33.00000   33.00000  0.00%     -    0s

Cutting planes:
  Implied bound: 1
  MIR: 4
  GUB cover: 1
  Relax-and-lift: 1

Explored 1 nodes (269 simplex iterations) in 0.01 seconds (0.00 work units)
Thread count was 1 (of 96 available processors)

Solution count 2: 33 34 

Optimal solution found (tolerance 1.00e-04)
Best objective 3.300000000000e+01, best bound 3.300000000000e+01, gap 0.0000%

Instance 6_2, formulation reagg_tres, reform MIP:
  Rect 0: x = 2.00, y = 10.00
  Rect 1: x = 0.00, y = 12.00
  Rect 2: x = 1.00, y = 1.00
  Rect 3: x = 19.00, y = 10.00
  Rect 4: x = 0.00, y = 8.00
  Rect 5: x = 8.00, y = 8.00
  → saved figures to strip_figures/6_2_reagg_tres_MIP.png and strip_figures/6_2_reagg_tres_MIP.pdf
Set parameter TokenServer to value "mooring.ecn.purdue.edu"
Read LP format model from file /tmp/tmpi4np74t0.pyomo.lp
Reading time = 0.00 seconds
x74: 202 rows, 74 columns, 493 nonzeros
Set parameter TimeLimit to value 1800
Set parameter Threads to value 1
Gurobi Optimizer version 11.0.0 build v11.0.0rc2 (linux64 - "Oracle Linux Server 9.6")

CPU model: AMD EPYC 7643 48-Core Processor, instruction set [SSE2|AVX|AVX2]
Thread count: 48 physical cores, 96 logical processors, using up to 1 threads

Optimize a model with 202 rows, 74 columns and 493 nonzeros
Model fingerprint: 0xca5d6c00
Variable types: 14 continuous, 60 integer (60 binary)
Coefficient statistics:
  Matrix range     [1e+00, 6e+01]
  Objective range  [1e+00, 1e+00]
  Bounds range     [1e+00, 5e+01]
  RHS range        [1e+00, 5e+01]
Found heuristic solution: objective 34.0000000
Presolve removed 142 rows and 23 columns
Presolve time: 0.00s
Presolved: 60 rows, 51 columns, 182 nonzeros
Variable types: 12 continuous, 39 integer (39 binary)

Root relaxation: objective 2.500000e+01, 21 iterations, 0.00 seconds (0.00 work units)

    Nodes    |    Current Node    |     Objective Bounds      |     Work
 Expl Unexpl |  Obj  Depth IntInf | Incumbent    BestBd   Gap | It/Node Time

     0     0   25.00000    0    1   34.00000   25.00000  26.5%     -    0s
     0     0   25.00000    0    3   34.00000   25.00000  26.5%     -    0s
     0     0   25.00000    0    3   34.00000   25.00000  26.5%     -    0s
     0     0   25.00000    0    7   34.00000   25.00000  26.5%     -    0s
     0     0   25.84375    0    5   34.00000   25.84375  24.0%     -    0s
     0     0   26.80000    0    4   34.00000   26.80000  21.2%     -    0s
     0     0   28.00000    0    5   34.00000   28.00000  17.6%     -    0s
     0     0   28.00000    0    4   34.00000   28.00000  17.6%     -    0s
     0     0   28.00000    0    5   34.00000   28.00000  17.6%     -    0s
     0     0   28.00000    0    5   34.00000   28.00000  17.6%     -    0s
     0     2   31.00000    0    5   34.00000   31.00000  8.82%     -    0s

Cutting planes:
  Learned: 1
  Cover: 2
  MIR: 5

Explored 14 nodes (159 simplex iterations) in 0.01 seconds (0.00 work units)
Thread count was 1 (of 96 available processors)

Solution count 1: 34 

Optimal solution found (tolerance 1.00e-04)
Best objective 3.400000000000e+01, best bound 3.400000000000e+01, gap 0.0000%

Instance 6_3, formulation altered, reform bigm:
  Rect 0: x = 23.00, y = 15.00
  Rect 1: x = 9.00, y = 15.00
  Rect 2: x = 0.00, y = 2.00
  Rect 3: x = 0.00, y = 14.00
  Rect 4: x = 0.00, y = 6.00
  Rect 5: x = 0.00, y = 1.00
  → saved figures to strip_figures/6_3_altered_bigm.png and strip_figures/6_3_altered_bigm.pdf
Set parameter TokenServer to value "mooring.ecn.purdue.edu"
Read LP format model from file /tmp/tmptlof06oe.pyomo.lp
Reading time = 0.00 seconds
x314: 622 rows, 314 columns, 1623 nonzeros
Set parameter TimeLimit to value 1800
Set parameter Threads to value 1
Gurobi Optimizer version 11.0.0 build v11.0.0rc2 (linux64 - "Oracle Linux Server 9.6")

CPU model: AMD EPYC 7643 48-Core Processor, instruction set [SSE2|AVX|AVX2]
Thread count: 48 physical cores, 96 logical processors, using up to 1 threads

Optimize a model with 622 rows, 314 columns and 1623 nonzeros
Model fingerprint: 0x08b328c9
Variable types: 254 continuous, 60 integer (60 binary)
Coefficient statistics:
  Matrix range     [1e+00, 5e+01]
  Objective range  [1e+00, 1e+00]
  Bounds range     [1e+00, 5e+01]
  RHS range        [1e+00, 1e+01]
Presolve removed 266 rows and 113 columns
Presolve time: 0.00s
Presolved: 356 rows, 201 columns, 942 nonzeros
Variable types: 162 continuous, 39 integer (39 binary)
Found heuristic solution: objective 48.0000000
Found heuristic solution: objective 36.0000000
Found heuristic solution: objective 34.0000000

Root relaxation: objective 2.500000e+01, 81 iterations, 0.00 seconds (0.00 work units)

    Nodes    |    Current Node    |     Objective Bounds      |     Work
 Expl Unexpl |  Obj  Depth IntInf | Incumbent    BestBd   Gap | It/Node Time

     0     0   25.00000    0    4   34.00000   25.00000  26.5%     -    0s
     0     0   25.00000    0    5   34.00000   25.00000  26.5%     -    0s
     0     0   25.00000    0    6   34.00000   25.00000  26.5%     -    0s
     0     0   25.00000    0    3   34.00000   25.00000  26.5%     -    0s
     0     0   25.00000    0    2   34.00000   25.00000  26.5%     -    0s
     0     0   25.00000    0    4   34.00000   25.00000  26.5%     -    0s
     0     0   25.00000    0    4   34.00000   25.00000  26.5%     -    0s
     0     0   25.07744    0    5   34.00000   25.07744  26.2%     -    0s
     0     0   26.33884    0    6   34.00000   26.33884  22.5%     -    0s
     0     0   26.33884    0   11   34.00000   26.33884  22.5%     -    0s
     0     0   26.33884    0   11   34.00000   26.33884  22.5%     -    0s
     0     0   26.33884    0   11   34.00000   26.33884  22.5%     -    0s
     0     0   26.33884    0   11   34.00000   26.33884  22.5%     -    0s
     0     0   26.33884    0   11   34.00000   26.33884  22.5%     -    0s
     0     0   26.33884    0   11   34.00000   26.33884  22.5%     -    0s
     0     0   26.33884    0    6   34.00000   26.33884  22.5%     -    0s
     0     0   26.33884    0    9   34.00000   26.33884  22.5%     -    0s
     0     0   26.33884    0    9   34.00000   26.33884  22.5%     -    0s
     0     0   26.33884    0    9   34.00000   26.33884  22.5%     -    0s
     0     0   26.33884    0    7   34.00000   26.33884  22.5%     -    0s
     0     0   26.33884    0    9   34.00000   26.33884  22.5%     -    0s
     0     0   26.33884    0    9   34.00000   26.33884  22.5%     -    0s
     0     0   26.33884    0    6   34.00000   26.33884  22.5%     -    0s
     0     0   26.33884    0    7   34.00000   26.33884  22.5%     -    0s
     0     0   26.33884    0    7   34.00000   26.33884  22.5%     -    0s
     0     0   26.33884    0    9   34.00000   26.33884  22.5%     -    0s
     0     0   26.33884    0    9   34.00000   26.33884  22.5%     -    0s
     0     0   26.33884    0   11   34.00000   26.33884  22.5%     -    0s
     0     0   26.33884    0    7   34.00000   26.33884  22.5%     -    0s
     0     0   26.33884    0    7   34.00000   26.33884  22.5%     -    0s
     0     0   26.33884    0    7   34.00000   26.33884  22.5%     -    0s
     0     0   26.33884    0    7   34.00000   26.33884  22.5%     -    0s
     0     0   26.33884    0    6   34.00000   26.33884  22.5%     -    0s
     0     0   26.33884    0    7   34.00000   26.33884  22.5%     -    0s
     0     0   26.33884    0    7   34.00000   26.33884  22.5%     -    0s
     0     0   26.62926    0    7   34.00000   26.62926  21.7%     -    0s
     0     0   26.70996    0    7   34.00000   26.70996  21.4%     -    0s
     0     0   26.74057    0    7   34.00000   26.74057  21.4%     -    0s
     0     0   26.74057    0    7   34.00000   26.74057  21.4%     -    0s
     0     0   26.86402    0    7   34.00000   26.86402  21.0%     -    0s
     0     0   26.86402    0    7   34.00000   26.86402  21.0%     -    0s
     0     0   26.89381    0    7   34.00000   26.89381  20.9%     -    0s
     0     0   26.89871    0    7   34.00000   26.89871  20.9%     -    0s
     0     0   26.89871    0    7   34.00000   26.89871  20.9%     -    0s
     0     0   26.99919    0    7   34.00000   26.99919  20.6%     -    0s
     0     0   27.02734    0    7   34.00000   27.02734  20.5%     -    0s
     0     0   27.02734    0    7   34.00000   27.02734  20.5%     -    0s
     0     0   27.02734    0    7   34.00000   27.02734  20.5%     -    0s
     0     0   27.02734    0    7   34.00000   27.02734  20.5%     -    0s
     0     2   27.66973    0    7   34.00000   27.66973  18.6%     -    0s

Cutting planes:
  Gomory: 1
  Cover: 1
  Implied bound: 1
  MIR: 9
  Flow cover: 8
  RLT: 2
  Relax-and-lift: 3

Explored 34 nodes (996 simplex iterations) in 0.10 seconds (0.06 work units)
Thread count was 1 (of 96 available processors)

Solution count 3: 34 36 48 

Optimal solution found (tolerance 1.00e-04)
Best objective 3.400000000000e+01, best bound 3.400000000000e+01, gap 0.0000%

Instance 6_3, formulation altered, reform hull:
  Rect 0: x = 0.00, y = 13.00
  Rect 1: x = 11.00, y = 15.00
  Rect 2: x = 25.00, y = 6.00
  Rect 3: x = 27.00, y = 13.00
  Rect 4: x = 25.00, y = 5.00
  Rect 5: x = 27.00, y = 1.00
  → saved figures to strip_figures/6_3_altered_hull.png and strip_figures/6_3_altered_hull.pdf
Set parameter TokenServer to value "mooring.ecn.purdue.edu"
Read LP format model from file /tmp/tmp4sb56qw4.pyomo.lp
Reading time = 0.00 seconds
x74: 202 rows, 74 columns, 493 nonzeros
Set parameter TimeLimit to value 1800
Set parameter Threads to value 1
Gurobi Optimizer version 11.0.0 build v11.0.0rc2 (linux64 - "Oracle Linux Server 9.6")

CPU model: AMD EPYC 7643 48-Core Processor, instruction set [SSE2|AVX|AVX2]
Thread count: 48 physical cores, 96 logical processors, using up to 1 threads

Optimize a model with 202 rows, 74 columns and 493 nonzeros
Model fingerprint: 0xca5d6c00
Variable types: 14 continuous, 60 integer (60 binary)
Coefficient statistics:
  Matrix range     [1e+00, 6e+01]
  Objective range  [1e+00, 1e+00]
  Bounds range     [1e+00, 5e+01]
  RHS range        [1e+00, 5e+01]
Found heuristic solution: objective 34.0000000
Presolve removed 142 rows and 23 columns
Presolve time: 0.00s
Presolved: 60 rows, 51 columns, 182 nonzeros
Variable types: 12 continuous, 39 integer (39 binary)

Root relaxation: objective 2.500000e+01, 21 iterations, 0.00 seconds (0.00 work units)

    Nodes    |    Current Node    |     Objective Bounds      |     Work
 Expl Unexpl |  Obj  Depth IntInf | Incumbent    BestBd   Gap | It/Node Time

     0     0   25.00000    0    1   34.00000   25.00000  26.5%     -    0s
     0     0   25.00000    0    3   34.00000   25.00000  26.5%     -    0s
     0     0   25.00000    0    3   34.00000   25.00000  26.5%     -    0s
     0     0   25.00000    0    7   34.00000   25.00000  26.5%     -    0s
     0     0   25.84375    0    5   34.00000   25.84375  24.0%     -    0s
     0     0   26.80000    0    4   34.00000   26.80000  21.2%     -    0s
     0     0   28.00000    0    5   34.00000   28.00000  17.6%     -    0s
     0     0   28.00000    0    4   34.00000   28.00000  17.6%     -    0s
     0     0   28.00000    0    5   34.00000   28.00000  17.6%     -    0s
     0     0   28.00000    0    5   34.00000   28.00000  17.6%     -    0s
     0     2   31.00000    0    5   34.00000   31.00000  8.82%     -    0s

Cutting planes:
  Learned: 1
  Cover: 2
  MIR: 5

Explored 14 nodes (159 simplex iterations) in 0.01 seconds (0.00 work units)
Thread count was 1 (of 96 available processors)

Solution count 1: 34 

Optimal solution found (tolerance 1.00e-04)
Best objective 3.400000000000e+01, best bound 3.400000000000e+01, gap 0.0000%

Instance 6_3, formulation tres, reform bigm:
  Rect 0: x = 23.00, y = 15.00
  Rect 1: x = 9.00, y = 15.00
  Rect 2: x = 0.00, y = 2.00
  Rect 3: x = 0.00, y = 14.00
  Rect 4: x = 0.00, y = 6.00
  Rect 5: x = 0.00, y = 1.00
  → saved figures to strip_figures/6_3_tres_bigm.png and strip_figures/6_3_tres_bigm.pdf
Set parameter TokenServer to value "mooring.ecn.purdue.edu"
Read LP format model from file /tmp/tmp34r0_42j.pyomo.lp
Reading time = 0.00 seconds
x314: 622 rows, 314 columns, 1623 nonzeros
Set parameter TimeLimit to value 1800
Set parameter Threads to value 1
Gurobi Optimizer version 11.0.0 build v11.0.0rc2 (linux64 - "Oracle Linux Server 9.6")

CPU model: AMD EPYC 7643 48-Core Processor, instruction set [SSE2|AVX|AVX2]
Thread count: 48 physical cores, 96 logical processors, using up to 1 threads

Optimize a model with 622 rows, 314 columns and 1623 nonzeros
Model fingerprint: 0x08b328c9
Variable types: 254 continuous, 60 integer (60 binary)
Coefficient statistics:
  Matrix range     [1e+00, 5e+01]
  Objective range  [1e+00, 1e+00]
  Bounds range     [1e+00, 5e+01]
  RHS range        [1e+00, 1e+01]
Presolve removed 266 rows and 113 columns
Presolve time: 0.00s
Presolved: 356 rows, 201 columns, 942 nonzeros
Variable types: 162 continuous, 39 integer (39 binary)
Found heuristic solution: objective 48.0000000
Found heuristic solution: objective 36.0000000
Found heuristic solution: objective 34.0000000

Root relaxation: objective 2.500000e+01, 81 iterations, 0.00 seconds (0.00 work units)

    Nodes    |    Current Node    |     Objective Bounds      |     Work
 Expl Unexpl |  Obj  Depth IntInf | Incumbent    BestBd   Gap | It/Node Time

     0     0   25.00000    0    4   34.00000   25.00000  26.5%     -    0s
     0     0   25.00000    0    5   34.00000   25.00000  26.5%     -    0s
     0     0   25.00000    0    6   34.00000   25.00000  26.5%     -    0s
     0     0   25.00000    0    3   34.00000   25.00000  26.5%     -    0s
     0     0   25.00000    0    2   34.00000   25.00000  26.5%     -    0s
     0     0   25.00000    0    4   34.00000   25.00000  26.5%     -    0s
     0     0   25.00000    0    4   34.00000   25.00000  26.5%     -    0s
     0     0   25.07744    0    5   34.00000   25.07744  26.2%     -    0s
     0     0   26.33884    0    6   34.00000   26.33884  22.5%     -    0s
     0     0   26.33884    0   11   34.00000   26.33884  22.5%     -    0s
     0     0   26.33884    0   11   34.00000   26.33884  22.5%     -    0s
     0     0   26.33884    0   11   34.00000   26.33884  22.5%     -    0s
     0     0   26.33884    0   11   34.00000   26.33884  22.5%     -    0s
     0     0   26.33884    0   11   34.00000   26.33884  22.5%     -    0s
     0     0   26.33884    0   11   34.00000   26.33884  22.5%     -    0s
     0     0   26.33884    0    6   34.00000   26.33884  22.5%     -    0s
     0     0   26.33884    0    9   34.00000   26.33884  22.5%     -    0s
     0     0   26.33884    0    9   34.00000   26.33884  22.5%     -    0s
     0     0   26.33884    0    9   34.00000   26.33884  22.5%     -    0s
     0     0   26.33884    0    7   34.00000   26.33884  22.5%     -    0s
     0     0   26.33884    0    9   34.00000   26.33884  22.5%     -    0s
     0     0   26.33884    0    9   34.00000   26.33884  22.5%     -    0s
     0     0   26.33884    0    6   34.00000   26.33884  22.5%     -    0s
     0     0   26.33884    0    7   34.00000   26.33884  22.5%     -    0s
     0     0   26.33884    0    7   34.00000   26.33884  22.5%     -    0s
     0     0   26.33884    0    9   34.00000   26.33884  22.5%     -    0s
     0     0   26.33884    0    9   34.00000   26.33884  22.5%     -    0s
     0     0   26.33884    0   11   34.00000   26.33884  22.5%     -    0s
     0     0   26.33884    0    7   34.00000   26.33884  22.5%     -    0s
     0     0   26.33884    0    7   34.00000   26.33884  22.5%     -    0s
     0     0   26.33884    0    7   34.00000   26.33884  22.5%     -    0s
     0     0   26.33884    0    7   34.00000   26.33884  22.5%     -    0s
     0     0   26.33884    0    6   34.00000   26.33884  22.5%     -    0s
     0     0   26.33884    0    7   34.00000   26.33884  22.5%     -    0s
     0     0   26.33884    0    7   34.00000   26.33884  22.5%     -    0s
     0     0   26.62926    0    7   34.00000   26.62926  21.7%     -    0s
     0     0   26.70996    0    7   34.00000   26.70996  21.4%     -    0s
     0     0   26.74057    0    7   34.00000   26.74057  21.4%     -    0s
     0     0   26.74057    0    7   34.00000   26.74057  21.4%     -    0s
     0     0   26.86402    0    7   34.00000   26.86402  21.0%     -    0s
     0     0   26.86402    0    7   34.00000   26.86402  21.0%     -    0s
     0     0   26.89381    0    7   34.00000   26.89381  20.9%     -    0s
     0     0   26.89871    0    7   34.00000   26.89871  20.9%     -    0s
     0     0   26.89871    0    7   34.00000   26.89871  20.9%     -    0s
     0     0   26.99919    0    7   34.00000   26.99919  20.6%     -    0s
     0     0   27.02734    0    7   34.00000   27.02734  20.5%     -    0s
     0     0   27.02734    0    7   34.00000   27.02734  20.5%     -    0s
     0     0   27.02734    0    7   34.00000   27.02734  20.5%     -    0s
     0     0   27.02734    0    7   34.00000   27.02734  20.5%     -    0s
     0     2   27.66973    0    7   34.00000   27.66973  18.6%     -    0s

Cutting planes:
  Gomory: 1
  Cover: 1
  Implied bound: 1
  MIR: 9
  Flow cover: 8
  RLT: 2
  Relax-and-lift: 3

Explored 34 nodes (996 simplex iterations) in 0.10 seconds (0.06 work units)
Thread count was 1 (of 96 available processors)

Solution count 3: 34 36 48 

Optimal solution found (tolerance 1.00e-04)
Best objective 3.400000000000e+01, best bound 3.400000000000e+01, gap 0.0000%

Instance 6_3, formulation tres, reform hull:
  Rect 0: x = 0.00, y = 13.00
  Rect 1: x = 11.00, y = 15.00
  Rect 2: x = 25.00, y = 6.00
  Rect 3: x = 27.00, y = 13.00
  Rect 4: x = 25.00, y = 5.00
  Rect 5: x = 27.00, y = 1.00
  → saved figures to strip_figures/6_3_tres_hull.png and strip_figures/6_3_tres_hull.pdf
Set parameter TokenServer to value "mooring.ecn.purdue.edu"
Read LP format model from file /tmp/tmpykuac0_u.pyomo.lp
Reading time = 0.00 seconds
x74: 82 rows, 74 columns, 418 nonzeros
Set parameter TimeLimit to value 1800
Set parameter Threads to value 1
Gurobi Optimizer version 11.0.0 build v11.0.0rc2 (linux64 - "Oracle Linux Server 9.6")

CPU model: AMD EPYC 7643 48-Core Processor, instruction set [SSE2|AVX|AVX2]
Thread count: 48 physical cores, 96 logical processors, using up to 1 threads

Optimize a model with 82 rows, 74 columns and 418 nonzeros
Model fingerprint: 0x15969f24
Variable types: 14 continuous, 60 integer (60 binary)
Coefficient statistics:
  Matrix range     [1e+00, 5e+01]
  Objective range  [1e+00, 1e+00]
  Bounds range     [1e+00, 5e+01]
  RHS range        [1e+00, 1e+01]
Found heuristic solution: objective 34.0000000
Presolve removed 22 rows and 23 columns
Presolve time: 0.00s
Presolved: 60 rows, 51 columns, 236 nonzeros
Variable types: 12 continuous, 39 integer (39 binary)

Root relaxation: objective 2.500000e+01, 22 iterations, 0.00 seconds (0.00 work units)

    Nodes    |    Current Node    |     Objective Bounds      |     Work
 Expl Unexpl |  Obj  Depth IntInf | Incumbent    BestBd   Gap | It/Node Time

     0     0   25.00000    0    1   34.00000   25.00000  26.5%     -    0s
     0     0   25.00000    0    7   34.00000   25.00000  26.5%     -    0s
     0     0   25.63158    0    5   34.00000   25.63158  24.6%     -    0s
     0     0   26.56522    0    5   34.00000   26.56522  21.9%     -    0s
     0     0   28.13043    0    6   34.00000   28.13043  17.3%     -    0s
     0     0   31.00000    0    6   34.00000   31.00000  8.82%     -    0s
     0     0   31.00000    0    4   34.00000   31.00000  8.82%     -    0s
     0     0   31.00000    0    5   34.00000   31.00000  8.82%     -    0s
     0     0   31.00000    0    5   34.00000   31.00000  8.82%     -    0s
     0     0   31.00000    0    5   34.00000   31.00000  8.82%     -    0s
     0     0   31.00000    0    5   34.00000   31.00000  8.82%     -    0s
     0     0   31.00000    0    5   34.00000   31.00000  8.82%     -    0s
     0     0   31.00000    0    5   34.00000   31.00000  8.82%     -    0s
     0     2   31.00000    0    5   34.00000   31.00000  8.82%     -    0s

Cutting planes:
  Cover: 1
  MIR: 9

Explored 15 nodes (195 simplex iterations) in 0.01 seconds (0.00 work units)
Thread count was 1 (of 96 available processors)

Solution count 1: 34 

Optimal solution found (tolerance 1.00e-04)
Best objective 3.400000000000e+01, best bound 3.400000000000e+01, gap 0.0000%

Instance 6_3, formulation reagg, reform MIP:
  Rect 0: x = 0.00, y = 14.00
  Rect 1: x = 20.00, y = 15.00
  Rect 2: x = 0.00, y = 15.00
  Rect 3: x = 11.00, y = 8.00
  Rect 4: x = 11.00, y = 12.00
  Rect 5: x = 2.00, y = 15.00
  → saved figures to strip_figures/6_3_reagg_MIP.png and strip_figures/6_3_reagg_MIP.pdf
Set parameter TokenServer to value "mooring.ecn.purdue.edu"
Read LP format model from file /tmp/tmpmakdvegw.pyomo.lp
Reading time = 0.00 seconds
x74: 82 rows, 74 columns, 418 nonzeros
Set parameter TimeLimit to value 1800
Set parameter Threads to value 1
Gurobi Optimizer version 11.0.0 build v11.0.0rc2 (linux64 - "Oracle Linux Server 9.6")

CPU model: AMD EPYC 7643 48-Core Processor, instruction set [SSE2|AVX|AVX2]
Thread count: 48 physical cores, 96 logical processors, using up to 1 threads

Optimize a model with 82 rows, 74 columns and 418 nonzeros
Model fingerprint: 0xbe0e6598
Variable types: 14 continuous, 60 integer (60 binary)
Coefficient statistics:
  Matrix range     [1e+00, 5e+01]
  Objective range  [1e+00, 1e+00]
  Bounds range     [1e+00, 5e+01]
  RHS range        [1e+00, 1e+01]
Found heuristic solution: objective 48.0000000
Presolve removed 22 rows and 23 columns
Presolve time: 0.00s
Presolved: 60 rows, 51 columns, 229 nonzeros
Variable types: 12 continuous, 39 integer (39 binary)

Root relaxation: objective 2.500000e+01, 24 iterations, 0.00 seconds (0.00 work units)

    Nodes    |    Current Node    |     Objective Bounds      |     Work
 Expl Unexpl |  Obj  Depth IntInf | Incumbent    BestBd   Gap | It/Node Time

     0     0   25.00000    0    1   48.00000   25.00000  47.9%     -    0s
H    0     0                      36.0000000   25.00000  30.6%     -    0s
     0     0   25.00000    0    8   36.00000   25.00000  30.6%     -    0s
     0     0   26.16129    0    3   36.00000   26.16129  27.3%     -    0s
H    0     0                      34.0000000   27.11765  20.2%     -    0s
     0     0   28.00000    0    3   34.00000   28.00000  17.6%     -    0s
     0     0   28.00000    0    4   34.00000   28.00000  17.6%     -    0s
     0     0   31.00000    0    5   34.00000   31.00000  8.82%     -    0s
     0     0   31.00000    0    6   34.00000   31.00000  8.82%     -    0s
     0     0   31.00000    0    7   34.00000   31.00000  8.82%     -    0s
     0     0   31.00000    0    7   34.00000   31.00000  8.82%     -    0s
     0     0   31.00000    0    3   34.00000   31.00000  8.82%     -    0s
     0     0   31.00000    0    3   34.00000   31.00000  8.82%     -    0s
     0     0   31.00000    0    4   34.00000   31.00000  8.82%     -    0s
     0     0   31.00000    0    4   34.00000   31.00000  8.82%     -    0s
     0     2   31.00000    0    4   34.00000   31.00000  8.82%     -    0s

Cutting planes:
  Gomory: 1
  Cover: 15
  Implied bound: 18
  MIR: 15
  GUB cover: 1
  Inf proof: 1
  Zero half: 1
  RLT: 2
  Relax-and-lift: 3

Explored 57 nodes (641 simplex iterations) in 0.02 seconds (0.01 work units)
Thread count was 1 (of 96 available processors)

Solution count 3: 34 36 48 

Optimal solution found (tolerance 1.00e-04)
Best objective 3.400000000000e+01, best bound 3.400000000000e+01, gap 0.0000%

Instance 6_3, formulation reagg_tres, reform MIP:
  Rect 0: x = 0.00, y = 14.00
  Rect 1: x = 11.00, y = 15.00
  Rect 2: x = 6.00, y = 15.00
  Rect 3: x = 25.00, y = 8.00
  Rect 4: x = 25.00, y = 12.00
  Rect 5: x = 0.00, y = 1.00
  → saved figures to strip_figures/6_3_reagg_tres_MIP.png and strip_figures/6_3_reagg_tres_MIP.pdf
Set parameter TokenServer to value "mooring.ecn.purdue.edu"
Read LP format model from file /tmp/tmpmxuokhb5.pyomo.lp
Reading time = 0.00 seconds
x74: 202 rows, 74 columns, 493 nonzeros
Set parameter TimeLimit to value 1800
Set parameter Threads to value 1
Gurobi Optimizer version 11.0.0 build v11.0.0rc2 (linux64 - "Oracle Linux Server 9.6")

CPU model: AMD EPYC 7643 48-Core Processor, instruction set [SSE2|AVX|AVX2]
Thread count: 48 physical cores, 96 logical processors, using up to 1 threads

Optimize a model with 202 rows, 74 columns and 493 nonzeros
Model fingerprint: 0x5c267b5c
Variable types: 14 continuous, 60 integer (60 binary)
Coefficient statistics:
  Matrix range     [1e+00, 8e+01]
  Objective range  [1e+00, 1e+00]
  Bounds range     [1e+00, 6e+01]
  RHS range        [1e+00, 6e+01]
Found heuristic solution: objective 50.0000000
Presolve removed 145 rows and 26 columns
Presolve time: 0.00s
Presolved: 57 rows, 48 columns, 172 nonzeros
Variable types: 12 continuous, 36 integer (36 binary)

Root relaxation: objective 2.900000e+01, 23 iterations, 0.00 seconds (0.00 work units)

    Nodes    |    Current Node    |     Objective Bounds      |     Work
 Expl Unexpl |  Obj  Depth IntInf | Incumbent    BestBd   Gap | It/Node Time

     0     0   29.00000    0    2   50.00000   29.00000  42.0%     -    0s
H    0     0                      38.0000000   29.00000  23.7%     -    0s
     0     0   29.00000    0    3   38.00000   29.00000  23.7%     -    0s
     0     0   29.00000    0    3   38.00000   29.00000  23.7%     -    0s
     0     0   29.15038    0    9   38.00000   29.15038  23.3%     -    0s
     0     0   29.38861    0    9   38.00000   29.38861  22.7%     -    0s
     0     0   32.29300    0   13   38.00000   32.29300  15.0%     -    0s
     0     0   33.21818    0   15   38.00000   33.21818  12.6%     -    0s
     0     0   33.21818    0   14   38.00000   33.21818  12.6%     -    0s
     0     0   36.16800    0   10   38.00000   36.16800  4.82%     -    0s
     0     0   36.16800    0   12   38.00000   36.16800  4.82%     -    0s
     0     0   36.16800    0    8   38.00000   36.16800  4.82%     -    0s
     0     0   36.16800    0    4   38.00000   36.16800  4.82%     -    0s
     0     0   36.50000    0    4   38.00000   36.50000  3.95%     -    0s
     0     0   36.50000    0    5   38.00000   36.50000  3.95%     -    0s
     0     0   36.50000    0    5   38.00000   36.50000  3.95%     -    0s
     0     0   36.50000    0   13   38.00000   36.50000  3.95%     -    0s
     0     0   36.50000    0    5   38.00000   36.50000  3.95%     -    0s
     0     0   36.50000    0    5   38.00000   36.50000  3.95%     -    0s
     0     0   36.50000    0    1   38.00000   36.50000  3.95%     -    0s
     0     0   36.50000    0    5   38.00000   36.50000  3.95%     -    0s
     0     0   37.00000    0    3   38.00000   37.00000  2.63%     -    0s
     0     0   37.00000    0    3   38.00000   37.00000  2.63%     -    0s
     0     0   37.00000    0    3   38.00000   37.00000  2.63%     -    0s
     0     0   37.00000    0    8   38.00000   37.00000  2.63%     -    0s
     0     0   37.00000    0    8   38.00000   37.00000  2.63%     -    0s
     0     0   37.00000    0    9   38.00000   37.00000  2.63%     -    0s
     0     0   37.00000    0    1   38.00000   37.00000  2.63%     -    0s
     0     0   37.00000    0    1   38.00000   37.00000  2.63%     -    0s
     0     0   37.00000    0    7   38.00000   37.00000  2.63%     -    0s
     0     0   37.00000    0    7   38.00000   37.00000  2.63%     -    0s
     0     2   37.00000    0    7   38.00000   37.00000  2.63%     -    0s

Cutting planes:
  Learned: 1
  Cover: 2
  Implied bound: 3
  Clique: 1
  MIR: 7
  Relax-and-lift: 2

Explored 13 nodes (584 simplex iterations) in 0.03 seconds (0.01 work units)
Thread count was 1 (of 96 available processors)

Solution count 2: 38 50 

Optimal solution found (tolerance 1.00e-04)
Best objective 3.800000000000e+01, best bound 3.800000000000e+01, gap 0.0000%

Instance 6_4, formulation altered, reform bigm:
  Rect 0: x = 17.00, y = 12.00
  Rect 1: x = 0.00, y = 15.00
  Rect 2: x = 25.00, y = 14.00
  Rect 3: x = 0.00, y = 2.00
  Rect 4: x = 16.00, y = 10.00
  Rect 5: x = 0.00, y = 11.00
  → saved figures to strip_figures/6_4_altered_bigm.png and strip_figures/6_4_altered_bigm.pdf
Set parameter TokenServer to value "mooring.ecn.purdue.edu"
Read LP format model from file /tmp/tmpsmzxix4a.pyomo.lp
Reading time = 0.00 seconds
x314: 622 rows, 314 columns, 1633 nonzeros
Set parameter TimeLimit to value 1800
Set parameter Threads to value 1
Gurobi Optimizer version 11.0.0 build v11.0.0rc2 (linux64 - "Oracle Linux Server 9.6")

CPU model: AMD EPYC 7643 48-Core Processor, instruction set [SSE2|AVX|AVX2]
Thread count: 48 physical cores, 96 logical processors, using up to 1 threads

Optimize a model with 622 rows, 314 columns and 1633 nonzeros
Model fingerprint: 0x798deaf4
Variable types: 254 continuous, 60 integer (60 binary)
Coefficient statistics:
  Matrix range     [1e+00, 6e+01]
  Objective range  [1e+00, 1e+00]
  Bounds range     [1e+00, 6e+01]
  RHS range        [1e+00, 2e+01]
Presolve removed 211 rows and 105 columns
Presolve time: 0.00s
Presolved: 411 rows, 209 columns, 1072 nonzeros
Variable types: 173 continuous, 36 integer (36 binary)
Found heuristic solution: objective 65.0000000

Root relaxation: objective 2.900000e+01, 123 iterations, 0.00 seconds (0.00 work units)

    Nodes    |    Current Node    |     Objective Bounds      |     Work
 Expl Unexpl |  Obj  Depth IntInf | Incumbent    BestBd   Gap | It/Node Time

     0     0   29.00000    0    5   65.00000   29.00000  55.4%     -    0s
H    0     0                      50.0000000   29.00000  42.0%     -    0s
     0     0   29.00000    0    3   50.00000   29.00000  42.0%     -    0s
H    0     0                      38.0000000   29.00000  23.7%     -    0s
     0     0   29.00000    0    8   38.00000   29.00000  23.7%     -    0s
     0     0   29.00000    0    7   38.00000   29.00000  23.7%     -    0s
     0     0   29.00000    0    7   38.00000   29.00000  23.7%     -    0s
     0     0   29.00000    0    5   38.00000   29.00000  23.7%     -    0s
     0     0   29.00000    0    5   38.00000   29.00000  23.7%     -    0s
     0     0   29.00000    0    9   38.00000   29.00000  23.7%     -    0s
     0     0   29.00000    0    9   38.00000   29.00000  23.7%     -    0s
     0     0   29.00000    0    9   38.00000   29.00000  23.7%     -    0s
     0     2   29.02326    0    9   38.00000   29.02326  23.6%     -    0s

Cutting planes:
  Cover: 2
  Implied bound: 4
  MIR: 3
  Flow cover: 20
  RLT: 7

Explored 29 nodes (967 simplex iterations) in 0.06 seconds (0.04 work units)
Thread count was 1 (of 96 available processors)

Solution count 3: 38 50 65 

Optimal solution found (tolerance 1.00e-04)
Best objective 3.800000000000e+01, best bound 3.800000000000e+01, gap 0.0000%

Instance 6_4, formulation altered, reform hull:
  Rect 0: x = 30.00, y = 10.00
  Rect 1: x = 0.00, y = 13.00
  Rect 2: x = 16.00, y = 14.00
  Rect 3: x = 0.00, y = 15.00
  Rect 4: x = 29.00, y = 8.00
  Rect 5: x = 0.00, y = 9.00
  → saved figures to strip_figures/6_4_altered_hull.png and strip_figures/6_4_altered_hull.pdf
Set parameter TokenServer to value "mooring.ecn.purdue.edu"
Read LP format model from file /tmp/tmpmvfdi_40.pyomo.lp
Reading time = 0.00 seconds
x74: 202 rows, 74 columns, 493 nonzeros
Set parameter TimeLimit to value 1800
Set parameter Threads to value 1
Gurobi Optimizer version 11.0.0 build v11.0.0rc2 (linux64 - "Oracle Linux Server 9.6")

CPU model: AMD EPYC 7643 48-Core Processor, instruction set [SSE2|AVX|AVX2]
Thread count: 48 physical cores, 96 logical processors, using up to 1 threads

Optimize a model with 202 rows, 74 columns and 493 nonzeros
Model fingerprint: 0x5c267b5c
Variable types: 14 continuous, 60 integer (60 binary)
Coefficient statistics:
  Matrix range     [1e+00, 8e+01]
  Objective range  [1e+00, 1e+00]
  Bounds range     [1e+00, 6e+01]
  RHS range        [1e+00, 6e+01]
Found heuristic solution: objective 50.0000000
Presolve removed 145 rows and 26 columns
Presolve time: 0.00s
Presolved: 57 rows, 48 columns, 172 nonzeros
Variable types: 12 continuous, 36 integer (36 binary)

Root relaxation: objective 2.900000e+01, 23 iterations, 0.00 seconds (0.00 work units)

    Nodes    |    Current Node    |     Objective Bounds      |     Work
 Expl Unexpl |  Obj  Depth IntInf | Incumbent    BestBd   Gap | It/Node Time

     0     0   29.00000    0    2   50.00000   29.00000  42.0%     -    0s
H    0     0                      38.0000000   29.00000  23.7%     -    0s
     0     0   29.00000    0    3   38.00000   29.00000  23.7%     -    0s
     0     0   29.00000    0    3   38.00000   29.00000  23.7%     -    0s
     0     0   29.15038    0    9   38.00000   29.15038  23.3%     -    0s
     0     0   29.38861    0    9   38.00000   29.38861  22.7%     -    0s
     0     0   32.29300    0   13   38.00000   32.29300  15.0%     -    0s
     0     0   33.21818    0   15   38.00000   33.21818  12.6%     -    0s
     0     0   33.21818    0   14   38.00000   33.21818  12.6%     -    0s
     0     0   36.16800    0   10   38.00000   36.16800  4.82%     -    0s
     0     0   36.16800    0   12   38.00000   36.16800  4.82%     -    0s
     0     0   36.16800    0    8   38.00000   36.16800  4.82%     -    0s
     0     0   36.16800    0    4   38.00000   36.16800  4.82%     -    0s
     0     0   36.50000    0    4   38.00000   36.50000  3.95%     -    0s
     0     0   36.50000    0    5   38.00000   36.50000  3.95%     -    0s
     0     0   36.50000    0    5   38.00000   36.50000  3.95%     -    0s
     0     0   36.50000    0   13   38.00000   36.50000  3.95%     -    0s
     0     0   36.50000    0    5   38.00000   36.50000  3.95%     -    0s
     0     0   36.50000    0    5   38.00000   36.50000  3.95%     -    0s
     0     0   36.50000    0    1   38.00000   36.50000  3.95%     -    0s
     0     0   36.50000    0    5   38.00000   36.50000  3.95%     -    0s
     0     0   37.00000    0    3   38.00000   37.00000  2.63%     -    0s
     0     0   37.00000    0    3   38.00000   37.00000  2.63%     -    0s
     0     0   37.00000    0    3   38.00000   37.00000  2.63%     -    0s
     0     0   37.00000    0    8   38.00000   37.00000  2.63%     -    0s
     0     0   37.00000    0    8   38.00000   37.00000  2.63%     -    0s
     0     0   37.00000    0    9   38.00000   37.00000  2.63%     -    0s
     0     0   37.00000    0    1   38.00000   37.00000  2.63%     -    0s
     0     0   37.00000    0    1   38.00000   37.00000  2.63%     -    0s
     0     0   37.00000    0    7   38.00000   37.00000  2.63%     -    0s
     0     0   37.00000    0    7   38.00000   37.00000  2.63%     -    0s
     0     2   37.00000    0    7   38.00000   37.00000  2.63%     -    0s

Cutting planes:
  Learned: 1
  Cover: 2
  Implied bound: 3
  Clique: 1
  MIR: 7
  Relax-and-lift: 2

Explored 13 nodes (584 simplex iterations) in 0.03 seconds (0.01 work units)
Thread count was 1 (of 96 available processors)

Solution count 2: 38 50 

Optimal solution found (tolerance 1.00e-04)
Best objective 3.800000000000e+01, best bound 3.800000000000e+01, gap 0.0000%

Instance 6_4, formulation tres, reform bigm:
  Rect 0: x = 17.00, y = 12.00
  Rect 1: x = 0.00, y = 15.00
  Rect 2: x = 25.00, y = 14.00
  Rect 3: x = 0.00, y = 2.00
  Rect 4: x = 16.00, y = 10.00
  Rect 5: x = 0.00, y = 11.00
  → saved figures to strip_figures/6_4_tres_bigm.png and strip_figures/6_4_tres_bigm.pdf
Set parameter TokenServer to value "mooring.ecn.purdue.edu"
Read LP format model from file /tmp/tmp0q5hkhs4.pyomo.lp
Reading time = 0.00 seconds
x314: 622 rows, 314 columns, 1633 nonzeros
Set parameter TimeLimit to value 1800
Set parameter Threads to value 1
Gurobi Optimizer version 11.0.0 build v11.0.0rc2 (linux64 - "Oracle Linux Server 9.6")

CPU model: AMD EPYC 7643 48-Core Processor, instruction set [SSE2|AVX|AVX2]
Thread count: 48 physical cores, 96 logical processors, using up to 1 threads

Optimize a model with 622 rows, 314 columns and 1633 nonzeros
Model fingerprint: 0x798deaf4
Variable types: 254 continuous, 60 integer (60 binary)
Coefficient statistics:
  Matrix range     [1e+00, 6e+01]
  Objective range  [1e+00, 1e+00]
  Bounds range     [1e+00, 6e+01]
  RHS range        [1e+00, 2e+01]
Presolve removed 211 rows and 105 columns
Presolve time: 0.00s
Presolved: 411 rows, 209 columns, 1072 nonzeros
Variable types: 173 continuous, 36 integer (36 binary)
Found heuristic solution: objective 65.0000000

Root relaxation: objective 2.900000e+01, 123 iterations, 0.00 seconds (0.00 work units)

    Nodes    |    Current Node    |     Objective Bounds      |     Work
 Expl Unexpl |  Obj  Depth IntInf | Incumbent    BestBd   Gap | It/Node Time

     0     0   29.00000    0    5   65.00000   29.00000  55.4%     -    0s
H    0     0                      50.0000000   29.00000  42.0%     -    0s
     0     0   29.00000    0    3   50.00000   29.00000  42.0%     -    0s
H    0     0                      38.0000000   29.00000  23.7%     -    0s
     0     0   29.00000    0    8   38.00000   29.00000  23.7%     -    0s
     0     0   29.00000    0    7   38.00000   29.00000  23.7%     -    0s
     0     0   29.00000    0    7   38.00000   29.00000  23.7%     -    0s
     0     0   29.00000    0    5   38.00000   29.00000  23.7%     -    0s
     0     0   29.00000    0    5   38.00000   29.00000  23.7%     -    0s
     0     0   29.00000    0    9   38.00000   29.00000  23.7%     -    0s
     0     0   29.00000    0    9   38.00000   29.00000  23.7%     -    0s
     0     0   29.00000    0    9   38.00000   29.00000  23.7%     -    0s
     0     2   29.02326    0    9   38.00000   29.02326  23.6%     -    0s

Cutting planes:
  Cover: 2
  Implied bound: 4
  MIR: 3
  Flow cover: 20
  RLT: 7

Explored 29 nodes (967 simplex iterations) in 0.06 seconds (0.04 work units)
Thread count was 1 (of 96 available processors)

Solution count 3: 38 50 65 

Optimal solution found (tolerance 1.00e-04)
Best objective 3.800000000000e+01, best bound 3.800000000000e+01, gap 0.0000%

Instance 6_4, formulation tres, reform hull:
  Rect 0: x = 30.00, y = 10.00
  Rect 1: x = 0.00, y = 13.00
  Rect 2: x = 16.00, y = 14.00
  Rect 3: x = 0.00, y = 15.00
  Rect 4: x = 29.00, y = 8.00
  Rect 5: x = 0.00, y = 9.00
  → saved figures to strip_figures/6_4_tres_hull.png and strip_figures/6_4_tres_hull.pdf
Set parameter TokenServer to value "mooring.ecn.purdue.edu"
Read LP format model from file /tmp/tmpq4npblax.pyomo.lp
Reading time = 0.00 seconds
x74: 82 rows, 74 columns, 433 nonzeros
Set parameter TimeLimit to value 1800
Set parameter Threads to value 1
Gurobi Optimizer version 11.0.0 build v11.0.0rc2 (linux64 - "Oracle Linux Server 9.6")

CPU model: AMD EPYC 7643 48-Core Processor, instruction set [SSE2|AVX|AVX2]
Thread count: 48 physical cores, 96 logical processors, using up to 1 threads

Optimize a model with 82 rows, 74 columns and 433 nonzeros
Model fingerprint: 0x17128ac6
Variable types: 14 continuous, 60 integer (60 binary)
Coefficient statistics:
  Matrix range     [1e+00, 6e+01]
  Objective range  [1e+00, 1e+00]
  Bounds range     [1e+00, 6e+01]
  RHS range        [1e+00, 2e+01]
Found heuristic solution: objective 49.0000000
Presolve removed 25 rows and 26 columns
Presolve time: 0.00s
Presolved: 57 rows, 48 columns, 216 nonzeros
Variable types: 12 continuous, 36 integer (36 binary)

Root relaxation: objective 2.900000e+01, 22 iterations, 0.00 seconds (0.00 work units)

    Nodes    |    Current Node    |     Objective Bounds      |     Work
 Expl Unexpl |  Obj  Depth IntInf | Incumbent    BestBd   Gap | It/Node Time

     0     0   29.00000    0    3   49.00000   29.00000  40.8%     -    0s
H    0     0                      40.0000000   29.00000  27.5%     -    0s
     0     0   29.00000    0    6   40.00000   29.00000  27.5%     -    0s
     0     0   29.00000    0    6   40.00000   29.00000  27.5%     -    0s
     0     0   29.00000    0    9   40.00000   29.00000  27.5%     -    0s
     0     0   30.72973    0    9   40.00000   30.72973  23.2%     -    0s
     0     0   30.72973    0    7   40.00000   30.72973  23.2%     -    0s
H    0     0                      38.0000000   30.72973  19.1%     -    0s
     0     0   30.72973    0    6   38.00000   30.72973  19.1%     -    0s
     0     0   30.72973    0    6   38.00000   30.72973  19.1%     -    0s
     0     0   32.50000    0    8   38.00000   32.50000  14.5%     -    0s
     0     0   32.51034    0   10   38.00000   32.51034  14.4%     -    0s
     0     0   32.52795    0    8   38.00000   32.52795  14.4%     -    0s
     0     0   32.52795    0    9   38.00000   32.52795  14.4%     -    0s
     0     0   32.66071    0    7   38.00000   32.66071  14.1%     -    0s
     0     0   32.66071    0    7   38.00000   32.66071  14.1%     -    0s
     0     0   32.81654    0    7   38.00000   32.81654  13.6%     -    0s
     0     0   33.45768    0    9   38.00000   33.45768  12.0%     -    0s
     0     0   33.45768    0    8   38.00000   33.45768  12.0%     -    0s
     0     0   33.52229    0    8   38.00000   33.52229  11.8%     -    0s
     0     0   33.52532    0    9   38.00000   33.52532  11.8%     -    0s
     0     0   33.52532    0    9   38.00000   33.52532  11.8%     -    0s
     0     0   34.52500    0   11   38.00000   34.52500  9.14%     -    0s
     0     0   34.52500    0   11   38.00000   34.52500  9.14%     -    0s
     0     0   34.75000    0   10   38.00000   34.75000  8.55%     -    0s
     0     0   34.75000    0   10   38.00000   34.75000  8.55%     -    0s
     0     0   34.75000    0   10   38.00000   34.75000  8.55%     -    0s
     0     0   34.75000    0   10   38.00000   34.75000  8.55%     -    0s
     0     0   34.75000    0    9   38.00000   34.75000  8.55%     -    0s
     0     0   34.75000    0    9   38.00000   34.75000  8.55%     -    0s
     0     2   34.75000    0    9   38.00000   34.75000  8.55%     -    0s

Cutting planes:
  Gomory: 1
  Cover: 8
  Implied bound: 5
  Clique: 1
  MIR: 15
  RLT: 2
  Relax-and-lift: 3

Explored 27 nodes (474 simplex iterations) in 0.03 seconds (0.01 work units)
Thread count was 1 (of 96 available processors)

Solution count 3: 38 40 49 

Optimal solution found (tolerance 1.00e-04)
Best objective 3.800000000000e+01, best bound 3.800000000000e+01, gap 0.0000%

Instance 6_4, formulation reagg, reform MIP:
  Rect 0: x = 16.00, y = 14.00
  Rect 1: x = 0.00, y = 4.00
  Rect 2: x = 24.00, y = 14.00
  Rect 3: x = 0.00, y = 6.00
  Rect 4: x = 37.00, y = 14.00
  Rect 5: x = 0.00, y = 15.00
  → saved figures to strip_figures/6_4_reagg_MIP.png and strip_figures/6_4_reagg_MIP.pdf
Set parameter TokenServer to value "mooring.ecn.purdue.edu"
Read LP format model from file /tmp/tmpumxchia8.pyomo.lp
Reading time = 0.00 seconds
x74: 82 rows, 74 columns, 433 nonzeros
Set parameter TimeLimit to value 1800
Set parameter Threads to value 1
Gurobi Optimizer version 11.0.0 build v11.0.0rc2 (linux64 - "Oracle Linux Server 9.6")

CPU model: AMD EPYC 7643 48-Core Processor, instruction set [SSE2|AVX|AVX2]
Thread count: 48 physical cores, 96 logical processors, using up to 1 threads

Optimize a model with 82 rows, 74 columns and 433 nonzeros
Model fingerprint: 0xa2d66e19
Variable types: 14 continuous, 60 integer (60 binary)
Coefficient statistics:
  Matrix range     [1e+00, 6e+01]
  Objective range  [1e+00, 1e+00]
  Bounds range     [1e+00, 6e+01]
  RHS range        [1e+00, 2e+01]
Found heuristic solution: objective 40.0000000
Presolve removed 25 rows and 26 columns
Presolve time: 0.00s
Presolved: 57 rows, 48 columns, 209 nonzeros
Variable types: 12 continuous, 36 integer (36 binary)

Root relaxation: objective 2.900000e+01, 22 iterations, 0.00 seconds (0.00 work units)

    Nodes    |    Current Node    |     Objective Bounds      |     Work
 Expl Unexpl |  Obj  Depth IntInf | Incumbent    BestBd   Gap | It/Node Time

     0     0   29.00000    0    3   40.00000   29.00000  27.5%     -    0s
H    0     0                      38.0000000   29.00000  23.7%     -    0s
     0     0   29.00000    0    6   38.00000   29.00000  23.7%     -    0s
     0     0   29.00000    0    6   38.00000   29.00000  23.7%     -    0s
     0     0   29.00000    0    8   38.00000   29.00000  23.7%     -    0s
     0     0   29.00000    0   11   38.00000   29.00000  23.7%     -    0s
     0     0   29.00121    0    6   38.00000   29.00121  23.7%     -    0s
     0     0   31.79592    0    9   38.00000   31.79592  16.3%     -    0s
     0     0   35.33333    0   10   38.00000   35.33333  7.02%     -    0s
     0     0   35.33333    0    7   38.00000   35.33333  7.02%     -    0s
     0     0   36.00000    0    6   38.00000   36.00000  5.26%     -    0s
     0     0   36.07692    0   14   38.00000   36.07692  5.06%     -    0s
     0     0   36.07692    0   11   38.00000   36.07692  5.06%     -    0s
     0     0   36.25000    0   14   38.00000   36.25000  4.61%     -    0s
     0     0   36.25000    0   13   38.00000   36.25000  4.61%     -    0s
     0     0   36.25000    0   12   38.00000   36.25000  4.61%     -    0s
     0     0   36.25000    0   12   38.00000   36.25000  4.61%     -    0s
     0     0   36.25000    0    3   38.00000   36.25000  4.61%     -    0s
     0     0   36.25000    0    6   38.00000   36.25000  4.61%     -    0s
     0     0   36.25000    0    6   38.00000   36.25000  4.61%     -    0s
     0     0   36.25000    0    6   38.00000   36.25000  4.61%     -    0s
     0     0   36.25000    0    7   38.00000   36.25000  4.61%     -    0s
     0     0   36.25000    0    7   38.00000   36.25000  4.61%     -    0s
     0     2   36.25000    0    7   38.00000   36.25000  4.61%     -    0s

Cutting planes:
  Cover: 10
  Implied bound: 2
  MIR: 14
  Relax-and-lift: 1

Explored 17 nodes (601 simplex iterations) in 0.03 seconds (0.01 work units)
Thread count was 1 (of 96 available processors)

Solution count 2: 38 40 

Optimal solution found (tolerance 1.00e-04)
Best objective 3.800000000000e+01, best bound 3.800000000000e+01, gap 0.0000%

Instance 6_4, formulation reagg_tres, reform MIP:
  Rect 0: x = 16.00, y = 10.00
  Rect 1: x = 0.00, y = 15.00
  Rect 2: x = 25.00, y = 14.00
  Rect 3: x = 0.00, y = 2.00
  Rect 4: x = 24.00, y = 8.00
  Rect 5: x = 0.00, y = 11.00
  → saved figures to strip_figures/6_4_reagg_tres_MIP.png and strip_figures/6_4_reagg_tres_MIP.pdf
Set parameter TokenServer to value "mooring.ecn.purdue.edu"
Read LP format model from file /tmp/tmp8xnwrm_r.pyomo.lp
Reading time = 0.00 seconds
x74: 202 rows, 74 columns, 493 nonzeros
Set parameter TimeLimit to value 1800
Set parameter Threads to value 1
Gurobi Optimizer version 11.0.0 build v11.0.0rc2 (linux64 - "Oracle Linux Server 9.6")

CPU model: AMD EPYC 7643 48-Core Processor, instruction set [SSE2|AVX|AVX2]
Thread count: 48 physical cores, 96 logical processors, using up to 1 threads

Optimize a model with 202 rows, 74 columns and 493 nonzeros
Model fingerprint: 0x8253c9fe
Variable types: 14 continuous, 60 integer (60 binary)
Coefficient statistics:
  Matrix range     [1e+00, 5e+01]
  Objective range  [1e+00, 1e+00]
  Bounds range     [1e+00, 4e+01]
  RHS range        [1e+00, 4e+01]
Found heuristic solution: objective 37.0000000
Presolve removed 168 rows and 53 columns
Presolve time: 0.00s
Presolved: 34 rows, 21 columns, 96 nonzeros
Variable types: 7 continuous, 14 integer (14 binary)

Root relaxation: objective 2.000000e+01, 16 iterations, 0.00 seconds (0.00 work units)

    Nodes    |    Current Node    |     Objective Bounds      |     Work
 Expl Unexpl |  Obj  Depth IntInf | Incumbent    BestBd   Gap | It/Node Time

     0     0   20.00000    0    6   37.00000   20.00000  45.9%     -    0s
H    0     0                      36.0000000   20.00000  44.4%     -    0s
     0     0   20.00000    0   10   36.00000   20.00000  44.4%     -    0s
     0     0   20.90983    0   10   36.00000   20.90983  41.9%     -    0s
     0     0   24.22009    0   10   36.00000   24.22009  32.7%     -    0s
     0     0   25.51848    0   10   36.00000   25.51848  29.1%     -    0s
     0     0   25.51848    0   10   36.00000   25.51848  29.1%     -    0s
     0     0   25.51848    0   10   36.00000   25.51848  29.1%     -    0s
     0     0   25.51848    0   10   36.00000   25.51848  29.1%     -    0s
     0     0   25.53660    0   10   36.00000   25.53660  29.1%     -    0s
     0     0   25.56255    0    9   36.00000   25.56255  29.0%     -    0s
     0     0   25.61897    0   10   36.00000   25.61897  28.8%     -    0s
     0     0   25.62948    0    9   36.00000   25.62948  28.8%     -    0s
     0     0   25.63172    0   10   36.00000   25.63172  28.8%     -    0s
     0     0   25.63315    0   10   36.00000   25.63315  28.8%     -    0s
     0     0   25.63469    0   10   36.00000   25.63469  28.8%     -    0s
     0     0   25.73305    0   11   36.00000   25.73305  28.5%     -    0s
     0     0   25.77152    0   11   36.00000   25.77152  28.4%     -    0s
     0     0   25.77852    0   11   36.00000   25.77852  28.4%     -    0s
     0     0   25.77896    0   11   36.00000   25.77896  28.4%     -    0s
     0     0   25.84242    0   12   36.00000   25.84242  28.2%     -    0s
     0     0   26.04154    0   11   36.00000   26.04154  27.7%     -    0s
     0     0   26.09956    0   11   36.00000   26.09956  27.5%     -    0s
     0     0   26.09956    0   11   36.00000   26.09956  27.5%     -    0s
     0     0   26.12780    0   10   36.00000   26.12780  27.4%     -    0s
     0     0   26.12780    0   11   36.00000   26.12780  27.4%     -    0s
     0     0   26.14271    0   10   36.00000   26.14271  27.4%     -    0s
     0     0   26.14436    0   10   36.00000   26.14436  27.4%     -    0s
     0     0   26.14792    0    9   36.00000   26.14792  27.4%     -    0s
     0     2   26.18753    0    9   36.00000   26.18753  27.3%     -    0s
*    8     6               7      36.0000000   26.32294  26.9%   4.5    0s

Cutting planes:
  Gomory: 2
  Implied bound: 3
  MIR: 21
  RLT: 1

Explored 66 nodes (664 simplex iterations) in 0.03 seconds (0.01 work units)
Thread count was 1 (of 96 available processors)

Solution count 3: 36 36 37 

Optimal solution found (tolerance 1.00e-04)
Best objective 3.599999999630e+01, best bound 3.599999999630e+01, gap 0.0000%

Instance 6_5, formulation altered, reform bigm:
  Rect 0: x = 27.00, y = 12.00
  Rect 1: x = 0.00, y = 14.00
  Rect 2: x = 5.00, y = 10.00
  Rect 3: x = 16.00, y = 12.00
  Rect 4: x = 21.00, y = 14.00
  Rect 5: x = 0.00, y = 7.00
  → saved figures to strip_figures/6_5_altered_bigm.png and strip_figures/6_5_altered_bigm.pdf
Set parameter TokenServer to value "mooring.ecn.purdue.edu"
Read LP format model from file /tmp/tmpgde48dfh.pyomo.lp
Reading time = 0.00 seconds
x314: 622 rows, 314 columns, 1623 nonzeros
Set parameter TimeLimit to value 1800
Set parameter Threads to value 1
Gurobi Optimizer version 11.0.0 build v11.0.0rc2 (linux64 - "Oracle Linux Server 9.6")

CPU model: AMD EPYC 7643 48-Core Processor, instruction set [SSE2|AVX|AVX2]
Thread count: 48 physical cores, 96 logical processors, using up to 1 threads

Optimize a model with 622 rows, 314 columns and 1623 nonzeros
Model fingerprint: 0x58df1bb7
Variable types: 254 continuous, 60 integer (60 binary)
Coefficient statistics:
  Matrix range     [1e+00, 4e+01]
  Objective range  [1e+00, 1e+00]
  Bounds range     [1e+00, 4e+01]
  RHS range        [1e+00, 1e+01]
Presolve removed 379 rows and 208 columns
Presolve time: 0.00s
Presolved: 243 rows, 106 columns, 644 nonzeros
Variable types: 88 continuous, 18 integer (18 binary)
Found heuristic solution: objective 41.0000000

Root relaxation: objective 2.000000e+01, 52 iterations, 0.00 seconds (0.00 work units)

    Nodes    |    Current Node    |     Objective Bounds      |     Work
 Expl Unexpl |  Obj  Depth IntInf | Incumbent    BestBd   Gap | It/Node Time

     0     0   20.00000    0    8   41.00000   20.00000  51.2%     -    0s
     0     0   20.00000    0   12   41.00000   20.00000  51.2%     -    0s
     0     0   20.00000    0   13   41.00000   20.00000  51.2%     -    0s
     0     0   20.00000    0    7   41.00000   20.00000  51.2%     -    0s
     0     0   20.00000    0   10   41.00000   20.00000  51.2%     -    0s
     0     0   20.00000    0   10   41.00000   20.00000  51.2%     -    0s
H    0     0                      36.0000000   20.00000  44.4%     -    0s
     0     0   20.00000    0   10   36.00000   20.00000  44.4%     -    0s
     0     0   20.00000    0   10   36.00000   20.00000  44.4%     -    0s
     0     0   20.00000    0   14   36.00000   20.00000  44.4%     -    0s
     0     0   20.00000    0   10   36.00000   20.00000  44.4%     -    0s
     0     0   20.00000    0    6   36.00000   20.00000  44.4%     -    0s
     0     2   20.00000    0    6   36.00000   20.00000  44.4%     -    0s
*   23    16               9      36.0000000   21.12470  41.3%  11.6    0s

Cutting planes:
  Gomory: 2
  Implied bound: 1
  MIR: 14
  Flow cover: 49
  RLT: 28
  Relax-and-lift: 6
  BQP: 1

Explored 177 nodes (2291 simplex iterations) in 0.08 seconds (0.05 work units)
Thread count was 1 (of 96 available processors)

Solution count 3: 36 36 41 

Optimal solution found (tolerance 1.00e-04)
Best objective 3.599999999630e+01, best bound 3.599999999630e+01, gap 0.0000%

Instance 6_5, formulation altered, reform hull:
  Rect 0: x = 22.00, y = 12.00
  Rect 1: x = 17.00, y = 14.00
  Rect 2: x = 0.00, y = 10.00
  Rect 3: x = 31.00, y = 12.00
  Rect 4: x = 11.00, y = 14.00
  Rect 5: x = 17.00, y = 7.00
  → saved figures to strip_figures/6_5_altered_hull.png and strip_figures/6_5_altered_hull.pdf
Set parameter TokenServer to value "mooring.ecn.purdue.edu"
Read LP format model from file /tmp/tmp_anhwfiw.pyomo.lp
Reading time = 0.00 seconds
x74: 202 rows, 74 columns, 493 nonzeros
Set parameter TimeLimit to value 1800
Set parameter Threads to value 1
Gurobi Optimizer version 11.0.0 build v11.0.0rc2 (linux64 - "Oracle Linux Server 9.6")

CPU model: AMD EPYC 7643 48-Core Processor, instruction set [SSE2|AVX|AVX2]
Thread count: 48 physical cores, 96 logical processors, using up to 1 threads

Optimize a model with 202 rows, 74 columns and 493 nonzeros
Model fingerprint: 0x8253c9fe
Variable types: 14 continuous, 60 integer (60 binary)
Coefficient statistics:
  Matrix range     [1e+00, 5e+01]
  Objective range  [1e+00, 1e+00]
  Bounds range     [1e+00, 4e+01]
  RHS range        [1e+00, 4e+01]
Found heuristic solution: objective 37.0000000
Presolve removed 168 rows and 53 columns
Presolve time: 0.00s
Presolved: 34 rows, 21 columns, 96 nonzeros
Variable types: 7 continuous, 14 integer (14 binary)

Root relaxation: objective 2.000000e+01, 16 iterations, 0.00 seconds (0.00 work units)

    Nodes    |    Current Node    |     Objective Bounds      |     Work
 Expl Unexpl |  Obj  Depth IntInf | Incumbent    BestBd   Gap | It/Node Time

     0     0   20.00000    0    6   37.00000   20.00000  45.9%     -    0s
H    0     0                      36.0000000   20.00000  44.4%     -    0s
     0     0   20.00000    0   10   36.00000   20.00000  44.4%     -    0s
     0     0   20.90983    0   10   36.00000   20.90983  41.9%     -    0s
     0     0   24.22009    0   10   36.00000   24.22009  32.7%     -    0s
     0     0   25.51848    0   10   36.00000   25.51848  29.1%     -    0s
     0     0   25.51848    0   10   36.00000   25.51848  29.1%     -    0s
     0     0   25.51848    0   10   36.00000   25.51848  29.1%     -    0s
     0     0   25.51848    0   10   36.00000   25.51848  29.1%     -    0s
     0     0   25.53660    0   10   36.00000   25.53660  29.1%     -    0s
     0     0   25.56255    0    9   36.00000   25.56255  29.0%     -    0s
     0     0   25.61897    0   10   36.00000   25.61897  28.8%     -    0s
     0     0   25.62948    0    9   36.00000   25.62948  28.8%     -    0s
     0     0   25.63172    0   10   36.00000   25.63172  28.8%     -    0s
     0     0   25.63315    0   10   36.00000   25.63315  28.8%     -    0s
     0     0   25.63469    0   10   36.00000   25.63469  28.8%     -    0s
     0     0   25.73305    0   11   36.00000   25.73305  28.5%     -    0s
     0     0   25.77152    0   11   36.00000   25.77152  28.4%     -    0s
     0     0   25.77852    0   11   36.00000   25.77852  28.4%     -    0s
     0     0   25.77896    0   11   36.00000   25.77896  28.4%     -    0s
     0     0   25.84242    0   12   36.00000   25.84242  28.2%     -    0s
     0     0   26.04154    0   11   36.00000   26.04154  27.7%     -    0s
     0     0   26.09956    0   11   36.00000   26.09956  27.5%     -    0s
     0     0   26.09956    0   11   36.00000   26.09956  27.5%     -    0s
     0     0   26.12780    0   10   36.00000   26.12780  27.4%     -    0s
     0     0   26.12780    0   11   36.00000   26.12780  27.4%     -    0s
     0     0   26.14271    0   10   36.00000   26.14271  27.4%     -    0s
     0     0   26.14436    0   10   36.00000   26.14436  27.4%     -    0s
     0     0   26.14792    0    9   36.00000   26.14792  27.4%     -    0s
     0     2   26.18753    0    9   36.00000   26.18753  27.3%     -    0s
*    8     6               7      36.0000000   26.32294  26.9%   4.5    0s

Cutting planes:
  Gomory: 2
  Implied bound: 3
  MIR: 21
  RLT: 1

Explored 66 nodes (664 simplex iterations) in 0.03 seconds (0.01 work units)
Thread count was 1 (of 96 available processors)

Solution count 3: 36 36 37 

Optimal solution found (tolerance 1.00e-04)
Best objective 3.599999999630e+01, best bound 3.599999999630e+01, gap 0.0000%

Instance 6_5, formulation tres, reform bigm:
  Rect 0: x = 27.00, y = 12.00
  Rect 1: x = 0.00, y = 14.00
  Rect 2: x = 5.00, y = 10.00
  Rect 3: x = 16.00, y = 12.00
  Rect 4: x = 21.00, y = 14.00
  Rect 5: x = 0.00, y = 7.00
  → saved figures to strip_figures/6_5_tres_bigm.png and strip_figures/6_5_tres_bigm.pdf
Set parameter TokenServer to value "mooring.ecn.purdue.edu"
Read LP format model from file /tmp/tmpk4epvr36.pyomo.lp
Reading time = 0.00 seconds
x314: 622 rows, 314 columns, 1623 nonzeros
Set parameter TimeLimit to value 1800
Set parameter Threads to value 1
Gurobi Optimizer version 11.0.0 build v11.0.0rc2 (linux64 - "Oracle Linux Server 9.6")

CPU model: AMD EPYC 7643 48-Core Processor, instruction set [SSE2|AVX|AVX2]
Thread count: 48 physical cores, 96 logical processors, using up to 1 threads

Optimize a model with 622 rows, 314 columns and 1623 nonzeros
Model fingerprint: 0x58df1bb7
Variable types: 254 continuous, 60 integer (60 binary)
Coefficient statistics:
  Matrix range     [1e+00, 4e+01]
  Objective range  [1e+00, 1e+00]
  Bounds range     [1e+00, 4e+01]
  RHS range        [1e+00, 1e+01]
Presolve removed 379 rows and 208 columns
Presolve time: 0.00s
Presolved: 243 rows, 106 columns, 644 nonzeros
Variable types: 88 continuous, 18 integer (18 binary)
Found heuristic solution: objective 41.0000000

Root relaxation: objective 2.000000e+01, 52 iterations, 0.00 seconds (0.00 work units)

    Nodes    |    Current Node    |     Objective Bounds      |     Work
 Expl Unexpl |  Obj  Depth IntInf | Incumbent    BestBd   Gap | It/Node Time

     0     0   20.00000    0    8   41.00000   20.00000  51.2%     -    0s
     0     0   20.00000    0   12   41.00000   20.00000  51.2%     -    0s
     0     0   20.00000    0   13   41.00000   20.00000  51.2%     -    0s
     0     0   20.00000    0    7   41.00000   20.00000  51.2%     -    0s
     0     0   20.00000    0   10   41.00000   20.00000  51.2%     -    0s
     0     0   20.00000    0   10   41.00000   20.00000  51.2%     -    0s
H    0     0                      36.0000000   20.00000  44.4%     -    0s
     0     0   20.00000    0   10   36.00000   20.00000  44.4%     -    0s
     0     0   20.00000    0   10   36.00000   20.00000  44.4%     -    0s
     0     0   20.00000    0   14   36.00000   20.00000  44.4%     -    0s
     0     0   20.00000    0   10   36.00000   20.00000  44.4%     -    0s
     0     0   20.00000    0    6   36.00000   20.00000  44.4%     -    0s
     0     2   20.00000    0    6   36.00000   20.00000  44.4%     -    0s
*   23    16               9      36.0000000   21.12470  41.3%  11.6    0s

Cutting planes:
  Gomory: 2
  Implied bound: 1
  MIR: 14
  Flow cover: 49
  RLT: 28
  Relax-and-lift: 6
  BQP: 1

Explored 177 nodes (2291 simplex iterations) in 0.08 seconds (0.05 work units)
Thread count was 1 (of 96 available processors)

Solution count 3: 36 36 41 

Optimal solution found (tolerance 1.00e-04)
Best objective 3.599999999630e+01, best bound 3.599999999630e+01, gap 0.0000%

Instance 6_5, formulation tres, reform hull:
  Rect 0: x = 22.00, y = 12.00
  Rect 1: x = 17.00, y = 14.00
  Rect 2: x = 0.00, y = 10.00
  Rect 3: x = 31.00, y = 12.00
  Rect 4: x = 11.00, y = 14.00
  Rect 5: x = 17.00, y = 7.00
  → saved figures to strip_figures/6_5_tres_hull.png and strip_figures/6_5_tres_hull.pdf
Set parameter TokenServer to value "mooring.ecn.purdue.edu"
Read LP format model from file /tmp/tmpesdg0aie.pyomo.lp
Reading time = 0.00 seconds
x74: 82 rows, 74 columns, 418 nonzeros
Set parameter TimeLimit to value 1800
Set parameter Threads to value 1
Gurobi Optimizer version 11.0.0 build v11.0.0rc2 (linux64 - "Oracle Linux Server 9.6")

CPU model: AMD EPYC 7643 48-Core Processor, instruction set [SSE2|AVX|AVX2]
Thread count: 48 physical cores, 96 logical processors, using up to 1 threads

Optimize a model with 82 rows, 74 columns and 418 nonzeros
Model fingerprint: 0xe46ba2b3
Variable types: 14 continuous, 60 integer (60 binary)
Coefficient statistics:
  Matrix range     [1e+00, 4e+01]
  Objective range  [1e+00, 1e+00]
  Bounds range     [1e+00, 4e+01]
  RHS range        [1e+00, 1e+01]
Found heuristic solution: objective 41.0000000
Presolve removed 48 rows and 53 columns
Presolve time: 0.00s
Presolved: 34 rows, 21 columns, 96 nonzeros
Variable types: 7 continuous, 14 integer (14 binary)

Root relaxation: objective 2.000000e+01, 14 iterations, 0.00 seconds (0.00 work units)

    Nodes    |    Current Node    |     Objective Bounds      |     Work
 Expl Unexpl |  Obj  Depth IntInf | Incumbent    BestBd   Gap | It/Node Time

     0     0   20.00000    0    8   41.00000   20.00000  51.2%     -    0s
H    0     0                      36.0000000   20.00000  44.4%     -    0s
     0     0   20.35169    0   10   36.00000   20.35169  43.5%     -    0s
     0     0   23.32887    0   10   36.00000   23.32887  35.2%     -    0s
     0     0   23.46907    0   10   36.00000   23.46907  34.8%     -    0s
     0     0   24.73745    0   10   36.00000   24.73745  31.3%     -    0s
     0     0   24.73745    0   11   36.00000   24.73745  31.3%     -    0s
     0     0   24.73745    0   11   36.00000   24.73745  31.3%     -    0s
     0     0   24.73745    0   11   36.00000   24.73745  31.3%     -    0s
     0     0   24.96182    0    9   36.00000   24.96182  30.7%     -    0s
     0     0   25.10993    0   10   36.00000   25.10993  30.3%     -    0s
     0     0   25.16064    0   12   36.00000   25.16064  30.1%     -    0s
     0     0   25.19676    0   11   36.00000   25.19676  30.0%     -    0s
     0     0   25.19775    0   13   36.00000   25.19775  30.0%     -    0s
     0     0   25.22225    0   13   36.00000   25.22225  29.9%     -    0s
     0     0   25.22247    0   13   36.00000   25.22247  29.9%     -    0s
     0     0   25.22821    0   13   36.00000   25.22821  29.9%     -    0s
     0     0   25.22821    0   13   36.00000   25.22821  29.9%     -    0s
     0     0   25.35776    0   11   36.00000   25.35776  29.6%     -    0s
     0     0   25.52181    0   11   36.00000   25.52181  29.1%     -    0s
     0     0   25.66987    0   10   36.00000   25.66987  28.7%     -    0s
     0     0   25.67094    0   12   36.00000   25.67094  28.7%     -    0s
     0     0   25.69290    0   10   36.00000   25.69290  28.6%     -    0s
     0     0   25.69358    0   11   36.00000   25.69358  28.6%     -    0s
     0     0   25.70140    0   11   36.00000   25.70140  28.6%     -    0s
     0     0   25.70706    0   11   36.00000   25.70706  28.6%     -    0s
     0     0   25.70919    0   11   36.00000   25.70919  28.6%     -    0s
     0     0   25.70960    0   12   36.00000   25.70960  28.6%     -    0s
     0     0   25.72590    0   10   36.00000   25.72590  28.5%     -    0s
     0     0   25.82776    0   11   36.00000   25.82776  28.3%     -    0s
     0     0   25.83254    0   11   36.00000   25.83254  28.2%     -    0s
     0     0   25.83348    0   11   36.00000   25.83348  28.2%     -    0s
     0     0   25.86519    0   11   36.00000   25.86519  28.2%     -    0s
     0     0   25.87120    0   11   36.00000   25.87120  28.1%     -    0s
     0     0   25.87172    0   11   36.00000   25.87172  28.1%     -    0s
     0     0   25.96192    0   11   36.00000   25.96192  27.9%     -    0s
     0     0   25.96612    0   11   36.00000   25.96612  27.9%     -    0s
     0     0   25.96674    0   11   36.00000   25.96674  27.9%     -    0s
     0     0   25.96674    0   11   36.00000   25.96674  27.9%     -    0s
     0     2   26.00450    0   11   36.00000   26.00450  27.8%     -    0s

Cutting planes:
  Gomory: 2
  MIR: 25
  RLT: 3

Explored 56 nodes (618 simplex iterations) in 0.03 seconds (0.01 work units)
Thread count was 1 (of 96 available processors)

Solution count 2: 36 41 

Optimal solution found (tolerance 1.00e-04)
Best objective 3.600000000000e+01, best bound 3.600000000000e+01, gap 0.0000%

Instance 6_5, formulation reagg, reform MIP:
  Rect 0: x = 16.00, y = 12.00
  Rect 1: x = 0.00, y = 14.00
  Rect 2: x = 25.00, y = 10.00
  Rect 3: x = 5.00, y = 12.00
  Rect 4: x = 10.00, y = 14.00
  Rect 5: x = 0.00, y = 7.00
  → saved figures to strip_figures/6_5_reagg_MIP.png and strip_figures/6_5_reagg_MIP.pdf
Set parameter TokenServer to value "mooring.ecn.purdue.edu"
Read LP format model from file /tmp/tmpqekjswx3.pyomo.lp
Reading time = 0.00 seconds
x74: 82 rows, 74 columns, 418 nonzeros
Set parameter TimeLimit to value 1800
Set parameter Threads to value 1
Gurobi Optimizer version 11.0.0 build v11.0.0rc2 (linux64 - "Oracle Linux Server 9.6")

CPU model: AMD EPYC 7643 48-Core Processor, instruction set [SSE2|AVX|AVX2]
Thread count: 48 physical cores, 96 logical processors, using up to 1 threads

Optimize a model with 82 rows, 74 columns and 418 nonzeros
Model fingerprint: 0x6cd398f9
Variable types: 14 continuous, 60 integer (60 binary)
Coefficient statistics:
  Matrix range     [1e+00, 4e+01]
  Objective range  [1e+00, 1e+00]
  Bounds range     [1e+00, 4e+01]
  RHS range        [1e+00, 1e+01]
Found heuristic solution: objective 36.0000000
Presolve removed 45 rows and 50 columns
Presolve time: 0.00s
Presolved: 37 rows, 24 columns, 107 nonzeros
Variable types: 7 continuous, 17 integer (17 binary)

Root relaxation: objective 2.000000e+01, 15 iterations, 0.00 seconds (0.00 work units)

    Nodes    |    Current Node    |     Objective Bounds      |     Work
 Expl Unexpl |  Obj  Depth IntInf | Incumbent    BestBd   Gap | It/Node Time

     0     0   20.00000    0    4   36.00000   20.00000  44.4%     -    0s
     0     0   23.15578    0   10   36.00000   23.15578  35.7%     -    0s
     0     0   24.98534    0    9   36.00000   24.98534  30.6%     -    0s
     0     0   25.46759    0    9   36.00000   25.46759  29.3%     -    0s
     0     0   25.46759    0   11   36.00000   25.46759  29.3%     -    0s
     0     0   25.53942    0    9   36.00000   25.53942  29.1%     -    0s
     0     0   25.55034    0    9   36.00000   25.55034  29.0%     -    0s
     0     0   25.55423    0    9   36.00000   25.55423  29.0%     -    0s
     0     0   25.65473    0   11   36.00000   25.65473  28.7%     -    0s
     0     0   25.70831    0   11   36.00000   25.70831  28.6%     -    0s
     0     0   25.95036    0   12   36.00000   25.95036  27.9%     -    0s
     0     0   25.95036    0   12   36.00000   25.95036  27.9%     -    0s
     0     0   25.97881    0   10   36.00000   25.97881  27.8%     -    0s
     0     0   25.98063    0   10   36.00000   25.98063  27.8%     -    0s
     0     0   25.98063    0   10   36.00000   25.98063  27.8%     -    0s
     0     0   26.03942    0    9   36.00000   26.03942  27.7%     -    0s
     0     0   26.06887    0    9   36.00000   26.06887  27.6%     -    0s
     0     0   26.06887    0   10   36.00000   26.06887  27.6%     -    0s
     0     0   26.07590    0   10   36.00000   26.07590  27.6%     -    0s
     0     0   26.07642    0    9   36.00000   26.07642  27.6%     -    0s
     0     0   26.08106    0   10   36.00000   26.08106  27.6%     -    0s
     0     0   26.08338    0    8   36.00000   26.08338  27.5%     -    0s
     0     0   26.08338    0    9   36.00000   26.08338  27.5%     -    0s
     0     0   26.09676    0    9   36.00000   26.09676  27.5%     -    0s
     0     0   26.10465    0   10   36.00000   26.10465  27.5%     -    0s
     0     0   26.10467    0   10   36.00000   26.10467  27.5%     -    0s
     0     0   26.10467    0   10   36.00000   26.10467  27.5%     -    0s
     0     0   26.10622    0   10   36.00000   26.10622  27.5%     -    0s
     0     0   26.10624    0   10   36.00000   26.10624  27.5%     -    0s
     0     0   26.10624    0   10   36.00000   26.10624  27.5%     -    0s
     0     2   26.10906    0   10   36.00000   26.10906  27.5%     -    0s

Cutting planes:
  Gomory: 3
  Cover: 2
  MIR: 25

Explored 75 nodes (791 simplex iterations) in 0.03 seconds (0.01 work units)
Thread count was 1 (of 96 available processors)

Solution count 1: 36 

Optimal solution found (tolerance 1.00e-04)
Best objective 3.600000000000e+01, best bound 3.600000000000e+01, gap 0.0000%

Instance 6_5, formulation reagg_tres, reform MIP:
  Rect 0: x = 21.00, y = 12.00
  Rect 1: x = 0.00, y = 14.00
  Rect 2: x = 5.00, y = 10.00
  Rect 3: x = 16.00, y = 12.00
  Rect 4: x = 30.00, y = 14.00
  Rect 5: x = 0.00, y = 7.00
  → saved figures to strip_figures/6_5_reagg_tres_MIP.png and strip_figures/6_5_reagg_tres_MIP.pdf
Set parameter TokenServer to value "mooring.ecn.purdue.edu"
Read LP format model from file /tmp/tmpqoqp4xqm.pyomo.lp
Reading time = 0.00 seconds
x100: 281 rows, 100 columns, 687 nonzeros
Set parameter TimeLimit to value 1800
Set parameter Threads to value 1
Gurobi Optimizer version 11.0.0 build v11.0.0rc2 (linux64 - "Oracle Linux Server 9.6")

CPU model: AMD EPYC 7643 48-Core Processor, instruction set [SSE2|AVX|AVX2]
Thread count: 48 physical cores, 96 logical processors, using up to 1 threads

Optimize a model with 281 rows, 100 columns and 687 nonzeros
Model fingerprint: 0x229073c0
Variable types: 16 continuous, 84 integer (84 binary)
Coefficient statistics:
  Matrix range     [1e+00, 7e+01]
  Objective range  [1e+00, 1e+00]
  Bounds range     [1e+00, 6e+01]
  RHS range        [1e+00, 6e+01]
Found heuristic solution: objective 46.0000000
Presolve removed 187 rows and 19 columns
Presolve time: 0.00s
Presolved: 94 rows, 81 columns, 290 nonzeros
Variable types: 15 continuous, 66 integer (66 binary)

Root relaxation: objective 2.500000e+01, 36 iterations, 0.00 seconds (0.00 work units)

    Nodes    |    Current Node    |     Objective Bounds      |     Work
 Expl Unexpl |  Obj  Depth IntInf | Incumbent    BestBd   Gap | It/Node Time

     0     0   25.00000    0    3   46.00000   25.00000  45.7%     -    0s
H    0     0                      32.0000000   25.00000  21.9%     -    0s
     0     0   25.00000    0    9   32.00000   25.00000  21.9%     -    0s
     0     0   25.00000    0    7   32.00000   25.00000  21.9%     -    0s
     0     0   25.00000    0    7   32.00000   25.00000  21.9%     -    0s
     0     0   25.07487    0    6   32.00000   25.07487  21.6%     -    0s
     0     0   27.88235    0    6   32.00000   27.88235  12.9%     -    0s
     0     0   29.66667    0    6   32.00000   29.66667  7.29%     -    0s
     0     0   29.66667    0    8   32.00000   29.66667  7.29%     -    0s
     0     0   30.25000    0    5   32.00000   30.25000  5.47%     -    0s
     0     0   30.25000    0    5   32.00000   30.25000  5.47%     -    0s
     0     0   30.25000    0    9   32.00000   30.25000  5.47%     -    0s
     0     0   30.25000    0    5   32.00000   30.25000  5.47%     -    0s
     0     0   30.25000    0    2   32.00000   30.25000  5.47%     -    0s
     0     0   30.25000    0    3   32.00000   30.25000  5.47%     -    0s
     0     0   30.25000    0    5   32.00000   30.25000  5.47%     -    0s

Cutting planes:
  Cover: 4
  Implied bound: 7
  Clique: 5
  MIR: 5
  Relax-and-lift: 6

Explored 1 nodes (456 simplex iterations) in 0.02 seconds (0.01 work units)
Thread count was 1 (of 96 available processors)

Solution count 2: 32 46 

Optimal solution found (tolerance 1.00e-04)
Best objective 3.200000000000e+01, best bound 3.200000000000e+01, gap 0.0000%

Instance 7_1, formulation altered, reform bigm:
  Rect 0: x = 17.00, y = 12.00
  Rect 1: x = 24.00, y = 4.00
  Rect 2: x = 0.00, y = 9.00
  Rect 3: x = 17.00, y = 7.00
  Rect 4: x = 3.00, y = 11.00
  Rect 5: x = 0.00, y = 12.00
  Rect 6: x = 7.00, y = 8.00
  → saved figures to strip_figures/7_1_altered_bigm.png and strip_figures/7_1_altered_bigm.pdf
Set parameter TokenServer to value "mooring.ecn.purdue.edu"
Read LP format model from file /tmp/tmp5l2vnbl8.pyomo.lp
Reading time = 0.00 seconds
x436: 869 rows, 436 columns, 2283 nonzeros
Set parameter TimeLimit to value 1800
Set parameter Threads to value 1
Gurobi Optimizer version 11.0.0 build v11.0.0rc2 (linux64 - "Oracle Linux Server 9.6")

CPU model: AMD EPYC 7643 48-Core Processor, instruction set [SSE2|AVX|AVX2]
Thread count: 48 physical cores, 96 logical processors, using up to 1 threads

Optimize a model with 869 rows, 436 columns and 2283 nonzeros
Model fingerprint: 0x7201a308
Variable types: 352 continuous, 84 integer (84 binary)
Coefficient statistics:
  Matrix range     [1e+00, 6e+01]
  Objective range  [1e+00, 1e+00]
  Bounds range     [1e+00, 6e+01]
  RHS range        [1e+00, 2e+01]
Presolve removed 241 rows and 91 columns
Presolve time: 0.01s
Presolved: 628 rows, 345 columns, 1652 nonzeros
Variable types: 279 continuous, 66 integer (66 binary)
Found heuristic solution: objective 58.0000000
Found heuristic solution: objective 55.0000000
Found heuristic solution: objective 39.0000000

Root relaxation: objective 2.500000e+01, 158 iterations, 0.00 seconds (0.00 work units)

    Nodes    |    Current Node    |     Objective Bounds      |     Work
 Expl Unexpl |  Obj  Depth IntInf | Incumbent    BestBd   Gap | It/Node Time

     0     0   25.00000    0    4   39.00000   25.00000  35.9%     -    0s
     0     0   25.00000    0    7   39.00000   25.00000  35.9%     -    0s
     0     0   25.00000    0    7   39.00000   25.00000  35.9%     -    0s
     0     0   25.00000    0    6   39.00000   25.00000  35.9%     -    0s
     0     0   25.00000    0    8   39.00000   25.00000  35.9%     -    0s
     0     0   25.00000    0   11   39.00000   25.00000  35.9%     -    0s
     0     0   25.00000    0   11   39.00000   25.00000  35.9%     -    0s
     0     0   25.15267    0   12   39.00000   25.15267  35.5%     -    0s
     0     0   25.38958    0   11   39.00000   25.38958  34.9%     -    0s
     0     0   25.61360    0    9   39.00000   25.61360  34.3%     -    0s
     0     0   25.72669    0   12   39.00000   25.72669  34.0%     -    0s
     0     0   25.72669    0   12   39.00000   25.72669  34.0%     -    0s
     0     0   25.81087    0   14   39.00000   25.81087  33.8%     -    0s
H    0     0                      32.0000000   25.81087  19.3%     -    0s
     0     0   25.81087    0   23   32.00000   25.81087  19.3%     -    0s
     0     0   25.81087    0   13   32.00000   25.81087  19.3%     -    0s
     0     0   25.81087    0   13   32.00000   25.81087  19.3%     -    0s
     0     0   25.81087    0   11   32.00000   25.81087  19.3%     -    0s
     0     0   25.81087    0   11   32.00000   25.81087  19.3%     -    0s
     0     0   25.81087    0   12   32.00000   25.81087  19.3%     -    0s
     0     0   25.81087    0   12   32.00000   25.81087  19.3%     -    0s
     0     0   25.81087    0   17   32.00000   25.81087  19.3%     -    0s
     0     0   25.81087    0   13   32.00000   25.81087  19.3%     -    0s
     0     2   26.86667    0    8   32.00000   26.86667  16.0%     -    0s

Cutting planes:
  Gomory: 3
  Cover: 12
  Implied bound: 35
  MIR: 6
  Flow cover: 17
  Network: 1
  RLT: 3
  Relax-and-lift: 4

Explored 22 nodes (2763 simplex iterations) in 0.18 seconds (0.10 work units)
Thread count was 1 (of 96 available processors)

Solution count 4: 32 39 55 58 

Optimal solution found (tolerance 1.00e-04)
Best objective 3.200000000000e+01, best bound 3.200000000000e+01, gap 0.0000%

Instance 7_1, formulation altered, reform hull:
  Rect 0: x = 17.00, y = 12.00
  Rect 1: x = 24.00, y = 7.00
  Rect 2: x = 0.00, y = 12.00
  Rect 3: x = 17.00, y = 7.00
  Rect 4: x = 0.00, y = 2.00
  Rect 5: x = 24.00, y = 3.00
  Rect 6: x = 7.00, y = 11.00
  → saved figures to strip_figures/7_1_altered_hull.png and strip_figures/7_1_altered_hull.pdf
Set parameter TokenServer to value "mooring.ecn.purdue.edu"
Read LP format model from file /tmp/tmp3nkvvarb.pyomo.lp
Reading time = 0.00 seconds
x100: 281 rows, 100 columns, 687 nonzeros
Set parameter TimeLimit to value 1800
Set parameter Threads to value 1
Gurobi Optimizer version 11.0.0 build v11.0.0rc2 (linux64 - "Oracle Linux Server 9.6")

CPU model: AMD EPYC 7643 48-Core Processor, instruction set [SSE2|AVX|AVX2]
Thread count: 48 physical cores, 96 logical processors, using up to 1 threads

Optimize a model with 281 rows, 100 columns and 687 nonzeros
Model fingerprint: 0x229073c0
Variable types: 16 continuous, 84 integer (84 binary)
Coefficient statistics:
  Matrix range     [1e+00, 7e+01]
  Objective range  [1e+00, 1e+00]
  Bounds range     [1e+00, 6e+01]
  RHS range        [1e+00, 6e+01]
Found heuristic solution: objective 46.0000000
Presolve removed 187 rows and 19 columns
Presolve time: 0.00s
Presolved: 94 rows, 81 columns, 290 nonzeros
Variable types: 15 continuous, 66 integer (66 binary)

Root relaxation: objective 2.500000e+01, 36 iterations, 0.00 seconds (0.00 work units)

    Nodes    |    Current Node    |     Objective Bounds      |     Work
 Expl Unexpl |  Obj  Depth IntInf | Incumbent    BestBd   Gap | It/Node Time

     0     0   25.00000    0    3   46.00000   25.00000  45.7%     -    0s
H    0     0                      32.0000000   25.00000  21.9%     -    0s
     0     0   25.00000    0    9   32.00000   25.00000  21.9%     -    0s
     0     0   25.00000    0    7   32.00000   25.00000  21.9%     -    0s
     0     0   25.00000    0    7   32.00000   25.00000  21.9%     -    0s
     0     0   25.07487    0    6   32.00000   25.07487  21.6%     -    0s
     0     0   27.88235    0    6   32.00000   27.88235  12.9%     -    0s
     0     0   29.66667    0    6   32.00000   29.66667  7.29%     -    0s
     0     0   29.66667    0    8   32.00000   29.66667  7.29%     -    0s
     0     0   30.25000    0    5   32.00000   30.25000  5.47%     -    0s
     0     0   30.25000    0    5   32.00000   30.25000  5.47%     -    0s
     0     0   30.25000    0    9   32.00000   30.25000  5.47%     -    0s
     0     0   30.25000    0    5   32.00000   30.25000  5.47%     -    0s
     0     0   30.25000    0    2   32.00000   30.25000  5.47%     -    0s
     0     0   30.25000    0    3   32.00000   30.25000  5.47%     -    0s
     0     0   30.25000    0    5   32.00000   30.25000  5.47%     -    0s

Cutting planes:
  Cover: 4
  Implied bound: 7
  Clique: 5
  MIR: 5
  Relax-and-lift: 6

Explored 1 nodes (456 simplex iterations) in 0.02 seconds (0.01 work units)
Thread count was 1 (of 96 available processors)

Solution count 2: 32 46 

Optimal solution found (tolerance 1.00e-04)
Best objective 3.200000000000e+01, best bound 3.200000000000e+01, gap 0.0000%

Instance 7_1, formulation tres, reform bigm:
  Rect 0: x = 17.00, y = 12.00
  Rect 1: x = 24.00, y = 4.00
  Rect 2: x = 0.00, y = 9.00
  Rect 3: x = 17.00, y = 7.00
  Rect 4: x = 3.00, y = 11.00
  Rect 5: x = 0.00, y = 12.00
  Rect 6: x = 7.00, y = 8.00
  → saved figures to strip_figures/7_1_tres_bigm.png and strip_figures/7_1_tres_bigm.pdf
Set parameter TokenServer to value "mooring.ecn.purdue.edu"
Read LP format model from file /tmp/tmpnxqyzpk3.pyomo.lp
Reading time = 0.00 seconds
x436: 869 rows, 436 columns, 2283 nonzeros
Set parameter TimeLimit to value 1800
Set parameter Threads to value 1
Gurobi Optimizer version 11.0.0 build v11.0.0rc2 (linux64 - "Oracle Linux Server 9.6")

CPU model: AMD EPYC 7643 48-Core Processor, instruction set [SSE2|AVX|AVX2]
Thread count: 48 physical cores, 96 logical processors, using up to 1 threads

Optimize a model with 869 rows, 436 columns and 2283 nonzeros
Model fingerprint: 0x7201a308
Variable types: 352 continuous, 84 integer (84 binary)
Coefficient statistics:
  Matrix range     [1e+00, 6e+01]
  Objective range  [1e+00, 1e+00]
  Bounds range     [1e+00, 6e+01]
  RHS range        [1e+00, 2e+01]
Presolve removed 241 rows and 91 columns
Presolve time: 0.00s
Presolved: 628 rows, 345 columns, 1652 nonzeros
Variable types: 279 continuous, 66 integer (66 binary)
Found heuristic solution: objective 58.0000000
Found heuristic solution: objective 55.0000000
Found heuristic solution: objective 39.0000000

Root relaxation: objective 2.500000e+01, 158 iterations, 0.00 seconds (0.00 work units)

    Nodes    |    Current Node    |     Objective Bounds      |     Work
 Expl Unexpl |  Obj  Depth IntInf | Incumbent    BestBd   Gap | It/Node Time

     0     0   25.00000    0    4   39.00000   25.00000  35.9%     -    0s
     0     0   25.00000    0    7   39.00000   25.00000  35.9%     -    0s
     0     0   25.00000    0    7   39.00000   25.00000  35.9%     -    0s
     0     0   25.00000    0    6   39.00000   25.00000  35.9%     -    0s
     0     0   25.00000    0    8   39.00000   25.00000  35.9%     -    0s
     0     0   25.00000    0   11   39.00000   25.00000  35.9%     -    0s
     0     0   25.00000    0   11   39.00000   25.00000  35.9%     -    0s
     0     0   25.15267    0   12   39.00000   25.15267  35.5%     -    0s
     0     0   25.38958    0   11   39.00000   25.38958  34.9%     -    0s
     0     0   25.61360    0    9   39.00000   25.61360  34.3%     -    0s
     0     0   25.72669    0   12   39.00000   25.72669  34.0%     -    0s
     0     0   25.72669    0   12   39.00000   25.72669  34.0%     -    0s
     0     0   25.81087    0   14   39.00000   25.81087  33.8%     -    0s
H    0     0                      32.0000000   25.81087  19.3%     -    0s
     0     0   25.81087    0   23   32.00000   25.81087  19.3%     -    0s
     0     0   25.81087    0   13   32.00000   25.81087  19.3%     -    0s
     0     0   25.81087    0   13   32.00000   25.81087  19.3%     -    0s
     0     0   25.81087    0   11   32.00000   25.81087  19.3%     -    0s
     0     0   25.81087    0   11   32.00000   25.81087  19.3%     -    0s
     0     0   25.81087    0   12   32.00000   25.81087  19.3%     -    0s
     0     0   25.81087    0   12   32.00000   25.81087  19.3%     -    0s
     0     0   25.81087    0   17   32.00000   25.81087  19.3%     -    0s
     0     0   25.81087    0   13   32.00000   25.81087  19.3%     -    0s
     0     2   26.86667    0    8   32.00000   26.86667  16.0%     -    0s

Cutting planes:
  Gomory: 3
  Cover: 12
  Implied bound: 35
  MIR: 6
  Flow cover: 17
  Network: 1
  RLT: 3
  Relax-and-lift: 4

Explored 22 nodes (2763 simplex iterations) in 0.14 seconds (0.10 work units)
Thread count was 1 (of 96 available processors)

Solution count 4: 32 39 55 58 

Optimal solution found (tolerance 1.00e-04)
Best objective 3.200000000000e+01, best bound 3.200000000000e+01, gap 0.0000%

Instance 7_1, formulation tres, reform hull:
  Rect 0: x = 17.00, y = 12.00
  Rect 1: x = 24.00, y = 7.00
  Rect 2: x = 0.00, y = 12.00
  Rect 3: x = 17.00, y = 7.00
  Rect 4: x = 0.00, y = 2.00
  Rect 5: x = 24.00, y = 3.00
  Rect 6: x = 7.00, y = 11.00
  → saved figures to strip_figures/7_1_tres_hull.png and strip_figures/7_1_tres_hull.pdf
Set parameter TokenServer to value "mooring.ecn.purdue.edu"
Read LP format model from file /tmp/tmpzvjn8dyi.pyomo.lp
Reading time = 0.00 seconds
x100: 113 rows, 100 columns, 603 nonzeros
Set parameter TimeLimit to value 1800
Set parameter Threads to value 1
Gurobi Optimizer version 11.0.0 build v11.0.0rc2 (linux64 - "Oracle Linux Server 9.6")

CPU model: AMD EPYC 7643 48-Core Processor, instruction set [SSE2|AVX|AVX2]
Thread count: 48 physical cores, 96 logical processors, using up to 1 threads

Optimize a model with 113 rows, 100 columns and 603 nonzeros
Model fingerprint: 0xcf5fb06b
Variable types: 16 continuous, 84 integer (84 binary)
Coefficient statistics:
  Matrix range     [1e+00, 6e+01]
  Objective range  [1e+00, 1e+00]
  Bounds range     [1e+00, 6e+01]
  RHS range        [1e+00, 2e+01]
Found heuristic solution: objective 39.0000000
Presolve removed 19 rows and 19 columns
Presolve time: 0.00s
Presolved: 94 rows, 81 columns, 392 nonzeros
Variable types: 15 continuous, 66 integer (66 binary)

Root relaxation: objective 2.500000e+01, 37 iterations, 0.00 seconds (0.00 work units)

    Nodes    |    Current Node    |     Objective Bounds      |     Work
 Expl Unexpl |  Obj  Depth IntInf | Incumbent    BestBd   Gap | It/Node Time

     0     0   25.00000    0    2   39.00000   25.00000  35.9%     -    0s
     0     0   25.00000    0   11   39.00000   25.00000  35.9%     -    0s
H    0     0                      34.0000000   25.00000  26.5%     -    0s
     0     0   25.00000    0    5   34.00000   25.00000  26.5%     -    0s
H    0     0                      33.0000000   27.22727  17.5%     -    0s
     0     0   27.22727    0    7   33.00000   27.22727  17.5%     -    0s
     0     0   28.50000    0    6   33.00000   28.50000  13.6%     -    0s
     0     0   32.00000    0    7   33.00000   32.00000  3.03%     -    0s
H    0     0                      32.0000000   32.00000  0.00%     -    0s
     0     0   32.00000    0    7   32.00000   32.00000  0.00%     -    0s

Cutting planes:
  Gomory: 1
  Cover: 3
  MIR: 5
  GUB cover: 1

Explored 1 nodes (247 simplex iterations) in 0.01 seconds (0.01 work units)
Thread count was 1 (of 96 available processors)

Solution count 4: 32 33 34 39 

Optimal solution found (tolerance 1.00e-04)
Best objective 3.200000000000e+01, best bound 3.200000000000e+01, gap 0.0000%

Instance 7_1, formulation reagg, reform MIP:
  Rect 0: x = 10.00, y = 5.00
  Rect 1: x = 10.00, y = 9.00
  Rect 2: x = 25.00, y = 9.00
  Rect 3: x = 17.00, y = 12.00
  Rect 4: x = 0.00, y = 11.00
  Rect 5: x = 10.00, y = 12.00
  Rect 6: x = 0.00, y = 8.00
  → saved figures to strip_figures/7_1_reagg_MIP.png and strip_figures/7_1_reagg_MIP.pdf
Set parameter TokenServer to value "mooring.ecn.purdue.edu"
Read LP format model from file /tmp/tmpj0a2zode.pyomo.lp
Reading time = 0.00 seconds
x100: 113 rows, 100 columns, 603 nonzeros
Set parameter TimeLimit to value 1800
Set parameter Threads to value 1
Gurobi Optimizer version 11.0.0 build v11.0.0rc2 (linux64 - "Oracle Linux Server 9.6")

CPU model: AMD EPYC 7643 48-Core Processor, instruction set [SSE2|AVX|AVX2]
Thread count: 48 physical cores, 96 logical processors, using up to 1 threads

Optimize a model with 113 rows, 100 columns and 603 nonzeros
Model fingerprint: 0xa25e1e1f
Variable types: 16 continuous, 84 integer (84 binary)
Coefficient statistics:
  Matrix range     [1e+00, 6e+01]
  Objective range  [1e+00, 1e+00]
  Bounds range     [1e+00, 6e+01]
  RHS range        [1e+00, 2e+01]
Found heuristic solution: objective 41.0000000
Presolve removed 19 rows and 19 columns
Presolve time: 0.00s
Presolved: 94 rows, 81 columns, 378 nonzeros
Variable types: 15 continuous, 66 integer (66 binary)

Root relaxation: objective 2.500000e+01, 40 iterations, 0.00 seconds (0.00 work units)

    Nodes    |    Current Node    |     Objective Bounds      |     Work
 Expl Unexpl |  Obj  Depth IntInf | Incumbent    BestBd   Gap | It/Node Time

     0     0   25.00000    0    4   41.00000   25.00000  39.0%     -    0s
H    0     0                      39.0000000   25.00000  35.9%     -    0s
H    0     0                      33.0000000   25.00000  24.2%     -    0s
     0     0   25.00000    0   17   33.00000   25.00000  24.2%     -    0s
     0     0   25.00000    0   16   33.00000   25.00000  24.2%     -    0s
     0     0   25.67123    0    8   33.00000   25.67123  22.2%     -    0s
     0     0   27.88235    0    5   33.00000   27.88235  15.5%     -    0s
     0     0   27.88235    0   10   33.00000   27.88235  15.5%     -    0s
     0     0   28.50000    0   10   33.00000   28.50000  13.6%     -    0s
     0     0   28.50000    0    7   33.00000   28.50000  13.6%     -    0s
     0     0   32.00000    0    3   33.00000   32.00000  3.03%     -    0s
     0     0   32.00000    0    3   33.00000   32.00000  3.03%     -    0s
     0     0   32.00000    0    4   33.00000   32.00000  3.03%     -    0s
     0     0   32.00000    0    4   33.00000   32.00000  3.03%     -    0s
     0     0   32.00000    0    2   33.00000   32.00000  3.03%     -    0s
     0     0   32.00000    0    2   33.00000   32.00000  3.03%     -    0s
     0     0   32.00000    0    6   33.00000   32.00000  3.03%     -    0s
     0     0   32.00000    0    4   33.00000   32.00000  3.03%     -    0s
     0     0   32.00000    0    6   33.00000   32.00000  3.03%     -    0s
     0     0   32.00000    0    6   33.00000   32.00000  3.03%     -    0s
H    0     0                      32.0000000   32.00000  0.00%     -    0s
     0     0   32.00000    0    6   32.00000   32.00000  0.00%     -    0s

Cutting planes:
  Cover: 7
  Implied bound: 3
  MIR: 3
  GUB cover: 1
  Relax-and-lift: 1

Explored 1 nodes (375 simplex iterations) in 0.02 seconds (0.01 work units)
Thread count was 1 (of 96 available processors)

Solution count 4: 32 33 39 41 

Optimal solution found (tolerance 1.00e-04)
Best objective 3.200000000000e+01, best bound 3.200000000000e+01, gap 0.0000%

Instance 7_1, formulation reagg_tres, reform MIP:
  Rect 0: x = 17.00, y = 12.00
  Rect 1: x = 17.00, y = 4.00
  Rect 2: x = 10.00, y = 9.00
  Rect 3: x = 24.00, y = 7.00
  Rect 4: x = 8.00, y = 11.00
  Rect 5: x = 0.00, y = 11.00
  Rect 6: x = 0.00, y = 8.00
  → saved figures to strip_figures/7_1_reagg_tres_MIP.png and strip_figures/7_1_reagg_tres_MIP.pdf
Set parameter TokenServer to value "mooring.ecn.purdue.edu"
Read LP format model from file /tmp/tmpaaenpf16.pyomo.lp
Reading time = 0.00 seconds
x100: 281 rows, 100 columns, 687 nonzeros
Set parameter TimeLimit to value 1800
Set parameter Threads to value 1
Gurobi Optimizer version 11.0.0 build v11.0.0rc2 (linux64 - "Oracle Linux Server 9.6")

CPU model: AMD EPYC 7643 48-Core Processor, instruction set [SSE2|AVX|AVX2]
Thread count: 48 physical cores, 96 logical processors, using up to 1 threads

Optimize a model with 281 rows, 100 columns and 687 nonzeros
Model fingerprint: 0x86b0f6a4
Variable types: 16 continuous, 84 integer (84 binary)
Coefficient statistics:
  Matrix range     [1e+00, 8e+01]
  Objective range  [1e+00, 1e+00]
  Bounds range     [1e+00, 7e+01]
  RHS range        [1e+00, 7e+01]
Found heuristic solution: objective 63.0000000
Presolve removed 217 rows and 52 columns
Presolve time: 0.00s
Presolved: 64 rows, 48 columns, 190 nonzeros
Variable types: 12 continuous, 36 integer (36 binary)

Root relaxation: objective 2.800000e+01, 25 iterations, 0.00 seconds (0.00 work units)

    Nodes    |    Current Node    |     Objective Bounds      |     Work
 Expl Unexpl |  Obj  Depth IntInf | Incumbent    BestBd   Gap | It/Node Time

     0     0   28.00000    0    6   63.00000   28.00000  55.6%     -    0s
H    0     0                      55.0000000   28.00000  49.1%     -    0s
H    0     0                      54.0000000   28.00000  48.1%     -    0s
     0     0   28.00000    0   11   54.00000   28.00000  48.1%     -    0s
     0     0   28.00000    0   10   54.00000   28.00000  48.1%     -    0s
     0     0   28.39394    0   11   54.00000   28.39394  47.4%     -    0s
     0     0   29.59091    0   11   54.00000   29.59091  45.2%     -    0s
     0     0   31.50000    0   13   54.00000   31.50000  41.7%     -    0s
     0     0   35.00000    0    9   54.00000   35.00000  35.2%     -    0s
     0     0   35.00000    0   10   54.00000   35.00000  35.2%     -    0s
     0     0   35.00000    0   10   54.00000   35.00000  35.2%     -    0s
     0     0   35.00000    0    9   54.00000   35.00000  35.2%     -    0s
     0     0   35.00000    0   12   54.00000   35.00000  35.2%     -    0s
     0     0   35.00000    0    7   54.00000   35.00000  35.2%     -    0s
     0     0   35.00000    0   15   54.00000   35.00000  35.2%     -    0s
     0     0   35.00000    0   11   54.00000   35.00000  35.2%     -    0s
     0     0   35.00000    0    7   54.00000   35.00000  35.2%     -    0s
     0     2   35.00000    0    7   54.00000   35.00000  35.2%     -    0s
*  163    23              10      54.0000000   35.00000  35.2%   5.8    0s

Cutting planes:
  Gomory: 1
  Cover: 2
  Implied bound: 8
  Clique: 1
  MIR: 41
  Inf proof: 1
  RLT: 6
  Relax-and-lift: 4
  BQP: 1

Explored 241 nodes (1929 simplex iterations) in 0.06 seconds (0.03 work units)
Thread count was 1 (of 96 available processors)

Solution count 4: 54 54 55 63 

Optimal solution found (tolerance 1.00e-04)
Best objective 5.399999999450e+01, best bound 5.399999999450e+01, gap 0.0000%

Instance 7_2, formulation altered, reform bigm:
  Rect 0: x = 28.00, y = 10.00
  Rect 1: x = 0.00, y = 10.00
  Rect 2: x = 39.00, y = 10.00
  Rect 3: x = 15.00, y = 9.00
  Rect 4: x = 39.00, y = 7.00
  Rect 5: x = 0.00, y = 7.00
  Rect 6: x = 7.00, y = 9.00
  → saved figures to strip_figures/7_2_altered_bigm.png and strip_figures/7_2_altered_bigm.pdf
Set parameter TokenServer to value "mooring.ecn.purdue.edu"
Read LP format model from file /tmp/tmp_lc8zt95.pyomo.lp
Reading time = 0.00 seconds
x436: 869 rows, 436 columns, 2271 nonzeros
Set parameter TimeLimit to value 1800
Set parameter Threads to value 1
Gurobi Optimizer version 11.0.0 build v11.0.0rc2 (linux64 - "Oracle Linux Server 9.6")

CPU model: AMD EPYC 7643 48-Core Processor, instruction set [SSE2|AVX|AVX2]
Thread count: 48 physical cores, 96 logical processors, using up to 1 threads

Optimize a model with 869 rows, 436 columns and 2271 nonzeros
Model fingerprint: 0x946ba4ae
Variable types: 352 continuous, 84 integer (84 binary)
Coefficient statistics:
  Matrix range     [1e+00, 7e+01]
  Objective range  [1e+00, 1e+00]
  Bounds range     [1e+00, 7e+01]
  RHS range        [1e+00, 2e+01]
Presolve removed 467 rows and 242 columns
Presolve time: 0.00s
Presolved: 402 rows, 194 columns, 1066 nonzeros
Variable types: 158 continuous, 36 integer (36 binary)
Found heuristic solution: objective 70.0000000
Found heuristic solution: objective 54.0000000

Root relaxation: objective 2.800000e+01, 122 iterations, 0.00 seconds (0.00 work units)

    Nodes    |    Current Node    |     Objective Bounds      |     Work
 Expl Unexpl |  Obj  Depth IntInf | Incumbent    BestBd   Gap | It/Node Time

     0     0   28.00000    0   15   54.00000   28.00000  48.1%     -    0s
     0     0   28.00000    0   20   54.00000   28.00000  48.1%     -    0s
     0     0   28.00000    0   20   54.00000   28.00000  48.1%     -    0s
     0     0   28.00000    0   17   54.00000   28.00000  48.1%     -    0s
     0     0   28.00000    0   17   54.00000   28.00000  48.1%     -    0s
     0     0   28.00000    0   13   54.00000   28.00000  48.1%     -    0s
     0     0   28.00000    0   19   54.00000   28.00000  48.1%     -    0s
     0     0   28.00000    0   17   54.00000   28.00000  48.1%     -    0s
     0     0   28.00000    0   16   54.00000   28.00000  48.1%     -    0s
     0     0   28.00000    0   10   54.00000   28.00000  48.1%     -    0s
     0     0   28.00000    0   15   54.00000   28.00000  48.1%     -    0s
     0     0   28.00000    0   14   54.00000   28.00000  48.1%     -    0s
     0     0   28.00000    0   12   54.00000   28.00000  48.1%     -    0s
     0     2   28.00000    0   12   54.00000   28.00000  48.1%     -    0s

Cutting planes:
  Gomory: 10
  Cover: 10
  Implied bound: 17
  MIR: 30
  Flow cover: 67
  RLT: 51
  Relax-and-lift: 12
  BQP: 3

Explored 232 nodes (4875 simplex iterations) in 0.15 seconds (0.12 work units)
Thread count was 1 (of 96 available processors)

Solution count 2: 54 70 

Optimal solution found (tolerance 1.00e-04)
Best objective 5.400000000000e+01, best bound 5.400000000000e+01, gap 0.0000%

Instance 7_2, formulation altered, reform hull:
  Rect 0: x = 0.00, y = 10.00
  Rect 1: x = 25.00, y = 3.00
  Rect 2: x = 11.00, y = 2.00
  Rect 3: x = 33.00, y = 9.00
  Rect 4: x = 11.00, y = 10.00
  Rect 5: x = 26.00, y = 10.00
  Rect 6: x = 46.00, y = 9.00
  → saved figures to strip_figures/7_2_altered_hull.png and strip_figures/7_2_altered_hull.pdf
Set parameter TokenServer to value "mooring.ecn.purdue.edu"
Read LP format model from file /tmp/tmpktrhpnil.pyomo.lp
Reading time = 0.00 seconds
x100: 281 rows, 100 columns, 687 nonzeros
Set parameter TimeLimit to value 1800
Set parameter Threads to value 1
Gurobi Optimizer version 11.0.0 build v11.0.0rc2 (linux64 - "Oracle Linux Server 9.6")

CPU model: AMD EPYC 7643 48-Core Processor, instruction set [SSE2|AVX|AVX2]
Thread count: 48 physical cores, 96 logical processors, using up to 1 threads

Optimize a model with 281 rows, 100 columns and 687 nonzeros
Model fingerprint: 0x86b0f6a4
Variable types: 16 continuous, 84 integer (84 binary)
Coefficient statistics:
  Matrix range     [1e+00, 8e+01]
  Objective range  [1e+00, 1e+00]
  Bounds range     [1e+00, 7e+01]
  RHS range        [1e+00, 7e+01]
Found heuristic solution: objective 63.0000000
Presolve removed 217 rows and 52 columns
Presolve time: 0.00s
Presolved: 64 rows, 48 columns, 190 nonzeros
Variable types: 12 continuous, 36 integer (36 binary)

Root relaxation: objective 2.800000e+01, 25 iterations, 0.00 seconds (0.00 work units)

    Nodes    |    Current Node    |     Objective Bounds      |     Work
 Expl Unexpl |  Obj  Depth IntInf | Incumbent    BestBd   Gap | It/Node Time

     0     0   28.00000    0    6   63.00000   28.00000  55.6%     -    0s
H    0     0                      55.0000000   28.00000  49.1%     -    0s
H    0     0                      54.0000000   28.00000  48.1%     -    0s
     0     0   28.00000    0   11   54.00000   28.00000  48.1%     -    0s
     0     0   28.00000    0   10   54.00000   28.00000  48.1%     -    0s
     0     0   28.39394    0   11   54.00000   28.39394  47.4%     -    0s
     0     0   29.59091    0   11   54.00000   29.59091  45.2%     -    0s
     0     0   31.50000    0   13   54.00000   31.50000  41.7%     -    0s
     0     0   35.00000    0    9   54.00000   35.00000  35.2%     -    0s
     0     0   35.00000    0   10   54.00000   35.00000  35.2%     -    0s
     0     0   35.00000    0   10   54.00000   35.00000  35.2%     -    0s
     0     0   35.00000    0    9   54.00000   35.00000  35.2%     -    0s
     0     0   35.00000    0   12   54.00000   35.00000  35.2%     -    0s
     0     0   35.00000    0    7   54.00000   35.00000  35.2%     -    0s
     0     0   35.00000    0   15   54.00000   35.00000  35.2%     -    0s
     0     0   35.00000    0   11   54.00000   35.00000  35.2%     -    0s
     0     0   35.00000    0    7   54.00000   35.00000  35.2%     -    0s
     0     2   35.00000    0    7   54.00000   35.00000  35.2%     -    0s
*  163    23              10      54.0000000   35.00000  35.2%   5.8    0s

Cutting planes:
  Gomory: 1
  Cover: 2
  Implied bound: 8
  Clique: 1
  MIR: 41
  Inf proof: 1
  RLT: 6
  Relax-and-lift: 4
  BQP: 1

Explored 241 nodes (1929 simplex iterations) in 0.06 seconds (0.03 work units)
Thread count was 1 (of 96 available processors)

Solution count 4: 54 54 55 63 

Optimal solution found (tolerance 1.00e-04)
Best objective 5.399999999450e+01, best bound 5.399999999450e+01, gap 0.0000%

Instance 7_2, formulation tres, reform bigm:
  Rect 0: x = 28.00, y = 10.00
  Rect 1: x = 0.00, y = 10.00
  Rect 2: x = 39.00, y = 10.00
  Rect 3: x = 15.00, y = 9.00
  Rect 4: x = 39.00, y = 7.00
  Rect 5: x = 0.00, y = 7.00
  Rect 6: x = 7.00, y = 9.00
  → saved figures to strip_figures/7_2_tres_bigm.png and strip_figures/7_2_tres_bigm.pdf
Set parameter TokenServer to value "mooring.ecn.purdue.edu"
Read LP format model from file /tmp/tmpdyzefa4v.pyomo.lp
Reading time = 0.00 seconds
x436: 869 rows, 436 columns, 2271 nonzeros
Set parameter TimeLimit to value 1800
Set parameter Threads to value 1
Gurobi Optimizer version 11.0.0 build v11.0.0rc2 (linux64 - "Oracle Linux Server 9.6")

CPU model: AMD EPYC 7643 48-Core Processor, instruction set [SSE2|AVX|AVX2]
Thread count: 48 physical cores, 96 logical processors, using up to 1 threads

Optimize a model with 869 rows, 436 columns and 2271 nonzeros
Model fingerprint: 0x946ba4ae
Variable types: 352 continuous, 84 integer (84 binary)
Coefficient statistics:
  Matrix range     [1e+00, 7e+01]
  Objective range  [1e+00, 1e+00]
  Bounds range     [1e+00, 7e+01]
  RHS range        [1e+00, 2e+01]
Presolve removed 467 rows and 242 columns
Presolve time: 0.00s
Presolved: 402 rows, 194 columns, 1066 nonzeros
Variable types: 158 continuous, 36 integer (36 binary)
Found heuristic solution: objective 70.0000000
Found heuristic solution: objective 54.0000000

Root relaxation: objective 2.800000e+01, 122 iterations, 0.00 seconds (0.00 work units)

    Nodes    |    Current Node    |     Objective Bounds      |     Work
 Expl Unexpl |  Obj  Depth IntInf | Incumbent    BestBd   Gap | It/Node Time

     0     0   28.00000    0   15   54.00000   28.00000  48.1%     -    0s
     0     0   28.00000    0   20   54.00000   28.00000  48.1%     -    0s
     0     0   28.00000    0   20   54.00000   28.00000  48.1%     -    0s
     0     0   28.00000    0   17   54.00000   28.00000  48.1%     -    0s
     0     0   28.00000    0   17   54.00000   28.00000  48.1%     -    0s
     0     0   28.00000    0   13   54.00000   28.00000  48.1%     -    0s
     0     0   28.00000    0   19   54.00000   28.00000  48.1%     -    0s
     0     0   28.00000    0   17   54.00000   28.00000  48.1%     -    0s
     0     0   28.00000    0   16   54.00000   28.00000  48.1%     -    0s
     0     0   28.00000    0   10   54.00000   28.00000  48.1%     -    0s
     0     0   28.00000    0   15   54.00000   28.00000  48.1%     -    0s
     0     0   28.00000    0   14   54.00000   28.00000  48.1%     -    0s
     0     0   28.00000    0   12   54.00000   28.00000  48.1%     -    0s
     0     2   28.00000    0   12   54.00000   28.00000  48.1%     -    0s

Cutting planes:
  Gomory: 10
  Cover: 10
  Implied bound: 17
  MIR: 30
  Flow cover: 67
  RLT: 51
  Relax-and-lift: 12
  BQP: 3

Explored 232 nodes (4875 simplex iterations) in 0.15 seconds (0.12 work units)
Thread count was 1 (of 96 available processors)

Solution count 2: 54 70 

Optimal solution found (tolerance 1.00e-04)
Best objective 5.400000000000e+01, best bound 5.400000000000e+01, gap 0.0000%

Instance 7_2, formulation tres, reform hull:
  Rect 0: x = 0.00, y = 10.00
  Rect 1: x = 25.00, y = 3.00
  Rect 2: x = 11.00, y = 2.00
  Rect 3: x = 33.00, y = 9.00
  Rect 4: x = 11.00, y = 10.00
  Rect 5: x = 26.00, y = 10.00
  Rect 6: x = 46.00, y = 9.00
  → saved figures to strip_figures/7_2_tres_hull.png and strip_figures/7_2_tres_hull.pdf
Set parameter TokenServer to value "mooring.ecn.purdue.edu"
Read LP format model from file /tmp/tmpay7lxapp.pyomo.lp
Reading time = 0.00 seconds
x100: 113 rows, 100 columns, 585 nonzeros
Set parameter TimeLimit to value 1800
Set parameter Threads to value 1
Gurobi Optimizer version 11.0.0 build v11.0.0rc2 (linux64 - "Oracle Linux Server 9.6")

CPU model: AMD EPYC 7643 48-Core Processor, instruction set [SSE2|AVX|AVX2]
Thread count: 48 physical cores, 96 logical processors, using up to 1 threads

Optimize a model with 113 rows, 100 columns and 585 nonzeros
Model fingerprint: 0x51d513ac
Variable types: 16 continuous, 84 integer (84 binary)
Coefficient statistics:
  Matrix range     [1e+00, 7e+01]
  Objective range  [1e+00, 1e+00]
  Bounds range     [1e+00, 7e+01]
  RHS range        [1e+00, 2e+01]
Found heuristic solution: objective 68.0000000
Presolve removed 49 rows and 52 columns
Presolve time: 0.00s
Presolved: 64 rows, 48 columns, 222 nonzeros
Variable types: 12 continuous, 36 integer (36 binary)

Root relaxation: objective 2.800000e+01, 27 iterations, 0.00 seconds (0.00 work units)

    Nodes    |    Current Node    |     Objective Bounds      |     Work
 Expl Unexpl |  Obj  Depth IntInf | Incumbent    BestBd   Gap | It/Node Time

     0     0   28.00000    0    6   68.00000   28.00000  58.8%     -    0s
H    0     0                      56.0000000   28.00000  50.0%     -    0s
H    0     0                      54.0000000   28.00000  48.1%     -    0s
     0     0   28.00000    0    9   54.00000   28.00000  48.1%     -    0s
     0     0   28.00000    0   12   54.00000   28.00000  48.1%     -    0s
     0     0   28.24138    0   11   54.00000   28.24138  47.7%     -    0s
     0     0   28.63636    0   12   54.00000   28.63636  47.0%     -    0s
     0     0   30.00000    0   11   54.00000   30.00000  44.4%     -    0s
     0     0   30.00000    0   11   54.00000   30.00000  44.4%     -    0s
     0     0   30.83333    0   11   54.00000   30.83333  42.9%     -    0s
     0     0   30.83333    0   13   54.00000   30.83333  42.9%     -    0s
     0     0   32.50000    0   13   54.00000   32.50000  39.8%     -    0s
     0     0   32.50000    0   13   54.00000   32.50000  39.8%     -    0s
     0     0   32.50000    0   12   54.00000   32.50000  39.8%     -    0s
     0     0   32.50000    0   12   54.00000   32.50000  39.8%     -    0s
     0     0   32.50000    0    9   54.00000   32.50000  39.8%     -    0s
     0     0   32.50000    0   12   54.00000   32.50000  39.8%     -    0s
     0     0   32.50000    0    8   54.00000   32.50000  39.8%     -    0s
     0     0   32.50000    0   13   54.00000   32.50000  39.8%     -    0s
     0     0   32.50000    0    9   54.00000   32.50000  39.8%     -    0s
     0     0   32.50000    0    8   54.00000   32.50000  39.8%     -    0s
     0     0   32.50000    0    7   54.00000   32.50000  39.8%     -    0s
     0     0   32.50000    0   10   54.00000   32.50000  39.8%     -    0s
     0     0   32.50000    0    9   54.00000   32.50000  39.8%     -    0s
     0     0   32.50000    0    9   54.00000   32.50000  39.8%     -    0s
     0     2   35.00000    0    9   54.00000   35.00000  35.2%     -    0s

Cutting planes:
  Cover: 3
  Implied bound: 13
  Clique: 1
  MIR: 58
  Inf proof: 1
  RLT: 9
  Relax-and-lift: 1

Explored 170 nodes (2234 simplex iterations) in 0.06 seconds (0.03 work units)
Thread count was 1 (of 96 available processors)

Solution count 3: 54 56 68 

Optimal solution found (tolerance 1.00e-04)
Best objective 5.400000000000e+01, best bound 5.400000000000e+01, gap 0.0000%

Instance 7_2, formulation reagg, reform MIP:
  Rect 0: x = 30.00, y = 10.00
  Rect 1: x = 14.00, y = 3.00
  Rect 2: x = 0.00, y = 2.00
  Rect 3: x = 41.00, y = 9.00
  Rect 4: x = 7.00, y = 10.00
  Rect 5: x = 0.00, y = 9.00
  Rect 6: x = 22.00, y = 9.00
  → saved figures to strip_figures/7_2_reagg_MIP.png and strip_figures/7_2_reagg_MIP.pdf
Set parameter TokenServer to value "mooring.ecn.purdue.edu"
Read LP format model from file /tmp/tmpcjxtfnld.pyomo.lp
Reading time = 0.00 seconds
x100: 113 rows, 100 columns, 585 nonzeros
Set parameter TimeLimit to value 1800
Set parameter Threads to value 1
Gurobi Optimizer version 11.0.0 build v11.0.0rc2 (linux64 - "Oracle Linux Server 9.6")

CPU model: AMD EPYC 7643 48-Core Processor, instruction set [SSE2|AVX|AVX2]
Thread count: 48 physical cores, 96 logical processors, using up to 1 threads

Optimize a model with 113 rows, 100 columns and 585 nonzeros
Model fingerprint: 0x695700fa
Variable types: 16 continuous, 84 integer (84 binary)
Coefficient statistics:
  Matrix range     [1e+00, 7e+01]
  Objective range  [1e+00, 1e+00]
  Bounds range     [1e+00, 7e+01]
  RHS range        [1e+00, 2e+01]
Found heuristic solution: objective 70.0000000
Presolve removed 49 rows and 52 columns
Presolve time: 0.00s
Presolved: 64 rows, 48 columns, 217 nonzeros
Variable types: 12 continuous, 36 integer (36 binary)

Root relaxation: objective 2.800000e+01, 24 iterations, 0.00 seconds (0.00 work units)

    Nodes    |    Current Node    |     Objective Bounds      |     Work
 Expl Unexpl |  Obj  Depth IntInf | Incumbent    BestBd   Gap | It/Node Time

     0     0   28.00000    0    6   70.00000   28.00000  60.0%     -    0s
H    0     0                      54.0000000   28.00000  48.1%     -    0s
     0     0   28.00000    0   13   54.00000   28.00000  48.1%     -    0s
     0     0   28.00000    0   14   54.00000   28.00000  48.1%     -    0s
     0     0   28.00000    0   18   54.00000   28.00000  48.1%     -    0s
     0     0   28.33333    0   16   54.00000   28.33333  47.5%     -    0s
     0     0   28.33333    0   13   54.00000   28.33333  47.5%     -    0s
     0     0   28.41745    0   13   54.00000   28.41745  47.4%     -    0s
     0     0   29.56546    0   14   54.00000   29.56546  45.2%     -    0s
     0     0   29.90192    0   14   54.00000   29.90192  44.6%     -    0s
     0     0   29.90192    0   14   54.00000   29.90192  44.6%     -    0s
     0     0   29.90192    0   14   54.00000   29.90192  44.6%     -    0s
     0     0   29.92767    0   16   54.00000   29.92767  44.6%     -    0s
     0     0   30.20634    0   13   54.00000   30.20634  44.1%     -    0s
     0     0   30.20634    0   12   54.00000   30.20634  44.1%     -    0s
     0     0   30.20634    0   17   54.00000   30.20634  44.1%     -    0s
     0     0   30.20634    0   15   54.00000   30.20634  44.1%     -    0s
     0     0   30.20634    0   18   54.00000   30.20634  44.1%     -    0s
     0     0   30.24631    0   11   54.00000   30.24631  44.0%     -    0s
     0     0   30.58471    0   16   54.00000   30.58471  43.4%     -    0s
     0     0   30.60075    0   15   54.00000   30.60075  43.3%     -    0s
     0     0   30.66731    0   18   54.00000   30.66731  43.2%     -    0s
     0     0   30.68968    0   21   54.00000   30.68968  43.2%     -    0s
     0     0   30.69452    0   18   54.00000   30.69452  43.2%     -    0s
     0     0   30.69452    0   19   54.00000   30.69452  43.2%     -    0s
     0     0   30.72407    0   19   54.00000   30.72407  43.1%     -    0s
     0     0   30.77601    0   21   54.00000   30.77601  43.0%     -    0s
     0     0   30.78288    0   22   54.00000   30.78288  43.0%     -    0s
     0     0   30.78622    0   20   54.00000   30.78622  43.0%     -    0s
     0     0   30.78622    0   20   54.00000   30.78622  43.0%     -    0s
     0     0   30.79573    0   21   54.00000   30.79573  43.0%     -    0s
     0     0   30.82457    0   21   54.00000   30.82457  42.9%     -    0s
     0     0   30.82535    0   20   54.00000   30.82535  42.9%     -    0s
     0     0   30.82535    0   21   54.00000   30.82535  42.9%     -    0s
     0     0   30.82535    0   21   54.00000   30.82535  42.9%     -    0s
     0     0   30.83251    0   19   54.00000   30.83251  42.9%     -    0s
     0     0   30.83456    0   21   54.00000   30.83456  42.9%     -    0s
     0     0   30.83456    0   19   54.00000   30.83456  42.9%     -    0s
     0     0   30.83492    0   19   54.00000   30.83492  42.9%     -    0s
     0     0   30.83492    0   13   54.00000   30.83492  42.9%     -    0s
     0     2   30.84182    0   13   54.00000   30.84182  42.9%     -    0s

Cutting planes:
  Gomory: 7
  Cover: 2
  Implied bound: 17
  Clique: 2
  MIR: 88
  GUB cover: 1
  Inf proof: 1
  RLT: 15
  Relax-and-lift: 1

Explored 259 nodes (2861 simplex iterations) in 0.08 seconds (0.04 work units)
Thread count was 1 (of 96 available processors)

Solution count 2: 54 70 

Optimal solution found (tolerance 1.00e-04)
Best objective 5.400000000000e+01, best bound 5.400000000000e+01, gap 0.0000%

Instance 7_2, formulation reagg_tres, reform MIP:
  Rect 0: x = 43.00, y = 10.00
  Rect 1: x = 0.00, y = 10.00
  Rect 2: x = 2.00, y = 9.00
  Rect 3: x = 30.00, y = 9.00
  Rect 4: x = 7.00, y = 7.00
  Rect 5: x = 0.00, y = 7.00
  Rect 6: x = 22.00, y = 9.00
  → saved figures to strip_figures/7_2_reagg_tres_MIP.png and strip_figures/7_2_reagg_tres_MIP.pdf
Set parameter TokenServer to value "mooring.ecn.purdue.edu"
Read LP format model from file /tmp/tmpfi_j2rtm.pyomo.lp
Reading time = 0.00 seconds
x100: 281 rows, 100 columns, 687 nonzeros
Set parameter TimeLimit to value 1800
Set parameter Threads to value 1
Gurobi Optimizer version 11.0.0 build v11.0.0rc2 (linux64 - "Oracle Linux Server 9.6")

CPU model: AMD EPYC 7643 48-Core Processor, instruction set [SSE2|AVX|AVX2]
Thread count: 48 physical cores, 96 logical processors, using up to 1 threads

Optimize a model with 281 rows, 100 columns and 687 nonzeros
Model fingerprint: 0x0deccff0
Variable types: 16 continuous, 84 integer (84 binary)
Coefficient statistics:
  Matrix range     [1e+00, 1e+02]
  Objective range  [1e+00, 1e+00]
  Bounds range     [1e+00, 8e+01]
  RHS range        [1e+00, 8e+01]
Found heuristic solution: objective 61.0000000
Presolve removed 205 rows and 39 columns
Presolve time: 0.00s
Presolved: 76 rows, 61 columns, 230 nonzeros
Variable types: 13 continuous, 48 integer (48 binary)

Root relaxation: objective 3.500000e+01, 28 iterations, 0.00 seconds (0.00 work units)

    Nodes    |    Current Node    |     Objective Bounds      |     Work
 Expl Unexpl |  Obj  Depth IntInf | Incumbent    BestBd   Gap | It/Node Time

     0     0   35.00000    0    8   61.00000   35.00000  42.6%     -    0s
H    0     0                      59.0000000   35.00000  40.7%     -    0s
     0     0   35.00000    0   12   59.00000   35.00000  40.7%     -    0s
H    0     0                      55.0000000   35.00000  36.4%     -    0s
     0     0   35.00000    0   12   55.00000   35.00000  36.4%     -    0s
     0     0   35.00000    0    5   55.00000   35.00000  36.4%     -    0s
     0     0   35.00000    0    5   55.00000   35.00000  36.4%     -    0s
     0     0   35.00000    0    7   55.00000   35.00000  36.4%     -    0s
     0     0   35.00000    0   16   55.00000   35.00000  36.4%     -    0s
     0     0   38.36842    0    7   55.00000   38.36842  30.2%     -    0s
     0     0   38.36842    0   12   55.00000   38.36842  30.2%     -    0s
     0     0   38.36842    0   26   55.00000   38.36842  30.2%     -    0s
     0     0   38.36842    0   23   55.00000   38.36842  30.2%     -    0s
     0     0   38.36842    0    7   55.00000   38.36842  30.2%     -    0s
     0     0   38.36842    0    7   55.00000   38.36842  30.2%     -    0s
     0     2   43.00000    0    7   55.00000   43.00000  21.8%     -    0s
H   35    13                      54.0000000   43.00000  20.4%   5.4    0s

Cutting planes:
  Gomory: 1
  Cover: 105
  Implied bound: 60
  Clique: 3
  MIR: 49
  Inf proof: 44
  RLT: 11
  Relax-and-lift: 11
  BQP: 1
  PSD: 3

Explored 1207 nodes (8116 simplex iterations) in 0.22 seconds (0.13 work units)
Thread count was 1 (of 96 available processors)

Solution count 4: 54 55 59 61 

Optimal solution found (tolerance 1.00e-04)
Best objective 5.400000000000e+01, best bound 5.400000000000e+01, gap 0.0000%

Instance 7_3, formulation altered, reform bigm:
  Rect 0: x = 22.00, y = 5.00
  Rect 1: x = 43.00, y = 12.00
  Rect 2: x = 17.00, y = 11.00
  Rect 3: x = 0.00, y = 12.00
  Rect 4: x = 36.00, y = 5.00
  Rect 5: x = 28.00, y = 12.00
  Rect 6: x = 22.00, y = 10.00
  → saved figures to strip_figures/7_3_altered_bigm.png and strip_figures/7_3_altered_bigm.pdf
Set parameter TokenServer to value "mooring.ecn.purdue.edu"
Read LP format model from file /tmp/tmpm2nvajhd.pyomo.lp
Reading time = 0.00 seconds
x436: 869 rows, 436 columns, 2271 nonzeros
Set parameter TimeLimit to value 1800
Set parameter Threads to value 1
Gurobi Optimizer version 11.0.0 build v11.0.0rc2 (linux64 - "Oracle Linux Server 9.6")

CPU model: AMD EPYC 7643 48-Core Processor, instruction set [SSE2|AVX|AVX2]
Thread count: 48 physical cores, 96 logical processors, using up to 1 threads

Optimize a model with 869 rows, 436 columns and 2271 nonzeros
Model fingerprint: 0x427d16f3
Variable types: 352 continuous, 84 integer (84 binary)
Coefficient statistics:
  Matrix range     [1e+00, 8e+01]
  Objective range  [1e+00, 1e+00]
  Bounds range     [1e+00, 8e+01]
  RHS range        [1e+00, 2e+01]
Presolve removed 407 rows and 190 columns
Presolve time: 0.00s
Presolved: 462 rows, 246 columns, 1226 nonzeros
Variable types: 198 continuous, 48 integer (48 binary)
Found heuristic solution: objective 85.0000000
Found heuristic solution: objective 74.0000000
Found heuristic solution: objective 66.0000000

Root relaxation: objective 3.500000e+01, 149 iterations, 0.00 seconds (0.00 work units)

    Nodes    |    Current Node    |     Objective Bounds      |     Work
 Expl Unexpl |  Obj  Depth IntInf | Incumbent    BestBd   Gap | It/Node Time

     0     0   35.00000    0    9   66.00000   35.00000  47.0%     -    0s
     0     0   35.00000    0   14   66.00000   35.00000  47.0%     -    0s
     0     0   35.00000    0   13   66.00000   35.00000  47.0%     -    0s
     0     0   35.00000    0   16   66.00000   35.00000  47.0%     -    0s
     0     0   35.00000    0   16   66.00000   35.00000  47.0%     -    0s
     0     0   35.00000    0    5   66.00000   35.00000  47.0%     -    0s
H    0     0                      57.0000000   35.00000  38.6%     -    0s
     0     0   35.00000    0    6   57.00000   35.00000  38.6%     -    0s
     0     0   35.00000    0    4   57.00000   35.00000  38.6%     -    0s
     0     0   35.00000    0   11   57.00000   35.00000  38.6%     -    0s
     0     0   35.00000    0   14   57.00000   35.00000  38.6%     -    0s
H    0     0                      55.0000000   35.00000  36.4%     -    0s
     0     0   35.00000    0   19   55.00000   35.00000  36.4%     -    0s
     0     0   35.00000    0   16   55.00000   35.00000  36.4%     -    0s
     0     0   35.00000    0   16   55.00000   35.00000  36.4%     -    0s
     0     2   35.00000    0   10   55.00000   35.00000  36.4%     -    0s
*   30    21              23      54.0000000   35.92593  33.5%  13.9    0s
*  206    79              11      54.0000000   40.00000  25.9%  12.2    0s

Cutting planes:
  Gomory: 3
  Cover: 54
  Implied bound: 104
  Clique: 1
  MIR: 33
  Flow cover: 64
  Inf proof: 9
  Network: 1
  RLT: 19
  Relax-and-lift: 14

Explored 1826 nodes (20929 simplex iterations) in 0.58 seconds (0.43 work units)
Thread count was 1 (of 96 available processors)

Solution count 7: 54 54 55 ... 85

Optimal solution found (tolerance 1.00e-04)
Best objective 5.399999999450e+01, best bound 5.399999999450e+01, gap 0.0000%

Instance 7_3, formulation altered, reform hull:
  Rect 0: x = 18.00, y = 12.00
  Rect 1: x = 6.00, y = 7.00
  Rect 2: x = 32.00, y = 11.00
  Rect 3: x = 37.00, y = 12.00
  Rect 4: x = 0.00, y = 12.00
  Rect 5: x = 17.00, y = 7.00
  Rect 6: x = 0.00, y = 5.00
  → saved figures to strip_figures/7_3_altered_hull.png and strip_figures/7_3_altered_hull.pdf
Set parameter TokenServer to value "mooring.ecn.purdue.edu"
Read LP format model from file /tmp/tmpdwfymv3s.pyomo.lp
Reading time = 0.00 seconds
x100: 281 rows, 100 columns, 687 nonzeros
Set parameter TimeLimit to value 1800
Set parameter Threads to value 1
Gurobi Optimizer version 11.0.0 build v11.0.0rc2 (linux64 - "Oracle Linux Server 9.6")

CPU model: AMD EPYC 7643 48-Core Processor, instruction set [SSE2|AVX|AVX2]
Thread count: 48 physical cores, 96 logical processors, using up to 1 threads

Optimize a model with 281 rows, 100 columns and 687 nonzeros
Model fingerprint: 0x0deccff0
Variable types: 16 continuous, 84 integer (84 binary)
Coefficient statistics:
  Matrix range     [1e+00, 1e+02]
  Objective range  [1e+00, 1e+00]
  Bounds range     [1e+00, 8e+01]
  RHS range        [1e+00, 8e+01]
Found heuristic solution: objective 61.0000000
Presolve removed 205 rows and 39 columns
Presolve time: 0.00s
Presolved: 76 rows, 61 columns, 230 nonzeros
Variable types: 13 continuous, 48 integer (48 binary)

Root relaxation: objective 3.500000e+01, 28 iterations, 0.00 seconds (0.00 work units)

    Nodes    |    Current Node    |     Objective Bounds      |     Work
 Expl Unexpl |  Obj  Depth IntInf | Incumbent    BestBd   Gap | It/Node Time

     0     0   35.00000    0    8   61.00000   35.00000  42.6%     -    0s
H    0     0                      59.0000000   35.00000  40.7%     -    0s
     0     0   35.00000    0   12   59.00000   35.00000  40.7%     -    0s
H    0     0                      55.0000000   35.00000  36.4%     -    0s
     0     0   35.00000    0   12   55.00000   35.00000  36.4%     -    0s
     0     0   35.00000    0    5   55.00000   35.00000  36.4%     -    0s
     0     0   35.00000    0    5   55.00000   35.00000  36.4%     -    0s
     0     0   35.00000    0    7   55.00000   35.00000  36.4%     -    0s
     0     0   35.00000    0   16   55.00000   35.00000  36.4%     -    0s
     0     0   38.36842    0    7   55.00000   38.36842  30.2%     -    0s
     0     0   38.36842    0   12   55.00000   38.36842  30.2%     -    0s
     0     0   38.36842    0   26   55.00000   38.36842  30.2%     -    0s
     0     0   38.36842    0   23   55.00000   38.36842  30.2%     -    0s
     0     0   38.36842    0    7   55.00000   38.36842  30.2%     -    0s
     0     0   38.36842    0    7   55.00000   38.36842  30.2%     -    0s
     0     2   43.00000    0    7   55.00000   43.00000  21.8%     -    0s
H   35    13                      54.0000000   43.00000  20.4%   5.4    0s

Cutting planes:
  Gomory: 1
  Cover: 105
  Implied bound: 60
  Clique: 3
  MIR: 49
  Inf proof: 44
  RLT: 11
  Relax-and-lift: 11
  BQP: 1
  PSD: 3

Explored 1207 nodes (8116 simplex iterations) in 0.22 seconds (0.13 work units)
Thread count was 1 (of 96 available processors)

Solution count 4: 54 55 59 61 

Optimal solution found (tolerance 1.00e-04)
Best objective 5.400000000000e+01, best bound 5.400000000000e+01, gap 0.0000%

Instance 7_3, formulation tres, reform bigm:
  Rect 0: x = 22.00, y = 5.00
  Rect 1: x = 43.00, y = 12.00
  Rect 2: x = 17.00, y = 11.00
  Rect 3: x = 0.00, y = 12.00
  Rect 4: x = 36.00, y = 5.00
  Rect 5: x = 28.00, y = 12.00
  Rect 6: x = 22.00, y = 10.00
  → saved figures to strip_figures/7_3_tres_bigm.png and strip_figures/7_3_tres_bigm.pdf
Set parameter TokenServer to value "mooring.ecn.purdue.edu"
Read LP format model from file /tmp/tmpg5ctt3f3.pyomo.lp
Reading time = 0.00 seconds
x436: 869 rows, 436 columns, 2271 nonzeros
Set parameter TimeLimit to value 1800
Set parameter Threads to value 1
Gurobi Optimizer version 11.0.0 build v11.0.0rc2 (linux64 - "Oracle Linux Server 9.6")

CPU model: AMD EPYC 7643 48-Core Processor, instruction set [SSE2|AVX|AVX2]
Thread count: 48 physical cores, 96 logical processors, using up to 1 threads

Optimize a model with 869 rows, 436 columns and 2271 nonzeros
Model fingerprint: 0x427d16f3
Variable types: 352 continuous, 84 integer (84 binary)
Coefficient statistics:
  Matrix range     [1e+00, 8e+01]
  Objective range  [1e+00, 1e+00]
  Bounds range     [1e+00, 8e+01]
  RHS range        [1e+00, 2e+01]
Presolve removed 407 rows and 190 columns
Presolve time: 0.00s
Presolved: 462 rows, 246 columns, 1226 nonzeros
Variable types: 198 continuous, 48 integer (48 binary)
Found heuristic solution: objective 85.0000000
Found heuristic solution: objective 74.0000000
Found heuristic solution: objective 66.0000000

Root relaxation: objective 3.500000e+01, 149 iterations, 0.00 seconds (0.00 work units)

    Nodes    |    Current Node    |     Objective Bounds      |     Work
 Expl Unexpl |  Obj  Depth IntInf | Incumbent    BestBd   Gap | It/Node Time

     0     0   35.00000    0    9   66.00000   35.00000  47.0%     -    0s
     0     0   35.00000    0   14   66.00000   35.00000  47.0%     -    0s
     0     0   35.00000    0   13   66.00000   35.00000  47.0%     -    0s
     0     0   35.00000    0   16   66.00000   35.00000  47.0%     -    0s
     0     0   35.00000    0   16   66.00000   35.00000  47.0%     -    0s
     0     0   35.00000    0    5   66.00000   35.00000  47.0%     -    0s
H    0     0                      57.0000000   35.00000  38.6%     -    0s
     0     0   35.00000    0    6   57.00000   35.00000  38.6%     -    0s
     0     0   35.00000    0    4   57.00000   35.00000  38.6%     -    0s
     0     0   35.00000    0   11   57.00000   35.00000  38.6%     -    0s
     0     0   35.00000    0   14   57.00000   35.00000  38.6%     -    0s
H    0     0                      55.0000000   35.00000  36.4%     -    0s
     0     0   35.00000    0   19   55.00000   35.00000  36.4%     -    0s
     0     0   35.00000    0   16   55.00000   35.00000  36.4%     -    0s
     0     0   35.00000    0   16   55.00000   35.00000  36.4%     -    0s
     0     2   35.00000    0   10   55.00000   35.00000  36.4%     -    0s
*   30    21              23      54.0000000   35.92593  33.5%  13.9    0s
*  206    79              11      54.0000000   40.00000  25.9%  12.2    0s

Cutting planes:
  Gomory: 3
  Cover: 54
  Implied bound: 104
  Clique: 1
  MIR: 33
  Flow cover: 64
  Inf proof: 9
  Network: 1
  RLT: 19
  Relax-and-lift: 14

Explored 1826 nodes (20929 simplex iterations) in 0.58 seconds (0.43 work units)
Thread count was 1 (of 96 available processors)

Solution count 7: 54 54 55 ... 85

Optimal solution found (tolerance 1.00e-04)
Best objective 5.399999999450e+01, best bound 5.399999999450e+01, gap 0.0000%

Instance 7_3, formulation tres, reform hull:
  Rect 0: x = 18.00, y = 12.00
  Rect 1: x = 6.00, y = 7.00
  Rect 2: x = 32.00, y = 11.00
  Rect 3: x = 37.00, y = 12.00
  Rect 4: x = 0.00, y = 12.00
  Rect 5: x = 17.00, y = 7.00
  Rect 6: x = 0.00, y = 5.00
  → saved figures to strip_figures/7_3_tres_hull.png and strip_figures/7_3_tres_hull.pdf
Set parameter TokenServer to value "mooring.ecn.purdue.edu"
Read LP format model from file /tmp/tmpihbrdfdx.pyomo.lp
Reading time = 0.00 seconds
x100: 113 rows, 100 columns, 585 nonzeros
Set parameter TimeLimit to value 1800
Set parameter Threads to value 1
Gurobi Optimizer version 11.0.0 build v11.0.0rc2 (linux64 - "Oracle Linux Server 9.6")

CPU model: AMD EPYC 7643 48-Core Processor, instruction set [SSE2|AVX|AVX2]
Thread count: 48 physical cores, 96 logical processors, using up to 1 threads

Optimize a model with 113 rows, 100 columns and 585 nonzeros
Model fingerprint: 0xc23efae3
Variable types: 16 continuous, 84 integer (84 binary)
Coefficient statistics:
  Matrix range     [1e+00, 8e+01]
  Objective range  [1e+00, 1e+00]
  Bounds range     [1e+00, 8e+01]
  RHS range        [1e+00, 2e+01]
Found heuristic solution: objective 72.0000000
Presolve removed 37 rows and 39 columns
Presolve time: 0.00s
Presolved: 76 rows, 61 columns, 290 nonzeros
Variable types: 13 continuous, 48 integer (48 binary)

Root relaxation: objective 3.500000e+01, 32 iterations, 0.00 seconds (0.00 work units)

    Nodes    |    Current Node    |     Objective Bounds      |     Work
 Expl Unexpl |  Obj  Depth IntInf | Incumbent    BestBd   Gap | It/Node Time

     0     0   35.00000    0    6   72.00000   35.00000  51.4%     -    0s
H    0     0                      64.0000000   35.00000  45.3%     -    0s
H    0     0                      59.0000000   35.00000  40.7%     -    0s
     0     0   35.00000    0    7   59.00000   35.00000  40.7%     -    0s
H    0     0                      57.0000000   35.00000  38.6%     -    0s
H    0     0                      55.0000000   35.00000  36.4%     -    0s
     0     0   35.00000    0    7   55.00000   35.00000  36.4%     -    0s
     0     0   35.00000    0    6   55.00000   35.00000  36.4%     -    0s
H    0     0                      54.0000000   35.00000  35.2%     -    0s
     0     0   35.00000    0    8   54.00000   35.00000  35.2%     -    0s
     0     0   35.00000    0    8   54.00000   35.00000  35.2%     -    0s
     0     0   35.00000    0    8   54.00000   35.00000  35.2%     -    0s
     0     0   35.00000    0   12   54.00000   35.00000  35.2%     -    0s
     0     0   35.00000    0    9   54.00000   35.00000  35.2%     -    0s
     0     2   36.04918    0    9   54.00000   36.04918  33.2%     -    0s
*  386    81               9      54.0000000   46.00000  14.8%   4.9    0s

Cutting planes:
  Gomory: 7
  Cover: 45
  Implied bound: 54
  Clique: 1
  MIR: 27
  Inf proof: 30
  RLT: 5
  Relax-and-lift: 5

Explored 1260 nodes (6271 simplex iterations) in 0.22 seconds (0.10 work units)
Thread count was 1 (of 96 available processors)

Solution count 7: 54 54 55 ... 72

Optimal solution found (tolerance 1.00e-04)
Best objective 5.399999999450e+01, best bound 5.399999999450e+01, gap 0.0000%

Instance 7_3, formulation reagg, reform MIP:
  Rect 0: x = 15.00, y = 12.00
  Rect 1: x = 21.00, y = 7.00
  Rect 2: x = 32.00, y = 11.00
  Rect 3: x = 37.00, y = 12.00
  Rect 4: x = 3.00, y = 2.00
  Rect 5: x = 0.00, y = 12.00
  Rect 6: x = 15.00, y = 7.00
  → saved figures to strip_figures/7_3_reagg_MIP.png and strip_figures/7_3_reagg_MIP.pdf
Set parameter TokenServer to value "mooring.ecn.purdue.edu"
Read LP format model from file /tmp/tmpiy226xq8.pyomo.lp
Reading time = 0.00 seconds
x100: 113 rows, 100 columns, 585 nonzeros
Set parameter TimeLimit to value 1800
Set parameter Threads to value 1
Gurobi Optimizer version 11.0.0 build v11.0.0rc2 (linux64 - "Oracle Linux Server 9.6")

CPU model: AMD EPYC 7643 48-Core Processor, instruction set [SSE2|AVX|AVX2]
Thread count: 48 physical cores, 96 logical processors, using up to 1 threads

Optimize a model with 113 rows, 100 columns and 585 nonzeros
Model fingerprint: 0x2249587f
Variable types: 16 continuous, 84 integer (84 binary)
Coefficient statistics:
  Matrix range     [1e+00, 8e+01]
  Objective range  [1e+00, 1e+00]
  Bounds range     [1e+00, 8e+01]
  RHS range        [1e+00, 2e+01]
Found heuristic solution: objective 85.0000000
Presolve removed 37 rows and 39 columns
Presolve time: 0.00s
Presolved: 76 rows, 61 columns, 281 nonzeros
Variable types: 13 continuous, 48 integer (48 binary)

Root relaxation: objective 3.500000e+01, 29 iterations, 0.00 seconds (0.00 work units)

    Nodes    |    Current Node    |     Objective Bounds      |     Work
 Expl Unexpl |  Obj  Depth IntInf | Incumbent    BestBd   Gap | It/Node Time

     0     0   35.00000    0    7   85.00000   35.00000  58.8%     -    0s
H    0     0                      59.0000000   35.00000  40.7%     -    0s
H    0     0                      59.0000000   35.00000  40.7%     -    0s
     0     0   35.00000    0   16   59.00000   35.00000  40.7%     -    0s
H    0     0                      57.0000000   35.00000  38.6%     -    0s
     0     0   35.00000    0    6   57.00000   35.00000  38.6%     -    0s
H    0     0                      56.0000000   35.00000  37.5%     -    0s
     0     0   35.00000    0    9   56.00000   35.00000  37.5%     -    0s
     0     0   35.00000    0    7   56.00000   35.00000  37.5%     -    0s
H    0     0                      55.0000000   35.00000  36.4%     -    0s
     0     0   35.00000    0   13   55.00000   35.00000  36.4%     -    0s
     0     0   35.00000    0   10   55.00000   35.00000  36.4%     -    0s
     0     0   35.00000    0    8   55.00000   35.00000  36.4%     -    0s
     0     2   35.00000    0    8   55.00000   35.00000  36.4%     -    0s
H    6     4                      54.0000000   36.24444  32.9%   8.0    0s
*  550    73              13      54.0000000   48.00000  11.1%   4.6    0s

Cutting planes:
  Gomory: 1
  Cover: 44
  Implied bound: 53
  MIR: 32
  GUB cover: 3
  Inf proof: 18
  RLT: 10

Explored 1029 nodes (5190 simplex iterations) in 0.14 seconds (0.07 work units)
Thread count was 1 (of 96 available processors)

Solution count 7: 54 54 55 ... 85

Optimal solution found (tolerance 1.00e-04)
Best objective 5.399999999450e+01, best bound 5.399999999450e+01, gap 0.0000%

Instance 7_3, formulation reagg_tres, reform MIP:
  Rect 0: x = 19.00, y = 12.00
  Rect 1: x = 21.00, y = 7.00
  Rect 2: x = 32.00, y = 11.00
  Rect 3: x = 37.00, y = 12.00
  Rect 4: x = 3.00, y = 2.00
  Rect 5: x = 0.00, y = 8.00
  Rect 6: x = 15.00, y = 7.00
  → saved figures to strip_figures/7_3_reagg_tres_MIP.png and strip_figures/7_3_reagg_tres_MIP.pdf
Set parameter TokenServer to value "mooring.ecn.purdue.edu"
Read LP format model from file /tmp/tmp0wo6tk9c.pyomo.lp
Reading time = 0.00 seconds
x100: 281 rows, 100 columns, 687 nonzeros
Set parameter TimeLimit to value 1800
Set parameter Threads to value 1
Gurobi Optimizer version 11.0.0 build v11.0.0rc2 (linux64 - "Oracle Linux Server 9.6")

CPU model: AMD EPYC 7643 48-Core Processor, instruction set [SSE2|AVX|AVX2]
Thread count: 48 physical cores, 96 logical processors, using up to 1 threads

Optimize a model with 281 rows, 100 columns and 687 nonzeros
Model fingerprint: 0xe14cecb5
Variable types: 16 continuous, 84 integer (84 binary)
Coefficient statistics:
  Matrix range     [1e+00, 7e+01]
  Objective range  [1e+00, 1e+00]
  Bounds range     [1e+00, 5e+01]
  RHS range        [1e+00, 5e+01]
Found heuristic solution: objective 26.0000000
Presolve removed 184 rows and 16 columns
Presolve time: 0.00s
Presolved: 97 rows, 84 columns, 300 nonzeros
Variable types: 15 continuous, 69 integer (69 binary)

Root relaxation: objective 1.600000e+01, 37 iterations, 0.00 seconds (0.00 work units)

    Nodes    |    Current Node    |     Objective Bounds      |     Work
 Expl Unexpl |  Obj  Depth IntInf | Incumbent    BestBd   Gap | It/Node Time

H    0     0                      16.0000000   16.00000  0.00%     -    0s
     0     0   16.00000    0   24   16.00000   16.00000  0.00%     -    0s

Explored 1 nodes (37 simplex iterations) in 0.00 seconds (0.00 work units)
Thread count was 1 (of 96 available processors)

Solution count 2: 16 26 

Optimal solution found (tolerance 1.00e-04)
Best objective 1.600000000000e+01, best bound 1.600000000000e+01, gap 0.0000%

Instance 7_4, formulation altered, reform bigm:
  Rect 0: x = 0.00, y = 1.00
  Rect 1: x = 3.00, y = 14.00
  Rect 2: x = 4.00, y = 8.00
  Rect 3: x = 3.00, y = 7.00
  Rect 4: x = 0.00, y = 14.00
  Rect 5: x = 8.00, y = 12.00
  Rect 6: x = 4.00, y = 14.00
  → saved figures to strip_figures/7_4_altered_bigm.png and strip_figures/7_4_altered_bigm.pdf
Set parameter TokenServer to value "mooring.ecn.purdue.edu"
Read LP format model from file /tmp/tmpercjz3n3.pyomo.lp
Reading time = 0.00 seconds
x436: 869 rows, 436 columns, 2283 nonzeros
Set parameter TimeLimit to value 1800
Set parameter Threads to value 1
Gurobi Optimizer version 11.0.0 build v11.0.0rc2 (linux64 - "Oracle Linux Server 9.6")

CPU model: AMD EPYC 7643 48-Core Processor, instruction set [SSE2|AVX|AVX2]
Thread count: 48 physical cores, 96 logical processors, using up to 1 threads

Optimize a model with 869 rows, 436 columns and 2283 nonzeros
Model fingerprint: 0x7308bb03
Variable types: 352 continuous, 84 integer (84 binary)
Coefficient statistics:
  Matrix range     [1e+00, 5e+01]
  Objective range  [1e+00, 1e+00]
  Bounds range     [1e+00, 5e+01]
  RHS range        [1e+00, 1e+01]
Presolve removed 203 rows and 61 columns
Presolve time: 0.00s
Presolved: 666 rows, 375 columns, 1750 nonzeros
Variable types: 303 continuous, 72 integer (72 binary)
Found heuristic solution: objective 54.0000000
Found heuristic solution: objective 25.0000000

Root relaxation: objective 1.600000e+01, 146 iterations, 0.00 seconds (0.00 work units)

    Nodes    |    Current Node    |     Objective Bounds      |     Work
 Expl Unexpl |  Obj  Depth IntInf | Incumbent    BestBd   Gap | It/Node Time

     0     0   16.00000    0    4   25.00000   16.00000  36.0%     -    0s
H    0     0                      21.0000000   16.00000  23.8%     -    0s
H    0     0                      17.0000000   16.00000  5.88%     -    0s
     0     0   16.00000    0    5   17.00000   16.00000  5.88%     -    0s
H    0     0                      16.0000000   16.00000  0.00%     -    0s
     0     0   16.00000    0    4   16.00000   16.00000  0.00%     -    0s

Cutting planes:
  Gomory: 2
  Cover: 5
  Implied bound: 19
  Clique: 1
  MIR: 11
  Flow cover: 23
  Network: 1
  RLT: 3
  Relax-and-lift: 4
  PSD: 1

Explored 1 nodes (532 simplex iterations) in 0.03 seconds (0.02 work units)
Thread count was 1 (of 96 available processors)

Solution count 5: 16 17 21 ... 54

Optimal solution found (tolerance 1.00e-04)
Best objective 1.600000000000e+01, best bound 1.600000000000e+01, gap 0.0000%

Instance 7_4, formulation altered, reform hull:
  Rect 0: x = 0.00, y = 14.00
  Rect 1: x = 15.00, y = 7.00
  Rect 2: x = 3.00, y = 7.00
  Rect 3: x = 3.00, y = 13.00
  Rect 4: x = 0.00, y = 13.00
  Rect 5: x = 7.00, y = 6.00
  Rect 6: x = 3.00, y = 6.00
  → saved figures to strip_figures/7_4_altered_hull.png and strip_figures/7_4_altered_hull.pdf
Set parameter TokenServer to value "mooring.ecn.purdue.edu"
Read LP format model from file /tmp/tmp1ujf6ecm.pyomo.lp
Reading time = 0.00 seconds
x100: 281 rows, 100 columns, 687 nonzeros
Set parameter TimeLimit to value 1800
Set parameter Threads to value 1
Gurobi Optimizer version 11.0.0 build v11.0.0rc2 (linux64 - "Oracle Linux Server 9.6")

CPU model: AMD EPYC 7643 48-Core Processor, instruction set [SSE2|AVX|AVX2]
Thread count: 48 physical cores, 96 logical processors, using up to 1 threads

Optimize a model with 281 rows, 100 columns and 687 nonzeros
Model fingerprint: 0xe14cecb5
Variable types: 16 continuous, 84 integer (84 binary)
Coefficient statistics:
  Matrix range     [1e+00, 7e+01]
  Objective range  [1e+00, 1e+00]
  Bounds range     [1e+00, 5e+01]
  RHS range        [1e+00, 5e+01]
Found heuristic solution: objective 26.0000000
Presolve removed 184 rows and 16 columns
Presolve time: 0.00s
Presolved: 97 rows, 84 columns, 300 nonzeros
Variable types: 15 continuous, 69 integer (69 binary)

Root relaxation: objective 1.600000e+01, 37 iterations, 0.00 seconds (0.00 work units)

    Nodes    |    Current Node    |     Objective Bounds      |     Work
 Expl Unexpl |  Obj  Depth IntInf | Incumbent    BestBd   Gap | It/Node Time

H    0     0                      16.0000000   16.00000  0.00%     -    0s
     0     0   16.00000    0   24   16.00000   16.00000  0.00%     -    0s

Explored 1 nodes (37 simplex iterations) in 0.00 seconds (0.00 work units)
Thread count was 1 (of 96 available processors)

Solution count 2: 16 26 

Optimal solution found (tolerance 1.00e-04)
Best objective 1.600000000000e+01, best bound 1.600000000000e+01, gap 0.0000%

Instance 7_4, formulation tres, reform bigm:
  Rect 0: x = 0.00, y = 1.00
  Rect 1: x = 3.00, y = 14.00
  Rect 2: x = 4.00, y = 8.00
  Rect 3: x = 3.00, y = 7.00
  Rect 4: x = 0.00, y = 14.00
  Rect 5: x = 8.00, y = 12.00
  Rect 6: x = 4.00, y = 14.00
  → saved figures to strip_figures/7_4_tres_bigm.png and strip_figures/7_4_tres_bigm.pdf
Set parameter TokenServer to value "mooring.ecn.purdue.edu"
Read LP format model from file /tmp/tmpmarxo4y4.pyomo.lp
Reading time = 0.00 seconds
x436: 869 rows, 436 columns, 2283 nonzeros
Set parameter TimeLimit to value 1800
Set parameter Threads to value 1
Gurobi Optimizer version 11.0.0 build v11.0.0rc2 (linux64 - "Oracle Linux Server 9.6")

CPU model: AMD EPYC 7643 48-Core Processor, instruction set [SSE2|AVX|AVX2]
Thread count: 48 physical cores, 96 logical processors, using up to 1 threads

Optimize a model with 869 rows, 436 columns and 2283 nonzeros
Model fingerprint: 0x7308bb03
Variable types: 352 continuous, 84 integer (84 binary)
Coefficient statistics:
  Matrix range     [1e+00, 5e+01]
  Objective range  [1e+00, 1e+00]
  Bounds range     [1e+00, 5e+01]
  RHS range        [1e+00, 1e+01]
Presolve removed 203 rows and 61 columns
Presolve time: 0.00s
Presolved: 666 rows, 375 columns, 1750 nonzeros
Variable types: 303 continuous, 72 integer (72 binary)
Found heuristic solution: objective 54.0000000
Found heuristic solution: objective 25.0000000

Root relaxation: objective 1.600000e+01, 146 iterations, 0.00 seconds (0.00 work units)

    Nodes    |    Current Node    |     Objective Bounds      |     Work
 Expl Unexpl |  Obj  Depth IntInf | Incumbent    BestBd   Gap | It/Node Time

     0     0   16.00000    0    4   25.00000   16.00000  36.0%     -    0s
H    0     0                      21.0000000   16.00000  23.8%     -    0s
H    0     0                      17.0000000   16.00000  5.88%     -    0s
     0     0   16.00000    0    5   17.00000   16.00000  5.88%     -    0s
H    0     0                      16.0000000   16.00000  0.00%     -    0s
     0     0   16.00000    0    4   16.00000   16.00000  0.00%     -    0s

Cutting planes:
  Gomory: 2
  Cover: 5
  Implied bound: 19
  Clique: 1
  MIR: 11
  Flow cover: 23
  Network: 1
  RLT: 3
  Relax-and-lift: 4
  PSD: 1

Explored 1 nodes (532 simplex iterations) in 0.03 seconds (0.02 work units)
Thread count was 1 (of 96 available processors)

Solution count 5: 16 17 21 ... 54

Optimal solution found (tolerance 1.00e-04)
Best objective 1.600000000000e+01, best bound 1.600000000000e+01, gap 0.0000%

Instance 7_4, formulation tres, reform hull:
  Rect 0: x = 0.00, y = 14.00
  Rect 1: x = 15.00, y = 7.00
  Rect 2: x = 3.00, y = 7.00
  Rect 3: x = 3.00, y = 13.00
  Rect 4: x = 0.00, y = 13.00
  Rect 5: x = 7.00, y = 6.00
  Rect 6: x = 3.00, y = 6.00
  → saved figures to strip_figures/7_4_tres_hull.png and strip_figures/7_4_tres_hull.pdf
Set parameter TokenServer to value "mooring.ecn.purdue.edu"
Read LP format model from file /tmp/tmp5pekde0l.pyomo.lp
Reading time = 0.00 seconds
x100: 113 rows, 100 columns, 603 nonzeros
Set parameter TimeLimit to value 1800
Set parameter Threads to value 1
Gurobi Optimizer version 11.0.0 build v11.0.0rc2 (linux64 - "Oracle Linux Server 9.6")

CPU model: AMD EPYC 7643 48-Core Processor, instruction set [SSE2|AVX|AVX2]
Thread count: 48 physical cores, 96 logical processors, using up to 1 threads

Optimize a model with 113 rows, 100 columns and 603 nonzeros
Model fingerprint: 0x6ffe0300
Variable types: 16 continuous, 84 integer (84 binary)
Coefficient statistics:
  Matrix range     [1e+00, 5e+01]
  Objective range  [1e+00, 1e+00]
  Bounds range     [1e+00, 5e+01]
  RHS range        [1e+00, 1e+01]
Found heuristic solution: objective 28.0000000
Presolve removed 13 rows and 13 columns
Presolve time: 0.00s
Presolved: 100 rows, 87 columns, 432 nonzeros
Variable types: 15 continuous, 72 integer (72 binary)

Root relaxation: objective 1.600000e+01, 40 iterations, 0.00 seconds (0.00 work units)

    Nodes    |    Current Node    |     Objective Bounds      |     Work
 Expl Unexpl |  Obj  Depth IntInf | Incumbent    BestBd   Gap | It/Node Time

H    0     0                      16.0000000   16.00000  0.00%     -    0s
     0     0   16.00000    0   39   16.00000   16.00000  0.00%     -    0s

Explored 1 nodes (40 simplex iterations) in 0.00 seconds (0.00 work units)
Thread count was 1 (of 96 available processors)

Solution count 2: 16 28 

Optimal solution found (tolerance 1.00e-04)
Best objective 1.600000000000e+01, best bound 1.600000000000e+01, gap 0.0000%

Instance 7_4, formulation reagg, reform MIP:
  Rect 0: x = 2.00, y = 1.00
  Rect 1: x = 15.00, y = 14.00
  Rect 2: x = 3.00, y = 8.00
  Rect 3: x = 3.00, y = 7.00
  Rect 4: x = 0.00, y = 14.00
  Rect 5: x = 7.00, y = 12.00
  Rect 6: x = 3.00, y = 14.00
  → saved figures to strip_figures/7_4_reagg_MIP.png and strip_figures/7_4_reagg_MIP.pdf
Set parameter TokenServer to value "mooring.ecn.purdue.edu"
Read LP format model from file /tmp/tmphj_utqqd.pyomo.lp
Reading time = 0.00 seconds
x100: 113 rows, 100 columns, 603 nonzeros
Set parameter TimeLimit to value 1800
Set parameter Threads to value 1
Gurobi Optimizer version 11.0.0 build v11.0.0rc2 (linux64 - "Oracle Linux Server 9.6")

CPU model: AMD EPYC 7643 48-Core Processor, instruction set [SSE2|AVX|AVX2]
Thread count: 48 physical cores, 96 logical processors, using up to 1 threads

Optimize a model with 113 rows, 100 columns and 603 nonzeros
Model fingerprint: 0x5d568f5b
Variable types: 16 continuous, 84 integer (84 binary)
Coefficient statistics:
  Matrix range     [1e+00, 5e+01]
  Objective range  [1e+00, 1e+00]
  Bounds range     [1e+00, 5e+01]
  RHS range        [1e+00, 1e+01]
Found heuristic solution: objective 25.0000000
Presolve removed 14 rows and 16 columns
Presolve time: 0.00s
Presolved: 99 rows, 84 columns, 402 nonzeros
Variable types: 15 continuous, 69 integer (69 binary)

Root relaxation: objective 1.600000e+01, 39 iterations, 0.00 seconds (0.00 work units)

    Nodes    |    Current Node    |     Objective Bounds      |     Work
 Expl Unexpl |  Obj  Depth IntInf | Incumbent    BestBd   Gap | It/Node Time

H    0     0                      16.0000000   16.00000  0.00%     -    0s
     0     0   16.00000    0   30   16.00000   16.00000  0.00%     -    0s

Explored 1 nodes (39 simplex iterations) in 0.00 seconds (0.00 work units)
Thread count was 1 (of 96 available processors)

Solution count 2: 16 25 

Optimal solution found (tolerance 1.00e-04)
Best objective 1.600000000000e+01, best bound 1.600000000000e+01, gap 0.0000%

Instance 7_4, formulation reagg_tres, reform MIP:
  Rect 0: x = 0.00, y = 14.00
  Rect 1: x = 3.00, y = 7.00
  Rect 2: x = 4.00, y = 7.00
  Rect 3: x = 3.00, y = 13.00
  Rect 4: x = 0.00, y = 13.00
  Rect 5: x = 4.00, y = 5.00
  Rect 6: x = 12.00, y = 6.00
  → saved figures to strip_figures/7_4_reagg_tres_MIP.png and strip_figures/7_4_reagg_tres_MIP.pdf
Set parameter TokenServer to value "mooring.ecn.purdue.edu"
Read LP format model from file /tmp/tmpgw5zacm1.pyomo.lp
Reading time = 0.00 seconds
x100: 281 rows, 100 columns, 687 nonzeros
Set parameter TimeLimit to value 1800
Set parameter Threads to value 1
Gurobi Optimizer version 11.0.0 build v11.0.0rc2 (linux64 - "Oracle Linux Server 9.6")

CPU model: AMD EPYC 7643 48-Core Processor, instruction set [SSE2|AVX|AVX2]
Thread count: 48 physical cores, 96 logical processors, using up to 1 threads

Optimize a model with 281 rows, 100 columns and 687 nonzeros
Model fingerprint: 0xa3155082
Variable types: 16 continuous, 84 integer (84 binary)
Coefficient statistics:
  Matrix range     [1e+00, 9e+01]
  Objective range  [1e+00, 1e+00]
  Bounds range     [1e+00, 7e+01]
  RHS range        [1e+00, 7e+01]
Found heuristic solution: objective 59.0000000
Presolve removed 217 rows and 53 columns
Presolve time: 0.00s
Presolved: 64 rows, 47 columns, 186 nonzeros
Variable types: 11 continuous, 36 integer (36 binary)

Root relaxation: objective 3.000000e+01, 25 iterations, 0.00 seconds (0.00 work units)

    Nodes    |    Current Node    |     Objective Bounds      |     Work
 Expl Unexpl |  Obj  Depth IntInf | Incumbent    BestBd   Gap | It/Node Time

     0     0   30.00000    0    6   59.00000   30.00000  49.2%     -    0s
     0     0   30.00000    0    6   59.00000   30.00000  49.2%     -    0s
     0     0   30.00000    0    6   59.00000   30.00000  49.2%     -    0s
     0     0   37.23729    0    9   59.00000   37.23729  36.9%     -    0s
     0     0   41.03390    0    9   59.00000   41.03390  30.5%     -    0s
     0     0   41.03390    0   10   59.00000   41.03390  30.5%     -    0s
     0     0   41.03390    0   10   59.00000   41.03390  30.5%     -    0s
     0     0   41.03390    0   10   59.00000   41.03390  30.5%     -    0s
     0     0   41.03390    0   11   59.00000   41.03390  30.5%     -    0s
     0     0   41.03390    0   10   59.00000   41.03390  30.5%     -    0s
     0     0   41.03390    0   10   59.00000   41.03390  30.5%     -    0s
     0     0   41.03390    0   10   59.00000   41.03390  30.5%     -    0s
     0     0   41.03390    0   10   59.00000   41.03390  30.5%     -    0s
     0     0   41.03390    0   11   59.00000   41.03390  30.5%     -    0s
     0     0   41.03390    0   11   59.00000   41.03390  30.5%     -    0s
     0     0   41.03390    0   11   59.00000   41.03390  30.5%     -    0s
     0     0   41.03390    0   11   59.00000   41.03390  30.5%     -    0s
     0     0   41.03390    0   13   59.00000   41.03390  30.5%     -    0s
     0     0   41.03390    0   13   59.00000   41.03390  30.5%     -    0s
     0     0   41.03390    0   14   59.00000   41.03390  30.5%     -    0s
     0     0   41.03390    0   14   59.00000   41.03390  30.5%     -    0s
     0     0   41.03390    0   14   59.00000   41.03390  30.5%     -    0s
     0     0   41.03390    0   14   59.00000   41.03390  30.5%     -    0s
     0     0   41.03390    0   11   59.00000   41.03390  30.5%     -    0s
     0     0   41.03390    0   14   59.00000   41.03390  30.5%     -    0s
     0     0   41.03390    0   14   59.00000   41.03390  30.5%     -    0s
     0     0   41.03390    0   14   59.00000   41.03390  30.5%     -    0s
     0     0   41.03390    0   13   59.00000   41.03390  30.5%     -    0s
     0     0   41.03390    0   10   59.00000   41.03390  30.5%     -    0s
     0     0   41.03390    0   10   59.00000   41.03390  30.5%     -    0s
     0     0   41.03390    0   10   59.00000   41.03390  30.5%     -    0s
     0     0   41.03390    0    9   59.00000   41.03390  30.5%     -    0s
     0     0   41.03390    0   10   59.00000   41.03390  30.5%     -    0s
     0     0   41.03390    0   10   59.00000   41.03390  30.5%     -    0s
     0     0   41.03390    0   10   59.00000   41.03390  30.5%     -    0s
     0     0   41.03390    0   10   59.00000   41.03390  30.5%     -    0s
     0     0   41.03390    0   10   59.00000   41.03390  30.5%     -    0s
     0     0   41.03390    0   10   59.00000   41.03390  30.5%     -    0s
     0     0   41.03390    0   10   59.00000   41.03390  30.5%     -    0s
     0     0   41.03390    0   10   59.00000   41.03390  30.5%     -    0s
     0     0   41.03390    0   10   59.00000   41.03390  30.5%     -    0s
     0     0   41.03390    0   11   59.00000   41.03390  30.5%     -    0s
     0     0   41.03390    0   11   59.00000   41.03390  30.5%     -    0s
     0     0   41.03390    0   11   59.00000   41.03390  30.5%     -    0s
     0     0   41.03390    0   10   59.00000   41.03390  30.5%     -    0s
     0     0   41.03390    0   11   59.00000   41.03390  30.5%     -    0s
     0     0   41.03390    0   11   59.00000   41.03390  30.5%     -    0s
     0     0   41.03390    0   11   59.00000   41.03390  30.5%     -    0s
     0     2   41.03390    0   11   59.00000   41.03390  30.5%     -    0s

Cutting planes:
  Gomory: 2
  Implied bound: 4
  MIR: 18

Explored 98 nodes (1050 simplex iterations) in 0.04 seconds (0.02 work units)
Thread count was 1 (of 96 available processors)

Solution count 2: 59 59 

Optimal solution found (tolerance 1.00e-04)
Best objective 5.900000000000e+01, best bound 5.900000000000e+01, gap 0.0000%

Instance 7_5, formulation altered, reform bigm:
  Rect 0: x = 19.00, y = 15.00
  Rect 1: x = 0.00, y = 14.00
  Rect 2: x = 33.00, y = 12.00
  Rect 3: x = 19.00, y = 10.00
  Rect 4: x = 43.00, y = 15.00
  Rect 5: x = 19.00, y = 3.00
  Rect 6: x = 8.00, y = 15.00
  → saved figures to strip_figures/7_5_altered_bigm.png and strip_figures/7_5_altered_bigm.pdf
Set parameter TokenServer to value "mooring.ecn.purdue.edu"
Read LP format model from file /tmp/tmp7pqohvn3.pyomo.lp
Reading time = 0.00 seconds
x436: 869 rows, 436 columns, 2271 nonzeros
Set parameter TimeLimit to value 1800
Set parameter Threads to value 1
Gurobi Optimizer version 11.0.0 build v11.0.0rc2 (linux64 - "Oracle Linux Server 9.6")

CPU model: AMD EPYC 7643 48-Core Processor, instruction set [SSE2|AVX|AVX2]
Thread count: 48 physical cores, 96 logical processors, using up to 1 threads

Optimize a model with 869 rows, 436 columns and 2271 nonzeros
Model fingerprint: 0x7abc9445
Variable types: 352 continuous, 84 integer (84 binary)
Coefficient statistics:
  Matrix range     [1e+00, 7e+01]
  Objective range  [1e+00, 1e+00]
  Bounds range     [1e+00, 7e+01]
  RHS range        [1e+00, 2e+01]
Presolve removed 467 rows and 242 columns
Presolve time: 0.00s
Presolved: 402 rows, 194 columns, 1066 nonzeros
Variable types: 158 continuous, 36 integer (36 binary)
Found heuristic solution: objective 74.0000000
Found heuristic solution: objective 66.0000000

Root relaxation: objective 3.000000e+01, 117 iterations, 0.00 seconds (0.00 work units)

    Nodes    |    Current Node    |     Objective Bounds      |     Work
 Expl Unexpl |  Obj  Depth IntInf | Incumbent    BestBd   Gap | It/Node Time

     0     0   30.00000    0   10   66.00000   30.00000  54.5%     -    0s
H    0     0                      59.0000000   30.00000  49.2%     -    0s
     0     0   30.00000    0   14   59.00000   30.00000  49.2%     -    0s
     0     0   30.00000    0   13   59.00000   30.00000  49.2%     -    0s
     0     0   30.00000    0    7   59.00000   30.00000  49.2%     -    0s
     0     0   30.00000    0    8   59.00000   30.00000  49.2%     -    0s
     0     0   30.00000    0   12   59.00000   30.00000  49.2%     -    0s
     0     0   30.00000    0   14   59.00000   30.00000  49.2%     -    0s
     0     0   30.00000    0   12   59.00000   30.00000  49.2%     -    0s
     0     0   30.00000    0   19   59.00000   30.00000  49.2%     -    0s
     0     0   30.00000    0    9   59.00000   30.00000  49.2%     -    0s
     0     0   30.00000    0    9   59.00000   30.00000  49.2%     -    0s
     0     2   30.00000    0    9   59.00000   30.00000  49.2%     -    0s
*  120    32               8      59.0000000   41.00000  30.5%   8.8    0s

Cutting planes:
  Cover: 1
  Implied bound: 3
  Clique: 1
  MIR: 19
  Flow cover: 44
  RLT: 29
  Relax-and-lift: 5

Explored 280 nodes (3389 simplex iterations) in 0.11 seconds (0.08 work units)
Thread count was 1 (of 96 available processors)

Solution count 4: 59 59 66 74 

Optimal solution found (tolerance 1.00e-04)
Best objective 5.899999999400e+01, best bound 5.899999999400e+01, gap 0.0000%

Instance 7_5, formulation altered, reform hull:
  Rect 0: x = 34.00, y = 8.00
  Rect 1: x = 26.00, y = 14.00
  Rect 2: x = 16.00, y = 15.00
  Rect 3: x = 34.00, y = 15.00
  Rect 4: x = 0.00, y = 15.00
  Rect 5: x = 34.00, y = 3.00
  Rect 6: x = 48.00, y = 15.00
  → saved figures to strip_figures/7_5_altered_hull.png and strip_figures/7_5_altered_hull.pdf
Set parameter TokenServer to value "mooring.ecn.purdue.edu"
Read LP format model from file /tmp/tmpolmhm8ah.pyomo.lp
Reading time = 0.00 seconds
x100: 281 rows, 100 columns, 687 nonzeros
Set parameter TimeLimit to value 1800
Set parameter Threads to value 1
Gurobi Optimizer version 11.0.0 build v11.0.0rc2 (linux64 - "Oracle Linux Server 9.6")

CPU model: AMD EPYC 7643 48-Core Processor, instruction set [SSE2|AVX|AVX2]
Thread count: 48 physical cores, 96 logical processors, using up to 1 threads

Optimize a model with 281 rows, 100 columns and 687 nonzeros
Model fingerprint: 0xa3155082
Variable types: 16 continuous, 84 integer (84 binary)
Coefficient statistics:
  Matrix range     [1e+00, 9e+01]
  Objective range  [1e+00, 1e+00]
  Bounds range     [1e+00, 7e+01]
  RHS range        [1e+00, 7e+01]
Found heuristic solution: objective 59.0000000
Presolve removed 217 rows and 53 columns
Presolve time: 0.00s
Presolved: 64 rows, 47 columns, 186 nonzeros
Variable types: 11 continuous, 36 integer (36 binary)

Root relaxation: objective 3.000000e+01, 25 iterations, 0.00 seconds (0.00 work units)

    Nodes    |    Current Node    |     Objective Bounds      |     Work
 Expl Unexpl |  Obj  Depth IntInf | Incumbent    BestBd   Gap | It/Node Time

     0     0   30.00000    0    6   59.00000   30.00000  49.2%     -    0s
     0     0   30.00000    0    6   59.00000   30.00000  49.2%     -    0s
     0     0   30.00000    0    6   59.00000   30.00000  49.2%     -    0s
     0     0   37.23729    0    9   59.00000   37.23729  36.9%     -    0s
     0     0   41.03390    0    9   59.00000   41.03390  30.5%     -    0s
     0     0   41.03390    0   10   59.00000   41.03390  30.5%     -    0s
     0     0   41.03390    0   10   59.00000   41.03390  30.5%     -    0s
     0     0   41.03390    0   10   59.00000   41.03390  30.5%     -    0s
     0     0   41.03390    0   11   59.00000   41.03390  30.5%     -    0s
     0     0   41.03390    0   10   59.00000   41.03390  30.5%     -    0s
     0     0   41.03390    0   10   59.00000   41.03390  30.5%     -    0s
     0     0   41.03390    0   10   59.00000   41.03390  30.5%     -    0s
     0     0   41.03390    0   10   59.00000   41.03390  30.5%     -    0s
     0     0   41.03390    0   11   59.00000   41.03390  30.5%     -    0s
     0     0   41.03390    0   11   59.00000   41.03390  30.5%     -    0s
     0     0   41.03390    0   11   59.00000   41.03390  30.5%     -    0s
     0     0   41.03390    0   11   59.00000   41.03390  30.5%     -    0s
     0     0   41.03390    0   13   59.00000   41.03390  30.5%     -    0s
     0     0   41.03390    0   13   59.00000   41.03390  30.5%     -    0s
     0     0   41.03390    0   14   59.00000   41.03390  30.5%     -    0s
     0     0   41.03390    0   14   59.00000   41.03390  30.5%     -    0s
     0     0   41.03390    0   14   59.00000   41.03390  30.5%     -    0s
     0     0   41.03390    0   14   59.00000   41.03390  30.5%     -    0s
     0     0   41.03390    0   11   59.00000   41.03390  30.5%     -    0s
     0     0   41.03390    0   14   59.00000   41.03390  30.5%     -    0s
     0     0   41.03390    0   14   59.00000   41.03390  30.5%     -    0s
     0     0   41.03390    0   14   59.00000   41.03390  30.5%     -    0s
     0     0   41.03390    0   13   59.00000   41.03390  30.5%     -    0s
     0     0   41.03390    0   10   59.00000   41.03390  30.5%     -    0s
     0     0   41.03390    0   10   59.00000   41.03390  30.5%     -    0s
     0     0   41.03390    0   10   59.00000   41.03390  30.5%     -    0s
     0     0   41.03390    0    9   59.00000   41.03390  30.5%     -    0s
     0     0   41.03390    0   10   59.00000   41.03390  30.5%     -    0s
     0     0   41.03390    0   10   59.00000   41.03390  30.5%     -    0s
     0     0   41.03390    0   10   59.00000   41.03390  30.5%     -    0s
     0     0   41.03390    0   10   59.00000   41.03390  30.5%     -    0s
     0     0   41.03390    0   10   59.00000   41.03390  30.5%     -    0s
     0     0   41.03390    0   10   59.00000   41.03390  30.5%     -    0s
     0     0   41.03390    0   10   59.00000   41.03390  30.5%     -    0s
     0     0   41.03390    0   10   59.00000   41.03390  30.5%     -    0s
     0     0   41.03390    0   10   59.00000   41.03390  30.5%     -    0s
     0     0   41.03390    0   11   59.00000   41.03390  30.5%     -    0s
     0     0   41.03390    0   11   59.00000   41.03390  30.5%     -    0s
     0     0   41.03390    0   11   59.00000   41.03390  30.5%     -    0s
     0     0   41.03390    0   10   59.00000   41.03390  30.5%     -    0s
     0     0   41.03390    0   11   59.00000   41.03390  30.5%     -    0s
     0     0   41.03390    0   11   59.00000   41.03390  30.5%     -    0s
     0     0   41.03390    0   11   59.00000   41.03390  30.5%     -    0s
     0     2   41.03390    0   11   59.00000   41.03390  30.5%     -    0s

Cutting planes:
  Gomory: 2
  Implied bound: 4
  MIR: 18

Explored 98 nodes (1050 simplex iterations) in 0.04 seconds (0.02 work units)
Thread count was 1 (of 96 available processors)

Solution count 2: 59 59 

Optimal solution found (tolerance 1.00e-04)
Best objective 5.900000000000e+01, best bound 5.900000000000e+01, gap 0.0000%

Instance 7_5, formulation tres, reform bigm:
  Rect 0: x = 19.00, y = 15.00
  Rect 1: x = 0.00, y = 14.00
  Rect 2: x = 33.00, y = 12.00
  Rect 3: x = 19.00, y = 10.00
  Rect 4: x = 43.00, y = 15.00
  Rect 5: x = 19.00, y = 3.00
  Rect 6: x = 8.00, y = 15.00
  → saved figures to strip_figures/7_5_tres_bigm.png and strip_figures/7_5_tres_bigm.pdf
Set parameter TokenServer to value "mooring.ecn.purdue.edu"
Read LP format model from file /tmp/tmpxj2t4dam.pyomo.lp
Reading time = 0.00 seconds
x436: 869 rows, 436 columns, 2271 nonzeros
Set parameter TimeLimit to value 1800
Set parameter Threads to value 1
Gurobi Optimizer version 11.0.0 build v11.0.0rc2 (linux64 - "Oracle Linux Server 9.6")

CPU model: AMD EPYC 7643 48-Core Processor, instruction set [SSE2|AVX|AVX2]
Thread count: 48 physical cores, 96 logical processors, using up to 1 threads

Optimize a model with 869 rows, 436 columns and 2271 nonzeros
Model fingerprint: 0x7abc9445
Variable types: 352 continuous, 84 integer (84 binary)
Coefficient statistics:
  Matrix range     [1e+00, 7e+01]
  Objective range  [1e+00, 1e+00]
  Bounds range     [1e+00, 7e+01]
  RHS range        [1e+00, 2e+01]
Presolve removed 467 rows and 242 columns
Presolve time: 0.00s
Presolved: 402 rows, 194 columns, 1066 nonzeros
Variable types: 158 continuous, 36 integer (36 binary)
Found heuristic solution: objective 74.0000000
Found heuristic solution: objective 66.0000000

Root relaxation: objective 3.000000e+01, 117 iterations, 0.00 seconds (0.00 work units)

    Nodes    |    Current Node    |     Objective Bounds      |     Work
 Expl Unexpl |  Obj  Depth IntInf | Incumbent    BestBd   Gap | It/Node Time

     0     0   30.00000    0   10   66.00000   30.00000  54.5%     -    0s
H    0     0                      59.0000000   30.00000  49.2%     -    0s
     0     0   30.00000    0   14   59.00000   30.00000  49.2%     -    0s
     0     0   30.00000    0   13   59.00000   30.00000  49.2%     -    0s
     0     0   30.00000    0    7   59.00000   30.00000  49.2%     -    0s
     0     0   30.00000    0    8   59.00000   30.00000  49.2%     -    0s
     0     0   30.00000    0   12   59.00000   30.00000  49.2%     -    0s
     0     0   30.00000    0   14   59.00000   30.00000  49.2%     -    0s
     0     0   30.00000    0   12   59.00000   30.00000  49.2%     -    0s
     0     0   30.00000    0   19   59.00000   30.00000  49.2%     -    0s
     0     0   30.00000    0    9   59.00000   30.00000  49.2%     -    0s
     0     0   30.00000    0    9   59.00000   30.00000  49.2%     -    0s
     0     2   30.00000    0    9   59.00000   30.00000  49.2%     -    0s
*  120    32               8      59.0000000   41.00000  30.5%   8.8    0s

Cutting planes:
  Cover: 1
  Implied bound: 3
  Clique: 1
  MIR: 19
  Flow cover: 44
  RLT: 29
  Relax-and-lift: 5

Explored 280 nodes (3389 simplex iterations) in 0.11 seconds (0.08 work units)
Thread count was 1 (of 96 available processors)

Solution count 4: 59 59 66 74 

Optimal solution found (tolerance 1.00e-04)
Best objective 5.899999999400e+01, best bound 5.899999999400e+01, gap 0.0000%

Instance 7_5, formulation tres, reform hull:
  Rect 0: x = 34.00, y = 8.00
  Rect 1: x = 26.00, y = 14.00
  Rect 2: x = 16.00, y = 15.00
  Rect 3: x = 34.00, y = 15.00
  Rect 4: x = 0.00, y = 15.00
  Rect 5: x = 34.00, y = 3.00
  Rect 6: x = 48.00, y = 15.00
  → saved figures to strip_figures/7_5_tres_hull.png and strip_figures/7_5_tres_hull.pdf
Set parameter TokenServer to value "mooring.ecn.purdue.edu"
Read LP format model from file /tmp/tmpc1e08vrf.pyomo.lp
Reading time = 0.00 seconds
x100: 113 rows, 100 columns, 585 nonzeros
Set parameter TimeLimit to value 1800
Set parameter Threads to value 1
Gurobi Optimizer version 11.0.0 build v11.0.0rc2 (linux64 - "Oracle Linux Server 9.6")

CPU model: AMD EPYC 7643 48-Core Processor, instruction set [SSE2|AVX|AVX2]
Thread count: 48 physical cores, 96 logical processors, using up to 1 threads

Optimize a model with 113 rows, 100 columns and 585 nonzeros
Model fingerprint: 0x593fd310
Variable types: 16 continuous, 84 integer (84 binary)
Coefficient statistics:
  Matrix range     [1e+00, 7e+01]
  Objective range  [1e+00, 1e+00]
  Bounds range     [1e+00, 7e+01]
  RHS range        [1e+00, 2e+01]
Found heuristic solution: objective 59.0000000
Presolve removed 49 rows and 53 columns
Presolve time: 0.00s
Presolved: 64 rows, 47 columns, 218 nonzeros
Variable types: 11 continuous, 36 integer (36 binary)

Root relaxation: objective 3.000000e+01, 27 iterations, 0.00 seconds (0.00 work units)

    Nodes    |    Current Node    |     Objective Bounds      |     Work
 Expl Unexpl |  Obj  Depth IntInf | Incumbent    BestBd   Gap | It/Node Time

     0     0   30.00000    0    6   59.00000   30.00000  49.2%     -    0s
     0     0   35.74576    0   16   59.00000   35.74576  39.4%     -    0s
     0     0   39.54237    0   16   59.00000   39.54237  33.0%     -    0s
     0     0   39.54237    0   10   59.00000   39.54237  33.0%     -    0s
     0     0   39.64524    0   11   59.00000   39.64524  32.8%     -    0s
     0     0   39.64524    0   10   59.00000   39.64524  32.8%     -    0s
     0     0   39.91192    0   10   59.00000   39.91192  32.4%     -    0s
     0     0   39.91192    0   10   59.00000   39.91192  32.4%     -    0s
     0     0   39.91192    0   10   59.00000   39.91192  32.4%     -    0s
     0     0   39.91192    0   10   59.00000   39.91192  32.4%     -    0s
     0     0   39.91192    0   10   59.00000   39.91192  32.4%     -    0s
     0     0   39.91192    0   10   59.00000   39.91192  32.4%     -    0s
     0     0   39.91192    0   10   59.00000   39.91192  32.4%     -    0s
     0     0   39.91192    0   10   59.00000   39.91192  32.4%     -    0s
     0     0   39.91192    0   10   59.00000   39.91192  32.4%     -    0s
     0     0   39.91192    0   10   59.00000   39.91192  32.4%     -    0s
     0     0   40.12643    0   10   59.00000   40.12643  32.0%     -    0s
     0     0   40.17682    0   10   59.00000   40.17682  31.9%     -    0s
     0     0   40.18297    0   10   59.00000   40.18297  31.9%     -    0s
     0     0   40.19725    0   10   59.00000   40.19725  31.9%     -    0s
     0     0   40.20658    0   10   59.00000   40.20658  31.9%     -    0s
     0     0   40.20711    0   10   59.00000   40.20711  31.9%     -    0s
     0     0   40.35848    0   10   59.00000   40.35848  31.6%     -    0s
     0     0   40.76748    0   10   59.00000   40.76748  30.9%     -    0s
     0     0   40.78252    0   10   59.00000   40.78252  30.9%     -    0s
     0     0   41.01659    0   10   59.00000   41.01659  30.5%     -    0s
     0     0   41.02506    0   10   59.00000   41.02506  30.5%     -    0s
     0     0   41.02608    0   10   59.00000   41.02608  30.5%     -    0s
     0     0   41.17411    0   10   59.00000   41.17411  30.2%     -    0s
     0     0   41.18223    0   10   59.00000   41.18223  30.2%     -    0s
     0     0   41.18223    0   10   59.00000   41.18223  30.2%     -    0s
     0     0   41.18223    0   10   59.00000   41.18223  30.2%     -    0s
     0     2   41.30082    0   10   59.00000   41.30082  30.0%     -    0s

Cutting planes:
  Gomory: 1
  Implied bound: 1
  MIR: 11

Explored 56 nodes (675 simplex iterations) in 0.04 seconds (0.02 work units)
Thread count was 1 (of 96 available processors)

Solution count 1: 59 

Optimal solution found (tolerance 1.00e-04)
Best objective 5.900000000000e+01, best bound 5.900000000000e+01, gap 0.0000%

Instance 7_5, formulation reagg, reform MIP:
  Rect 0: x = 11.00, y = 15.00
  Rect 1: x = 25.00, y = 14.00
  Rect 2: x = 33.00, y = 15.00
  Rect 3: x = 11.00, y = 4.00
  Rect 4: x = 43.00, y = 15.00
  Rect 5: x = 0.00, y = 3.00
  Rect 6: x = 0.00, y = 15.00
  → saved figures to strip_figures/7_5_reagg_MIP.png and strip_figures/7_5_reagg_MIP.pdf
Set parameter TokenServer to value "mooring.ecn.purdue.edu"
Read LP format model from file /tmp/tmp2jzgnpp9.pyomo.lp
Reading time = 0.00 seconds
x100: 113 rows, 100 columns, 585 nonzeros
Set parameter TimeLimit to value 1800
Set parameter Threads to value 1
Gurobi Optimizer version 11.0.0 build v11.0.0rc2 (linux64 - "Oracle Linux Server 9.6")

CPU model: AMD EPYC 7643 48-Core Processor, instruction set [SSE2|AVX|AVX2]
Thread count: 48 physical cores, 96 logical processors, using up to 1 threads

Optimize a model with 113 rows, 100 columns and 585 nonzeros
Model fingerprint: 0x06b1292c
Variable types: 16 continuous, 84 integer (84 binary)
Coefficient statistics:
  Matrix range     [1e+00, 7e+01]
  Objective range  [1e+00, 1e+00]
  Bounds range     [1e+00, 7e+01]
  RHS range        [1e+00, 2e+01]
Found heuristic solution: objective 65.0000000
Presolve removed 49 rows and 53 columns
Presolve time: 0.00s
Presolved: 64 rows, 47 columns, 213 nonzeros
Variable types: 11 continuous, 36 integer (36 binary)

Root relaxation: objective 3.000000e+01, 25 iterations, 0.00 seconds (0.00 work units)

    Nodes    |    Current Node    |     Objective Bounds      |     Work
 Expl Unexpl |  Obj  Depth IntInf | Incumbent    BestBd   Gap | It/Node Time

     0     0   30.00000    0    7   65.00000   30.00000  53.8%     -    0s
H    0     0                      59.0000000   30.00000  49.2%     -    0s
     0     0   31.18848    0   17   59.00000   31.18848  47.1%     -    0s
     0     0   37.91525    0   17   59.00000   37.91525  35.7%     -    0s
     0     0   38.97938    0   17   59.00000   38.97938  33.9%     -    0s
     0     0   40.63995    0   15   59.00000   40.63995  31.1%     -    0s
     0     0   40.63995    0   19   59.00000   40.63995  31.1%     -    0s
     0     0   40.63995    0   15   59.00000   40.63995  31.1%     -    0s
     0     0   40.63995    0   19   59.00000   40.63995  31.1%     -    0s
     0     0   40.63995    0   17   59.00000   40.63995  31.1%     -    0s
     0     0   40.63995    0   18   59.00000   40.63995  31.1%     -    0s
     0     0   40.67202    0   20   59.00000   40.67202  31.1%     -    0s
     0     0   40.72528    0   19   59.00000   40.72528  31.0%     -    0s
     0     0   40.72528    0   19   59.00000   40.72528  31.0%     -    0s
     0     0   40.77755    0   19   59.00000   40.77755  30.9%     -    0s
     0     0   40.86673    0   19   59.00000   40.86673  30.7%     -    0s
     0     0   40.98741    0   18   59.00000   40.98741  30.5%     -    0s
     0     0   41.03977    0   19   59.00000   41.03977  30.4%     -    0s
     0     0   41.03977    0   19   59.00000   41.03977  30.4%     -    0s
     0     0   41.11692    0   19   59.00000   41.11692  30.3%     -    0s
     0     0   41.12358    0   19   59.00000   41.12358  30.3%     -    0s
     0     0   41.12358    0   19   59.00000   41.12358  30.3%     -    0s
     0     0   41.22987    0   19   59.00000   41.22987  30.1%     -    0s
     0     0   41.26775    0   17   59.00000   41.26775  30.1%     -    0s
     0     0   41.26775    0   13   59.00000   41.26775  30.1%     -    0s
     0     0   41.27380    0   12   59.00000   41.27380  30.0%     -    0s
     0     0   41.30957    0   15   59.00000   41.30957  30.0%     -    0s
     0     0   41.32269    0   15   59.00000   41.32269  30.0%     -    0s
     0     0   41.32978    0   15   59.00000   41.32978  29.9%     -    0s
     0     0   41.33999    0   15   59.00000   41.33999  29.9%     -    0s
     0     0   41.34019    0   15   59.00000   41.34019  29.9%     -    0s
     0     0   41.35460    0   15   59.00000   41.35460  29.9%     -    0s
     0     0   41.37066    0   14   59.00000   41.37066  29.9%     -    0s
     0     0   41.37107    0   14   59.00000   41.37107  29.9%     -    0s
     0     0   41.37107    0   14   59.00000   41.37107  29.9%     -    0s
     0     0   41.37107    0   14   59.00000   41.37107  29.9%     -    0s
     0     2   41.39901    0   12   59.00000   41.39901  29.8%     -    0s

Cutting planes:
  Gomory: 7
  Cover: 1
  Implied bound: 3
  MIR: 32
  StrongCG: 1
  RLT: 7
  Relax-and-lift: 1

Explored 78 nodes (1149 simplex iterations) in 0.05 seconds (0.03 work units)
Thread count was 1 (of 96 available processors)

Solution count 2: 59 65 

Optimal solution found (tolerance 1.00e-04)
Best objective 5.900000000000e+01, best bound 5.900000000000e+01, gap 0.0000%

Instance 7_5, formulation reagg_tres, reform MIP:
  Rect 0: x = 21.00, y = 12.00
  Rect 1: x = 35.00, y = 14.00
  Rect 2: x = 11.00, y = 12.00
  Rect 3: x = 21.00, y = 4.00
  Rect 4: x = 43.00, y = 15.00
  Rect 5: x = 21.00, y = 7.00
  Rect 6: x = 0.00, y = 12.00
  → saved figures to strip_figures/7_5_reagg_tres_MIP.png and strip_figures/7_5_reagg_tres_MIP.pdf
Set parameter TokenServer to value "mooring.ecn.purdue.edu"
Read LP format model from file /tmp/tmp4_9w7r2e.pyomo.lp
Reading time = 0.00 seconds
x130: 373 rows, 130 columns, 913 nonzeros
Set parameter TimeLimit to value 1800
Set parameter Threads to value 1
Gurobi Optimizer version 11.0.0 build v11.0.0rc2 (linux64 - "Oracle Linux Server 9.6")

CPU model: AMD EPYC 7643 48-Core Processor, instruction set [SSE2|AVX|AVX2]
Thread count: 48 physical cores, 96 logical processors, using up to 1 threads

Optimize a model with 373 rows, 130 columns and 913 nonzeros
Model fingerprint: 0x320e26fb
Variable types: 18 continuous, 112 integer (112 binary)
Coefficient statistics:
  Matrix range     [1e+00, 5e+01]
  Objective range  [1e+00, 1e+00]
  Bounds range     [1e+00, 4e+01]
  RHS range        [1e+00, 4e+01]
Found heuristic solution: objective 28.0000000
Presolve removed 261 rows and 39 columns
Presolve time: 0.00s
Presolved: 112 rows, 91 columns, 342 nonzeros
Variable types: 15 continuous, 76 integer (76 binary)

Root relaxation: objective 1.700000e+01, 37 iterations, 0.00 seconds (0.00 work units)

    Nodes    |    Current Node    |     Objective Bounds      |     Work
 Expl Unexpl |  Obj  Depth IntInf | Incumbent    BestBd   Gap | It/Node Time

     0     0   17.00000    0    5   28.00000   17.00000  39.3%     -    0s
H    0     0                      26.0000000   17.00000  34.6%     -    0s
     0     0   17.00000    0    8   26.00000   17.00000  34.6%     -    0s
     0     0   17.00000    0    3   26.00000   17.00000  34.6%     -    0s
     0     0   17.00000    0    4   26.00000   17.00000  34.6%     -    0s
     0     0   17.00000    0    5   26.00000   17.00000  34.6%     -    0s
     0     0   17.00000    0    6   26.00000   17.00000  34.6%     -    0s
     0     0   17.00000    0   15   26.00000   17.00000  34.6%     -    0s
     0     0   17.00000    0    4   26.00000   17.00000  34.6%     -    0s
     0     0   17.00000    0    4   26.00000   17.00000  34.6%     -    0s
H    0     0                      24.0000000   17.00000  29.2%     -    0s
     0     2   17.00000    0    4   24.00000   17.00000  29.2%     -    0s
*  287    45              16      24.0000000   21.00000  12.5%   5.7    0s

Cutting planes:
  Cover: 58
  Implied bound: 54
  Clique: 5
  MIR: 22
  Inf proof: 9
  RLT: 5
  Relax-and-lift: 4
  PSD: 2

Explored 419 nodes (3210 simplex iterations) in 0.09 seconds (0.05 work units)
Thread count was 1 (of 96 available processors)

Solution count 5: 24 24 24 ... 28

Optimal solution found (tolerance 1.00e-04)
Best objective 2.399999999750e+01, best bound 2.399999999750e+01, gap 0.0000%

Instance 8_1, formulation altered, reform bigm:
  Rect 0: x = 1.00, y = 5.00
  Rect 1: x = 9.00, y = 6.00
  Rect 2: x = 10.00, y = 10.00
  Rect 3: x = 1.00, y = 10.00
  Rect 4: x = 16.00, y = 9.00
  Rect 5: x = 12.00, y = 2.00
  Rect 6: x = 0.00, y = 10.00
  Rect 7: x = 1.00, y = 6.00
  → saved figures to strip_figures/8_1_altered_bigm.png and strip_figures/8_1_altered_bigm.pdf
Set parameter TokenServer to value "mooring.ecn.purdue.edu"
Read LP format model from file /tmp/tmp603pyk4m.pyomo.lp
Reading time = 0.00 seconds
x578: 1157 rows, 578 columns, 3027 nonzeros
Set parameter TimeLimit to value 1800
Set parameter Threads to value 1
Gurobi Optimizer version 11.0.0 build v11.0.0rc2 (linux64 - "Oracle Linux Server 9.6")

CPU model: AMD EPYC 7643 48-Core Processor, instruction set [SSE2|AVX|AVX2]
Thread count: 48 physical cores, 96 logical processors, using up to 1 threads

Optimize a model with 1157 rows, 578 columns and 3027 nonzeros
Model fingerprint: 0x2fffc2bf
Variable types: 466 continuous, 112 integer (112 binary)
Coefficient statistics:
  Matrix range     [1e+00, 4e+01]
  Objective range  [1e+00, 1e+00]
  Bounds range     [1e+00, 4e+01]
  RHS range        [1e+00, 9e+00]
Presolve removed 455 rows and 190 columns
Presolve time: 0.00s
Presolved: 702 rows, 388 columns, 1856 nonzeros
Variable types: 312 continuous, 76 integer (76 binary)
Found heuristic solution: objective 44.0000000

Root relaxation: objective 1.700000e+01, 133 iterations, 0.00 seconds (0.00 work units)

    Nodes    |    Current Node    |     Objective Bounds      |     Work
 Expl Unexpl |  Obj  Depth IntInf | Incumbent    BestBd   Gap | It/Node Time

     0     0   17.00000    0   19   44.00000   17.00000  61.4%     -    0s
H    0     0                      33.0000000   17.00000  48.5%     -    0s
     0     0   17.00000    0   18   33.00000   17.00000  48.5%     -    0s
H    0     0                      32.0000000   17.00000  46.9%     -    0s
     0     0   17.00000    0   18   32.00000   17.00000  46.9%     -    0s
H    0     0                      31.0000000   17.00000  45.2%     -    0s
     0     0   17.00000    0   17   31.00000   17.00000  45.2%     -    0s
     0     0   17.00000    0   18   31.00000   17.00000  45.2%     -    0s
H    0     0                      28.0000000   17.00000  39.3%     -    0s
     0     0   17.00000    0   18   28.00000   17.00000  39.3%     -    0s
     0     0   17.00000    0   12   28.00000   17.00000  39.3%     -    0s
     0     0   17.00000    0    8   28.00000   17.00000  39.3%     -    0s
     0     0   17.00000    0   17   28.00000   17.00000  39.3%     -    0s
     0     0   17.00000    0   17   28.00000   17.00000  39.3%     -    0s
H    0     0                      26.0000000   17.00000  34.6%     -    0s
     0     2   17.00000    0   16   26.00000   17.00000  34.6%     -    0s
*   51    28              21      25.0000000   17.00000  32.0%  17.1    0s
*  108    21              22      24.0000000   17.00000  29.2%  20.0    0s

Cutting planes:
  Gomory: 3
  Cover: 66
  Implied bound: 115
  Clique: 2
  MIR: 30
  Flow cover: 68
  Inf proof: 3
  RLT: 15
  Relax-and-lift: 10
  BQP: 2
  PSD: 7

Explored 372 nodes (9329 simplex iterations) in 0.27 seconds (0.21 work units)
Thread count was 1 (of 96 available processors)

Solution count 8: 24 25 26 ... 44

Optimal solution found (tolerance 1.00e-04)
Best objective 2.400000000000e+01, best bound 2.400000000000e+01, gap 0.0000%

Instance 8_1, formulation altered, reform hull:
  Rect 0: x = 1.00, y = 6.00
  Rect 1: x = 9.00, y = 4.00
  Rect 2: x = 10.00, y = 10.00
  Rect 3: x = 1.00, y = 10.00
  Rect 4: x = 16.00, y = 10.00
  Rect 5: x = 9.00, y = 6.00
  Rect 6: x = 0.00, y = 10.00
  Rect 7: x = 1.00, y = 1.00
  → saved figures to strip_figures/8_1_altered_hull.png and strip_figures/8_1_altered_hull.pdf
Set parameter TokenServer to value "mooring.ecn.purdue.edu"
Read LP format model from file /tmp/tmpj49t33be.pyomo.lp
Reading time = 0.00 seconds
x130: 373 rows, 130 columns, 913 nonzeros
Set parameter TimeLimit to value 1800
Set parameter Threads to value 1
Gurobi Optimizer version 11.0.0 build v11.0.0rc2 (linux64 - "Oracle Linux Server 9.6")

CPU model: AMD EPYC 7643 48-Core Processor, instruction set [SSE2|AVX|AVX2]
Thread count: 48 physical cores, 96 logical processors, using up to 1 threads

Optimize a model with 373 rows, 130 columns and 913 nonzeros
Model fingerprint: 0x320e26fb
Variable types: 18 continuous, 112 integer (112 binary)
Coefficient statistics:
  Matrix range     [1e+00, 5e+01]
  Objective range  [1e+00, 1e+00]
  Bounds range     [1e+00, 4e+01]
  RHS range        [1e+00, 4e+01]
Found heuristic solution: objective 28.0000000
Presolve removed 261 rows and 39 columns
Presolve time: 0.00s
Presolved: 112 rows, 91 columns, 342 nonzeros
Variable types: 15 continuous, 76 integer (76 binary)

Root relaxation: objective 1.700000e+01, 37 iterations, 0.00 seconds (0.00 work units)

    Nodes    |    Current Node    |     Objective Bounds      |     Work
 Expl Unexpl |  Obj  Depth IntInf | Incumbent    BestBd   Gap | It/Node Time

     0     0   17.00000    0    5   28.00000   17.00000  39.3%     -    0s
H    0     0                      26.0000000   17.00000  34.6%     -    0s
     0     0   17.00000    0    8   26.00000   17.00000  34.6%     -    0s
     0     0   17.00000    0    3   26.00000   17.00000  34.6%     -    0s
     0     0   17.00000    0    4   26.00000   17.00000  34.6%     -    0s
     0     0   17.00000    0    5   26.00000   17.00000  34.6%     -    0s
     0     0   17.00000    0    6   26.00000   17.00000  34.6%     -    0s
     0     0   17.00000    0   15   26.00000   17.00000  34.6%     -    0s
     0     0   17.00000    0    4   26.00000   17.00000  34.6%     -    0s
     0     0   17.00000    0    4   26.00000   17.00000  34.6%     -    0s
H    0     0                      24.0000000   17.00000  29.2%     -    0s
     0     2   17.00000    0    4   24.00000   17.00000  29.2%     -    0s
*  287    45              16      24.0000000   21.00000  12.5%   5.7    0s

Cutting planes:
  Cover: 58
  Implied bound: 54
  Clique: 5
  MIR: 22
  Inf proof: 9
  RLT: 5
  Relax-and-lift: 4
  PSD: 2

Explored 419 nodes (3210 simplex iterations) in 0.09 seconds (0.05 work units)
Thread count was 1 (of 96 available processors)

Solution count 5: 24 24 24 ... 28

Optimal solution found (tolerance 1.00e-04)
Best objective 2.399999999750e+01, best bound 2.399999999750e+01, gap 0.0000%

Instance 8_1, formulation tres, reform bigm:
  Rect 0: x = 1.00, y = 5.00
  Rect 1: x = 9.00, y = 6.00
  Rect 2: x = 10.00, y = 10.00
  Rect 3: x = 1.00, y = 10.00
  Rect 4: x = 16.00, y = 9.00
  Rect 5: x = 12.00, y = 2.00
  Rect 6: x = 0.00, y = 10.00
  Rect 7: x = 1.00, y = 6.00
  → saved figures to strip_figures/8_1_tres_bigm.png and strip_figures/8_1_tres_bigm.pdf
Set parameter TokenServer to value "mooring.ecn.purdue.edu"
Read LP format model from file /tmp/tmpwglunfke.pyomo.lp
Reading time = 0.00 seconds
x578: 1157 rows, 578 columns, 3027 nonzeros
Set parameter TimeLimit to value 1800
Set parameter Threads to value 1
Gurobi Optimizer version 11.0.0 build v11.0.0rc2 (linux64 - "Oracle Linux Server 9.6")

CPU model: AMD EPYC 7643 48-Core Processor, instruction set [SSE2|AVX|AVX2]
Thread count: 48 physical cores, 96 logical processors, using up to 1 threads

Optimize a model with 1157 rows, 578 columns and 3027 nonzeros
Model fingerprint: 0x2fffc2bf
Variable types: 466 continuous, 112 integer (112 binary)
Coefficient statistics:
  Matrix range     [1e+00, 4e+01]
  Objective range  [1e+00, 1e+00]
  Bounds range     [1e+00, 4e+01]
  RHS range        [1e+00, 9e+00]
Presolve removed 455 rows and 190 columns
Presolve time: 0.00s
Presolved: 702 rows, 388 columns, 1856 nonzeros
Variable types: 312 continuous, 76 integer (76 binary)
Found heuristic solution: objective 44.0000000

Root relaxation: objective 1.700000e+01, 133 iterations, 0.00 seconds (0.00 work units)

    Nodes    |    Current Node    |     Objective Bounds      |     Work
 Expl Unexpl |  Obj  Depth IntInf | Incumbent    BestBd   Gap | It/Node Time

     0     0   17.00000    0   19   44.00000   17.00000  61.4%     -    0s
H    0     0                      33.0000000   17.00000  48.5%     -    0s
     0     0   17.00000    0   18   33.00000   17.00000  48.5%     -    0s
H    0     0                      32.0000000   17.00000  46.9%     -    0s
     0     0   17.00000    0   18   32.00000   17.00000  46.9%     -    0s
H    0     0                      31.0000000   17.00000  45.2%     -    0s
     0     0   17.00000    0   17   31.00000   17.00000  45.2%     -    0s
     0     0   17.00000    0   18   31.00000   17.00000  45.2%     -    0s
H    0     0                      28.0000000   17.00000  39.3%     -    0s
     0     0   17.00000    0   18   28.00000   17.00000  39.3%     -    0s
     0     0   17.00000    0   12   28.00000   17.00000  39.3%     -    0s
     0     0   17.00000    0    8   28.00000   17.00000  39.3%     -    0s
     0     0   17.00000    0   17   28.00000   17.00000  39.3%     -    0s
     0     0   17.00000    0   17   28.00000   17.00000  39.3%     -    0s
H    0     0                      26.0000000   17.00000  34.6%     -    0s
     0     2   17.00000    0   16   26.00000   17.00000  34.6%     -    0s
*   51    28              21      25.0000000   17.00000  32.0%  17.1    0s
*  108    21              22      24.0000000   17.00000  29.2%  20.0    0s

Cutting planes:
  Gomory: 3
  Cover: 66
  Implied bound: 115
  Clique: 2
  MIR: 30
  Flow cover: 68
  Inf proof: 3
  RLT: 15
  Relax-and-lift: 10
  BQP: 2
  PSD: 7

Explored 372 nodes (9329 simplex iterations) in 0.26 seconds (0.21 work units)
Thread count was 1 (of 96 available processors)

Solution count 8: 24 25 26 ... 44

Optimal solution found (tolerance 1.00e-04)
Best objective 2.400000000000e+01, best bound 2.400000000000e+01, gap 0.0000%

Instance 8_1, formulation tres, reform hull:
  Rect 0: x = 1.00, y = 6.00
  Rect 1: x = 9.00, y = 4.00
  Rect 2: x = 10.00, y = 10.00
  Rect 3: x = 1.00, y = 10.00
  Rect 4: x = 16.00, y = 10.00
  Rect 5: x = 9.00, y = 6.00
  Rect 6: x = 0.00, y = 10.00
  Rect 7: x = 1.00, y = 1.00
  → saved figures to strip_figures/8_1_tres_hull.png and strip_figures/8_1_tres_hull.pdf
Set parameter TokenServer to value "mooring.ecn.purdue.edu"
Read LP format model from file /tmp/tmpybm8v7qv.pyomo.lp
Reading time = 0.00 seconds
x130: 149 rows, 130 columns, 780 nonzeros
Set parameter TimeLimit to value 1800
Set parameter Threads to value 1
Gurobi Optimizer version 11.0.0 build v11.0.0rc2 (linux64 - "Oracle Linux Server 9.6")

CPU model: AMD EPYC 7643 48-Core Processor, instruction set [SSE2|AVX|AVX2]
Thread count: 48 physical cores, 96 logical processors, using up to 1 threads

Optimize a model with 149 rows, 130 columns and 780 nonzeros
Model fingerprint: 0x8ed62f87
Variable types: 18 continuous, 112 integer (112 binary)
Coefficient statistics:
  Matrix range     [1e+00, 4e+01]
  Objective range  [1e+00, 1e+00]
  Bounds range     [1e+00, 4e+01]
  RHS range        [1e+00, 9e+00]
Found heuristic solution: objective 32.0000000
Presolve removed 37 rows and 39 columns
Presolve time: 0.00s
Presolved: 112 rows, 91 columns, 456 nonzeros
Variable types: 15 continuous, 76 integer (76 binary)

Root relaxation: objective 1.700000e+01, 44 iterations, 0.00 seconds (0.00 work units)

    Nodes    |    Current Node    |     Objective Bounds      |     Work
 Expl Unexpl |  Obj  Depth IntInf | Incumbent    BestBd   Gap | It/Node Time

     0     0   17.00000    0    6   32.00000   17.00000  46.9%     -    0s
H    0     0                      30.0000000   17.00000  43.3%     -    0s
     0     0   17.00000    0   10   30.00000   17.00000  43.3%     -    0s
H    0     0                      29.0000000   17.00000  41.4%     -    0s
H    0     0                      26.0000000   17.00000  34.6%     -    0s
     0     0   17.00000    0    9   26.00000   17.00000  34.6%     -    0s
     0     0   17.00000    0    7   26.00000   17.00000  34.6%     -    0s
     0     0   17.00000    0    3   26.00000   17.00000  34.6%     -    0s
     0     0   17.00000    0    3   26.00000   17.00000  34.6%     -    0s
     0     0   17.00000    0    9   26.00000   17.00000  34.6%     -    0s
     0     0   17.00000    0   11   26.00000   17.00000  34.6%     -    0s
     0     0   17.00000    0    9   26.00000   17.00000  34.6%     -    0s
     0     0   17.00000    0    9   26.00000   17.00000  34.6%     -    0s
     0     2   17.00000    0    9   26.00000   17.00000  34.6%     -    0s
H   51    16                      24.0000000   17.00000  29.2%   4.9    0s

Cutting planes:
  Gomory: 3
  Cover: 47
  Implied bound: 37
  MIR: 26
  GUB cover: 2
  Inf proof: 11
  RLT: 7
  Relax-and-lift: 7

Explored 458 nodes (2827 simplex iterations) in 0.09 seconds (0.05 work units)
Thread count was 1 (of 96 available processors)

Solution count 5: 24 26 29 ... 32

Optimal solution found (tolerance 1.00e-04)
Best objective 2.400000000000e+01, best bound 2.400000000000e+01, gap 0.0000%

Instance 8_1, formulation reagg, reform MIP:
  Rect 0: x = 0.00, y = 10.00
  Rect 1: x = 8.00, y = 8.00
  Rect 2: x = 0.00, y = 5.00
  Rect 3: x = 4.00, y = 4.00
  Rect 4: x = 15.00, y = 10.00
  Rect 5: x = 8.00, y = 10.00
  Rect 6: x = 23.00, y = 10.00
  Rect 7: x = 13.00, y = 1.00
  → saved figures to strip_figures/8_1_reagg_MIP.png and strip_figures/8_1_reagg_MIP.pdf
Set parameter TokenServer to value "mooring.ecn.purdue.edu"
Read LP format model from file /tmp/tmp0x2sdrju.pyomo.lp
Reading time = 0.00 seconds
x130: 149 rows, 130 columns, 780 nonzeros
Set parameter TimeLimit to value 1800
Set parameter Threads to value 1
Gurobi Optimizer version 11.0.0 build v11.0.0rc2 (linux64 - "Oracle Linux Server 9.6")

CPU model: AMD EPYC 7643 48-Core Processor, instruction set [SSE2|AVX|AVX2]
Thread count: 48 physical cores, 96 logical processors, using up to 1 threads

Optimize a model with 149 rows, 130 columns and 780 nonzeros
Model fingerprint: 0x406acf88
Variable types: 18 continuous, 112 integer (112 binary)
Coefficient statistics:
  Matrix range     [1e+00, 4e+01]
  Objective range  [1e+00, 1e+00]
  Bounds range     [1e+00, 4e+01]
  RHS range        [1e+00, 9e+00]
Found heuristic solution: objective 37.0000000
Presolve removed 37 rows and 39 columns
Presolve time: 0.00s
Presolved: 112 rows, 91 columns, 439 nonzeros
Variable types: 15 continuous, 76 integer (76 binary)

Root relaxation: objective 1.700000e+01, 42 iterations, 0.00 seconds (0.00 work units)

    Nodes    |    Current Node    |     Objective Bounds      |     Work
 Expl Unexpl |  Obj  Depth IntInf | Incumbent    BestBd   Gap | It/Node Time

     0     0   17.00000    0    5   37.00000   17.00000  54.1%     -    0s
H    0     0                      28.0000000   17.00000  39.3%     -    0s
H    0     0                      26.0000000   17.00000  34.6%     -    0s
     0     0   17.00000    0    9   26.00000   17.00000  34.6%     -    0s
     0     0   17.00000    0    5   26.00000   17.00000  34.6%     -    0s
     0     0   17.00000    0   16   26.00000   17.00000  34.6%     -    0s
     0     0   17.00000    0   21   26.00000   17.00000  34.6%     -    0s
     0     0   17.00000    0    7   26.00000   17.00000  34.6%     -    0s
     0     0   17.00000    0    7   26.00000   17.00000  34.6%     -    0s
     0     2   17.00000    0    7   26.00000   17.00000  34.6%     -    0s
H   26    16                      25.0000000   17.00000  32.0%   4.7    0s
H   54    21                      24.0000000   17.00000  29.2%   6.4    0s
*  494    16              13      24.0000000   23.00000  4.17%   7.1    0s

Cutting planes:
  Gomory: 3
  Cover: 87
  Implied bound: 62
  Clique: 1
  MIR: 24
  Inf proof: 16
  RLT: 4
  Relax-and-lift: 6

Explored 545 nodes (4435 simplex iterations) in 0.11 seconds (0.07 work units)
Thread count was 1 (of 96 available processors)

Solution count 6: 24 24 25 ... 37

Optimal solution found (tolerance 1.00e-04)
Best objective 2.399999999750e+01, best bound 2.399999999750e+01, gap 0.0000%

Instance 8_1, formulation reagg_tres, reform MIP:
  Rect 0: x = 16.00, y = 10.00
  Rect 1: x = 9.00, y = 8.00
  Rect 2: x = 9.00, y = 4.00
  Rect 3: x = 13.00, y = 4.00
  Rect 4: x = 1.00, y = 9.00
  Rect 5: x = 9.00, y = 10.00
  Rect 6: x = 0.00, y = 10.00
  Rect 7: x = 13.00, y = 9.00
  → saved figures to strip_figures/8_1_reagg_tres_MIP.png and strip_figures/8_1_reagg_tres_MIP.pdf
Set parameter TokenServer to value "mooring.ecn.purdue.edu"
Read LP format model from file /tmp/tmpoebhsby8.pyomo.lp
Reading time = 0.00 seconds
x130: 373 rows, 130 columns, 913 nonzeros
Set parameter TimeLimit to value 1800
Set parameter Threads to value 1
Gurobi Optimizer version 11.0.0 build v11.0.0rc2 (linux64 - "Oracle Linux Server 9.6")

CPU model: AMD EPYC 7643 48-Core Processor, instruction set [SSE2|AVX|AVX2]
Thread count: 48 physical cores, 96 logical processors, using up to 1 threads

Optimize a model with 373 rows, 130 columns and 913 nonzeros
Model fingerprint: 0x4b7f3500
Variable types: 18 continuous, 112 integer (112 binary)
Coefficient statistics:
  Matrix range     [1e+00, 5e+01]
  Objective range  [1e+00, 1e+00]
  Bounds range     [1e+00, 4e+01]
  RHS range        [1e+00, 4e+01]
Found heuristic solution: objective 27.0000000
Presolve removed 261 rows and 39 columns
Presolve time: 0.00s
Presolved: 112 rows, 91 columns, 342 nonzeros
Variable types: 15 continuous, 76 integer (76 binary)

Root relaxation: objective 1.500000e+01, 42 iterations, 0.00 seconds (0.00 work units)

    Nodes    |    Current Node    |     Objective Bounds      |     Work
 Expl Unexpl |  Obj  Depth IntInf | Incumbent    BestBd   Gap | It/Node Time

     0     0   15.00000    0    5   27.00000   15.00000  44.4%     -    0s
H    0     0                      24.0000000   15.00000  37.5%     -    0s
     0     0   15.00000    0   12   24.00000   15.00000  37.5%     -    0s
H    0     0                      23.0000000   15.00000  34.8%     -    0s
H    0     0                      22.0000000   15.00000  31.8%     -    0s
H    0     0                      20.0000000   15.00000  25.0%     -    0s
     0     0   15.00000    0   14   20.00000   15.00000  25.0%     -    0s
     0     0   15.00000    0    4   20.00000   15.00000  25.0%     -    0s
     0     0   15.00000    0    9   20.00000   15.00000  25.0%     -    0s
     0     0   15.00000    0    9   20.00000   15.00000  25.0%     -    0s
     0     0   15.00000    0   13   20.00000   15.00000  25.0%     -    0s
     0     0   15.00000    0   10   20.00000   15.00000  25.0%     -    0s
     0     0   15.00000    0    5   20.00000   15.00000  25.0%     -    0s
     0     0   15.00000    0    5   20.00000   15.00000  25.0%     -    0s
     0     2   15.00000    0    5   20.00000   15.00000  25.0%     -    0s

Cutting planes:
  Cover: 73
  Implied bound: 56
  Clique: 2
  MIR: 34
  Inf proof: 10
  RLT: 3
  Relax-and-lift: 10
  PSD: 3

Explored 620 nodes (3962 simplex iterations) in 0.11 seconds (0.06 work units)
Thread count was 1 (of 96 available processors)

Solution count 5: 20 22 23 ... 27

Optimal solution found (tolerance 1.00e-04)
Best objective 2.000000000000e+01, best bound 2.000000000000e+01, gap 0.0000%

Instance 8_2, formulation altered, reform bigm:
  Rect 0: x = 11.00, y = 5.00
  Rect 1: x = 0.00, y = 10.00
  Rect 2: x = 5.00, y = 3.00
  Rect 3: x = 16.00, y = 10.00
  Rect 4: x = 2.00, y = 9.00
  Rect 5: x = 2.00, y = 6.00
  Rect 6: x = 16.00, y = 1.00
  Rect 7: x = 2.00, y = 3.00
  → saved figures to strip_figures/8_2_altered_bigm.png and strip_figures/8_2_altered_bigm.pdf
Set parameter TokenServer to value "mooring.ecn.purdue.edu"
Read LP format model from file /tmp/tmpqpamubn9.pyomo.lp
Reading time = 0.00 seconds
x578: 1157 rows, 578 columns, 3027 nonzeros
Set parameter TimeLimit to value 1800
Set parameter Threads to value 1
Gurobi Optimizer version 11.0.0 build v11.0.0rc2 (linux64 - "Oracle Linux Server 9.6")

CPU model: AMD EPYC 7643 48-Core Processor, instruction set [SSE2|AVX|AVX2]
Thread count: 48 physical cores, 96 logical processors, using up to 1 threads

Optimize a model with 1157 rows, 578 columns and 3027 nonzeros
Model fingerprint: 0x0d98c882
Variable types: 466 continuous, 112 integer (112 binary)
Coefficient statistics:
  Matrix range     [1e+00, 4e+01]
  Objective range  [1e+00, 1e+00]
  Bounds range     [1e+00, 4e+01]
  RHS range        [1e+00, 1e+01]
Presolve removed 455 rows and 190 columns
Presolve time: 0.00s
Presolved: 702 rows, 388 columns, 1856 nonzeros
Variable types: 312 continuous, 76 integer (76 binary)
Found heuristic solution: objective 42.0000000
Found heuristic solution: objective 35.0000000

Root relaxation: objective 1.500000e+01, 170 iterations, 0.00 seconds (0.00 work units)

    Nodes    |    Current Node    |     Objective Bounds      |     Work
 Expl Unexpl |  Obj  Depth IntInf | Incumbent    BestBd   Gap | It/Node Time

     0     0   15.00000    0   12   35.00000   15.00000  57.1%     -    0s
H    0     0                      32.0000000   15.00000  53.1%     -    0s
     0     0   15.00000    0   20   32.00000   15.00000  53.1%     -    0s
H    0     0                      31.0000000   15.00000  51.6%     -    0s
     0     0   15.00000    0   25   31.00000   15.00000  51.6%     -    0s
     0     0   15.00000    0   15   31.00000   15.00000  51.6%     -    0s
H    0     0                      24.0000000   15.00000  37.5%     -    0s
     0     0   15.00000    0   18   24.00000   15.00000  37.5%     -    0s
     0     0   15.00000    0    8   24.00000   15.00000  37.5%     -    0s
H    0     0                      20.0000000   15.00000  25.0%     -    0s
     0     0   15.00000    0    5   20.00000   15.00000  25.0%     -    0s
     0     0   15.00000    0   25   20.00000   15.00000  25.0%     -    0s
     0     0   15.00000    0   13   20.00000   15.00000  25.0%     -    0s
     0     0   15.00000    0   15   20.00000   15.00000  25.0%     -    0s
     0     0   15.00000    0   14   20.00000   15.00000  25.0%     -    0s
     0     2   15.00000    0   14   20.00000   15.00000  25.0%     -    0s
H  248    48                      20.0000000   17.00000  15.0%  14.0    0s

Cutting planes:
  Gomory: 7
  Cover: 54
  Implied bound: 93
  Clique: 1
  MIR: 22
  Flow cover: 62
  Inf proof: 4
  RLT: 16
  Relax-and-lift: 14

Explored 876 nodes (12508 simplex iterations) in 0.40 seconds (0.30 work units)
Thread count was 1 (of 96 available processors)

Solution count 7: 20 20 24 ... 42

Optimal solution found (tolerance 1.00e-04)
Best objective 1.999999999790e+01, best bound 1.999999999790e+01, gap 0.0000%

Instance 8_2, formulation altered, reform hull:
  Rect 0: x = 4.00, y = 6.00
  Rect 1: x = 18.00, y = 10.00
  Rect 2: x = 12.00, y = 7.00
  Rect 3: x = 0.00, y = 10.00
  Rect 4: x = 4.00, y = 10.00
  Rect 5: x = 9.00, y = 4.00
  Rect 6: x = 0.00, y = 1.00
  Rect 7: x = 9.00, y = 7.00
  → saved figures to strip_figures/8_2_altered_hull.png and strip_figures/8_2_altered_hull.pdf
Set parameter TokenServer to value "mooring.ecn.purdue.edu"
Read LP format model from file /tmp/tmpxiv6hyyz.pyomo.lp
Reading time = 0.00 seconds
x130: 373 rows, 130 columns, 913 nonzeros
Set parameter TimeLimit to value 1800
Set parameter Threads to value 1
Gurobi Optimizer version 11.0.0 build v11.0.0rc2 (linux64 - "Oracle Linux Server 9.6")

CPU model: AMD EPYC 7643 48-Core Processor, instruction set [SSE2|AVX|AVX2]
Thread count: 48 physical cores, 96 logical processors, using up to 1 threads

Optimize a model with 373 rows, 130 columns and 913 nonzeros
Model fingerprint: 0x4b7f3500
Variable types: 18 continuous, 112 integer (112 binary)
Coefficient statistics:
  Matrix range     [1e+00, 5e+01]
  Objective range  [1e+00, 1e+00]
  Bounds range     [1e+00, 4e+01]
  RHS range        [1e+00, 4e+01]
Found heuristic solution: objective 27.0000000
Presolve removed 261 rows and 39 columns
Presolve time: 0.00s
Presolved: 112 rows, 91 columns, 342 nonzeros
Variable types: 15 continuous, 76 integer (76 binary)

Root relaxation: objective 1.500000e+01, 42 iterations, 0.00 seconds (0.00 work units)

    Nodes    |    Current Node    |     Objective Bounds      |     Work
 Expl Unexpl |  Obj  Depth IntInf | Incumbent    BestBd   Gap | It/Node Time

     0     0   15.00000    0    5   27.00000   15.00000  44.4%     -    0s
H    0     0                      24.0000000   15.00000  37.5%     -    0s
     0     0   15.00000    0   12   24.00000   15.00000  37.5%     -    0s
H    0     0                      23.0000000   15.00000  34.8%     -    0s
H    0     0                      22.0000000   15.00000  31.8%     -    0s
H    0     0                      20.0000000   15.00000  25.0%     -    0s
     0     0   15.00000    0   14   20.00000   15.00000  25.0%     -    0s
     0     0   15.00000    0    4   20.00000   15.00000  25.0%     -    0s
     0     0   15.00000    0    9   20.00000   15.00000  25.0%     -    0s
     0     0   15.00000    0    9   20.00000   15.00000  25.0%     -    0s
     0     0   15.00000    0   13   20.00000   15.00000  25.0%     -    0s
     0     0   15.00000    0   10   20.00000   15.00000  25.0%     -    0s
     0     0   15.00000    0    5   20.00000   15.00000  25.0%     -    0s
     0     0   15.00000    0    5   20.00000   15.00000  25.0%     -    0s
     0     2   15.00000    0    5   20.00000   15.00000  25.0%     -    0s

Cutting planes:
  Cover: 73
  Implied bound: 56
  Clique: 2
  MIR: 34
  Inf proof: 10
  RLT: 3
  Relax-and-lift: 10
  PSD: 3

Explored 620 nodes (3962 simplex iterations) in 0.11 seconds (0.06 work units)
Thread count was 1 (of 96 available processors)

Solution count 5: 20 22 23 ... 27

Optimal solution found (tolerance 1.00e-04)
Best objective 2.000000000000e+01, best bound 2.000000000000e+01, gap 0.0000%

Instance 8_2, formulation tres, reform bigm:
  Rect 0: x = 11.00, y = 5.00
  Rect 1: x = 0.00, y = 10.00
  Rect 2: x = 5.00, y = 3.00
  Rect 3: x = 16.00, y = 10.00
  Rect 4: x = 2.00, y = 9.00
  Rect 5: x = 2.00, y = 6.00
  Rect 6: x = 16.00, y = 1.00
  Rect 7: x = 2.00, y = 3.00
  → saved figures to strip_figures/8_2_tres_bigm.png and strip_figures/8_2_tres_bigm.pdf
Set parameter TokenServer to value "mooring.ecn.purdue.edu"
Read LP format model from file /tmp/tmppjyihyla.pyomo.lp
Reading time = 0.00 seconds
x578: 1157 rows, 578 columns, 3027 nonzeros
Set parameter TimeLimit to value 1800
Set parameter Threads to value 1
Gurobi Optimizer version 11.0.0 build v11.0.0rc2 (linux64 - "Oracle Linux Server 9.6")

CPU model: AMD EPYC 7643 48-Core Processor, instruction set [SSE2|AVX|AVX2]
Thread count: 48 physical cores, 96 logical processors, using up to 1 threads

Optimize a model with 1157 rows, 578 columns and 3027 nonzeros
Model fingerprint: 0x0d98c882
Variable types: 466 continuous, 112 integer (112 binary)
Coefficient statistics:
  Matrix range     [1e+00, 4e+01]
  Objective range  [1e+00, 1e+00]
  Bounds range     [1e+00, 4e+01]
  RHS range        [1e+00, 1e+01]
Presolve removed 455 rows and 190 columns
Presolve time: 0.00s
Presolved: 702 rows, 388 columns, 1856 nonzeros
Variable types: 312 continuous, 76 integer (76 binary)
Found heuristic solution: objective 42.0000000
Found heuristic solution: objective 35.0000000

Root relaxation: objective 1.500000e+01, 170 iterations, 0.00 seconds (0.00 work units)

    Nodes    |    Current Node    |     Objective Bounds      |     Work
 Expl Unexpl |  Obj  Depth IntInf | Incumbent    BestBd   Gap | It/Node Time

     0     0   15.00000    0   12   35.00000   15.00000  57.1%     -    0s
H    0     0                      32.0000000   15.00000  53.1%     -    0s
     0     0   15.00000    0   20   32.00000   15.00000  53.1%     -    0s
H    0     0                      31.0000000   15.00000  51.6%     -    0s
     0     0   15.00000    0   25   31.00000   15.00000  51.6%     -    0s
     0     0   15.00000    0   15   31.00000   15.00000  51.6%     -    0s
H    0     0                      24.0000000   15.00000  37.5%     -    0s
     0     0   15.00000    0   18   24.00000   15.00000  37.5%     -    0s
     0     0   15.00000    0    8   24.00000   15.00000  37.5%     -    0s
H    0     0                      20.0000000   15.00000  25.0%     -    0s
     0     0   15.00000    0    5   20.00000   15.00000  25.0%     -    0s
     0     0   15.00000    0   25   20.00000   15.00000  25.0%     -    0s
     0     0   15.00000    0   13   20.00000   15.00000  25.0%     -    0s
     0     0   15.00000    0   15   20.00000   15.00000  25.0%     -    0s
     0     0   15.00000    0   14   20.00000   15.00000  25.0%     -    0s
     0     2   15.00000    0   14   20.00000   15.00000  25.0%     -    0s
H  248    48                      20.0000000   17.00000  15.0%  14.0    0s

Cutting planes:
  Gomory: 7
  Cover: 54
  Implied bound: 93
  Clique: 1
  MIR: 22
  Flow cover: 62
  Inf proof: 4
  RLT: 16
  Relax-and-lift: 14

Explored 876 nodes (12508 simplex iterations) in 0.40 seconds (0.30 work units)
Thread count was 1 (of 96 available processors)

Solution count 7: 20 20 24 ... 42

Optimal solution found (tolerance 1.00e-04)
Best objective 1.999999999790e+01, best bound 1.999999999790e+01, gap 0.0000%

Instance 8_2, formulation tres, reform hull:
  Rect 0: x = 4.00, y = 6.00
  Rect 1: x = 18.00, y = 10.00
  Rect 2: x = 12.00, y = 7.00
  Rect 3: x = 0.00, y = 10.00
  Rect 4: x = 4.00, y = 10.00
  Rect 5: x = 9.00, y = 4.00
  Rect 6: x = 0.00, y = 1.00
  Rect 7: x = 9.00, y = 7.00
  → saved figures to strip_figures/8_2_tres_hull.png and strip_figures/8_2_tres_hull.pdf
Set parameter TokenServer to value "mooring.ecn.purdue.edu"
Read LP format model from file /tmp/tmp1nyvmj5c.pyomo.lp
Reading time = 0.00 seconds
x130: 149 rows, 130 columns, 780 nonzeros
Set parameter TimeLimit to value 1800
Set parameter Threads to value 1
Gurobi Optimizer version 11.0.0 build v11.0.0rc2 (linux64 - "Oracle Linux Server 9.6")

CPU model: AMD EPYC 7643 48-Core Processor, instruction set [SSE2|AVX|AVX2]
Thread count: 48 physical cores, 96 logical processors, using up to 1 threads

Optimize a model with 149 rows, 130 columns and 780 nonzeros
Model fingerprint: 0xa326c725
Variable types: 18 continuous, 112 integer (112 binary)
Coefficient statistics:
  Matrix range     [1e+00, 4e+01]
  Objective range  [1e+00, 1e+00]
  Bounds range     [1e+00, 4e+01]
  RHS range        [1e+00, 1e+01]
Found heuristic solution: objective 33.0000000
Presolve removed 37 rows and 39 columns
Presolve time: 0.00s
Presolved: 112 rows, 91 columns, 456 nonzeros
Variable types: 15 continuous, 76 integer (76 binary)

Root relaxation: objective 1.500000e+01, 37 iterations, 0.00 seconds (0.00 work units)

    Nodes    |    Current Node    |     Objective Bounds      |     Work
 Expl Unexpl |  Obj  Depth IntInf | Incumbent    BestBd   Gap | It/Node Time

     0     0   15.00000    0    3   33.00000   15.00000  54.5%     -    0s
H    0     0                      24.0000000   15.00000  37.5%     -    0s
H    0     0                      20.0000000   15.00000  25.0%     -    0s
     0     0   15.00000    0   11   20.00000   15.00000  25.0%     -    0s
     0     0   15.00000    0   12   20.00000   15.00000  25.0%     -    0s
     0     0   15.00000    0   13   20.00000   15.00000  25.0%     -    0s
     0     0   15.00000    0    4   20.00000   15.00000  25.0%     -    0s
     0     0   15.00000    0    3   20.00000   15.00000  25.0%     -    0s
     0     0   15.00000    0    3   20.00000   15.00000  25.0%     -    0s
     0     0   15.00000    0    4   20.00000   15.00000  25.0%     -    0s
     0     0   15.00000    0    4   20.00000   15.00000  25.0%     -    0s
     0     2   15.00000    0    4   20.00000   15.00000  25.0%     -    0s
H   87    35                      19.9999950   15.00000  25.0%   5.7    0s

Cutting planes:
  Gomory: 1
  Cover: 48
  Implied bound: 41
  Clique: 2
  MIR: 22
  GUB cover: 2
  Inf proof: 8
  Zero half: 1
  RLT: 4
  Relax-and-lift: 3

Explored 718 nodes (3909 simplex iterations) in 0.11 seconds (0.06 work units)
Thread count was 1 (of 96 available processors)

Solution count 4: 20 20 24 33 

Optimal solution found (tolerance 1.00e-04)
Warning: max constraint violation (4.9979e-06) exceeds tolerance
Best objective 1.999999500209e+01, best bound 1.999999500209e+01, gap 0.0000%

Instance 8_2, formulation reagg, reform MIP:
  Rect 0: x = 13.00, y = 8.00
  Rect 1: x = 0.00, y = 10.00
  Rect 2: x = 6.00, y = 6.00
  Rect 3: x = 2.00, y = 9.00
  Rect 4: x = 9.00, y = 3.00
  Rect 5: x = 6.00, y = 9.00
  Rect 6: x = 2.00, y = 10.00
  Rect 7: x = 6.00, y = 3.00
  → saved figures to strip_figures/8_2_reagg_MIP.png and strip_figures/8_2_reagg_MIP.pdf
Set parameter TokenServer to value "mooring.ecn.purdue.edu"
Read LP format model from file /tmp/tmply5btk84.pyomo.lp
Reading time = 0.00 seconds
x130: 149 rows, 130 columns, 780 nonzeros
Set parameter TimeLimit to value 1800
Set parameter Threads to value 1
Gurobi Optimizer version 11.0.0 build v11.0.0rc2 (linux64 - "Oracle Linux Server 9.6")

CPU model: AMD EPYC 7643 48-Core Processor, instruction set [SSE2|AVX|AVX2]
Thread count: 48 physical cores, 96 logical processors, using up to 1 threads

Optimize a model with 149 rows, 130 columns and 780 nonzeros
Model fingerprint: 0xb34913e5
Variable types: 18 continuous, 112 integer (112 binary)
Coefficient statistics:
  Matrix range     [1e+00, 4e+01]
  Objective range  [1e+00, 1e+00]
  Bounds range     [1e+00, 4e+01]
  RHS range        [1e+00, 1e+01]
Found heuristic solution: objective 27.0000000
Presolve removed 37 rows and 40 columns
Presolve time: 0.00s
Presolved: 112 rows, 90 columns, 440 nonzeros
Variable types: 15 continuous, 75 integer (75 binary)

Root relaxation: objective 1.500000e+01, 42 iterations, 0.00 seconds (0.00 work units)

    Nodes    |    Current Node    |     Objective Bounds      |     Work
 Expl Unexpl |  Obj  Depth IntInf | Incumbent    BestBd   Gap | It/Node Time

     0     0   15.00000    0    4   27.00000   15.00000  44.4%     -    0s
H    0     0                      20.0000000   15.00000  25.0%     -    0s
     0     0   15.00000    0   13   20.00000   15.00000  25.0%     -    0s
     0     0   15.00000    0   12   20.00000   15.00000  25.0%     -    0s
     0     0   15.00000    0    7   20.00000   15.00000  25.0%     -    0s
     0     0   15.00000    0    7   20.00000   15.00000  25.0%     -    0s
     0     0   15.00000    0    4   20.00000   15.00000  25.0%     -    0s
     0     0   15.00000    0    6   20.00000   15.00000  25.0%     -    0s
     0     0   15.00000    0    8   20.00000   15.00000  25.0%     -    0s
     0     0   15.00000    0    3   20.00000   15.00000  25.0%     -    0s
     0     0   15.00000    0    9   20.00000   15.00000  25.0%     -    0s
     0     0   15.00000    0    9   20.00000   15.00000  25.0%     -    0s
     0     2   15.00000    0    9   20.00000   15.00000  25.0%     -    0s
H   59    25                      19.9999950   15.00000  25.0%   6.2    0s
*  154    47              11      19.9999950   15.00000  25.0%   6.9    0s

Cutting planes:
  Gomory: 1
  Cover: 44
  Implied bound: 41
  MIR: 34
  StrongCG: 1
  GUB cover: 4
  Inf proof: 5
  RLT: 6
  Relax-and-lift: 6

Explored 511 nodes (3876 simplex iterations) in 0.10 seconds (0.06 work units)
Thread count was 1 (of 96 available processors)

Solution count 4: 20 20 20 27 

Optimal solution found (tolerance 1.00e-04)
Warning: max constraint violation (5.0000e-06) exceeds tolerance
Best objective 1.999999499999e+01, best bound 1.999999499999e+01, gap 0.0000%

Instance 8_2, formulation reagg_tres, reform MIP:
  Rect 0: x = 6.00, y = 5.00
  Rect 1: x = 4.00, y = 10.00
  Rect 2: x = 11.00, y = 3.00
  Rect 3: x = 0.00, y = 9.00
  Rect 4: x = 9.00, y = 9.00
  Rect 5: x = 13.00, y = 6.00
  Rect 6: x = 0.00, y = 10.00
  Rect 7: x = 17.00, y = 3.00
  → saved figures to strip_figures/8_2_reagg_tres_MIP.png and strip_figures/8_2_reagg_tres_MIP.pdf
Set parameter TokenServer to value "mooring.ecn.purdue.edu"
Read LP format model from file /tmp/tmp0lc9gn18.pyomo.lp
Reading time = 0.00 seconds
x130: 373 rows, 130 columns, 913 nonzeros
Set parameter TimeLimit to value 1800
Set parameter Threads to value 1
Gurobi Optimizer version 11.0.0 build v11.0.0rc2 (linux64 - "Oracle Linux Server 9.6")

CPU model: AMD EPYC 7643 48-Core Processor, instruction set [SSE2|AVX|AVX2]
Thread count: 48 physical cores, 96 logical processors, using up to 1 threads

Optimize a model with 373 rows, 130 columns and 913 nonzeros
Model fingerprint: 0x3ac5f31d
Variable types: 18 continuous, 112 integer (112 binary)
Coefficient statistics:
  Matrix range     [1e+00, 6e+01]
  Objective range  [1e+00, 1e+00]
  Bounds range     [1e+00, 5e+01]
  RHS range        [1e+00, 5e+01]
Found heuristic solution: objective 42.0000000
Presolve removed 285 rows and 64 columns
Presolve time: 0.00s
Presolved: 88 rows, 66 columns, 260 nonzeros
Variable types: 14 continuous, 52 integer (52 binary)

Root relaxation: objective 2.300000e+01, 34 iterations, 0.00 seconds (0.00 work units)

    Nodes    |    Current Node    |     Objective Bounds      |     Work
 Expl Unexpl |  Obj  Depth IntInf | Incumbent    BestBd   Gap | It/Node Time

     0     0   23.00000    0    6   42.00000   23.00000  45.2%     -    0s
     0     0   25.85714    0   15   42.00000   25.85714  38.4%     -    0s
     0     0   29.00000    0   15   42.00000   29.00000  31.0%     -    0s
     0     0   29.00000    0   15   42.00000   29.00000  31.0%     -    0s
     0     0   29.00000    0   14   42.00000   29.00000  31.0%     -    0s
     0     0   29.00000    0   14   42.00000   29.00000  31.0%     -    0s
     0     0   29.00000    0   15   42.00000   29.00000  31.0%     -    0s
     0     0   29.00000    0   15   42.00000   29.00000  31.0%     -    0s
     0     0   29.00000    0   14   42.00000   29.00000  31.0%     -    0s
     0     0   29.00000    0   15   42.00000   29.00000  31.0%     -    0s
     0     0   29.00000    0   15   42.00000   29.00000  31.0%     -    0s
     0     0   29.00000    0   15   42.00000   29.00000  31.0%     -    0s
     0     0   29.00000    0   16   42.00000   29.00000  31.0%     -    0s
     0     0   29.00000    0   16   42.00000   29.00000  31.0%     -    0s
     0     0   29.00000    0   16   42.00000   29.00000  31.0%     -    0s
     0     0   29.00000    0   16   42.00000   29.00000  31.0%     -    0s
     0     0   29.00000    0   16   42.00000   29.00000  31.0%     -    0s
     0     2   29.00000    0   16   42.00000   29.00000  31.0%     -    0s

Cutting planes:
  Learned: 1
  Gomory: 8
  Cover: 2
  Implied bound: 8
  MIR: 45
  RLT: 10

Explored 332 nodes (2391 simplex iterations) in 0.09 seconds (0.04 work units)
Thread count was 1 (of 96 available processors)

Solution count 1: 42 

Optimal solution found (tolerance 1.00e-04)
Best objective 4.200000000000e+01, best bound 4.200000000000e+01, gap 0.0000%

Instance 8_3, formulation altered, reform bigm:
  Rect 0: x = 0.00, y = 10.00
  Rect 1: x = 3.00, y = 10.00
  Rect 2: x = 19.00, y = 10.00
  Rect 3: x = 6.00, y = 9.00
  Rect 4: x = 6.00, y = 1.00
  Rect 5: x = 8.00, y = 10.00
  Rect 6: x = 30.00, y = 10.00
  Rect 7: x = 10.00, y = 3.00
  → saved figures to strip_figures/8_3_altered_bigm.png and strip_figures/8_3_altered_bigm.pdf
Set parameter TokenServer to value "mooring.ecn.purdue.edu"
Read LP format model from file /tmp/tmp9dro8j64.pyomo.lp
Reading time = 0.00 seconds
x578: 1157 rows, 578 columns, 3027 nonzeros
Set parameter TimeLimit to value 1800
Set parameter Threads to value 1
Gurobi Optimizer version 11.0.0 build v11.0.0rc2 (linux64 - "Oracle Linux Server 9.6")

CPU model: AMD EPYC 7643 48-Core Processor, instruction set [SSE2|AVX|AVX2]
Thread count: 48 physical cores, 96 logical processors, using up to 1 threads

Optimize a model with 1157 rows, 578 columns and 3027 nonzeros
Model fingerprint: 0x84a3b28d
Variable types: 466 continuous, 112 integer (112 binary)
Coefficient statistics:
  Matrix range     [1e+00, 5e+01]
  Objective range  [1e+00, 1e+00]
  Bounds range     [1e+00, 5e+01]
  RHS range        [1e+00, 1e+01]
Presolve removed 591 rows and 302 columns
Presolve time: 0.00s
Presolved: 566 rows, 276 columns, 1500 nonzeros
Variable types: 224 continuous, 52 integer (52 binary)
Found heuristic solution: objective 49.0000000

Root relaxation: objective 2.300000e+01, 101 iterations, 0.00 seconds (0.00 work units)

    Nodes    |    Current Node    |     Objective Bounds      |     Work
 Expl Unexpl |  Obj  Depth IntInf | Incumbent    BestBd   Gap | It/Node Time

     0     0   23.00000    0    4   49.00000   23.00000  53.1%     -    0s
H    0     0                      42.0000000   23.00000  45.2%     -    0s
     0     0   23.00000    0   10   42.00000   23.00000  45.2%     -    0s
     0     0   23.00000    0    5   42.00000   23.00000  45.2%     -    0s
     0     0   23.00000    0   13   42.00000   23.00000  45.2%     -    0s
     0     0   23.00000    0    8   42.00000   23.00000  45.2%     -    0s
     0     0   23.00000    0   12   42.00000   23.00000  45.2%     -    0s
     0     0   23.00000    0   12   42.00000   23.00000  45.2%     -    0s
     0     0   23.00000    0    9   42.00000   23.00000  45.2%     -    0s
     0     2   23.00000    0    9   42.00000   23.00000  45.2%     -    0s
*  187    66              14      42.0000000   34.27273  18.4%   9.4    0s

Cutting planes:
  Cover: 6
  Implied bound: 21
  MIR: 10
  Flow cover: 39
  RLT: 28
  Relax-and-lift: 9
  BQP: 2
  PSD: 1

Explored 1062 nodes (10058 simplex iterations) in 0.32 seconds (0.24 work units)
Thread count was 1 (of 96 available processors)

Solution count 3: 42 42 49 

Optimal solution found (tolerance 1.00e-04)
Best objective 4.199999999570e+01, best bound 4.199999999570e+01, gap 0.0000%

Instance 8_3, formulation altered, reform hull:
  Rect 0: x = 28.00, y = 7.00
  Rect 1: x = 25.00, y = 10.00
  Rect 2: x = 31.00, y = 10.00
  Rect 3: x = 0.00, y = 10.00
  Rect 4: x = 21.00, y = 1.00
  Rect 5: x = 14.00, y = 10.00
  Rect 6: x = 2.00, y = 10.00
  Rect 7: x = 14.00, y = 3.00
  → saved figures to strip_figures/8_3_altered_hull.png and strip_figures/8_3_altered_hull.pdf
Set parameter TokenServer to value "mooring.ecn.purdue.edu"
Read LP format model from file /tmp/tmpr5wrg_px.pyomo.lp
Reading time = 0.00 seconds
x130: 373 rows, 130 columns, 913 nonzeros
Set parameter TimeLimit to value 1800
Set parameter Threads to value 1
Gurobi Optimizer version 11.0.0 build v11.0.0rc2 (linux64 - "Oracle Linux Server 9.6")

CPU model: AMD EPYC 7643 48-Core Processor, instruction set [SSE2|AVX|AVX2]
Thread count: 48 physical cores, 96 logical processors, using up to 1 threads

Optimize a model with 373 rows, 130 columns and 913 nonzeros
Model fingerprint: 0x3ac5f31d
Variable types: 18 continuous, 112 integer (112 binary)
Coefficient statistics:
  Matrix range     [1e+00, 6e+01]
  Objective range  [1e+00, 1e+00]
  Bounds range     [1e+00, 5e+01]
  RHS range        [1e+00, 5e+01]
Found heuristic solution: objective 42.0000000
Presolve removed 285 rows and 64 columns
Presolve time: 0.00s
Presolved: 88 rows, 66 columns, 260 nonzeros
Variable types: 14 continuous, 52 integer (52 binary)

Root relaxation: objective 2.300000e+01, 34 iterations, 0.00 seconds (0.00 work units)

    Nodes    |    Current Node    |     Objective Bounds      |     Work
 Expl Unexpl |  Obj  Depth IntInf | Incumbent    BestBd   Gap | It/Node Time

     0     0   23.00000    0    6   42.00000   23.00000  45.2%     -    0s
     0     0   25.85714    0   15   42.00000   25.85714  38.4%     -    0s
     0     0   29.00000    0   15   42.00000   29.00000  31.0%     -    0s
     0     0   29.00000    0   15   42.00000   29.00000  31.0%     -    0s
     0     0   29.00000    0   14   42.00000   29.00000  31.0%     -    0s
     0     0   29.00000    0   14   42.00000   29.00000  31.0%     -    0s
     0     0   29.00000    0   15   42.00000   29.00000  31.0%     -    0s
     0     0   29.00000    0   15   42.00000   29.00000  31.0%     -    0s
     0     0   29.00000    0   14   42.00000   29.00000  31.0%     -    0s
     0     0   29.00000    0   15   42.00000   29.00000  31.0%     -    0s
     0     0   29.00000    0   15   42.00000   29.00000  31.0%     -    0s
     0     0   29.00000    0   15   42.00000   29.00000  31.0%     -    0s
     0     0   29.00000    0   16   42.00000   29.00000  31.0%     -    0s
     0     0   29.00000    0   16   42.00000   29.00000  31.0%     -    0s
     0     0   29.00000    0   16   42.00000   29.00000  31.0%     -    0s
     0     0   29.00000    0   16   42.00000   29.00000  31.0%     -    0s
     0     0   29.00000    0   16   42.00000   29.00000  31.0%     -    0s
     0     2   29.00000    0   16   42.00000   29.00000  31.0%     -    0s

Cutting planes:
  Learned: 1
  Gomory: 8
  Cover: 2
  Implied bound: 8
  MIR: 45
  RLT: 10

Explored 332 nodes (2391 simplex iterations) in 0.09 seconds (0.04 work units)
Thread count was 1 (of 96 available processors)

Solution count 1: 42 

Optimal solution found (tolerance 1.00e-04)
Best objective 4.200000000000e+01, best bound 4.200000000000e+01, gap 0.0000%

Instance 8_3, formulation tres, reform bigm:
  Rect 0: x = 0.00, y = 10.00
  Rect 1: x = 3.00, y = 10.00
  Rect 2: x = 19.00, y = 10.00
  Rect 3: x = 6.00, y = 9.00
  Rect 4: x = 6.00, y = 1.00
  Rect 5: x = 8.00, y = 10.00
  Rect 6: x = 30.00, y = 10.00
  Rect 7: x = 10.00, y = 3.00
  → saved figures to strip_figures/8_3_tres_bigm.png and strip_figures/8_3_tres_bigm.pdf
Set parameter TokenServer to value "mooring.ecn.purdue.edu"
Read LP format model from file /tmp/tmp2bb4riy8.pyomo.lp
Reading time = 0.00 seconds
x578: 1157 rows, 578 columns, 3027 nonzeros
Set parameter TimeLimit to value 1800
Set parameter Threads to value 1
Gurobi Optimizer version 11.0.0 build v11.0.0rc2 (linux64 - "Oracle Linux Server 9.6")

CPU model: AMD EPYC 7643 48-Core Processor, instruction set [SSE2|AVX|AVX2]
Thread count: 48 physical cores, 96 logical processors, using up to 1 threads

Optimize a model with 1157 rows, 578 columns and 3027 nonzeros
Model fingerprint: 0x84a3b28d
Variable types: 466 continuous, 112 integer (112 binary)
Coefficient statistics:
  Matrix range     [1e+00, 5e+01]
  Objective range  [1e+00, 1e+00]
  Bounds range     [1e+00, 5e+01]
  RHS range        [1e+00, 1e+01]
Presolve removed 591 rows and 302 columns
Presolve time: 0.00s
Presolved: 566 rows, 276 columns, 1500 nonzeros
Variable types: 224 continuous, 52 integer (52 binary)
Found heuristic solution: objective 49.0000000

Root relaxation: objective 2.300000e+01, 101 iterations, 0.00 seconds (0.00 work units)

    Nodes    |    Current Node    |     Objective Bounds      |     Work
 Expl Unexpl |  Obj  Depth IntInf | Incumbent    BestBd   Gap | It/Node Time

     0     0   23.00000    0    4   49.00000   23.00000  53.1%     -    0s
H    0     0                      42.0000000   23.00000  45.2%     -    0s
     0     0   23.00000    0   10   42.00000   23.00000  45.2%     -    0s
     0     0   23.00000    0    5   42.00000   23.00000  45.2%     -    0s
     0     0   23.00000    0   13   42.00000   23.00000  45.2%     -    0s
     0     0   23.00000    0    8   42.00000   23.00000  45.2%     -    0s
     0     0   23.00000    0   12   42.00000   23.00000  45.2%     -    0s
     0     0   23.00000    0   12   42.00000   23.00000  45.2%     -    0s
     0     0   23.00000    0    9   42.00000   23.00000  45.2%     -    0s
     0     2   23.00000    0    9   42.00000   23.00000  45.2%     -    0s
*  187    66              14      42.0000000   34.27273  18.4%   9.4    0s

Cutting planes:
  Cover: 6
  Implied bound: 21
  MIR: 10
  Flow cover: 39
  RLT: 28
  Relax-and-lift: 9
  BQP: 2
  PSD: 1

Explored 1062 nodes (10058 simplex iterations) in 0.33 seconds (0.24 work units)
Thread count was 1 (of 96 available processors)

Solution count 3: 42 42 49 

Optimal solution found (tolerance 1.00e-04)
Best objective 4.199999999570e+01, best bound 4.199999999570e+01, gap 0.0000%

Instance 8_3, formulation tres, reform hull:
  Rect 0: x = 28.00, y = 7.00
  Rect 1: x = 25.00, y = 10.00
  Rect 2: x = 31.00, y = 10.00
  Rect 3: x = 0.00, y = 10.00
  Rect 4: x = 21.00, y = 1.00
  Rect 5: x = 14.00, y = 10.00
  Rect 6: x = 2.00, y = 10.00
  Rect 7: x = 14.00, y = 3.00
  → saved figures to strip_figures/8_3_tres_hull.png and strip_figures/8_3_tres_hull.pdf
Set parameter TokenServer to value "mooring.ecn.purdue.edu"
Read LP format model from file /tmp/tmpmhyk1j66.pyomo.lp
Reading time = 0.00 seconds
x130: 149 rows, 130 columns, 780 nonzeros
Set parameter TimeLimit to value 1800
Set parameter Threads to value 1
Gurobi Optimizer version 11.0.0 build v11.0.0rc2 (linux64 - "Oracle Linux Server 9.6")

CPU model: AMD EPYC 7643 48-Core Processor, instruction set [SSE2|AVX|AVX2]
Thread count: 48 physical cores, 96 logical processors, using up to 1 threads

Optimize a model with 149 rows, 130 columns and 780 nonzeros
Model fingerprint: 0xb8215adf
Variable types: 18 continuous, 112 integer (112 binary)
Coefficient statistics:
  Matrix range     [1e+00, 5e+01]
  Objective range  [1e+00, 1e+00]
  Bounds range     [1e+00, 5e+01]
  RHS range        [1e+00, 1e+01]
Found heuristic solution: objective 42.0000000
Presolve removed 61 rows and 64 columns
Presolve time: 0.00s
Presolved: 88 rows, 66 columns, 310 nonzeros
Variable types: 14 continuous, 52 integer (52 binary)

Root relaxation: objective 2.300000e+01, 32 iterations, 0.00 seconds (0.00 work units)

    Nodes    |    Current Node    |     Objective Bounds      |     Work
 Expl Unexpl |  Obj  Depth IntInf | Incumbent    BestBd   Gap | It/Node Time

     0     0   23.00000    0    4   42.00000   23.00000  45.2%     -    0s
     0     0   27.21599    0   14   42.00000   27.21599  35.2%     -    0s
     0     0   29.55607    0   15   42.00000   29.55607  29.6%     -    0s
     0     0   29.85714    0   15   42.00000   29.85714  28.9%     -    0s
     0     0   33.01508    0    8   42.00000   33.01508  21.4%     -    0s
     0     0   33.01508    0    9   42.00000   33.01508  21.4%     -    0s
     0     0   33.89695    0   10   42.00000   33.89695  19.3%     -    0s
     0     0   33.91213    0    9   42.00000   33.91213  19.3%     -    0s
     0     0   33.91213    0   10   42.00000   33.91213  19.3%     -    0s
     0     0   33.92341    0    9   42.00000   33.92341  19.2%     -    0s
     0     0   33.92341    0    8   42.00000   33.92341  19.2%     -    0s
     0     0   33.92341    0   10   42.00000   33.92341  19.2%     -    0s
     0     0   33.92341    0    8   42.00000   33.92341  19.2%     -    0s
     0     0   33.92341    0    9   42.00000   33.92341  19.2%     -    0s
     0     0   33.92341    0    9   42.00000   33.92341  19.2%     -    0s
     0     0   33.92341    0   10   42.00000   33.92341  19.2%     -    0s
     0     0   33.92341    0   10   42.00000   33.92341  19.2%     -    0s
     0     0   33.92341    0    6   42.00000   33.92341  19.2%     -    0s
     0     0   33.92341    0    8   42.00000   33.92341  19.2%     -    0s
     0     0   33.92341    0    7   42.00000   33.92341  19.2%     -    0s
     0     0   33.92341    0    7   42.00000   33.92341  19.2%     -    0s
     0     2   34.00000    0    7   42.00000   34.00000  19.0%     -    0s

Cutting planes:
  Gomory: 8
  Cover: 2
  Implied bound: 6
  MIR: 71
  GUB cover: 1
  Inf proof: 1
  RLT: 12
  Relax-and-lift: 10

Explored 383 nodes (3190 simplex iterations) in 0.09 seconds (0.05 work units)
Thread count was 1 (of 96 available processors)

Solution count 1: 42 

Optimal solution found (tolerance 1.00e-04)
Best objective 4.200000000000e+01, best bound 4.200000000000e+01, gap 0.0000%

Instance 8_3, formulation reagg, reform MIP:
  Rect 0: x = 5.00, y = 4.00
  Rect 1: x = 0.00, y = 10.00
  Rect 2: x = 8.00, y = 9.00
  Rect 3: x = 3.00, y = 8.00
  Rect 4: x = 4.00, y = 10.00
  Rect 5: x = 19.00, y = 9.00
  Rect 6: x = 30.00, y = 9.00
  Rect 7: x = 5.00, y = 9.00
  → saved figures to strip_figures/8_3_reagg_MIP.png and strip_figures/8_3_reagg_MIP.pdf
Set parameter TokenServer to value "mooring.ecn.purdue.edu"
Read LP format model from file /tmp/tmp69pixfod.pyomo.lp
Reading time = 0.00 seconds
x130: 149 rows, 130 columns, 780 nonzeros
Set parameter TimeLimit to value 1800
Set parameter Threads to value 1
Gurobi Optimizer version 11.0.0 build v11.0.0rc2 (linux64 - "Oracle Linux Server 9.6")

CPU model: AMD EPYC 7643 48-Core Processor, instruction set [SSE2|AVX|AVX2]
Thread count: 48 physical cores, 96 logical processors, using up to 1 threads

Optimize a model with 149 rows, 130 columns and 780 nonzeros
Model fingerprint: 0x11c5ec53
Variable types: 18 continuous, 112 integer (112 binary)
Coefficient statistics:
  Matrix range     [1e+00, 5e+01]
  Objective range  [1e+00, 1e+00]
  Bounds range     [1e+00, 5e+01]
  RHS range        [1e+00, 1e+01]
Found heuristic solution: objective 42.0000000
Presolve removed 61 rows and 64 columns
Presolve time: 0.00s
Presolved: 88 rows, 66 columns, 301 nonzeros
Variable types: 14 continuous, 52 integer (52 binary)

Root relaxation: objective 2.300000e+01, 32 iterations, 0.00 seconds (0.00 work units)

    Nodes    |    Current Node    |     Objective Bounds      |     Work
 Expl Unexpl |  Obj  Depth IntInf | Incumbent    BestBd   Gap | It/Node Time

     0     0   23.00000    0    6   42.00000   23.00000  45.2%     -    0s
     0     0   24.79906    0   24   42.00000   24.79906  41.0%     -    0s
     0     0   28.12716    0   24   42.00000   28.12716  33.0%     -    0s
     0     0   28.12716    0   21   42.00000   28.12716  33.0%     -    0s
     0     0   28.12716    0   21   42.00000   28.12716  33.0%     -    0s
     0     0   28.12716    0   22   42.00000   28.12716  33.0%     -    0s
     0     0   28.12716    0   20   42.00000   28.12716  33.0%     -    0s
     0     0   28.12716    0   17   42.00000   28.12716  33.0%     -    0s
     0     0   28.12716    0   19   42.00000   28.12716  33.0%     -    0s
     0     0   28.12716    0   19   42.00000   28.12716  33.0%     -    0s
     0     0   28.12716    0   19   42.00000   28.12716  33.0%     -    0s
     0     0   28.41271    0   19   42.00000   28.41271  32.4%     -    0s
     0     0   28.70564    0   17   42.00000   28.70564  31.7%     -    0s
     0     0   28.73831    0   18   42.00000   28.73831  31.6%     -    0s
     0     0   28.76010    0   18   42.00000   28.76010  31.5%     -    0s
     0     0   28.77135    0   19   42.00000   28.77135  31.5%     -    0s
     0     0   28.78189    0   17   42.00000   28.78189  31.5%     -    0s
     0     0   28.78291    0   18   42.00000   28.78291  31.5%     -    0s
     0     0   28.82371    0   19   42.00000   28.82371  31.4%     -    0s
     0     0   28.83669    0   18   42.00000   28.83669  31.3%     -    0s
     0     0   28.84411    0   19   42.00000   28.84411  31.3%     -    0s
     0     0   28.84608    0   19   42.00000   28.84608  31.3%     -    0s
     0     0   28.98077    0   18   42.00000   28.98077  31.0%     -    0s
     0     0   28.98870    0   17   42.00000   28.98870  31.0%     -    0s
     0     0   28.98905    0   18   42.00000   28.98905  31.0%     -    0s
     0     0   29.14530    0   18   42.00000   29.14530  30.6%     -    0s
     0     0   29.14530    0   18   42.00000   29.14530  30.6%     -    0s
     0     0   29.17129    0   19   42.00000   29.17129  30.5%     -    0s
     0     0   29.17186    0   21   42.00000   29.17186  30.5%     -    0s
     0     0   29.38521    0   17   42.00000   29.38521  30.0%     -    0s
     0     0   29.48972    0   20   42.00000   29.48972  29.8%     -    0s
     0     0   29.49726    0   18   42.00000   29.49726  29.8%     -    0s
     0     0   29.49836    0   19   42.00000   29.49836  29.8%     -    0s
     0     0   29.53107    0   20   42.00000   29.53107  29.7%     -    0s
     0     0   29.57907    0   21   42.00000   29.57907  29.6%     -    0s
     0     0   29.60538    0   20   42.00000   29.60538  29.5%     -    0s
     0     0   29.65491    0   21   42.00000   29.65491  29.4%     -    0s
     0     0   29.67408    0   21   42.00000   29.67408  29.3%     -    0s
     0     0   29.69783    0   23   42.00000   29.69783  29.3%     -    0s
     0     0   29.70110    0   24   42.00000   29.70110  29.3%     -    0s
     0     0   29.70112    0   24   42.00000   29.70112  29.3%     -    0s
     0     0   29.70112    0   22   42.00000   29.70112  29.3%     -    0s
     0     0   29.70353    0   24   42.00000   29.70353  29.3%     -    0s
     0     0   29.70988    0   24   42.00000   29.70988  29.3%     -    0s
     0     0   29.70988    0   24   42.00000   29.70988  29.3%     -    0s
     0     0   29.96647    0   22   42.00000   29.96647  28.7%     -    0s
     0     0   29.99257    0   22   42.00000   29.99257  28.6%     -    0s
     0     0   29.99412    0   22   42.00000   29.99412  28.6%     -    0s
     0     0   30.00481    0   23   42.00000   30.00481  28.6%     -    0s
     0     0   30.01108    0   23   42.00000   30.01108  28.5%     -    0s
     0     0   30.01240    0   23   42.00000   30.01240  28.5%     -    0s
     0     0   30.02387    0   22   42.00000   30.02387  28.5%     -    0s
     0     0   30.02408    0   23   42.00000   30.02408  28.5%     -    0s
     0     0   30.05279    0   25   42.00000   30.05279  28.4%     -    0s
     0     0   30.07973    0   24   42.00000   30.07973  28.4%     -    0s
     0     0   30.08354    0   23   42.00000   30.08354  28.4%     -    0s
     0     0   30.08354    0   25   42.00000   30.08354  28.4%     -    0s
     0     0   30.09091    0   25   42.00000   30.09091  28.4%     -    0s
     0     0   30.09195    0   25   42.00000   30.09195  28.4%     -    0s
     0     0   30.09571    0   25   42.00000   30.09571  28.3%     -    0s
     0     0   30.09571    0   25   42.00000   30.09571  28.3%     -    0s
     0     0   30.09571    0   16   42.00000   30.09571  28.3%     -    0s
     0     2   30.11227    0   13   42.00000   30.11227  28.3%     -    0s

Cutting planes:
  Gomory: 8
  Implied bound: 4
  MIR: 39
  RLT: 7
  Relax-and-lift: 1

Explored 201 nodes (2910 simplex iterations) in 0.11 seconds (0.06 work units)
Thread count was 1 (of 96 available processors)

Solution count 1: 42 

Optimal solution found (tolerance 1.00e-04)
Best objective 4.200000000000e+01, best bound 4.200000000000e+01, gap 0.0000%

Instance 8_3, formulation reagg_tres, reform MIP:
  Rect 0: x = 3.00, y = 8.00
  Rect 1: x = 0.00, y = 10.00
  Rect 2: x = 31.00, y = 9.00
  Rect 3: x = 6.00, y = 8.00
  Rect 4: x = 3.00, y = 10.00
  Rect 5: x = 8.00, y = 10.00
  Rect 6: x = 19.00, y = 9.00
  Rect 7: x = 3.00, y = 4.00
  → saved figures to strip_figures/8_3_reagg_tres_MIP.png and strip_figures/8_3_reagg_tres_MIP.pdf
Set parameter TokenServer to value "mooring.ecn.purdue.edu"
Read LP format model from file /tmp/tmp57mdbkki.pyomo.lp
Reading time = 0.00 seconds
x130: 373 rows, 130 columns, 913 nonzeros
Set parameter TimeLimit to value 1800
Set parameter Threads to value 1
Gurobi Optimizer version 11.0.0 build v11.0.0rc2 (linux64 - "Oracle Linux Server 9.6")

CPU model: AMD EPYC 7643 48-Core Processor, instruction set [SSE2|AVX|AVX2]
Thread count: 48 physical cores, 96 logical processors, using up to 1 threads

Optimize a model with 373 rows, 130 columns and 913 nonzeros
Model fingerprint: 0x88d6c930
Variable types: 18 continuous, 112 integer (112 binary)
Coefficient statistics:
  Matrix range     [1e+00, 9e+01]
  Objective range  [1e+00, 1e+00]
  Bounds range     [1e+00, 8e+01]
  RHS range        [1e+00, 8e+01]
Found heuristic solution: objective 65.0000000
Presolve removed 276 rows and 54 columns
Presolve time: 0.00s
Presolved: 97 rows, 76 columns, 292 nonzeros
Variable types: 15 continuous, 61 integer (61 binary)

Root relaxation: objective 3.100000e+01, 35 iterations, 0.00 seconds (0.00 work units)

    Nodes    |    Current Node    |     Objective Bounds      |     Work
 Expl Unexpl |  Obj  Depth IntInf | Incumbent    BestBd   Gap | It/Node Time

     0     0   31.00000    0    6   65.00000   31.00000  52.3%     -    0s
     0     0   31.00000    0   16   65.00000   31.00000  52.3%     -    0s
     0     0   31.00000    0   16   65.00000   31.00000  52.3%     -    0s
     0     0   31.13317    0   16   65.00000   31.13317  52.1%     -    0s
H    0     0                      64.0000000   32.54839  49.1%     -    0s
     0     0   36.33333    0   10   64.00000   36.33333  43.2%     -    0s
     0     0   42.50000    0    6   64.00000   42.50000  33.6%     -    0s
     0     0   42.50000    0    5   64.00000   42.50000  33.6%     -    0s
     0     0   42.50000    0    6   64.00000   42.50000  33.6%     -    0s
     0     0   42.50000    0    6   64.00000   42.50000  33.6%     -    0s
     0     0   42.50000    0    6   64.00000   42.50000  33.6%     -    0s
     0     0   42.50000    0    6   64.00000   42.50000  33.6%     -    0s
     0     0   42.50000    0    6   64.00000   42.50000  33.6%     -    0s
     0     0   42.50000    0    6   64.00000   42.50000  33.6%     -    0s
     0     2   42.50000    0    6   64.00000   42.50000  33.6%     -    0s
*  405    63              14      64.0000000   44.00000  31.2%   6.9    0s

Cutting planes:
  Gomory: 1
  Cover: 29
  Implied bound: 43
  Clique: 3
  MIR: 53
  Inf proof: 4
  RLT: 12
  Relax-and-lift: 1

Explored 597 nodes (4381 simplex iterations) in 0.13 seconds (0.07 work units)
Thread count was 1 (of 96 available processors)

Solution count 3: 64 64 65 

Optimal solution found (tolerance 1.00e-04)
Best objective 6.399999999350e+01, best bound 6.399999999350e+01, gap 0.0000%

Instance 8_4, formulation altered, reform bigm:
  Rect 0: x = 40.00, y = 14.00
  Rect 1: x = 31.00, y = 5.00
  Rect 2: x = 55.00, y = 5.00
  Rect 3: x = 0.00, y = 14.00
  Rect 4: x = 16.00, y = 2.00
  Rect 5: x = 52.00, y = 14.00
  Rect 6: x = 16.00, y = 12.00
  Rect 7: x = 31.00, y = 14.00
  → saved figures to strip_figures/8_4_altered_bigm.png and strip_figures/8_4_altered_bigm.pdf
Set parameter TokenServer to value "mooring.ecn.purdue.edu"
Read LP format model from file /tmp/tmpv5e2zxtv.pyomo.lp
Reading time = 0.00 seconds
x578: 1157 rows, 578 columns, 3027 nonzeros
Set parameter TimeLimit to value 1800
Set parameter Threads to value 1
Gurobi Optimizer version 11.0.0 build v11.0.0rc2 (linux64 - "Oracle Linux Server 9.6")

CPU model: AMD EPYC 7643 48-Core Processor, instruction set [SSE2|AVX|AVX2]
Thread count: 48 physical cores, 96 logical processors, using up to 1 threads

Optimize a model with 1157 rows, 578 columns and 3027 nonzeros
Model fingerprint: 0x47c7fee0
Variable types: 466 continuous, 112 integer (112 binary)
Coefficient statistics:
  Matrix range     [1e+00, 8e+01]
  Objective range  [1e+00, 1e+00]
  Bounds range     [1e+00, 8e+01]
  RHS range        [1e+00, 2e+01]
Presolve removed 546 rows and 263 columns
Presolve time: 0.00s
Presolved: 611 rows, 315 columns, 1620 nonzeros
Variable types: 254 continuous, 61 integer (61 binary)
Found heuristic solution: objective 78.0000000
Found heuristic solution: objective 66.0000000

Root relaxation: objective 3.100000e+01, 111 iterations, 0.00 seconds (0.00 work units)

    Nodes    |    Current Node    |     Objective Bounds      |     Work
 Expl Unexpl |  Obj  Depth IntInf | Incumbent    BestBd   Gap | It/Node Time

     0     0   31.00000    0   16   66.00000   31.00000  53.0%     -    0s
     0     0   31.00000    0   28   66.00000   31.00000  53.0%     -    0s
     0     0   31.00000    0   28   66.00000   31.00000  53.0%     -    0s
     0     0   31.00000    0   16   66.00000   31.00000  53.0%     -    0s
H    0     0                      65.0000000   31.00000  52.3%     -    0s
     0     0   31.00000    0   18   65.00000   31.00000  52.3%     -    0s
     0     0   31.00000    0   13   65.00000   31.00000  52.3%     -    0s
H    0     0                      64.0000000   31.00000  51.6%     -    0s
     0     0   31.00000    0   21   64.00000   31.00000  51.6%     -    0s
     0     0   31.00000    0   23   64.00000   31.00000  51.6%     -    0s
     0     0   31.00000    0   30   64.00000   31.00000  51.6%     -    0s
     0     0   31.00000    0   14   64.00000   31.00000  51.6%     -    0s
     0     0   31.24354    0   14   64.00000   31.24354  51.2%     -    0s
     0     2   31.24354    0   14   64.00000   31.24354  51.2%     -    0s
*   39    21              30      64.0000000   31.67925  50.5%  14.8    0s

Cutting planes:
  Cover: 7
  Implied bound: 22
  MIR: 14
  Flow cover: 38
  RLT: 26
  Relax-and-lift: 10

Explored 290 nodes (5507 simplex iterations) in 0.21 seconds (0.15 work units)
Thread count was 1 (of 96 available processors)

Solution count 5: 64 64 65 ... 78

Optimal solution found (tolerance 1.00e-04)
Best objective 6.399999999350e+01, best bound 6.399999999350e+01, gap 0.0000%

Instance 8_4, formulation altered, reform hull:
  Rect 0: x = 16.00, y = 12.00
  Rect 1: x = 52.00, y = 5.00
  Rect 2: x = 28.00, y = 5.00
  Rect 3: x = 0.00, y = 14.00
  Rect 4: x = 37.00, y = 4.00
  Rect 5: x = 52.00, y = 14.00
  Rect 6: x = 37.00, y = 14.00
  Rect 7: x = 28.00, y = 14.00
  → saved figures to strip_figures/8_4_altered_hull.png and strip_figures/8_4_altered_hull.pdf
Set parameter TokenServer to value "mooring.ecn.purdue.edu"
Read LP format model from file /tmp/tmpankw6nvb.pyomo.lp
Reading time = 0.00 seconds
x130: 373 rows, 130 columns, 913 nonzeros
Set parameter TimeLimit to value 1800
Set parameter Threads to value 1
Gurobi Optimizer version 11.0.0 build v11.0.0rc2 (linux64 - "Oracle Linux Server 9.6")

CPU model: AMD EPYC 7643 48-Core Processor, instruction set [SSE2|AVX|AVX2]
Thread count: 48 physical cores, 96 logical processors, using up to 1 threads

Optimize a model with 373 rows, 130 columns and 913 nonzeros
Model fingerprint: 0x88d6c930
Variable types: 18 continuous, 112 integer (112 binary)
Coefficient statistics:
  Matrix range     [1e+00, 9e+01]
  Objective range  [1e+00, 1e+00]
  Bounds range     [1e+00, 8e+01]
  RHS range        [1e+00, 8e+01]
Found heuristic solution: objective 65.0000000
Presolve removed 276 rows and 54 columns
Presolve time: 0.00s
Presolved: 97 rows, 76 columns, 292 nonzeros
Variable types: 15 continuous, 61 integer (61 binary)

Root relaxation: objective 3.100000e+01, 35 iterations, 0.00 seconds (0.00 work units)

    Nodes    |    Current Node    |     Objective Bounds      |     Work
 Expl Unexpl |  Obj  Depth IntInf | Incumbent    BestBd   Gap | It/Node Time

     0     0   31.00000    0    6   65.00000   31.00000  52.3%     -    0s
     0     0   31.00000    0   16   65.00000   31.00000  52.3%     -    0s
     0     0   31.00000    0   16   65.00000   31.00000  52.3%     -    0s
     0     0   31.13317    0   16   65.00000   31.13317  52.1%     -    0s
H    0     0                      64.0000000   32.54839  49.1%     -    0s
     0     0   36.33333    0   10   64.00000   36.33333  43.2%     -    0s
     0     0   42.50000    0    6   64.00000   42.50000  33.6%     -    0s
     0     0   42.50000    0    5   64.00000   42.50000  33.6%     -    0s
     0     0   42.50000    0    6   64.00000   42.50000  33.6%     -    0s
     0     0   42.50000    0    6   64.00000   42.50000  33.6%     -    0s
     0     0   42.50000    0    6   64.00000   42.50000  33.6%     -    0s
     0     0   42.50000    0    6   64.00000   42.50000  33.6%     -    0s
     0     0   42.50000    0    6   64.00000   42.50000  33.6%     -    0s
     0     0   42.50000    0    6   64.00000   42.50000  33.6%     -    0s
     0     2   42.50000    0    6   64.00000   42.50000  33.6%     -    0s
*  405    63              14      64.0000000   44.00000  31.2%   6.9    0s

Cutting planes:
  Gomory: 1
  Cover: 29
  Implied bound: 43
  Clique: 3
  MIR: 53
  Inf proof: 4
  RLT: 12
  Relax-and-lift: 1

Explored 597 nodes (4381 simplex iterations) in 0.13 seconds (0.07 work units)
Thread count was 1 (of 96 available processors)

Solution count 3: 64 64 65 

Optimal solution found (tolerance 1.00e-04)
Best objective 6.399999999350e+01, best bound 6.399999999350e+01, gap 0.0000%

Instance 8_4, formulation tres, reform bigm:
  Rect 0: x = 40.00, y = 14.00
  Rect 1: x = 31.00, y = 5.00
  Rect 2: x = 55.00, y = 5.00
  Rect 3: x = 0.00, y = 14.00
  Rect 4: x = 16.00, y = 2.00
  Rect 5: x = 52.00, y = 14.00
  Rect 6: x = 16.00, y = 12.00
  Rect 7: x = 31.00, y = 14.00
  → saved figures to strip_figures/8_4_tres_bigm.png and strip_figures/8_4_tres_bigm.pdf
Set parameter TokenServer to value "mooring.ecn.purdue.edu"
Read LP format model from file /tmp/tmp6yxw8hlj.pyomo.lp
Reading time = 0.00 seconds
x578: 1157 rows, 578 columns, 3027 nonzeros
Set parameter TimeLimit to value 1800
Set parameter Threads to value 1
Gurobi Optimizer version 11.0.0 build v11.0.0rc2 (linux64 - "Oracle Linux Server 9.6")

CPU model: AMD EPYC 7643 48-Core Processor, instruction set [SSE2|AVX|AVX2]
Thread count: 48 physical cores, 96 logical processors, using up to 1 threads

Optimize a model with 1157 rows, 578 columns and 3027 nonzeros
Model fingerprint: 0x47c7fee0
Variable types: 466 continuous, 112 integer (112 binary)
Coefficient statistics:
  Matrix range     [1e+00, 8e+01]
  Objective range  [1e+00, 1e+00]
  Bounds range     [1e+00, 8e+01]
  RHS range        [1e+00, 2e+01]
Presolve removed 546 rows and 263 columns
Presolve time: 0.00s
Presolved: 611 rows, 315 columns, 1620 nonzeros
Variable types: 254 continuous, 61 integer (61 binary)
Found heuristic solution: objective 78.0000000
Found heuristic solution: objective 66.0000000

Root relaxation: objective 3.100000e+01, 111 iterations, 0.00 seconds (0.00 work units)

    Nodes    |    Current Node    |     Objective Bounds      |     Work
 Expl Unexpl |  Obj  Depth IntInf | Incumbent    BestBd   Gap | It/Node Time

     0     0   31.00000    0   16   66.00000   31.00000  53.0%     -    0s
     0     0   31.00000    0   28   66.00000   31.00000  53.0%     -    0s
     0     0   31.00000    0   28   66.00000   31.00000  53.0%     -    0s
     0     0   31.00000    0   16   66.00000   31.00000  53.0%     -    0s
H    0     0                      65.0000000   31.00000  52.3%     -    0s
     0     0   31.00000    0   18   65.00000   31.00000  52.3%     -    0s
     0     0   31.00000    0   13   65.00000   31.00000  52.3%     -    0s
H    0     0                      64.0000000   31.00000  51.6%     -    0s
     0     0   31.00000    0   21   64.00000   31.00000  51.6%     -    0s
     0     0   31.00000    0   23   64.00000   31.00000  51.6%     -    0s
     0     0   31.00000    0   30   64.00000   31.00000  51.6%     -    0s
     0     0   31.00000    0   14   64.00000   31.00000  51.6%     -    0s
     0     0   31.24354    0   14   64.00000   31.24354  51.2%     -    0s
     0     2   31.24354    0   14   64.00000   31.24354  51.2%     -    0s
*   39    21              30      64.0000000   31.67925  50.5%  14.8    0s

Cutting planes:
  Cover: 7
  Implied bound: 22
  MIR: 14
  Flow cover: 38
  RLT: 26
  Relax-and-lift: 10

Explored 290 nodes (5507 simplex iterations) in 0.20 seconds (0.15 work units)
Thread count was 1 (of 96 available processors)

Solution count 5: 64 64 65 ... 78

Optimal solution found (tolerance 1.00e-04)
Best objective 6.399999999350e+01, best bound 6.399999999350e+01, gap 0.0000%

Instance 8_4, formulation tres, reform hull:
  Rect 0: x = 16.00, y = 12.00
  Rect 1: x = 52.00, y = 5.00
  Rect 2: x = 28.00, y = 5.00
  Rect 3: x = 0.00, y = 14.00
  Rect 4: x = 37.00, y = 4.00
  Rect 5: x = 52.00, y = 14.00
  Rect 6: x = 37.00, y = 14.00
  Rect 7: x = 28.00, y = 14.00
  → saved figures to strip_figures/8_4_tres_hull.png and strip_figures/8_4_tres_hull.pdf
Set parameter TokenServer to value "mooring.ecn.purdue.edu"
Read LP format model from file /tmp/tmpwoe3xhal.pyomo.lp
Reading time = 0.00 seconds
x130: 149 rows, 130 columns, 780 nonzeros
Set parameter TimeLimit to value 1800
Set parameter Threads to value 1
Gurobi Optimizer version 11.0.0 build v11.0.0rc2 (linux64 - "Oracle Linux Server 9.6")

CPU model: AMD EPYC 7643 48-Core Processor, instruction set [SSE2|AVX|AVX2]
Thread count: 48 physical cores, 96 logical processors, using up to 1 threads

Optimize a model with 149 rows, 130 columns and 780 nonzeros
Model fingerprint: 0xe864fda1
Variable types: 18 continuous, 112 integer (112 binary)
Coefficient statistics:
  Matrix range     [1e+00, 8e+01]
  Objective range  [1e+00, 1e+00]
  Bounds range     [1e+00, 8e+01]
  RHS range        [1e+00, 2e+01]
Presolve removed 52 rows and 54 columns
Presolve time: 0.00s
Presolved: 97 rows, 76 columns, 362 nonzeros
Variable types: 15 continuous, 61 integer (61 binary)
Found heuristic solution: objective 78.0000000
Found heuristic solution: objective 74.0000000
Found heuristic solution: objective 73.0000000

Root relaxation: objective 3.100000e+01, 33 iterations, 0.00 seconds (0.00 work units)

    Nodes    |    Current Node    |     Objective Bounds      |     Work
 Expl Unexpl |  Obj  Depth IntInf | Incumbent    BestBd   Gap | It/Node Time

     0     0   31.00000    0    7   73.00000   31.00000  57.5%     -    0s
H    0     0                      65.0000000   31.00000  52.3%     -    0s
     0     0   31.00000    0   20   65.00000   31.00000  52.3%     -    0s
     0     0   31.00000    0   20   65.00000   31.00000  52.3%     -    0s
     0     0   33.76923    0   15   65.00000   33.76923  48.0%     -    0s
     0     0   36.33333    0   14   65.00000   36.33333  44.1%     -    0s
     0     0   36.34497    0   15   65.00000   36.34497  44.1%     -    0s
H    0     0                      64.0000000   36.35842  43.2%     -    0s
     0     0   36.35842    0   15   64.00000   36.35842  43.2%     -    0s
     0     0   42.00000    0    7   64.00000   42.00000  34.4%     -    0s
     0     0   42.00000    0    7   64.00000   42.00000  34.4%     -    0s
     0     0   42.00000    0    6   64.00000   42.00000  34.4%     -    0s
     0     0   42.00000    0    7   64.00000   42.00000  34.4%     -    0s
     0     0   42.00000    0    9   64.00000   42.00000  34.4%     -    0s
     0     0   42.00000    0    8   64.00000   42.00000  34.4%     -    0s
     0     0   42.00000    0    7   64.00000   42.00000  34.4%     -    0s
     0     0   42.00000    0    7   64.00000   42.00000  34.4%     -    0s
     0     0   42.00000    0    3   64.00000   42.00000  34.4%     -    0s
     0     0   42.00000    0   10   64.00000   42.00000  34.4%     -    0s
     0     0   42.00000    0    9   64.00000   42.00000  34.4%     -    0s
     0     0   42.00000    0    9   64.00000   42.00000  34.4%     -    0s
     0     2   43.00000    0    9   64.00000   43.00000  32.8%     -    0s

Cutting planes:
  Gomory: 1
  Cover: 4
  Implied bound: 13
  MIR: 52
  GUB cover: 2
  Inf proof: 4
  RLT: 17
  Relax-and-lift: 4

Explored 466 nodes (3363 simplex iterations) in 0.10 seconds (0.05 work units)
Thread count was 1 (of 96 available processors)

Solution count 5: 64 65 73 ... 78

Optimal solution found (tolerance 1.00e-04)
Best objective 6.400000000000e+01, best bound 6.400000000000e+01, gap 0.0000%

Instance 8_4, formulation reagg, reform MIP:
  Rect 0: x = 0.00, y = 12.00
  Rect 1: x = 21.00, y = 14.00
  Rect 2: x = 12.00, y = 14.00
  Rect 3: x = 48.00, y = 14.00
  Rect 4: x = 0.00, y = 14.00
  Rect 5: x = 12.00, y = 9.00
  Rect 6: x = 33.00, y = 10.00
  Rect 7: x = 24.00, y = 8.00
  → saved figures to strip_figures/8_4_reagg_MIP.png and strip_figures/8_4_reagg_MIP.pdf
Set parameter TokenServer to value "mooring.ecn.purdue.edu"
Read LP format model from file /tmp/tmpqw7t9cu5.pyomo.lp
Reading time = 0.00 seconds
x130: 149 rows, 130 columns, 780 nonzeros
Set parameter TimeLimit to value 1800
Set parameter Threads to value 1
Gurobi Optimizer version 11.0.0 build v11.0.0rc2 (linux64 - "Oracle Linux Server 9.6")

CPU model: AMD EPYC 7643 48-Core Processor, instruction set [SSE2|AVX|AVX2]
Thread count: 48 physical cores, 96 logical processors, using up to 1 threads

Optimize a model with 149 rows, 130 columns and 780 nonzeros
Model fingerprint: 0x93f11771
Variable types: 18 continuous, 112 integer (112 binary)
Coefficient statistics:
  Matrix range     [1e+00, 8e+01]
  Objective range  [1e+00, 1e+00]
  Bounds range     [1e+00, 8e+01]
  RHS range        [1e+00, 2e+01]
Found heuristic solution: objective 77.0000000
Presolve removed 52 rows and 55 columns
Presolve time: 0.00s
Presolved: 97 rows, 75 columns, 349 nonzeros
Variable types: 15 continuous, 60 integer (60 binary)

Root relaxation: objective 3.100000e+01, 35 iterations, 0.00 seconds (0.00 work units)

    Nodes    |    Current Node    |     Objective Bounds      |     Work
 Expl Unexpl |  Obj  Depth IntInf | Incumbent    BestBd   Gap | It/Node Time

     0     0   31.00000    0    4   77.00000   31.00000  59.7%     -    0s
H    0     0                      65.0000000   31.00000  52.3%     -    0s
     0     0   31.00000    0   16   65.00000   31.00000  52.3%     -    0s
H    0     0                      64.0000000   31.00000  51.6%     -    0s
     0     0   31.00000    0   15   64.00000   31.00000  51.6%     -    0s
     0     0   31.00000    0   22   64.00000   31.00000  51.6%     -    0s
     0     0   33.22222    0   33   64.00000   33.22222  48.1%     -    0s
     0     0   36.60714    0   19   64.00000   36.60714  42.8%     -    0s
     0     0   43.00000    0   21   64.00000   43.00000  32.8%     -    0s
     0     0   43.00000    0   17   64.00000   43.00000  32.8%     -    0s
     0     0   43.00000    0   19   64.00000   43.00000  32.8%     -    0s
     0     0   43.00000    0   12   64.00000   43.00000  32.8%     -    0s
     0     0   43.00000    0   12   64.00000   43.00000  32.8%     -    0s
     0     0   43.00000    0   12   64.00000   43.00000  32.8%     -    0s
     0     0   43.00000    0   12   64.00000   43.00000  32.8%     -    0s
     0     0   43.00000    0    6   64.00000   43.00000  32.8%     -    0s
     0     0   43.00000    0   15   64.00000   43.00000  32.8%     -    0s
     0     0   43.00000    0    6   64.00000   43.00000  32.8%     -    0s
     0     0   43.00000    0    8   64.00000   43.00000  32.8%     -    0s
     0     0   43.00000    0    5   64.00000   43.00000  32.8%     -    0s
     0     0   43.00000    0    9   64.00000   43.00000  32.8%     -    0s
     0     0   43.00000    0    6   64.00000   43.00000  32.8%     -    0s
     0     0   43.00000    0    6   64.00000   43.00000  32.8%     -    0s
     0     2   43.00000    0    6   64.00000   43.00000  32.8%     -    0s
H   83    43                      64.0000000   43.11966  32.6%   6.1    0s

Cutting planes:
  Learned: 1
  Gomory: 1
  Cover: 17
  Implied bound: 44
  Clique: 1
  MIR: 86
  Inf proof: 11
  RLT: 27
  Relax-and-lift: 4
  PSD: 1

Explored 672 nodes (6493 simplex iterations) in 0.17 seconds (0.10 work units)
Thread count was 1 (of 96 available processors)

Solution count 4: 64 64 65 77 

Optimal solution found (tolerance 1.00e-04)
Best objective 6.399999999350e+01, best bound 6.399999999350e+01, gap 0.0000%

Instance 8_4, formulation reagg_tres, reform MIP:
  Rect 0: x = 12.00, y = 12.00
  Rect 1: x = 32.00, y = 14.00
  Rect 2: x = 3.00, y = 14.00
  Rect 3: x = 48.00, y = 14.00
  Rect 4: x = 12.00, y = 14.00
  Rect 5: x = -0.00, y = 9.00
  Rect 6: x = 33.00, y = 14.00
  Rect 7: x = 24.00, y = 9.00
  → saved figures to strip_figures/8_4_reagg_tres_MIP.png and strip_figures/8_4_reagg_tres_MIP.pdf
Set parameter TokenServer to value "mooring.ecn.purdue.edu"
Read LP format model from file /tmp/tmpgh0km76_.pyomo.lp
Reading time = 0.00 seconds
x130: 373 rows, 130 columns, 913 nonzeros
Set parameter TimeLimit to value 1800
Set parameter Threads to value 1
Gurobi Optimizer version 11.0.0 build v11.0.0rc2 (linux64 - "Oracle Linux Server 9.6")

CPU model: AMD EPYC 7643 48-Core Processor, instruction set [SSE2|AVX|AVX2]
Thread count: 48 physical cores, 96 logical processors, using up to 1 threads

Optimize a model with 373 rows, 130 columns and 913 nonzeros
Model fingerprint: 0x7df6dbe8
Variable types: 18 continuous, 112 integer (112 binary)
Coefficient statistics:
  Matrix range     [1e+00, 6e+01]
  Objective range  [1e+00, 1e+00]
  Bounds range     [1e+00, 4e+01]
  RHS range        [1e+00, 4e+01]
Found heuristic solution: objective 24.0000000
Presolve removed 270 rows and 48 columns
Presolve time: 0.00s
Presolved: 103 rows, 82 columns, 310 nonzeros
Variable types: 15 continuous, 67 integer (67 binary)

Root relaxation: objective 1.900000e+01, 38 iterations, 0.00 seconds (0.00 work units)

    Nodes    |    Current Node    |     Objective Bounds      |     Work
 Expl Unexpl |  Obj  Depth IntInf | Incumbent    BestBd   Gap | It/Node Time

     0     0   19.00000    0    4   24.00000   19.00000  20.8%     -    0s
H    0     0                      22.0000000   19.00000  13.6%     -    0s
     0     0   19.00000    0    8   22.00000   19.00000  13.6%     -    0s
     0     0   19.00000    0    6   22.00000   19.00000  13.6%     -    0s
     0     0   19.00000    0    6   22.00000   19.00000  13.6%     -    0s
     0     0   19.00000    0    9   22.00000   19.00000  13.6%     -    0s
     0     0   19.00000    0    8   22.00000   19.00000  13.6%     -    0s
     0     0   19.00000    0    7   22.00000   19.00000  13.6%     -    0s
     0     0   19.00000    0    9   22.00000   19.00000  13.6%     -    0s
     0     0   19.00000    0   11   22.00000   19.00000  13.6%     -    0s
     0     0   19.00000    0    9   22.00000   19.00000  13.6%     -    0s
     0     2   19.00000    0    9   22.00000   19.00000  13.6%     -    0s

Cutting planes:
  Cover: 2
  Implied bound: 3
  Clique: 1
  MIR: 1
  Relax-and-lift: 3
  PSD: 1

Explored 9 nodes (474 simplex iterations) in 0.02 seconds (0.01 work units)
Thread count was 1 (of 96 available processors)

Solution count 2: 22 24 

Optimal solution found (tolerance 1.00e-04)
Best objective 2.200000000000e+01, best bound 2.200000000000e+01, gap 0.0000%

Instance 8_5, formulation altered, reform bigm:
  Rect 0: x = 0.00, y = 15.00
  Rect 1: x = 2.00, y = 15.00
  Rect 2: x = 3.00, y = 5.00
  Rect 3: x = 10.00, y = 15.00
  Rect 4: x = 9.00, y = 1.00
  Rect 5: x = 2.00, y = 2.00
  Rect 6: x = 7.00, y = 15.00
  Rect 7: x = 3.00, y = 11.00
  → saved figures to strip_figures/8_5_altered_bigm.png and strip_figures/8_5_altered_bigm.pdf
Set parameter TokenServer to value "mooring.ecn.purdue.edu"
Read LP format model from file /tmp/tmpdyon8wlc.pyomo.lp
Reading time = 0.00 seconds
x578: 1157 rows, 578 columns, 3041 nonzeros
Set parameter TimeLimit to value 1800
Set parameter Threads to value 1
Gurobi Optimizer version 11.0.0 build v11.0.0rc2 (linux64 - "Oracle Linux Server 9.6")

CPU model: AMD EPYC 7643 48-Core Processor, instruction set [SSE2|AVX|AVX2]
Thread count: 48 physical cores, 96 logical processors, using up to 1 threads

Optimize a model with 1157 rows, 578 columns and 3041 nonzeros
Model fingerprint: 0xb8dcfcb6
Variable types: 466 continuous, 112 integer (112 binary)
Coefficient statistics:
  Matrix range     [1e+00, 4e+01]
  Objective range  [1e+00, 1e+00]
  Bounds range     [1e+00, 4e+01]
  RHS range        [1e+00, 1e+01]
Presolve removed 418 rows and 208 columns
Presolve time: 0.00s
Presolved: 739 rows, 370 columns, 1938 nonzeros
Variable types: 303 continuous, 67 integer (67 binary)
Found heuristic solution: objective 43.0000000
Found heuristic solution: objective 41.0000000
Found heuristic solution: objective 39.0000000

Root relaxation: objective 1.900000e+01, 132 iterations, 0.00 seconds (0.00 work units)

    Nodes    |    Current Node    |     Objective Bounds      |     Work
 Expl Unexpl |  Obj  Depth IntInf | Incumbent    BestBd   Gap | It/Node Time

     0     0   19.00000    0   10   39.00000   19.00000  51.3%     -    0s
H    0     0                      30.0000000   19.00000  36.7%     -    0s
     0     0   19.00000    0   18   30.00000   19.00000  36.7%     -    0s
H    0     0                      28.0000000   19.00000  32.1%     -    0s
     0     0   19.00000    0   18   28.00000   19.00000  32.1%     -    0s
     0     0   19.00000    0    8   28.00000   19.00000  32.1%     -    0s
H    0     0                      24.0000000   19.00000  20.8%     -    0s
     0     0   19.00000    0   11   24.00000   19.00000  20.8%     -    0s
H    0     0                      22.0000000   19.00000  13.6%     -    0s
     0     0   19.00000    0   11   22.00000   19.00000  13.6%     -    0s
     0     0   19.00000    0   11   22.00000   19.00000  13.6%     -    0s
     0     0   19.00000    0   14   22.00000   19.00000  13.6%     -    0s
     0     0   19.00000    0   14   22.00000   19.00000  13.6%     -    0s
     0     0   19.00000    0   14   22.00000   19.00000  13.6%     -    0s
     0     2   19.00000    0    4   22.00000   19.00000  13.6%     -    0s
*   61    12              10      22.0000000   21.00000  4.55%  14.8    0s

Cutting planes:
  Cover: 13
  Implied bound: 43
  MIR: 28
  Flow cover: 47
  Inf proof: 3
  RLT: 19
  Relax-and-lift: 21
  BQP: 1
  PSD: 1

Explored 96 nodes (2634 simplex iterations) in 0.13 seconds (0.10 work units)
Thread count was 1 (of 96 available processors)

Solution count 8: 22 22 24 ... 43

Optimal solution found (tolerance 1.00e-04)
Best objective 2.199999999770e+01, best bound 2.199999999770e+01, gap 0.0000%

Instance 8_5, formulation altered, reform hull:
  Rect 0: x = 0.00, y = 14.00
  Rect 1: x = 21.00, y = 14.00
  Rect 2: x = 2.00, y = 15.00
  Rect 3: x = 9.00, y = 14.00
  Rect 4: x = 9.00, y = 15.00
  Rect 5: x = 2.00, y = 2.00
  Rect 6: x = 6.00, y = 12.00
  Rect 7: x = 2.00, y = 12.00
  → saved figures to strip_figures/8_5_altered_hull.png and strip_figures/8_5_altered_hull.pdf
Set parameter TokenServer to value "mooring.ecn.purdue.edu"
Read LP format model from file /tmp/tmp6n8gh858.pyomo.lp
Reading time = 0.00 seconds
x130: 373 rows, 130 columns, 913 nonzeros
Set parameter TimeLimit to value 1800
Set parameter Threads to value 1
Gurobi Optimizer version 11.0.0 build v11.0.0rc2 (linux64 - "Oracle Linux Server 9.6")

CPU model: AMD EPYC 7643 48-Core Processor, instruction set [SSE2|AVX|AVX2]
Thread count: 48 physical cores, 96 logical processors, using up to 1 threads

Optimize a model with 373 rows, 130 columns and 913 nonzeros
Model fingerprint: 0x7df6dbe8
Variable types: 18 continuous, 112 integer (112 binary)
Coefficient statistics:
  Matrix range     [1e+00, 6e+01]
  Objective range  [1e+00, 1e+00]
  Bounds range     [1e+00, 4e+01]
  RHS range        [1e+00, 4e+01]
Found heuristic solution: objective 24.0000000
Presolve removed 270 rows and 48 columns
Presolve time: 0.00s
Presolved: 103 rows, 82 columns, 310 nonzeros
Variable types: 15 continuous, 67 integer (67 binary)

Root relaxation: objective 1.900000e+01, 38 iterations, 0.00 seconds (0.00 work units)

    Nodes    |    Current Node    |     Objective Bounds      |     Work
 Expl Unexpl |  Obj  Depth IntInf | Incumbent    BestBd   Gap | It/Node Time

     0     0   19.00000    0    4   24.00000   19.00000  20.8%     -    0s
H    0     0                      22.0000000   19.00000  13.6%     -    0s
     0     0   19.00000    0    8   22.00000   19.00000  13.6%     -    0s
     0     0   19.00000    0    6   22.00000   19.00000  13.6%     -    0s
     0     0   19.00000    0    6   22.00000   19.00000  13.6%     -    0s
     0     0   19.00000    0    9   22.00000   19.00000  13.6%     -    0s
     0     0   19.00000    0    8   22.00000   19.00000  13.6%     -    0s
     0     0   19.00000    0    7   22.00000   19.00000  13.6%     -    0s
     0     0   19.00000    0    9   22.00000   19.00000  13.6%     -    0s
     0     0   19.00000    0   11   22.00000   19.00000  13.6%     -    0s
     0     0   19.00000    0    9   22.00000   19.00000  13.6%     -    0s
     0     2   19.00000    0    9   22.00000   19.00000  13.6%     -    0s

Cutting planes:
  Cover: 2
  Implied bound: 3
  Clique: 1
  MIR: 1
  Relax-and-lift: 3
  PSD: 1

Explored 9 nodes (474 simplex iterations) in 0.02 seconds (0.01 work units)
Thread count was 1 (of 96 available processors)

Solution count 2: 22 24 

Optimal solution found (tolerance 1.00e-04)
Best objective 2.200000000000e+01, best bound 2.200000000000e+01, gap 0.0000%

Instance 8_5, formulation tres, reform bigm:
  Rect 0: x = 0.00, y = 15.00
  Rect 1: x = 2.00, y = 15.00
  Rect 2: x = 3.00, y = 5.00
  Rect 3: x = 10.00, y = 15.00
  Rect 4: x = 9.00, y = 1.00
  Rect 5: x = 2.00, y = 2.00
  Rect 6: x = 7.00, y = 15.00
  Rect 7: x = 3.00, y = 11.00
  → saved figures to strip_figures/8_5_tres_bigm.png and strip_figures/8_5_tres_bigm.pdf
Set parameter TokenServer to value "mooring.ecn.purdue.edu"
Read LP format model from file /tmp/tmp40uh2i5l.pyomo.lp
Reading time = 0.00 seconds
x578: 1157 rows, 578 columns, 3041 nonzeros
Set parameter TimeLimit to value 1800
Set parameter Threads to value 1
Gurobi Optimizer version 11.0.0 build v11.0.0rc2 (linux64 - "Oracle Linux Server 9.6")

CPU model: AMD EPYC 7643 48-Core Processor, instruction set [SSE2|AVX|AVX2]
Thread count: 48 physical cores, 96 logical processors, using up to 1 threads

Optimize a model with 1157 rows, 578 columns and 3041 nonzeros
Model fingerprint: 0xb8dcfcb6
Variable types: 466 continuous, 112 integer (112 binary)
Coefficient statistics:
  Matrix range     [1e+00, 4e+01]
  Objective range  [1e+00, 1e+00]
  Bounds range     [1e+00, 4e+01]
  RHS range        [1e+00, 1e+01]
Presolve removed 418 rows and 208 columns
Presolve time: 0.00s
Presolved: 739 rows, 370 columns, 1938 nonzeros
Variable types: 303 continuous, 67 integer (67 binary)
Found heuristic solution: objective 43.0000000
Found heuristic solution: objective 41.0000000
Found heuristic solution: objective 39.0000000

Root relaxation: objective 1.900000e+01, 132 iterations, 0.00 seconds (0.00 work units)

    Nodes    |    Current Node    |     Objective Bounds      |     Work
 Expl Unexpl |  Obj  Depth IntInf | Incumbent    BestBd   Gap | It/Node Time

     0     0   19.00000    0   10   39.00000   19.00000  51.3%     -    0s
H    0     0                      30.0000000   19.00000  36.7%     -    0s
     0     0   19.00000    0   18   30.00000   19.00000  36.7%     -    0s
H    0     0                      28.0000000   19.00000  32.1%     -    0s
     0     0   19.00000    0   18   28.00000   19.00000  32.1%     -    0s
     0     0   19.00000    0    8   28.00000   19.00000  32.1%     -    0s
H    0     0                      24.0000000   19.00000  20.8%     -    0s
     0     0   19.00000    0   11   24.00000   19.00000  20.8%     -    0s
H    0     0                      22.0000000   19.00000  13.6%     -    0s
     0     0   19.00000    0   11   22.00000   19.00000  13.6%     -    0s
     0     0   19.00000    0   11   22.00000   19.00000  13.6%     -    0s
     0     0   19.00000    0   14   22.00000   19.00000  13.6%     -    0s
     0     0   19.00000    0   14   22.00000   19.00000  13.6%     -    0s
     0     0   19.00000    0   14   22.00000   19.00000  13.6%     -    0s
     0     2   19.00000    0    4   22.00000   19.00000  13.6%     -    0s
*   61    12              10      22.0000000   21.00000  4.55%  14.8    0s

Cutting planes:
  Cover: 13
  Implied bound: 43
  MIR: 28
  Flow cover: 47
  Inf proof: 3
  RLT: 19
  Relax-and-lift: 21
  BQP: 1
  PSD: 1

Explored 96 nodes (2634 simplex iterations) in 0.13 seconds (0.10 work units)
Thread count was 1 (of 96 available processors)

Solution count 8: 22 22 24 ... 43

Optimal solution found (tolerance 1.00e-04)
Best objective 2.199999999770e+01, best bound 2.199999999770e+01, gap 0.0000%

Instance 8_5, formulation tres, reform hull:
  Rect 0: x = 0.00, y = 14.00
  Rect 1: x = 21.00, y = 14.00
  Rect 2: x = 2.00, y = 15.00
  Rect 3: x = 9.00, y = 14.00
  Rect 4: x = 9.00, y = 15.00
  Rect 5: x = 2.00, y = 2.00
  Rect 6: x = 6.00, y = 12.00
  Rect 7: x = 2.00, y = 12.00
  → saved figures to strip_figures/8_5_tres_hull.png and strip_figures/8_5_tres_hull.pdf
Set parameter TokenServer to value "mooring.ecn.purdue.edu"
Read LP format model from file /tmp/tmp7s4t5zt2.pyomo.lp
Reading time = 0.00 seconds
x130: 149 rows, 130 columns, 801 nonzeros
Set parameter TimeLimit to value 1800
Set parameter Threads to value 1
Gurobi Optimizer version 11.0.0 build v11.0.0rc2 (linux64 - "Oracle Linux Server 9.6")

CPU model: AMD EPYC 7643 48-Core Processor, instruction set [SSE2|AVX|AVX2]
Thread count: 48 physical cores, 96 logical processors, using up to 1 threads

Optimize a model with 149 rows, 130 columns and 801 nonzeros
Model fingerprint: 0x82ca7d82
Variable types: 18 continuous, 112 integer (112 binary)
Coefficient statistics:
  Matrix range     [1e+00, 4e+01]
  Objective range  [1e+00, 1e+00]
  Bounds range     [1e+00, 4e+01]
  RHS range        [1e+00, 1e+01]
Found heuristic solution: objective 33.0000000
Presolve removed 46 rows and 48 columns
Presolve time: 0.00s
Presolved: 103 rows, 82 columns, 396 nonzeros
Variable types: 15 continuous, 67 integer (67 binary)

Root relaxation: objective 1.900000e+01, 38 iterations, 0.00 seconds (0.00 work units)

    Nodes    |    Current Node    |     Objective Bounds      |     Work
 Expl Unexpl |  Obj  Depth IntInf | Incumbent    BestBd   Gap | It/Node Time

     0     0   19.00000    0    2   33.00000   19.00000  42.4%     -    0s
H    0     0                      22.0000000   19.00000  13.6%     -    0s
     0     0   19.00000    0    7   22.00000   19.00000  13.6%     -    0s
     0     0   19.00000    0    7   22.00000   19.00000  13.6%     -    0s
     0     0   19.00000    0    5   22.00000   19.00000  13.6%     -    0s
     0     0   19.00000    0    7   22.00000   19.00000  13.6%     -    0s
     0     0   19.00000    0    8   22.00000   19.00000  13.6%     -    0s
     0     0   19.00000    0    8   22.00000   19.00000  13.6%     -    0s
     0     0   19.52761    0    9   22.00000   19.52761  11.2%     -    0s
     0     0   19.79912    0   10   22.00000   19.79912  10.0%     -    0s
     0     0   19.80001    0   11   22.00000   19.80001  10.0%     -    0s
     0     0   20.02632    0    9   22.00000   20.02632  8.97%     -    0s
     0     0   20.02632    0    8   22.00000   20.02632  8.97%     -    0s
     0     0   20.06098    0    9   22.00000   20.06098  8.81%     -    0s
     0     0   20.07143    0   13   22.00000   20.07143  8.77%     -    0s
     0     0   20.07143    0   16   22.00000   20.07143  8.77%     -    0s
     0     0   20.07143    0   16   22.00000   20.07143  8.77%     -    0s
     0     0   20.07143    0   16   22.00000   20.07143  8.77%     -    0s
     0     0   20.12500    0   16   22.00000   20.12500  8.52%     -    0s
     0     0   20.12500    0   16   22.00000   20.12500  8.52%     -    0s
     0     0   20.12500    0   16   22.00000   20.12500  8.52%     -    0s
     0     0   20.12500    0   16   22.00000   20.12500  8.52%     -    0s
     0     0   20.12500    0    5   22.00000   20.12500  8.52%     -    0s
     0     0   20.12500    0   11   22.00000   20.12500  8.52%     -    0s
     0     0   20.12500    0    8   22.00000   20.12500  8.52%     -    0s
     0     0   20.12500    0    8   22.00000   20.12500  8.52%     -    0s
     0     2   20.12500    0    8   22.00000   20.12500  8.52%     -    0s

Cutting planes:
  Cover: 2
  MIR: 10
  RLT: 1

Explored 8 nodes (764 simplex iterations) in 0.03 seconds (0.02 work units)
Thread count was 1 (of 96 available processors)

Solution count 2: 22 33 

Optimal solution found (tolerance 1.00e-04)
Best objective 2.200000000000e+01, best bound 2.200000000000e+01, gap 0.0000%

Instance 8_5, formulation reagg, reform MIP:
  Rect 0: x = 0.00, y = 15.00
  Rect 1: x = 21.00, y = 15.00
  Rect 2: x = 14.00, y = 15.00
  Rect 3: x = 2.00, y = 15.00
  Rect 4: x = 0.00, y = 1.00
  Rect 5: x = 14.00, y = 2.00
  Rect 6: x = 18.00, y = 12.00
  Rect 7: x = 14.00, y = 8.00
  → saved figures to strip_figures/8_5_reagg_MIP.png and strip_figures/8_5_reagg_MIP.pdf
Set parameter TokenServer to value "mooring.ecn.purdue.edu"
Read LP format model from file /tmp/tmp6q_s_44h.pyomo.lp
Reading time = 0.00 seconds
x130: 149 rows, 130 columns, 801 nonzeros
Set parameter TimeLimit to value 1800
Set parameter Threads to value 1
Gurobi Optimizer version 11.0.0 build v11.0.0rc2 (linux64 - "Oracle Linux Server 9.6")

CPU model: AMD EPYC 7643 48-Core Processor, instruction set [SSE2|AVX|AVX2]
Thread count: 48 physical cores, 96 logical processors, using up to 1 threads

Optimize a model with 149 rows, 130 columns and 801 nonzeros
Model fingerprint: 0x928cae08
Variable types: 18 continuous, 112 integer (112 binary)
Coefficient statistics:
  Matrix range     [1e+00, 4e+01]
  Objective range  [1e+00, 1e+00]
  Bounds range     [1e+00, 4e+01]
  RHS range        [1e+00, 1e+01]
Found heuristic solution: objective 25.0000000
Presolve removed 46 rows and 48 columns
Presolve time: 0.00s
Presolved: 103 rows, 82 columns, 382 nonzeros
Variable types: 15 continuous, 67 integer (67 binary)

Root relaxation: objective 1.900000e+01, 36 iterations, 0.00 seconds (0.00 work units)

    Nodes    |    Current Node    |     Objective Bounds      |     Work
 Expl Unexpl |  Obj  Depth IntInf | Incumbent    BestBd   Gap | It/Node Time

     0     0   19.00000    0    8   25.00000   19.00000  24.0%     -    0s
H    0     0                      24.0000000   19.00000  20.8%     -    0s
     0     0   19.00000    0   19   24.00000   19.00000  20.8%     -    0s
H    0     0                      22.0000000   19.00000  13.6%     -    0s
     0     0   19.00000    0   19   22.00000   19.00000  13.6%     -    0s
     0     0   19.00000    0    4   22.00000   19.00000  13.6%     -    0s
     0     0   19.00000    0    4   22.00000   19.00000  13.6%     -    0s
     0     0   19.00000    0    5   22.00000   19.00000  13.6%     -    0s
     0     0   19.00000    0   27   22.00000   19.00000  13.6%     -    0s
     0     0   19.00000    0   19   22.00000   19.00000  13.6%     -    0s
     0     0   19.19269    0   10   22.00000   19.19269  12.8%     -    0s
     0     0   19.77273    0    7   22.00000   19.77273  10.1%     -    0s
     0     0   19.77416    0   18   22.00000   19.77416  10.1%     -    0s
     0     0   19.81250    0   19   22.00000   19.81250  9.94%     -    0s
     0     0   20.00000    0   13   22.00000   20.00000  9.09%     -    0s
     0     0   20.00000    0   22   22.00000   20.00000  9.09%     -    0s
     0     0   20.00000    0   17   22.00000   20.00000  9.09%     -    0s
     0     0   20.00000    0   25   22.00000   20.00000  9.09%     -    0s
     0     0   20.00000    0    3   22.00000   20.00000  9.09%     -    0s
     0     0   20.00000    0   12   22.00000   20.00000  9.09%     -    0s
     0     0   20.00540    0   10   22.00000   20.00540  9.07%     -    0s
     0     0   20.05714    0   14   22.00000   20.05714  8.83%     -    0s
     0     0   20.05714    0   14   22.00000   20.05714  8.83%     -    0s
     0     0   20.11765    0   12   22.00000   20.11765  8.56%     -    0s
     0     0   20.11765    0   12   22.00000   20.11765  8.56%     -    0s
     0     0   20.11765    0   17   22.00000   20.11765  8.56%     -    0s
     0     0   20.11765    0   20   22.00000   20.11765  8.56%     -    0s
     0     0   20.15385    0    7   22.00000   20.15385  8.39%     -    0s
     0     0   20.15385    0   15   22.00000   20.15385  8.39%     -    0s
     0     0   20.15385    0   21   22.00000   20.15385  8.39%     -    0s
     0     0   20.15385    0    8   22.00000   20.15385  8.39%     -    0s
     0     0   20.15385    0    2   22.00000   20.15385  8.39%     -    0s
     0     0   20.15385    0   16   22.00000   20.15385  8.39%     -    0s
     0     0   20.15385    0   13   22.00000   20.15385  8.39%     -    0s
     0     0   20.18182    0   19   22.00000   20.18182  8.26%     -    0s
     0     0   20.33333    0   19   22.00000   20.33333  7.58%     -    0s
     0     0   20.40000    0   17   22.00000   20.40000  7.27%     -    0s
     0     0   20.40000    0   17   22.00000   20.40000  7.27%     -    0s
     0     0   20.50000    0   16   22.00000   20.50000  6.82%     -    0s
     0     0   20.50000    0   14   22.00000   20.50000  6.82%     -    0s
     0     0   20.50000    0   17   22.00000   20.50000  6.82%     -    0s
     0     0   20.50000    0   15   22.00000   20.50000  6.82%     -    0s
     0     0   20.50000    0    7   22.00000   20.50000  6.82%     -    0s
     0     0   20.50000    0   13   22.00000   20.50000  6.82%     -    0s
     0     0   20.50000    0    8   22.00000   20.50000  6.82%     -    0s
     0     0   20.50000    0   15   22.00000   20.50000  6.82%     -    0s
     0     0   20.50000    0   12   22.00000   20.50000  6.82%     -    0s
     0     0   20.50000    0    6   22.00000   20.50000  6.82%     -    0s
     0     2   21.00000    0    6   22.00000   21.00000  4.55%     -    0s

Cutting planes:
  Cover: 7
  Implied bound: 4
  Clique: 1
  MIR: 9
  GUB cover: 2

Explored 22 nodes (2055 simplex iterations) in 0.09 seconds (0.04 work units)
Thread count was 1 (of 96 available processors)

Solution count 3: 22 24 25 

Optimal solution found (tolerance 1.00e-04)
Best objective 2.200000000000e+01, best bound 2.200000000000e+01, gap 0.0000%

Instance 8_5, formulation reagg_tres, reform MIP:
  Rect 0: x = 13.00, y = 14.00
  Rect 1: x = 0.00, y = 13.00
  Rect 2: x = 15.00, y = 3.00
  Rect 3: x = 1.00, y = 14.00
  Rect 4: x = 7.00, y = 15.00
  Rect 5: x = 15.00, y = 15.00
  Rect 6: x = 19.00, y = 13.00
  Rect 7: x = 15.00, y = 9.00
  → saved figures to strip_figures/8_5_reagg_tres_MIP.png and strip_figures/8_5_reagg_tres_MIP.pdf
Set parameter TokenServer to value "mooring.ecn.purdue.edu"
Read LP format model from file /tmp/tmpa8bxzvk6.pyomo.lp
Reading time = 0.00 seconds
x164: 478 rows, 164 columns, 1171 nonzeros
Set parameter TimeLimit to value 1800
Set parameter Threads to value 1
Gurobi Optimizer version 11.0.0 build v11.0.0rc2 (linux64 - "Oracle Linux Server 9.6")

CPU model: AMD EPYC 7643 48-Core Processor, instruction set [SSE2|AVX|AVX2]
Thread count: 48 physical cores, 96 logical processors, using up to 1 threads

Optimize a model with 478 rows, 164 columns and 1171 nonzeros
Model fingerprint: 0xd504281e
Variable types: 20 continuous, 144 integer (144 binary)
Coefficient statistics:
  Matrix range     [1e+00, 8e+01]
  Objective range  [1e+00, 1e+00]
  Bounds range     [1e+00, 7e+01]
  RHS range        [1e+00, 7e+01]
Found heuristic solution: objective 28.0000000
Presolve removed 313 rows and 25 columns
Presolve time: 0.00s
Presolved: 165 rows, 139 columns, 514 nonzeros
Variable types: 19 continuous, 120 integer (120 binary)

Root relaxation: objective 2.200000e+01, 58 iterations, 0.00 seconds (0.00 work units)

    Nodes    |    Current Node    |     Objective Bounds      |     Work
 Expl Unexpl |  Obj  Depth IntInf | Incumbent    BestBd   Gap | It/Node Time

     0     0   22.00000    0    1   28.00000   22.00000  21.4%     -    0s
     0     0   22.00000    0    2   28.00000   22.00000  21.4%     -    0s
     0     0   22.00000    0   12   28.00000   22.00000  21.4%     -    0s
     0     0   22.00000    0    4   28.00000   22.00000  21.4%     -    0s
     0     0   22.00000    0    7   28.00000   22.00000  21.4%     -    0s
     0     0   22.00000    0    6   28.00000   22.00000  21.4%     -    0s
     0     0   22.00000    0    6   28.00000   22.00000  21.4%     -    0s
     0     2   22.00000    0    6   28.00000   22.00000  21.4%     -    0s
H    6     6                      27.0000000   22.00000  18.5%   8.3    0s
H    7     6                      26.0000000   22.00000  15.4%   8.6    0s

Cutting planes:
  Gomory: 1
  Cover: 71
  Implied bound: 54
  Clique: 9
  MIR: 12
  Inf proof: 2
  RLT: 1
  Relax-and-lift: 9
  PSD: 2

Explored 113 nodes (1796 simplex iterations) in 0.06 seconds (0.04 work units)
Thread count was 1 (of 96 available processors)

Solution count 3: 26 27 28 

Optimal solution found (tolerance 1.00e-04)
Best objective 2.600000000000e+01, best bound 2.600000000000e+01, gap 0.0000%

Instance 9_1, formulation altered, reform bigm:
  Rect 0: x = 11.00, y = 12.00
  Rect 1: x = 4.00, y = 5.00
  Rect 2: x = 0.00, y = 8.00
  Rect 3: x = 0.00, y = 6.00
  Rect 4: x = 12.00, y = 10.00
  Rect 5: x = 9.00, y = 12.00
  Rect 6: x = 5.00, y = 1.00
  Rect 7: x = 1.00, y = 11.00
  Rect 8: x = 4.00, y = 1.00
  → saved figures to strip_figures/9_1_altered_bigm.png and strip_figures/9_1_altered_bigm.pdf
Set parameter TokenServer to value "mooring.ecn.purdue.edu"
Read LP format model from file /tmp/tmpoc3dv9ul.pyomo.lp
Reading time = 0.00 seconds
x740: 1486 rows, 740 columns, 3907 nonzeros
Set parameter TimeLimit to value 1800
Set parameter Threads to value 1
Gurobi Optimizer version 11.0.0 build v11.0.0rc2 (linux64 - "Oracle Linux Server 9.6")

CPU model: AMD EPYC 7643 48-Core Processor, instruction set [SSE2|AVX|AVX2]
Thread count: 48 physical cores, 96 logical processors, using up to 1 threads

Optimize a model with 1486 rows, 740 columns and 3907 nonzeros
Model fingerprint: 0xb71316b6
Variable types: 596 continuous, 144 integer (144 binary)
Coefficient statistics:
  Matrix range     [1e+00, 7e+01]
  Objective range  [1e+00, 1e+00]
  Bounds range     [1e+00, 7e+01]
  RHS range        [1e+00, 2e+01]
Presolve removed 300 rows and 70 columns
Presolve time: 0.00s
Presolved: 1186 rows, 670 columns, 3112 nonzeros
Variable types: 541 continuous, 129 integer (129 binary)
Found heuristic solution: objective 68.0000000
Found heuristic solution: objective 51.0000000

Root relaxation: objective 2.200000e+01, 259 iterations, 0.00 seconds (0.00 work units)

    Nodes    |    Current Node    |     Objective Bounds      |     Work
 Expl Unexpl |  Obj  Depth IntInf | Incumbent    BestBd   Gap | It/Node Time

     0     0   22.00000    0   13   51.00000   22.00000  56.9%     -    0s
H    0     0                      44.0000000   22.00000  50.0%     -    0s
H    0     0                      43.0000000   22.00000  48.8%     -    0s
     0     0   22.00000    0   23   43.00000   22.00000  48.8%     -    0s
H    0     0                      29.0000000   22.00000  24.1%     -    0s
     0     0   22.00000    0   23   29.00000   22.00000  24.1%     -    0s
     0     0   22.00000    0   15   29.00000   22.00000  24.1%     -    0s
     0     0   22.00000    0   15   29.00000   22.00000  24.1%     -    0s
     0     0   22.00000    0   11   29.00000   22.00000  24.1%     -    0s
     0     0   22.00000    0   14   29.00000   22.00000  24.1%     -    0s
H    0     0                      28.0000000   22.00000  21.4%     -    0s
     0     0   22.00000    0   14   28.00000   22.00000  21.4%     -    0s
     0     0   22.00000    0   15   28.00000   22.00000  21.4%     -    0s
H    0     0                      27.0000000   22.00000  18.5%     -    0s
     0     0   22.00000    0   14   27.00000   22.00000  18.5%     -    0s
     0     0   22.00000    0   15   27.00000   22.00000  18.5%     -    0s
     0     0   22.00000    0   14   27.00000   22.00000  18.5%     -    0s
     0     0   22.00000    0   13   27.00000   22.00000  18.5%     -    0s
     0     2   22.00000    0   13   27.00000   22.00000  18.5%     -    0s
*   45     7              28      26.0000000   22.00000  15.4%  33.0    0s

Cutting planes:
  Cover: 73
  Implied bound: 187
  Clique: 2
  MIR: 24
  Flow cover: 56
  Inf proof: 1
  RLT: 5
  Relax-and-lift: 15

Explored 198 nodes (9694 simplex iterations) in 0.37 seconds (0.33 work units)
Thread count was 1 (of 96 available processors)

Solution count 8: 26 27 28 ... 68

Optimal solution found (tolerance 1.00e-04)
Best objective 2.600000000000e+01, best bound 2.600000000000e+01, gap 0.0000%

Instance 9_1, formulation altered, reform hull:
  Rect 0: x = 1.00, y = 12.00
  Rect 1: x = 18.00, y = 11.00
  Rect 2: x = 0.00, y = 2.00
  Rect 3: x = 14.00, y = 11.00
  Rect 4: x = 0.00, y = 11.00
  Rect 5: x = 24.00, y = 7.00
  Rect 6: x = 1.00, y = 2.00
  Rect 7: x = 16.00, y = 5.00
  Rect 8: x = 0.00, y = 12.00
  → saved figures to strip_figures/9_1_altered_hull.png and strip_figures/9_1_altered_hull.pdf
Set parameter TokenServer to value "mooring.ecn.purdue.edu"
Read LP format model from file /tmp/tmpcwt2rjrz.pyomo.lp
Reading time = 0.00 seconds
x164: 478 rows, 164 columns, 1171 nonzeros
Set parameter TimeLimit to value 1800
Set parameter Threads to value 1
Gurobi Optimizer version 11.0.0 build v11.0.0rc2 (linux64 - "Oracle Linux Server 9.6")

CPU model: AMD EPYC 7643 48-Core Processor, instruction set [SSE2|AVX|AVX2]
Thread count: 48 physical cores, 96 logical processors, using up to 1 threads

Optimize a model with 478 rows, 164 columns and 1171 nonzeros
Model fingerprint: 0xd504281e
Variable types: 20 continuous, 144 integer (144 binary)
Coefficient statistics:
  Matrix range     [1e+00, 8e+01]
  Objective range  [1e+00, 1e+00]
  Bounds range     [1e+00, 7e+01]
  RHS range        [1e+00, 7e+01]
Found heuristic solution: objective 28.0000000
Presolve removed 313 rows and 25 columns
Presolve time: 0.00s
Presolved: 165 rows, 139 columns, 514 nonzeros
Variable types: 19 continuous, 120 integer (120 binary)

Root relaxation: objective 2.200000e+01, 58 iterations, 0.00 seconds (0.00 work units)

    Nodes    |    Current Node    |     Objective Bounds      |     Work
 Expl Unexpl |  Obj  Depth IntInf | Incumbent    BestBd   Gap | It/Node Time

     0     0   22.00000    0    1   28.00000   22.00000  21.4%     -    0s
     0     0   22.00000    0    2   28.00000   22.00000  21.4%     -    0s
     0     0   22.00000    0   12   28.00000   22.00000  21.4%     -    0s
     0     0   22.00000    0    4   28.00000   22.00000  21.4%     -    0s
     0     0   22.00000    0    7   28.00000   22.00000  21.4%     -    0s
     0     0   22.00000    0    6   28.00000   22.00000  21.4%     -    0s
     0     0   22.00000    0    6   28.00000   22.00000  21.4%     -    0s
     0     2   22.00000    0    6   28.00000   22.00000  21.4%     -    0s
H    6     6                      27.0000000   22.00000  18.5%   8.3    0s
H    7     6                      26.0000000   22.00000  15.4%   8.6    0s

Cutting planes:
  Gomory: 1
  Cover: 71
  Implied bound: 54
  Clique: 9
  MIR: 12
  Inf proof: 2
  RLT: 1
  Relax-and-lift: 9
  PSD: 2

Explored 113 nodes (1796 simplex iterations) in 0.06 seconds (0.04 work units)
Thread count was 1 (of 96 available processors)

Solution count 3: 26 27 28 

Optimal solution found (tolerance 1.00e-04)
Best objective 2.600000000000e+01, best bound 2.600000000000e+01, gap 0.0000%

Instance 9_1, formulation tres, reform bigm:
  Rect 0: x = 11.00, y = 12.00
  Rect 1: x = 4.00, y = 5.00
  Rect 2: x = 0.00, y = 8.00
  Rect 3: x = 0.00, y = 6.00
  Rect 4: x = 12.00, y = 10.00
  Rect 5: x = 9.00, y = 12.00
  Rect 6: x = 5.00, y = 1.00
  Rect 7: x = 1.00, y = 11.00
  Rect 8: x = 4.00, y = 1.00
  → saved figures to strip_figures/9_1_tres_bigm.png and strip_figures/9_1_tres_bigm.pdf
Set parameter TokenServer to value "mooring.ecn.purdue.edu"
Read LP format model from file /tmp/tmpu2o61n37.pyomo.lp
Reading time = 0.00 seconds
x740: 1486 rows, 740 columns, 3907 nonzeros
Set parameter TimeLimit to value 1800
Set parameter Threads to value 1
Gurobi Optimizer version 11.0.0 build v11.0.0rc2 (linux64 - "Oracle Linux Server 9.6")

CPU model: AMD EPYC 7643 48-Core Processor, instruction set [SSE2|AVX|AVX2]
Thread count: 48 physical cores, 96 logical processors, using up to 1 threads

Optimize a model with 1486 rows, 740 columns and 3907 nonzeros
Model fingerprint: 0xb71316b6
Variable types: 596 continuous, 144 integer (144 binary)
Coefficient statistics:
  Matrix range     [1e+00, 7e+01]
  Objective range  [1e+00, 1e+00]
  Bounds range     [1e+00, 7e+01]
  RHS range        [1e+00, 2e+01]
Presolve removed 300 rows and 70 columns
Presolve time: 0.00s
Presolved: 1186 rows, 670 columns, 3112 nonzeros
Variable types: 541 continuous, 129 integer (129 binary)
Found heuristic solution: objective 68.0000000
Found heuristic solution: objective 51.0000000

Root relaxation: objective 2.200000e+01, 259 iterations, 0.00 seconds (0.00 work units)

    Nodes    |    Current Node    |     Objective Bounds      |     Work
 Expl Unexpl |  Obj  Depth IntInf | Incumbent    BestBd   Gap | It/Node Time

     0     0   22.00000    0   13   51.00000   22.00000  56.9%     -    0s
H    0     0                      44.0000000   22.00000  50.0%     -    0s
H    0     0                      43.0000000   22.00000  48.8%     -    0s
     0     0   22.00000    0   23   43.00000   22.00000  48.8%     -    0s
H    0     0                      29.0000000   22.00000  24.1%     -    0s
     0     0   22.00000    0   23   29.00000   22.00000  24.1%     -    0s
     0     0   22.00000    0   15   29.00000   22.00000  24.1%     -    0s
     0     0   22.00000    0   15   29.00000   22.00000  24.1%     -    0s
     0     0   22.00000    0   11   29.00000   22.00000  24.1%     -    0s
     0     0   22.00000    0   14   29.00000   22.00000  24.1%     -    0s
H    0     0                      28.0000000   22.00000  21.4%     -    0s
     0     0   22.00000    0   14   28.00000   22.00000  21.4%     -    0s
     0     0   22.00000    0   15   28.00000   22.00000  21.4%     -    0s
H    0     0                      27.0000000   22.00000  18.5%     -    0s
     0     0   22.00000    0   14   27.00000   22.00000  18.5%     -    0s
     0     0   22.00000    0   15   27.00000   22.00000  18.5%     -    0s
     0     0   22.00000    0   14   27.00000   22.00000  18.5%     -    0s
     0     0   22.00000    0   13   27.00000   22.00000  18.5%     -    0s
     0     2   22.00000    0   13   27.00000   22.00000  18.5%     -    0s
*   45     7              28      26.0000000   22.00000  15.4%  33.0    0s

Cutting planes:
  Cover: 73
  Implied bound: 187
  Clique: 2
  MIR: 24
  Flow cover: 56
  Inf proof: 1
  RLT: 5
  Relax-and-lift: 15

Explored 198 nodes (9694 simplex iterations) in 0.37 seconds (0.33 work units)
Thread count was 1 (of 96 available processors)

Solution count 8: 26 27 28 ... 68

Optimal solution found (tolerance 1.00e-04)
Best objective 2.600000000000e+01, best bound 2.600000000000e+01, gap 0.0000%

Instance 9_1, formulation tres, reform hull:
  Rect 0: x = 1.00, y = 12.00
  Rect 1: x = 18.00, y = 11.00
  Rect 2: x = 0.00, y = 2.00
  Rect 3: x = 14.00, y = 11.00
  Rect 4: x = 0.00, y = 11.00
  Rect 5: x = 24.00, y = 7.00
  Rect 6: x = 1.00, y = 2.00
  Rect 7: x = 16.00, y = 5.00
  Rect 8: x = 0.00, y = 12.00
  → saved figures to strip_figures/9_1_tres_hull.png and strip_figures/9_1_tres_hull.pdf
Set parameter TokenServer to value "mooring.ecn.purdue.edu"
Read LP format model from file /tmp/tmpl6xk35xx.pyomo.lp
Reading time = 0.00 seconds
x164: 190 rows, 164 columns, 1027 nonzeros
Set parameter TimeLimit to value 1800
Set parameter Threads to value 1
Gurobi Optimizer version 11.0.0 build v11.0.0rc2 (linux64 - "Oracle Linux Server 9.6")

CPU model: AMD EPYC 7643 48-Core Processor, instruction set [SSE2|AVX|AVX2]
Thread count: 48 physical cores, 96 logical processors, using up to 1 threads

Optimize a model with 190 rows, 164 columns and 1027 nonzeros
Model fingerprint: 0xae4c4db9
Variable types: 20 continuous, 144 integer (144 binary)
Coefficient statistics:
  Matrix range     [1e+00, 7e+01]
  Objective range  [1e+00, 1e+00]
  Bounds range     [1e+00, 7e+01]
  RHS range        [1e+00, 2e+01]
Found heuristic solution: objective 32.0000000
Presolve removed 16 rows and 16 columns
Presolve time: 0.00s
Presolved: 174 rows, 148 columns, 768 nonzeros
Variable types: 19 continuous, 129 integer (129 binary)

Root relaxation: objective 2.200000e+01, 57 iterations, 0.00 seconds (0.00 work units)

    Nodes    |    Current Node    |     Objective Bounds      |     Work
 Expl Unexpl |  Obj  Depth IntInf | Incumbent    BestBd   Gap | It/Node Time

     0     0   22.00000    0    6   32.00000   22.00000  31.2%     -    0s
H    0     0                      31.0000000   22.00000  29.0%     -    0s
     0     0   22.00000    0   14   31.00000   22.00000  29.0%     -    0s
     0     0   22.00000    0   14   31.00000   22.00000  29.0%     -    0s
     0     0   22.00000    0    4   31.00000   22.00000  29.0%     -    0s
H    0     0                      30.0000000   22.00000  26.7%     -    0s
     0     0   22.00000    0    4   30.00000   22.00000  26.7%     -    0s
     0     0   22.00000    0    3   30.00000   22.00000  26.7%     -    0s
H    0     0                      28.0000000   22.00000  21.4%     -    0s
     0     0   22.00000    0    3   28.00000   22.00000  21.4%     -    0s
     0     0   22.00000    0    4   28.00000   22.00000  21.4%     -    0s
     0     0   22.00000    0    9   28.00000   22.00000  21.4%     -    0s
     0     0   22.00000    0   15   28.00000   22.00000  21.4%     -    0s
     0     0   22.00000    0    3   28.00000   22.00000  21.4%     -    0s
     0     0   22.00000    0    3   28.00000   22.00000  21.4%     -    0s
     0     2   22.00000    0    3   28.00000   22.00000  21.4%     -    0s
*  123    36              24      26.0000000   22.00000  15.4%   4.8    0s

Cutting planes:
  Gomory: 4
  Cover: 34
  Implied bound: 41
  Clique: 2
  MIR: 29
  RLT: 2
  Relax-and-lift: 8

Explored 184 nodes (1759 simplex iterations) in 0.08 seconds (0.05 work units)
Thread count was 1 (of 96 available processors)

Solution count 5: 26 28 30 ... 32

Optimal solution found (tolerance 1.00e-04)
Best objective 2.600000000000e+01, best bound 2.600000000000e+01, gap 0.0000%

Instance 9_1, formulation reagg, reform MIP:
  Rect 0: x = 0.00, y = 12.00
  Rect 1: x = 14.00, y = 4.00
  Rect 2: x = 17.00, y = 12.00
  Rect 3: x = 14.00, y = 10.00
  Rect 4: x = 0.00, y = 10.00
  Rect 5: x = 22.00, y = 7.00
  Rect 6: x = 0.00, y = 11.00
  Rect 7: x = 18.00, y = 12.00
  Rect 8: x = 15.00, y = 12.00
  → saved figures to strip_figures/9_1_reagg_MIP.png and strip_figures/9_1_reagg_MIP.pdf
Set parameter TokenServer to value "mooring.ecn.purdue.edu"
Read LP format model from file /tmp/tmpxkxay1du.pyomo.lp
Reading time = 0.00 seconds
x164: 190 rows, 164 columns, 1027 nonzeros
Set parameter TimeLimit to value 1800
Set parameter Threads to value 1
Gurobi Optimizer version 11.0.0 build v11.0.0rc2 (linux64 - "Oracle Linux Server 9.6")

CPU model: AMD EPYC 7643 48-Core Processor, instruction set [SSE2|AVX|AVX2]
Thread count: 48 physical cores, 96 logical processors, using up to 1 threads

Optimize a model with 190 rows, 164 columns and 1027 nonzeros
Model fingerprint: 0x52334d7c
Variable types: 20 continuous, 144 integer (144 binary)
Coefficient statistics:
  Matrix range     [1e+00, 7e+01]
  Objective range  [1e+00, 1e+00]
  Bounds range     [1e+00, 7e+01]
  RHS range        [1e+00, 2e+01]
Found heuristic solution: objective 35.0000000
Presolve removed 16 rows and 16 columns
Presolve time: 0.00s
Presolved: 174 rows, 148 columns, 734 nonzeros
Variable types: 19 continuous, 129 integer (129 binary)

Root relaxation: objective 2.200000e+01, 65 iterations, 0.00 seconds (0.00 work units)

    Nodes    |    Current Node    |     Objective Bounds      |     Work
 Expl Unexpl |  Obj  Depth IntInf | Incumbent    BestBd   Gap | It/Node Time

     0     0   22.00000    0    2   35.00000   22.00000  37.1%     -    0s
H    0     0                      30.0000000   22.00000  26.7%     -    0s
     0     0   22.00000    0   31   30.00000   22.00000  26.7%     -    0s
H    0     0                      28.0000000   22.00000  21.4%     -    0s
     0     0   22.00000    0    8   28.00000   22.00000  21.4%     -    0s
     0     0   22.00000    0    7   28.00000   22.00000  21.4%     -    0s
     0     0   22.00000    0    7   28.00000   22.00000  21.4%     -    0s
     0     0   22.00000    0    4   28.00000   22.00000  21.4%     -    0s
     0     0   22.00000    0    4   28.00000   22.00000  21.4%     -    0s
     0     0   22.00000    0    2   28.00000   22.00000  21.4%     -    0s
     0     0   22.00000    0    2   28.00000   22.00000  21.4%     -    0s
     0     2   22.00000    0    2   28.00000   22.00000  21.4%     -    0s
H   59     4                      26.0000000   22.00000  15.4%   5.5    0s

Cutting planes:
  Gomory: 1
  Cover: 48
  Implied bound: 36
  MIR: 17
  Inf proof: 1
  RLT: 2

Explored 131 nodes (1862 simplex iterations) in 0.07 seconds (0.04 work units)
Thread count was 1 (of 96 available processors)

Solution count 4: 26 28 30 35 

Optimal solution found (tolerance 1.00e-04)
Best objective 2.600000000000e+01, best bound 2.600000000000e+01, gap 0.0000%

Instance 9_1, formulation reagg_tres, reform MIP:
  Rect 0: x = 1.00, y = 3.00
  Rect 1: x = 18.00, y = 12.00
  Rect 2: x = 0.00, y = 3.00
  Rect 3: x = 14.00, y = 12.00
  Rect 4: x = 0.00, y = 12.00
  Rect 5: x = 24.00, y = 8.00
  Rect 6: x = 9.00, y = 1.00
  Rect 7: x = 16.00, y = 6.00
  Rect 8: x = 14.00, y = 2.00
  → saved figures to strip_figures/9_1_reagg_tres_MIP.png and strip_figures/9_1_reagg_tres_MIP.pdf
Set parameter TokenServer to value "mooring.ecn.purdue.edu"
Read LP format model from file /tmp/tmp68ah9l68.pyomo.lp
Reading time = 0.00 seconds
x164: 478 rows, 164 columns, 1171 nonzeros
Set parameter TimeLimit to value 1800
Set parameter Threads to value 1
Gurobi Optimizer version 11.0.0 build v11.0.0rc2 (linux64 - "Oracle Linux Server 9.6")

CPU model: AMD EPYC 7643 48-Core Processor, instruction set [SSE2|AVX|AVX2]
Thread count: 48 physical cores, 96 logical processors, using up to 1 threads

Optimize a model with 478 rows, 164 columns and 1171 nonzeros
Model fingerprint: 0x198f11d9
Variable types: 20 continuous, 144 integer (144 binary)
Coefficient statistics:
  Matrix range     [1e+00, 7e+01]
  Objective range  [1e+00, 1e+00]
  Bounds range     [1e+00, 5e+01]
  RHS range        [1e+00, 5e+01]
Found heuristic solution: objective 30.0000000
Presolve removed 319 rows and 31 columns
Presolve time: 0.00s
Presolved: 159 rows, 133 columns, 494 nonzeros
Variable types: 19 continuous, 114 integer (114 binary)

Root relaxation: objective 2.200000e+01, 57 iterations, 0.00 seconds (0.00 work units)

    Nodes    |    Current Node    |     Objective Bounds      |     Work
 Expl Unexpl |  Obj  Depth IntInf | Incumbent    BestBd   Gap | It/Node Time

     0     0   22.00000    0    2   30.00000   22.00000  26.7%     -    0s
     0     0   22.00000    0    6   30.00000   22.00000  26.7%     -    0s
     0     0   22.00000    0    6   30.00000   22.00000  26.7%     -    0s
     0     0   22.00000    0    8   30.00000   22.00000  26.7%     -    0s
     0     0   22.00000    0   12   30.00000   22.00000  26.7%     -    0s
     0     0   23.50000    0    6   30.00000   23.50000  21.7%     -    0s
     0     0   23.90000    0    8   30.00000   23.90000  20.3%     -    0s
     0     0   23.90000    0    8   30.00000   23.90000  20.3%     -    0s
     0     0   24.78431    0    7   30.00000   24.78431  17.4%     -    0s
     0     0   25.33595    0   11   30.00000   25.33595  15.5%     -    0s
     0     0   25.34815    0    9   30.00000   25.34815  15.5%     -    0s
     0     0   25.34986    0   10   30.00000   25.34986  15.5%     -    0s
     0     0   25.35780    0   11   30.00000   25.35780  15.5%     -    0s
     0     0   25.35836    0   11   30.00000   25.35836  15.5%     -    0s
     0     0   25.48976    0   13   30.00000   25.48976  15.0%     -    0s
     0     0   25.50413    0   13   30.00000   25.50413  15.0%     -    0s
     0     0   25.50507    0   14   30.00000   25.50507  15.0%     -    0s
     0     0   25.50515    0   14   30.00000   25.50515  15.0%     -    0s
     0     0   25.55000    0   15   30.00000   25.55000  14.8%     -    0s
     0     0   25.55000    0   15   30.00000   25.55000  14.8%     -    0s
     0     0   25.55065    0   24   30.00000   25.55065  14.8%     -    0s
     0     0   25.55100    0   24   30.00000   25.55100  14.8%     -    0s
     0     0   25.55758    0   25   30.00000   25.55758  14.8%     -    0s
     0     0   25.55758    0    8   30.00000   25.55758  14.8%     -    0s
H    0     0                      30.0000000   25.55758  14.8%     -    0s
     0     2   25.59843    0    8   30.00000   25.59843  14.7%     -    0s

Cutting planes:
  Gomory: 1
  Cover: 33
  Implied bound: 12
  MIR: 29
  Inf proof: 1
  RLT: 4
  Relax-and-lift: 4
  PSD: 1

Explored 77 nodes (1685 simplex iterations) in 0.07 seconds (0.04 work units)
Thread count was 1 (of 96 available processors)

Solution count 2: 30 30 

Optimal solution found (tolerance 1.00e-04)
Best objective 2.999999999690e+01, best bound 2.999999999690e+01, gap 0.0000%

Instance 9_2, formulation altered, reform bigm:
  Rect 0: x = 20.00, y = 10.00
  Rect 1: x = 0.00, y = 10.00
  Rect 2: x = 3.00, y = 1.00
  Rect 3: x = 26.00, y = 9.00
  Rect 4: x = 16.00, y = 8.00
  Rect 5: x = 0.00, y = 3.00
  Rect 6: x = 23.00, y = 10.00
  Rect 7: x = 3.00, y = 2.00
  Rect 8: x = 15.00, y = 9.00
  → saved figures to strip_figures/9_2_altered_bigm.png and strip_figures/9_2_altered_bigm.pdf
Set parameter TokenServer to value "mooring.ecn.purdue.edu"
Read LP format model from file /tmp/tmpq_y7704s.pyomo.lp
Reading time = 0.00 seconds
x740: 1486 rows, 740 columns, 3907 nonzeros
Set parameter TimeLimit to value 1800
Set parameter Threads to value 1
Gurobi Optimizer version 11.0.0 build v11.0.0rc2 (linux64 - "Oracle Linux Server 9.6")

CPU model: AMD EPYC 7643 48-Core Processor, instruction set [SSE2|AVX|AVX2]
Thread count: 48 physical cores, 96 logical processors, using up to 1 threads

Optimize a model with 1486 rows, 740 columns and 3907 nonzeros
Model fingerprint: 0x16253f3e
Variable types: 596 continuous, 144 integer (144 binary)
Coefficient statistics:
  Matrix range     [1e+00, 5e+01]
  Objective range  [1e+00, 1e+00]
  Bounds range     [1e+00, 5e+01]
  RHS range        [1e+00, 2e+01]
Presolve removed 383 rows and 139 columns
Presolve time: 0.00s
Presolved: 1103 rows, 601 columns, 2894 nonzeros
Variable types: 487 continuous, 114 integer (114 binary)
Found heuristic solution: objective 53.0000000
Found heuristic solution: objective 45.0000000

Root relaxation: objective 2.200000e+01, 263 iterations, 0.00 seconds (0.00 work units)

    Nodes    |    Current Node    |     Objective Bounds      |     Work
 Expl Unexpl |  Obj  Depth IntInf | Incumbent    BestBd   Gap | It/Node Time

     0     0   22.00000    0   14   45.00000   22.00000  51.1%     -    0s
H    0     0                      37.0000000   22.00000  40.5%     -    0s
     0     0   22.00000    0    8   37.00000   22.00000  40.5%     -    0s
H    0     0                      36.0000000   22.00000  38.9%     -    0s
     0     0   22.00000    0    8   36.00000   22.00000  38.9%     -    0s
     0     0   22.00000    0    2   36.00000   22.00000  38.9%     -    0s
H    0     0                      31.0000000   22.00000  29.0%     -    0s
     0     0   22.00000    0   11   31.00000   22.00000  29.0%     -    0s
     0     0   22.00000    0    8   31.00000   22.00000  29.0%     -    0s
H    0     0                      30.0000000   22.00000  26.7%     -    0s
     0     0   22.00000    0   10   30.00000   22.00000  26.7%     -    0s
     0     0   22.00000    0    9   30.00000   22.00000  26.7%     -    0s
     0     0   22.00000    0    9   30.00000   22.00000  26.7%     -    0s
     0     0   22.00093    0    8   30.00000   22.00093  26.7%     -    0s
     0     0   22.04637    0   13   30.00000   22.04637  26.5%     -    0s
     0     0   22.05550    0   12   30.00000   22.05550  26.5%     -    0s
     0     0   22.07191    0   15   30.00000   22.07191  26.4%     -    0s
     0     0   22.08514    0   14   30.00000   22.08514  26.4%     -    0s
     0     0   22.08514    0   17   30.00000   22.08514  26.4%     -    0s
     0     0   22.08514    0   16   30.00000   22.08514  26.4%     -    0s
     0     0   22.08514    0    7   30.00000   22.08514  26.4%     -    0s
     0     0   22.08514    0    7   30.00000   22.08514  26.4%     -    0s
     0     0   22.08514    0    6   30.00000   22.08514  26.4%     -    0s
     0     0   22.08872    0    8   30.00000   22.08872  26.4%     -    0s
     0     0   22.09790    0    8   30.00000   22.09790  26.3%     -    0s
     0     0   22.09790    0    8   30.00000   22.09790  26.3%     -    0s
     0     0   22.09790    0    8   30.00000   22.09790  26.3%     -    0s
     0     0   22.10036    0    8   30.00000   22.10036  26.3%     -    0s
     0     0   22.10036    0    8   30.00000   22.10036  26.3%     -    0s
     0     2   22.20588    0    8   30.00000   22.20588  26.0%     -    0s
H  138    10                      30.0000000   27.00000  10.0%   9.9    0s

Cutting planes:
  Gomory: 1
  Cover: 9
  Implied bound: 4
  MIR: 38
  Flow cover: 47
  Network: 1
  RLT: 34
  Relax-and-lift: 11
  BQP: 2

Explored 163 nodes (3859 simplex iterations) in 0.24 seconds (0.19 work units)
Thread count was 1 (of 96 available processors)

Solution count 7: 30 30 31 ... 53

Optimal solution found (tolerance 1.00e-04)
Best objective 2.999999999690e+01, best bound 2.999999999690e+01, gap 0.0000%

Instance 9_2, formulation altered, reform hull:
  Rect 0: x = 0.00, y = 10.00
  Rect 1: x = 11.00, y = 7.00
  Rect 2: x = 7.00, y = 9.00
  Rect 3: x = 26.00, y = 6.00
  Rect 4: x = 0.00, y = 5.00
  Rect 5: x = 4.00, y = 10.00
  Rect 6: x = 8.00, y = 7.00
  Rect 7: x = 0.00, y = 8.00
  Rect 8: x = 7.00, y = 6.00
  → saved figures to strip_figures/9_2_altered_hull.png and strip_figures/9_2_altered_hull.pdf
Set parameter TokenServer to value "mooring.ecn.purdue.edu"
Read LP format model from file /tmp/tmpmlmgx35z.pyomo.lp
Reading time = 0.00 seconds
x164: 478 rows, 164 columns, 1171 nonzeros
Set parameter TimeLimit to value 1800
Set parameter Threads to value 1
Gurobi Optimizer version 11.0.0 build v11.0.0rc2 (linux64 - "Oracle Linux Server 9.6")

CPU model: AMD EPYC 7643 48-Core Processor, instruction set [SSE2|AVX|AVX2]
Thread count: 48 physical cores, 96 logical processors, using up to 1 threads

Optimize a model with 478 rows, 164 columns and 1171 nonzeros
Model fingerprint: 0x198f11d9
Variable types: 20 continuous, 144 integer (144 binary)
Coefficient statistics:
  Matrix range     [1e+00, 7e+01]
  Objective range  [1e+00, 1e+00]
  Bounds range     [1e+00, 5e+01]
  RHS range        [1e+00, 5e+01]
Found heuristic solution: objective 30.0000000
Presolve removed 319 rows and 31 columns
Presolve time: 0.00s
Presolved: 159 rows, 133 columns, 494 nonzeros
Variable types: 19 continuous, 114 integer (114 binary)

Root relaxation: objective 2.200000e+01, 57 iterations, 0.00 seconds (0.00 work units)

    Nodes    |    Current Node    |     Objective Bounds      |     Work
 Expl Unexpl |  Obj  Depth IntInf | Incumbent    BestBd   Gap | It/Node Time

     0     0   22.00000    0    2   30.00000   22.00000  26.7%     -    0s
     0     0   22.00000    0    6   30.00000   22.00000  26.7%     -    0s
     0     0   22.00000    0    6   30.00000   22.00000  26.7%     -    0s
     0     0   22.00000    0    8   30.00000   22.00000  26.7%     -    0s
     0     0   22.00000    0   12   30.00000   22.00000  26.7%     -    0s
     0     0   23.50000    0    6   30.00000   23.50000  21.7%     -    0s
     0     0   23.90000    0    8   30.00000   23.90000  20.3%     -    0s
     0     0   23.90000    0    8   30.00000   23.90000  20.3%     -    0s
     0     0   24.78431    0    7   30.00000   24.78431  17.4%     -    0s
     0     0   25.33595    0   11   30.00000   25.33595  15.5%     -    0s
     0     0   25.34815    0    9   30.00000   25.34815  15.5%     -    0s
     0     0   25.34986    0   10   30.00000   25.34986  15.5%     -    0s
     0     0   25.35780    0   11   30.00000   25.35780  15.5%     -    0s
     0     0   25.35836    0   11   30.00000   25.35836  15.5%     -    0s
     0     0   25.48976    0   13   30.00000   25.48976  15.0%     -    0s
     0     0   25.50413    0   13   30.00000   25.50413  15.0%     -    0s
     0     0   25.50507    0   14   30.00000   25.50507  15.0%     -    0s
     0     0   25.50515    0   14   30.00000   25.50515  15.0%     -    0s
     0     0   25.55000    0   15   30.00000   25.55000  14.8%     -    0s
     0     0   25.55000    0   15   30.00000   25.55000  14.8%     -    0s
     0     0   25.55065    0   24   30.00000   25.55065  14.8%     -    0s
     0     0   25.55100    0   24   30.00000   25.55100  14.8%     -    0s
     0     0   25.55758    0   25   30.00000   25.55758  14.8%     -    0s
     0     0   25.55758    0    8   30.00000   25.55758  14.8%     -    0s
H    0     0                      30.0000000   25.55758  14.8%     -    0s
     0     2   25.59843    0    8   30.00000   25.59843  14.7%     -    0s

Cutting planes:
  Gomory: 1
  Cover: 33
  Implied bound: 12
  MIR: 29
  Inf proof: 1
  RLT: 4
  Relax-and-lift: 4
  PSD: 1

Explored 77 nodes (1685 simplex iterations) in 0.07 seconds (0.04 work units)
Thread count was 1 (of 96 available processors)

Solution count 2: 30 30 

Optimal solution found (tolerance 1.00e-04)
Best objective 2.999999999690e+01, best bound 2.999999999690e+01, gap 0.0000%

Instance 9_2, formulation tres, reform bigm:
  Rect 0: x = 20.00, y = 10.00
  Rect 1: x = 0.00, y = 10.00
  Rect 2: x = 3.00, y = 1.00
  Rect 3: x = 26.00, y = 9.00
  Rect 4: x = 16.00, y = 8.00
  Rect 5: x = 0.00, y = 3.00
  Rect 6: x = 23.00, y = 10.00
  Rect 7: x = 3.00, y = 2.00
  Rect 8: x = 15.00, y = 9.00
  → saved figures to strip_figures/9_2_tres_bigm.png and strip_figures/9_2_tres_bigm.pdf
Set parameter TokenServer to value "mooring.ecn.purdue.edu"
Read LP format model from file /tmp/tmpk_5j7m0u.pyomo.lp
Reading time = 0.00 seconds
x740: 1486 rows, 740 columns, 3907 nonzeros
Set parameter TimeLimit to value 1800
Set parameter Threads to value 1
Gurobi Optimizer version 11.0.0 build v11.0.0rc2 (linux64 - "Oracle Linux Server 9.6")

CPU model: AMD EPYC 7643 48-Core Processor, instruction set [SSE2|AVX|AVX2]
Thread count: 48 physical cores, 96 logical processors, using up to 1 threads

Optimize a model with 1486 rows, 740 columns and 3907 nonzeros
Model fingerprint: 0x16253f3e
Variable types: 596 continuous, 144 integer (144 binary)
Coefficient statistics:
  Matrix range     [1e+00, 5e+01]
  Objective range  [1e+00, 1e+00]
  Bounds range     [1e+00, 5e+01]
  RHS range        [1e+00, 2e+01]
Presolve removed 383 rows and 139 columns
Presolve time: 0.00s
Presolved: 1103 rows, 601 columns, 2894 nonzeros
Variable types: 487 continuous, 114 integer (114 binary)
Found heuristic solution: objective 53.0000000
Found heuristic solution: objective 45.0000000

Root relaxation: objective 2.200000e+01, 263 iterations, 0.00 seconds (0.00 work units)

    Nodes    |    Current Node    |     Objective Bounds      |     Work
 Expl Unexpl |  Obj  Depth IntInf | Incumbent    BestBd   Gap | It/Node Time

     0     0   22.00000    0   14   45.00000   22.00000  51.1%     -    0s
H    0     0                      37.0000000   22.00000  40.5%     -    0s
     0     0   22.00000    0    8   37.00000   22.00000  40.5%     -    0s
H    0     0                      36.0000000   22.00000  38.9%     -    0s
     0     0   22.00000    0    8   36.00000   22.00000  38.9%     -    0s
     0     0   22.00000    0    2   36.00000   22.00000  38.9%     -    0s
H    0     0                      31.0000000   22.00000  29.0%     -    0s
     0     0   22.00000    0   11   31.00000   22.00000  29.0%     -    0s
     0     0   22.00000    0    8   31.00000   22.00000  29.0%     -    0s
H    0     0                      30.0000000   22.00000  26.7%     -    0s
     0     0   22.00000    0   10   30.00000   22.00000  26.7%     -    0s
     0     0   22.00000    0    9   30.00000   22.00000  26.7%     -    0s
     0     0   22.00000    0    9   30.00000   22.00000  26.7%     -    0s
     0     0   22.00093    0    8   30.00000   22.00093  26.7%     -    0s
     0     0   22.04637    0   13   30.00000   22.04637  26.5%     -    0s
     0     0   22.05550    0   12   30.00000   22.05550  26.5%     -    0s
     0     0   22.07191    0   15   30.00000   22.07191  26.4%     -    0s
     0     0   22.08514    0   14   30.00000   22.08514  26.4%     -    0s
     0     0   22.08514    0   17   30.00000   22.08514  26.4%     -    0s
     0     0   22.08514    0   16   30.00000   22.08514  26.4%     -    0s
     0     0   22.08514    0    7   30.00000   22.08514  26.4%     -    0s
     0     0   22.08514    0    7   30.00000   22.08514  26.4%     -    0s
     0     0   22.08514    0    6   30.00000   22.08514  26.4%     -    0s
     0     0   22.08872    0    8   30.00000   22.08872  26.4%     -    0s
     0     0   22.09790    0    8   30.00000   22.09790  26.3%     -    0s
     0     0   22.09790    0    8   30.00000   22.09790  26.3%     -    0s
     0     0   22.09790    0    8   30.00000   22.09790  26.3%     -    0s
     0     0   22.10036    0    8   30.00000   22.10036  26.3%     -    0s
     0     0   22.10036    0    8   30.00000   22.10036  26.3%     -    0s
     0     2   22.20588    0    8   30.00000   22.20588  26.0%     -    0s
H  138    10                      30.0000000   27.00000  10.0%   9.9    0s

Cutting planes:
  Gomory: 1
  Cover: 9
  Implied bound: 4
  MIR: 38
  Flow cover: 47
  Network: 1
  RLT: 34
  Relax-and-lift: 11
  BQP: 2

Explored 163 nodes (3859 simplex iterations) in 0.25 seconds (0.19 work units)
Thread count was 1 (of 96 available processors)

Solution count 7: 30 30 31 ... 53

Optimal solution found (tolerance 1.00e-04)
Best objective 2.999999999690e+01, best bound 2.999999999690e+01, gap 0.0000%

Instance 9_2, formulation tres, reform hull:
  Rect 0: x = 0.00, y = 10.00
  Rect 1: x = 11.00, y = 7.00
  Rect 2: x = 7.00, y = 9.00
  Rect 3: x = 26.00, y = 6.00
  Rect 4: x = 0.00, y = 5.00
  Rect 5: x = 4.00, y = 10.00
  Rect 6: x = 8.00, y = 7.00
  Rect 7: x = 0.00, y = 8.00
  Rect 8: x = 7.00, y = 6.00
  → saved figures to strip_figures/9_2_tres_hull.png and strip_figures/9_2_tres_hull.pdf
Set parameter TokenServer to value "mooring.ecn.purdue.edu"
Read LP format model from file /tmp/tmpgocbdbpd.pyomo.lp
Reading time = 0.00 seconds
x164: 190 rows, 164 columns, 1027 nonzeros
Set parameter TimeLimit to value 1800
Set parameter Threads to value 1
Gurobi Optimizer version 11.0.0 build v11.0.0rc2 (linux64 - "Oracle Linux Server 9.6")

CPU model: AMD EPYC 7643 48-Core Processor, instruction set [SSE2|AVX|AVX2]
Thread count: 48 physical cores, 96 logical processors, using up to 1 threads

Optimize a model with 190 rows, 164 columns and 1027 nonzeros
Model fingerprint: 0x2798b18c
Variable types: 20 continuous, 144 integer (144 binary)
Coefficient statistics:
  Matrix range     [1e+00, 5e+01]
  Objective range  [1e+00, 1e+00]
  Bounds range     [1e+00, 5e+01]
  RHS range        [1e+00, 2e+01]
Found heuristic solution: objective 30.0000000
Presolve removed 31 rows and 31 columns
Presolve time: 0.00s
Presolved: 159 rows, 133 columns, 668 nonzeros
Variable types: 19 continuous, 114 integer (114 binary)

Root relaxation: objective 2.200000e+01, 53 iterations, 0.00 seconds (0.00 work units)

    Nodes    |    Current Node    |     Objective Bounds      |     Work
 Expl Unexpl |  Obj  Depth IntInf | Incumbent    BestBd   Gap | It/Node Time

     0     0   22.00000    0    3   30.00000   22.00000  26.7%     -    0s
     0     0   22.00000    0    7   30.00000   22.00000  26.7%     -    0s
     0     0   23.61175    0    9   30.00000   23.61175  21.3%     -    0s
     0     0   26.00000    0   10   30.00000   26.00000  13.3%     -    0s
     0     0   26.00000    0   10   30.00000   26.00000  13.3%     -    0s
     0     0   26.00000    0    7   30.00000   26.00000  13.3%     -    0s
     0     0   26.00000    0    7   30.00000   26.00000  13.3%     -    0s
     0     0   26.00000    0    6   30.00000   26.00000  13.3%     -    0s
     0     0   26.00000    0    4   30.00000   26.00000  13.3%     -    0s
     0     0   26.00000    0    6   30.00000   26.00000  13.3%     -    0s
     0     0   26.00000    0   10   30.00000   26.00000  13.3%     -    0s
     0     0   26.00000    0    8   30.00000   26.00000  13.3%     -    0s
     0     0   26.00000    0    6   30.00000   26.00000  13.3%     -    0s
     0     0   26.00000    0    6   30.00000   26.00000  13.3%     -    0s
     0     0   26.00000    0    9   30.00000   26.00000  13.3%     -    0s
     0     0   26.00000    0    6   30.00000   26.00000  13.3%     -    0s
     0     0   26.00000    0    8   30.00000   26.00000  13.3%     -    0s
     0     0   26.00000    0    8   30.00000   26.00000  13.3%     -    0s
     0     2   26.00000    0    8   30.00000   26.00000  13.3%     -    0s

Cutting planes:
  MIR: 16
  RLT: 3
  Relax-and-lift: 1

Explored 37 nodes (780 simplex iterations) in 0.06 seconds (0.03 work units)
Thread count was 1 (of 96 available processors)

Solution count 1: 30 

Optimal solution found (tolerance 1.00e-04)
Best objective 3.000000000000e+01, best bound 3.000000000000e+01, gap 0.0000%

Instance 9_2, formulation reagg, reform MIP:
  Rect 0: x = 8.00, y = 1.00
  Rect 1: x = 15.00, y = 7.00
  Rect 2: x = 1.00, y = 2.00
  Rect 3: x = 4.00, y = 10.00
  Rect 4: x = 8.00, y = 7.00
  Rect 5: x = 15.00, y = 10.00
  Rect 6: x = 1.00, y = 10.00
  Rect 7: x = 0.00, y = 1.00
  Rect 8: x = 0.00, y = 10.00
  → saved figures to strip_figures/9_2_reagg_MIP.png and strip_figures/9_2_reagg_MIP.pdf
Set parameter TokenServer to value "mooring.ecn.purdue.edu"
Read LP format model from file /tmp/tmp6gy8s0sq.pyomo.lp
Reading time = 0.00 seconds
x164: 190 rows, 164 columns, 1027 nonzeros
Set parameter TimeLimit to value 1800
Set parameter Threads to value 1
Gurobi Optimizer version 11.0.0 build v11.0.0rc2 (linux64 - "Oracle Linux Server 9.6")

CPU model: AMD EPYC 7643 48-Core Processor, instruction set [SSE2|AVX|AVX2]
Thread count: 48 physical cores, 96 logical processors, using up to 1 threads

Optimize a model with 190 rows, 164 columns and 1027 nonzeros
Model fingerprint: 0x4080f6bf
Variable types: 20 continuous, 144 integer (144 binary)
Coefficient statistics:
  Matrix range     [1e+00, 5e+01]
  Objective range  [1e+00, 1e+00]
  Bounds range     [1e+00, 5e+01]
  RHS range        [1e+00, 2e+01]
Found heuristic solution: objective 33.0000000
Presolve removed 31 rows and 34 columns
Presolve time: 0.00s
Presolved: 159 rows, 130 columns, 635 nonzeros
Variable types: 19 continuous, 111 integer (111 binary)

Root relaxation: objective 2.200000e+01, 61 iterations, 0.00 seconds (0.00 work units)

    Nodes    |    Current Node    |     Objective Bounds      |     Work
 Expl Unexpl |  Obj  Depth IntInf | Incumbent    BestBd   Gap | It/Node Time

     0     0   22.00000    0    7   33.00000   22.00000  33.3%     -    0s
H    0     0                      30.0000000   22.00000  26.7%     -    0s
     0     0   22.00000    0   18   30.00000   22.00000  26.7%     -    0s
     0     0   22.00000    0   23   30.00000   22.00000  26.7%     -    0s
     0     0   22.00000    0   17   30.00000   22.00000  26.7%     -    0s
     0     0   22.00000    0   24   30.00000   22.00000  26.7%     -    0s
     0     0   23.50000    0   12   30.00000   23.50000  21.7%     -    0s
     0     0   23.58022    0   11   30.00000   23.58022  21.4%     -    0s
     0     0   24.17076    0   19   30.00000   24.17076  19.4%     -    0s
     0     0   24.30769    0   27   30.00000   24.30769  19.0%     -    0s
     0     0   24.30769    0   31   30.00000   24.30769  19.0%     -    0s
     0     0   24.30769    0   27   30.00000   24.30769  19.0%     -    0s
     0     0   24.30769    0   29   30.00000   24.30769  19.0%     -    0s
     0     0   24.35237    0   20   30.00000   24.35237  18.8%     -    0s
     0     0   24.42216    0   24   30.00000   24.42216  18.6%     -    0s
     0     0   24.42216    0   24   30.00000   24.42216  18.6%     -    0s
     0     0   25.11111    0   19   30.00000   25.11111  16.3%     -    0s
     0     0   25.11111    0   18   30.00000   25.11111  16.3%     -    0s
     0     0   25.50000    0   25   30.00000   25.50000  15.0%     -    0s
     0     0   25.50000    0   22   30.00000   25.50000  15.0%     -    0s
     0     0   25.50000    0   23   30.00000   25.50000  15.0%     -    0s
     0     0   25.50000    0   25   30.00000   25.50000  15.0%     -    0s
     0     0   25.50000    0    7   30.00000   25.50000  15.0%     -    0s
     0     0   25.50000    0   17   30.00000   25.50000  15.0%     -    0s
     0     0   25.50000    0    5   30.00000   25.50000  15.0%     -    0s
     0     0   25.50000    0   28   30.00000   25.50000  15.0%     -    0s
     0     0   26.00000    0    6   30.00000   26.00000  13.3%     -    0s
     0     0   26.00000    0    8   30.00000   26.00000  13.3%     -    0s
     0     0   26.00000    0   22   30.00000   26.00000  13.3%     -    0s
     0     0   26.00000    0   18   30.00000   26.00000  13.3%     -    0s
     0     0   26.00000    0    5   30.00000   26.00000  13.3%     -    0s
     0     0   26.00000    0   27   30.00000   26.00000  13.3%     -    0s
     0     0   26.00000    0   10   30.00000   26.00000  13.3%     -    0s
     0     0   26.00000    0   10   30.00000   26.00000  13.3%     -    0s
     0     2   26.00000    0   10   30.00000   26.00000  13.3%     -    0s

Cutting planes:
  Cover: 32
  Implied bound: 20
  Clique: 1
  MIR: 58
  StrongCG: 1
  RLT: 10
  Relax-and-lift: 7

Explored 54 nodes (3160 simplex iterations) in 0.11 seconds (0.07 work units)
Thread count was 1 (of 96 available processors)

Solution count 2: 30 33 

Optimal solution found (tolerance 1.00e-04)
Best objective 3.000000000000e+01, best bound 3.000000000000e+01, gap 0.0000%

Instance 9_2, formulation reagg_tres, reform MIP:
  Rect 0: x = 5.00, y = 3.00
  Rect 1: x = 15.00, y = 7.00
  Rect 2: x = 1.00, y = 1.00
  Rect 3: x = 1.00, y = 7.00
  Rect 4: x = 5.00, y = 8.00
  Rect 5: x = 1.00, y = 10.00
  Rect 6: x = 12.00, y = 8.00
  Rect 7: x = 5.00, y = 2.00
  Rect 8: x = 0.00, y = 6.00
  → saved figures to strip_figures/9_2_reagg_tres_MIP.png and strip_figures/9_2_reagg_tres_MIP.pdf
Set parameter TokenServer to value "mooring.ecn.purdue.edu"
Read LP format model from file /tmp/tmpzwt7baq5.pyomo.lp
Reading time = 0.00 seconds
x164: 478 rows, 164 columns, 1171 nonzeros
Set parameter TimeLimit to value 1800
Set parameter Threads to value 1
Gurobi Optimizer version 11.0.0 build v11.0.0rc2 (linux64 - "Oracle Linux Server 9.6")

CPU model: AMD EPYC 7643 48-Core Processor, instruction set [SSE2|AVX|AVX2]
Thread count: 48 physical cores, 96 logical processors, using up to 1 threads

Optimize a model with 478 rows, 164 columns and 1171 nonzeros
Model fingerprint: 0xca47754d
Variable types: 20 continuous, 144 integer (144 binary)
Coefficient statistics:
  Matrix range     [1e+00, 1e+02]
  Objective range  [1e+00, 1e+00]
  Bounds range     [1e+00, 9e+01]
  RHS range        [1e+00, 9e+01]
Presolve removed 376 rows and 92 columns
Presolve time: 0.00s
Presolved: 102 rows, 72 columns, 298 nonzeros
Variable types: 15 continuous, 57 integer (57 binary)
Found heuristic solution: objective 77.0000000

Root relaxation: objective 2.700000e+01, 42 iterations, 0.00 seconds (0.00 work units)

    Nodes    |    Current Node    |     Objective Bounds      |     Work
 Expl Unexpl |  Obj  Depth IntInf | Incumbent    BestBd   Gap | It/Node Time

     0     0   27.00000    0   13   77.00000   27.00000  64.9%     -    0s
     0     0   45.09091    0   29   77.00000   45.09091  41.4%     -    0s
     0     0   47.42857    0   29   77.00000   47.42857  38.4%     -    0s
     0     0   47.42857    0   28   77.00000   47.42857  38.4%     -    0s
     0     0   47.42857    0   28   77.00000   47.42857  38.4%     -    0s
     0     0   47.42857    0   26   77.00000   47.42857  38.4%     -    0s
     0     0   47.42857    0   26   77.00000   47.42857  38.4%     -    0s
     0     0   47.42857    0   26   77.00000   47.42857  38.4%     -    0s
     0     0   47.42857    0   25   77.00000   47.42857  38.4%     -    0s
     0     0   47.42857    0   25   77.00000   47.42857  38.4%     -    0s
     0     0   47.66253    0   25   77.00000   47.66253  38.1%     -    0s
     0     0   47.66253    0   27   77.00000   47.66253  38.1%     -    0s
     0     0   47.66253    0   26   77.00000   47.66253  38.1%     -    0s
     0     2   47.66253    0   25   77.00000   47.66253  38.1%     -    0s

Cutting planes:
  Gomory: 22
  Implied bound: 8
  MIR: 86
  Inf proof: 20
  RLT: 38
  Relax-and-lift: 1

Explored 3501 nodes (25515 simplex iterations) in 0.56 seconds (0.38 work units)
Thread count was 1 (of 96 available processors)

Solution count 1: 77 

Optimal solution found (tolerance 1.00e-04)
Best objective 7.700000000000e+01, best bound 7.700000000000e+01, gap 0.0000%

Instance 9_3, formulation altered, reform bigm:
  Rect 0: x = 0.00, y = 9.00
  Rect 1: x = 4.00, y = 9.00
  Rect 2: x = 15.00, y = 8.00
  Rect 3: x = 0.00, y = 12.00
  Rect 4: x = 30.00, y = 11.00
  Rect 5: x = 39.00, y = 8.00
  Rect 6: x = 49.00, y = 9.00
  Rect 7: x = 58.00, y = 8.00
  Rect 8: x = 65.00, y = 8.00
  → saved figures to strip_figures/9_3_altered_bigm.png and strip_figures/9_3_altered_bigm.pdf
Set parameter TokenServer to value "mooring.ecn.purdue.edu"
Read LP format model from file /tmp/tmp_ug3ot66.pyomo.lp
Reading time = 0.00 seconds
x740: 1486 rows, 740 columns, 3907 nonzeros
Set parameter TimeLimit to value 1800
Set parameter Threads to value 1
Gurobi Optimizer version 11.0.0 build v11.0.0rc2 (linux64 - "Oracle Linux Server 9.6")

CPU model: AMD EPYC 7643 48-Core Processor, instruction set [SSE2|AVX|AVX2]
Thread count: 48 physical cores, 96 logical processors, using up to 1 threads

Optimize a model with 1486 rows, 740 columns and 3907 nonzeros
Model fingerprint: 0x1ccb7286
Variable types: 596 continuous, 144 integer (144 binary)
Coefficient statistics:
  Matrix range     [1e+00, 9e+01]
  Objective range  [1e+00, 1e+00]
  Bounds range     [1e+00, 9e+01]
  RHS range        [1e+00, 2e+01]
Presolve removed 676 rows and 390 columns
Presolve time: 0.00s
Presolved: 810 rows, 350 columns, 2116 nonzeros
Variable types: 293 continuous, 57 integer (57 binary)
Found heuristic solution: objective 89.0000000
Found heuristic solution: objective 77.0000000

Root relaxation: objective 2.700000e+01, 141 iterations, 0.00 seconds (0.00 work units)

    Nodes    |    Current Node    |     Objective Bounds      |     Work
 Expl Unexpl |  Obj  Depth IntInf | Incumbent    BestBd   Gap | It/Node Time

     0     0   27.00000    0   18   77.00000   27.00000  64.9%     -    0s
     0     0   27.00000    0   21   77.00000   27.00000  64.9%     -    0s
     0     0   27.00000    0   18   77.00000   27.00000  64.9%     -    0s
     0     0   27.00000    0   20   77.00000   27.00000  64.9%     -    0s
     0     0   27.00000    0   28   77.00000   27.00000  64.9%     -    0s
     0     0   27.00000    0   25   77.00000   27.00000  64.9%     -    0s
     0     0   27.00000    0   28   77.00000   27.00000  64.9%     -    0s
     0     0   27.00000    0   24   77.00000   27.00000  64.9%     -    0s
     0     0   27.00000    0   23   77.00000   27.00000  64.9%     -    0s
     0     2   27.00000    0   22   77.00000   27.00000  64.9%     -    0s
H 7105  1736                      77.0000000   57.00000  26.0%   8.7    2s
 16552  2643   73.00000   24    2   77.00000   64.00000  16.9%   7.7    5s
 46029   204     cutoff   29        77.00000   73.00000  5.19%   6.8   10s

Cutting planes:
  Clique: 3
  MIR: 5
  Flow cover: 7
  RLT: 6

Explored 46350 nodes (314864 simplex iterations) in 10.14 seconds (9.09 work units)
Thread count was 1 (of 96 available processors)

Solution count 4: 77 77 77 89 

Optimal solution found (tolerance 1.00e-04)
Best objective 7.700000000000e+01, best bound 7.700000000000e+01, gap 0.0000%

Instance 9_3, formulation altered, reform hull:
  Rect 0: x = 24.00, y = 9.00
  Rect 1: x = 28.00, y = 9.00
  Rect 2: x = 9.00, y = 8.00
  Rect 3: x = 24.00, y = 12.00
  Rect 4: x = 39.00, y = 11.00
  Rect 5: x = 48.00, y = 8.00
  Rect 6: x = 0.00, y = 9.00
  Rect 7: x = 58.00, y = 8.00
  Rect 8: x = 65.00, y = 8.00
  → saved figures to strip_figures/9_3_altered_hull.png and strip_figures/9_3_altered_hull.pdf
Set parameter TokenServer to value "mooring.ecn.purdue.edu"
Read LP format model from file /tmp/tmpal38bdpu.pyomo.lp
Reading time = 0.00 seconds
x164: 478 rows, 164 columns, 1171 nonzeros
Set parameter TimeLimit to value 1800
Set parameter Threads to value 1
Gurobi Optimizer version 11.0.0 build v11.0.0rc2 (linux64 - "Oracle Linux Server 9.6")

CPU model: AMD EPYC 7643 48-Core Processor, instruction set [SSE2|AVX|AVX2]
Thread count: 48 physical cores, 96 logical processors, using up to 1 threads

Optimize a model with 478 rows, 164 columns and 1171 nonzeros
Model fingerprint: 0xca47754d
Variable types: 20 continuous, 144 integer (144 binary)
Coefficient statistics:
  Matrix range     [1e+00, 1e+02]
  Objective range  [1e+00, 1e+00]
  Bounds range     [1e+00, 9e+01]
  RHS range        [1e+00, 9e+01]
Presolve removed 376 rows and 92 columns
Presolve time: 0.00s
Presolved: 102 rows, 72 columns, 298 nonzeros
Variable types: 15 continuous, 57 integer (57 binary)
Found heuristic solution: objective 77.0000000

Root relaxation: objective 2.700000e+01, 42 iterations, 0.00 seconds (0.00 work units)

    Nodes    |    Current Node    |     Objective Bounds      |     Work
 Expl Unexpl |  Obj  Depth IntInf | Incumbent    BestBd   Gap | It/Node Time

     0     0   27.00000    0   13   77.00000   27.00000  64.9%     -    0s
     0     0   45.09091    0   29   77.00000   45.09091  41.4%     -    0s
     0     0   47.42857    0   29   77.00000   47.42857  38.4%     -    0s
     0     0   47.42857    0   28   77.00000   47.42857  38.4%     -    0s
     0     0   47.42857    0   28   77.00000   47.42857  38.4%     -    0s
     0     0   47.42857    0   26   77.00000   47.42857  38.4%     -    0s
     0     0   47.42857    0   26   77.00000   47.42857  38.4%     -    0s
     0     0   47.42857    0   26   77.00000   47.42857  38.4%     -    0s
     0     0   47.42857    0   25   77.00000   47.42857  38.4%     -    0s
     0     0   47.42857    0   25   77.00000   47.42857  38.4%     -    0s
     0     0   47.66253    0   25   77.00000   47.66253  38.1%     -    0s
     0     0   47.66253    0   27   77.00000   47.66253  38.1%     -    0s
     0     0   47.66253    0   26   77.00000   47.66253  38.1%     -    0s
     0     2   47.66253    0   25   77.00000   47.66253  38.1%     -    0s

Cutting planes:
  Gomory: 22
  Implied bound: 8
  MIR: 86
  Inf proof: 20
  RLT: 38
  Relax-and-lift: 1

Explored 3501 nodes (25515 simplex iterations) in 0.56 seconds (0.38 work units)
Thread count was 1 (of 96 available processors)

Solution count 1: 77 

Optimal solution found (tolerance 1.00e-04)
Best objective 7.700000000000e+01, best bound 7.700000000000e+01, gap 0.0000%

Instance 9_3, formulation tres, reform bigm:
  Rect 0: x = 0.00, y = 9.00
  Rect 1: x = 4.00, y = 9.00
  Rect 2: x = 15.00, y = 8.00
  Rect 3: x = 0.00, y = 12.00
  Rect 4: x = 30.00, y = 11.00
  Rect 5: x = 39.00, y = 8.00
  Rect 6: x = 49.00, y = 9.00
  Rect 7: x = 58.00, y = 8.00
  Rect 8: x = 65.00, y = 8.00
  → saved figures to strip_figures/9_3_tres_bigm.png and strip_figures/9_3_tres_bigm.pdf
Set parameter TokenServer to value "mooring.ecn.purdue.edu"
Read LP format model from file /tmp/tmp5d6c44ec.pyomo.lp
Reading time = 0.00 seconds
x740: 1486 rows, 740 columns, 3907 nonzeros
Set parameter TimeLimit to value 1800
Set parameter Threads to value 1
Gurobi Optimizer version 11.0.0 build v11.0.0rc2 (linux64 - "Oracle Linux Server 9.6")

CPU model: AMD EPYC 7643 48-Core Processor, instruction set [SSE2|AVX|AVX2]
Thread count: 48 physical cores, 96 logical processors, using up to 1 threads

Optimize a model with 1486 rows, 740 columns and 3907 nonzeros
Model fingerprint: 0x1ccb7286
Variable types: 596 continuous, 144 integer (144 binary)
Coefficient statistics:
  Matrix range     [1e+00, 9e+01]
  Objective range  [1e+00, 1e+00]
  Bounds range     [1e+00, 9e+01]
  RHS range        [1e+00, 2e+01]
Presolve removed 676 rows and 390 columns
Presolve time: 0.00s
Presolved: 810 rows, 350 columns, 2116 nonzeros
Variable types: 293 continuous, 57 integer (57 binary)
Found heuristic solution: objective 89.0000000
Found heuristic solution: objective 77.0000000

Root relaxation: objective 2.700000e+01, 141 iterations, 0.00 seconds (0.00 work units)

    Nodes    |    Current Node    |     Objective Bounds      |     Work
 Expl Unexpl |  Obj  Depth IntInf | Incumbent    BestBd   Gap | It/Node Time

     0     0   27.00000    0   18   77.00000   27.00000  64.9%     -    0s
     0     0   27.00000    0   21   77.00000   27.00000  64.9%     -    0s
     0     0   27.00000    0   18   77.00000   27.00000  64.9%     -    0s
     0     0   27.00000    0   20   77.00000   27.00000  64.9%     -    0s
     0     0   27.00000    0   28   77.00000   27.00000  64.9%     -    0s
     0     0   27.00000    0   25   77.00000   27.00000  64.9%     -    0s
     0     0   27.00000    0   28   77.00000   27.00000  64.9%     -    0s
     0     0   27.00000    0   24   77.00000   27.00000  64.9%     -    0s
     0     0   27.00000    0   23   77.00000   27.00000  64.9%     -    0s
     0     2   27.00000    0   22   77.00000   27.00000  64.9%     -    0s
H 7105  1736                      77.0000000   57.00000  26.0%   8.7    2s
 16690  2651   73.00000   26    2   77.00000   64.00000  16.9%   7.7    5s
 46079   199   73.00000   29   16   77.00000   73.00000  5.19%   6.8   10s

Cutting planes:
  Clique: 3
  MIR: 5
  Flow cover: 7
  RLT: 6

Explored 46350 nodes (314864 simplex iterations) in 10.10 seconds (9.09 work units)
Thread count was 1 (of 96 available processors)

Solution count 4: 77 77 77 89 

Optimal solution found (tolerance 1.00e-04)
Best objective 7.700000000000e+01, best bound 7.700000000000e+01, gap 0.0000%

Instance 9_3, formulation tres, reform hull:
  Rect 0: x = 24.00, y = 9.00
  Rect 1: x = 28.00, y = 9.00
  Rect 2: x = 9.00, y = 8.00
  Rect 3: x = 24.00, y = 12.00
  Rect 4: x = 39.00, y = 11.00
  Rect 5: x = 48.00, y = 8.00
  Rect 6: x = 0.00, y = 9.00
  Rect 7: x = 58.00, y = 8.00
  Rect 8: x = 65.00, y = 8.00
  → saved figures to strip_figures/9_3_tres_hull.png and strip_figures/9_3_tres_hull.pdf
Set parameter TokenServer to value "mooring.ecn.purdue.edu"
Read LP format model from file /tmp/tmp8z0ileu_.pyomo.lp
Reading time = 0.00 seconds
x164: 190 rows, 164 columns, 1027 nonzeros
Set parameter TimeLimit to value 1800
Set parameter Threads to value 1
Gurobi Optimizer version 11.0.0 build v11.0.0rc2 (linux64 - "Oracle Linux Server 9.6")

CPU model: AMD EPYC 7643 48-Core Processor, instruction set [SSE2|AVX|AVX2]
Thread count: 48 physical cores, 96 logical processors, using up to 1 threads

Optimize a model with 190 rows, 164 columns and 1027 nonzeros
Model fingerprint: 0xff8f148e
Variable types: 20 continuous, 144 integer (144 binary)
Coefficient statistics:
  Matrix range     [1e+00, 8e+01]
  Objective range  [1e+00, 1e+00]
  Bounds range     [1e+00, 8e+01]
  RHS range        [1e+00, 2e+01]
Presolve removed 88 rows and 92 columns
Presolve time: 0.00s
Presolved: 102 rows, 72 columns, 334 nonzeros
Variable types: 15 continuous, 57 integer (57 binary)
Found heuristic solution: objective 77.0000000

Root relaxation: objective 2.700000e+01, 41 iterations, 0.00 seconds (0.00 work units)

    Nodes    |    Current Node    |     Objective Bounds      |     Work
 Expl Unexpl |  Obj  Depth IntInf | Incumbent    BestBd   Gap | It/Node Time

     0     0   27.00000    0   11   77.00000   27.00000  64.9%     -    0s
     0     0   46.14286    0   25   77.00000   46.14286  40.1%     -    0s
     0     0   46.14286    0   25   77.00000   46.14286  40.1%     -    0s
     0     0   46.67608    0   27   77.00000   46.67608  39.4%     -    0s
     0     0   47.92629    0   26   77.00000   47.92629  37.8%     -    0s
     0     0   47.92629    0   26   77.00000   47.92629  37.8%     -    0s
     0     0   47.92629    0   26   77.00000   47.92629  37.8%     -    0s
     0     0   47.92629    0   25   77.00000   47.92629  37.8%     -    0s
     0     0   48.10886    0   26   77.00000   48.10886  37.5%     -    0s
     0     0   48.10886    0   26   77.00000   48.10886  37.5%     -    0s
     0     0   48.10886    0   26   77.00000   48.10886  37.5%     -    0s
     0     2   48.10886    0   26   77.00000   48.10886  37.5%     -    0s

Cutting planes:
  Learned: 1
  Gomory: 21
  Implied bound: 6
  MIR: 92
  Inf proof: 30
  RLT: 33
  Relax-and-lift: 5

Explored 4354 nodes (29337 simplex iterations) in 0.65 seconds (0.45 work units)
Thread count was 1 (of 96 available processors)

Solution count 1: 77 

Optimal solution found (tolerance 1.00e-04)
Best objective 7.700000000000e+01, best bound 7.700000000000e+01, gap 0.0000%

Instance 9_3, formulation reagg, reform MIP:
  Rect 0: x = 73.00, y = 12.00
  Rect 1: x = 62.00, y = 12.00
  Rect 2: x = 47.00, y = 11.00
  Rect 3: x = 38.00, y = 3.00
  Rect 4: x = 29.00, y = 11.00
  Rect 5: x = 19.00, y = 11.00
  Rect 6: x = 38.00, y = 12.00
  Rect 7: x = 12.00, y = 11.00
  Rect 8: x = 0.00, y = 11.00
  → saved figures to strip_figures/9_3_reagg_MIP.png and strip_figures/9_3_reagg_MIP.pdf
Set parameter TokenServer to value "mooring.ecn.purdue.edu"
Read LP format model from file /tmp/tmpaz_wcpi6.pyomo.lp
Reading time = 0.00 seconds
x164: 190 rows, 164 columns, 1027 nonzeros
Set parameter TimeLimit to value 1800
Set parameter Threads to value 1
Gurobi Optimizer version 11.0.0 build v11.0.0rc2 (linux64 - "Oracle Linux Server 9.6")

CPU model: AMD EPYC 7643 48-Core Processor, instruction set [SSE2|AVX|AVX2]
Thread count: 48 physical cores, 96 logical processors, using up to 1 threads

Optimize a model with 190 rows, 164 columns and 1027 nonzeros
Model fingerprint: 0x0e8aae84
Variable types: 20 continuous, 144 integer (144 binary)
Coefficient statistics:
  Matrix range     [1e+00, 8e+01]
  Objective range  [1e+00, 1e+00]
  Bounds range     [1e+00, 8e+01]
  RHS range        [1e+00, 2e+01]
Presolve removed 88 rows and 93 columns
Presolve time: 0.00s
Presolved: 102 rows, 71 columns, 325 nonzeros
Variable types: 15 continuous, 56 integer (56 binary)
Found heuristic solution: objective 77.0000000

Root relaxation: objective 2.700000e+01, 40 iterations, 0.00 seconds (0.00 work units)

    Nodes    |    Current Node    |     Objective Bounds      |     Work
 Expl Unexpl |  Obj  Depth IntInf | Incumbent    BestBd   Gap | It/Node Time

     0     0   27.00000    0   11   77.00000   27.00000  64.9%     -    0s
     0     0   42.10641    0   34   77.00000   42.10641  45.3%     -    0s
     0     0   45.55844    0   34   77.00000   45.55844  40.8%     -    0s
     0     0   46.32419    0   33   77.00000   46.32419  39.8%     -    0s
     0     0   47.51917    0   33   77.00000   47.51917  38.3%     -    0s
     0     0   47.51917    0   33   77.00000   47.51917  38.3%     -    0s
     0     0   47.51917    0   33   77.00000   47.51917  38.3%     -    0s
     0     0   47.51917    0   32   77.00000   47.51917  38.3%     -    0s
     0     0   47.80892    0   33   77.00000   47.80892  37.9%     -    0s
     0     0   47.80892    0   33   77.00000   47.80892  37.9%     -    0s
     0     0   47.80892    0   37   77.00000   47.80892  37.9%     -    0s
     0     0   47.80892    0   34   77.00000   47.80892  37.9%     -    0s
     0     0   47.80892    0   35   77.00000   47.80892  37.9%     -    0s
     0     0   47.80892    0   35   77.00000   47.80892  37.9%     -    0s
     0     0   47.80892    0   35   77.00000   47.80892  37.9%     -    0s
     0     0   47.80892    0   35   77.00000   47.80892  37.9%     -    0s
     0     0   47.80892    0   35   77.00000   47.80892  37.9%     -    0s
     0     0   47.80892    0   35   77.00000   47.80892  37.9%     -    0s
     0     0   47.80892    0   35   77.00000   47.80892  37.9%     -    0s
     0     2   47.80892    0   27   77.00000   47.80892  37.9%     -    0s
H 1198   267                      77.0000000   59.39222  22.9%   8.9    0s

Cutting planes:
  Gomory: 33
  Implied bound: 2
  MIR: 21
  Flow cover: 16
  Inf proof: 22
  RLT: 1

Explored 3724 nodes (36485 simplex iterations) in 0.96 seconds (0.65 work units)
Thread count was 1 (of 96 available processors)

Solution count 2: 77 77 

Optimal solution found (tolerance 1.00e-04)
Best objective 7.699999998439e+01, best bound 7.699999998439e+01, gap 0.0000%

Instance 9_3, formulation reagg_tres, reform MIP:
  Rect 0: x = 54.00, y = 9.00
  Rect 1: x = 9.00, y = 9.00
  Rect 2: x = 39.00, y = 12.00
  Rect 3: x = 20.00, y = 3.00
  Rect 4: x = 58.00, y = 11.00
  Rect 5: x = 67.00, y = 8.00
  Rect 6: x = 0.00, y = 9.00
  Rect 7: x = 32.00, y = 12.00
  Rect 8: x = 20.00, y = 11.00
  → saved figures to strip_figures/9_3_reagg_tres_MIP.png and strip_figures/9_3_reagg_tres_MIP.pdf
Set parameter TokenServer to value "mooring.ecn.purdue.edu"
Read LP format model from file /tmp/tmppnbnu_wc.pyomo.lp
Reading time = 0.00 seconds
x164: 478 rows, 164 columns, 1171 nonzeros
Set parameter TimeLimit to value 1800
Set parameter Threads to value 1
Gurobi Optimizer version 11.0.0 build v11.0.0rc2 (linux64 - "Oracle Linux Server 9.6")

CPU model: AMD EPYC 7643 48-Core Processor, instruction set [SSE2|AVX|AVX2]
Thread count: 48 physical cores, 96 logical processors, using up to 1 threads

Optimize a model with 478 rows, 164 columns and 1171 nonzeros
Model fingerprint: 0xb005ae05
Variable types: 20 continuous, 144 integer (144 binary)
Coefficient statistics:
  Matrix range     [1e+00, 1e+02]
  Objective range  [1e+00, 1e+00]
  Bounds range     [1e+00, 8e+01]
  RHS range        [1e+00, 8e+01]
Found heuristic solution: objective 68.0000000
Presolve removed 373 rows and 89 columns
Presolve time: 0.00s
Presolved: 105 rows, 75 columns, 312 nonzeros
Variable types: 15 continuous, 60 integer (60 binary)

Root relaxation: objective 2.900000e+01, 41 iterations, 0.00 seconds (0.00 work units)

    Nodes    |    Current Node    |     Objective Bounds      |     Work
 Expl Unexpl |  Obj  Depth IntInf | Incumbent    BestBd   Gap | It/Node Time

     0     0   29.00000    0    8   68.00000   29.00000  57.4%     -    0s
     0     0   40.29332    0   21   68.00000   40.29332  40.7%     -    0s
     0     0   42.76471    0   19   68.00000   42.76471  37.1%     -    0s
     0     0   42.76471    0   19   68.00000   42.76471  37.1%     -    0s
     0     0   42.76471    0   19   68.00000   42.76471  37.1%     -    0s
     0     0   44.59664    0   19   68.00000   44.59664  34.4%     -    0s
     0     0   44.59664    0   20   68.00000   44.59664  34.4%     -    0s
     0     0   44.59664    0   20   68.00000   44.59664  34.4%     -    0s
     0     0   44.59664    0   23   68.00000   44.59664  34.4%     -    0s
     0     0   44.59664    0   22   68.00000   44.59664  34.4%     -    0s
     0     0   44.59664    0   21   68.00000   44.59664  34.4%     -    0s
     0     0   44.59664    0   21   68.00000   44.59664  34.4%     -    0s
     0     0   44.59664    0   22   68.00000   44.59664  34.4%     -    0s
     0     0   44.59664    0   23   68.00000   44.59664  34.4%     -    0s
     0     0   44.59664    0   23   68.00000   44.59664  34.4%     -    0s
     0     0   44.59664    0   24   68.00000   44.59664  34.4%     -    0s
     0     0   44.59664    0   24   68.00000   44.59664  34.4%     -    0s
     0     0   44.59664    0   23   68.00000   44.59664  34.4%     -    0s
     0     0   44.59664    0   23   68.00000   44.59664  34.4%     -    0s
     0     0   44.59664    0   23   68.00000   44.59664  34.4%     -    0s
     0     0   44.59664    0   23   68.00000   44.59664  34.4%     -    0s
     0     0   44.59664    0   22   68.00000   44.59664  34.4%     -    0s
     0     0   44.59664    0   24   68.00000   44.59664  34.4%     -    0s
     0     0   44.59664    0   20   68.00000   44.59664  34.4%     -    0s
     0     0   44.59664    0   23   68.00000   44.59664  34.4%     -    0s
     0     0   44.59664    0   25   68.00000   44.59664  34.4%     -    0s
     0     0   44.59664    0   25   68.00000   44.59664  34.4%     -    0s
     0     0   44.59664    0   24   68.00000   44.59664  34.4%     -    0s
     0     2   44.59664    0   21   68.00000   44.59664  34.4%     -    0s

Cutting planes:
  Learned: 3
  Gomory: 14
  Cover: 2
  Implied bound: 9
  MIR: 77
  Inf proof: 2
  RLT: 24
  Relax-and-lift: 1

Explored 1036 nodes (8538 simplex iterations) in 0.24 seconds (0.14 work units)
Thread count was 1 (of 96 available processors)

Solution count 1: 68 

Optimal solution found (tolerance 1.00e-04)
Best objective 6.800000000000e+01, best bound 6.800000000000e+01, gap 0.0000%

Instance 9_4, formulation altered, reform bigm:
  Rect 0: x = 52.00, y = 14.00
  Rect 1: x = 10.00, y = 3.00
  Rect 2: x = 23.00, y = 14.00
  Rect 3: x = 36.00, y = 7.00
  Rect 4: x = 6.00, y = 14.00
  Rect 5: x = 0.00, y = 14.00
  Rect 6: x = 10.00, y = 1.00
  Rect 7: x = 10.00, y = 14.00
  Rect 8: x = 43.00, y = 14.00
  → saved figures to strip_figures/9_4_altered_bigm.png and strip_figures/9_4_altered_bigm.pdf
Set parameter TokenServer to value "mooring.ecn.purdue.edu"
Read LP format model from file /tmp/tmpioo9wy37.pyomo.lp
Reading time = 0.00 seconds
x740: 1486 rows, 740 columns, 3859 nonzeros
Set parameter TimeLimit to value 1800
Set parameter Threads to value 1
Gurobi Optimizer version 11.0.0 build v11.0.0rc2 (linux64 - "Oracle Linux Server 9.6")

CPU model: AMD EPYC 7643 48-Core Processor, instruction set [SSE2|AVX|AVX2]
Thread count: 48 physical cores, 96 logical processors, using up to 1 threads

Optimize a model with 1486 rows, 740 columns and 3859 nonzeros
Model fingerprint: 0x17b0bb6e
Variable types: 596 continuous, 144 integer (144 binary)
Coefficient statistics:
  Matrix range     [1e+00, 8e+01]
  Objective range  [1e+00, 1e+00]
  Bounds range     [1e+00, 8e+01]
  RHS range        [1e+00, 2e+01]
Presolve removed 939 rows and 456 columns
Presolve time: 0.00s
Presolved: 547 rows, 284 columns, 1478 nonzeros
Variable types: 224 continuous, 60 integer (60 binary)
Found heuristic solution: objective 84.0000000
Found heuristic solution: objective 68.0000000

Root relaxation: objective 2.900000e+01, 179 iterations, 0.00 seconds (0.00 work units)

    Nodes    |    Current Node    |     Objective Bounds      |     Work
 Expl Unexpl |  Obj  Depth IntInf | Incumbent    BestBd   Gap | It/Node Time

     0     0   29.00000    0    9   68.00000   29.00000  57.4%     -    0s
     0     0   29.00000    0   26   68.00000   29.00000  57.4%     -    0s
     0     0   29.00000    0   23   68.00000   29.00000  57.4%     -    0s
     0     0   30.06289    0   18   68.00000   30.06289  55.8%     -    0s
     0     0   32.75556    0   16   68.00000   32.75556  51.8%     -    0s
     0     0   32.75556    0   16   68.00000   32.75556  51.8%     -    0s
     0     0   32.75556    0   16   68.00000   32.75556  51.8%     -    0s
     0     0   32.75556    0   17   68.00000   32.75556  51.8%     -    0s
     0     0   32.75556    0   17   68.00000   32.75556  51.8%     -    0s
     0     0   32.75556    0   15   68.00000   32.75556  51.8%     -    0s
     0     0   32.75556    0   15   68.00000   32.75556  51.8%     -    0s
     0     0   32.75556    0   19   68.00000   32.75556  51.8%     -    0s
     0     0   32.75556    0   16   68.00000   32.75556  51.8%     -    0s
     0     0   32.75556    0   17   68.00000   32.75556  51.8%     -    0s
     0     0   32.76128    0   20   68.00000   32.76128  51.8%     -    0s
     0     0   32.76128    0   19   68.00000   32.76128  51.8%     -    0s
     0     0   32.76128    0   16   68.00000   32.76128  51.8%     -    0s
     0     0   32.76128    0   17   68.00000   32.76128  51.8%     -    0s
     0     0   32.82350    0   15   68.00000   32.82350  51.7%     -    0s
     0     0   32.82350    0   16   68.00000   32.82350  51.7%     -    0s
     0     0   32.82714    0   14   68.00000   32.82714  51.7%     -    0s
     0     0   32.82714    0   11   68.00000   32.82714  51.7%     -    0s
     0     0   32.82714    0   13   68.00000   32.82714  51.7%     -    0s
     0     0   32.82714    0   19   68.00000   32.82714  51.7%     -    0s
     0     0   32.82714    0   13   68.00000   32.82714  51.7%     -    0s
     0     0   32.82714    0   13   68.00000   32.82714  51.7%     -    0s
     0     2   33.00799    0   13   68.00000   33.00799  51.5%     -    0s

Explored 8866 nodes (80487 simplex iterations) in 2.37 seconds (1.81 work units)
Thread count was 1 (of 96 available processors)

Solution count 2: 68 84 

Optimal solution found (tolerance 1.00e-04)
Best objective 6.800000000000e+01, best bound 6.800000000000e+01, gap 0.0000%

Instance 9_4, formulation altered, reform hull:
  Rect 0: x = 0.00, y = 13.00
  Rect 1: x = 0.00, y = 3.00
  Rect 2: x = 16.00, y = 14.00
  Rect 3: x = 29.00, y = 9.00
  Rect 4: x = 36.00, y = 14.00
  Rect 5: x = 40.00, y = 14.00
  Rect 6: x = 40.00, y = 1.00
  Rect 7: x = 46.00, y = 14.00
  Rect 8: x = 59.00, y = 14.00
  → saved figures to strip_figures/9_4_altered_hull.png and strip_figures/9_4_altered_hull.pdf
Set parameter TokenServer to value "mooring.ecn.purdue.edu"
Read LP format model from file /tmp/tmpg1t4gr_4.pyomo.lp
Reading time = 0.00 seconds
x164: 478 rows, 164 columns, 1171 nonzeros
Set parameter TimeLimit to value 1800
Set parameter Threads to value 1
Gurobi Optimizer version 11.0.0 build v11.0.0rc2 (linux64 - "Oracle Linux Server 9.6")

CPU model: AMD EPYC 7643 48-Core Processor, instruction set [SSE2|AVX|AVX2]
Thread count: 48 physical cores, 96 logical processors, using up to 1 threads

Optimize a model with 478 rows, 164 columns and 1171 nonzeros
Model fingerprint: 0xb005ae05
Variable types: 20 continuous, 144 integer (144 binary)
Coefficient statistics:
  Matrix range     [1e+00, 1e+02]
  Objective range  [1e+00, 1e+00]
  Bounds range     [1e+00, 8e+01]
  RHS range        [1e+00, 8e+01]
Found heuristic solution: objective 68.0000000
Presolve removed 373 rows and 89 columns
Presolve time: 0.00s
Presolved: 105 rows, 75 columns, 312 nonzeros
Variable types: 15 continuous, 60 integer (60 binary)

Root relaxation: objective 2.900000e+01, 41 iterations, 0.00 seconds (0.00 work units)

    Nodes    |    Current Node    |     Objective Bounds      |     Work
 Expl Unexpl |  Obj  Depth IntInf | Incumbent    BestBd   Gap | It/Node Time

     0     0   29.00000    0    8   68.00000   29.00000  57.4%     -    0s
     0     0   40.29332    0   21   68.00000   40.29332  40.7%     -    0s
     0     0   42.76471    0   19   68.00000   42.76471  37.1%     -    0s
     0     0   42.76471    0   19   68.00000   42.76471  37.1%     -    0s
     0     0   42.76471    0   19   68.00000   42.76471  37.1%     -    0s
     0     0   44.59664    0   19   68.00000   44.59664  34.4%     -    0s
     0     0   44.59664    0   20   68.00000   44.59664  34.4%     -    0s
     0     0   44.59664    0   20   68.00000   44.59664  34.4%     -    0s
     0     0   44.59664    0   23   68.00000   44.59664  34.4%     -    0s
     0     0   44.59664    0   22   68.00000   44.59664  34.4%     -    0s
     0     0   44.59664    0   21   68.00000   44.59664  34.4%     -    0s
     0     0   44.59664    0   21   68.00000   44.59664  34.4%     -    0s
     0     0   44.59664    0   22   68.00000   44.59664  34.4%     -    0s
     0     0   44.59664    0   23   68.00000   44.59664  34.4%     -    0s
     0     0   44.59664    0   23   68.00000   44.59664  34.4%     -    0s
     0     0   44.59664    0   24   68.00000   44.59664  34.4%     -    0s
     0     0   44.59664    0   24   68.00000   44.59664  34.4%     -    0s
     0     0   44.59664    0   23   68.00000   44.59664  34.4%     -    0s
     0     0   44.59664    0   23   68.00000   44.59664  34.4%     -    0s
     0     0   44.59664    0   23   68.00000   44.59664  34.4%     -    0s
     0     0   44.59664    0   23   68.00000   44.59664  34.4%     -    0s
     0     0   44.59664    0   22   68.00000   44.59664  34.4%     -    0s
     0     0   44.59664    0   24   68.00000   44.59664  34.4%     -    0s
     0     0   44.59664    0   20   68.00000   44.59664  34.4%     -    0s
     0     0   44.59664    0   23   68.00000   44.59664  34.4%     -    0s
     0     0   44.59664    0   25   68.00000   44.59664  34.4%     -    0s
     0     0   44.59664    0   25   68.00000   44.59664  34.4%     -    0s
     0     0   44.59664    0   24   68.00000   44.59664  34.4%     -    0s
     0     2   44.59664    0   21   68.00000   44.59664  34.4%     -    0s

Cutting planes:
  Learned: 3
  Gomory: 14
  Cover: 2
  Implied bound: 9
  MIR: 77
  Inf proof: 2
  RLT: 24
  Relax-and-lift: 1

Explored 1036 nodes (8538 simplex iterations) in 0.24 seconds (0.14 work units)
Thread count was 1 (of 96 available processors)

Solution count 1: 68 

Optimal solution found (tolerance 1.00e-04)
Best objective 6.800000000000e+01, best bound 6.800000000000e+01, gap 0.0000%

Instance 9_4, formulation tres, reform bigm:
  Rect 0: x = 52.00, y = 14.00
  Rect 1: x = 10.00, y = 3.00
  Rect 2: x = 23.00, y = 14.00
  Rect 3: x = 36.00, y = 7.00
  Rect 4: x = 6.00, y = 14.00
  Rect 5: x = 0.00, y = 14.00
  Rect 6: x = 10.00, y = 1.00
  Rect 7: x = 10.00, y = 14.00
  Rect 8: x = 43.00, y = 14.00
  → saved figures to strip_figures/9_4_tres_bigm.png and strip_figures/9_4_tres_bigm.pdf
Set parameter TokenServer to value "mooring.ecn.purdue.edu"
Read LP format model from file /tmp/tmp7wyzvf8i.pyomo.lp
Reading time = 0.00 seconds
x740: 1486 rows, 740 columns, 3859 nonzeros
Set parameter TimeLimit to value 1800
Set parameter Threads to value 1
Gurobi Optimizer version 11.0.0 build v11.0.0rc2 (linux64 - "Oracle Linux Server 9.6")

CPU model: AMD EPYC 7643 48-Core Processor, instruction set [SSE2|AVX|AVX2]
Thread count: 48 physical cores, 96 logical processors, using up to 1 threads

Optimize a model with 1486 rows, 740 columns and 3859 nonzeros
Model fingerprint: 0x17b0bb6e
Variable types: 596 continuous, 144 integer (144 binary)
Coefficient statistics:
  Matrix range     [1e+00, 8e+01]
  Objective range  [1e+00, 1e+00]
  Bounds range     [1e+00, 8e+01]
  RHS range        [1e+00, 2e+01]
Presolve removed 939 rows and 456 columns
Presolve time: 0.00s
Presolved: 547 rows, 284 columns, 1478 nonzeros
Variable types: 224 continuous, 60 integer (60 binary)
Found heuristic solution: objective 84.0000000
Found heuristic solution: objective 68.0000000

Root relaxation: objective 2.900000e+01, 179 iterations, 0.00 seconds (0.00 work units)

    Nodes    |    Current Node    |     Objective Bounds      |     Work
 Expl Unexpl |  Obj  Depth IntInf | Incumbent    BestBd   Gap | It/Node Time

     0     0   29.00000    0    9   68.00000   29.00000  57.4%     -    0s
     0     0   29.00000    0   26   68.00000   29.00000  57.4%     -    0s
     0     0   29.00000    0   23   68.00000   29.00000  57.4%     -    0s
     0     0   30.06289    0   18   68.00000   30.06289  55.8%     -    0s
     0     0   32.75556    0   16   68.00000   32.75556  51.8%     -    0s
     0     0   32.75556    0   16   68.00000   32.75556  51.8%     -    0s
     0     0   32.75556    0   16   68.00000   32.75556  51.8%     -    0s
     0     0   32.75556    0   17   68.00000   32.75556  51.8%     -    0s
     0     0   32.75556    0   17   68.00000   32.75556  51.8%     -    0s
     0     0   32.75556    0   15   68.00000   32.75556  51.8%     -    0s
     0     0   32.75556    0   15   68.00000   32.75556  51.8%     -    0s
     0     0   32.75556    0   19   68.00000   32.75556  51.8%     -    0s
     0     0   32.75556    0   16   68.00000   32.75556  51.8%     -    0s
     0     0   32.75556    0   17   68.00000   32.75556  51.8%     -    0s
     0     0   32.76128    0   20   68.00000   32.76128  51.8%     -    0s
     0     0   32.76128    0   19   68.00000   32.76128  51.8%     -    0s
     0     0   32.76128    0   16   68.00000   32.76128  51.8%     -    0s
     0     0   32.76128    0   17   68.00000   32.76128  51.8%     -    0s
     0     0   32.82350    0   15   68.00000   32.82350  51.7%     -    0s
     0     0   32.82350    0   16   68.00000   32.82350  51.7%     -    0s
     0     0   32.82714    0   14   68.00000   32.82714  51.7%     -    0s
     0     0   32.82714    0   11   68.00000   32.82714  51.7%     -    0s
     0     0   32.82714    0   13   68.00000   32.82714  51.7%     -    0s
     0     0   32.82714    0   19   68.00000   32.82714  51.7%     -    0s
     0     0   32.82714    0   13   68.00000   32.82714  51.7%     -    0s
     0     0   32.82714    0   13   68.00000   32.82714  51.7%     -    0s
     0     2   33.00799    0   13   68.00000   33.00799  51.5%     -    0s

Explored 8866 nodes (80487 simplex iterations) in 2.38 seconds (1.81 work units)
Thread count was 1 (of 96 available processors)

Solution count 2: 68 84 

Optimal solution found (tolerance 1.00e-04)
Best objective 6.800000000000e+01, best bound 6.800000000000e+01, gap 0.0000%

Instance 9_4, formulation tres, reform hull:
  Rect 0: x = 0.00, y = 13.00
  Rect 1: x = 0.00, y = 3.00
  Rect 2: x = 16.00, y = 14.00
  Rect 3: x = 29.00, y = 9.00
  Rect 4: x = 36.00, y = 14.00
  Rect 5: x = 40.00, y = 14.00
  Rect 6: x = 40.00, y = 1.00
  Rect 7: x = 46.00, y = 14.00
  Rect 8: x = 59.00, y = 14.00
  → saved figures to strip_figures/9_4_tres_hull.png and strip_figures/9_4_tres_hull.pdf
Set parameter TokenServer to value "mooring.ecn.purdue.edu"
Read LP format model from file /tmp/tmp2p5uuciy.pyomo.lp
Reading time = 0.00 seconds
x164: 190 rows, 164 columns, 955 nonzeros
Set parameter TimeLimit to value 1800
Set parameter Threads to value 1
Gurobi Optimizer version 11.0.0 build v11.0.0rc2 (linux64 - "Oracle Linux Server 9.6")

CPU model: AMD EPYC 7643 48-Core Processor, instruction set [SSE2|AVX|AVX2]
Thread count: 48 physical cores, 96 logical processors, using up to 1 threads

Optimize a model with 190 rows, 164 columns and 955 nonzeros
Model fingerprint: 0xf7514d58
Variable types: 20 continuous, 144 integer (144 binary)
Coefficient statistics:
  Matrix range     [1e+00, 8e+01]
  Objective range  [1e+00, 1e+00]
  Bounds range     [1e+00, 8e+01]
  RHS range        [1e+00, 2e+01]
Found heuristic solution: objective 68.0000000
Presolve removed 85 rows and 89 columns
Presolve time: 0.00s
Presolved: 105 rows, 75 columns, 364 nonzeros
Variable types: 15 continuous, 60 integer (60 binary)

Root relaxation: objective 2.900000e+01, 40 iterations, 0.00 seconds (0.00 work units)

    Nodes    |    Current Node    |     Objective Bounds      |     Work
 Expl Unexpl |  Obj  Depth IntInf | Incumbent    BestBd   Gap | It/Node Time

     0     0   29.00000    0    8   68.00000   29.00000  57.4%     -    0s
     0     0   42.66912    0   20   68.00000   42.66912  37.3%     -    0s
     0     0   44.48529    0   16   68.00000   44.48529  34.6%     -    0s
     0     0   45.35956    0   16   68.00000   45.35956  33.3%     -    0s
     0     0   45.35956    0   16   68.00000   45.35956  33.3%     -    0s
     0     0   45.76312    0   18   68.00000   45.76312  32.7%     -    0s
     0     0   45.76312    0   19   68.00000   45.76312  32.7%     -    0s
     0     0   45.76312    0   20   68.00000   45.76312  32.7%     -    0s
     0     0   45.76312    0   17   68.00000   45.76312  32.7%     -    0s
     0     0   45.76312    0   18   68.00000   45.76312  32.7%     -    0s
     0     0   45.76312    0   17   68.00000   45.76312  32.7%     -    0s
     0     0   45.76312    0   18   68.00000   45.76312  32.7%     -    0s
     0     0   45.76312    0   17   68.00000   45.76312  32.7%     -    0s
     0     0   45.76312    0   17   68.00000   45.76312  32.7%     -    0s
     0     0   45.76312    0   17   68.00000   45.76312  32.7%     -    0s
     0     0   45.76312    0   17   68.00000   45.76312  32.7%     -    0s
     0     2   45.76312    0   17   68.00000   45.76312  32.7%     -    0s

Cutting planes:
  Learned: 1
  Gomory: 12
  Implied bound: 15
  MIR: 62
  Inf proof: 2
  RLT: 19
  Relax-and-lift: 1

Explored 807 nodes (6093 simplex iterations) in 0.16 seconds (0.10 work units)
Thread count was 1 (of 96 available processors)

Solution count 1: 68 

Optimal solution found (tolerance 1.00e-04)
Best objective 6.800000000000e+01, best bound 6.800000000000e+01, gap 0.0000%

Instance 9_4, formulation reagg, reform MIP:
  Rect 0: x = 52.00, y = 11.00
  Rect 1: x = 16.00, y = 13.00
  Rect 2: x = 32.00, y = 14.00
  Rect 3: x = 45.00, y = 11.00
  Rect 4: x = 0.00, y = 14.00
  Rect 5: x = 26.00, y = 13.00
  Rect 6: x = 45.00, y = 1.00
  Rect 7: x = 13.00, y = 11.00
  Rect 8: x = 4.00, y = 14.00
  → saved figures to strip_figures/9_4_reagg_MIP.png and strip_figures/9_4_reagg_MIP.pdf
Set parameter TokenServer to value "mooring.ecn.purdue.edu"
Read LP format model from file /tmp/tmpoq_fhiq1.pyomo.lp
Reading time = 0.00 seconds
x164: 190 rows, 164 columns, 955 nonzeros
Set parameter TimeLimit to value 1800
Set parameter Threads to value 1
Gurobi Optimizer version 11.0.0 build v11.0.0rc2 (linux64 - "Oracle Linux Server 9.6")

CPU model: AMD EPYC 7643 48-Core Processor, instruction set [SSE2|AVX|AVX2]
Thread count: 48 physical cores, 96 logical processors, using up to 1 threads

Optimize a model with 190 rows, 164 columns and 955 nonzeros
Model fingerprint: 0xb21a1f17
Variable types: 20 continuous, 144 integer (144 binary)
Coefficient statistics:
  Matrix range     [1e+00, 8e+01]
  Objective range  [1e+00, 1e+00]
  Bounds range     [1e+00, 8e+01]
  RHS range        [1e+00, 2e+01]
Found heuristic solution: objective 70.0000000
Presolve removed 85 rows and 89 columns
Presolve time: 0.00s
Presolved: 105 rows, 75 columns, 355 nonzeros
Variable types: 15 continuous, 60 integer (60 binary)

Root relaxation: objective 2.900000e+01, 41 iterations, 0.00 seconds (0.00 work units)

    Nodes    |    Current Node    |     Objective Bounds      |     Work
 Expl Unexpl |  Obj  Depth IntInf | Incumbent    BestBd   Gap | It/Node Time

     0     0   29.00000    0    9   70.00000   29.00000  58.6%     -    0s
H    0     0                      68.0000000   29.00000  57.4%     -    0s
     0     0   41.42647    0   28   68.00000   41.42647  39.1%     -    0s
     0     0   44.48529    0   25   68.00000   44.48529  34.6%     -    0s
     0     0   44.62896    0   25   68.00000   44.62896  34.4%     -    0s
     0     0   44.62896    0   25   68.00000   44.62896  34.4%     -    0s
     0     0   44.62896    0   27   68.00000   44.62896  34.4%     -    0s
     0     0   44.62896    0   27   68.00000   44.62896  34.4%     -    0s
     0     0   44.62896    0   22   68.00000   44.62896  34.4%     -    0s
     0     0   44.62896    0   21   68.00000   44.62896  34.4%     -    0s
     0     0   44.62896    0   22   68.00000   44.62896  34.4%     -    0s
     0     0   44.62896    0   22   68.00000   44.62896  34.4%     -    0s
     0     0   44.62896    0   19   68.00000   44.62896  34.4%     -    0s
     0     0   44.89706    0   23   68.00000   44.89706  34.0%     -    0s
     0     0   44.89706    0   23   68.00000   44.89706  34.0%     -    0s
     0     0   44.89706    0   19   68.00000   44.89706  34.0%     -    0s
     0     2   44.89706    0   16   68.00000   44.89706  34.0%     -    0s

Cutting planes:
  Gomory: 11
  Cover: 1
  Implied bound: 23
  MIR: 45
  Inf proof: 1
  RLT: 19
  Relax-and-lift: 2

Explored 1039 nodes (8274 simplex iterations) in 0.20 seconds (0.12 work units)
Thread count was 1 (of 96 available processors)

Solution count 2: 68 70 

Optimal solution found (tolerance 1.00e-04)
Best objective 6.800000000000e+01, best bound 6.800000000000e+01, gap 0.0000%

Instance 9_4, formulation reagg_tres, reform MIP:
  Rect 0: x = 30.00, y = 11.00
  Rect 1: x = 46.00, y = 14.00
  Rect 2: x = 17.00, y = 14.00
  Rect 3: x = 10.00, y = 6.00
  Rect 4: x = 6.00, y = 14.00
  Rect 5: x = 0.00, y = 13.00
  Rect 6: x = 37.00, y = 1.00
  Rect 7: x = 46.00, y = 12.00
  Rect 8: x = 59.00, y = 14.00
  → saved figures to strip_figures/9_4_reagg_tres_MIP.png and strip_figures/9_4_reagg_tres_MIP.pdf
Set parameter TokenServer to value "mooring.ecn.purdue.edu"
Read LP format model from file /tmp/tmptdc0t2z4.pyomo.lp
Reading time = 0.00 seconds
x164: 478 rows, 164 columns, 1171 nonzeros
Set parameter TimeLimit to value 1800
Set parameter Threads to value 1
Gurobi Optimizer version 11.0.0 build v11.0.0rc2 (linux64 - "Oracle Linux Server 9.6")

CPU model: AMD EPYC 7643 48-Core Processor, instruction set [SSE2|AVX|AVX2]
Thread count: 48 physical cores, 96 logical processors, using up to 1 threads

Optimize a model with 478 rows, 164 columns and 1171 nonzeros
Model fingerprint: 0xc4ef4d07
Variable types: 20 continuous, 144 integer (144 binary)
Coefficient statistics:
  Matrix range     [1e+00, 1e+02]
  Objective range  [1e+00, 1e+00]
  Bounds range     [1e+00, 1e+02]
  RHS range        [1e+00, 1e+02]
Found heuristic solution: objective 72.0000000
Presolve removed 352 rows and 67 columns
Presolve time: 0.00s
Presolved: 126 rows, 97 columns, 384 nonzeros
Variable types: 16 continuous, 81 integer (81 binary)

Root relaxation: objective 3.100000e+01, 48 iterations, 0.00 seconds (0.00 work units)

    Nodes    |    Current Node    |     Objective Bounds      |     Work
 Expl Unexpl |  Obj  Depth IntInf | Incumbent    BestBd   Gap | It/Node Time

     0     0   31.00000    0    7   72.00000   31.00000  56.9%     -    0s
H    0     0                      71.0000000   31.00000  56.3%     -    0s
H    0     0                      67.0000000   31.00000  53.7%     -    0s
     0     0   35.20000    0   23   67.00000   35.20000  47.5%     -    0s
H    0     0                      59.0000000   38.20000  35.3%     -    0s
H    0     0                      58.0000000   38.20000  34.1%     -    0s
H    0     0                      58.0000000   38.20000  34.1%     -    0s
     0     0   38.20000    0   22   58.00000   38.20000  34.1%     -    0s
     0     0   38.20000    0   14   58.00000   38.20000  34.1%     -    0s
     0     0   38.25000    0   15   58.00000   38.25000  34.1%     -    0s
     0     0   38.25000    0   15   58.00000   38.25000  34.1%     -    0s
     0     0   38.25000    0   16   58.00000   38.25000  34.1%     -    0s
     0     0   42.24100    0   19   58.00000   42.24100  27.2%     -    0s
     0     0   43.50000    0   28   58.00000   43.50000  25.0%     -    0s
     0     0   43.50000    0   19   58.00000   43.50000  25.0%     -    0s
     0     0   43.50000    0   34   58.00000   43.50000  25.0%     -    0s
     0     0   43.50000    0   29   58.00000   43.50000  25.0%     -    0s
     0     0   43.50000    0    9   58.00000   43.50000  25.0%     -    0s
     0     0   43.50000    0    9   58.00000   43.50000  25.0%     -    0s
     0     0   43.50000    0    9   58.00000   43.50000  25.0%     -    0s
     0     0   43.50000    0    9   58.00000   43.50000  25.0%     -    0s
     0     2   44.00000    0    9   58.00000   44.00000  24.1%     -    0s

Cutting planes:
  Gomory: 4
  Cover: 16
  Implied bound: 20
  Clique: 2
  MIR: 36
  Mod-K: 2
  RLT: 13
  Relax-and-lift: 1

Explored 173 nodes (1972 simplex iterations) in 0.07 seconds (0.04 work units)
Thread count was 1 (of 96 available processors)

Solution count 5: 58 59 67 ... 72

Optimal solution found (tolerance 1.00e-04)
Best objective 5.799999999410e+01, best bound 5.799999999410e+01, gap 0.0000%

Instance 9_5, formulation altered, reform bigm:
  Rect 0: x = 43.00, y = 3.00
  Rect 1: x = 12.00, y = 13.00
  Rect 2: x = 47.00, y = 15.00
  Rect 3: x = 28.00, y = 15.00
  Rect 4: x = 43.00, y = 15.00
  Rect 5: x = 47.00, y = 10.00
  Rect 6: x = 44.00, y = 6.00
  Rect 7: x = 56.00, y = 3.00
  Rect 8: x = 0.00, y = 13.00
  → saved figures to strip_figures/9_5_altered_bigm.png and strip_figures/9_5_altered_bigm.pdf
Set parameter TokenServer to value "mooring.ecn.purdue.edu"
Read LP format model from file /tmp/tmp6uie2jf7.pyomo.lp
Reading time = 0.00 seconds
x740: 1486 rows, 740 columns, 3891 nonzeros
Set parameter TimeLimit to value 1800
Set parameter Threads to value 1
Gurobi Optimizer version 11.0.0 build v11.0.0rc2 (linux64 - "Oracle Linux Server 9.6")

CPU model: AMD EPYC 7643 48-Core Processor, instruction set [SSE2|AVX|AVX2]
Thread count: 48 physical cores, 96 logical processors, using up to 1 threads

Optimize a model with 1486 rows, 740 columns and 3891 nonzeros
Model fingerprint: 0x059f25d8
Variable types: 596 continuous, 144 integer (144 binary)
Coefficient statistics:
  Matrix range     [1e+00, 1e+02]
  Objective range  [1e+00, 1e+00]
  Bounds range     [1e+00, 1e+02]
  RHS range        [1e+00, 2e+01]
Presolve removed 644 rows and 307 columns
Presolve time: 0.01s
Presolved: 842 rows, 433 columns, 2218 nonzeros
Variable types: 352 continuous, 81 integer (81 binary)
Found heuristic solution: objective 96.0000000
Found heuristic solution: objective 80.0000000

Root relaxation: objective 3.100000e+01, 162 iterations, 0.00 seconds (0.00 work units)

    Nodes    |    Current Node    |     Objective Bounds      |     Work
 Expl Unexpl |  Obj  Depth IntInf | Incumbent    BestBd   Gap | It/Node Time

     0     0   31.00000    0   20   80.00000   31.00000  61.2%     -    0s
H    0     0                      72.0000000   31.00000  56.9%     -    0s
     0     0   31.00000    0   24   72.00000   31.00000  56.9%     -    0s
H    0     0                      67.0000000   31.00000  53.7%     -    0s
     0     0   31.00000    0   22   67.00000   31.00000  53.7%     -    0s
     0     0   31.00000    0   17   67.00000   31.00000  53.7%     -    0s
     0     0   31.16842    0   26   67.00000   31.16842  53.5%     -    0s
     0     0   31.16842    0   15   67.00000   31.16842  53.5%     -    0s
     0     0   31.16842    0   18   67.00000   31.16842  53.5%     -    0s
     0     0   31.16842    0   26   67.00000   31.16842  53.5%     -    0s
     0     0   31.16842    0   28   67.00000   31.16842  53.5%     -    0s
     0     0   31.16842    0   23   67.00000   31.16842  53.5%     -    0s
     0     0   31.16842    0   27   67.00000   31.16842  53.5%     -    0s
     0     0   31.16842    0   17   67.00000   31.16842  53.5%     -    0s
     0     0   31.16842    0   16   67.00000   31.16842  53.5%     -    0s
H    0     0                      63.0000000   31.90909  49.4%     -    0s
     0     2   31.90909    0   15   63.00000   31.90909  49.4%     -    0s
H   81    45                      60.0000000   35.45455  40.9%  19.8    0s
H  108    47                      58.0000000   36.85714  36.5%  19.8    0s
H  412    50                      58.0000000   57.00000  1.72%  16.2    0s

Cutting planes:
  Cover: 30
  Implied bound: 64
  Clique: 1
  MIR: 24
  Flow cover: 121
  Inf proof: 2
  RLT: 52
  Relax-and-lift: 11
  BQP: 2
  PSD: 1

Explored 508 nodes (10913 simplex iterations) in 0.35 seconds (0.29 work units)
Thread count was 1 (of 96 available processors)

Solution count 8: 58 58 60 ... 96

Optimal solution found (tolerance 1.00e-04)
Best objective 5.799999999410e+01, best bound 5.799999999410e+01, gap 0.0000%

Instance 9_5, formulation altered, reform hull:
  Rect 0: x = 2.00, y = 3.00
  Rect 1: x = 15.00, y = 13.00
  Rect 2: x = 0.00, y = 10.00
  Rect 3: x = 31.00, y = 15.00
  Rect 4: x = 11.00, y = 15.00
  Rect 5: x = 0.00, y = 14.00
  Rect 6: x = 0.00, y = 6.00
  Rect 7: x = 0.00, y = 3.00
  Rect 8: x = 46.00, y = 13.00
  → saved figures to strip_figures/9_5_altered_hull.png and strip_figures/9_5_altered_hull.pdf
Set parameter TokenServer to value "mooring.ecn.purdue.edu"
Read LP format model from file /tmp/tmptyh1i77p.pyomo.lp
Reading time = 0.00 seconds
x164: 478 rows, 164 columns, 1171 nonzeros
Set parameter TimeLimit to value 1800
Set parameter Threads to value 1
Gurobi Optimizer version 11.0.0 build v11.0.0rc2 (linux64 - "Oracle Linux Server 9.6")

CPU model: AMD EPYC 7643 48-Core Processor, instruction set [SSE2|AVX|AVX2]
Thread count: 48 physical cores, 96 logical processors, using up to 1 threads

Optimize a model with 478 rows, 164 columns and 1171 nonzeros
Model fingerprint: 0xc4ef4d07
Variable types: 20 continuous, 144 integer (144 binary)
Coefficient statistics:
  Matrix range     [1e+00, 1e+02]
  Objective range  [1e+00, 1e+00]
  Bounds range     [1e+00, 1e+02]
  RHS range        [1e+00, 1e+02]
Found heuristic solution: objective 72.0000000
Presolve removed 352 rows and 67 columns
Presolve time: 0.00s
Presolved: 126 rows, 97 columns, 384 nonzeros
Variable types: 16 continuous, 81 integer (81 binary)

Root relaxation: objective 3.100000e+01, 48 iterations, 0.00 seconds (0.00 work units)

    Nodes    |    Current Node    |     Objective Bounds      |     Work
 Expl Unexpl |  Obj  Depth IntInf | Incumbent    BestBd   Gap | It/Node Time

     0     0   31.00000    0    7   72.00000   31.00000  56.9%     -    0s
H    0     0                      71.0000000   31.00000  56.3%     -    0s
H    0     0                      67.0000000   31.00000  53.7%     -    0s
     0     0   35.20000    0   23   67.00000   35.20000  47.5%     -    0s
H    0     0                      59.0000000   38.20000  35.3%     -    0s
H    0     0                      58.0000000   38.20000  34.1%     -    0s
H    0     0                      58.0000000   38.20000  34.1%     -    0s
     0     0   38.20000    0   22   58.00000   38.20000  34.1%     -    0s
     0     0   38.20000    0   14   58.00000   38.20000  34.1%     -    0s
     0     0   38.25000    0   15   58.00000   38.25000  34.1%     -    0s
     0     0   38.25000    0   15   58.00000   38.25000  34.1%     -    0s
     0     0   38.25000    0   16   58.00000   38.25000  34.1%     -    0s
     0     0   42.24100    0   19   58.00000   42.24100  27.2%     -    0s
     0     0   43.50000    0   28   58.00000   43.50000  25.0%     -    0s
     0     0   43.50000    0   19   58.00000   43.50000  25.0%     -    0s
     0     0   43.50000    0   34   58.00000   43.50000  25.0%     -    0s
     0     0   43.50000    0   29   58.00000   43.50000  25.0%     -    0s
     0     0   43.50000    0    9   58.00000   43.50000  25.0%     -    0s
     0     0   43.50000    0    9   58.00000   43.50000  25.0%     -    0s
     0     0   43.50000    0    9   58.00000   43.50000  25.0%     -    0s
     0     0   43.50000    0    9   58.00000   43.50000  25.0%     -    0s
     0     2   44.00000    0    9   58.00000   44.00000  24.1%     -    0s

Cutting planes:
  Gomory: 4
  Cover: 16
  Implied bound: 20
  Clique: 2
  MIR: 36
  Mod-K: 2
  RLT: 13
  Relax-and-lift: 1

Explored 173 nodes (1972 simplex iterations) in 0.07 seconds (0.04 work units)
Thread count was 1 (of 96 available processors)

Solution count 5: 58 59 67 ... 72

Optimal solution found (tolerance 1.00e-04)
Best objective 5.799999999410e+01, best bound 5.799999999410e+01, gap 0.0000%

Instance 9_5, formulation tres, reform bigm:
  Rect 0: x = 43.00, y = 3.00
  Rect 1: x = 12.00, y = 13.00
  Rect 2: x = 47.00, y = 15.00
  Rect 3: x = 28.00, y = 15.00
  Rect 4: x = 43.00, y = 15.00
  Rect 5: x = 47.00, y = 10.00
  Rect 6: x = 44.00, y = 6.00
  Rect 7: x = 56.00, y = 3.00
  Rect 8: x = 0.00, y = 13.00
  → saved figures to strip_figures/9_5_tres_bigm.png and strip_figures/9_5_tres_bigm.pdf
Set parameter TokenServer to value "mooring.ecn.purdue.edu"
Read LP format model from file /tmp/tmpmxa__cdu.pyomo.lp
Reading time = 0.00 seconds
x740: 1486 rows, 740 columns, 3891 nonzeros
Set parameter TimeLimit to value 1800
Set parameter Threads to value 1
Gurobi Optimizer version 11.0.0 build v11.0.0rc2 (linux64 - "Oracle Linux Server 9.6")

CPU model: AMD EPYC 7643 48-Core Processor, instruction set [SSE2|AVX|AVX2]
Thread count: 48 physical cores, 96 logical processors, using up to 1 threads

Optimize a model with 1486 rows, 740 columns and 3891 nonzeros
Model fingerprint: 0x059f25d8
Variable types: 596 continuous, 144 integer (144 binary)
Coefficient statistics:
  Matrix range     [1e+00, 1e+02]
  Objective range  [1e+00, 1e+00]
  Bounds range     [1e+00, 1e+02]
  RHS range        [1e+00, 2e+01]
Presolve removed 644 rows and 307 columns
Presolve time: 0.01s
Presolved: 842 rows, 433 columns, 2218 nonzeros
Variable types: 352 continuous, 81 integer (81 binary)
Found heuristic solution: objective 96.0000000
Found heuristic solution: objective 80.0000000

Root relaxation: objective 3.100000e+01, 162 iterations, 0.00 seconds (0.00 work units)

    Nodes    |    Current Node    |     Objective Bounds      |     Work
 Expl Unexpl |  Obj  Depth IntInf | Incumbent    BestBd   Gap | It/Node Time

     0     0   31.00000    0   20   80.00000   31.00000  61.2%     -    0s
H    0     0                      72.0000000   31.00000  56.9%     -    0s
     0     0   31.00000    0   24   72.00000   31.00000  56.9%     -    0s
H    0     0                      67.0000000   31.00000  53.7%     -    0s
     0     0   31.00000    0   22   67.00000   31.00000  53.7%     -    0s
     0     0   31.00000    0   17   67.00000   31.00000  53.7%     -    0s
     0     0   31.16842    0   26   67.00000   31.16842  53.5%     -    0s
     0     0   31.16842    0   15   67.00000   31.16842  53.5%     -    0s
     0     0   31.16842    0   18   67.00000   31.16842  53.5%     -    0s
     0     0   31.16842    0   26   67.00000   31.16842  53.5%     -    0s
     0     0   31.16842    0   28   67.00000   31.16842  53.5%     -    0s
     0     0   31.16842    0   23   67.00000   31.16842  53.5%     -    0s
     0     0   31.16842    0   27   67.00000   31.16842  53.5%     -    0s
     0     0   31.16842    0   17   67.00000   31.16842  53.5%     -    0s
     0     0   31.16842    0   16   67.00000   31.16842  53.5%     -    0s
H    0     0                      63.0000000   31.90909  49.4%     -    0s
     0     2   31.90909    0   15   63.00000   31.90909  49.4%     -    0s
H   81    45                      60.0000000   35.45455  40.9%  19.8    0s
H  108    47                      58.0000000   36.85714  36.5%  19.8    0s
H  412    50                      58.0000000   57.00000  1.72%  16.2    0s

Cutting planes:
  Cover: 30
  Implied bound: 64
  Clique: 1
  MIR: 24
  Flow cover: 121
  Inf proof: 2
  RLT: 52
  Relax-and-lift: 11
  BQP: 2
  PSD: 1

Explored 508 nodes (10913 simplex iterations) in 0.35 seconds (0.29 work units)
Thread count was 1 (of 96 available processors)

Solution count 8: 58 58 60 ... 96

Optimal solution found (tolerance 1.00e-04)
Best objective 5.799999999410e+01, best bound 5.799999999410e+01, gap 0.0000%

Instance 9_5, formulation tres, reform hull:
  Rect 0: x = 2.00, y = 3.00
  Rect 1: x = 15.00, y = 13.00
  Rect 2: x = 0.00, y = 10.00
  Rect 3: x = 31.00, y = 15.00
  Rect 4: x = 11.00, y = 15.00
  Rect 5: x = 0.00, y = 14.00
  Rect 6: x = 0.00, y = 6.00
  Rect 7: x = 0.00, y = 3.00
  Rect 8: x = 46.00, y = 13.00
  → saved figures to strip_figures/9_5_tres_hull.png and strip_figures/9_5_tres_hull.pdf
Set parameter TokenServer to value "mooring.ecn.purdue.edu"
Read LP format model from file /tmp/tmpktrnmbw0.pyomo.lp
Reading time = 0.00 seconds
x164: 190 rows, 164 columns, 1003 nonzeros
Set parameter TimeLimit to value 1800
Set parameter Threads to value 1
Gurobi Optimizer version 11.0.0 build v11.0.0rc2 (linux64 - "Oracle Linux Server 9.6")

CPU model: AMD EPYC 7643 48-Core Processor, instruction set [SSE2|AVX|AVX2]
Thread count: 48 physical cores, 96 logical processors, using up to 1 threads

Optimize a model with 190 rows, 164 columns and 1003 nonzeros
Model fingerprint: 0xdfdc669f
Variable types: 20 continuous, 144 integer (144 binary)
Coefficient statistics:
  Matrix range     [1e+00, 9e+01]
  Objective range  [1e+00, 1e+00]
  Bounds range     [1e+00, 9e+01]
  RHS range        [1e+00, 2e+01]
Found heuristic solution: objective 69.0000000
Presolve removed 64 rows and 67 columns
Presolve time: 0.00s
Presolved: 126 rows, 97 columns, 494 nonzeros
Variable types: 16 continuous, 81 integer (81 binary)

Root relaxation: objective 3.100000e+01, 53 iterations, 0.00 seconds (0.00 work units)

    Nodes    |    Current Node    |     Objective Bounds      |     Work
 Expl Unexpl |  Obj  Depth IntInf | Incumbent    BestBd   Gap | It/Node Time

     0     0   31.00000    0   10   69.00000   31.00000  55.1%     -    0s
H    0     0                      63.0000000   31.00000  50.8%     -    0s
H    0     0                      59.0000000   31.00000  47.5%     -    0s
H    0     0                      58.0000000   31.00000  46.6%     -    0s
     0     0   35.20000    0   25   58.00000   35.20000  39.3%     -    0s
     0     0   38.20000    0   25   58.00000   38.20000  34.1%     -    0s
     0     0   38.20000    0    6   58.00000   38.20000  34.1%     -    0s
     0     0   38.59692    0    7   58.00000   38.59692  33.5%     -    0s
     0     0   39.69172    0    9   58.00000   39.69172  31.6%     -    0s
     0     0   41.48603    0    7   58.00000   41.48603  28.5%     -    0s
     0     0   41.48603    0    7   58.00000   41.48603  28.5%     -    0s
     0     0   43.09283    0    6   58.00000   43.09283  25.7%     -    0s
     0     0   43.11419    0    6   58.00000   43.11419  25.7%     -    0s
     0     0   43.14224    0    8   58.00000   43.14224  25.6%     -    0s
     0     0   43.14224    0    8   58.00000   43.14224  25.6%     -    0s
     0     0   43.25000    0    5   58.00000   43.25000  25.4%     -    0s
H    0     0                      58.0000000   43.25000  25.4%     -    0s
     0     0   43.25000    0    5   58.00000   43.25000  25.4%     -    0s
     0     0   43.25000    0    6   58.00000   43.25000  25.4%     -    0s
     0     0   43.25000    0    6   58.00000   43.25000  25.4%     -    0s
     0     0   43.25000    0    7   58.00000   43.25000  25.4%     -    0s
     0     0   43.25000    0    7   58.00000   43.25000  25.4%     -    0s
     0     0   43.25000    0    8   58.00000   43.25000  25.4%     -    0s
     0     0   43.25000    0    8   58.00000   43.25000  25.4%     -    0s
     0     2   43.50000    0    8   58.00000   43.50000  25.0%     -    0s

Cutting planes:
  Gomory: 5
  Cover: 15
  Implied bound: 15
  Clique: 2
  MIR: 63
  GUB cover: 1
  RLT: 10
  Relax-and-lift: 3

Explored 298 nodes (1806 simplex iterations) in 0.08 seconds (0.05 work units)
Thread count was 1 (of 96 available processors)

Solution count 5: 58 58 59 ... 69

Optimal solution found (tolerance 1.00e-04)
Best objective 5.799999999410e+01, best bound 5.799999999410e+01, gap 0.0000%

Instance 9_5, formulation reagg, reform MIP:
  Rect 0: x = 16.00, y = 15.00
  Rect 1: x = 0.00, y = 13.00
  Rect 2: x = 18.00, y = 7.00
  Rect 3: x = 31.00, y = 15.00
  Rect 4: x = 27.00, y = 12.00
  Rect 5: x = 16.00, y = 12.00
  Rect 6: x = 16.00, y = 3.00
  Rect 7: x = 16.00, y = 6.00
  Rect 8: x = 46.00, y = 13.00
  → saved figures to strip_figures/9_5_reagg_MIP.png and strip_figures/9_5_reagg_MIP.pdf
Set parameter TokenServer to value "mooring.ecn.purdue.edu"
Read LP format model from file /tmp/tmpx_rts14b.pyomo.lp
Reading time = 0.00 seconds
x164: 190 rows, 164 columns, 1003 nonzeros
Set parameter TimeLimit to value 1800
Set parameter Threads to value 1
Gurobi Optimizer version 11.0.0 build v11.0.0rc2 (linux64 - "Oracle Linux Server 9.6")

CPU model: AMD EPYC 7643 48-Core Processor, instruction set [SSE2|AVX|AVX2]
Thread count: 48 physical cores, 96 logical processors, using up to 1 threads

Optimize a model with 190 rows, 164 columns and 1003 nonzeros
Model fingerprint: 0x7c0f7eda
Variable types: 20 continuous, 144 integer (144 binary)
Coefficient statistics:
  Matrix range     [1e+00, 9e+01]
  Objective range  [1e+00, 1e+00]
  Bounds range     [1e+00, 9e+01]
  RHS range        [1e+00, 2e+01]
Found heuristic solution: objective 65.0000000
Presolve removed 64 rows and 67 columns
Presolve time: 0.00s
Presolved: 126 rows, 97 columns, 479 nonzeros
Variable types: 16 continuous, 81 integer (81 binary)

Root relaxation: objective 3.100000e+01, 41 iterations, 0.00 seconds (0.00 work units)

    Nodes    |    Current Node    |     Objective Bounds      |     Work
 Expl Unexpl |  Obj  Depth IntInf | Incumbent    BestBd   Gap | It/Node Time

     0     0   31.00000    0    6   65.00000   31.00000  52.3%     -    0s
H    0     0                      60.0000000   31.00000  48.3%     -    0s
     0     0   35.20000    0   21   60.00000   35.20000  41.3%     -    0s
     0     0   37.80000    0   22   60.00000   37.80000  37.0%     -    0s
     0     0   37.80000    0   32   60.00000   37.80000  37.0%     -    0s
     0     0   38.40000    0   30   60.00000   38.40000  36.0%     -    0s
     0     0   38.40000    0   27   60.00000   38.40000  36.0%     -    0s
     0     0   38.84091    0   16   60.00000   38.84091  35.3%     -    0s
     0     0   38.84091    0   18   60.00000   38.84091  35.3%     -    0s
     0     0   38.84091    0   17   60.00000   38.84091  35.3%     -    0s
     0     0   38.84091    0   17   60.00000   38.84091  35.3%     -    0s
     0     0   39.17424    0   23   60.00000   39.17424  34.7%     -    0s
H    0     0                      59.0000000   39.58333  32.9%     -    0s
     0     0   39.68526    0   15   59.00000   39.68526  32.7%     -    0s
     0     0   39.70283    0   18   59.00000   39.70283  32.7%     -    0s
     0     0   39.76085    0   18   59.00000   39.76085  32.6%     -    0s
     0     0   39.80058    0   19   59.00000   39.80058  32.5%     -    0s
     0     0   39.81774    0   20   59.00000   39.81774  32.5%     -    0s
     0     0   39.81774    0   20   59.00000   39.81774  32.5%     -    0s
     0     0   39.88825    0   17   59.00000   39.88825  32.4%     -    0s
     0     0   39.88825    0   22   59.00000   39.88825  32.4%     -    0s
     0     0   39.92952    0   26   59.00000   39.92952  32.3%     -    0s
H    0     0                      58.0000000   39.92952  31.2%     -    0s
     0     0   40.41610    0   22   58.00000   40.41610  30.3%     -    0s
     0     0   40.50460    0   23   58.00000   40.50460  30.2%     -    0s
     0     0   40.50460    0   23   58.00000   40.50460  30.2%     -    0s
     0     0   40.50460    0   26   58.00000   40.50460  30.2%     -    0s
     0     0   40.51051    0   26   58.00000   40.51051  30.2%     -    0s
     0     0   40.51051    0   26   58.00000   40.51051  30.2%     -    0s
     0     0   40.51051    0   22   58.00000   40.51051  30.2%     -    0s
     0     0   40.51051    0   14   58.00000   40.51051  30.2%     -    0s
     0     0   40.51051    0   25   58.00000   40.51051  30.2%     -    0s
     0     0   40.51051    0   25   58.00000   40.51051  30.2%     -    0s
     0     0   40.51051    0   11   58.00000   40.51051  30.2%     -    0s
     0     0   40.51051    0   19   58.00000   40.51051  30.2%     -    0s
     0     0   40.51051    0   10   58.00000   40.51051  30.2%     -    0s
     0     0   40.51051    0   10   58.00000   40.51051  30.2%     -    0s
     0     2   40.58011    0   10   58.00000   40.58011  30.0%     -    0s

Cutting planes:
  Gomory: 3
  Cover: 14
  Implied bound: 28
  Clique: 1
  MIR: 32
  RLT: 17
  Relax-and-lift: 1

Explored 213 nodes (2770 simplex iterations) in 0.10 seconds (0.05 work units)
Thread count was 1 (of 96 available processors)

Solution count 4: 58 59 60 65 

Optimal solution found (tolerance 1.00e-04)
Best objective 5.800000000000e+01, best bound 5.800000000000e+01, gap 0.0000%

Instance 9_5, formulation reagg_tres, reform MIP:
  Rect 0: x = 15.00, y = 3.00
  Rect 1: x = 42.00, y = 13.00
  Rect 2: x = 21.00, y = 10.00
  Rect 3: x = 0.00, y = 15.00
  Rect 4: x = 15.00, y = 15.00
  Rect 5: x = 19.00, y = 14.00
  Rect 6: x = 15.00, y = 6.00
  Rect 7: x = 19.00, y = 9.00
  Rect 8: x = 30.00, y = 13.00
  → saved figures to strip_figures/9_5_reagg_tres_MIP.png and strip_figures/9_5_reagg_tres_MIP.pdf
Benchmark finished. Results written to results_strip/benchmark_results_datnzig_extended_job1.json
