['10_1', '10_2', '10_3', '10_4', '10_5', '11_1', '11_2', '11_3', '11_4', '11_5', '12_1', '12_2', '12_3', '12_4', '12_5', '13_1', '13_2', '13_3', '13_4', '13_5']
Set parameter TokenServer to value "mooring.ecn.purdue.edu"
Read LP format model from file /tmp/tmpr7c0leaj.pyomo.lp
Reading time = 0.00 seconds
x202: 596 rows, 202 columns, 1461 nonzeros
Set parameter TimeLimit to value 1800
Set parameter Threads to value 1
Gurobi Optimizer version 11.0.0 build v11.0.0rc2 (linux64 - "Oracle Linux Server 9.6")

CPU model: AMD EPYC 7643 48-Core Processor, instruction set [SSE2|AVX|AVX2]
Thread count: 48 physical cores, 96 logical processors, using up to 1 threads

Optimize a model with 596 rows, 202 columns and 1461 nonzeros
Model fingerprint: 0x9a55e16b
Variable types: 22 continuous, 180 integer (180 binary)
Coefficient statistics:
  Matrix range     [1e+00, 2e+02]
  Objective range  [1e+00, 1e+00]
  Bounds range     [1e+00, 1e+02]
  RHS range        [1e+00, 1e+02]
Found heuristic solution: objective 81.0000000
Presolve removed 370 rows and 10 columns
Presolve time: 0.00s
Presolved: 226 rows, 192 columns, 710 nonzeros
Variable types: 21 continuous, 171 integer (171 binary)

Root relaxation: objective 3.400000e+01, 91 iterations, 0.00 seconds (0.00 work units)

    Nodes    |    Current Node    |     Objective Bounds      |     Work
 Expl Unexpl |  Obj  Depth IntInf | Incumbent    BestBd   Gap | It/Node Time

     0     0   34.00000    0    5   81.00000   34.00000  58.0%     -    0s
H    0     0                      70.0000000   34.00000  51.4%     -    0s
H    0     0                      65.0000000   34.00000  47.7%     -    0s
     0     0   34.00000    0   14   65.00000   34.00000  47.7%     -    0s
H    0     0                      63.0000000   34.00000  46.0%     -    0s
H    0     0                      62.0000000   34.00000  45.2%     -    0s
H    0     0                      56.0000000   34.00000  39.3%     -    0s
     0     0   34.00000    0   14   56.00000   34.00000  39.3%     -    0s
     0     0   34.00000    0    5   56.00000   34.00000  39.3%     -    0s
H    0     0                      54.0000000   34.00000  37.0%     -    0s
H    0     0                      50.0000000   34.00000  32.0%     -    0s
     0     0   34.00000    0   10   50.00000   34.00000  32.0%     -    0s
H    0     0                      48.0000000   34.00000  29.2%     -    0s
     0     0   34.00000    0    3   48.00000   34.00000  29.2%     -    0s
     0     0   34.00000    0   17   48.00000   34.00000  29.2%     -    0s
     0     0   34.00000    0   20   48.00000   34.00000  29.2%     -    0s
     0     0   34.00000    0    8   48.00000   34.00000  29.2%     -    0s
     0     0   34.00000    0   24   48.00000   34.00000  29.2%     -    0s
     0     0   34.00000    0    6   48.00000   34.00000  29.2%     -    0s
     0     2   34.00000    0    6   48.00000   34.00000  29.2%     -    0s

Cutting planes:
  Gomory: 1
  Cover: 20
  Implied bound: 12
  MIR: 11
  Relax-and-lift: 2

Explored 38 nodes (1688 simplex iterations) in 0.05 seconds (0.04 work units)
Thread count was 1 (of 96 available processors)

Solution count 9: 48 50 54 ... 81

Optimal solution found (tolerance 1.00e-04)
Best objective 4.800000000000e+01, best bound 4.800000000000e+01, gap 0.0000%

Instance 10_1, formulation altered, reform bigm:
  Rect 0: x = 0.00, y = 11.00
  Rect 1: x = 31.00, y = 10.00
  Rect 2: x = 16.00, y = 7.00
  Rect 3: x = 31.00, y = 14.00
  Rect 4: x = 0.00, y = 14.00
  Rect 5: x = 0.00, y = 9.00
  Rect 6: x = 16.00, y = 1.00
  Rect 7: x = 14.00, y = 13.00
  Rect 8: x = 0.00, y = 7.00
  Rect 9: x = 0.00, y = 13.00
  → saved figures to strip_figures/10_1_altered_bigm.png and strip_figures/10_1_altered_bigm.pdf
Set parameter TokenServer to value "mooring.ecn.purdue.edu"
Read LP format model from file /tmp/tmpjcqhkujt.pyomo.lp
Reading time = 0.00 seconds
x922: 1856 rows, 922 columns, 4881 nonzeros
Set parameter TimeLimit to value 1800
Set parameter Threads to value 1
Gurobi Optimizer version 11.0.0 build v11.0.0rc2 (linux64 - "Oracle Linux Server 9.6")

CPU model: AMD EPYC 7643 48-Core Processor, instruction set [SSE2|AVX|AVX2]
Thread count: 48 physical cores, 96 logical processors, using up to 1 threads

Optimize a model with 1856 rows, 922 columns and 4881 nonzeros
Model fingerprint: 0x44d84fdf
Variable types: 742 continuous, 180 integer (180 binary)
Coefficient statistics:
  Matrix range     [1e+00, 1e+02]
  Objective range  [1e+00, 1e+00]
  Bounds range     [1e+00, 1e+02]
  RHS range        [1e+00, 2e+01]
Presolve removed 324 rows and 44 columns
Presolve time: 0.01s
Presolved: 1532 rows, 878 columns, 4022 nonzeros
Variable types: 707 continuous, 171 integer (171 binary)
Found heuristic solution: objective 142.0000000
Found heuristic solution: objective 94.0000000

Root relaxation: objective 3.400000e+01, 315 iterations, 0.00 seconds (0.00 work units)

    Nodes    |    Current Node    |     Objective Bounds      |     Work
 Expl Unexpl |  Obj  Depth IntInf | Incumbent    BestBd   Gap | It/Node Time

     0     0   34.00000    0   31   94.00000   34.00000  63.8%     -    0s
H    0     0                      76.0000000   34.00000  55.3%     -    0s
     0     0   34.00000    0   46   76.00000   34.00000  55.3%     -    0s
H    0     0                      73.0000000   34.00000  53.4%     -    0s
     0     0   34.00000    0   46   73.00000   34.00000  53.4%     -    0s
     0     0   34.00000    0   25   73.00000   34.00000  53.4%     -    0s
H    0     0                      64.0000000   34.00000  46.9%     -    0s
     0     0   34.00000    0   28   64.00000   34.00000  46.9%     -    0s
     0     0   34.00000    0   31   64.00000   34.00000  46.9%     -    0s
H    0     0                      63.0000000   34.00000  46.0%     -    0s
     0     0   34.00000    0   27   63.00000   34.00000  46.0%     -    0s
     0     0   34.00000    0   40   63.00000   34.00000  46.0%     -    0s
     0     0   34.00000    0   51   63.00000   34.00000  46.0%     -    0s
     0     0   34.00000    0   14   63.00000   34.00000  46.0%     -    0s
H    0     0                      58.0000000   34.00000  41.4%     -    0s
     0     0   34.00000    0   31   58.00000   34.00000  41.4%     -    0s
     0     0   34.00000    0   18   58.00000   34.00000  41.4%     -    0s
     0     0   34.00000    0   18   58.00000   34.00000  41.4%     -    0s
     0     2   34.00000    0   18   58.00000   34.00000  41.4%     -    0s
*   48    40              38      57.0000000   34.00000  40.4%  28.3    0s
*   49    34              38      51.0000000   34.00000  33.3%  27.9    0s
*  206    85              38      50.0000000   34.00000  32.0%  26.0    0s
*  245    79              32      49.0000000   34.00000  30.6%  24.5    0s
*  547    15              27      48.0000000   37.28125  22.3%  25.0    0s

Cutting planes:
  Gomory: 3
  Cover: 106
  Implied bound: 203
  MIR: 27
  Flow cover: 81
  Network: 3
  RLT: 8
  Relax-and-lift: 10
  PSD: 2

Explored 563 nodes (19360 simplex iterations) in 0.70 seconds (0.65 work units)
Thread count was 1 (of 96 available processors)

Solution count 10: 48 49 50 ... 76

Optimal solution found (tolerance 1.00e-04)
Best objective 4.800000000000e+01, best bound 4.800000000000e+01, gap 0.0000%

Instance 10_1, formulation altered, reform hull:
  Rect 0: x = 0.00, y = 13.00
  Rect 1: x = 31.00, y = 10.00
  Rect 2: x = 16.00, y = 6.00
  Rect 3: x = 31.00, y = 14.00
  Rect 4: x = 0.00, y = 14.00
  Rect 5: x = 0.00, y = 11.00
  Rect 6: x = 21.00, y = 14.00
  Rect 7: x = 14.00, y = 13.00
  Rect 8: x = 0.00, y = 7.00
  Rect 9: x = 0.00, y = 9.00
  → saved figures to strip_figures/10_1_altered_hull.png and strip_figures/10_1_altered_hull.pdf
Set parameter TokenServer to value "mooring.ecn.purdue.edu"
Read LP format model from file /tmp/tmp045d55ui.pyomo.lp
Reading time = 0.00 seconds
x202: 596 rows, 202 columns, 1461 nonzeros
Set parameter TimeLimit to value 1800
Set parameter Threads to value 1
Gurobi Optimizer version 11.0.0 build v11.0.0rc2 (linux64 - "Oracle Linux Server 9.6")

CPU model: AMD EPYC 7643 48-Core Processor, instruction set [SSE2|AVX|AVX2]
Thread count: 48 physical cores, 96 logical processors, using up to 1 threads

Optimize a model with 596 rows, 202 columns and 1461 nonzeros
Model fingerprint: 0x9a55e16b
Variable types: 22 continuous, 180 integer (180 binary)
Coefficient statistics:
  Matrix range     [1e+00, 2e+02]
  Objective range  [1e+00, 1e+00]
  Bounds range     [1e+00, 1e+02]
  RHS range        [1e+00, 1e+02]
Found heuristic solution: objective 81.0000000
Presolve removed 370 rows and 10 columns
Presolve time: 0.00s
Presolved: 226 rows, 192 columns, 710 nonzeros
Variable types: 21 continuous, 171 integer (171 binary)

Root relaxation: objective 3.400000e+01, 91 iterations, 0.00 seconds (0.00 work units)

    Nodes    |    Current Node    |     Objective Bounds      |     Work
 Expl Unexpl |  Obj  Depth IntInf | Incumbent    BestBd   Gap | It/Node Time

     0     0   34.00000    0    5   81.00000   34.00000  58.0%     -    0s
H    0     0                      70.0000000   34.00000  51.4%     -    0s
H    0     0                      65.0000000   34.00000  47.7%     -    0s
     0     0   34.00000    0   14   65.00000   34.00000  47.7%     -    0s
H    0     0                      63.0000000   34.00000  46.0%     -    0s
H    0     0                      62.0000000   34.00000  45.2%     -    0s
H    0     0                      56.0000000   34.00000  39.3%     -    0s
     0     0   34.00000    0   14   56.00000   34.00000  39.3%     -    0s
     0     0   34.00000    0    5   56.00000   34.00000  39.3%     -    0s
H    0     0                      54.0000000   34.00000  37.0%     -    0s
H    0     0                      50.0000000   34.00000  32.0%     -    0s
     0     0   34.00000    0   10   50.00000   34.00000  32.0%     -    0s
H    0     0                      48.0000000   34.00000  29.2%     -    0s
     0     0   34.00000    0    3   48.00000   34.00000  29.2%     -    0s
     0     0   34.00000    0   17   48.00000   34.00000  29.2%     -    0s
     0     0   34.00000    0   20   48.00000   34.00000  29.2%     -    0s
     0     0   34.00000    0    8   48.00000   34.00000  29.2%     -    0s
     0     0   34.00000    0   24   48.00000   34.00000  29.2%     -    0s
     0     0   34.00000    0    6   48.00000   34.00000  29.2%     -    0s
     0     2   34.00000    0    6   48.00000   34.00000  29.2%     -    0s

Cutting planes:
  Gomory: 1
  Cover: 20
  Implied bound: 12
  MIR: 11
  Relax-and-lift: 2

Explored 38 nodes (1688 simplex iterations) in 0.05 seconds (0.04 work units)
Thread count was 1 (of 96 available processors)

Solution count 9: 48 50 54 ... 81

Optimal solution found (tolerance 1.00e-04)
Best objective 4.800000000000e+01, best bound 4.800000000000e+01, gap 0.0000%

Instance 10_1, formulation tres, reform bigm:
  Rect 0: x = 0.00, y = 11.00
  Rect 1: x = 31.00, y = 10.00
  Rect 2: x = 16.00, y = 7.00
  Rect 3: x = 31.00, y = 14.00
  Rect 4: x = 0.00, y = 14.00
  Rect 5: x = 0.00, y = 9.00
  Rect 6: x = 16.00, y = 1.00
  Rect 7: x = 14.00, y = 13.00
  Rect 8: x = 0.00, y = 7.00
  Rect 9: x = 0.00, y = 13.00
  → saved figures to strip_figures/10_1_tres_bigm.png and strip_figures/10_1_tres_bigm.pdf
Set parameter TokenServer to value "mooring.ecn.purdue.edu"
Read LP format model from file /tmp/tmpsfrig2ds.pyomo.lp
Reading time = 0.00 seconds
x922: 1856 rows, 922 columns, 4881 nonzeros
Set parameter TimeLimit to value 1800
Set parameter Threads to value 1
Gurobi Optimizer version 11.0.0 build v11.0.0rc2 (linux64 - "Oracle Linux Server 9.6")

CPU model: AMD EPYC 7643 48-Core Processor, instruction set [SSE2|AVX|AVX2]
Thread count: 48 physical cores, 96 logical processors, using up to 1 threads

Optimize a model with 1856 rows, 922 columns and 4881 nonzeros
Model fingerprint: 0x44d84fdf
Variable types: 742 continuous, 180 integer (180 binary)
Coefficient statistics:
  Matrix range     [1e+00, 1e+02]
  Objective range  [1e+00, 1e+00]
  Bounds range     [1e+00, 1e+02]
  RHS range        [1e+00, 2e+01]
Presolve removed 324 rows and 44 columns
Presolve time: 0.01s
Presolved: 1532 rows, 878 columns, 4022 nonzeros
Variable types: 707 continuous, 171 integer (171 binary)
Found heuristic solution: objective 142.0000000
Found heuristic solution: objective 94.0000000

Root relaxation: objective 3.400000e+01, 315 iterations, 0.00 seconds (0.00 work units)

    Nodes    |    Current Node    |     Objective Bounds      |     Work
 Expl Unexpl |  Obj  Depth IntInf | Incumbent    BestBd   Gap | It/Node Time

     0     0   34.00000    0   31   94.00000   34.00000  63.8%     -    0s
H    0     0                      76.0000000   34.00000  55.3%     -    0s
     0     0   34.00000    0   46   76.00000   34.00000  55.3%     -    0s
H    0     0                      73.0000000   34.00000  53.4%     -    0s
     0     0   34.00000    0   46   73.00000   34.00000  53.4%     -    0s
     0     0   34.00000    0   25   73.00000   34.00000  53.4%     -    0s
H    0     0                      64.0000000   34.00000  46.9%     -    0s
     0     0   34.00000    0   28   64.00000   34.00000  46.9%     -    0s
     0     0   34.00000    0   31   64.00000   34.00000  46.9%     -    0s
H    0     0                      63.0000000   34.00000  46.0%     -    0s
     0     0   34.00000    0   27   63.00000   34.00000  46.0%     -    0s
     0     0   34.00000    0   40   63.00000   34.00000  46.0%     -    0s
     0     0   34.00000    0   51   63.00000   34.00000  46.0%     -    0s
     0     0   34.00000    0   14   63.00000   34.00000  46.0%     -    0s
H    0     0                      58.0000000   34.00000  41.4%     -    0s
     0     0   34.00000    0   31   58.00000   34.00000  41.4%     -    0s
     0     0   34.00000    0   18   58.00000   34.00000  41.4%     -    0s
     0     0   34.00000    0   18   58.00000   34.00000  41.4%     -    0s
     0     2   34.00000    0   18   58.00000   34.00000  41.4%     -    0s
*   48    40              38      57.0000000   34.00000  40.4%  28.3    0s
*   49    34              38      51.0000000   34.00000  33.3%  27.9    0s
*  206    85              38      50.0000000   34.00000  32.0%  26.0    0s
*  245    79              32      49.0000000   34.00000  30.6%  24.5    0s
*  547    15              27      48.0000000   37.28125  22.3%  25.0    0s

Cutting planes:
  Gomory: 3
  Cover: 106
  Implied bound: 203
  MIR: 27
  Flow cover: 81
  Network: 3
  RLT: 8
  Relax-and-lift: 10
  PSD: 2

Explored 563 nodes (19360 simplex iterations) in 0.71 seconds (0.65 work units)
Thread count was 1 (of 96 available processors)

Solution count 10: 48 49 50 ... 76

Optimal solution found (tolerance 1.00e-04)
Best objective 4.800000000000e+01, best bound 4.800000000000e+01, gap 0.0000%

Instance 10_1, formulation tres, reform hull:
  Rect 0: x = 0.00, y = 13.00
  Rect 1: x = 31.00, y = 10.00
  Rect 2: x = 16.00, y = 6.00
  Rect 3: x = 31.00, y = 14.00
  Rect 4: x = 0.00, y = 14.00
  Rect 5: x = 0.00, y = 11.00
  Rect 6: x = 21.00, y = 14.00
  Rect 7: x = 14.00, y = 13.00
  Rect 8: x = 0.00, y = 7.00
  Rect 9: x = 0.00, y = 9.00
  → saved figures to strip_figures/10_1_tres_hull.png and strip_figures/10_1_tres_hull.pdf
Set parameter TokenServer to value "mooring.ecn.purdue.edu"
Read LP format model from file /tmp/tmp4f8ftty3.pyomo.lp
Reading time = 0.00 seconds
x202: 236 rows, 202 columns, 1281 nonzeros
Set parameter TimeLimit to value 1800
Set parameter Threads to value 1
Gurobi Optimizer version 11.0.0 build v11.0.0rc2 (linux64 - "Oracle Linux Server 9.6")

CPU model: AMD EPYC 7643 48-Core Processor, instruction set [SSE2|AVX|AVX2]
Thread count: 48 physical cores, 96 logical processors, using up to 1 threads

Optimize a model with 236 rows, 202 columns and 1281 nonzeros
Model fingerprint: 0xdd039721
Variable types: 22 continuous, 180 integer (180 binary)
Coefficient statistics:
  Matrix range     [1e+00, 1e+02]
  Objective range  [1e+00, 1e+00]
  Bounds range     [1e+00, 1e+02]
  RHS range        [1e+00, 2e+01]
Found heuristic solution: objective 66.0000000
Presolve removed 10 rows and 10 columns
Presolve time: 0.00s
Presolved: 226 rows, 192 columns, 1018 nonzeros
Variable types: 21 continuous, 171 integer (171 binary)

Root relaxation: objective 3.400000e+01, 82 iterations, 0.00 seconds (0.00 work units)

    Nodes    |    Current Node    |     Objective Bounds      |     Work
 Expl Unexpl |  Obj  Depth IntInf | Incumbent    BestBd   Gap | It/Node Time

     0     0   34.00000    0    5   66.00000   34.00000  48.5%     -    0s
H    0     0                      62.0000000   34.00000  45.2%     -    0s
     0     0   34.00000    0   12   62.00000   34.00000  45.2%     -    0s
     0     0   34.00000    0    8   62.00000   34.00000  45.2%     -    0s
H    0     0                      58.0000000   34.00000  41.4%     -    0s
     0     0   34.00000    0    8   58.00000   34.00000  41.4%     -    0s
     0     0   34.00000    0    3   58.00000   34.00000  41.4%     -    0s
H    0     0                      50.0000000   34.00000  32.0%     -    0s
     0     0   34.00000    0    5   50.00000   34.00000  32.0%     -    0s
     0     0   34.00000    0    6   50.00000   34.00000  32.0%     -    0s
     0     0   34.00000    0   10   50.00000   34.00000  32.0%     -    0s
     0     0   34.00000    0    6   50.00000   34.00000  32.0%     -    0s
     0     0   34.00000    0    6   50.00000   34.00000  32.0%     -    0s
     0     2   34.00000    0    6   50.00000   34.00000  32.0%     -    0s
*  154    89              46      48.0000000   34.00000  29.2%   5.9    0s

Cutting planes:
  Gomory: 1
  Cover: 165
  Implied bound: 97
  Clique: 4
  MIR: 47
  GUB cover: 3
  Inf proof: 5
  RLT: 4
  Relax-and-lift: 5

Explored 452 nodes (6665 simplex iterations) in 0.15 seconds (0.11 work units)
Thread count was 1 (of 96 available processors)

Solution count 5: 48 50 58 ... 66

Optimal solution found (tolerance 1.00e-04)
Best objective 4.800000000000e+01, best bound 4.800000000000e+01, gap 0.0000%

Instance 10_1, formulation reagg, reform MIP:
  Rect 0: x = 17.00, y = 8.00
  Rect 1: x = 0.00, y = 10.00
  Rect 2: x = 33.00, y = 7.00
  Rect 3: x = 0.00, y = 14.00
  Rect 4: x = 24.00, y = 14.00
  Rect 5: x = 16.00, y = 14.00
  Rect 6: x = 38.00, y = 1.00
  Rect 7: x = 31.00, y = 13.00
  Rect 8: x = 17.00, y = 7.00
  Rect 9: x = 17.00, y = 10.00
  → saved figures to strip_figures/10_1_reagg_MIP.png and strip_figures/10_1_reagg_MIP.pdf
Set parameter TokenServer to value "mooring.ecn.purdue.edu"
Read LP format model from file /tmp/tmpfsq5klib.pyomo.lp
Reading time = 0.00 seconds
x202: 236 rows, 202 columns, 1281 nonzeros
Set parameter TimeLimit to value 1800
Set parameter Threads to value 1
Gurobi Optimizer version 11.0.0 build v11.0.0rc2 (linux64 - "Oracle Linux Server 9.6")

CPU model: AMD EPYC 7643 48-Core Processor, instruction set [SSE2|AVX|AVX2]
Thread count: 48 physical cores, 96 logical processors, using up to 1 threads

Optimize a model with 236 rows, 202 columns and 1281 nonzeros
Model fingerprint: 0x2eeb9346
Variable types: 22 continuous, 180 integer (180 binary)
Coefficient statistics:
  Matrix range     [1e+00, 1e+02]
  Objective range  [1e+00, 1e+00]
  Bounds range     [1e+00, 1e+02]
  RHS range        [1e+00, 2e+01]
Found heuristic solution: objective 56.0000000
Presolve removed 10 rows and 11 columns
Presolve time: 0.00s
Presolved: 226 rows, 191 columns, 973 nonzeros
Variable types: 21 continuous, 170 integer (170 binary)

Root relaxation: objective 3.400000e+01, 84 iterations, 0.00 seconds (0.00 work units)

    Nodes    |    Current Node    |     Objective Bounds      |     Work
 Expl Unexpl |  Obj  Depth IntInf | Incumbent    BestBd   Gap | It/Node Time

     0     0   34.00000    0   15   56.00000   34.00000  39.3%     -    0s
     0     0   34.00000    0   30   56.00000   34.00000  39.3%     -    0s
H    0     0                      50.0000000   34.00000  32.0%     -    0s
     0     0   34.00000    0   16   50.00000   34.00000  32.0%     -    0s
H    0     0                      49.0000000   34.00000  30.6%     -    0s
     0     0   34.00000    0   17   49.00000   34.00000  30.6%     -    0s
     0     0   34.00000    0    6   49.00000   34.00000  30.6%     -    0s
     0     0   34.00000    0    6   49.00000   34.00000  30.6%     -    0s
     0     0   34.00000    0    5   49.00000   34.00000  30.6%     -    0s
     0     0   34.00000    0    5   49.00000   34.00000  30.6%     -    0s
     0     0   34.00000    0   10   49.00000   34.00000  30.6%     -    0s
     0     0   34.00000    0   22   49.00000   34.00000  30.6%     -    0s
     0     0   34.00000    0    8   49.00000   34.00000  30.6%     -    0s
     0     0   34.00000    0   21   49.00000   34.00000  30.6%     -    0s
     0     0   34.00000    0   10   49.00000   34.00000  30.6%     -    0s
     0     0   34.00000    0    8   49.00000   34.00000  30.6%     -    0s
     0     2   34.00000    0    8   49.00000   34.00000  30.6%     -    0s
*  157    40              17      48.0000000   34.00000  29.2%  12.0    0s

Cutting planes:
  Gomory: 1
  Cover: 149
  Implied bound: 94
  Clique: 6
  MIR: 41
  StrongCG: 1
  GUB cover: 8
  Inf proof: 10
  RLT: 11
  Relax-and-lift: 8
  PSD: 1

Explored 314 nodes (7495 simplex iterations) in 0.17 seconds (0.13 work units)
Thread count was 1 (of 96 available processors)

Solution count 4: 48 49 50 56 

Optimal solution found (tolerance 1.00e-04)
Best objective 4.800000000000e+01, best bound 4.800000000000e+01, gap 0.0000%

Instance 10_1, formulation reagg_tres, reform MIP:
  Rect 0: x = 34.00, y = 14.00
  Rect 1: x = 0.00, y = 10.00
  Rect 2: x = 33.00, y = 6.00
  Rect 3: x = 0.00, y = 14.00
  Rect 4: x = 18.00, y = 14.00
  Rect 5: x = 34.00, y = 8.00
  Rect 6: x = 34.00, y = 13.00
  Rect 7: x = 17.00, y = 13.00
  Rect 8: x = 17.00, y = 7.00
  Rect 9: x = 34.00, y = 10.00
  → saved figures to strip_figures/10_1_reagg_tres_MIP.png and strip_figures/10_1_reagg_tres_MIP.pdf
Set parameter TokenServer to value "mooring.ecn.purdue.edu"
Read LP format model from file /tmp/tmppxinph7l.pyomo.lp
Reading time = 0.00 seconds
x202: 596 rows, 202 columns, 1461 nonzeros
Set parameter TimeLimit to value 1800
Set parameter Threads to value 1
Gurobi Optimizer version 11.0.0 build v11.0.0rc2 (linux64 - "Oracle Linux Server 9.6")

CPU model: AMD EPYC 7643 48-Core Processor, instruction set [SSE2|AVX|AVX2]
Thread count: 48 physical cores, 96 logical processors, using up to 1 threads

Optimize a model with 596 rows, 202 columns and 1461 nonzeros
Model fingerprint: 0x0131d87e
Variable types: 22 continuous, 180 integer (180 binary)
Coefficient statistics:
  Matrix range     [1e+00, 6e+01]
  Objective range  [1e+00, 1e+00]
  Bounds range     [1e+00, 5e+01]
  RHS range        [1e+00, 5e+01]
Presolve removed 424 rows and 66 columns
Presolve time: 0.00s
Presolved: 172 rows, 136 columns, 530 nonzeros
Variable types: 19 continuous, 117 integer (117 binary)
Found heuristic solution: objective 41.0000000

Root relaxation: objective 1.800000e+01, 65 iterations, 0.00 seconds (0.00 work units)

    Nodes    |    Current Node    |     Objective Bounds      |     Work
 Expl Unexpl |  Obj  Depth IntInf | Incumbent    BestBd   Gap | It/Node Time

     0     0   18.00000    0    8   41.00000   18.00000  56.1%     -    0s
H    0     0                      39.0000000   18.00000  53.8%     -    0s
H    0     0                      37.0000000   18.00000  51.4%     -    0s
     0     0   18.00000    0   18   37.00000   18.00000  51.4%     -    0s
H    0     0                      36.0000000   18.00000  50.0%     -    0s
H    0     0                      35.0000000   18.00000  48.6%     -    0s
     0     0   20.50000    0    6   35.00000   20.50000  41.4%     -    0s
H    0     0                      34.0000000   23.00000  32.4%     -    0s
     0     0   23.00000    0   12   34.00000   23.00000  32.4%     -    0s
     0     0   23.00000    0   12   34.00000   23.00000  32.4%     -    0s
     0     0   23.00000    0    9   34.00000   23.00000  32.4%     -    0s
H    0     0                      33.0000000   23.00000  30.3%     -    0s
     0     0   23.00000    0    8   33.00000   23.00000  30.3%     -    0s
     0     0   23.00000    0   10   33.00000   23.00000  30.3%     -    0s
     0     0   23.00000    0   15   33.00000   23.00000  30.3%     -    0s
H    0     0                      32.0000000   23.00000  28.1%     -    0s
     0     0   23.00000    0   14   32.00000   23.00000  28.1%     -    0s
     0     0   23.00000    0   29   32.00000   23.00000  28.1%     -    0s
     0     0   23.00000    0   29   32.00000   23.00000  28.1%     -    0s
     0     0   23.00000    0    7   32.00000   23.00000  28.1%     -    0s
     0     0   23.00000    0   21   32.00000   23.00000  28.1%     -    0s
     0     0   23.00000    0    7   32.00000   23.00000  28.1%     -    0s
H    0     0                      31.0000000   23.00000  25.8%     -    0s
     0     0   23.00000    0   14   31.00000   23.00000  25.8%     -    0s
     0     0   23.00000    0    6   31.00000   23.00000  25.8%     -    0s
     0     0   23.00000    0   16   31.00000   23.00000  25.8%     -    0s
     0     0   23.00000    0   12   31.00000   23.00000  25.8%     -    0s
     0     0   23.00000    0    8   31.00000   23.00000  25.8%     -    0s
     0     2   23.00000    0    8   31.00000   23.00000  25.8%     -    0s
H  993   203                      31.0000000   27.00000  12.9%   8.1    0s

Cutting planes:
  Cover: 192
  Implied bound: 148
  Clique: 11
  MIR: 116
  Inf proof: 74
  RLT: 21
  Relax-and-lift: 34
  BQP: 1
  PSD: 10

Explored 3276 nodes (37176 simplex iterations) in 0.86 seconds (0.70 work units)
Thread count was 1 (of 96 available processors)

Solution count 10: 31 31 32 ... 41

Optimal solution found (tolerance 1.00e-04)
Best objective 3.099999999680e+01, best bound 3.099999999680e+01, gap 0.0000%

Instance 10_2, formulation altered, reform bigm:
  Rect 0: x = 9.00, y = 13.00
  Rect 1: x = 18.00, y = 10.00
  Rect 2: x = 13.00, y = 13.00
  Rect 3: x = 4.00, y = 5.00
  Rect 4: x = 24.00, y = 14.00
  Rect 5: x = 0.00, y = 6.00
  Rect 6: x = 19.00, y = 14.00
  Rect 7: x = 0.00, y = 12.00
  Rect 8: x = 4.00, y = 12.00
  Rect 9: x = 2.00, y = 4.00
  → saved figures to strip_figures/10_2_altered_bigm.png and strip_figures/10_2_altered_bigm.pdf
Set parameter TokenServer to value "mooring.ecn.purdue.edu"
Read LP format model from file /tmp/tmp5gplw7b0.pyomo.lp
Reading time = 0.00 seconds
x922: 1856 rows, 922 columns, 4881 nonzeros
Set parameter TimeLimit to value 1800
Set parameter Threads to value 1
Gurobi Optimizer version 11.0.0 build v11.0.0rc2 (linux64 - "Oracle Linux Server 9.6")

CPU model: AMD EPYC 7643 48-Core Processor, instruction set [SSE2|AVX|AVX2]
Thread count: 48 physical cores, 96 logical processors, using up to 1 threads

Optimize a model with 1856 rows, 922 columns and 4881 nonzeros
Model fingerprint: 0x48866cad
Variable types: 742 continuous, 180 integer (180 binary)
Coefficient statistics:
  Matrix range     [1e+00, 5e+01]
  Objective range  [1e+00, 1e+00]
  Bounds range     [1e+00, 5e+01]
  RHS range        [1e+00, 1e+01]
Presolve removed 602 rows and 282 columns
Presolve time: 0.01s
Presolved: 1254 rows, 640 columns, 3284 nonzeros
Variable types: 523 continuous, 117 integer (117 binary)
Found heuristic solution: objective 52.0000000
Found heuristic solution: objective 44.0000000

Root relaxation: objective 1.800000e+01, 270 iterations, 0.00 seconds (0.00 work units)

    Nodes    |    Current Node    |     Objective Bounds      |     Work
 Expl Unexpl |  Obj  Depth IntInf | Incumbent    BestBd   Gap | It/Node Time

     0     0   18.00000    0   25   44.00000   18.00000  59.1%     -    0s
H    0     0                      43.0000000   18.00000  58.1%     -    0s
     0     0   18.00000    0   50   43.00000   18.00000  58.1%     -    0s
     0     0   18.00000    0   47   43.00000   18.00000  58.1%     -    0s
     0     0   18.00000    0   36   43.00000   18.00000  58.1%     -    0s
H    0     0                      41.0000000   18.69444  54.4%     -    0s
     0     0   18.69444    0   43   41.00000   18.69444  54.4%     -    0s
     0     0   18.69444    0   23   41.00000   18.69444  54.4%     -    0s
H    0     0                      39.0000000   18.69444  52.1%     -    0s
     0     0   18.69444    0   26   39.00000   18.69444  52.1%     -    0s
     0     0   18.69444    0   27   39.00000   18.69444  52.1%     -    0s
     0     0   18.69444    0   19   39.00000   18.69444  52.1%     -    0s
H    0     0                      38.0000000   18.69444  50.8%     -    0s
H    0     0                      34.0000000   18.69444  45.0%     -    0s
     0     2   18.69444    0   18   34.00000   18.69444  45.0%     -    0s
*   38    33              27      34.0000000   19.08696  43.9%  38.5    0s
*  119    54              30      32.0000000   19.25000  39.8%  30.4    0s
H  298   100                      31.0000000   23.00000  25.8%  27.9    0s
H  488   155                      31.0000000   27.00000  12.9%  27.2    0s

Cutting planes:
  Gomory: 1
  Cover: 137
  Implied bound: 375
  MIR: 36
  Flow cover: 142
  Inf proof: 5
  RLT: 46
  Relax-and-lift: 25
  BQP: 2

Explored 1906 nodes (47110 simplex iterations) in 1.50 seconds (1.34 work units)
Thread count was 1 (of 96 available processors)

Solution count 10: 31 31 32 ... 44

Optimal solution found (tolerance 1.00e-04)
Best objective 3.099999999680e+01, best bound 3.099999999680e+01, gap 0.0000%

Instance 10_2, formulation altered, reform hull:
  Rect 0: x = 22.00, y = 13.00
  Rect 1: x = 9.00, y = 10.00
  Rect 2: x = 26.00, y = 13.00
  Rect 3: x = 0.00, y = 12.00
  Rect 4: x = 14.00, y = 14.00
  Rect 5: x = 5.00, y = 11.00
  Rect 6: x = 9.00, y = 14.00
  Rect 7: x = 5.00, y = 5.00
  Rect 8: x = 0.00, y = 7.00
  Rect 9: x = 7.00, y = 14.00
  → saved figures to strip_figures/10_2_altered_hull.png and strip_figures/10_2_altered_hull.pdf
Set parameter TokenServer to value "mooring.ecn.purdue.edu"
Read LP format model from file /tmp/tmpq5hr0p9d.pyomo.lp
Reading time = 0.00 seconds
x202: 596 rows, 202 columns, 1461 nonzeros
Set parameter TimeLimit to value 1800
Set parameter Threads to value 1
Gurobi Optimizer version 11.0.0 build v11.0.0rc2 (linux64 - "Oracle Linux Server 9.6")

CPU model: AMD EPYC 7643 48-Core Processor, instruction set [SSE2|AVX|AVX2]
Thread count: 48 physical cores, 96 logical processors, using up to 1 threads

Optimize a model with 596 rows, 202 columns and 1461 nonzeros
Model fingerprint: 0x0131d87e
Variable types: 22 continuous, 180 integer (180 binary)
Coefficient statistics:
  Matrix range     [1e+00, 6e+01]
  Objective range  [1e+00, 1e+00]
  Bounds range     [1e+00, 5e+01]
  RHS range        [1e+00, 5e+01]
Presolve removed 424 rows and 66 columns
Presolve time: 0.00s
Presolved: 172 rows, 136 columns, 530 nonzeros
Variable types: 19 continuous, 117 integer (117 binary)
Found heuristic solution: objective 41.0000000

Root relaxation: objective 1.800000e+01, 65 iterations, 0.00 seconds (0.00 work units)

    Nodes    |    Current Node    |     Objective Bounds      |     Work
 Expl Unexpl |  Obj  Depth IntInf | Incumbent    BestBd   Gap | It/Node Time

     0     0   18.00000    0    8   41.00000   18.00000  56.1%     -    0s
H    0     0                      39.0000000   18.00000  53.8%     -    0s
H    0     0                      37.0000000   18.00000  51.4%     -    0s
     0     0   18.00000    0   18   37.00000   18.00000  51.4%     -    0s
H    0     0                      36.0000000   18.00000  50.0%     -    0s
H    0     0                      35.0000000   18.00000  48.6%     -    0s
     0     0   20.50000    0    6   35.00000   20.50000  41.4%     -    0s
H    0     0                      34.0000000   23.00000  32.4%     -    0s
     0     0   23.00000    0   12   34.00000   23.00000  32.4%     -    0s
     0     0   23.00000    0   12   34.00000   23.00000  32.4%     -    0s
     0     0   23.00000    0    9   34.00000   23.00000  32.4%     -    0s
H    0     0                      33.0000000   23.00000  30.3%     -    0s
     0     0   23.00000    0    8   33.00000   23.00000  30.3%     -    0s
     0     0   23.00000    0   10   33.00000   23.00000  30.3%     -    0s
     0     0   23.00000    0   15   33.00000   23.00000  30.3%     -    0s
H    0     0                      32.0000000   23.00000  28.1%     -    0s
     0     0   23.00000    0   14   32.00000   23.00000  28.1%     -    0s
     0     0   23.00000    0   29   32.00000   23.00000  28.1%     -    0s
     0     0   23.00000    0   29   32.00000   23.00000  28.1%     -    0s
     0     0   23.00000    0    7   32.00000   23.00000  28.1%     -    0s
     0     0   23.00000    0   21   32.00000   23.00000  28.1%     -    0s
     0     0   23.00000    0    7   32.00000   23.00000  28.1%     -    0s
H    0     0                      31.0000000   23.00000  25.8%     -    0s
     0     0   23.00000    0   14   31.00000   23.00000  25.8%     -    0s
     0     0   23.00000    0    6   31.00000   23.00000  25.8%     -    0s
     0     0   23.00000    0   16   31.00000   23.00000  25.8%     -    0s
     0     0   23.00000    0   12   31.00000   23.00000  25.8%     -    0s
     0     0   23.00000    0    8   31.00000   23.00000  25.8%     -    0s
     0     2   23.00000    0    8   31.00000   23.00000  25.8%     -    0s
H  993   203                      31.0000000   27.00000  12.9%   8.1    0s

Cutting planes:
  Cover: 192
  Implied bound: 148
  Clique: 11
  MIR: 116
  Inf proof: 74
  RLT: 21
  Relax-and-lift: 34
  BQP: 1
  PSD: 10

Explored 3276 nodes (37176 simplex iterations) in 0.86 seconds (0.70 work units)
Thread count was 1 (of 96 available processors)

Solution count 10: 31 31 32 ... 41

Optimal solution found (tolerance 1.00e-04)
Best objective 3.099999999680e+01, best bound 3.099999999680e+01, gap 0.0000%

Instance 10_2, formulation tres, reform bigm:
  Rect 0: x = 9.00, y = 13.00
  Rect 1: x = 18.00, y = 10.00
  Rect 2: x = 13.00, y = 13.00
  Rect 3: x = 4.00, y = 5.00
  Rect 4: x = 24.00, y = 14.00
  Rect 5: x = 0.00, y = 6.00
  Rect 6: x = 19.00, y = 14.00
  Rect 7: x = 0.00, y = 12.00
  Rect 8: x = 4.00, y = 12.00
  Rect 9: x = 2.00, y = 4.00
  → saved figures to strip_figures/10_2_tres_bigm.png and strip_figures/10_2_tres_bigm.pdf
Set parameter TokenServer to value "mooring.ecn.purdue.edu"
Read LP format model from file /tmp/tmpjn7natci.pyomo.lp
Reading time = 0.01 seconds
x922: 1856 rows, 922 columns, 4881 nonzeros
Set parameter TimeLimit to value 1800
Set parameter Threads to value 1
Gurobi Optimizer version 11.0.0 build v11.0.0rc2 (linux64 - "Oracle Linux Server 9.6")

CPU model: AMD EPYC 7643 48-Core Processor, instruction set [SSE2|AVX|AVX2]
Thread count: 48 physical cores, 96 logical processors, using up to 1 threads

Optimize a model with 1856 rows, 922 columns and 4881 nonzeros
Model fingerprint: 0x48866cad
Variable types: 742 continuous, 180 integer (180 binary)
Coefficient statistics:
  Matrix range     [1e+00, 5e+01]
  Objective range  [1e+00, 1e+00]
  Bounds range     [1e+00, 5e+01]
  RHS range        [1e+00, 1e+01]
Presolve removed 602 rows and 282 columns
Presolve time: 0.01s
Presolved: 1254 rows, 640 columns, 3284 nonzeros
Variable types: 523 continuous, 117 integer (117 binary)
Found heuristic solution: objective 52.0000000
Found heuristic solution: objective 44.0000000

Root relaxation: objective 1.800000e+01, 270 iterations, 0.00 seconds (0.00 work units)

    Nodes    |    Current Node    |     Objective Bounds      |     Work
 Expl Unexpl |  Obj  Depth IntInf | Incumbent    BestBd   Gap | It/Node Time

     0     0   18.00000    0   25   44.00000   18.00000  59.1%     -    0s
H    0     0                      43.0000000   18.00000  58.1%     -    0s
     0     0   18.00000    0   50   43.00000   18.00000  58.1%     -    0s
     0     0   18.00000    0   47   43.00000   18.00000  58.1%     -    0s
     0     0   18.00000    0   36   43.00000   18.00000  58.1%     -    0s
H    0     0                      41.0000000   18.69444  54.4%     -    0s
     0     0   18.69444    0   43   41.00000   18.69444  54.4%     -    0s
     0     0   18.69444    0   23   41.00000   18.69444  54.4%     -    0s
H    0     0                      39.0000000   18.69444  52.1%     -    0s
     0     0   18.69444    0   26   39.00000   18.69444  52.1%     -    0s
     0     0   18.69444    0   27   39.00000   18.69444  52.1%     -    0s
     0     0   18.69444    0   19   39.00000   18.69444  52.1%     -    0s
H    0     0                      38.0000000   18.69444  50.8%     -    0s
H    0     0                      34.0000000   18.69444  45.0%     -    0s
     0     2   18.69444    0   18   34.00000   18.69444  45.0%     -    0s
*   38    33              27      34.0000000   19.08696  43.9%  38.5    0s
*  119    54              30      32.0000000   19.25000  39.8%  30.4    0s
H  298   100                      31.0000000   23.00000  25.8%  27.9    0s
H  488   155                      31.0000000   27.00000  12.9%  27.2    0s

Cutting planes:
  Gomory: 1
  Cover: 137
  Implied bound: 375
  MIR: 36
  Flow cover: 142
  Inf proof: 5
  RLT: 46
  Relax-and-lift: 25
  BQP: 2

Explored 1906 nodes (47110 simplex iterations) in 1.49 seconds (1.34 work units)
Thread count was 1 (of 96 available processors)

Solution count 10: 31 31 32 ... 44

Optimal solution found (tolerance 1.00e-04)
Best objective 3.099999999680e+01, best bound 3.099999999680e+01, gap 0.0000%

Instance 10_2, formulation tres, reform hull:
  Rect 0: x = 22.00, y = 13.00
  Rect 1: x = 9.00, y = 10.00
  Rect 2: x = 26.00, y = 13.00
  Rect 3: x = 0.00, y = 12.00
  Rect 4: x = 14.00, y = 14.00
  Rect 5: x = 5.00, y = 11.00
  Rect 6: x = 9.00, y = 14.00
  Rect 7: x = 5.00, y = 5.00
  Rect 8: x = 0.00, y = 7.00
  Rect 9: x = 7.00, y = 14.00
  → saved figures to strip_figures/10_2_tres_hull.png and strip_figures/10_2_tres_hull.pdf
Set parameter TokenServer to value "mooring.ecn.purdue.edu"
Read LP format model from file /tmp/tmpl0m44lo3.pyomo.lp
Reading time = 0.00 seconds
x202: 236 rows, 202 columns, 1281 nonzeros
Set parameter TimeLimit to value 1800
Set parameter Threads to value 1
Gurobi Optimizer version 11.0.0 build v11.0.0rc2 (linux64 - "Oracle Linux Server 9.6")

CPU model: AMD EPYC 7643 48-Core Processor, instruction set [SSE2|AVX|AVX2]
Thread count: 48 physical cores, 96 logical processors, using up to 1 threads

Optimize a model with 236 rows, 202 columns and 1281 nonzeros
Model fingerprint: 0xfc25cbe4
Variable types: 22 continuous, 180 integer (180 binary)
Coefficient statistics:
  Matrix range     [1e+00, 5e+01]
  Objective range  [1e+00, 1e+00]
  Bounds range     [1e+00, 5e+01]
  RHS range        [1e+00, 1e+01]
Found heuristic solution: objective 39.0000000
Presolve removed 64 rows and 66 columns
Presolve time: 0.00s
Presolved: 172 rows, 136 columns, 704 nonzeros
Variable types: 19 continuous, 117 integer (117 binary)

Root relaxation: objective 1.800000e+01, 62 iterations, 0.00 seconds (0.00 work units)

    Nodes    |    Current Node    |     Objective Bounds      |     Work
 Expl Unexpl |  Obj  Depth IntInf | Incumbent    BestBd   Gap | It/Node Time

     0     0   18.00000    0   10   39.00000   18.00000  53.8%     -    0s
H    0     0                      34.0000000   18.00000  47.1%     -    0s
     0     0   18.00000    0   16   34.00000   18.00000  47.1%     -    0s
H    0     0                      33.0000000   18.00000  45.5%     -    0s
     0     0   18.00000    0   19   33.00000   18.00000  45.5%     -    0s
     0     0   19.26935    0   11   33.00000   19.26935  41.6%     -    0s
     0     0   20.65714    0   17   33.00000   20.65714  37.4%     -    0s
     0     0   20.65714    0   16   33.00000   20.65714  37.4%     -    0s
     0     0   20.65714    0   14   33.00000   20.65714  37.4%     -    0s
     0     0   20.65714    0    8   33.00000   20.65714  37.4%     -    0s
     0     0   20.65714    0   11   33.00000   20.65714  37.4%     -    0s
     0     0   20.69126    0   12   33.00000   20.69126  37.3%     -    0s
     0     0   20.91667    0   11   33.00000   20.91667  36.6%     -    0s
     0     0   20.91667    0   12   33.00000   20.91667  36.6%     -    0s
     0     0   23.00000    0   13   33.00000   23.00000  30.3%     -    0s
     0     0   23.00000    0    9   33.00000   23.00000  30.3%     -    0s
     0     0   23.00000    0   21   33.00000   23.00000  30.3%     -    0s
     0     0   23.00000    0   21   33.00000   23.00000  30.3%     -    0s
     0     0   23.00000    0    6   33.00000   23.00000  30.3%     -    0s
     0     0   23.00000    0    7   33.00000   23.00000  30.3%     -    0s
     0     0   23.00000    0    8   33.00000   23.00000  30.3%     -    0s
H    0     0                      31.0000000   23.00000  25.8%     -    0s
     0     0   23.00000    0    9   31.00000   23.00000  25.8%     -    0s
     0     0   23.00000    0    9   31.00000   23.00000  25.8%     -    0s
     0     0   23.00000    0    9   31.00000   23.00000  25.8%     -    0s
H    0     0                      31.0000000   23.00000  25.8%     -    0s
     0     2   23.00000    0    9   31.00000   23.00000  25.8%     -    0s
* 2792   102              25      30.9999992   27.00000  12.9%   6.4    0s
H 3402    15                      30.9999920   29.00000  6.45%   6.6    0s

Cutting planes:
  Gomory: 3
  Cover: 134
  Implied bound: 125
  Clique: 1
  MIR: 82
  StrongCG: 1
  GUB cover: 3
  Inf proof: 75
  RLT: 19
  Relax-and-lift: 11

Explored 3421 nodes (23549 simplex iterations) in 0.60 seconds (0.44 work units)
Thread count was 1 (of 96 available processors)

Solution count 6: 31 31 31 ... 39

Optimal solution found (tolerance 1.00e-04)
Warning: max constraint violation (7.9968e-06) exceeds tolerance
Best objective 3.099999200319e+01, best bound 3.099999200319e+01, gap 0.0000%

Instance 10_2, formulation reagg, reform MIP:
  Rect 0: x = 18.00, y = 13.00
  Rect 1: x = 5.00, y = 14.00
  Rect 2: x = 0.00, y = 13.00
  Rect 3: x = 22.00, y = 14.00
  Rect 4: x = 24.00, y = 2.00
  Rect 5: x = 22.00, y = 6.00
  Rect 6: x = 5.00, y = 4.00
  Rect 7: x = 27.00, y = 14.00
  Rect 8: x = 24.00, y = 9.00
  Rect 9: x = 29.00, y = 6.00
  → saved figures to strip_figures/10_2_reagg_MIP.png and strip_figures/10_2_reagg_MIP.pdf
Set parameter TokenServer to value "mooring.ecn.purdue.edu"
Read LP format model from file /tmp/tmpm49lj665.pyomo.lp
Reading time = 0.00 seconds
x202: 236 rows, 202 columns, 1281 nonzeros
Set parameter TimeLimit to value 1800
Set parameter Threads to value 1
Gurobi Optimizer version 11.0.0 build v11.0.0rc2 (linux64 - "Oracle Linux Server 9.6")

CPU model: AMD EPYC 7643 48-Core Processor, instruction set [SSE2|AVX|AVX2]
Thread count: 48 physical cores, 96 logical processors, using up to 1 threads

Optimize a model with 236 rows, 202 columns and 1281 nonzeros
Model fingerprint: 0x7ed4a9e0
Variable types: 22 continuous, 180 integer (180 binary)
Coefficient statistics:
  Matrix range     [1e+00, 5e+01]
  Objective range  [1e+00, 1e+00]
  Bounds range     [1e+00, 5e+01]
  RHS range        [1e+00, 1e+01]
Presolve removed 64 rows and 67 columns
Presolve time: 0.00s
Presolved: 172 rows, 135 columns, 677 nonzeros
Variable types: 19 continuous, 116 integer (116 binary)
Found heuristic solution: objective 45.0000000
Found heuristic solution: objective 42.0000000

Root relaxation: objective 1.800000e+01, 63 iterations, 0.00 seconds (0.00 work units)

    Nodes    |    Current Node    |     Objective Bounds      |     Work
 Expl Unexpl |  Obj  Depth IntInf | Incumbent    BestBd   Gap | It/Node Time

     0     0   18.00000    0   12   42.00000   18.00000  57.1%     -    0s
H    0     0                      41.0000000   18.00000  56.1%     -    0s
H    0     0                      39.0000000   18.00000  53.8%     -    0s
     0     0   18.16346    0   35   39.00000   18.16346  53.4%     -    0s
H    0     0                      38.0000000   18.78846  50.6%     -    0s
     0     0   18.78846    0   35   38.00000   18.78846  50.6%     -    0s
     0     0   20.32230    0   28   38.00000   20.32230  46.5%     -    0s
H    0     0                      34.0000000   21.00000  38.2%     -    0s
     0     0   21.00000    0   32   34.00000   21.00000  38.2%     -    0s
     0     0   21.00000    0   27   34.00000   21.00000  38.2%     -    0s
H    0     0                      33.0000000   21.00000  36.4%     -    0s
     0     0   21.00000    0   24   33.00000   21.00000  36.4%     -    0s
     0     0   22.50000    0   26   33.00000   22.50000  31.8%     -    0s
     0     0   23.00000    0   23   33.00000   23.00000  30.3%     -    0s
     0     0   23.00000    0   21   33.00000   23.00000  30.3%     -    0s
     0     0   23.00000    0   24   33.00000   23.00000  30.3%     -    0s
     0     0   23.00000    0   15   33.00000   23.00000  30.3%     -    0s
     0     0   23.00000    0   22   33.00000   23.00000  30.3%     -    0s
     0     0   23.00000    0   23   33.00000   23.00000  30.3%     -    0s
     0     0   23.00000    0   14   33.00000   23.00000  30.3%     -    0s
H    0     0                      31.0000000   23.00000  25.8%     -    0s
     0     0   23.00000    0   17   31.00000   23.00000  25.8%     -    0s
     0     0   23.00000    0    8   31.00000   23.00000  25.8%     -    0s
     0     0   23.00000    0   18   31.00000   23.00000  25.8%     -    0s
     0     0   23.00000    0   11   31.00000   23.00000  25.8%     -    0s
     0     0   23.00000    0   19   31.00000   23.00000  25.8%     -    0s
     0     0   23.00000    0    6   31.00000   23.00000  25.8%     -    0s
     0     0   23.00000    0   13   31.00000   23.00000  25.8%     -    0s
     0     0   23.00000    0    9   31.00000   23.00000  25.8%     -    0s
     0     0   23.00000    0    9   31.00000   23.00000  25.8%     -    0s
     0     2   23.00000    0    9   31.00000   23.00000  25.8%     -    0s
H 2665   117                      31.0000000   27.00000  12.9%   7.6    0s

Cutting planes:
  Gomory: 4
  Cover: 141
  Implied bound: 132
  Clique: 2
  MIR: 130
  StrongCG: 1
  Inf proof: 85
  RLT: 51
  Relax-and-lift: 15

Explored 3508 nodes (30657 simplex iterations) in 0.76 seconds (0.57 work units)
Thread count was 1 (of 96 available processors)

Solution count 9: 31 31 33 ... 45

Optimal solution found (tolerance 1.00e-04)
Best objective 3.099999999680e+01, best bound 3.099999999680e+01, gap 0.0000%

Instance 10_2, formulation reagg_tres, reform MIP:
  Rect 0: x = 14.00, y = 13.00
  Rect 1: x = 18.00, y = 10.00
  Rect 2: x = 4.00, y = 13.00
  Rect 3: x = 9.00, y = 12.00
  Rect 4: x = 18.00, y = 14.00
  Rect 5: x = 2.00, y = 14.00
  Rect 6: x = 25.00, y = 14.00
  Rect 7: x = 0.00, y = 8.00
  Rect 8: x = 9.00, y = 7.00
  Rect 9: x = 0.00, y = 14.00
  → saved figures to strip_figures/10_2_reagg_tres_MIP.png and strip_figures/10_2_reagg_tres_MIP.pdf
Set parameter TokenServer to value "mooring.ecn.purdue.edu"
Read LP format model from file /tmp/tmp9ctqlp82.pyomo.lp
Reading time = 0.00 seconds
x202: 596 rows, 202 columns, 1461 nonzeros
Set parameter TimeLimit to value 1800
Set parameter Threads to value 1
Gurobi Optimizer version 11.0.0 build v11.0.0rc2 (linux64 - "Oracle Linux Server 9.6")

CPU model: AMD EPYC 7643 48-Core Processor, instruction set [SSE2|AVX|AVX2]
Thread count: 48 physical cores, 96 logical processors, using up to 1 threads

Optimize a model with 596 rows, 202 columns and 1461 nonzeros
Model fingerprint: 0x71067ee5
Variable types: 22 continuous, 180 integer (180 binary)
Coefficient statistics:
  Matrix range     [1e+00, 1e+02]
  Objective range  [1e+00, 1e+00]
  Bounds range     [1e+00, 1e+02]
  RHS range        [1e+00, 1e+02]
Presolve removed 430 rows and 72 columns
Presolve time: 0.00s
Presolved: 166 rows, 130 columns, 506 nonzeros
Variable types: 19 continuous, 111 integer (111 binary)
Found heuristic solution: objective 97.0000000

Root relaxation: objective 3.500000e+01, 65 iterations, 0.00 seconds (0.00 work units)

    Nodes    |    Current Node    |     Objective Bounds      |     Work
 Expl Unexpl |  Obj  Depth IntInf | Incumbent    BestBd   Gap | It/Node Time

     0     0   35.00000    0   13   97.00000   35.00000  63.9%     -    0s
H    0     0                      81.0000000   35.00000  56.8%     -    0s
H    0     0                      80.0000000   35.00000  56.2%     -    0s
     0     0   35.00000    0   33   80.00000   35.00000  56.2%     -    0s
H    0     0                      77.0000000   35.00000  54.5%     -    0s
     0     0   35.00000    0   33   77.00000   35.00000  54.5%     -    0s
     0     0   37.85185    0   13   77.00000   37.85185  50.8%     -    0s
     0     0   40.05556    0   13   77.00000   40.05556  48.0%     -    0s
     0     0   45.05095    0   14   77.00000   45.05095  41.5%     -    0s
     0     0   45.06314    0   14   77.00000   45.06314  41.5%     -    0s
     0     0   45.20403    0   15   77.00000   45.20403  41.3%     -    0s
     0     0   45.20403    0   16   77.00000   45.20403  41.3%     -    0s
     0     0   45.20403    0   16   77.00000   45.20403  41.3%     -    0s
     0     0   45.20403    0   20   77.00000   45.20403  41.3%     -    0s
     0     0   45.23384    0   14   77.00000   45.23384  41.3%     -    0s
     0     0   45.24457    0   26   77.00000   45.24457  41.2%     -    0s
     0     0   45.26384    0   31   77.00000   45.26384  41.2%     -    0s
H    0     0                      76.0000000   45.26384  40.4%     -    0s
     0     0   45.26384    0   37   76.00000   45.26384  40.4%     -    0s
     0     0   45.29032    0   21   76.00000   45.29032  40.4%     -    0s
     0     0   45.29032    0   10   76.00000   45.29032  40.4%     -    0s
     0     2   45.50000    0    8   76.00000   45.50000  40.1%     -    0s

Cutting planes:
  Cover: 5
  Implied bound: 3
  Clique: 4
  MIR: 2
  Flow cover: 3
  RLT: 2
  Relax-and-lift: 1

Explored 3355 nodes (38602 simplex iterations) in 0.86 seconds (0.55 work units)
Thread count was 1 (of 96 available processors)

Solution count 5: 76 77 80 ... 97

Optimal solution found (tolerance 1.00e-04)
Best objective 7.600000000000e+01, best bound 7.600000000000e+01, gap 0.0000%

Instance 10_3, formulation altered, reform bigm:
  Rect 0: x = 41.00, y = 12.00
  Rect 1: x = 0.00, y = 4.00
  Rect 2: x = 0.00, y = 14.00
  Rect 3: x = 17.00, y = 14.00
  Rect 4: x = 58.00, y = 12.00
  Rect 5: x = 0.00, y = 10.00
  Rect 6: x = 33.00, y = 11.00
  Rect 7: x = 1.00, y = 12.00
  Rect 8: x = 21.00, y = 10.00
  Rect 9: x = 11.00, y = 4.00
  → saved figures to strip_figures/10_3_altered_bigm.png and strip_figures/10_3_altered_bigm.pdf
Set parameter TokenServer to value "mooring.ecn.purdue.edu"
Read LP format model from file /tmp/tmpa8buu01q.pyomo.lp
Reading time = 0.00 seconds
x922: 1856 rows, 922 columns, 4881 nonzeros
Set parameter TimeLimit to value 1800
Set parameter Threads to value 1
Gurobi Optimizer version 11.0.0 build v11.0.0rc2 (linux64 - "Oracle Linux Server 9.6")

CPU model: AMD EPYC 7643 48-Core Processor, instruction set [SSE2|AVX|AVX2]
Thread count: 48 physical cores, 96 logical processors, using up to 1 threads

Optimize a model with 1856 rows, 922 columns and 4881 nonzeros
Model fingerprint: 0x228bb515
Variable types: 742 continuous, 180 integer (180 binary)
Coefficient statistics:
  Matrix range     [1e+00, 1e+02]
  Objective range  [1e+00, 1e+00]
  Bounds range     [1e+00, 1e+02]
  RHS range        [1e+00, 2e+01]
Presolve removed 664 rows and 324 columns
Presolve time: 0.01s
Presolved: 1192 rows, 598 columns, 3132 nonzeros
Variable types: 487 continuous, 111 integer (111 binary)
Found heuristic solution: objective 116.0000000
Found heuristic solution: objective 106.0000000

Root relaxation: objective 3.500000e+01, 290 iterations, 0.00 seconds (0.00 work units)

    Nodes    |    Current Node    |     Objective Bounds      |     Work
 Expl Unexpl |  Obj  Depth IntInf | Incumbent    BestBd   Gap | It/Node Time

     0     0   35.00000    0   27  106.00000   35.00000  67.0%     -    0s
     0     0   35.00000    0   59  106.00000   35.00000  67.0%     -    0s
H    0     0                      97.0000000   35.00000  63.9%     -    0s
     0     0   35.00000    0   59   97.00000   35.00000  63.9%     -    0s
     0     0   35.00000    0   39   97.00000   35.00000  63.9%     -    0s
H    0     0                      93.0000000   35.87879  61.4%     -    0s
     0     0   35.87879    0   39   93.00000   35.87879  61.4%     -    0s
     0     0   35.87879    0   34   93.00000   35.87879  61.4%     -    0s
H    0     0                      87.0000000   38.40909  55.9%     -    0s
     0     0   38.40909    0   33   87.00000   38.40909  55.9%     -    0s
     0     0   38.40909    0   38   87.00000   38.40909  55.9%     -    0s
     0     0   38.40909    0   34   87.00000   38.40909  55.9%     -    0s
     0     0   38.40909    0   38   87.00000   38.40909  55.9%     -    0s
     0     0   38.40909    0   36   87.00000   38.40909  55.9%     -    0s
     0     0   38.40909    0   39   87.00000   38.40909  55.9%     -    0s
     0     0   38.40909    0   39   87.00000   38.40909  55.9%     -    0s
     0     0   38.40909    0   35   87.00000   38.40909  55.9%     -    0s
     0     0   38.40909    0   39   87.00000   38.40909  55.9%     -    0s
     0     0   38.40909    0   37   87.00000   38.40909  55.9%     -    0s
     0     0   38.40909    0   36   87.00000   38.40909  55.9%     -    0s
     0     0   38.40909    0   37   87.00000   38.40909  55.9%     -    0s
     0     0   38.40909    0   36   87.00000   38.40909  55.9%     -    0s
     0     0   38.40909    0   41   87.00000   38.40909  55.9%     -    0s
     0     0   38.40909    0   37   87.00000   38.40909  55.9%     -    0s
     0     0   38.40909    0   30   87.00000   38.40909  55.9%     -    0s
     0     0   38.40909    0   49   87.00000   38.40909  55.9%     -    0s
     0     0   38.40909    0   48   87.00000   38.40909  55.9%     -    0s
     0     0   38.40909    0   46   87.00000   38.40909  55.9%     -    0s
     0     0   38.40909    0   49   87.00000   38.40909  55.9%     -    0s
     0     0   38.40909    0   45   87.00000   38.40909  55.9%     -    0s
     0     0   38.40909    0   46   87.00000   38.40909  55.9%     -    0s
     0     0   38.40909    0   45   87.00000   38.40909  55.9%     -    0s
     0     0   38.40909    0   38   87.00000   38.40909  55.9%     -    0s
H    0     0                      83.0000000   38.40909  53.7%     -    0s
     0     0   38.40909    0   45   83.00000   38.40909  53.7%     -    0s
     0     0   38.40909    0   34   83.00000   38.40909  53.7%     -    0s
     0     0   38.40909    0   45   83.00000   38.40909  53.7%     -    0s
     0     0   38.40909    0   31   83.00000   38.40909  53.7%     -    0s
     0     0   38.40909    0   31   83.00000   38.40909  53.7%     -    0s
     0     2   38.40909    0   31   83.00000   38.40909  53.7%     -    0s
*   39    37              28      82.0000000   43.00000  47.6%  29.0    0s
*   89    72              37      79.0000000   43.00000  45.6%  21.0    0s
H  461   285                      79.0000000   55.80000  29.4%  17.4    0s
*  520   316              27      77.0000000   56.14286  27.1%  17.2    0s
*  772   382              28      76.0000000   63.00000  17.1%  15.5    0s
H 1869   254                      76.0000000   63.00000  17.1%  31.7    2s
  3731   187   71.00000   28   16   76.00000   71.00000  6.58%  37.9    5s

Explored 4113 nodes (168409 simplex iterations) in 5.68 seconds (4.67 work units)
Thread count was 1 (of 96 available processors)

Solution count 10: 76 76 77 ... 106

Optimal solution found (tolerance 1.00e-04)
Best objective 7.599999999230e+01, best bound 7.599999999230e+01, gap 0.0000%

Instance 10_3, formulation altered, reform hull:
  Rect 0: x = 33.00, y = 12.00
  Rect 1: x = 12.00, y = 4.00
  Rect 2: x = 68.00, y = 14.00
  Rect 3: x = 0.00, y = 14.00
  Rect 4: x = 58.00, y = 12.00
  Rect 5: x = 14.00, y = 10.00
  Rect 6: x = 50.00, y = 11.00
  Rect 7: x = 15.00, y = 12.00
  Rect 8: x = 0.00, y = 10.00
  Rect 9: x = 23.00, y = 4.00
  → saved figures to strip_figures/10_3_altered_hull.png and strip_figures/10_3_altered_hull.pdf
Set parameter TokenServer to value "mooring.ecn.purdue.edu"
Read LP format model from file /tmp/tmpylfi2jdg.pyomo.lp
Reading time = 0.00 seconds
x202: 596 rows, 202 columns, 1461 nonzeros
Set parameter TimeLimit to value 1800
Set parameter Threads to value 1
Gurobi Optimizer version 11.0.0 build v11.0.0rc2 (linux64 - "Oracle Linux Server 9.6")

CPU model: AMD EPYC 7643 48-Core Processor, instruction set [SSE2|AVX|AVX2]
Thread count: 48 physical cores, 96 logical processors, using up to 1 threads

Optimize a model with 596 rows, 202 columns and 1461 nonzeros
Model fingerprint: 0x71067ee5
Variable types: 22 continuous, 180 integer (180 binary)
Coefficient statistics:
  Matrix range     [1e+00, 1e+02]
  Objective range  [1e+00, 1e+00]
  Bounds range     [1e+00, 1e+02]
  RHS range        [1e+00, 1e+02]
Presolve removed 430 rows and 72 columns
Presolve time: 0.00s
Presolved: 166 rows, 130 columns, 506 nonzeros
Variable types: 19 continuous, 111 integer (111 binary)
Found heuristic solution: objective 97.0000000

Root relaxation: objective 3.500000e+01, 65 iterations, 0.00 seconds (0.00 work units)

    Nodes    |    Current Node    |     Objective Bounds      |     Work
 Expl Unexpl |  Obj  Depth IntInf | Incumbent    BestBd   Gap | It/Node Time

     0     0   35.00000    0   13   97.00000   35.00000  63.9%     -    0s
H    0     0                      81.0000000   35.00000  56.8%     -    0s
H    0     0                      80.0000000   35.00000  56.2%     -    0s
     0     0   35.00000    0   33   80.00000   35.00000  56.2%     -    0s
H    0     0                      77.0000000   35.00000  54.5%     -    0s
     0     0   35.00000    0   33   77.00000   35.00000  54.5%     -    0s
     0     0   37.85185    0   13   77.00000   37.85185  50.8%     -    0s
     0     0   40.05556    0   13   77.00000   40.05556  48.0%     -    0s
     0     0   45.05095    0   14   77.00000   45.05095  41.5%     -    0s
     0     0   45.06314    0   14   77.00000   45.06314  41.5%     -    0s
     0     0   45.20403    0   15   77.00000   45.20403  41.3%     -    0s
     0     0   45.20403    0   16   77.00000   45.20403  41.3%     -    0s
     0     0   45.20403    0   16   77.00000   45.20403  41.3%     -    0s
     0     0   45.20403    0   20   77.00000   45.20403  41.3%     -    0s
     0     0   45.23384    0   14   77.00000   45.23384  41.3%     -    0s
     0     0   45.24457    0   26   77.00000   45.24457  41.2%     -    0s
     0     0   45.26384    0   31   77.00000   45.26384  41.2%     -    0s
H    0     0                      76.0000000   45.26384  40.4%     -    0s
     0     0   45.26384    0   37   76.00000   45.26384  40.4%     -    0s
     0     0   45.29032    0   21   76.00000   45.29032  40.4%     -    0s
     0     0   45.29032    0   10   76.00000   45.29032  40.4%     -    0s
     0     2   45.50000    0    8   76.00000   45.50000  40.1%     -    0s

Cutting planes:
  Cover: 5
  Implied bound: 3
  Clique: 4
  MIR: 2
  Flow cover: 3
  RLT: 2
  Relax-and-lift: 1

Explored 3355 nodes (38602 simplex iterations) in 0.87 seconds (0.55 work units)
Thread count was 1 (of 96 available processors)

Solution count 5: 76 77 80 ... 97

Optimal solution found (tolerance 1.00e-04)
Best objective 7.600000000000e+01, best bound 7.600000000000e+01, gap 0.0000%

Instance 10_3, formulation tres, reform bigm:
  Rect 0: x = 41.00, y = 12.00
  Rect 1: x = 0.00, y = 4.00
  Rect 2: x = 0.00, y = 14.00
  Rect 3: x = 17.00, y = 14.00
  Rect 4: x = 58.00, y = 12.00
  Rect 5: x = 0.00, y = 10.00
  Rect 6: x = 33.00, y = 11.00
  Rect 7: x = 1.00, y = 12.00
  Rect 8: x = 21.00, y = 10.00
  Rect 9: x = 11.00, y = 4.00
  → saved figures to strip_figures/10_3_tres_bigm.png and strip_figures/10_3_tres_bigm.pdf
Set parameter TokenServer to value "mooring.ecn.purdue.edu"
Read LP format model from file /tmp/tmpgb23ng0x.pyomo.lp
Reading time = 0.00 seconds
x922: 1856 rows, 922 columns, 4881 nonzeros
Set parameter TimeLimit to value 1800
Set parameter Threads to value 1
Gurobi Optimizer version 11.0.0 build v11.0.0rc2 (linux64 - "Oracle Linux Server 9.6")

CPU model: AMD EPYC 7643 48-Core Processor, instruction set [SSE2|AVX|AVX2]
Thread count: 48 physical cores, 96 logical processors, using up to 1 threads

Optimize a model with 1856 rows, 922 columns and 4881 nonzeros
Model fingerprint: 0x228bb515
Variable types: 742 continuous, 180 integer (180 binary)
Coefficient statistics:
  Matrix range     [1e+00, 1e+02]
  Objective range  [1e+00, 1e+00]
  Bounds range     [1e+00, 1e+02]
  RHS range        [1e+00, 2e+01]
Presolve removed 664 rows and 324 columns
Presolve time: 0.01s
Presolved: 1192 rows, 598 columns, 3132 nonzeros
Variable types: 487 continuous, 111 integer (111 binary)
Found heuristic solution: objective 116.0000000
Found heuristic solution: objective 106.0000000

Root relaxation: objective 3.500000e+01, 290 iterations, 0.00 seconds (0.00 work units)

    Nodes    |    Current Node    |     Objective Bounds      |     Work
 Expl Unexpl |  Obj  Depth IntInf | Incumbent    BestBd   Gap | It/Node Time

     0     0   35.00000    0   27  106.00000   35.00000  67.0%     -    0s
     0     0   35.00000    0   59  106.00000   35.00000  67.0%     -    0s
H    0     0                      97.0000000   35.00000  63.9%     -    0s
     0     0   35.00000    0   59   97.00000   35.00000  63.9%     -    0s
     0     0   35.00000    0   39   97.00000   35.00000  63.9%     -    0s
H    0     0                      93.0000000   35.87879  61.4%     -    0s
     0     0   35.87879    0   39   93.00000   35.87879  61.4%     -    0s
     0     0   35.87879    0   34   93.00000   35.87879  61.4%     -    0s
H    0     0                      87.0000000   38.40909  55.9%     -    0s
     0     0   38.40909    0   33   87.00000   38.40909  55.9%     -    0s
     0     0   38.40909    0   38   87.00000   38.40909  55.9%     -    0s
     0     0   38.40909    0   34   87.00000   38.40909  55.9%     -    0s
     0     0   38.40909    0   38   87.00000   38.40909  55.9%     -    0s
     0     0   38.40909    0   36   87.00000   38.40909  55.9%     -    0s
     0     0   38.40909    0   39   87.00000   38.40909  55.9%     -    0s
     0     0   38.40909    0   39   87.00000   38.40909  55.9%     -    0s
     0     0   38.40909    0   35   87.00000   38.40909  55.9%     -    0s
     0     0   38.40909    0   39   87.00000   38.40909  55.9%     -    0s
     0     0   38.40909    0   37   87.00000   38.40909  55.9%     -    0s
     0     0   38.40909    0   36   87.00000   38.40909  55.9%     -    0s
     0     0   38.40909    0   37   87.00000   38.40909  55.9%     -    0s
     0     0   38.40909    0   36   87.00000   38.40909  55.9%     -    0s
     0     0   38.40909    0   41   87.00000   38.40909  55.9%     -    0s
     0     0   38.40909    0   37   87.00000   38.40909  55.9%     -    0s
     0     0   38.40909    0   30   87.00000   38.40909  55.9%     -    0s
     0     0   38.40909    0   49   87.00000   38.40909  55.9%     -    0s
     0     0   38.40909    0   48   87.00000   38.40909  55.9%     -    0s
     0     0   38.40909    0   46   87.00000   38.40909  55.9%     -    0s
     0     0   38.40909    0   49   87.00000   38.40909  55.9%     -    0s
     0     0   38.40909    0   45   87.00000   38.40909  55.9%     -    0s
     0     0   38.40909    0   46   87.00000   38.40909  55.9%     -    0s
     0     0   38.40909    0   45   87.00000   38.40909  55.9%     -    0s
     0     0   38.40909    0   38   87.00000   38.40909  55.9%     -    0s
H    0     0                      83.0000000   38.40909  53.7%     -    0s
     0     0   38.40909    0   45   83.00000   38.40909  53.7%     -    0s
     0     0   38.40909    0   34   83.00000   38.40909  53.7%     -    0s
     0     0   38.40909    0   45   83.00000   38.40909  53.7%     -    0s
     0     0   38.40909    0   31   83.00000   38.40909  53.7%     -    0s
     0     0   38.40909    0   31   83.00000   38.40909  53.7%     -    0s
     0     2   38.40909    0   31   83.00000   38.40909  53.7%     -    0s
*   39    37              28      82.0000000   43.00000  47.6%  29.0    0s
*   89    72              37      79.0000000   43.00000  45.6%  21.0    0s
H  461   285                      79.0000000   55.80000  29.4%  17.4    0s
*  520   316              27      77.0000000   56.14286  27.1%  17.2    0s
*  772   382              28      76.0000000   63.00000  17.1%  15.5    0s
H 1869   254                      76.0000000   63.00000  17.1%  31.7    2s
  3763   173   71.00000   27   24   76.00000   71.00000  6.58%  38.1    5s

Explored 4113 nodes (168409 simplex iterations) in 5.63 seconds (4.67 work units)
Thread count was 1 (of 96 available processors)

Solution count 10: 76 76 77 ... 106

Optimal solution found (tolerance 1.00e-04)
Best objective 7.599999999230e+01, best bound 7.599999999230e+01, gap 0.0000%

Instance 10_3, formulation tres, reform hull:
  Rect 0: x = 33.00, y = 12.00
  Rect 1: x = 12.00, y = 4.00
  Rect 2: x = 68.00, y = 14.00
  Rect 3: x = 0.00, y = 14.00
  Rect 4: x = 58.00, y = 12.00
  Rect 5: x = 14.00, y = 10.00
  Rect 6: x = 50.00, y = 11.00
  Rect 7: x = 15.00, y = 12.00
  Rect 8: x = 0.00, y = 10.00
  Rect 9: x = 23.00, y = 4.00
  → saved figures to strip_figures/10_3_tres_hull.png and strip_figures/10_3_tres_hull.pdf
Set parameter TokenServer to value "mooring.ecn.purdue.edu"
Read LP format model from file /tmp/tmpej7lbsmu.pyomo.lp
Reading time = 0.00 seconds
x202: 236 rows, 202 columns, 1281 nonzeros
Set parameter TimeLimit to value 1800
Set parameter Threads to value 1
Gurobi Optimizer version 11.0.0 build v11.0.0rc2 (linux64 - "Oracle Linux Server 9.6")

CPU model: AMD EPYC 7643 48-Core Processor, instruction set [SSE2|AVX|AVX2]
Thread count: 48 physical cores, 96 logical processors, using up to 1 threads

Optimize a model with 236 rows, 202 columns and 1281 nonzeros
Model fingerprint: 0xa17835f6
Variable types: 22 continuous, 180 integer (180 binary)
Coefficient statistics:
  Matrix range     [1e+00, 1e+02]
  Objective range  [1e+00, 1e+00]
  Bounds range     [1e+00, 1e+02]
  RHS range        [1e+00, 2e+01]
Presolve removed 70 rows and 72 columns
Presolve time: 0.00s
Presolved: 166 rows, 130 columns, 654 nonzeros
Variable types: 19 continuous, 111 integer (111 binary)
Found heuristic solution: objective 80.0000000

Root relaxation: objective 3.500000e+01, 63 iterations, 0.00 seconds (0.00 work units)

    Nodes    |    Current Node    |     Objective Bounds      |     Work
 Expl Unexpl |  Obj  Depth IntInf | Incumbent    BestBd   Gap | It/Node Time

     0     0   35.00000    0   14   80.00000   35.00000  56.2%     -    0s
H    0     0                      79.0000000   35.00000  55.7%     -    0s
     0     0   35.00000    0   28   79.00000   35.00000  55.7%     -    0s
     0     0   36.90741    0   28   79.00000   36.90741  53.3%     -    0s
     0     0   40.53082    0   13   79.00000   40.53082  48.7%     -    0s
     0     0   43.05332    0   13   79.00000   43.05332  45.5%     -    0s
     0     0   43.71928    0   25   79.00000   43.71928  44.7%     -    0s
     0     0   43.73034    0   25   79.00000   43.73034  44.6%     -    0s
     0     0   43.73034    0   25   79.00000   43.73034  44.6%     -    0s
     0     0   44.14444    0   22   79.00000   44.14444  44.1%     -    0s
     0     0   44.14444    0   24   79.00000   44.14444  44.1%     -    0s
     0     0   44.14444    0   23   79.00000   44.14444  44.1%     -    0s
     0     0   44.14444    0   19   79.00000   44.14444  44.1%     -    0s
     0     0   46.00000    0    8   79.00000   46.00000  41.8%     -    0s
     0     0   46.00000    0   12   79.00000   46.00000  41.8%     -    0s
     0     0   46.00000    0   10   79.00000   46.00000  41.8%     -    0s
     0     0   46.00000    0   18   79.00000   46.00000  41.8%     -    0s
     0     0   46.00000    0   10   79.00000   46.00000  41.8%     -    0s
     0     0   46.00000    0    7   79.00000   46.00000  41.8%     -    0s
     0     2   46.00000    0    7   79.00000   46.00000  41.8%     -    0s
H  147    85                      77.0000000   46.00000  40.3%   4.5    0s
*  530   185              31      76.0000000   54.00000  28.9%   5.8    0s
* 1540   290              23      76.0000000   58.00000  23.7%   7.0    0s

Cutting planes:
  Cover: 4
  Implied bound: 3
  Clique: 2
  Flow cover: 2
  Relax-and-lift: 2

Explored 3139 nodes (31269 simplex iterations) in 0.71 seconds (0.47 work units)
Thread count was 1 (of 96 available processors)

Solution count 5: 76 76 77 ... 80

Optimal solution found (tolerance 1.00e-04)
Best objective 7.599999999230e+01, best bound 7.599999999230e+01, gap 0.0000%

Instance 10_3, formulation reagg, reform MIP:
  Rect 0: x = 0.00, y = 12.00
  Rect 1: x = 27.00, y = 14.00
  Rect 2: x = 50.00, y = 14.00
  Rect 3: x = 35.00, y = 4.00
  Rect 4: x = 58.00, y = 12.00
  Rect 5: x = 34.00, y = 8.00
  Rect 6: x = 50.00, y = 12.00
  Rect 7: x = 18.00, y = 8.00
  Rect 8: x = 38.00, y = 14.00
  Rect 9: x = 17.00, y = 12.00
  → saved figures to strip_figures/10_3_reagg_MIP.png and strip_figures/10_3_reagg_MIP.pdf
Set parameter TokenServer to value "mooring.ecn.purdue.edu"
Read LP format model from file /tmp/tmpnz8a3ngz.pyomo.lp
Reading time = 0.00 seconds
x202: 236 rows, 202 columns, 1281 nonzeros
Set parameter TimeLimit to value 1800
Set parameter Threads to value 1
Gurobi Optimizer version 11.0.0 build v11.0.0rc2 (linux64 - "Oracle Linux Server 9.6")

CPU model: AMD EPYC 7643 48-Core Processor, instruction set [SSE2|AVX|AVX2]
Thread count: 48 physical cores, 96 logical processors, using up to 1 threads

Optimize a model with 236 rows, 202 columns and 1281 nonzeros
Model fingerprint: 0x1f6ff386
Variable types: 22 continuous, 180 integer (180 binary)
Coefficient statistics:
  Matrix range     [1e+00, 1e+02]
  Objective range  [1e+00, 1e+00]
  Bounds range     [1e+00, 1e+02]
  RHS range        [1e+00, 2e+01]
Found heuristic solution: objective 84.0000000
Presolve removed 70 rows and 73 columns
Presolve time: 0.00s
Presolved: 166 rows, 129 columns, 630 nonzeros
Variable types: 19 continuous, 110 integer (110 binary)

Root relaxation: objective 3.500000e+01, 59 iterations, 0.00 seconds (0.00 work units)

    Nodes    |    Current Node    |     Objective Bounds      |     Work
 Expl Unexpl |  Obj  Depth IntInf | Incumbent    BestBd   Gap | It/Node Time

     0     0   35.00000    0   10   84.00000   35.00000  58.3%     -    0s
     0     0   35.00000    0   29   84.00000   35.00000  58.3%     -    0s
H    0     0                      82.0000000   35.00000  57.3%     -    0s
     0     0   35.00000    0   29   82.00000   35.00000  57.3%     -    0s
     0     0   35.00000    0   20   82.00000   35.00000  57.3%     -    0s
     0     0   38.25907    0   20   82.00000   38.25907  53.3%     -    0s
     0     0   38.39640    0   22   82.00000   38.39640  53.2%     -    0s
     0     0   45.06139    0   15   82.00000   45.06139  45.0%     -    0s
     0     0   45.09816    0   14   82.00000   45.09816  45.0%     -    0s
     0     0   45.09816    0   18   82.00000   45.09816  45.0%     -    0s
H    0     0                      81.0000000   45.09816  44.3%     -    0s
     0     0   45.09964    0   18   81.00000   45.09964  44.3%     -    0s
     0     0   45.09964    0   18   81.00000   45.09964  44.3%     -    0s
     0     0   45.11579    0   19   81.00000   45.11579  44.3%     -    0s
     0     0   45.17419    0   19   81.00000   45.17419  44.2%     -    0s
     0     0   45.17419    0   30   81.00000   45.17419  44.2%     -    0s
     0     0   45.17419    0   24   81.00000   45.17419  44.2%     -    0s
     0     0   45.18000    0   22   81.00000   45.18000  44.2%     -    0s
     0     0   45.18000    0   27   81.00000   45.18000  44.2%     -    0s
     0     0   45.18000    0   18   81.00000   45.18000  44.2%     -    0s
     0     0   45.18000    0   18   81.00000   45.18000  44.2%     -    0s
     0     0   45.18000    0   15   81.00000   45.18000  44.2%     -    0s
     0     0   45.18000    0   14   81.00000   45.18000  44.2%     -    0s
     0     0   45.18000    0   15   81.00000   45.18000  44.2%     -    0s
     0     0   45.18000    0   24   81.00000   45.18000  44.2%     -    0s
     0     0   45.18000    0   17   81.00000   45.18000  44.2%     -    0s
     0     0   45.18000    0   11   81.00000   45.18000  44.2%     -    0s
     0     2   45.50000    0   11   81.00000   45.50000  43.8%     -    0s
*  129    78              26      76.0000000   46.00000  39.5%   7.0    0s
H  516   216                      76.0000000   54.00000  28.9%   7.0    0s

Cutting planes:
  Gomory: 2
  Implied bound: 1
  Flow cover: 4
  Inf proof: 1

Explored 3510 nodes (31427 simplex iterations) in 0.95 seconds (0.63 work units)
Thread count was 1 (of 96 available processors)

Solution count 4: 76 81 82 84 

Optimal solution found (tolerance 1.00e-04)
Best objective 7.599999999230e+01, best bound 7.599999999230e+01, gap 0.0000%

Instance 10_3, formulation reagg_tres, reform MIP:
  Rect 0: x = 0.00, y = 12.00
  Rect 1: x = 65.00, y = 6.00
  Rect 2: x = 55.00, y = 6.00
  Rect 3: x = 43.00, y = 14.00
  Rect 4: x = 25.00, y = 12.00
  Rect 5: x = 75.00, y = 14.00
  Rect 6: x = 17.00, y = 11.00
  Rect 7: x = 59.00, y = 14.00
  Rect 8: x = 43.00, y = 10.00
  Rect 9: x = 55.00, y = 4.00
  → saved figures to strip_figures/10_3_reagg_tres_MIP.png and strip_figures/10_3_reagg_tres_MIP.pdf
Set parameter TokenServer to value "mooring.ecn.purdue.edu"
Read LP format model from file /tmp/tmpvv4v74or.pyomo.lp
Reading time = 0.00 seconds
x202: 596 rows, 202 columns, 1461 nonzeros
Set parameter TimeLimit to value 1800
Set parameter Threads to value 1
Gurobi Optimizer version 11.0.0 build v11.0.0rc2 (linux64 - "Oracle Linux Server 9.6")

CPU model: AMD EPYC 7643 48-Core Processor, instruction set [SSE2|AVX|AVX2]
Thread count: 48 physical cores, 96 logical processors, using up to 1 threads

Optimize a model with 596 rows, 202 columns and 1461 nonzeros
Model fingerprint: 0xd8425f81
Variable types: 22 continuous, 180 integer (180 binary)
Coefficient statistics:
  Matrix range     [1e+00, 1e+02]
  Objective range  [1e+00, 1e+00]
  Bounds range     [1e+00, 1e+02]
  RHS range        [1e+00, 1e+02]
Found heuristic solution: objective 76.0000000
Presolve removed 424 rows and 64 columns
Presolve time: 0.00s
Presolved: 172 rows, 138 columns, 530 nonzeros
Variable types: 21 continuous, 117 integer (117 binary)

Root relaxation: objective 3.200000e+01, 69 iterations, 0.00 seconds (0.00 work units)

    Nodes    |    Current Node    |     Objective Bounds      |     Work
 Expl Unexpl |  Obj  Depth IntInf | Incumbent    BestBd   Gap | It/Node Time

     0     0   32.00000    0   10   76.00000   32.00000  57.9%     -    0s
H    0     0                      67.0000000   32.00000  52.2%     -    0s
H    0     0                      66.0000000   32.00000  51.5%     -    0s
     0     0   33.47114    0   43   66.00000   33.47114  49.3%     -    0s
     0     0   37.23556    0   43   66.00000   37.23556  43.6%     -    0s
     0     0   37.23556    0   46   66.00000   37.23556  43.6%     -    0s
     0     0   38.67780    0   54   66.00000   38.67780  41.4%     -    0s
     0     0   38.67780    0   54   66.00000   38.67780  41.4%     -    0s
     0     0   39.00947    0   57   66.00000   39.00947  40.9%     -    0s
     0     0   39.31647    0   45   66.00000   39.31647  40.4%     -    0s
     0     0   39.31647    0   47   66.00000   39.31647  40.4%     -    0s
     0     0   39.31647    0   49   66.00000   39.31647  40.4%     -    0s
     0     0   39.36653    0   49   66.00000   39.36653  40.4%     -    0s
     0     0   39.61101    0   55   66.00000   39.61101  40.0%     -    0s
     0     0   39.61101    0   50   66.00000   39.61101  40.0%     -    0s
     0     0   39.61101    0   56   66.00000   39.61101  40.0%     -    0s
     0     0   39.61101    0   59   66.00000   39.61101  40.0%     -    0s
     0     0   39.61101    0   38   66.00000   39.61101  40.0%     -    0s
H    0     0                      63.0000000   39.68518  37.0%     -    0s
     0     0   39.69181    0   35   63.00000   39.69181  37.0%     -    0s
     0     0   39.71216    0   60   63.00000   39.71216  37.0%     -    0s
     0     0   39.72705    0   61   63.00000   39.72705  36.9%     -    0s
     0     0   39.72799    0   60   63.00000   39.72799  36.9%     -    0s
     0     0   39.75622    0   61   63.00000   39.75622  36.9%     -    0s
     0     0   39.86273    0   58   63.00000   39.86273  36.7%     -    0s
     0     0   39.96240    0   57   63.00000   39.96240  36.6%     -    0s
     0     0   39.96240    0   57   63.00000   39.96240  36.6%     -    0s
     0     0   40.01696    0   57   63.00000   40.01696  36.5%     -    0s
     0     0   40.02313    0   62   63.00000   40.02313  36.5%     -    0s
     0     0   40.02342    0   59   63.00000   40.02342  36.5%     -    0s
     0     0   40.02422    0   56   63.00000   40.02422  36.5%     -    0s
     0     0   40.02966    0   57   63.00000   40.02966  36.5%     -    0s
     0     0   40.03153    0   59   63.00000   40.03153  36.5%     -    0s
     0     0   40.03196    0   47   63.00000   40.03196  36.5%     -    0s
     0     0   40.03300    0   62   63.00000   40.03300  36.5%     -    0s
     0     0   40.05368    0   58   63.00000   40.05368  36.4%     -    0s
     0     0   40.05368    0   22   63.00000   40.05368  36.4%     -    0s
     0     2   40.24874    0   17   63.00000   40.24874  36.1%     -    0s

Cutting planes:
  Learned: 1
  Gomory: 21
  Cover: 213
  Implied bound: 166
  Clique: 23
  MIR: 152
  StrongCG: 2
  Inf proof: 98
  Zero half: 2
  RLT: 51
  Relax-and-lift: 22
  BQP: 9
  PSD: 9

Explored 8341 nodes (87202 simplex iterations) in 2.05 seconds (1.76 work units)
Thread count was 1 (of 96 available processors)

Solution count 4: 63 66 67 76 

Optimal solution found (tolerance 1.00e-04)
Best objective 6.300000000000e+01, best bound 6.300000000000e+01, gap 0.0000%

Instance 10_4, formulation altered, reform bigm:
  Rect 0: x = 0.00, y = 8.00
  Rect 1: x = 13.00, y = 3.00
  Rect 2: x = 13.00, y = 13.00
  Rect 3: x = 56.00, y = 12.00
  Rect 4: x = 25.00, y = 14.00
  Rect 5: x = 47.00, y = 13.00
  Rect 6: x = 47.00, y = 5.00
  Rect 7: x = 0.00, y = 14.00
  Rect 8: x = 31.00, y = 14.00
  Rect 9: x = 21.00, y = 2.00
  → saved figures to strip_figures/10_4_altered_bigm.png and strip_figures/10_4_altered_bigm.pdf
Set parameter TokenServer to value "mooring.ecn.purdue.edu"
Read LP format model from file /tmp/tmprimr3etj.pyomo.lp
Reading time = 0.00 seconds
x922: 1856 rows, 922 columns, 4881 nonzeros
Set parameter TimeLimit to value 1800
Set parameter Threads to value 1
Gurobi Optimizer version 11.0.0 build v11.0.0rc2 (linux64 - "Oracle Linux Server 9.6")

CPU model: AMD EPYC 7643 48-Core Processor, instruction set [SSE2|AVX|AVX2]
Thread count: 48 physical cores, 96 logical processors, using up to 1 threads

Optimize a model with 1856 rows, 922 columns and 4881 nonzeros
Model fingerprint: 0x0ec2e11c
Variable types: 742 continuous, 180 integer (180 binary)
Coefficient statistics:
  Matrix range     [1e+00, 1e+02]
  Objective range  [1e+00, 1e+00]
  Bounds range     [1e+00, 1e+02]
  RHS range        [1e+00, 2e+01]
Presolve removed 618 rows and 290 columns
Presolve time: 0.01s
Presolved: 1238 rows, 632 columns, 3248 nonzeros
Variable types: 515 continuous, 117 integer (117 binary)
Found heuristic solution: objective 106.0000000
Found heuristic solution: objective 84.0000000

Root relaxation: objective 3.200000e+01, 303 iterations, 0.00 seconds (0.00 work units)

    Nodes    |    Current Node    |     Objective Bounds      |     Work
 Expl Unexpl |  Obj  Depth IntInf | Incumbent    BestBd   Gap | It/Node Time

     0     0   32.00000    0   29   84.00000   32.00000  61.9%     -    0s
     0     0   32.00000    0   50   84.00000   32.00000  61.9%     -    0s
H    0     0                      81.0000000   32.00000  60.5%     -    0s
     0     0   32.00000    0   40   81.00000   32.00000  60.5%     -    0s
     0     0   32.03539    0   32   81.00000   32.03539  60.5%     -    0s
H    0     0                      80.0000000   32.17053  59.8%     -    0s
     0     0   32.60223    0   33   80.00000   32.60223  59.2%     -    0s
     0     0   32.93103    0   38   80.00000   32.93103  58.8%     -    0s
H    0     0                      76.0000000   33.97802  55.3%     -    0s
     0     0   33.97802    0   36   76.00000   33.97802  55.3%     -    0s
     0     0   33.97802    0   35   76.00000   33.97802  55.3%     -    0s
     0     0   33.97802    0   32   76.00000   33.97802  55.3%     -    0s
     0     0   33.97802    0   33   76.00000   33.97802  55.3%     -    0s
     0     0   33.97802    0   48   76.00000   33.97802  55.3%     -    0s
H    0     0                      72.0000000   33.97802  52.8%     -    0s
     0     0   33.97802    0   48   72.00000   33.97802  52.8%     -    0s
     0     0   33.97802    0   27   72.00000   33.97802  52.8%     -    0s
     0     0   33.97802    0   26   72.00000   33.97802  52.8%     -    0s
     0     0   33.97802    0   28   72.00000   33.97802  52.8%     -    0s
     0     0   33.97802    0   34   72.00000   33.97802  52.8%     -    0s
     0     0   33.97802    0   35   72.00000   33.97802  52.8%     -    0s
     0     0   33.97802    0   30   72.00000   33.97802  52.8%     -    0s
H    0     0                      64.0000000   33.97802  46.9%     -    0s
     0     2   33.97802    0   30   64.00000   33.97802  46.9%     -    0s
H   27    26                      63.0000000   35.60000  43.5%  30.0    0s
H 1133   269                      63.0000000   50.00000  20.6%  24.7    0s

Cutting planes:
  Gomory: 3
  Cover: 180
  Implied bound: 376
  Clique: 3
  MIR: 74
  Flow cover: 167
  Inf proof: 14
  Network: 3
  RLT: 111
  Relax-and-lift: 31
  BQP: 2
  PSD: 2

Explored 3303 nodes (78538 simplex iterations) in 2.24 seconds (2.01 work units)
Thread count was 1 (of 96 available processors)

Solution count 9: 63 63 64 ... 106

Optimal solution found (tolerance 1.00e-04)
Best objective 6.299999999360e+01, best bound 6.299999999360e+01, gap 0.0000%

Instance 10_4, formulation altered, reform hull:
  Rect 0: x = 44.00, y = 8.00
  Rect 1: x = 0.00, y = 3.00
  Rect 2: x = 16.00, y = 13.00
  Rect 3: x = 37.00, y = 7.00
  Rect 4: x = 57.00, y = 14.00
  Rect 5: x = 28.00, y = 8.00
  Rect 6: x = 41.00, y = 13.00
  Rect 7: x = 28.00, y = 14.00
  Rect 8: x = 0.00, y = 14.00
  Rect 9: x = 8.00, y = 2.00
  → saved figures to strip_figures/10_4_altered_hull.png and strip_figures/10_4_altered_hull.pdf
Set parameter TokenServer to value "mooring.ecn.purdue.edu"
Read LP format model from file /tmp/tmp2cxe2pvs.pyomo.lp
Reading time = 0.00 seconds
x202: 596 rows, 202 columns, 1461 nonzeros
Set parameter TimeLimit to value 1800
Set parameter Threads to value 1
Gurobi Optimizer version 11.0.0 build v11.0.0rc2 (linux64 - "Oracle Linux Server 9.6")

CPU model: AMD EPYC 7643 48-Core Processor, instruction set [SSE2|AVX|AVX2]
Thread count: 48 physical cores, 96 logical processors, using up to 1 threads

Optimize a model with 596 rows, 202 columns and 1461 nonzeros
Model fingerprint: 0xd8425f81
Variable types: 22 continuous, 180 integer (180 binary)
Coefficient statistics:
  Matrix range     [1e+00, 1e+02]
  Objective range  [1e+00, 1e+00]
  Bounds range     [1e+00, 1e+02]
  RHS range        [1e+00, 1e+02]
Found heuristic solution: objective 76.0000000
Presolve removed 424 rows and 64 columns
Presolve time: 0.00s
Presolved: 172 rows, 138 columns, 530 nonzeros
Variable types: 21 continuous, 117 integer (117 binary)

Root relaxation: objective 3.200000e+01, 69 iterations, 0.00 seconds (0.00 work units)

    Nodes    |    Current Node    |     Objective Bounds      |     Work
 Expl Unexpl |  Obj  Depth IntInf | Incumbent    BestBd   Gap | It/Node Time

     0     0   32.00000    0   10   76.00000   32.00000  57.9%     -    0s
H    0     0                      67.0000000   32.00000  52.2%     -    0s
H    0     0                      66.0000000   32.00000  51.5%     -    0s
     0     0   33.47114    0   43   66.00000   33.47114  49.3%     -    0s
     0     0   37.23556    0   43   66.00000   37.23556  43.6%     -    0s
     0     0   37.23556    0   46   66.00000   37.23556  43.6%     -    0s
     0     0   38.67780    0   54   66.00000   38.67780  41.4%     -    0s
     0     0   38.67780    0   54   66.00000   38.67780  41.4%     -    0s
     0     0   39.00947    0   57   66.00000   39.00947  40.9%     -    0s
     0     0   39.31647    0   45   66.00000   39.31647  40.4%     -    0s
     0     0   39.31647    0   47   66.00000   39.31647  40.4%     -    0s
     0     0   39.31647    0   49   66.00000   39.31647  40.4%     -    0s
     0     0   39.36653    0   49   66.00000   39.36653  40.4%     -    0s
     0     0   39.61101    0   55   66.00000   39.61101  40.0%     -    0s
     0     0   39.61101    0   50   66.00000   39.61101  40.0%     -    0s
     0     0   39.61101    0   56   66.00000   39.61101  40.0%     -    0s
     0     0   39.61101    0   59   66.00000   39.61101  40.0%     -    0s
     0     0   39.61101    0   38   66.00000   39.61101  40.0%     -    0s
H    0     0                      63.0000000   39.68518  37.0%     -    0s
     0     0   39.69181    0   35   63.00000   39.69181  37.0%     -    0s
     0     0   39.71216    0   60   63.00000   39.71216  37.0%     -    0s
     0     0   39.72705    0   61   63.00000   39.72705  36.9%     -    0s
     0     0   39.72799    0   60   63.00000   39.72799  36.9%     -    0s
     0     0   39.75622    0   61   63.00000   39.75622  36.9%     -    0s
     0     0   39.86273    0   58   63.00000   39.86273  36.7%     -    0s
     0     0   39.96240    0   57   63.00000   39.96240  36.6%     -    0s
     0     0   39.96240    0   57   63.00000   39.96240  36.6%     -    0s
     0     0   40.01696    0   57   63.00000   40.01696  36.5%     -    0s
     0     0   40.02313    0   62   63.00000   40.02313  36.5%     -    0s
     0     0   40.02342    0   59   63.00000   40.02342  36.5%     -    0s
     0     0   40.02422    0   56   63.00000   40.02422  36.5%     -    0s
     0     0   40.02966    0   57   63.00000   40.02966  36.5%     -    0s
     0     0   40.03153    0   59   63.00000   40.03153  36.5%     -    0s
     0     0   40.03196    0   47   63.00000   40.03196  36.5%     -    0s
     0     0   40.03300    0   62   63.00000   40.03300  36.5%     -    0s
     0     0   40.05368    0   58   63.00000   40.05368  36.4%     -    0s
     0     0   40.05368    0   22   63.00000   40.05368  36.4%     -    0s
     0     2   40.24874    0   17   63.00000   40.24874  36.1%     -    0s

Cutting planes:
  Learned: 1
  Gomory: 21
  Cover: 213
  Implied bound: 166
  Clique: 23
  MIR: 152
  StrongCG: 2
  Inf proof: 98
  Zero half: 2
  RLT: 51
  Relax-and-lift: 22
  BQP: 9
  PSD: 9

Explored 8341 nodes (87202 simplex iterations) in 2.06 seconds (1.76 work units)
Thread count was 1 (of 96 available processors)

Solution count 4: 63 66 67 76 

Optimal solution found (tolerance 1.00e-04)
Best objective 6.300000000000e+01, best bound 6.300000000000e+01, gap 0.0000%

Instance 10_4, formulation tres, reform bigm:
  Rect 0: x = 0.00, y = 8.00
  Rect 1: x = 13.00, y = 3.00
  Rect 2: x = 13.00, y = 13.00
  Rect 3: x = 56.00, y = 12.00
  Rect 4: x = 25.00, y = 14.00
  Rect 5: x = 47.00, y = 13.00
  Rect 6: x = 47.00, y = 5.00
  Rect 7: x = 0.00, y = 14.00
  Rect 8: x = 31.00, y = 14.00
  Rect 9: x = 21.00, y = 2.00
  → saved figures to strip_figures/10_4_tres_bigm.png and strip_figures/10_4_tres_bigm.pdf
Set parameter TokenServer to value "mooring.ecn.purdue.edu"
Read LP format model from file /tmp/tmplmgckhey.pyomo.lp
Reading time = 0.00 seconds
x922: 1856 rows, 922 columns, 4881 nonzeros
Set parameter TimeLimit to value 1800
Set parameter Threads to value 1
Gurobi Optimizer version 11.0.0 build v11.0.0rc2 (linux64 - "Oracle Linux Server 9.6")

CPU model: AMD EPYC 7643 48-Core Processor, instruction set [SSE2|AVX|AVX2]
Thread count: 48 physical cores, 96 logical processors, using up to 1 threads

Optimize a model with 1856 rows, 922 columns and 4881 nonzeros
Model fingerprint: 0x0ec2e11c
Variable types: 742 continuous, 180 integer (180 binary)
Coefficient statistics:
  Matrix range     [1e+00, 1e+02]
  Objective range  [1e+00, 1e+00]
  Bounds range     [1e+00, 1e+02]
  RHS range        [1e+00, 2e+01]
Presolve removed 618 rows and 290 columns
Presolve time: 0.01s
Presolved: 1238 rows, 632 columns, 3248 nonzeros
Variable types: 515 continuous, 117 integer (117 binary)
Found heuristic solution: objective 106.0000000
Found heuristic solution: objective 84.0000000

Root relaxation: objective 3.200000e+01, 303 iterations, 0.00 seconds (0.00 work units)

    Nodes    |    Current Node    |     Objective Bounds      |     Work
 Expl Unexpl |  Obj  Depth IntInf | Incumbent    BestBd   Gap | It/Node Time

     0     0   32.00000    0   29   84.00000   32.00000  61.9%     -    0s
     0     0   32.00000    0   50   84.00000   32.00000  61.9%     -    0s
H    0     0                      81.0000000   32.00000  60.5%     -    0s
     0     0   32.00000    0   40   81.00000   32.00000  60.5%     -    0s
     0     0   32.03539    0   32   81.00000   32.03539  60.5%     -    0s
H    0     0                      80.0000000   32.17053  59.8%     -    0s
     0     0   32.60223    0   33   80.00000   32.60223  59.2%     -    0s
     0     0   32.93103    0   38   80.00000   32.93103  58.8%     -    0s
H    0     0                      76.0000000   33.97802  55.3%     -    0s
     0     0   33.97802    0   36   76.00000   33.97802  55.3%     -    0s
     0     0   33.97802    0   35   76.00000   33.97802  55.3%     -    0s
     0     0   33.97802    0   32   76.00000   33.97802  55.3%     -    0s
     0     0   33.97802    0   33   76.00000   33.97802  55.3%     -    0s
     0     0   33.97802    0   48   76.00000   33.97802  55.3%     -    0s
H    0     0                      72.0000000   33.97802  52.8%     -    0s
     0     0   33.97802    0   48   72.00000   33.97802  52.8%     -    0s
     0     0   33.97802    0   27   72.00000   33.97802  52.8%     -    0s
     0     0   33.97802    0   26   72.00000   33.97802  52.8%     -    0s
     0     0   33.97802    0   28   72.00000   33.97802  52.8%     -    0s
     0     0   33.97802    0   34   72.00000   33.97802  52.8%     -    0s
     0     0   33.97802    0   35   72.00000   33.97802  52.8%     -    0s
     0     0   33.97802    0   30   72.00000   33.97802  52.8%     -    0s
H    0     0                      64.0000000   33.97802  46.9%     -    0s
     0     2   33.97802    0   30   64.00000   33.97802  46.9%     -    0s
H   27    26                      63.0000000   35.60000  43.5%  30.0    0s
H 1133   269                      63.0000000   50.00000  20.6%  24.7    0s

Cutting planes:
  Gomory: 3
  Cover: 180
  Implied bound: 376
  Clique: 3
  MIR: 74
  Flow cover: 167
  Inf proof: 14
  Network: 3
  RLT: 111
  Relax-and-lift: 31
  BQP: 2
  PSD: 2

Explored 3303 nodes (78538 simplex iterations) in 2.24 seconds (2.01 work units)
Thread count was 1 (of 96 available processors)

Solution count 9: 63 63 64 ... 106

Optimal solution found (tolerance 1.00e-04)
Best objective 6.299999999360e+01, best bound 6.299999999360e+01, gap 0.0000%

Instance 10_4, formulation tres, reform hull:
  Rect 0: x = 44.00, y = 8.00
  Rect 1: x = 0.00, y = 3.00
  Rect 2: x = 16.00, y = 13.00
  Rect 3: x = 37.00, y = 7.00
  Rect 4: x = 57.00, y = 14.00
  Rect 5: x = 28.00, y = 8.00
  Rect 6: x = 41.00, y = 13.00
  Rect 7: x = 28.00, y = 14.00
  Rect 8: x = 0.00, y = 14.00
  Rect 9: x = 8.00, y = 2.00
  → saved figures to strip_figures/10_4_tres_hull.png and strip_figures/10_4_tres_hull.pdf
Set parameter TokenServer to value "mooring.ecn.purdue.edu"
Read LP format model from file /tmp/tmp25d5gt3w.pyomo.lp
Reading time = 0.00 seconds
x202: 236 rows, 202 columns, 1281 nonzeros
Set parameter TimeLimit to value 1800
Set parameter Threads to value 1
Gurobi Optimizer version 11.0.0 build v11.0.0rc2 (linux64 - "Oracle Linux Server 9.6")

CPU model: AMD EPYC 7643 48-Core Processor, instruction set [SSE2|AVX|AVX2]
Thread count: 48 physical cores, 96 logical processors, using up to 1 threads

Optimize a model with 236 rows, 202 columns and 1281 nonzeros
Model fingerprint: 0xe9418dba
Variable types: 22 continuous, 180 integer (180 binary)
Coefficient statistics:
  Matrix range     [1e+00, 1e+02]
  Objective range  [1e+00, 1e+00]
  Bounds range     [1e+00, 1e+02]
  RHS range        [1e+00, 2e+01]
Found heuristic solution: objective 73.0000000
Presolve removed 64 rows and 64 columns
Presolve time: 0.00s
Presolved: 172 rows, 138 columns, 692 nonzeros
Variable types: 21 continuous, 117 integer (117 binary)

Root relaxation: objective 3.200000e+01, 60 iterations, 0.00 seconds (0.00 work units)

    Nodes    |    Current Node    |     Objective Bounds      |     Work
 Expl Unexpl |  Obj  Depth IntInf | Incumbent    BestBd   Gap | It/Node Time

     0     0   32.00000    0   12   73.00000   32.00000  56.2%     -    0s
H    0     0                      72.0000000   32.00000  55.6%     -    0s
H    0     0                      71.0000000   32.00000  54.9%     -    0s
     0     0   35.01376    0   39   71.00000   35.01376  50.7%     -    0s
     0     0   39.31667    0   31   71.00000   39.31667  44.6%     -    0s
     0     0   39.31667    0   31   71.00000   39.31667  44.6%     -    0s
     0     0   39.54458    0   23   71.00000   39.54458  44.3%     -    0s
H    0     0                      67.0000000   41.14020  38.6%     -    0s
H    0     0                      63.0000000   41.14020  34.7%     -    0s
     0     0   41.14020    0   21   63.00000   41.14020  34.7%     -    0s
     0     0   41.14020    0   21   63.00000   41.14020  34.7%     -    0s
     0     0   41.14020    0   28   63.00000   41.14020  34.7%     -    0s
     0     0   41.14020    0   31   63.00000   41.14020  34.7%     -    0s
     0     0   41.14020    0   34   63.00000   41.14020  34.7%     -    0s
     0     0   41.14020    0   34   63.00000   41.14020  34.7%     -    0s
     0     0   41.14020    0   31   63.00000   41.14020  34.7%     -    0s
     0     0   41.14020    0   31   63.00000   41.14020  34.7%     -    0s
     0     0   41.14020    0   30   63.00000   41.14020  34.7%     -    0s
     0     0   41.14020    0   21   63.00000   41.14020  34.7%     -    0s
     0     0   41.14020    0   20   63.00000   41.14020  34.7%     -    0s
     0     0   41.14020    0   28   63.00000   41.14020  34.7%     -    0s
     0     0   41.14020    0   27   63.00000   41.14020  34.7%     -    0s
     0     0   41.14020    0   25   63.00000   41.14020  34.7%     -    0s
     0     0   41.14020    0   25   63.00000   41.14020  34.7%     -    0s
     0     0   41.16152    0   25   63.00000   41.16152  34.7%     -    0s
     0     0   41.23631    0   30   63.00000   41.23631  34.5%     -    0s
     0     0   41.24027    0   30   63.00000   41.24027  34.5%     -    0s
     0     0   41.24027    0   30   63.00000   41.24027  34.5%     -    0s
     0     0   41.27160    0   19   63.00000   41.27160  34.5%     -    0s
     0     0   41.27160    0   32   63.00000   41.27160  34.5%     -    0s
     0     0   41.27516    0   23   63.00000   41.27516  34.5%     -    0s
     0     0   41.27932    0   25   63.00000   41.27932  34.5%     -    0s
     0     0   41.27932    0   24   63.00000   41.27932  34.5%     -    0s
     0     0   41.43561    0   26   63.00000   41.43561  34.2%     -    0s
     0     0   41.45245    0   27   63.00000   41.45245  34.2%     -    0s
     0     0   41.45609    0   27   63.00000   41.45609  34.2%     -    0s
     0     0   41.46167    0   30   63.00000   41.46167  34.2%     -    0s
     0     0   41.46419    0   27   63.00000   41.46419  34.2%     -    0s
     0     0   41.48194    0   27   63.00000   41.48194  34.2%     -    0s
     0     0   41.49212    0   28   63.00000   41.49212  34.1%     -    0s
     0     0   41.49212    0   28   63.00000   41.49212  34.1%     -    0s
     0     0   41.50520    0   24   63.00000   41.50520  34.1%     -    0s
     0     0   41.50520    0   25   63.00000   41.50520  34.1%     -    0s
     0     0   41.51630    0   24   63.00000   41.51630  34.1%     -    0s
     0     0   41.52119    0   20   63.00000   41.52119  34.1%     -    0s
     0     0   41.52653    0   20   63.00000   41.52653  34.1%     -    0s
     0     0   41.52941    0   20   63.00000   41.52941  34.1%     -    0s
     0     0   41.53556    0   24   63.00000   41.53556  34.1%     -    0s
     0     0   41.53556    0   24   63.00000   41.53556  34.1%     -    0s
     0     2   41.53769    0   24   63.00000   41.53769  34.1%     -    0s
H  355   161                      63.0000000   46.69656  25.9%   8.4    0s

Cutting planes:
  Learned: 2
  Gomory: 7
  Cover: 144
  Implied bound: 120
  Clique: 1
  MIR: 142
  GUB cover: 2
  Inf proof: 61
  RLT: 33
  Relax-and-lift: 8

Explored 3916 nodes (35575 simplex iterations) in 0.86 seconds (0.65 work units)
Thread count was 1 (of 96 available processors)

Solution count 6: 63 63 67 ... 73

Optimal solution found (tolerance 1.00e-04)
Best objective 6.299999999360e+01, best bound 6.299999999360e+01, gap 0.0000%

Instance 10_4, formulation reagg, reform MIP:
  Rect 0: x = 16.00, y = 8.00
  Rect 1: x = 0.00, y = 14.00
  Rect 2: x = 29.00, y = 14.00
  Rect 3: x = 41.00, y = 7.00
  Rect 4: x = 57.00, y = 11.00
  Rect 5: x = 48.00, y = 8.00
  Rect 6: x = 41.00, y = 13.00
  Rect 7: x = 16.00, y = 14.00
  Rect 8: x = 0.00, y = 11.00
  Rect 9: x = 29.00, y = 2.00
  → saved figures to strip_figures/10_4_reagg_MIP.png and strip_figures/10_4_reagg_MIP.pdf
Set parameter TokenServer to value "mooring.ecn.purdue.edu"
Read LP format model from file /tmp/tmp_rzb36j3.pyomo.lp
Reading time = 0.00 seconds
x202: 236 rows, 202 columns, 1281 nonzeros
Set parameter TimeLimit to value 1800
Set parameter Threads to value 1
Gurobi Optimizer version 11.0.0 build v11.0.0rc2 (linux64 - "Oracle Linux Server 9.6")

CPU model: AMD EPYC 7643 48-Core Processor, instruction set [SSE2|AVX|AVX2]
Thread count: 48 physical cores, 96 logical processors, using up to 1 threads

Optimize a model with 236 rows, 202 columns and 1281 nonzeros
Model fingerprint: 0x3f543ca5
Variable types: 22 continuous, 180 integer (180 binary)
Coefficient statistics:
  Matrix range     [1e+00, 1e+02]
  Objective range  [1e+00, 1e+00]
  Bounds range     [1e+00, 1e+02]
  RHS range        [1e+00, 2e+01]
Presolve removed 64 rows and 65 columns
Presolve time: 0.00s
Presolved: 172 rows, 137 columns, 666 nonzeros
Variable types: 21 continuous, 116 integer (116 binary)
Found heuristic solution: objective 93.0000000

Root relaxation: objective 3.200000e+01, 68 iterations, 0.00 seconds (0.00 work units)

    Nodes    |    Current Node    |     Objective Bounds      |     Work
 Expl Unexpl |  Obj  Depth IntInf | Incumbent    BestBd   Gap | It/Node Time

     0     0   32.00000    0   16   93.00000   32.00000  65.6%     -    0s
H    0     0                      71.0000000   32.00000  54.9%     -    0s
     0     0   32.35239    0   58   71.00000   32.35239  54.4%     -    0s
     0     0   36.19108    0   51   71.00000   36.19108  49.0%     -    0s
     0     0   36.79577    0   45   71.00000   36.79577  48.2%     -    0s
     0     0   38.50834    0   47   71.00000   38.50834  45.8%     -    0s
     0     0   38.50834    0   47   71.00000   38.50834  45.8%     -    0s
     0     0   38.50834    0   45   71.00000   38.50834  45.8%     -    0s
H    0     0                      67.0000000   38.50834  42.5%     -    0s
     0     0   38.50834    0   40   67.00000   38.50834  42.5%     -    0s
     0     0   38.50834    0   40   67.00000   38.50834  42.5%     -    0s
     0     0   38.50834    0   42   67.00000   38.50834  42.5%     -    0s
     0     0   38.50834    0   42   67.00000   38.50834  42.5%     -    0s
     0     0   39.73140    0   43   67.00000   39.73140  40.7%     -    0s
     0     0   40.07874    0   40   67.00000   40.07874  40.2%     -    0s
     0     0   40.16582    0   40   67.00000   40.16582  40.1%     -    0s
     0     0   40.16736    0   41   67.00000   40.16736  40.0%     -    0s
     0     0   40.18528    0   40   67.00000   40.18528  40.0%     -    0s
     0     0   40.19002    0   40   67.00000   40.19002  40.0%     -    0s
     0     0   40.24057    0   39   67.00000   40.24057  39.9%     -    0s
     0     0   40.27577    0   37   67.00000   40.27577  39.9%     -    0s
     0     0   40.28991    0   39   67.00000   40.28991  39.9%     -    0s
     0     0   40.29144    0   38   67.00000   40.29144  39.9%     -    0s
     0     0   40.29188    0   40   67.00000   40.29188  39.9%     -    0s
H    0     0                      65.0000000   40.29188  38.0%     -    0s
     0     0   40.29206    0   39   65.00000   40.29206  38.0%     -    0s
     0     0   40.29821    0   36   65.00000   40.29821  38.0%     -    0s
     0     0   40.29892    0   38   65.00000   40.29892  38.0%     -    0s
     0     0   40.29984    0   35   65.00000   40.29984  38.0%     -    0s
     0     0   40.31382    0   35   65.00000   40.31382  38.0%     -    0s
     0     0   40.31388    0   35   65.00000   40.31388  38.0%     -    0s
     0     0   40.33867    0   38   65.00000   40.33867  37.9%     -    0s
     0     0   40.33937    0   40   65.00000   40.33937  37.9%     -    0s
     0     0   40.37690    0   38   65.00000   40.37690  37.9%     -    0s
     0     0   40.40711    0   38   65.00000   40.40711  37.8%     -    0s
     0     0   40.41426    0   38   65.00000   40.41426  37.8%     -    0s
     0     0   40.41581    0   38   65.00000   40.41581  37.8%     -    0s
     0     0   40.45466    0   40   65.00000   40.45466  37.8%     -    0s
H    0     0                      63.0000000   40.45466  35.8%     -    0s
     0     0   40.46278    0   37   63.00000   40.46278  35.8%     -    0s
     0     0   40.46278    0   37   63.00000   40.46278  35.8%     -    0s
     0     0   40.46668    0   39   63.00000   40.46668  35.8%     -    0s
     0     0   40.46668    0   27   63.00000   40.46668  35.8%     -    0s
     0     2   40.57627    0   24   63.00000   40.57627  35.6%     -    0s
* 3898    43              20      63.0000000   60.00000  4.76%   9.3    0s

Cutting planes:
  Learned: 1
  Gomory: 9
  Cover: 127
  Implied bound: 143
  Clique: 2
  MIR: 122
  Inf proof: 90
  RLT: 41
  Relax-and-lift: 8

Explored 4310 nodes (41104 simplex iterations) in 0.94 seconds (0.71 work units)
Thread count was 1 (of 96 available processors)

Solution count 6: 63 63 65 ... 93

Optimal solution found (tolerance 1.00e-04)
Best objective 6.299999999360e+01, best bound 6.299999999360e+01, gap 0.0000%

Instance 10_4, formulation reagg_tres, reform MIP:
  Rect 0: x = 16.00, y = 8.00
  Rect 1: x = 38.00, y = 14.00
  Rect 2: x = 51.00, y = 10.00
  Rect 3: x = 12.00, y = 9.00
  Rect 4: x = 29.00, y = 11.00
  Rect 5: x = 0.00, y = 9.00
  Rect 6: x = 0.00, y = 14.00
  Rect 7: x = 16.00, y = 14.00
  Rect 8: x = 35.00, y = 11.00
  Rect 9: x = 29.00, y = 14.00
  → saved figures to strip_figures/10_4_reagg_tres_MIP.png and strip_figures/10_4_reagg_tres_MIP.pdf
Set parameter TokenServer to value "mooring.ecn.purdue.edu"
Read LP format model from file /tmp/tmpn7hi7o08.pyomo.lp
Reading time = 0.00 seconds
x202: 596 rows, 202 columns, 1461 nonzeros
Set parameter TimeLimit to value 1800
Set parameter Threads to value 1
Gurobi Optimizer version 11.0.0 build v11.0.0rc2 (linux64 - "Oracle Linux Server 9.6")

CPU model: AMD EPYC 7643 48-Core Processor, instruction set [SSE2|AVX|AVX2]
Thread count: 48 physical cores, 96 logical processors, using up to 1 threads

Optimize a model with 596 rows, 202 columns and 1461 nonzeros
Model fingerprint: 0x89704240
Variable types: 22 continuous, 180 integer (180 binary)
Coefficient statistics:
  Matrix range     [1e+00, 1e+02]
  Objective range  [1e+00, 1e+00]
  Bounds range     [1e+00, 8e+01]
  RHS range        [1e+00, 8e+01]
Presolve removed 433 rows and 75 columns
Presolve time: 0.00s
Presolved: 163 rows, 127 columns, 498 nonzeros
Variable types: 19 continuous, 108 integer (108 binary)
Found heuristic solution: objective 75.0000000
Found heuristic solution: objective 70.0000000
Found heuristic solution: objective 66.0000000

Root relaxation: objective 2.600000e+01, 60 iterations, 0.00 seconds (0.00 work units)

    Nodes    |    Current Node    |     Objective Bounds      |     Work
 Expl Unexpl |  Obj  Depth IntInf | Incumbent    BestBd   Gap | It/Node Time

     0     0   26.00000    0    9   66.00000   26.00000  60.6%     -    0s
H    0     0                      53.0000000   26.00000  50.9%     -    0s
H    0     0                      47.0000000   26.00000  44.7%     -    0s
     0     0   26.00000    0   25   47.00000   26.00000  44.7%     -    0s
     0     0   26.00000    0   24   47.00000   26.00000  44.7%     -    0s
     0     0   26.00000    0   19   47.00000   26.00000  44.7%     -    0s
     0     0   26.00000    0   18   47.00000   26.00000  44.7%     -    0s
     0     0   26.00000    0   19   47.00000   26.00000  44.7%     -    0s
     0     0   26.00000    0   17   47.00000   26.00000  44.7%     -    0s
     0     2   26.00000    0   13   47.00000   26.00000  44.7%     -    0s
*  152    68              16      47.0000000   27.06250  42.4%  11.7    0s

Cutting planes:
  Gomory: 7
  Cover: 95
  Implied bound: 70
  Clique: 6
  MIR: 48
  Inf proof: 26
  RLT: 20
  Relax-and-lift: 5
  BQP: 1

Explored 1289 nodes (13476 simplex iterations) in 0.30 seconds (0.21 work units)
Thread count was 1 (of 96 available processors)

Solution count 6: 47 47 53 ... 75

Optimal solution found (tolerance 1.00e-04)
Best objective 4.699999999520e+01, best bound 4.699999999520e+01, gap 0.0000%

Instance 10_5, formulation altered, reform bigm:
  Rect 0: x = 35.00, y = 4.00
  Rect 1: x = 25.00, y = 13.00
  Rect 2: x = 9.00, y = 15.00
  Rect 3: x = 0.00, y = 11.00
  Rect 4: x = 31.00, y = 13.00
  Rect 5: x = 19.00, y = 15.00
  Rect 6: x = 0.00, y = 1.00
  Rect 7: x = 29.00, y = 15.00
  Rect 8: x = 38.00, y = 12.00
  Rect 9: x = 45.00, y = 15.00
  → saved figures to strip_figures/10_5_altered_bigm.png and strip_figures/10_5_altered_bigm.pdf
Set parameter TokenServer to value "mooring.ecn.purdue.edu"
Read LP format model from file /tmp/tmpc6a55ovg.pyomo.lp
Reading time = 0.00 seconds
x922: 1856 rows, 922 columns, 4863 nonzeros
Set parameter TimeLimit to value 1800
Set parameter Threads to value 1
Gurobi Optimizer version 11.0.0 build v11.0.0rc2 (linux64 - "Oracle Linux Server 9.6")

CPU model: AMD EPYC 7643 48-Core Processor, instruction set [SSE2|AVX|AVX2]
Thread count: 48 physical cores, 96 logical processors, using up to 1 threads

Optimize a model with 1856 rows, 922 columns and 4863 nonzeros
Model fingerprint: 0x89acd530
Variable types: 742 continuous, 180 integer (180 binary)
Coefficient statistics:
  Matrix range     [1e+00, 8e+01]
  Objective range  [1e+00, 1e+00]
  Bounds range     [1e+00, 8e+01]
  RHS range        [1e+00, 2e+01]
Presolve removed 773 rows and 358 columns
Presolve time: 0.01s
Presolved: 1083 rows, 564 columns, 2858 nonzeros
Variable types: 456 continuous, 108 integer (108 binary)
Found heuristic solution: objective 79.0000000
Found heuristic solution: objective 66.0000000

Root relaxation: objective 2.600000e+01, 228 iterations, 0.00 seconds (0.00 work units)

    Nodes    |    Current Node    |     Objective Bounds      |     Work
 Expl Unexpl |  Obj  Depth IntInf | Incumbent    BestBd   Gap | It/Node Time

     0     0   26.00000    0   16   66.00000   26.00000  60.6%     -    0s
H    0     0                      50.0000000   26.00000  48.0%     -    0s
     0     0   26.00000    0   25   50.00000   26.00000  48.0%     -    0s
H    0     0                      49.0000000   26.00000  46.9%     -    0s
     0     0   26.00000    0   26   49.00000   26.00000  46.9%     -    0s
     0     0   26.00000    0   26   49.00000   26.00000  46.9%     -    0s
     0     0   26.00000    0   24   49.00000   26.00000  46.9%     -    0s
     0     0   26.00000    0   26   49.00000   26.00000  46.9%     -    0s
     0     0   26.00000    0   24   49.00000   26.00000  46.9%     -    0s
     0     0   26.00000    0   21   49.00000   26.00000  46.9%     -    0s
     0     0   26.00000    0   18   49.00000   26.00000  46.9%     -    0s
     0     2   26.00000    0   17   49.00000   26.00000  46.9%     -    0s
*   42    36              30      48.0000000   26.00000  45.8%  27.7    0s
*  172   100              41      47.0000000   26.00000  44.7%  27.1    0s
*  455   195              20      47.0000000   26.46154  43.7%  25.1    0s

Explored 1636 nodes (46286 simplex iterations) in 1.80 seconds (1.50 work units)
Thread count was 1 (of 96 available processors)

Solution count 7: 47 47 48 ... 79

Optimal solution found (tolerance 1.00e-04)
Best objective 4.699999999520e+01, best bound 4.699999999520e+01, gap 0.0000%

Instance 10_5, formulation altered, reform hull:
  Rect 0: x = 21.00, y = 15.00
  Rect 1: x = 0.00, y = 15.00
  Rect 2: x = 37.00, y = 15.00
  Rect 3: x = 12.00, y = 14.00
  Rect 4: x = 21.00, y = 11.00
  Rect 5: x = 6.00, y = 14.00
  Rect 6: x = 6.00, y = 15.00
  Rect 7: x = 14.00, y = 2.00
  Rect 8: x = 28.00, y = 10.00
  Rect 9: x = 12.00, y = 4.00
  → saved figures to strip_figures/10_5_altered_hull.png and strip_figures/10_5_altered_hull.pdf
Set parameter TokenServer to value "mooring.ecn.purdue.edu"
Read LP format model from file /tmp/tmp56rd1geo.pyomo.lp
Reading time = 0.00 seconds
x202: 596 rows, 202 columns, 1461 nonzeros
Set parameter TimeLimit to value 1800
Set parameter Threads to value 1
Gurobi Optimizer version 11.0.0 build v11.0.0rc2 (linux64 - "Oracle Linux Server 9.6")

CPU model: AMD EPYC 7643 48-Core Processor, instruction set [SSE2|AVX|AVX2]
Thread count: 48 physical cores, 96 logical processors, using up to 1 threads

Optimize a model with 596 rows, 202 columns and 1461 nonzeros
Model fingerprint: 0x89704240
Variable types: 22 continuous, 180 integer (180 binary)
Coefficient statistics:
  Matrix range     [1e+00, 1e+02]
  Objective range  [1e+00, 1e+00]
  Bounds range     [1e+00, 8e+01]
  RHS range        [1e+00, 8e+01]
Presolve removed 433 rows and 75 columns
Presolve time: 0.00s
Presolved: 163 rows, 127 columns, 498 nonzeros
Variable types: 19 continuous, 108 integer (108 binary)
Found heuristic solution: objective 75.0000000
Found heuristic solution: objective 70.0000000
Found heuristic solution: objective 66.0000000

Root relaxation: objective 2.600000e+01, 60 iterations, 0.00 seconds (0.00 work units)

    Nodes    |    Current Node    |     Objective Bounds      |     Work
 Expl Unexpl |  Obj  Depth IntInf | Incumbent    BestBd   Gap | It/Node Time

     0     0   26.00000    0    9   66.00000   26.00000  60.6%     -    0s
H    0     0                      53.0000000   26.00000  50.9%     -    0s
H    0     0                      47.0000000   26.00000  44.7%     -    0s
     0     0   26.00000    0   25   47.00000   26.00000  44.7%     -    0s
     0     0   26.00000    0   24   47.00000   26.00000  44.7%     -    0s
     0     0   26.00000    0   19   47.00000   26.00000  44.7%     -    0s
     0     0   26.00000    0   18   47.00000   26.00000  44.7%     -    0s
     0     0   26.00000    0   19   47.00000   26.00000  44.7%     -    0s
     0     0   26.00000    0   17   47.00000   26.00000  44.7%     -    0s
     0     2   26.00000    0   13   47.00000   26.00000  44.7%     -    0s
*  152    68              16      47.0000000   27.06250  42.4%  11.7    0s

Cutting planes:
  Gomory: 7
  Cover: 95
  Implied bound: 70
  Clique: 6
  MIR: 48
  Inf proof: 26
  RLT: 20
  Relax-and-lift: 5
  BQP: 1

Explored 1289 nodes (13476 simplex iterations) in 0.30 seconds (0.21 work units)
Thread count was 1 (of 96 available processors)

Solution count 6: 47 47 53 ... 75

Optimal solution found (tolerance 1.00e-04)
Best objective 4.699999999520e+01, best bound 4.699999999520e+01, gap 0.0000%

Instance 10_5, formulation tres, reform bigm:
  Rect 0: x = 35.00, y = 4.00
  Rect 1: x = 25.00, y = 13.00
  Rect 2: x = 9.00, y = 15.00
  Rect 3: x = 0.00, y = 11.00
  Rect 4: x = 31.00, y = 13.00
  Rect 5: x = 19.00, y = 15.00
  Rect 6: x = 0.00, y = 1.00
  Rect 7: x = 29.00, y = 15.00
  Rect 8: x = 38.00, y = 12.00
  Rect 9: x = 45.00, y = 15.00
  → saved figures to strip_figures/10_5_tres_bigm.png and strip_figures/10_5_tres_bigm.pdf
Set parameter TokenServer to value "mooring.ecn.purdue.edu"
Read LP format model from file /tmp/tmpna1nof7y.pyomo.lp
Reading time = 0.00 seconds
x922: 1856 rows, 922 columns, 4863 nonzeros
Set parameter TimeLimit to value 1800
Set parameter Threads to value 1
Gurobi Optimizer version 11.0.0 build v11.0.0rc2 (linux64 - "Oracle Linux Server 9.6")

CPU model: AMD EPYC 7643 48-Core Processor, instruction set [SSE2|AVX|AVX2]
Thread count: 48 physical cores, 96 logical processors, using up to 1 threads

Optimize a model with 1856 rows, 922 columns and 4863 nonzeros
Model fingerprint: 0x89acd530
Variable types: 742 continuous, 180 integer (180 binary)
Coefficient statistics:
  Matrix range     [1e+00, 8e+01]
  Objective range  [1e+00, 1e+00]
  Bounds range     [1e+00, 8e+01]
  RHS range        [1e+00, 2e+01]
Presolve removed 773 rows and 358 columns
Presolve time: 0.01s
Presolved: 1083 rows, 564 columns, 2858 nonzeros
Variable types: 456 continuous, 108 integer (108 binary)
Found heuristic solution: objective 79.0000000
Found heuristic solution: objective 66.0000000

Root relaxation: objective 2.600000e+01, 228 iterations, 0.00 seconds (0.00 work units)

    Nodes    |    Current Node    |     Objective Bounds      |     Work
 Expl Unexpl |  Obj  Depth IntInf | Incumbent    BestBd   Gap | It/Node Time

     0     0   26.00000    0   16   66.00000   26.00000  60.6%     -    0s
H    0     0                      50.0000000   26.00000  48.0%     -    0s
     0     0   26.00000    0   25   50.00000   26.00000  48.0%     -    0s
H    0     0                      49.0000000   26.00000  46.9%     -    0s
     0     0   26.00000    0   26   49.00000   26.00000  46.9%     -    0s
     0     0   26.00000    0   26   49.00000   26.00000  46.9%     -    0s
     0     0   26.00000    0   24   49.00000   26.00000  46.9%     -    0s
     0     0   26.00000    0   26   49.00000   26.00000  46.9%     -    0s
     0     0   26.00000    0   24   49.00000   26.00000  46.9%     -    0s
     0     0   26.00000    0   21   49.00000   26.00000  46.9%     -    0s
     0     0   26.00000    0   18   49.00000   26.00000  46.9%     -    0s
     0     2   26.00000    0   17   49.00000   26.00000  46.9%     -    0s
*   42    36              30      48.0000000   26.00000  45.8%  27.7    0s
*  172   100              41      47.0000000   26.00000  44.7%  27.1    0s
*  455   195              20      47.0000000   26.46154  43.7%  25.1    0s

Explored 1636 nodes (46286 simplex iterations) in 1.82 seconds (1.50 work units)
Thread count was 1 (of 96 available processors)

Solution count 7: 47 47 48 ... 79

Optimal solution found (tolerance 1.00e-04)
Best objective 4.699999999520e+01, best bound 4.699999999520e+01, gap 0.0000%

Instance 10_5, formulation tres, reform hull:
  Rect 0: x = 21.00, y = 15.00
  Rect 1: x = 0.00, y = 15.00
  Rect 2: x = 37.00, y = 15.00
  Rect 3: x = 12.00, y = 14.00
  Rect 4: x = 21.00, y = 11.00
  Rect 5: x = 6.00, y = 14.00
  Rect 6: x = 6.00, y = 15.00
  Rect 7: x = 14.00, y = 2.00
  Rect 8: x = 28.00, y = 10.00
  Rect 9: x = 12.00, y = 4.00
  → saved figures to strip_figures/10_5_tres_hull.png and strip_figures/10_5_tres_hull.pdf
Set parameter TokenServer to value "mooring.ecn.purdue.edu"
Read LP format model from file /tmp/tmpernxsrgo.pyomo.lp
Reading time = 0.00 seconds
x202: 236 rows, 202 columns, 1254 nonzeros
Set parameter TimeLimit to value 1800
Set parameter Threads to value 1
Gurobi Optimizer version 11.0.0 build v11.0.0rc2 (linux64 - "Oracle Linux Server 9.6")

CPU model: AMD EPYC 7643 48-Core Processor, instruction set [SSE2|AVX|AVX2]
Thread count: 48 physical cores, 96 logical processors, using up to 1 threads

Optimize a model with 236 rows, 202 columns and 1254 nonzeros
Model fingerprint: 0xf35f6ab7
Variable types: 22 continuous, 180 integer (180 binary)
Coefficient statistics:
  Matrix range     [1e+00, 8e+01]
  Objective range  [1e+00, 1e+00]
  Bounds range     [1e+00, 8e+01]
  RHS range        [1e+00, 2e+01]
Found heuristic solution: objective 50.0000000
Presolve removed 73 rows and 74 columns
Presolve time: 0.00s
Presolved: 163 rows, 128 columns, 638 nonzeros
Variable types: 20 continuous, 108 integer (108 binary)

Root relaxation: objective 2.600000e+01, 62 iterations, 0.00 seconds (0.00 work units)

    Nodes    |    Current Node    |     Objective Bounds      |     Work
 Expl Unexpl |  Obj  Depth IntInf | Incumbent    BestBd   Gap | It/Node Time

     0     0   26.00000    0   10   50.00000   26.00000  48.0%     -    0s
H    0     0                      49.0000000   26.00000  46.9%     -    0s
     0     0   26.00000    0   22   49.00000   26.00000  46.9%     -    0s
H    0     0                      47.0000000   26.00000  44.7%     -    0s
     0     0   26.00000    0   16   47.00000   26.00000  44.7%     -    0s
     0     0   26.00000    0    9   47.00000   26.00000  44.7%     -    0s
     0     0   26.00000    0   22   47.00000   26.00000  44.7%     -    0s
     0     0   26.29881    0   21   47.00000   26.29881  44.0%     -    0s
     0     0   26.88889    0   24   47.00000   26.88889  42.8%     -    0s
     0     0   27.14286    0   24   47.00000   27.14286  42.2%     -    0s
     0     0   27.33333    0   26   47.00000   27.33333  41.8%     -    0s
     0     0   27.33333    0   24   47.00000   27.33333  41.8%     -    0s
     0     0   27.33333    0   26   47.00000   27.33333  41.8%     -    0s
     0     0   27.33333    0   21   47.00000   27.33333  41.8%     -    0s
     0     0   27.33333    0   27   47.00000   27.33333  41.8%     -    0s
     0     0   27.33333    0   27   47.00000   27.33333  41.8%     -    0s
     0     0   27.39731    0   21   47.00000   27.39731  41.7%     -    0s
     0     0   27.55605    0   22   47.00000   27.55605  41.4%     -    0s
     0     0   27.55605    0   20   47.00000   27.55605  41.4%     -    0s
     0     0   27.55605    0   25   47.00000   27.55605  41.4%     -    0s
     0     0   27.55605    0   26   47.00000   27.55605  41.4%     -    0s
     0     0   27.55605    0   24   47.00000   27.55605  41.4%     -    0s
     0     0   27.55605    0   25   47.00000   27.55605  41.4%     -    0s
     0     0   27.55605    0   25   47.00000   27.55605  41.4%     -    0s
     0     0   27.55605    0   27   47.00000   27.55605  41.4%     -    0s
     0     0   27.55605    0   23   47.00000   27.55605  41.4%     -    0s
     0     0   27.55605    0   28   47.00000   27.55605  41.4%     -    0s
     0     0   27.55605    0   28   47.00000   27.55605  41.4%     -    0s
     0     0   27.55605    0   28   47.00000   27.55605  41.4%     -    0s
     0     0   27.55605    0   24   47.00000   27.55605  41.4%     -    0s
     0     0   27.55605    0   24   47.00000   27.55605  41.4%     -    0s
     0     0   27.55605    0   28   47.00000   27.55605  41.4%     -    0s
     0     0   27.55605    0   24   47.00000   27.55605  41.4%     -    0s
     0     0   27.55605    0   24   47.00000   27.55605  41.4%     -    0s
     0     0   27.55605    0   24   47.00000   27.55605  41.4%     -    0s
     0     0   27.55605    0   24   47.00000   27.55605  41.4%     -    0s
     0     0   27.55605    0   24   47.00000   27.55605  41.4%     -    0s
     0     0   27.58298    0   25   47.00000   27.58298  41.3%     -    0s
     0     0   27.58324    0   25   47.00000   27.58324  41.3%     -    0s
     0     0   27.69420    0   25   47.00000   27.69420  41.1%     -    0s
     0     0   27.69439    0   25   47.00000   27.69439  41.1%     -    0s
     0     0   27.73669    0   25   47.00000   27.73669  41.0%     -    0s
     0     0   27.75682    0   25   47.00000   27.75682  40.9%     -    0s
     0     0   27.75775    0   25   47.00000   27.75775  40.9%     -    0s
     0     0   27.75828    0   25   47.00000   27.75828  40.9%     -    0s
     0     0   27.77158    0   25   47.00000   27.77158  40.9%     -    0s
     0     0   27.81826    0   25   47.00000   27.81826  40.8%     -    0s
     0     0   27.81860    0   25   47.00000   27.81860  40.8%     -    0s
     0     0   27.86391    0   23   47.00000   27.86391  40.7%     -    0s
     0     0   27.87054    0   22   47.00000   27.87054  40.7%     -    0s
     0     0   27.91710    0   23   47.00000   27.91710  40.6%     -    0s
     0     0   27.93087    0   22   47.00000   27.93087  40.6%     -    0s
     0     0   27.93456    0   23   47.00000   27.93456  40.6%     -    0s
     0     0   27.93456    0   24   47.00000   27.93456  40.6%     -    0s
     0     0   27.95559    0   23   47.00000   27.95559  40.5%     -    0s
     0     0   27.95559    0   24   47.00000   27.95559  40.5%     -    0s
     0     0   27.95559    0   24   47.00000   27.95559  40.5%     -    0s
     0     0   27.95688    0   24   47.00000   27.95688  40.5%     -    0s
     0     0   27.95858    0   24   47.00000   27.95858  40.5%     -    0s
     0     0   27.95879    0   24   47.00000   27.95879  40.5%     -    0s
     0     0   27.96754    0   24   47.00000   27.96754  40.5%     -    0s
     0     0   27.96754    0   24   47.00000   27.96754  40.5%     -    0s
     0     0   27.96754    0   24   47.00000   27.96754  40.5%     -    0s
     0     0   27.96754    0   22   47.00000   27.96754  40.5%     -    0s
     0     2   27.97987    0   21   47.00000   27.97987  40.5%     -    0s
*  791   144              11      47.0000000   37.00000  21.3%   8.1    0s

Cutting planes:
  Gomory: 3
  Cover: 35
  Implied bound: 43
  Clique: 1
  MIR: 161
  GUB cover: 3
  Inf proof: 14
  RLT: 25
  Relax-and-lift: 12

Explored 1425 nodes (13405 simplex iterations) in 0.38 seconds (0.26 work units)
Thread count was 1 (of 96 available processors)

Solution count 4: 47 47 49 50 

Optimal solution found (tolerance 1.00e-04)
Best objective 4.699999999520e+01, best bound 4.699999999520e+01, gap 0.0000%

Instance 10_5, formulation reagg, reform MIP:
  Rect 0: x = 2.00, y = 13.00
  Rect 1: x = 26.00, y = 13.00
  Rect 2: x = 16.00, y = 15.00
  Rect 3: x = 38.00, y = 10.00
  Rect 4: x = 0.00, y = 9.00
  Rect 5: x = 32.00, y = 14.00
  Rect 6: x = 45.00, y = 15.00
  Rect 7: x = 0.00, y = 15.00
  Rect 8: x = 7.00, y = 8.00
  Rect 9: x = 14.00, y = 13.00
  → saved figures to strip_figures/10_5_reagg_MIP.png and strip_figures/10_5_reagg_MIP.pdf
Set parameter TokenServer to value "mooring.ecn.purdue.edu"
Read LP format model from file /tmp/tmpxleoy51y.pyomo.lp
Reading time = 0.00 seconds
x202: 236 rows, 202 columns, 1254 nonzeros
Set parameter TimeLimit to value 1800
Set parameter Threads to value 1
Gurobi Optimizer version 11.0.0 build v11.0.0rc2 (linux64 - "Oracle Linux Server 9.6")

CPU model: AMD EPYC 7643 48-Core Processor, instruction set [SSE2|AVX|AVX2]
Thread count: 48 physical cores, 96 logical processors, using up to 1 threads

Optimize a model with 236 rows, 202 columns and 1254 nonzeros
Model fingerprint: 0x8599ff6d
Variable types: 22 continuous, 180 integer (180 binary)
Coefficient statistics:
  Matrix range     [1e+00, 8e+01]
  Objective range  [1e+00, 1e+00]
  Bounds range     [1e+00, 8e+01]
  RHS range        [1e+00, 2e+01]
Presolve removed 73 rows and 74 columns
Presolve time: 0.00s
Presolved: 163 rows, 128 columns, 617 nonzeros
Variable types: 20 continuous, 108 integer (108 binary)
Found heuristic solution: objective 79.0000000
Found heuristic solution: objective 70.0000000

Root relaxation: objective 2.600000e+01, 74 iterations, 0.00 seconds (0.00 work units)

    Nodes    |    Current Node    |     Objective Bounds      |     Work
 Expl Unexpl |  Obj  Depth IntInf | Incumbent    BestBd   Gap | It/Node Time

     0     0   26.00000    0   13   70.00000   26.00000  62.9%     -    0s
H    0     0                      56.0000000   26.00000  53.6%     -    0s
     0     0   26.00000    0   28   56.00000   26.00000  53.6%     -    0s
H    0     0                      52.0000000   26.00000  50.0%     -    0s
     0     0   26.00000    0   28   52.00000   26.00000  50.0%     -    0s
     0     0   26.01703    0   29   52.00000   26.01703  50.0%     -    0s
H    0     0                      48.0000000   26.12346  45.6%     -    0s
     0     0   26.12346    0   34   48.00000   26.12346  45.6%     -    0s
     0     0   26.54656    0   25   48.00000   26.54656  44.7%     -    0s
H    0     0                      47.0000000   26.55359  43.5%     -    0s
     0     0   26.60862    0   29   47.00000   26.60862  43.4%     -    0s
     0     0   26.66667    0   33   47.00000   26.66667  43.3%     -    0s
     0     0   26.66667    0   33   47.00000   26.66667  43.3%     -    0s
     0     0   27.00000    0   34   47.00000   27.00000  42.6%     -    0s
     0     0   27.00076    0   28   47.00000   27.00076  42.6%     -    0s
     0     0   27.00367    0   34   47.00000   27.00367  42.5%     -    0s
     0     0   27.00421    0   26   47.00000   27.00421  42.5%     -    0s
     0     0   27.00525    0   27   47.00000   27.00525  42.5%     -    0s
     0     0   27.00525    0   27   47.00000   27.00525  42.5%     -    0s
     0     0   27.00525    0   32   47.00000   27.00525  42.5%     -    0s
     0     0   27.01104    0   30   47.00000   27.01104  42.5%     -    0s
     0     0   27.01104    0   29   47.00000   27.01104  42.5%     -    0s
     0     0   27.01104    0   29   47.00000   27.01104  42.5%     -    0s
     0     0   27.01104    0   41   47.00000   27.01104  42.5%     -    0s
     0     0   27.01104    0   32   47.00000   27.01104  42.5%     -    0s
     0     0   27.01104    0   30   47.00000   27.01104  42.5%     -    0s
     0     0   27.01409    0   31   47.00000   27.01409  42.5%     -    0s
     0     0   27.01409    0   32   47.00000   27.01409  42.5%     -    0s
     0     0   27.01753    0   32   47.00000   27.01753  42.5%     -    0s
     0     0   27.02183    0   36   47.00000   27.02183  42.5%     -    0s
     0     0   27.02413    0   43   47.00000   27.02413  42.5%     -    0s
     0     0   27.02445    0   41   47.00000   27.02445  42.5%     -    0s
     0     0   27.03125    0   26   47.00000   27.03125  42.5%     -    0s
     0     0   27.04510    0   31   47.00000   27.04510  42.5%     -    0s
     0     0   27.04510    0   35   47.00000   27.04510  42.5%     -    0s
     0     0   27.04510    0   32   47.00000   27.04510  42.5%     -    0s
     0     0   27.04510    0   31   47.00000   27.04510  42.5%     -    0s
     0     0   27.04510    0   34   47.00000   27.04510  42.5%     -    0s
     0     0   27.04510    0   37   47.00000   27.04510  42.5%     -    0s
     0     0   27.04510    0   31   47.00000   27.04510  42.5%     -    0s
     0     0   27.04510    0   24   47.00000   27.04510  42.5%     -    0s
     0     2   27.22208    0   24   47.00000   27.22208  42.1%     -    0s
*  385   136              23      47.0000000   30.37824  35.4%  10.5    0s

Cutting planes:
  Gomory: 5
  Cover: 71
  Implied bound: 104
  Clique: 2
  MIR: 210
  StrongCG: 1
  GUB cover: 1
  Inf proof: 50
  RLT: 51
  Relax-and-lift: 11
  PSD: 1

Explored 2561 nodes (29043 simplex iterations) in 0.66 seconds (0.51 work units)
Thread count was 1 (of 96 available processors)

Solution count 7: 47 47 48 ... 79

Optimal solution found (tolerance 1.00e-04)
Best objective 4.699999999520e+01, best bound 4.699999999520e+01, gap 0.0000%

Instance 10_5, formulation reagg_tres, reform MIP:
  Rect 0: x = 13.00, y = 4.00
  Rect 1: x = 31.00, y = 15.00
  Rect 2: x = 37.00, y = 15.00
  Rect 3: x = 0.00, y = 13.00
  Rect 4: x = 18.00, y = 15.00
  Rect 5: x = 25.00, y = 14.00
  Rect 6: x = 0.00, y = 15.00
  Rect 7: x = 2.00, y = 15.00
  Rect 8: x = 9.00, y = 13.00
  Rect 9: x = 0.00, y = 3.00
  → saved figures to strip_figures/10_5_reagg_tres_MIP.png and strip_figures/10_5_reagg_tres_MIP.pdf
Set parameter TokenServer to value "mooring.ecn.purdue.edu"
Read LP format model from file /tmp/tmp6t0kxsir.pyomo.lp
Reading time = 0.00 seconds
x244: 727 rows, 244 columns, 1783 nonzeros
Set parameter TimeLimit to value 1800
Set parameter Threads to value 1
Gurobi Optimizer version 11.0.0 build v11.0.0rc2 (linux64 - "Oracle Linux Server 9.6")

CPU model: AMD EPYC 7643 48-Core Processor, instruction set [SSE2|AVX|AVX2]
Thread count: 48 physical cores, 96 logical processors, using up to 1 threads

Optimize a model with 727 rows, 244 columns and 1783 nonzeros
Model fingerprint: 0xeffd5342
Variable types: 24 continuous, 220 integer (220 binary)
Coefficient statistics:
  Matrix range     [1e+00, 1e+02]
  Objective range  [1e+00, 1e+00]
  Bounds range     [1e+00, 9e+01]
  RHS range        [1e+00, 9e+01]
Presolve removed 531 rows and 92 columns
Presolve time: 0.00s
Presolved: 196 rows, 152 columns, 602 nonzeros
Variable types: 22 continuous, 130 integer (130 binary)
Found heuristic solution: objective 60.0000000

Root relaxation: objective 2.600000e+01, 75 iterations, 0.00 seconds (0.00 work units)

    Nodes    |    Current Node    |     Objective Bounds      |     Work
 Expl Unexpl |  Obj  Depth IntInf | Incumbent    BestBd   Gap | It/Node Time

     0     0   26.00000    0   13   60.00000   26.00000  56.7%     -    0s
H    0     0                      59.0000000   26.00000  55.9%     -    0s
     0     0   26.00000    0   39   59.00000   26.00000  55.9%     -    0s
H    0     0                      58.0000000   26.00000  55.2%     -    0s
     0     0   26.00000    0   44   58.00000   26.00000  55.2%     -    0s
     0     0   28.16798    0   31   58.00000   28.16798  51.4%     -    0s
     0     0   29.99519    0   26   58.00000   29.99519  48.3%     -    0s
     0     0   29.99519    0   27   58.00000   29.99519  48.3%     -    0s
     0     0   30.19065    0   35   58.00000   30.19065  47.9%     -    0s
     0     0   30.33676    0   30   58.00000   30.33676  47.7%     -    0s
     0     0   30.33676    0   35   58.00000   30.33676  47.7%     -    0s
     0     0   30.33676    0   36   58.00000   30.33676  47.7%     -    0s
     0     0   30.33676    0   37   58.00000   30.33676  47.7%     -    0s
     0     0   30.46783    0   49   58.00000   30.46783  47.5%     -    0s
H    0     0                      57.0000000   30.53373  46.4%     -    0s
     0     0   30.53373    0   66   57.00000   30.53373  46.4%     -    0s
     0     0   30.53373    0   48   57.00000   30.53373  46.4%     -    0s
H    0     0                      56.0000000   30.53373  45.5%     -    0s
     0     0   30.53373    0   57   56.00000   30.53373  45.5%     -    0s
     0     0   30.53373    0   71   56.00000   30.53373  45.5%     -    0s
     0     0   30.53373    0   22   56.00000   30.53373  45.5%     -    0s
H    0     0                      52.0000000   30.53373  41.3%     -    0s
     0     2   30.57500    0   22   52.00000   30.57500  41.2%     -    0s
*  229   106              30      51.0000000   35.00121  31.4%   9.7    0s
H  562   180                      51.0000000   37.05091  27.4%  11.0    0s

Cutting planes:
  Gomory: 6
  Cover: 113
  Implied bound: 141
  Clique: 20
  MIR: 139
  Inf proof: 39
  RLT: 52
  Relax-and-lift: 23
  PSD: 7

Explored 3427 nodes (35247 simplex iterations) in 0.84 seconds (0.67 work units)
Thread count was 1 (of 96 available processors)

Solution count 8: 51 51 52 ... 60

Optimal solution found (tolerance 1.00e-04)
Best objective 5.099999999480e+01, best bound 5.099999999480e+01, gap 0.0000%

Instance 11_1, formulation altered, reform bigm:
  Rect 0: x = 0.00, y = 12.00
  Rect 1: x = 14.00, y = 12.00
  Rect 2: x = 45.00, y = 1.00
  Rect 3: x = 41.00, y = 12.00
  Rect 4: x = 40.00, y = 4.00
  Rect 5: x = 44.00, y = 12.00
  Rect 6: x = 46.00, y = 12.00
  Rect 7: x = 30.00, y = 5.00
  Rect 8: x = 0.00, y = 1.00
  Rect 9: x = 26.00, y = 12.00
  Rect 10: x = 30.00, y = 12.00
  → saved figures to strip_figures/11_1_altered_bigm.png and strip_figures/11_1_altered_bigm.pdf
Set parameter TokenServer to value "mooring.ecn.purdue.edu"
Read LP format model from file /tmp/tmpgf992gs9.pyomo.lp
Reading time = 0.00 seconds
x1124: 2267 rows, 1124 columns, 5943 nonzeros
Set parameter TimeLimit to value 1800
Set parameter Threads to value 1
Gurobi Optimizer version 11.0.0 build v11.0.0rc2 (linux64 - "Oracle Linux Server 9.6")

CPU model: AMD EPYC 7643 48-Core Processor, instruction set [SSE2|AVX|AVX2]
Thread count: 48 physical cores, 96 logical processors, using up to 1 threads

Optimize a model with 2267 rows, 1124 columns and 5943 nonzeros
Model fingerprint: 0x91c697dd
Variable types: 904 continuous, 220 integer (220 binary)
Coefficient statistics:
  Matrix range     [1e+00, 9e+01]
  Objective range  [1e+00, 1e+00]
  Bounds range     [1e+00, 9e+01]
  RHS range        [1e+00, 1e+01]
Presolve removed 969 rows and 456 columns
Presolve time: 0.01s
Presolved: 1298 rows, 668 columns, 3434 nonzeros
Variable types: 538 continuous, 130 integer (130 binary)
Found heuristic solution: objective 91.0000000
Found heuristic solution: objective 87.0000000
Found heuristic solution: objective 77.0000000

Root relaxation: objective 2.600000e+01, 338 iterations, 0.00 seconds (0.00 work units)

    Nodes    |    Current Node    |     Objective Bounds      |     Work
 Expl Unexpl |  Obj  Depth IntInf | Incumbent    BestBd   Gap | It/Node Time

     0     0   26.00000    0   31   77.00000   26.00000  66.2%     -    0s
H    0     0                      60.0000000   26.00000  56.7%     -    0s
     0     0   26.00000    0   53   60.00000   26.00000  56.7%     -    0s
     0     0   26.00000    0   52   60.00000   26.00000  56.7%     -    0s
     0     0   26.00000    0   28   60.00000   26.00000  56.7%     -    0s
     0     0   26.00000    0   37   60.00000   26.00000  56.7%     -    0s
     0     0   26.00000    0   25   60.00000   26.00000  56.7%     -    0s
     0     0   26.00000    0   45   60.00000   26.00000  56.7%     -    0s
     0     0   26.00000    0   39   60.00000   26.00000  56.7%     -    0s
     0     0   26.00000    0   31   60.00000   26.00000  56.7%     -    0s
H    0     0                      58.0000000   26.00000  55.2%     -    0s
     0     2   26.00000    0   30   58.00000   26.00000  55.2%     -    0s
*   44    38              31      55.0000000   28.70000  47.8%  21.2    0s
H   54    41                      52.0000000   29.52174  43.2%  22.5    0s
H   78    51                      52.0000000   29.52174  43.2%  19.8    0s
H  208   115                      51.0000000   30.48000  40.2%  18.8    0s
H 1693   233                      51.0000000   41.60000  18.4%  30.2    2s

Explored 2525 nodes (81422 simplex iterations) in 3.06 seconds (2.58 work units)
Thread count was 1 (of 96 available processors)

Solution count 9: 51 51 52 ... 91

Optimal solution found (tolerance 1.00e-04)
Best objective 5.099999999480e+01, best bound 5.099999999480e+01, gap 0.0000%

Instance 11_1, formulation altered, reform hull:
  Rect 0: x = 37.00, y = 11.00
  Rect 1: x = 0.00, y = 12.00
  Rect 2: x = 21.00, y = 12.00
  Rect 3: x = 25.00, y = 8.00
  Rect 4: x = 22.00, y = 11.00
  Rect 5: x = 23.00, y = 5.00
  Rect 6: x = 28.00, y = 8.00
  Rect 7: x = 12.00, y = 12.00
  Rect 8: x = 27.00, y = 12.00
  Rect 9: x = 33.00, y = 11.00
  Rect 10: x = 12.00, y = 7.00
  → saved figures to strip_figures/11_1_altered_hull.png and strip_figures/11_1_altered_hull.pdf
Set parameter TokenServer to value "mooring.ecn.purdue.edu"
Read LP format model from file /tmp/tmpd9pzzqc4.pyomo.lp
Reading time = 0.00 seconds
x244: 727 rows, 244 columns, 1783 nonzeros
Set parameter TimeLimit to value 1800
Set parameter Threads to value 1
Gurobi Optimizer version 11.0.0 build v11.0.0rc2 (linux64 - "Oracle Linux Server 9.6")

CPU model: AMD EPYC 7643 48-Core Processor, instruction set [SSE2|AVX|AVX2]
Thread count: 48 physical cores, 96 logical processors, using up to 1 threads

Optimize a model with 727 rows, 244 columns and 1783 nonzeros
Model fingerprint: 0xeffd5342
Variable types: 24 continuous, 220 integer (220 binary)
Coefficient statistics:
  Matrix range     [1e+00, 1e+02]
  Objective range  [1e+00, 1e+00]
  Bounds range     [1e+00, 9e+01]
  RHS range        [1e+00, 9e+01]
Presolve removed 531 rows and 92 columns
Presolve time: 0.00s
Presolved: 196 rows, 152 columns, 602 nonzeros
Variable types: 22 continuous, 130 integer (130 binary)
Found heuristic solution: objective 60.0000000

Root relaxation: objective 2.600000e+01, 75 iterations, 0.00 seconds (0.00 work units)

    Nodes    |    Current Node    |     Objective Bounds      |     Work
 Expl Unexpl |  Obj  Depth IntInf | Incumbent    BestBd   Gap | It/Node Time

     0     0   26.00000    0   13   60.00000   26.00000  56.7%     -    0s
H    0     0                      59.0000000   26.00000  55.9%     -    0s
     0     0   26.00000    0   39   59.00000   26.00000  55.9%     -    0s
H    0     0                      58.0000000   26.00000  55.2%     -    0s
     0     0   26.00000    0   44   58.00000   26.00000  55.2%     -    0s
     0     0   28.16798    0   31   58.00000   28.16798  51.4%     -    0s
     0     0   29.99519    0   26   58.00000   29.99519  48.3%     -    0s
     0     0   29.99519    0   27   58.00000   29.99519  48.3%     -    0s
     0     0   30.19065    0   35   58.00000   30.19065  47.9%     -    0s
     0     0   30.33676    0   30   58.00000   30.33676  47.7%     -    0s
     0     0   30.33676    0   35   58.00000   30.33676  47.7%     -    0s
     0     0   30.33676    0   36   58.00000   30.33676  47.7%     -    0s
     0     0   30.33676    0   37   58.00000   30.33676  47.7%     -    0s
     0     0   30.46783    0   49   58.00000   30.46783  47.5%     -    0s
H    0     0                      57.0000000   30.53373  46.4%     -    0s
     0     0   30.53373    0   66   57.00000   30.53373  46.4%     -    0s
     0     0   30.53373    0   48   57.00000   30.53373  46.4%     -    0s
H    0     0                      56.0000000   30.53373  45.5%     -    0s
     0     0   30.53373    0   57   56.00000   30.53373  45.5%     -    0s
     0     0   30.53373    0   71   56.00000   30.53373  45.5%     -    0s
     0     0   30.53373    0   22   56.00000   30.53373  45.5%     -    0s
H    0     0                      52.0000000   30.53373  41.3%     -    0s
     0     2   30.57500    0   22   52.00000   30.57500  41.2%     -    0s
*  229   106              30      51.0000000   35.00121  31.4%   9.7    0s
H  562   180                      51.0000000   37.05091  27.4%  11.0    0s

Cutting planes:
  Gomory: 6
  Cover: 113
  Implied bound: 141
  Clique: 20
  MIR: 139
  Inf proof: 39
  RLT: 52
  Relax-and-lift: 23
  PSD: 7

Explored 3427 nodes (35247 simplex iterations) in 0.84 seconds (0.67 work units)
Thread count was 1 (of 96 available processors)

Solution count 8: 51 51 52 ... 60

Optimal solution found (tolerance 1.00e-04)
Best objective 5.099999999480e+01, best bound 5.099999999480e+01, gap 0.0000%

Instance 11_1, formulation tres, reform bigm:
  Rect 0: x = 0.00, y = 12.00
  Rect 1: x = 14.00, y = 12.00
  Rect 2: x = 45.00, y = 1.00
  Rect 3: x = 41.00, y = 12.00
  Rect 4: x = 40.00, y = 4.00
  Rect 5: x = 44.00, y = 12.00
  Rect 6: x = 46.00, y = 12.00
  Rect 7: x = 30.00, y = 5.00
  Rect 8: x = 0.00, y = 1.00
  Rect 9: x = 26.00, y = 12.00
  Rect 10: x = 30.00, y = 12.00
  → saved figures to strip_figures/11_1_tres_bigm.png and strip_figures/11_1_tres_bigm.pdf
Set parameter TokenServer to value "mooring.ecn.purdue.edu"
Read LP format model from file /tmp/tmpmi6dx9l8.pyomo.lp
Reading time = 0.00 seconds
x1124: 2267 rows, 1124 columns, 5943 nonzeros
Set parameter TimeLimit to value 1800
Set parameter Threads to value 1
Gurobi Optimizer version 11.0.0 build v11.0.0rc2 (linux64 - "Oracle Linux Server 9.6")

CPU model: AMD EPYC 7643 48-Core Processor, instruction set [SSE2|AVX|AVX2]
Thread count: 48 physical cores, 96 logical processors, using up to 1 threads

Optimize a model with 2267 rows, 1124 columns and 5943 nonzeros
Model fingerprint: 0x91c697dd
Variable types: 904 continuous, 220 integer (220 binary)
Coefficient statistics:
  Matrix range     [1e+00, 9e+01]
  Objective range  [1e+00, 1e+00]
  Bounds range     [1e+00, 9e+01]
  RHS range        [1e+00, 1e+01]
Presolve removed 969 rows and 456 columns
Presolve time: 0.01s
Presolved: 1298 rows, 668 columns, 3434 nonzeros
Variable types: 538 continuous, 130 integer (130 binary)
Found heuristic solution: objective 91.0000000
Found heuristic solution: objective 87.0000000
Found heuristic solution: objective 77.0000000

Root relaxation: objective 2.600000e+01, 338 iterations, 0.00 seconds (0.00 work units)

    Nodes    |    Current Node    |     Objective Bounds      |     Work
 Expl Unexpl |  Obj  Depth IntInf | Incumbent    BestBd   Gap | It/Node Time

     0     0   26.00000    0   31   77.00000   26.00000  66.2%     -    0s
H    0     0                      60.0000000   26.00000  56.7%     -    0s
     0     0   26.00000    0   53   60.00000   26.00000  56.7%     -    0s
     0     0   26.00000    0   52   60.00000   26.00000  56.7%     -    0s
     0     0   26.00000    0   28   60.00000   26.00000  56.7%     -    0s
     0     0   26.00000    0   37   60.00000   26.00000  56.7%     -    0s
     0     0   26.00000    0   25   60.00000   26.00000  56.7%     -    0s
     0     0   26.00000    0   45   60.00000   26.00000  56.7%     -    0s
     0     0   26.00000    0   39   60.00000   26.00000  56.7%     -    0s
     0     0   26.00000    0   31   60.00000   26.00000  56.7%     -    0s
H    0     0                      58.0000000   26.00000  55.2%     -    0s
     0     2   26.00000    0   30   58.00000   26.00000  55.2%     -    0s
*   44    38              31      55.0000000   28.70000  47.8%  21.2    0s
H   54    41                      52.0000000   29.52174  43.2%  22.5    0s
H   78    51                      52.0000000   29.52174  43.2%  19.8    0s
H  208   115                      51.0000000   30.48000  40.2%  18.8    0s
H 1693   233                      51.0000000   41.60000  18.4%  30.2    2s

Explored 2525 nodes (81422 simplex iterations) in 3.05 seconds (2.58 work units)
Thread count was 1 (of 96 available processors)

Solution count 9: 51 51 52 ... 91

Optimal solution found (tolerance 1.00e-04)
Best objective 5.099999999480e+01, best bound 5.099999999480e+01, gap 0.0000%

Instance 11_1, formulation tres, reform hull:
  Rect 0: x = 37.00, y = 11.00
  Rect 1: x = 0.00, y = 12.00
  Rect 2: x = 21.00, y = 12.00
  Rect 3: x = 25.00, y = 8.00
  Rect 4: x = 22.00, y = 11.00
  Rect 5: x = 23.00, y = 5.00
  Rect 6: x = 28.00, y = 8.00
  Rect 7: x = 12.00, y = 12.00
  Rect 8: x = 27.00, y = 12.00
  Rect 9: x = 33.00, y = 11.00
  Rect 10: x = 12.00, y = 7.00
  → saved figures to strip_figures/11_1_tres_hull.png and strip_figures/11_1_tres_hull.pdf
Set parameter TokenServer to value "mooring.ecn.purdue.edu"
Read LP format model from file /tmp/tmpxth8ue5u.pyomo.lp
Reading time = 0.00 seconds
x244: 287 rows, 244 columns, 1533 nonzeros
Set parameter TimeLimit to value 1800
Set parameter Threads to value 1
Gurobi Optimizer version 11.0.0 build v11.0.0rc2 (linux64 - "Oracle Linux Server 9.6")

CPU model: AMD EPYC 7643 48-Core Processor, instruction set [SSE2|AVX|AVX2]
Thread count: 48 physical cores, 96 logical processors, using up to 1 threads

Optimize a model with 287 rows, 244 columns and 1533 nonzeros
Model fingerprint: 0xa36996a3
Variable types: 24 continuous, 220 integer (220 binary)
Coefficient statistics:
  Matrix range     [1e+00, 9e+01]
  Objective range  [1e+00, 1e+00]
  Bounds range     [1e+00, 9e+01]
  RHS range        [1e+00, 1e+01]
Found heuristic solution: objective 60.0000000
Presolve removed 91 rows and 92 columns
Presolve time: 0.00s
Presolved: 196 rows, 152 columns, 772 nonzeros
Variable types: 22 continuous, 130 integer (130 binary)

Root relaxation: objective 2.600000e+01, 79 iterations, 0.00 seconds (0.00 work units)

    Nodes    |    Current Node    |     Objective Bounds      |     Work
 Expl Unexpl |  Obj  Depth IntInf | Incumbent    BestBd   Gap | It/Node Time

     0     0   26.00000    0   15   60.00000   26.00000  56.7%     -    0s
H    0     0                      54.0000000   26.00000  51.9%     -    0s
     0     0   26.63179    0   24   54.00000   26.63179  50.7%     -    0s
     0     0   29.14826    0   36   54.00000   29.14826  46.0%     -    0s
     0     0   29.42803    0   35   54.00000   29.42803  45.5%     -    0s
     0     0   29.42803    0   40   54.00000   29.42803  45.5%     -    0s
     0     0   29.42803    0   41   54.00000   29.42803  45.5%     -    0s
     0     0   29.78035    0   47   54.00000   29.78035  44.9%     -    0s
     0     0   29.98702    0   42   54.00000   29.98702  44.5%     -    0s
     0     0   29.98898    0   43   54.00000   29.98898  44.5%     -    0s
     0     0   29.98909    0   43   54.00000   29.98909  44.5%     -    0s
     0     0   30.20782    0   40   54.00000   30.20782  44.1%     -    0s
     0     0   30.26903    0   39   54.00000   30.26903  43.9%     -    0s
     0     0   30.27326    0   35   54.00000   30.27326  43.9%     -    0s
     0     0   30.28353    0   41   54.00000   30.28353  43.9%     -    0s
     0     0   30.29978    0   42   54.00000   30.29978  43.9%     -    0s
     0     0   30.30861    0   41   54.00000   30.30861  43.9%     -    0s
     0     0   30.30861    0   41   54.00000   30.30861  43.9%     -    0s
     0     0   30.31578    0   37   54.00000   30.31578  43.9%     -    0s
     0     0   30.31716    0   38   54.00000   30.31716  43.9%     -    0s
     0     0   30.32303    0   39   54.00000   30.32303  43.8%     -    0s
     0     0   30.32693    0   40   54.00000   30.32693  43.8%     -    0s
     0     0   30.32693    0   39   54.00000   30.32693  43.8%     -    0s
     0     0   30.32693    0   39   54.00000   30.32693  43.8%     -    0s
     0     0   30.32693    0   29   54.00000   30.32693  43.8%     -    0s
H    0     0                      51.0000000   30.32693  40.5%     -    0s
     0     2   30.40696    0   21   51.00000   30.40696  40.4%     -    0s

Cutting planes:
  Learned: 6
  Gomory: 7
  Cover: 74
  Implied bound: 103
  Clique: 4
  MIR: 120
  StrongCG: 1
  Inf proof: 83
  RLT: 33
  Relax-and-lift: 10

Explored 4464 nodes (33277 simplex iterations) in 0.81 seconds (0.59 work units)
Thread count was 1 (of 96 available processors)

Solution count 3: 51 54 60 

Optimal solution found (tolerance 1.00e-04)
Best objective 5.100000000000e+01, best bound 5.100000000000e+01, gap 0.0000%

Instance 11_1, formulation reagg, reform MIP:
  Rect 0: x = 25.00, y = 12.00
  Rect 1: x = 39.00, y = 12.00
  Rect 2: x = 9.00, y = 1.00
  Rect 3: x = 18.00, y = 12.00
  Rect 4: x = 9.00, y = 4.00
  Rect 5: x = 11.00, y = 9.00
  Rect 6: x = 13.00, y = 12.00
  Rect 7: x = 0.00, y = 5.00
  Rect 8: x = 15.78, y = 1.00
  Rect 9: x = 21.00, y = 12.00
  Rect 10: x = 0.00, y = 12.00
  → saved figures to strip_figures/11_1_reagg_MIP.png and strip_figures/11_1_reagg_MIP.pdf
Set parameter TokenServer to value "mooring.ecn.purdue.edu"
Read LP format model from file /tmp/tmp_34kxj3h.pyomo.lp
Reading time = 0.00 seconds
x244: 287 rows, 244 columns, 1533 nonzeros
Set parameter TimeLimit to value 1800
Set parameter Threads to value 1
Gurobi Optimizer version 11.0.0 build v11.0.0rc2 (linux64 - "Oracle Linux Server 9.6")

CPU model: AMD EPYC 7643 48-Core Processor, instruction set [SSE2|AVX|AVX2]
Thread count: 48 physical cores, 96 logical processors, using up to 1 threads

Optimize a model with 287 rows, 244 columns and 1533 nonzeros
Model fingerprint: 0xb557e2da
Variable types: 24 continuous, 220 integer (220 binary)
Coefficient statistics:
  Matrix range     [1e+00, 9e+01]
  Objective range  [1e+00, 1e+00]
  Bounds range     [1e+00, 9e+01]
  RHS range        [1e+00, 1e+01]
Presolve removed 91 rows and 93 columns
Presolve time: 0.00s
Presolved: 196 rows, 151 columns, 745 nonzeros
Variable types: 22 continuous, 129 integer (129 binary)
Found heuristic solution: objective 69.0000000

Root relaxation: objective 2.600000e+01, 80 iterations, 0.00 seconds (0.00 work units)

    Nodes    |    Current Node    |     Objective Bounds      |     Work
 Expl Unexpl |  Obj  Depth IntInf | Incumbent    BestBd   Gap | It/Node Time

     0     0   26.00000    0   15   69.00000   26.00000  62.3%     -    0s
H    0     0                      60.0000000   26.00000  56.7%     -    0s
     0     0   29.12500    0   47   60.00000   29.12500  51.5%     -    0s
     0     0   29.12500    0   47   60.00000   29.12500  51.5%     -    0s
     0     0   29.23881    0   43   60.00000   29.23881  51.3%     -    0s
H    0     0                      58.0000000   29.59211  49.0%     -    0s
     0     0   29.59211    0   41   58.00000   29.59211  49.0%     -    0s
     0     0   29.76021    0   40   58.00000   29.76021  48.7%     -    0s
     0     0   29.93846    0   40   58.00000   29.93846  48.4%     -    0s
     0     0   29.96640    0   40   58.00000   29.96640  48.3%     -    0s
     0     0   29.96743    0   41   58.00000   29.96743  48.3%     -    0s
     0     0   30.30486    0   38   58.00000   30.30486  47.8%     -    0s
     0     0   30.43417    0   35   58.00000   30.43417  47.5%     -    0s
     0     0   30.47633    0   32   58.00000   30.47633  47.5%     -    0s
     0     0   30.47975    0   32   58.00000   30.47975  47.4%     -    0s
     0     0   30.48122    0   35   58.00000   30.48122  47.4%     -    0s
     0     0   30.48730    0   35   58.00000   30.48730  47.4%     -    0s
     0     0   30.48951    0   35   58.00000   30.48951  47.4%     -    0s
     0     0   30.48984    0   35   58.00000   30.48984  47.4%     -    0s
     0     0   30.49699    0   34   58.00000   30.49699  47.4%     -    0s
     0     0   30.49904    0   34   58.00000   30.49904  47.4%     -    0s
     0     0   30.51162    0   34   58.00000   30.51162  47.4%     -    0s
     0     0   30.51904    0   34   58.00000   30.51904  47.4%     -    0s
     0     2   30.51904    0   34   58.00000   30.51904  47.4%     -    0s
H   91    49                      57.0000000   31.28844  45.1%  13.0    0s
H  185   118                      55.0000000   31.32122  43.1%  10.9    0s
*  384   228              29      53.0000000   31.76654  40.1%   9.3    0s
H  551   256                      51.0000000   33.48352  34.3%   9.9    0s

Cutting planes:
  Gomory: 4
  Cover: 4
  Implied bound: 9
  MIR: 11
  Flow cover: 22
  Inf proof: 2
  RLT: 1
  Relax-and-lift: 2

Explored 2738 nodes (33401 simplex iterations) in 0.95 seconds (0.66 work units)
Thread count was 1 (of 96 available processors)

Solution count 7: 51 53 55 ... 69

Optimal solution found (tolerance 1.00e-04)
Best objective 5.100000000000e+01, best bound 5.100000000000e+01, gap 0.0000%

Instance 11_1, formulation reagg_tres, reform MIP:
  Rect 0: x = 0.00, y = 12.00
  Rect 1: x = 35.00, y = 12.00
  Rect 2: x = 0.00, y = 1.00
  Rect 3: x = 21.00, y = 8.00
  Rect 4: x = 14.00, y = 12.00
  Rect 5: x = 14.00, y = 6.00
  Rect 6: x = 16.00, y = 9.00
  Rect 7: x = 25.00, y = 12.00
  Rect 8: x = 7.00, y = 1.00
  Rect 9: x = 47.00, y = 11.00
  Rect 10: x = 24.00, y = 7.00
  → saved figures to strip_figures/11_1_reagg_tres_MIP.png and strip_figures/11_1_reagg_tres_MIP.pdf
Set parameter TokenServer to value "mooring.ecn.purdue.edu"
Read LP format model from file /tmp/tmpqtpzig_9.pyomo.lp
Reading time = 0.00 seconds
x244: 727 rows, 244 columns, 1783 nonzeros
Set parameter TimeLimit to value 1800
Set parameter Threads to value 1
Gurobi Optimizer version 11.0.0 build v11.0.0rc2 (linux64 - "Oracle Linux Server 9.6")

CPU model: AMD EPYC 7643 48-Core Processor, instruction set [SSE2|AVX|AVX2]
Thread count: 48 physical cores, 96 logical processors, using up to 1 threads

Optimize a model with 727 rows, 244 columns and 1783 nonzeros
Model fingerprint: 0xc7a28407
Variable types: 24 continuous, 220 integer (220 binary)
Coefficient statistics:
  Matrix range     [1e+00, 1e+02]
  Objective range  [1e+00, 1e+00]
  Bounds range     [1e+00, 1e+02]
  RHS range        [1e+00, 1e+02]
Presolve removed 516 rows and 77 columns
Presolve time: 0.00s
Presolved: 211 rows, 167 columns, 652 nonzeros
Variable types: 22 continuous, 145 integer (145 binary)
Found heuristic solution: objective 85.0000000
Found heuristic solution: objective 84.0000000
Found heuristic solution: objective 82.0000000

Root relaxation: objective 2.800000e+01, 76 iterations, 0.00 seconds (0.00 work units)

    Nodes    |    Current Node    |     Objective Bounds      |     Work
 Expl Unexpl |  Obj  Depth IntInf | Incumbent    BestBd   Gap | It/Node Time

     0     0   28.00000    0   15   82.00000   28.00000  65.9%     -    0s
H    0     0                      59.0000000   28.00000  52.5%     -    0s
     0     0   28.00000    0   38   59.00000   28.00000  52.5%     -    0s
     0     0   32.15094    0   35   59.00000   32.15094  45.5%     -    0s
     0     0   32.83865    0   17   59.00000   32.83865  44.3%     -    0s
     0     0   35.68957    0   18   59.00000   35.68957  39.5%     -    0s
     0     0   35.68957    0   25   59.00000   35.68957  39.5%     -    0s
H    0     0                      58.0000000   35.68957  38.5%     -    0s
     0     0   35.68957    0   37   58.00000   35.68957  38.5%     -    0s
     0     0   35.68957    0   40   58.00000   35.68957  38.5%     -    0s
     0     0   36.21744    0   24   58.00000   36.21744  37.6%     -    0s
     0     0   36.62858    0   26   58.00000   36.62858  36.8%     -    0s
     0     0   36.62858    0   26   58.00000   36.62858  36.8%     -    0s
     0     0   36.62858    0   49   58.00000   36.62858  36.8%     -    0s
     0     0   36.62858    0   43   58.00000   36.62858  36.8%     -    0s
     0     0   36.62858    0   33   58.00000   36.62858  36.8%     -    0s
     0     0   36.62858    0   33   58.00000   36.62858  36.8%     -    0s
     0     2   36.62858    0   29   58.00000   36.62858  36.8%     -    0s
*  163   102              34      57.0000000   43.20479  24.2%   8.5    0s
*  252   147              37      55.0000000   45.00971  18.2%   8.1    0s
H  326    95                      53.0000000   46.00000  13.2%   8.8    0s

Cutting planes:
  Learned: 2
  Gomory: 13
  Cover: 150
  Implied bound: 98
  Clique: 9
  MIR: 55
  Inf proof: 20
  RLT: 16
  Relax-and-lift: 23

Explored 829 nodes (12724 simplex iterations) in 0.27 seconds (0.20 work units)
Thread count was 1 (of 96 available processors)

Solution count 8: 53 55 57 ... 85

Optimal solution found (tolerance 1.00e-04)
Best objective 5.300000000000e+01, best bound 5.300000000000e+01, gap 0.0000%

Instance 11_2, formulation altered, reform bigm:
  Rect 0: x = 13.00, y = 10.00
  Rect 1: x = 25.00, y = 8.00
  Rect 2: x = 31.00, y = 10.00
  Rect 3: x = 25.00, y = 1.00
  Rect 4: x = 31.00, y = 7.00
  Rect 5: x = 38.00, y = 5.00
  Rect 6: x = 35.00, y = 7.00
  Rect 7: x = 39.00, y = 10.00
  Rect 8: x = 13.00, y = 8.00
  Rect 9: x = 0.00, y = 10.00
  Rect 10: x = 27.00, y = 10.00
  → saved figures to strip_figures/11_2_altered_bigm.png and strip_figures/11_2_altered_bigm.pdf
Set parameter TokenServer to value "mooring.ecn.purdue.edu"
Read LP format model from file /tmp/tmpdqb70rfv.pyomo.lp
Reading time = 0.00 seconds
x1124: 2267 rows, 1124 columns, 5943 nonzeros
Set parameter TimeLimit to value 1800
Set parameter Threads to value 1
Gurobi Optimizer version 11.0.0 build v11.0.0rc2 (linux64 - "Oracle Linux Server 9.6")

CPU model: AMD EPYC 7643 48-Core Processor, instruction set [SSE2|AVX|AVX2]
Thread count: 48 physical cores, 96 logical processors, using up to 1 threads

Optimize a model with 2267 rows, 1124 columns and 5943 nonzeros
Model fingerprint: 0x15c77cfd
Variable types: 904 continuous, 220 integer (220 binary)
Coefficient statistics:
  Matrix range     [1e+00, 1e+02]
  Objective range  [1e+00, 1e+00]
  Bounds range     [1e+00, 1e+02]
  RHS range        [1e+00, 2e+01]
Presolve removed 878 rows and 383 columns
Presolve time: 0.01s
Presolved: 1389 rows, 741 columns, 3670 nonzeros
Variable types: 596 continuous, 145 integer (145 binary)
Found heuristic solution: objective 102.0000000
Found heuristic solution: objective 96.0000000

Root relaxation: objective 2.800000e+01, 304 iterations, 0.00 seconds (0.00 work units)

    Nodes    |    Current Node    |     Objective Bounds      |     Work
 Expl Unexpl |  Obj  Depth IntInf | Incumbent    BestBd   Gap | It/Node Time

     0     0   28.00000    0   30   96.00000   28.00000  70.8%     -    0s
H    0     0                      84.0000000   28.00000  66.7%     -    0s
     0     0   28.00000    0   56   84.00000   28.00000  66.7%     -    0s
H    0     0                      76.0000000   28.00000  63.2%     -    0s
     0     0   28.00000    0   52   76.00000   28.00000  63.2%     -    0s
     0     0   28.00000    0   41   76.00000   28.00000  63.2%     -    0s
     0     0   28.00000    0   40   76.00000   28.00000  63.2%     -    0s
     0     0   28.00000    0   57   76.00000   28.00000  63.2%     -    0s
     0     0   28.00000    0   37   76.00000   28.00000  63.2%     -    0s
H    0     0                      74.0000000   28.00000  62.2%     -    0s
H    0     0                      67.0000000   28.00000  58.2%     -    0s
     0     2   28.00000    0   34   67.00000   28.00000  58.2%     -    0s
*  108    87              38      63.0000000   28.00000  55.6%  25.3    0s
*  233   153              27      59.0000000   31.73714  46.2%  26.5    0s
*  286   158              38      59.0000000   32.32000  45.2%  24.9    0s
*  821   413              38      58.0000000   33.76000  41.8%  28.7    1s
H  997   430                      57.0000000   40.00000  29.8%  30.1    1s
* 1051   401              35      56.0000000   40.00000  28.6%  30.6    1s
* 1111   370              26      55.0000000   40.00000  27.3%  31.4    1s
H 1198   353                      54.0000000   40.00000  25.9%  31.9    1s
* 1522   170              37      53.0000000   44.00000  17.0%  37.3    2s
H 1814   144                      53.0000000   46.00000  13.2%  40.3    3s

Cutting planes:
  Cover: 13
  Implied bound: 5
  Clique: 3
  MIR: 7
  Flow cover: 9
  RLT: 5
  Relax-and-lift: 4

Explored 2426 nodes (107366 simplex iterations) in 4.16 seconds (3.48 work units)
Thread count was 1 (of 96 available processors)

Solution count 10: 53 53 54 ... 63

Optimal solution found (tolerance 1.00e-04)
Best objective 5.299999999460e+01, best bound 5.299999999460e+01, gap 0.0000%

Instance 11_2, formulation altered, reform hull:
  Rect 0: x = 0.00, y = 10.00
  Rect 1: x = 12.00, y = 8.00
  Rect 2: x = 18.00, y = 4.00
  Rect 3: x = 12.00, y = 1.00
  Rect 4: x = 18.00, y = 10.00
  Rect 5: x = 38.00, y = 10.00
  Rect 6: x = 22.00, y = 10.00
  Rect 7: x = 39.00, y = 5.00
  Rect 8: x = 0.00, y = 8.00
  Rect 9: x = 25.00, y = 10.00
  Rect 10: x = 15.00, y = 10.00
  → saved figures to strip_figures/11_2_altered_hull.png and strip_figures/11_2_altered_hull.pdf
Set parameter TokenServer to value "mooring.ecn.purdue.edu"
Read LP format model from file /tmp/tmppskp0fmg.pyomo.lp
Reading time = 0.00 seconds
x244: 727 rows, 244 columns, 1783 nonzeros
Set parameter TimeLimit to value 1800
Set parameter Threads to value 1
Gurobi Optimizer version 11.0.0 build v11.0.0rc2 (linux64 - "Oracle Linux Server 9.6")

CPU model: AMD EPYC 7643 48-Core Processor, instruction set [SSE2|AVX|AVX2]
Thread count: 48 physical cores, 96 logical processors, using up to 1 threads

Optimize a model with 727 rows, 244 columns and 1783 nonzeros
Model fingerprint: 0xc7a28407
Variable types: 24 continuous, 220 integer (220 binary)
Coefficient statistics:
  Matrix range     [1e+00, 1e+02]
  Objective range  [1e+00, 1e+00]
  Bounds range     [1e+00, 1e+02]
  RHS range        [1e+00, 1e+02]
Presolve removed 516 rows and 77 columns
Presolve time: 0.00s
Presolved: 211 rows, 167 columns, 652 nonzeros
Variable types: 22 continuous, 145 integer (145 binary)
Found heuristic solution: objective 85.0000000
Found heuristic solution: objective 84.0000000
Found heuristic solution: objective 82.0000000

Root relaxation: objective 2.800000e+01, 76 iterations, 0.00 seconds (0.00 work units)

    Nodes    |    Current Node    |     Objective Bounds      |     Work
 Expl Unexpl |  Obj  Depth IntInf | Incumbent    BestBd   Gap | It/Node Time

     0     0   28.00000    0   15   82.00000   28.00000  65.9%     -    0s
H    0     0                      59.0000000   28.00000  52.5%     -    0s
     0     0   28.00000    0   38   59.00000   28.00000  52.5%     -    0s
     0     0   32.15094    0   35   59.00000   32.15094  45.5%     -    0s
     0     0   32.83865    0   17   59.00000   32.83865  44.3%     -    0s
     0     0   35.68957    0   18   59.00000   35.68957  39.5%     -    0s
     0     0   35.68957    0   25   59.00000   35.68957  39.5%     -    0s
H    0     0                      58.0000000   35.68957  38.5%     -    0s
     0     0   35.68957    0   37   58.00000   35.68957  38.5%     -    0s
     0     0   35.68957    0   40   58.00000   35.68957  38.5%     -    0s
     0     0   36.21744    0   24   58.00000   36.21744  37.6%     -    0s
     0     0   36.62858    0   26   58.00000   36.62858  36.8%     -    0s
     0     0   36.62858    0   26   58.00000   36.62858  36.8%     -    0s
     0     0   36.62858    0   49   58.00000   36.62858  36.8%     -    0s
     0     0   36.62858    0   43   58.00000   36.62858  36.8%     -    0s
     0     0   36.62858    0   33   58.00000   36.62858  36.8%     -    0s
     0     0   36.62858    0   33   58.00000   36.62858  36.8%     -    0s
     0     2   36.62858    0   29   58.00000   36.62858  36.8%     -    0s
*  163   102              34      57.0000000   43.20479  24.2%   8.5    0s
*  252   147              37      55.0000000   45.00971  18.2%   8.1    0s
H  326    95                      53.0000000   46.00000  13.2%   8.8    0s

Cutting planes:
  Learned: 2
  Gomory: 13
  Cover: 150
  Implied bound: 98
  Clique: 9
  MIR: 55
  Inf proof: 20
  RLT: 16
  Relax-and-lift: 23

Explored 829 nodes (12724 simplex iterations) in 0.27 seconds (0.20 work units)
Thread count was 1 (of 96 available processors)

Solution count 8: 53 55 57 ... 85

Optimal solution found (tolerance 1.00e-04)
Best objective 5.300000000000e+01, best bound 5.300000000000e+01, gap 0.0000%

Instance 11_2, formulation tres, reform bigm:
  Rect 0: x = 13.00, y = 10.00
  Rect 1: x = 25.00, y = 8.00
  Rect 2: x = 31.00, y = 10.00
  Rect 3: x = 25.00, y = 1.00
  Rect 4: x = 31.00, y = 7.00
  Rect 5: x = 38.00, y = 5.00
  Rect 6: x = 35.00, y = 7.00
  Rect 7: x = 39.00, y = 10.00
  Rect 8: x = 13.00, y = 8.00
  Rect 9: x = 0.00, y = 10.00
  Rect 10: x = 27.00, y = 10.00
  → saved figures to strip_figures/11_2_tres_bigm.png and strip_figures/11_2_tres_bigm.pdf
Set parameter TokenServer to value "mooring.ecn.purdue.edu"
Read LP format model from file /tmp/tmpt_k5fu3f.pyomo.lp
Reading time = 0.00 seconds
x1124: 2267 rows, 1124 columns, 5943 nonzeros
Set parameter TimeLimit to value 1800
Set parameter Threads to value 1
Gurobi Optimizer version 11.0.0 build v11.0.0rc2 (linux64 - "Oracle Linux Server 9.6")

CPU model: AMD EPYC 7643 48-Core Processor, instruction set [SSE2|AVX|AVX2]
Thread count: 48 physical cores, 96 logical processors, using up to 1 threads

Optimize a model with 2267 rows, 1124 columns and 5943 nonzeros
Model fingerprint: 0x15c77cfd
Variable types: 904 continuous, 220 integer (220 binary)
Coefficient statistics:
  Matrix range     [1e+00, 1e+02]
  Objective range  [1e+00, 1e+00]
  Bounds range     [1e+00, 1e+02]
  RHS range        [1e+00, 2e+01]
Presolve removed 878 rows and 383 columns
Presolve time: 0.01s
Presolved: 1389 rows, 741 columns, 3670 nonzeros
Variable types: 596 continuous, 145 integer (145 binary)
Found heuristic solution: objective 102.0000000
Found heuristic solution: objective 96.0000000

Root relaxation: objective 2.800000e+01, 304 iterations, 0.00 seconds (0.00 work units)

    Nodes    |    Current Node    |     Objective Bounds      |     Work
 Expl Unexpl |  Obj  Depth IntInf | Incumbent    BestBd   Gap | It/Node Time

     0     0   28.00000    0   30   96.00000   28.00000  70.8%     -    0s
H    0     0                      84.0000000   28.00000  66.7%     -    0s
     0     0   28.00000    0   56   84.00000   28.00000  66.7%     -    0s
H    0     0                      76.0000000   28.00000  63.2%     -    0s
     0     0   28.00000    0   52   76.00000   28.00000  63.2%     -    0s
     0     0   28.00000    0   41   76.00000   28.00000  63.2%     -    0s
     0     0   28.00000    0   40   76.00000   28.00000  63.2%     -    0s
     0     0   28.00000    0   57   76.00000   28.00000  63.2%     -    0s
     0     0   28.00000    0   37   76.00000   28.00000  63.2%     -    0s
H    0     0                      74.0000000   28.00000  62.2%     -    0s
H    0     0                      67.0000000   28.00000  58.2%     -    0s
     0     2   28.00000    0   34   67.00000   28.00000  58.2%     -    0s
*  108    87              38      63.0000000   28.00000  55.6%  25.3    0s
*  233   153              27      59.0000000   31.73714  46.2%  26.5    0s
*  286   158              38      59.0000000   32.32000  45.2%  24.9    0s
*  821   413              38      58.0000000   33.76000  41.8%  28.7    1s
H  997   430                      57.0000000   40.00000  29.8%  30.1    1s
* 1051   401              35      56.0000000   40.00000  28.6%  30.6    1s
* 1111   370              26      55.0000000   40.00000  27.3%  31.4    1s
H 1198   353                      54.0000000   40.00000  25.9%  31.9    1s
* 1522   170              37      53.0000000   44.00000  17.0%  37.3    2s
H 1814   144                      53.0000000   46.00000  13.2%  40.3    3s

Cutting planes:
  Cover: 13
  Implied bound: 5
  Clique: 3
  MIR: 7
  Flow cover: 9
  RLT: 5
  Relax-and-lift: 4

Explored 2426 nodes (107366 simplex iterations) in 4.15 seconds (3.48 work units)
Thread count was 1 (of 96 available processors)

Solution count 10: 53 53 54 ... 63

Optimal solution found (tolerance 1.00e-04)
Best objective 5.299999999460e+01, best bound 5.299999999460e+01, gap 0.0000%

Instance 11_2, formulation tres, reform hull:
  Rect 0: x = 0.00, y = 10.00
  Rect 1: x = 12.00, y = 8.00
  Rect 2: x = 18.00, y = 4.00
  Rect 3: x = 12.00, y = 1.00
  Rect 4: x = 18.00, y = 10.00
  Rect 5: x = 38.00, y = 10.00
  Rect 6: x = 22.00, y = 10.00
  Rect 7: x = 39.00, y = 5.00
  Rect 8: x = 0.00, y = 8.00
  Rect 9: x = 25.00, y = 10.00
  Rect 10: x = 15.00, y = 10.00
  → saved figures to strip_figures/11_2_tres_hull.png and strip_figures/11_2_tres_hull.pdf
Set parameter TokenServer to value "mooring.ecn.purdue.edu"
Read LP format model from file /tmp/tmplsm2jfhe.pyomo.lp
Reading time = 0.00 seconds
x244: 287 rows, 244 columns, 1533 nonzeros
Set parameter TimeLimit to value 1800
Set parameter Threads to value 1
Gurobi Optimizer version 11.0.0 build v11.0.0rc2 (linux64 - "Oracle Linux Server 9.6")

CPU model: AMD EPYC 7643 48-Core Processor, instruction set [SSE2|AVX|AVX2]
Thread count: 48 physical cores, 96 logical processors, using up to 1 threads

Optimize a model with 287 rows, 244 columns and 1533 nonzeros
Model fingerprint: 0x581cd1c4
Variable types: 24 continuous, 220 integer (220 binary)
Coefficient statistics:
  Matrix range     [1e+00, 1e+02]
  Objective range  [1e+00, 1e+00]
  Bounds range     [1e+00, 1e+02]
  RHS range        [1e+00, 2e+01]
Presolve removed 76 rows and 77 columns
Presolve time: 0.00s
Presolved: 211 rows, 167 columns, 842 nonzeros
Variable types: 22 continuous, 145 integer (145 binary)
Found heuristic solution: objective 67.0000000

Root relaxation: objective 2.800000e+01, 76 iterations, 0.00 seconds (0.00 work units)

    Nodes    |    Current Node    |     Objective Bounds      |     Work
 Expl Unexpl |  Obj  Depth IntInf | Incumbent    BestBd   Gap | It/Node Time

     0     0   28.00000    0   17   67.00000   28.00000  58.2%     -    0s
H    0     0                      66.0000000   28.00000  57.6%     -    0s
     0     0   31.70178    0   39   66.00000   31.70178  52.0%     -    0s
     0     0   35.09434    0   37   66.00000   35.09434  46.8%     -    0s
     0     0   35.44719    0   30   66.00000   35.44719  46.3%     -    0s
     0     0   35.94927    0   28   66.00000   35.94927  45.5%     -    0s
     0     0   35.94927    0   28   66.00000   35.94927  45.5%     -    0s
     0     0   36.29022    0   23   66.00000   36.29022  45.0%     -    0s
H    0     0                      62.0000000   36.38483  41.3%     -    0s
     0     0   36.38483    0   34   62.00000   36.38483  41.3%     -    0s
     0     0   36.38483    0   34   62.00000   36.38483  41.3%     -    0s
     0     0   36.38483    0   34   62.00000   36.38483  41.3%     -    0s
     0     0   38.35979    0   19   62.00000   38.35979  38.1%     -    0s
     0     0   38.44689    0   19   62.00000   38.44689  38.0%     -    0s
     0     0   38.44689    0   16   62.00000   38.44689  38.0%     -    0s
     0     0   38.66225    0   16   62.00000   38.66225  37.6%     -    0s
     0     0   38.66225    0   16   62.00000   38.66225  37.6%     -    0s
     0     0   38.66225    0   14   62.00000   38.66225  37.6%     -    0s
     0     0   38.66225    0   19   62.00000   38.66225  37.6%     -    0s
     0     0   38.66225    0   14   62.00000   38.66225  37.6%     -    0s
H    0     0                      59.0000000   38.66225  34.5%     -    0s
     0     0   38.66225    0   15   59.00000   38.66225  34.5%     -    0s
     0     0   38.66225    0   11   59.00000   38.66225  34.5%     -    0s
H    0     0                      56.0000000   38.66225  31.0%     -    0s
     0     0   38.66225    0   15   56.00000   38.66225  31.0%     -    0s
     0     0   38.66225    0   12   56.00000   38.66225  31.0%     -    0s
     0     0   38.66225    0   17   56.00000   38.66225  31.0%     -    0s
     0     0   38.66225    0    9   56.00000   38.66225  31.0%     -    0s
     0     0   38.66225    0   18   56.00000   38.66225  31.0%     -    0s
     0     0   38.66225    0   16   56.00000   38.66225  31.0%     -    0s
     0     0   38.66225    0   16   56.00000   38.66225  31.0%     -    0s
     0     2   39.12195    0   12   56.00000   39.12195  30.1%     -    0s
H   27    27                      55.0000000   40.00000  27.3%  11.9    0s
*  703   319              35      54.0000000   47.32296  12.4%   7.1    0s
*  887   338              28      53.0000000   47.32296  10.7%   9.6    0s

Cutting planes:
  Cover: 7
  Implied bound: 4
  Clique: 8
  Flow cover: 3
  RLT: 1
  Relax-and-lift: 1
  BQP: 1
  PSD: 1

Explored 1141 nodes (13211 simplex iterations) in 0.41 seconds (0.27 work units)
Thread count was 1 (of 96 available processors)

Solution count 8: 53 54 55 ... 67

Optimal solution found (tolerance 1.00e-04)
Best objective 5.300000000000e+01, best bound 5.300000000000e+01, gap 0.0000%

Instance 11_2, formulation reagg, reform MIP:
  Rect 0: x = 13.00, y = 2.00
  Rect 1: x = 25.00, y = 9.00
  Rect 2: x = 31.00, y = 9.00
  Rect 3: x = 25.00, y = 10.00
  Rect 4: x = 34.00, y = 6.00
  Rect 5: x = 38.00, y = 5.00
  Rect 6: x = 31.00, y = 6.00
  Rect 7: x = 38.00, y = 10.00
  Rect 8: x = 13.00, y = 10.00
  Rect 9: x = 0.00, y = 10.00
  Rect 10: x = 28.00, y = 2.00
  → saved figures to strip_figures/11_2_reagg_MIP.png and strip_figures/11_2_reagg_MIP.pdf
Set parameter TokenServer to value "mooring.ecn.purdue.edu"
Read LP format model from file /tmp/tmpxkhrzom8.pyomo.lp
Reading time = 0.00 seconds
x244: 287 rows, 244 columns, 1533 nonzeros
Set parameter TimeLimit to value 1800
Set parameter Threads to value 1
Gurobi Optimizer version 11.0.0 build v11.0.0rc2 (linux64 - "Oracle Linux Server 9.6")

CPU model: AMD EPYC 7643 48-Core Processor, instruction set [SSE2|AVX|AVX2]
Thread count: 48 physical cores, 96 logical processors, using up to 1 threads

Optimize a model with 287 rows, 244 columns and 1533 nonzeros
Model fingerprint: 0x4d4b6e1c
Variable types: 24 continuous, 220 integer (220 binary)
Coefficient statistics:
  Matrix range     [1e+00, 1e+02]
  Objective range  [1e+00, 1e+00]
  Bounds range     [1e+00, 1e+02]
  RHS range        [1e+00, 2e+01]
Found heuristic solution: objective 59.0000000
Presolve removed 76 rows and 79 columns
Presolve time: 0.00s
Presolved: 211 rows, 165 columns, 808 nonzeros
Variable types: 22 continuous, 143 integer (143 binary)

Root relaxation: objective 2.800000e+01, 82 iterations, 0.00 seconds (0.00 work units)

    Nodes    |    Current Node    |     Objective Bounds      |     Work
 Expl Unexpl |  Obj  Depth IntInf | Incumbent    BestBd   Gap | It/Node Time

     0     0   28.00000    0   16   59.00000   28.00000  52.5%     -    0s
H    0     0                      58.0000000   28.00000  51.7%     -    0s
     0     0   28.00000    0   41   58.00000   28.00000  51.7%     -    0s
     0     0   28.00000    0   41   58.00000   28.00000  51.7%     -    0s
     0     0   33.19737    0   29   58.00000   33.19737  42.8%     -    0s
     0     0   37.57430    0   26   58.00000   37.57430  35.2%     -    0s
     0     0   37.57430    0   29   58.00000   37.57430  35.2%     -    0s
     0     0   37.57430    0   28   58.00000   37.57430  35.2%     -    0s
     0     0   37.57430    0   33   58.00000   37.57430  35.2%     -    0s
     0     0   37.57430    0   32   58.00000   37.57430  35.2%     -    0s
     0     0   37.57430    0   36   58.00000   37.57430  35.2%     -    0s
     0     0   37.57430    0   36   58.00000   37.57430  35.2%     -    0s
     0     0   37.57430    0   36   58.00000   37.57430  35.2%     -    0s
     0     0   37.57430    0   38   58.00000   37.57430  35.2%     -    0s
     0     0   37.57430    0   32   58.00000   37.57430  35.2%     -    0s
     0     0   37.57430    0   33   58.00000   37.57430  35.2%     -    0s
     0     0   37.57430    0   35   58.00000   37.57430  35.2%     -    0s
     0     0   37.57430    0   35   58.00000   37.57430  35.2%     -    0s
     0     0   37.57430    0   45   58.00000   37.57430  35.2%     -    0s
     0     0   37.57430    0   42   58.00000   37.57430  35.2%     -    0s
     0     0   37.57430    0   43   58.00000   37.57430  35.2%     -    0s
     0     0   37.57430    0   40   58.00000   37.57430  35.2%     -    0s
     0     0   37.57430    0   42   58.00000   37.57430  35.2%     -    0s
     0     0   37.57430    0   41   58.00000   37.57430  35.2%     -    0s
     0     0   37.57430    0   45   58.00000   37.57430  35.2%     -    0s
     0     0   37.57430    0   49   58.00000   37.57430  35.2%     -    0s
     0     0   37.57430    0   47   58.00000   37.57430  35.2%     -    0s
     0     0   37.57430    0   51   58.00000   37.57430  35.2%     -    0s
     0     0   37.57430    0   52   58.00000   37.57430  35.2%     -    0s
     0     0   37.57430    0   33   58.00000   37.57430  35.2%     -    0s
     0     2   37.57430    0   19   58.00000   37.57430  35.2%     -    0s
*  325   144              39      55.0000000   43.92157  20.1%   7.6    0s
H  690   277                      55.0000000   46.98230  14.6%   7.5    0s
*  867   311              32      54.0000000   48.28374  10.6%   7.2    0s
H  909   310                      54.0000000   48.89474  9.45%   7.3    0s
H  966   315                      53.0000000   48.89474  7.75%   7.4    0s

Cutting planes:
  Gomory: 2
  Cover: 10
  Implied bound: 8
  MIR: 16
  Flow cover: 13
  GUB cover: 2
  Inf proof: 1
  RLT: 5
  Relax-and-lift: 1

Explored 1095 nodes (12953 simplex iterations) in 0.43 seconds (0.29 work units)
Thread count was 1 (of 96 available processors)

Solution count 7: 53 54 54 ... 59

Optimal solution found (tolerance 1.00e-04)
Best objective 5.300000000000e+01, best bound 5.300000000000e+01, gap 0.0000%

Instance 11_2, formulation reagg_tres, reform MIP:
  Rect 0: x = 14.00, y = 2.00
  Rect 1: x = 27.00, y = 10.00
  Rect 2: x = 33.00, y = 10.00
  Rect 3: x = 28.00, y = 1.00
  Rect 4: x = 36.00, y = 7.00
  Rect 5: x = 0.00, y = 10.00
  Rect 6: x = 33.00, y = 7.00
  Rect 7: x = 0.00, y = 5.00
  Rect 8: x = 15.00, y = 10.00
  Rect 9: x = 40.00, y = 10.00
  Rect 10: x = 28.00, y = 3.00
  → saved figures to strip_figures/11_2_reagg_tres_MIP.png and strip_figures/11_2_reagg_tres_MIP.pdf
Set parameter TokenServer to value "mooring.ecn.purdue.edu"
Read LP format model from file /tmp/tmpg06uz55j.pyomo.lp
Reading time = 0.00 seconds
x244: 727 rows, 244 columns, 1783 nonzeros
Set parameter TimeLimit to value 1800
Set parameter Threads to value 1
Gurobi Optimizer version 11.0.0 build v11.0.0rc2 (linux64 - "Oracle Linux Server 9.6")

CPU model: AMD EPYC 7643 48-Core Processor, instruction set [SSE2|AVX|AVX2]
Thread count: 48 physical cores, 96 logical processors, using up to 1 threads

Optimize a model with 727 rows, 244 columns and 1783 nonzeros
Model fingerprint: 0x40faf679
Variable types: 24 continuous, 220 integer (220 binary)
Coefficient statistics:
  Matrix range     [1e+00, 1e+02]
  Objective range  [1e+00, 1e+00]
  Bounds range     [1e+00, 8e+01]
  RHS range        [1e+00, 8e+01]
Presolve removed 495 rows and 55 columns
Presolve time: 0.00s
Presolved: 232 rows, 189 columns, 722 nonzeros
Variable types: 23 continuous, 166 integer (166 binary)
Found heuristic solution: objective 61.0000000

Root relaxation: objective 3.000000e+01, 85 iterations, 0.00 seconds (0.00 work units)

    Nodes    |    Current Node    |     Objective Bounds      |     Work
 Expl Unexpl |  Obj  Depth IntInf | Incumbent    BestBd   Gap | It/Node Time

     0     0   30.00000    0    8   61.00000   30.00000  50.8%     -    0s
H    0     0                      47.0000000   30.00000  36.2%     -    0s
H    0     0                      46.0000000   30.00000  34.8%     -    0s
     0     0   30.00000    0   24   46.00000   30.00000  34.8%     -    0s
     0     0   30.00000    0   28   46.00000   30.00000  34.8%     -    0s
     0     0   30.00000    0    9   46.00000   30.00000  34.8%     -    0s
H    0     0                      45.0000000   30.00000  33.3%     -    0s
     0     0   30.00000    0   11   45.00000   30.00000  33.3%     -    0s
     0     0   30.00000    0    6   45.00000   30.00000  33.3%     -    0s
     0     0   30.00000    0   23   45.00000   30.00000  33.3%     -    0s
     0     0   30.00000    0    6   45.00000   30.00000  33.3%     -    0s
     0     0   30.00000    0    6   45.00000   30.00000  33.3%     -    0s
     0     2   30.00000    0    6   45.00000   30.00000  33.3%     -    0s
H  108    85                      44.0000000   30.00000  31.8%   6.1    0s
H  608   281                      44.0000000   30.00000  31.8%   9.5    0s
H  951   363                      43.0000000   33.47789  22.1%  10.6    0s
H  989   369                      43.0000000   33.82790  21.3%  23.2    0s

Cutting planes:
  Cover: 5
  Implied bound: 5
  Clique: 1
  MIR: 1
  StrongCG: 1
  Flow cover: 13
  RLT: 1
  Relax-and-lift: 2
  PSD: 1

Explored 4573 nodes (70170 simplex iterations) in 2.02 seconds (1.42 work units)
Thread count was 1 (of 96 available processors)

Solution count 8: 43 43 44 ... 61

Optimal solution found (tolerance 1.00e-04)
Best objective 4.299999999560e+01, best bound 4.299999999560e+01, gap 0.0000%

Instance 11_3, formulation altered, reform bigm:
  Rect 0: x = 6.00, y = 3.00
  Rect 1: x = 15.00, y = 3.00
  Rect 2: x = 13.00, y = 10.00
  Rect 3: x = 8.00, y = 10.00
  Rect 4: x = 24.00, y = 5.00
  Rect 5: x = 0.00, y = 10.00
  Rect 6: x = 0.00, y = 5.00
  Rect 7: x = 28.00, y = 10.00
  Rect 8: x = 13.00, y = 5.00
  Rect 9: x = 1.00, y = 5.00
  Rect 10: x = 12.00, y = 10.00
  → saved figures to strip_figures/11_3_altered_bigm.png and strip_figures/11_3_altered_bigm.pdf
Set parameter TokenServer to value "mooring.ecn.purdue.edu"
Read LP format model from file /tmp/tmp8ntngaq1.pyomo.lp
Reading time = 0.00 seconds
x1124: 2267 rows, 1124 columns, 5963 nonzeros
Set parameter TimeLimit to value 1800
Set parameter Threads to value 1
Gurobi Optimizer version 11.0.0 build v11.0.0rc2 (linux64 - "Oracle Linux Server 9.6")

CPU model: AMD EPYC 7643 48-Core Processor, instruction set [SSE2|AVX|AVX2]
Thread count: 48 physical cores, 96 logical processors, using up to 1 threads

Optimize a model with 2267 rows, 1124 columns and 5963 nonzeros
Model fingerprint: 0x746ba624
Variable types: 904 continuous, 220 integer (220 binary)
Coefficient statistics:
  Matrix range     [1e+00, 8e+01]
  Objective range  [1e+00, 1e+00]
  Bounds range     [1e+00, 8e+01]
  RHS range        [1e+00, 2e+01]
Presolve removed 689 rows and 279 columns
Presolve time: 0.01s
Presolved: 1578 rows, 845 columns, 4164 nonzeros
Variable types: 679 continuous, 166 integer (166 binary)
Found heuristic solution: objective 82.0000000
Found heuristic solution: objective 74.0000000

Root relaxation: objective 3.000000e+01, 437 iterations, 0.01 seconds (0.01 work units)

    Nodes    |    Current Node    |     Objective Bounds      |     Work
 Expl Unexpl |  Obj  Depth IntInf | Incumbent    BestBd   Gap | It/Node Time

     0     0   30.00000    0   26   74.00000   30.00000  59.5%     -    0s
H    0     0                      59.0000000   30.00000  49.2%     -    0s
     0     0   30.00000    0   54   59.00000   30.00000  49.2%     -    0s
     0     0   30.00000    0   52   59.00000   30.00000  49.2%     -    0s
     0     0   30.00000    0   27   59.00000   30.00000  49.2%     -    0s
H    0     0                      58.0000000   30.00000  48.3%     -    0s
H    0     0                      57.0000000   30.00000  47.4%     -    0s
     0     0   30.00000    0   26   57.00000   30.00000  47.4%     -    0s
     0     0   30.00000    0   14   57.00000   30.00000  47.4%     -    0s
H    0     0                      52.0000000   30.00000  42.3%     -    0s
     0     0   30.00000    0   27   52.00000   30.00000  42.3%     -    0s
     0     0   30.00000    0   25   52.00000   30.00000  42.3%     -    0s
     0     0   30.00000    0   22   52.00000   30.00000  42.3%     -    0s
H    0     0                      50.0000000   30.00000  40.0%     -    0s
H    0     0                      47.0000000   30.00000  36.2%     -    0s
     0     2   30.00000    0   21   47.00000   30.00000  36.2%     -    0s
H  436   205                      45.0000000   30.00000  33.3%  22.7    0s
H  437   201                      44.0000000   30.00000  31.8%  22.8    0s
*  968   408              54      43.0000000   34.00000  20.9%  72.1    3s
  1354   368 infeasible   44        43.00000   34.00000  20.9%  76.3    5s
* 1433   344              44      43.0000000   34.00000  20.9%  76.2    5s
  2583   395 infeasible   39        43.00000   34.00000  20.9%  73.7   10s
  4555   461   36.77778   38   34   43.00000   36.77778  14.5%  70.2   15s
  7225   300     cutoff   35        43.00000   39.00000  9.30%  65.1   20s

Cutting planes:
  Gomory: 2
  Cover: 17
  Implied bound: 12
  Projected implied bound: 1
  Clique: 2
  MIR: 23
  Flow cover: 73
  Network: 1
  RLT: 13
  Relax-and-lift: 2

Explored 11006 nodes (626889 simplex iterations) in 24.88 seconds (20.44 work units)
Thread count was 1 (of 96 available processors)

Solution count 10: 43 43 44 ... 59

Optimal solution found (tolerance 1.00e-04)
Best objective 4.299999999560e+01, best bound 4.299999999560e+01, gap 0.0000%

Instance 11_3, formulation altered, reform hull:
  Rect 0: x = 14.00, y = 3.00
  Rect 1: x = 4.00, y = 3.00
  Rect 2: x = 0.00, y = 10.00
  Rect 3: x = 16.00, y = 10.00
  Rect 4: x = 0.00, y = 5.00
  Rect 5: x = 20.00, y = 10.00
  Rect 6: x = 13.00, y = 1.00
  Rect 7: x = 28.00, y = 10.00
  Rect 8: x = 4.00, y = 5.00
  Rect 9: x = 23.00, y = 5.00
  Rect 10: x = 15.00, y = 10.00
  → saved figures to strip_figures/11_3_altered_hull.png and strip_figures/11_3_altered_hull.pdf
Set parameter TokenServer to value "mooring.ecn.purdue.edu"
Read LP format model from file /tmp/tmp3stnb6x0.pyomo.lp
Reading time = 0.00 seconds
x244: 727 rows, 244 columns, 1783 nonzeros
Set parameter TimeLimit to value 1800
Set parameter Threads to value 1
Gurobi Optimizer version 11.0.0 build v11.0.0rc2 (linux64 - "Oracle Linux Server 9.6")

CPU model: AMD EPYC 7643 48-Core Processor, instruction set [SSE2|AVX|AVX2]
Thread count: 48 physical cores, 96 logical processors, using up to 1 threads

Optimize a model with 727 rows, 244 columns and 1783 nonzeros
Model fingerprint: 0x40faf679
Variable types: 24 continuous, 220 integer (220 binary)
Coefficient statistics:
  Matrix range     [1e+00, 1e+02]
  Objective range  [1e+00, 1e+00]
  Bounds range     [1e+00, 8e+01]
  RHS range        [1e+00, 8e+01]
Presolve removed 495 rows and 55 columns
Presolve time: 0.00s
Presolved: 232 rows, 189 columns, 722 nonzeros
Variable types: 23 continuous, 166 integer (166 binary)
Found heuristic solution: objective 61.0000000

Root relaxation: objective 3.000000e+01, 85 iterations, 0.00 seconds (0.00 work units)

    Nodes    |    Current Node    |     Objective Bounds      |     Work
 Expl Unexpl |  Obj  Depth IntInf | Incumbent    BestBd   Gap | It/Node Time

     0     0   30.00000    0    8   61.00000   30.00000  50.8%     -    0s
H    0     0                      47.0000000   30.00000  36.2%     -    0s
H    0     0                      46.0000000   30.00000  34.8%     -    0s
     0     0   30.00000    0   24   46.00000   30.00000  34.8%     -    0s
     0     0   30.00000    0   28   46.00000   30.00000  34.8%     -    0s
     0     0   30.00000    0    9   46.00000   30.00000  34.8%     -    0s
H    0     0                      45.0000000   30.00000  33.3%     -    0s
     0     0   30.00000    0   11   45.00000   30.00000  33.3%     -    0s
     0     0   30.00000    0    6   45.00000   30.00000  33.3%     -    0s
     0     0   30.00000    0   23   45.00000   30.00000  33.3%     -    0s
     0     0   30.00000    0    6   45.00000   30.00000  33.3%     -    0s
     0     0   30.00000    0    6   45.00000   30.00000  33.3%     -    0s
     0     2   30.00000    0    6   45.00000   30.00000  33.3%     -    0s
H  108    85                      44.0000000   30.00000  31.8%   6.1    0s
H  608   281                      44.0000000   30.00000  31.8%   9.5    0s
H  951   363                      43.0000000   33.47789  22.1%  10.6    0s
H  989   369                      43.0000000   33.82790  21.3%  23.2    0s

Cutting planes:
  Cover: 5
  Implied bound: 5
  Clique: 1
  MIR: 1
  StrongCG: 1
  Flow cover: 13
  RLT: 1
  Relax-and-lift: 2
  PSD: 1

Explored 4573 nodes (70170 simplex iterations) in 2.01 seconds (1.42 work units)
Thread count was 1 (of 96 available processors)

Solution count 8: 43 43 44 ... 61

Optimal solution found (tolerance 1.00e-04)
Best objective 4.299999999560e+01, best bound 4.299999999560e+01, gap 0.0000%

Instance 11_3, formulation tres, reform bigm:
  Rect 0: x = 6.00, y = 3.00
  Rect 1: x = 15.00, y = 3.00
  Rect 2: x = 13.00, y = 10.00
  Rect 3: x = 8.00, y = 10.00
  Rect 4: x = 24.00, y = 5.00
  Rect 5: x = 0.00, y = 10.00
  Rect 6: x = 0.00, y = 5.00
  Rect 7: x = 28.00, y = 10.00
  Rect 8: x = 13.00, y = 5.00
  Rect 9: x = 1.00, y = 5.00
  Rect 10: x = 12.00, y = 10.00
  → saved figures to strip_figures/11_3_tres_bigm.png and strip_figures/11_3_tres_bigm.pdf
Set parameter TokenServer to value "mooring.ecn.purdue.edu"
Read LP format model from file /tmp/tmpwfwipw24.pyomo.lp
Reading time = 0.00 seconds
x1124: 2267 rows, 1124 columns, 5963 nonzeros
Set parameter TimeLimit to value 1800
Set parameter Threads to value 1
Gurobi Optimizer version 11.0.0 build v11.0.0rc2 (linux64 - "Oracle Linux Server 9.6")

CPU model: AMD EPYC 7643 48-Core Processor, instruction set [SSE2|AVX|AVX2]
Thread count: 48 physical cores, 96 logical processors, using up to 1 threads

Optimize a model with 2267 rows, 1124 columns and 5963 nonzeros
Model fingerprint: 0x746ba624
Variable types: 904 continuous, 220 integer (220 binary)
Coefficient statistics:
  Matrix range     [1e+00, 8e+01]
  Objective range  [1e+00, 1e+00]
  Bounds range     [1e+00, 8e+01]
  RHS range        [1e+00, 2e+01]
Presolve removed 689 rows and 279 columns
Presolve time: 0.01s
Presolved: 1578 rows, 845 columns, 4164 nonzeros
Variable types: 679 continuous, 166 integer (166 binary)
Found heuristic solution: objective 82.0000000
Found heuristic solution: objective 74.0000000

Root relaxation: objective 3.000000e+01, 437 iterations, 0.01 seconds (0.01 work units)

    Nodes    |    Current Node    |     Objective Bounds      |     Work
 Expl Unexpl |  Obj  Depth IntInf | Incumbent    BestBd   Gap | It/Node Time

     0     0   30.00000    0   26   74.00000   30.00000  59.5%     -    0s
H    0     0                      59.0000000   30.00000  49.2%     -    0s
     0     0   30.00000    0   54   59.00000   30.00000  49.2%     -    0s
     0     0   30.00000    0   52   59.00000   30.00000  49.2%     -    0s
     0     0   30.00000    0   27   59.00000   30.00000  49.2%     -    0s
H    0     0                      58.0000000   30.00000  48.3%     -    0s
H    0     0                      57.0000000   30.00000  47.4%     -    0s
     0     0   30.00000    0   26   57.00000   30.00000  47.4%     -    0s
     0     0   30.00000    0   14   57.00000   30.00000  47.4%     -    0s
H    0     0                      52.0000000   30.00000  42.3%     -    0s
     0     0   30.00000    0   27   52.00000   30.00000  42.3%     -    0s
     0     0   30.00000    0   25   52.00000   30.00000  42.3%     -    0s
     0     0   30.00000    0   22   52.00000   30.00000  42.3%     -    0s
H    0     0                      50.0000000   30.00000  40.0%     -    0s
H    0     0                      47.0000000   30.00000  36.2%     -    0s
     0     2   30.00000    0   21   47.00000   30.00000  36.2%     -    0s
H  436   205                      45.0000000   30.00000  33.3%  22.7    0s
H  437   201                      44.0000000   30.00000  31.8%  22.8    0s
*  968   408              54      43.0000000   34.00000  20.9%  72.1    3s
  1359   367   38.00000   30   33   43.00000   34.00000  20.9%  76.4    5s
* 1433   344              44      43.0000000   34.00000  20.9%  76.2    5s
  2589   399   41.00000   38   39   43.00000   34.00000  20.9%  73.8   10s
  4590   456   37.00000   41   35   43.00000   37.00000  14.0%  70.3   15s
  7266   303 infeasible   38        43.00000   39.00000  9.30%  65.1   20s

Cutting planes:
  Gomory: 2
  Cover: 17
  Implied bound: 12
  Projected implied bound: 1
  Clique: 2
  MIR: 23
  Flow cover: 73
  Network: 1
  RLT: 13
  Relax-and-lift: 2

Explored 11006 nodes (626889 simplex iterations) in 24.77 seconds (20.44 work units)
Thread count was 1 (of 96 available processors)

Solution count 10: 43 43 44 ... 59

Optimal solution found (tolerance 1.00e-04)
Best objective 4.299999999560e+01, best bound 4.299999999560e+01, gap 0.0000%

Instance 11_3, formulation tres, reform hull:
  Rect 0: x = 14.00, y = 3.00
  Rect 1: x = 4.00, y = 3.00
  Rect 2: x = 0.00, y = 10.00
  Rect 3: x = 16.00, y = 10.00
  Rect 4: x = 0.00, y = 5.00
  Rect 5: x = 20.00, y = 10.00
  Rect 6: x = 13.00, y = 1.00
  Rect 7: x = 28.00, y = 10.00
  Rect 8: x = 4.00, y = 5.00
  Rect 9: x = 23.00, y = 5.00
  Rect 10: x = 15.00, y = 10.00
  → saved figures to strip_figures/11_3_tres_hull.png and strip_figures/11_3_tres_hull.pdf
Set parameter TokenServer to value "mooring.ecn.purdue.edu"
Read LP format model from file /tmp/tmpgmyicla2.pyomo.lp
Reading time = 0.00 seconds
x244: 287 rows, 244 columns, 1563 nonzeros
Set parameter TimeLimit to value 1800
Set parameter Threads to value 1
Gurobi Optimizer version 11.0.0 build v11.0.0rc2 (linux64 - "Oracle Linux Server 9.6")

CPU model: AMD EPYC 7643 48-Core Processor, instruction set [SSE2|AVX|AVX2]
Thread count: 48 physical cores, 96 logical processors, using up to 1 threads

Optimize a model with 287 rows, 244 columns and 1563 nonzeros
Model fingerprint: 0xccdb851a
Variable types: 24 continuous, 220 integer (220 binary)
Coefficient statistics:
  Matrix range     [1e+00, 8e+01]
  Objective range  [1e+00, 1e+00]
  Bounds range     [1e+00, 8e+01]
  RHS range        [1e+00, 2e+01]
Found heuristic solution: objective 56.0000000
Presolve removed 55 rows and 55 columns
Presolve time: 0.00s
Presolved: 232 rows, 189 columns, 946 nonzeros
Variable types: 23 continuous, 166 integer (166 binary)

Root relaxation: objective 3.000000e+01, 85 iterations, 0.00 seconds (0.00 work units)

    Nodes    |    Current Node    |     Objective Bounds      |     Work
 Expl Unexpl |  Obj  Depth IntInf | Incumbent    BestBd   Gap | It/Node Time

     0     0   30.00000    0   10   56.00000   30.00000  46.4%     -    0s
     0     0   30.00000    0   21   56.00000   30.00000  46.4%     -    0s
H    0     0                      55.0000000   30.00000  45.5%     -    0s
     0     0   30.00000    0    9   55.00000   30.00000  45.5%     -    0s
H    0     0                      49.0000000   30.00000  38.8%     -    0s
     0     0   30.00000    0   11   49.00000   30.00000  38.8%     -    0s
     0     0   30.00000    0    9   49.00000   30.00000  38.8%     -    0s
     0     0   30.00000    0   11   49.00000   30.00000  38.8%     -    0s
     0     0   30.00000    0   14   49.00000   30.00000  38.8%     -    0s
     0     0   30.00000    0    6   49.00000   30.00000  38.8%     -    0s
H    0     0                      47.0000000   30.00000  36.2%     -    0s
     0     2   30.00000    0    6   47.00000   30.00000  36.2%     -    0s
H  161   100                      45.0000000   30.00000  33.3%   6.3    0s
*  211   129              42      44.0000000   30.00000  31.8%   6.1    0s
H  330   131                      43.0000000   30.00000  30.2%   5.9    0s
H 1172   333                      43.0000000   34.00000  20.9%   8.4    0s

Explored 6832 nodes (54290 simplex iterations) in 1.43 seconds (0.97 work units)
Thread count was 1 (of 96 available processors)

Solution count 8: 43 43 44 ... 56

Optimal solution found (tolerance 1.00e-04)
Best objective 4.299999999560e+01, best bound 4.299999999560e+01, gap 0.0000%

Instance 11_3, formulation reagg, reform MIP:
  Rect 0: x = 6.00, y = 3.00
  Rect 1: x = 15.00, y = 3.00
  Rect 2: x = 13.00, y = 10.00
  Rect 3: x = 8.00, y = 10.00
  Rect 4: x = 24.00, y = 5.00
  Rect 5: x = 0.00, y = 10.00
  Rect 6: x = 5.00, y = 1.00
  Rect 7: x = 28.00, y = 10.00
  Rect 8: x = 13.00, y = 5.00
  Rect 9: x = 0.00, y = 5.00
  Rect 10: x = 12.00, y = 10.00
  → saved figures to strip_figures/11_3_reagg_MIP.png and strip_figures/11_3_reagg_MIP.pdf
Set parameter TokenServer to value "mooring.ecn.purdue.edu"
Read LP format model from file /tmp/tmpa1is_mdk.pyomo.lp
Reading time = 0.00 seconds
x244: 287 rows, 244 columns, 1563 nonzeros
Set parameter TimeLimit to value 1800
Set parameter Threads to value 1
Gurobi Optimizer version 11.0.0 build v11.0.0rc2 (linux64 - "Oracle Linux Server 9.6")

CPU model: AMD EPYC 7643 48-Core Processor, instruction set [SSE2|AVX|AVX2]
Thread count: 48 physical cores, 96 logical processors, using up to 1 threads

Optimize a model with 287 rows, 244 columns and 1563 nonzeros
Model fingerprint: 0xc374416a
Variable types: 24 continuous, 220 integer (220 binary)
Coefficient statistics:
  Matrix range     [1e+00, 8e+01]
  Objective range  [1e+00, 1e+00]
  Bounds range     [1e+00, 8e+01]
  RHS range        [1e+00, 2e+01]
Found heuristic solution: objective 59.0000000
Presolve removed 55 rows and 55 columns
Presolve time: 0.00s
Presolved: 232 rows, 189 columns, 908 nonzeros
Variable types: 23 continuous, 166 integer (166 binary)

Root relaxation: objective 3.000000e+01, 106 iterations, 0.00 seconds (0.00 work units)

    Nodes    |    Current Node    |     Objective Bounds      |     Work
 Expl Unexpl |  Obj  Depth IntInf | Incumbent    BestBd   Gap | It/Node Time

     0     0   30.00000    0    9   59.00000   30.00000  49.2%     -    0s
H    0     0                      50.0000000   30.00000  40.0%     -    0s
H    0     0                      48.0000000   30.00000  37.5%     -    0s
     0     0   30.00000    0   18   48.00000   30.00000  37.5%     -    0s
     0     0   30.00000    0   10   48.00000   30.00000  37.5%     -    0s
     0     0   30.00000    0   13   48.00000   30.00000  37.5%     -    0s
     0     0   30.00000    0   13   48.00000   30.00000  37.5%     -    0s
H    0     0                      47.0000000   30.00000  36.2%     -    0s
     0     0   30.00000    0   29   47.00000   30.00000  36.2%     -    0s
     0     0   30.00000    0   25   47.00000   30.00000  36.2%     -    0s
     0     0   30.00000    0   25   47.00000   30.00000  36.2%     -    0s
     0     2   30.00000    0   13   47.00000   30.00000  36.2%     -    0s
*  266   133              43      46.0000000   30.00000  34.8%   6.4    0s
*  386   208              32      45.0000000   30.00000  33.3%   7.5    0s
*  387   190              32      44.0000000   30.00000  31.8%   7.5    0s
H  713   330                      43.0000000   30.00000  30.2%   8.4    0s
H  936   425                      43.0000000   32.67018  24.0%  27.8    1s

Cutting planes:
  Cover: 6
  Implied bound: 2
  Clique: 4
  MIR: 3
  StrongCG: 2
  Flow cover: 8

Explored 4137 nodes (136548 simplex iterations) in 4.35 seconds (2.88 work units)
Thread count was 1 (of 96 available processors)

Solution count 9: 43 43 44 ... 59

Optimal solution found (tolerance 1.00e-04)
Best objective 4.299999999560e+01, best bound 4.299999999560e+01, gap 0.0000%

Instance 11_3, formulation reagg_tres, reform MIP:
  Rect 0: x = 10.00, y = 10.00
  Rect 1: x = 19.00, y = 10.00
  Rect 2: x = 8.00, y = 5.00
  Rect 3: x = 24.00, y = 7.00
  Rect 4: x = 0.00, y = 10.00
  Rect 5: x = 0.00, y = 5.00
  Rect 6: x = 4.00, y = 10.00
  Rect 7: x = 28.00, y = 9.00
  Rect 8: x = 12.00, y = 7.00
  Rect 9: x = 5.00, y = 10.00
  Rect 10: x = 23.00, y = 7.00
  → saved figures to strip_figures/11_3_reagg_tres_MIP.png and strip_figures/11_3_reagg_tres_MIP.pdf
Set parameter TokenServer to value "mooring.ecn.purdue.edu"
Read LP format model from file /tmp/tmpavb0io9f.pyomo.lp
Reading time = 0.00 seconds
x244: 727 rows, 244 columns, 1783 nonzeros
Set parameter TimeLimit to value 1800
Set parameter Threads to value 1
Gurobi Optimizer version 11.0.0 build v11.0.0rc2 (linux64 - "Oracle Linux Server 9.6")

CPU model: AMD EPYC 7643 48-Core Processor, instruction set [SSE2|AVX|AVX2]
Thread count: 48 physical cores, 96 logical processors, using up to 1 threads

Optimize a model with 727 rows, 244 columns and 1783 nonzeros
Model fingerprint: 0xc585b97d
Variable types: 24 continuous, 220 integer (220 binary)
Coefficient statistics:
  Matrix range     [1e+00, 9e+01]
  Objective range  [1e+00, 1e+00]
  Bounds range     [1e+00, 8e+01]
  RHS range        [1e+00, 8e+01]
Presolve removed 540 rows and 101 columns
Presolve time: 0.00s
Presolved: 187 rows, 143 columns, 572 nonzeros
Variable types: 22 continuous, 121 integer (121 binary)
Found heuristic solution: objective 49.0000000

Root relaxation: objective 2.300000e+01, 80 iterations, 0.00 seconds (0.00 work units)

    Nodes    |    Current Node    |     Objective Bounds      |     Work
 Expl Unexpl |  Obj  Depth IntInf | Incumbent    BestBd   Gap | It/Node Time

     0     0   23.00000    0   11   49.00000   23.00000  53.1%     -    0s
     0     0   28.71429    0   40   49.00000   28.71429  41.4%     -    0s
     0     0   31.16327    0   39   49.00000   31.16327  36.4%     -    0s
     0     0   31.16327    0   31   49.00000   31.16327  36.4%     -    0s
     0     0   31.16327    0   35   49.00000   31.16327  36.4%     -    0s
     0     0   31.16327    0   39   49.00000   31.16327  36.4%     -    0s
     0     0   31.16327    0   39   49.00000   31.16327  36.4%     -    0s
     0     0   31.16327    0   31   49.00000   31.16327  36.4%     -    0s
     0     0   31.16327    0   30   49.00000   31.16327  36.4%     -    0s
     0     0   31.16327    0   30   49.00000   31.16327  36.4%     -    0s
     0     0   31.16327    0   40   49.00000   31.16327  36.4%     -    0s
     0     0   31.16327    0   40   49.00000   31.16327  36.4%     -    0s
     0     0   31.16327    0   39   49.00000   31.16327  36.4%     -    0s
     0     0   31.16327    0   55   49.00000   31.16327  36.4%     -    0s
     0     0   31.16327    0   57   49.00000   31.16327  36.4%     -    0s
     0     0   31.16327    0   57   49.00000   31.16327  36.4%     -    0s
     0     0   31.20577    0   59   49.00000   31.20577  36.3%     -    0s
     0     0   31.25435    0   56   49.00000   31.25435  36.2%     -    0s
     0     0   31.27794    0   58   49.00000   31.27794  36.2%     -    0s
     0     0   31.38032    0   71   49.00000   31.38032  36.0%     -    0s
     0     0   31.38032    0   72   49.00000   31.38032  36.0%     -    0s
     0     0   31.38032    0   28   49.00000   31.38032  36.0%     -    0s
     0     2   31.38032    0   28   49.00000   31.38032  36.0%     -    0s

Cutting planes:
  Learned: 1
  Gomory: 20
  Cover: 36
  Implied bound: 47
  Clique: 12
  MIR: 120
  Inf proof: 29
  RLT: 45
  Relax-and-lift: 15
  PSD: 1

Explored 2867 nodes (27639 simplex iterations) in 0.71 seconds (0.56 work units)
Thread count was 1 (of 96 available processors)

Solution count 1: 49 

Optimal solution found (tolerance 1.00e-04)
Best objective 4.900000000000e+01, best bound 4.900000000000e+01, gap 0.0000%

Instance 11_4, formulation altered, reform bigm:
  Rect 0: x = 0.00, y = 12.00
  Rect 1: x = 8.00, y = 9.00
  Rect 2: x = 10.00, y = 14.00
  Rect 3: x = 14.00, y = 13.00
  Rect 4: x = 29.00, y = 13.00
  Rect 5: x = 25.00, y = 14.00
  Rect 6: x = 29.00, y = 10.00
  Rect 7: x = 33.00, y = 9.00
  Rect 8: x = 14.00, y = 14.00
  Rect 9: x = 37.00, y = 9.00
  Rect 10: x = 43.00, y = 8.00
  → saved figures to strip_figures/11_4_altered_bigm.png and strip_figures/11_4_altered_bigm.pdf
Set parameter TokenServer to value "mooring.ecn.purdue.edu"
Read LP format model from file /tmp/tmpthrga2mc.pyomo.lp
Reading time = 0.00 seconds
x1124: 2267 rows, 1124 columns, 5943 nonzeros
Set parameter TimeLimit to value 1800
Set parameter Threads to value 1
Gurobi Optimizer version 11.0.0 build v11.0.0rc2 (linux64 - "Oracle Linux Server 9.6")

CPU model: AMD EPYC 7643 48-Core Processor, instruction set [SSE2|AVX|AVX2]
Thread count: 48 physical cores, 96 logical processors, using up to 1 threads

Optimize a model with 2267 rows, 1124 columns and 5943 nonzeros
Model fingerprint: 0x97d35b65
Variable types: 904 continuous, 220 integer (220 binary)
Coefficient statistics:
  Matrix range     [1e+00, 8e+01]
  Objective range  [1e+00, 1e+00]
  Bounds range     [1e+00, 8e+01]
  RHS range        [1e+00, 2e+01]
Presolve removed 982 rows and 479 columns
Presolve time: 0.01s
Presolved: 1285 rows, 645 columns, 3386 nonzeros
Variable types: 524 continuous, 121 integer (121 binary)
Found heuristic solution: objective 78.0000000
Found heuristic solution: objective 60.0000000

Root relaxation: objective 2.300000e+01, 313 iterations, 0.00 seconds (0.00 work units)

    Nodes    |    Current Node    |     Objective Bounds      |     Work
 Expl Unexpl |  Obj  Depth IntInf | Incumbent    BestBd   Gap | It/Node Time

     0     0   23.00000    0   28   60.00000   23.00000  61.7%     -    0s
     0     0   23.00000    0   42   60.00000   23.00000  61.7%     -    0s
H    0     0                      50.0000000   23.00000  54.0%     -    0s
     0     0   23.00000    0   42   50.00000   23.00000  54.0%     -    0s
     0     0   23.00000    0   43   50.00000   23.00000  54.0%     -    0s
H    0     0                      49.0000000   23.00000  53.1%     -    0s
     0     0   23.00000    0   41   49.00000   23.00000  53.1%     -    0s
     0     0   23.00000    0   30   49.00000   23.00000  53.1%     -    0s
     0     0   23.00000    0   30   49.00000   23.00000  53.1%     -    0s
     0     2   23.00000    0   30   49.00000   23.00000  53.1%     -    0s
*  753   383              29      49.0000000   28.56391  41.7%  20.2    0s
  6807  2885   43.00000   27   29   49.00000   33.00000  32.7%  18.4    5s
 10340  4316     cutoff   40        49.00000   35.00000  28.6%  18.3   10s
H16761  3671                      49.0000000   39.00000  20.4%  15.6   13s
 20586  3183   43.00000   36   14   49.00000   39.00000  20.4%  14.5   15s
 33067  3246   47.00000   40    6   49.00000   43.00000  12.2%  12.9   20s
 46001  2803   47.00000   40   11   49.00000   45.00000  8.16%  11.9   25s

Cutting planes:
  Gomory: 3
  Cover: 3
  Clique: 3
  MIR: 8
  Flow cover: 22
  Zero half: 1
  RLT: 15
  Relax-and-lift: 2

Explored 57843 nodes (650210 simplex iterations) in 29.54 seconds (25.45 work units)
Thread count was 1 (of 96 available processors)

Solution count 7: 49 49 49 ... 78

Optimal solution found (tolerance 1.00e-04)
Best objective 4.900000000000e+01, best bound 4.900000000000e+01, gap 0.0000%

Instance 11_4, formulation altered, reform hull:
  Rect 0: x = 31.00, y = 14.00
  Rect 1: x = 29.00, y = 10.00
  Rect 2: x = 45.00, y = 14.00
  Rect 3: x = 8.00, y = 14.00
  Rect 4: x = 0.00, y = 14.00
  Rect 5: x = 11.00, y = 1.00
  Rect 6: x = 4.00, y = 11.00
  Rect 7: x = 0.00, y = 10.00
  Rect 8: x = 0.00, y = 1.00
  Rect 9: x = 39.00, y = 14.00
  Rect 10: x = 23.00, y = 9.00
  → saved figures to strip_figures/11_4_altered_hull.png and strip_figures/11_4_altered_hull.pdf
Set parameter TokenServer to value "mooring.ecn.purdue.edu"
Read LP format model from file /tmp/tmp_js4d07k.pyomo.lp
Reading time = 0.00 seconds
x244: 727 rows, 244 columns, 1783 nonzeros
Set parameter TimeLimit to value 1800
Set parameter Threads to value 1
Gurobi Optimizer version 11.0.0 build v11.0.0rc2 (linux64 - "Oracle Linux Server 9.6")

CPU model: AMD EPYC 7643 48-Core Processor, instruction set [SSE2|AVX|AVX2]
Thread count: 48 physical cores, 96 logical processors, using up to 1 threads

Optimize a model with 727 rows, 244 columns and 1783 nonzeros
Model fingerprint: 0xc585b97d
Variable types: 24 continuous, 220 integer (220 binary)
Coefficient statistics:
  Matrix range     [1e+00, 9e+01]
  Objective range  [1e+00, 1e+00]
  Bounds range     [1e+00, 8e+01]
  RHS range        [1e+00, 8e+01]
Presolve removed 540 rows and 101 columns
Presolve time: 0.00s
Presolved: 187 rows, 143 columns, 572 nonzeros
Variable types: 22 continuous, 121 integer (121 binary)
Found heuristic solution: objective 49.0000000

Root relaxation: objective 2.300000e+01, 80 iterations, 0.00 seconds (0.00 work units)

    Nodes    |    Current Node    |     Objective Bounds      |     Work
 Expl Unexpl |  Obj  Depth IntInf | Incumbent    BestBd   Gap | It/Node Time

     0     0   23.00000    0   11   49.00000   23.00000  53.1%     -    0s
     0     0   28.71429    0   40   49.00000   28.71429  41.4%     -    0s
     0     0   31.16327    0   39   49.00000   31.16327  36.4%     -    0s
     0     0   31.16327    0   31   49.00000   31.16327  36.4%     -    0s
     0     0   31.16327    0   35   49.00000   31.16327  36.4%     -    0s
     0     0   31.16327    0   39   49.00000   31.16327  36.4%     -    0s
     0     0   31.16327    0   39   49.00000   31.16327  36.4%     -    0s
     0     0   31.16327    0   31   49.00000   31.16327  36.4%     -    0s
     0     0   31.16327    0   30   49.00000   31.16327  36.4%     -    0s
     0     0   31.16327    0   30   49.00000   31.16327  36.4%     -    0s
     0     0   31.16327    0   40   49.00000   31.16327  36.4%     -    0s
     0     0   31.16327    0   40   49.00000   31.16327  36.4%     -    0s
     0     0   31.16327    0   39   49.00000   31.16327  36.4%     -    0s
     0     0   31.16327    0   55   49.00000   31.16327  36.4%     -    0s
     0     0   31.16327    0   57   49.00000   31.16327  36.4%     -    0s
     0     0   31.16327    0   57   49.00000   31.16327  36.4%     -    0s
     0     0   31.20577    0   59   49.00000   31.20577  36.3%     -    0s
     0     0   31.25435    0   56   49.00000   31.25435  36.2%     -    0s
     0     0   31.27794    0   58   49.00000   31.27794  36.2%     -    0s
     0     0   31.38032    0   71   49.00000   31.38032  36.0%     -    0s
     0     0   31.38032    0   72   49.00000   31.38032  36.0%     -    0s
     0     0   31.38032    0   28   49.00000   31.38032  36.0%     -    0s
     0     2   31.38032    0   28   49.00000   31.38032  36.0%     -    0s

Cutting planes:
  Learned: 1
  Gomory: 20
  Cover: 36
  Implied bound: 47
  Clique: 12
  MIR: 120
  Inf proof: 29
  RLT: 45
  Relax-and-lift: 15
  PSD: 1

Explored 2867 nodes (27639 simplex iterations) in 0.71 seconds (0.56 work units)
Thread count was 1 (of 96 available processors)

Solution count 1: 49 

Optimal solution found (tolerance 1.00e-04)
Best objective 4.900000000000e+01, best bound 4.900000000000e+01, gap 0.0000%

Instance 11_4, formulation tres, reform bigm:
  Rect 0: x = 0.00, y = 12.00
  Rect 1: x = 8.00, y = 9.00
  Rect 2: x = 10.00, y = 14.00
  Rect 3: x = 14.00, y = 13.00
  Rect 4: x = 29.00, y = 13.00
  Rect 5: x = 25.00, y = 14.00
  Rect 6: x = 29.00, y = 10.00
  Rect 7: x = 33.00, y = 9.00
  Rect 8: x = 14.00, y = 14.00
  Rect 9: x = 37.00, y = 9.00
  Rect 10: x = 43.00, y = 8.00
  → saved figures to strip_figures/11_4_tres_bigm.png and strip_figures/11_4_tres_bigm.pdf
Set parameter TokenServer to value "mooring.ecn.purdue.edu"
Read LP format model from file /tmp/tmpo2tfpgdg.pyomo.lp
Reading time = 0.00 seconds
x1124: 2267 rows, 1124 columns, 5943 nonzeros
Set parameter TimeLimit to value 1800
Set parameter Threads to value 1
Gurobi Optimizer version 11.0.0 build v11.0.0rc2 (linux64 - "Oracle Linux Server 9.6")

CPU model: AMD EPYC 7643 48-Core Processor, instruction set [SSE2|AVX|AVX2]
Thread count: 48 physical cores, 96 logical processors, using up to 1 threads

Optimize a model with 2267 rows, 1124 columns and 5943 nonzeros
Model fingerprint: 0x97d35b65
Variable types: 904 continuous, 220 integer (220 binary)
Coefficient statistics:
  Matrix range     [1e+00, 8e+01]
  Objective range  [1e+00, 1e+00]
  Bounds range     [1e+00, 8e+01]
  RHS range        [1e+00, 2e+01]
Presolve removed 982 rows and 479 columns
Presolve time: 0.01s
Presolved: 1285 rows, 645 columns, 3386 nonzeros
Variable types: 524 continuous, 121 integer (121 binary)
Found heuristic solution: objective 78.0000000
Found heuristic solution: objective 60.0000000

Root relaxation: objective 2.300000e+01, 313 iterations, 0.00 seconds (0.00 work units)

    Nodes    |    Current Node    |     Objective Bounds      |     Work
 Expl Unexpl |  Obj  Depth IntInf | Incumbent    BestBd   Gap | It/Node Time

     0     0   23.00000    0   28   60.00000   23.00000  61.7%     -    0s
     0     0   23.00000    0   42   60.00000   23.00000  61.7%     -    0s
H    0     0                      50.0000000   23.00000  54.0%     -    0s
     0     0   23.00000    0   42   50.00000   23.00000  54.0%     -    0s
     0     0   23.00000    0   43   50.00000   23.00000  54.0%     -    0s
H    0     0                      49.0000000   23.00000  53.1%     -    0s
     0     0   23.00000    0   41   49.00000   23.00000  53.1%     -    0s
     0     0   23.00000    0   30   49.00000   23.00000  53.1%     -    0s
     0     0   23.00000    0   30   49.00000   23.00000  53.1%     -    0s
     0     2   23.00000    0   30   49.00000   23.00000  53.1%     -    0s
*  753   383              29      49.0000000   28.56391  41.7%  20.2    0s
  6842  2901   47.00000   35    2   49.00000   33.00000  32.7%  18.4    5s
 10363  4324   37.00000   32    7   49.00000   35.00000  28.6%  18.3   10s
H16761  3671                      49.0000000   39.00000  20.4%  15.6   13s
 20719  3167   47.00000   39   11   49.00000   39.00000  20.4%  14.4   15s
 33233  3242   47.40000   39    7   49.00000   43.00000  12.2%  12.8   20s
 46098  2781   45.00000   39   15   49.00000   45.00000  8.16%  11.9   25s

Cutting planes:
  Gomory: 3
  Cover: 3
  Clique: 3
  MIR: 8
  Flow cover: 22
  Zero half: 1
  RLT: 15
  Relax-and-lift: 2

Explored 57843 nodes (650210 simplex iterations) in 29.47 seconds (25.45 work units)
Thread count was 1 (of 96 available processors)

Solution count 7: 49 49 49 ... 78

Optimal solution found (tolerance 1.00e-04)
Best objective 4.900000000000e+01, best bound 4.900000000000e+01, gap 0.0000%

Instance 11_4, formulation tres, reform hull:
  Rect 0: x = 31.00, y = 14.00
  Rect 1: x = 29.00, y = 10.00
  Rect 2: x = 45.00, y = 14.00
  Rect 3: x = 8.00, y = 14.00
  Rect 4: x = 0.00, y = 14.00
  Rect 5: x = 11.00, y = 1.00
  Rect 6: x = 4.00, y = 11.00
  Rect 7: x = 0.00, y = 10.00
  Rect 8: x = 0.00, y = 1.00
  Rect 9: x = 39.00, y = 14.00
  Rect 10: x = 23.00, y = 9.00
  → saved figures to strip_figures/11_4_tres_hull.png and strip_figures/11_4_tres_hull.pdf
Set parameter TokenServer to value "mooring.ecn.purdue.edu"
Read LP format model from file /tmp/tmph43_hbka.pyomo.lp
Reading time = 0.00 seconds
x244: 287 rows, 244 columns, 1533 nonzeros
Set parameter TimeLimit to value 1800
Set parameter Threads to value 1
Gurobi Optimizer version 11.0.0 build v11.0.0rc2 (linux64 - "Oracle Linux Server 9.6")

CPU model: AMD EPYC 7643 48-Core Processor, instruction set [SSE2|AVX|AVX2]
Thread count: 48 physical cores, 96 logical processors, using up to 1 threads

Optimize a model with 287 rows, 244 columns and 1533 nonzeros
Model fingerprint: 0x20ff92fe
Variable types: 24 continuous, 220 integer (220 binary)
Coefficient statistics:
  Matrix range     [1e+00, 8e+01]
  Objective range  [1e+00, 1e+00]
  Bounds range     [1e+00, 8e+01]
  RHS range        [1e+00, 2e+01]
Presolve removed 100 rows and 101 columns
Presolve time: 0.00s
Presolved: 187 rows, 143 columns, 710 nonzeros
Variable types: 22 continuous, 121 integer (121 binary)
Found heuristic solution: objective 49.0000000

Root relaxation: objective 2.300000e+01, 79 iterations, 0.00 seconds (0.00 work units)

    Nodes    |    Current Node    |     Objective Bounds      |     Work
 Expl Unexpl |  Obj  Depth IntInf | Incumbent    BestBd   Gap | It/Node Time

     0     0   23.00000    0   13   49.00000   23.00000  53.1%     -    0s
     0     0   30.10204    0   35   49.00000   30.10204  38.6%     -    0s
     0     0   31.48980    0   32   49.00000   31.48980  35.7%     -    0s
     0     0   31.50319    0   31   49.00000   31.50319  35.7%     -    0s
     0     0   31.50319    0   31   49.00000   31.50319  35.7%     -    0s
     0     0   31.56262    0   33   49.00000   31.56262  35.6%     -    0s
     0     0   31.56262    0   30   49.00000   31.56262  35.6%     -    0s
     0     0   31.56262    0   30   49.00000   31.56262  35.6%     -    0s
     0     0   31.56262    0   31   49.00000   31.56262  35.6%     -    0s
     0     0   31.56262    0   35   49.00000   31.56262  35.6%     -    0s
     0     0   31.56262    0   36   49.00000   31.56262  35.6%     -    0s
     0     0   31.56262    0   35   49.00000   31.56262  35.6%     -    0s
     0     0   31.56262    0   37   49.00000   31.56262  35.6%     -    0s
     0     0   31.56262    0   36   49.00000   31.56262  35.6%     -    0s
     0     0   31.56262    0   37   49.00000   31.56262  35.6%     -    0s
     0     0   31.56262    0   36   49.00000   31.56262  35.6%     -    0s
     0     0   31.69765    0   36   49.00000   31.69765  35.3%     -    0s
     0     0   31.69765    0   36   49.00000   31.69765  35.3%     -    0s
     0     0   31.69765    0   29   49.00000   31.69765  35.3%     -    0s
     0     2   31.69765    0   29   49.00000   31.69765  35.3%     -    0s
H  436   146                      49.0000000   37.88004  22.7%  12.3    0s

Cutting planes:
  Learned: 2
  Gomory: 19
  Cover: 2
  Implied bound: 18
  MIR: 70
  GUB cover: 5
  Inf proof: 25
  RLT: 34
  Relax-and-lift: 1

Explored 2906 nodes (23522 simplex iterations) in 0.57 seconds (0.43 work units)
Thread count was 1 (of 96 available processors)

Solution count 1: 49 

Optimal solution found (tolerance 1.00e-04)
Best objective 4.899999999499e+01, best bound 4.899999999499e+01, gap 0.0000%

Instance 11_4, formulation reagg, reform MIP:
  Rect 0: x = 2.00, y = 13.00
  Rect 1: x = 0.00, y = 12.00
  Rect 2: x = 10.00, y = 14.00
  Rect 3: x = 18.00, y = 14.00
  Rect 4: x = 0.00, y = 3.00
  Rect 5: x = 22.00, y = 1.00
  Rect 6: x = 14.00, y = 14.00
  Rect 7: x = 33.00, y = 12.00
  Rect 8: x = 38.00, y = 1.00
  Rect 9: x = 37.00, y = 12.00
  Rect 10: x = 43.00, y = 11.00
  → saved figures to strip_figures/11_4_reagg_MIP.png and strip_figures/11_4_reagg_MIP.pdf
Set parameter TokenServer to value "mooring.ecn.purdue.edu"
Read LP format model from file /tmp/tmpaljaqtiq.pyomo.lp
Reading time = 0.00 seconds
x244: 287 rows, 244 columns, 1533 nonzeros
Set parameter TimeLimit to value 1800
Set parameter Threads to value 1
Gurobi Optimizer version 11.0.0 build v11.0.0rc2 (linux64 - "Oracle Linux Server 9.6")

CPU model: AMD EPYC 7643 48-Core Processor, instruction set [SSE2|AVX|AVX2]
Thread count: 48 physical cores, 96 logical processors, using up to 1 threads

Optimize a model with 287 rows, 244 columns and 1533 nonzeros
Model fingerprint: 0xc5e6347e
Variable types: 24 continuous, 220 integer (220 binary)
Coefficient statistics:
  Matrix range     [1e+00, 8e+01]
  Objective range  [1e+00, 1e+00]
  Bounds range     [1e+00, 8e+01]
  RHS range        [1e+00, 2e+01]
Presolve removed 100 rows and 102 columns
Presolve time: 0.00s
Presolved: 187 rows, 142 columns, 686 nonzeros
Variable types: 22 continuous, 120 integer (120 binary)
Found heuristic solution: objective 76.0000000
Found heuristic solution: objective 70.0000000

Root relaxation: objective 2.300000e+01, 69 iterations, 0.00 seconds (0.00 work units)

    Nodes    |    Current Node    |     Objective Bounds      |     Work
 Expl Unexpl |  Obj  Depth IntInf | Incumbent    BestBd   Gap | It/Node Time

     0     0   23.00000    0   14   70.00000   23.00000  67.1%     -    0s
H    0     0                      49.0000000   23.00000  53.1%     -    0s
     0     0   27.11624    0   47   49.00000   27.11624  44.7%     -    0s
     0     0   29.71453    0   47   49.00000   29.71453  39.4%     -    0s
     0     0   29.71453    0   47   49.00000   29.71453  39.4%     -    0s
     0     0   29.71453    0   44   49.00000   29.71453  39.4%     -    0s
     0     0   30.59109    0   46   49.00000   30.59109  37.6%     -    0s
     0     0   30.59109    0   46   49.00000   30.59109  37.6%     -    0s
     0     0   30.59109    0   49   49.00000   30.59109  37.6%     -    0s
     0     0   30.66356    0   48   49.00000   30.66356  37.4%     -    0s
     0     0   30.66356    0   48   49.00000   30.66356  37.4%     -    0s
     0     0   30.66356    0   48   49.00000   30.66356  37.4%     -    0s
     0     0   30.66356    0   45   49.00000   30.66356  37.4%     -    0s
     0     0   31.04652    0   44   49.00000   31.04652  36.6%     -    0s
     0     0   31.04652    0   43   49.00000   31.04652  36.6%     -    0s
     0     0   31.04652    0   43   49.00000   31.04652  36.6%     -    0s
     0     0   31.04652    0   43   49.00000   31.04652  36.6%     -    0s
     0     0   31.04652    0   45   49.00000   31.04652  36.6%     -    0s
     0     0   31.04652    0   43   49.00000   31.04652  36.6%     -    0s
     0     0   31.04652    0   43   49.00000   31.04652  36.6%     -    0s
     0     0   31.04652    0   43   49.00000   31.04652  36.6%     -    0s
     0     0   31.07530    0   43   49.00000   31.07530  36.6%     -    0s
     0     0   31.07530    0   45   49.00000   31.07530  36.6%     -    0s
     0     0   31.24323    0   43   49.00000   31.24323  36.2%     -    0s
     0     0   31.24323    0   43   49.00000   31.24323  36.2%     -    0s
     0     0   31.24323    0   52   49.00000   31.24323  36.2%     -    0s
     0     0   31.24323    0   44   49.00000   31.24323  36.2%     -    0s
     0     2   31.24323    0   32   49.00000   31.24323  36.2%     -    0s
H  572   184                      49.0000000   38.57680  21.3%  12.2    0s

Cutting planes:
  Learned: 4
  Gomory: 17
  Cover: 20
  Implied bound: 76
  MIR: 67
  Inf proof: 15
  RLT: 46
  Relax-and-lift: 2

Explored 3153 nodes (34343 simplex iterations) in 0.78 seconds (0.58 work units)
Thread count was 1 (of 96 available processors)

Solution count 4: 49 49 70 76 

Optimal solution found (tolerance 1.00e-04)
Best objective 4.899999999500e+01, best bound 4.899999999500e+01, gap 0.0000%

Instance 11_4, formulation reagg_tres, reform MIP:
  Rect 0: x = 10.00, y = 14.00
  Rect 1: x = 0.00, y = 12.00
  Rect 2: x = 6.00, y = 14.00
  Rect 3: x = 34.00, y = 13.00
  Rect 4: x = 2.00, y = 3.00
  Rect 5: x = 10.00, y = 2.00
  Rect 6: x = 2.00, y = 14.00
  Rect 7: x = 18.00, y = 14.00
  Rect 8: x = 10.00, y = 1.00
  Rect 9: x = 28.00, y = 9.00
  Rect 10: x = 22.00, y = 10.00
  → saved figures to strip_figures/11_4_reagg_tres_MIP.png and strip_figures/11_4_reagg_tres_MIP.pdf
Set parameter TokenServer to value "mooring.ecn.purdue.edu"
Read LP format model from file /tmp/tmpkakx3ljd.pyomo.lp
Reading time = 0.00 seconds
x244: 727 rows, 244 columns, 1783 nonzeros
Set parameter TimeLimit to value 1800
Set parameter Threads to value 1
Gurobi Optimizer version 11.0.0 build v11.0.0rc2 (linux64 - "Oracle Linux Server 9.6")

CPU model: AMD EPYC 7643 48-Core Processor, instruction set [SSE2|AVX|AVX2]
Thread count: 48 physical cores, 96 logical processors, using up to 1 threads

Optimize a model with 727 rows, 244 columns and 1783 nonzeros
Model fingerprint: 0x934c2604
Variable types: 24 continuous, 220 integer (220 binary)
Coefficient statistics:
  Matrix range     [1e+00, 1e+02]
  Objective range  [1e+00, 1e+00]
  Bounds range     [1e+00, 8e+01]
  RHS range        [1e+00, 8e+01]
Presolve removed 510 rows and 71 columns
Presolve time: 0.00s
Presolved: 217 rows, 173 columns, 672 nonzeros
Variable types: 22 continuous, 151 integer (151 binary)
Found heuristic solution: objective 52.0000000

Root relaxation: objective 2.300000e+01, 83 iterations, 0.00 seconds (0.00 work units)

    Nodes    |    Current Node    |     Objective Bounds      |     Work
 Expl Unexpl |  Obj  Depth IntInf | Incumbent    BestBd   Gap | It/Node Time

     0     0   23.00000    0   11   52.00000   23.00000  55.8%     -    0s
H    0     0                      47.0000000   23.00000  51.1%     -    0s
H    0     0                      42.0000000   23.00000  45.2%     -    0s
     0     0   23.00000    0   38   42.00000   23.00000  45.2%     -    0s
     0     0   23.00000    0   41   42.00000   23.00000  45.2%     -    0s
     0     0   23.00774    0   22   42.00000   23.00774  45.2%     -    0s
     0     0   24.00000    0   23   42.00000   24.00000  42.9%     -    0s
     0     0   24.00000    0   23   42.00000   24.00000  42.9%     -    0s
     0     0   24.00000    0   26   42.00000   24.00000  42.9%     -    0s
     0     0   24.00000    0   39   42.00000   24.00000  42.9%     -    0s
     0     0   24.00000    0   35   42.00000   24.00000  42.9%     -    0s
     0     0   24.00000    0   38   42.00000   24.00000  42.9%     -    0s
     0     0   24.00000    0   35   42.00000   24.00000  42.9%     -    0s
     0     0   24.00000    0   43   42.00000   24.00000  42.9%     -    0s
     0     0   24.00000    0   64   42.00000   24.00000  42.9%     -    0s
     0     0   24.00000    0   53   42.00000   24.00000  42.9%     -    0s
     0     0   24.00000    0   68   42.00000   24.00000  42.9%     -    0s
     0     0   24.00000    0   62   42.00000   24.00000  42.9%     -    0s
     0     0   24.00000    0   61   42.00000   24.00000  42.9%     -    0s
     0     0   24.00000    0   71   42.00000   24.00000  42.9%     -    0s
     0     0   24.11765    0   68   42.00000   24.11765  42.6%     -    0s
     0     0   27.00000    0   68   42.00000   27.00000  35.7%     -    0s
     0     0   27.00000    0   70   42.00000   27.00000  35.7%     -    0s
     0     0   27.00000    0   69   42.00000   27.00000  35.7%     -    0s
     0     0   27.00000    0   69   42.00000   27.00000  35.7%     -    0s
     0     0   27.00000    0   68   42.00000   27.00000  35.7%     -    0s
     0     0   27.00000    0   66   42.00000   27.00000  35.7%     -    0s
     0     0   27.00000    0   64   42.00000   27.00000  35.7%     -    0s
     0     0   27.00000    0   68   42.00000   27.00000  35.7%     -    0s
     0     0   27.00000    0   18   42.00000   27.00000  35.7%     -    0s
     0     2   27.00000    0   17   42.00000   27.00000  35.7%     -    0s
*  120    85              46      42.0000000   27.00000  35.7%   7.0    0s

Explored 3540 nodes (31878 simplex iterations) in 0.90 seconds (0.64 work units)
Thread count was 1 (of 96 available processors)

Solution count 4: 42 42 47 52 

Optimal solution found (tolerance 1.00e-04)
Best objective 4.199999999570e+01, best bound 4.199999999570e+01, gap 0.0000%

Instance 11_5, formulation altered, reform bigm:
  Rect 0: x = 11.00, y = 12.00
  Rect 1: x = 35.00, y = 14.00
  Rect 2: x = 18.00, y = 12.00
  Rect 3: x = 18.00, y = 3.00
  Rect 4: x = 28.00, y = 12.00
  Rect 5: x = 0.00, y = 15.00
  Rect 6: x = 10.00, y = 15.00
  Rect 7: x = 10.00, y = 12.00
  Rect 8: x = 26.00, y = 15.00
  Rect 9: x = 0.00, y = 11.00
  Rect 10: x = 18.00, y = 9.00
  → saved figures to strip_figures/11_5_altered_bigm.png and strip_figures/11_5_altered_bigm.pdf
Set parameter TokenServer to value "mooring.ecn.purdue.edu"
Read LP format model from file /tmp/tmpf5wd287g.pyomo.lp
Reading time = 0.00 seconds
x1124: 2267 rows, 1124 columns, 5963 nonzeros
Set parameter TimeLimit to value 1800
Set parameter Threads to value 1
Gurobi Optimizer version 11.0.0 build v11.0.0rc2 (linux64 - "Oracle Linux Server 9.6")

CPU model: AMD EPYC 7643 48-Core Processor, instruction set [SSE2|AVX|AVX2]
Thread count: 48 physical cores, 96 logical processors, using up to 1 threads

Optimize a model with 2267 rows, 1124 columns and 5963 nonzeros
Model fingerprint: 0x56e9430c
Variable types: 904 continuous, 220 integer (220 binary)
Coefficient statistics:
  Matrix range     [1e+00, 8e+01]
  Objective range  [1e+00, 1e+00]
  Bounds range     [1e+00, 8e+01]
  RHS range        [1e+00, 2e+01]
Presolve removed 756 rows and 340 columns
Presolve time: 0.01s
Presolved: 1511 rows, 784 columns, 3982 nonzeros
Variable types: 633 continuous, 151 integer (151 binary)
Found heuristic solution: objective 84.0000000
Found heuristic solution: objective 76.0000000
Found heuristic solution: objective 66.0000000
Found heuristic solution: objective 64.0000000

Root relaxation: objective 2.300000e+01, 363 iterations, 0.01 seconds (0.01 work units)

    Nodes    |    Current Node    |     Objective Bounds      |     Work
 Expl Unexpl |  Obj  Depth IntInf | Incumbent    BestBd   Gap | It/Node Time

     0     0   23.00000    0   39   64.00000   23.00000  64.1%     -    0s
H    0     0                      63.0000000   23.00000  63.5%     -    0s
     0     0   23.00000    0   53   63.00000   23.00000  63.5%     -    0s
H    0     0                      60.0000000   23.00000  61.7%     -    0s
     0     0   23.00000    0   51   60.00000   23.00000  61.7%     -    0s
     0     0   23.00000    0   24   60.00000   23.00000  61.7%     -    0s
H    0     0                      56.0000000   23.00000  58.9%     -    0s
H    0     0                      54.0000000   23.00000  57.4%     -    0s
     0     0   23.00000    0   28   54.00000   23.00000  57.4%     -    0s
     0     0   23.00000    0   29   54.00000   23.00000  57.4%     -    0s
H    0     0                      53.0000000   23.00000  56.6%     -    0s
     0     0   23.00000    0   34   53.00000   23.00000  56.6%     -    0s
     0     0   23.00000    0   34   53.00000   23.00000  56.6%     -    0s
     0     0   23.00000    0   34   53.00000   23.00000  56.6%     -    0s
H    0     0                      52.0000000   23.00000  55.8%     -    0s
     0     2   23.00000    0   30   52.00000   23.00000  55.8%     -    0s
*   58    43              41      47.0000000   23.00000  51.1%  30.9    0s
*  126    93              35      43.0000000   23.00000  46.5%  29.5    0s
*  260   126              40      42.0000000   23.00000  45.2%  32.4    0s
*  909   400              39      42.0000000   23.97479  42.9%  38.1    1s
  2797   258     cutoff   21        42.00000   34.00000  19.0%  41.8    5s

Explored 4048 nodes (164574 simplex iterations) in 6.56 seconds (5.49 work units)
Thread count was 1 (of 96 available processors)

Solution count 10: 42 42 43 ... 63

Optimal solution found (tolerance 1.00e-04)
Best objective 4.199999999570e+01, best bound 4.199999999570e+01, gap 0.0000%

Instance 11_5, formulation altered, reform hull:
  Rect 0: x = 35.00, y = 12.00
  Rect 1: x = 0.00, y = 14.00
  Rect 2: x = 40.00, y = 15.00
  Rect 3: x = 7.00, y = 9.00
  Rect 4: x = 17.00, y = 12.00
  Rect 5: x = 24.00, y = 15.00
  Rect 6: x = 7.00, y = 14.00
  Rect 7: x = 34.00, y = 12.00
  Rect 8: x = 7.00, y = 12.00
  Rect 9: x = 24.00, y = 11.00
  Rect 10: x = 7.00, y = 6.00
  → saved figures to strip_figures/11_5_altered_hull.png and strip_figures/11_5_altered_hull.pdf
Set parameter TokenServer to value "mooring.ecn.purdue.edu"
Read LP format model from file /tmp/tmpqvocrc9r.pyomo.lp
Reading time = 0.00 seconds
x244: 727 rows, 244 columns, 1783 nonzeros
Set parameter TimeLimit to value 1800
Set parameter Threads to value 1
Gurobi Optimizer version 11.0.0 build v11.0.0rc2 (linux64 - "Oracle Linux Server 9.6")

CPU model: AMD EPYC 7643 48-Core Processor, instruction set [SSE2|AVX|AVX2]
Thread count: 48 physical cores, 96 logical processors, using up to 1 threads

Optimize a model with 727 rows, 244 columns and 1783 nonzeros
Model fingerprint: 0x934c2604
Variable types: 24 continuous, 220 integer (220 binary)
Coefficient statistics:
  Matrix range     [1e+00, 1e+02]
  Objective range  [1e+00, 1e+00]
  Bounds range     [1e+00, 8e+01]
  RHS range        [1e+00, 8e+01]
Presolve removed 510 rows and 71 columns
Presolve time: 0.00s
Presolved: 217 rows, 173 columns, 672 nonzeros
Variable types: 22 continuous, 151 integer (151 binary)
Found heuristic solution: objective 52.0000000

Root relaxation: objective 2.300000e+01, 83 iterations, 0.00 seconds (0.00 work units)

    Nodes    |    Current Node    |     Objective Bounds      |     Work
 Expl Unexpl |  Obj  Depth IntInf | Incumbent    BestBd   Gap | It/Node Time

     0     0   23.00000    0   11   52.00000   23.00000  55.8%     -    0s
H    0     0                      47.0000000   23.00000  51.1%     -    0s
H    0     0                      42.0000000   23.00000  45.2%     -    0s
     0     0   23.00000    0   38   42.00000   23.00000  45.2%     -    0s
     0     0   23.00000    0   41   42.00000   23.00000  45.2%     -    0s
     0     0   23.00774    0   22   42.00000   23.00774  45.2%     -    0s
     0     0   24.00000    0   23   42.00000   24.00000  42.9%     -    0s
     0     0   24.00000    0   23   42.00000   24.00000  42.9%     -    0s
     0     0   24.00000    0   26   42.00000   24.00000  42.9%     -    0s
     0     0   24.00000    0   39   42.00000   24.00000  42.9%     -    0s
     0     0   24.00000    0   35   42.00000   24.00000  42.9%     -    0s
     0     0   24.00000    0   38   42.00000   24.00000  42.9%     -    0s
     0     0   24.00000    0   35   42.00000   24.00000  42.9%     -    0s
     0     0   24.00000    0   43   42.00000   24.00000  42.9%     -    0s
     0     0   24.00000    0   64   42.00000   24.00000  42.9%     -    0s
     0     0   24.00000    0   53   42.00000   24.00000  42.9%     -    0s
     0     0   24.00000    0   68   42.00000   24.00000  42.9%     -    0s
     0     0   24.00000    0   62   42.00000   24.00000  42.9%     -    0s
     0     0   24.00000    0   61   42.00000   24.00000  42.9%     -    0s
     0     0   24.00000    0   71   42.00000   24.00000  42.9%     -    0s
     0     0   24.11765    0   68   42.00000   24.11765  42.6%     -    0s
     0     0   27.00000    0   68   42.00000   27.00000  35.7%     -    0s
     0     0   27.00000    0   70   42.00000   27.00000  35.7%     -    0s
     0     0   27.00000    0   69   42.00000   27.00000  35.7%     -    0s
     0     0   27.00000    0   69   42.00000   27.00000  35.7%     -    0s
     0     0   27.00000    0   68   42.00000   27.00000  35.7%     -    0s
     0     0   27.00000    0   66   42.00000   27.00000  35.7%     -    0s
     0     0   27.00000    0   64   42.00000   27.00000  35.7%     -    0s
     0     0   27.00000    0   68   42.00000   27.00000  35.7%     -    0s
     0     0   27.00000    0   18   42.00000   27.00000  35.7%     -    0s
     0     2   27.00000    0   17   42.00000   27.00000  35.7%     -    0s
*  120    85              46      42.0000000   27.00000  35.7%   7.0    0s

Explored 3540 nodes (31878 simplex iterations) in 0.90 seconds (0.64 work units)
Thread count was 1 (of 96 available processors)

Solution count 4: 42 42 47 52 

Optimal solution found (tolerance 1.00e-04)
Best objective 4.199999999570e+01, best bound 4.199999999570e+01, gap 0.0000%

Instance 11_5, formulation tres, reform bigm:
  Rect 0: x = 11.00, y = 12.00
  Rect 1: x = 35.00, y = 14.00
  Rect 2: x = 18.00, y = 12.00
  Rect 3: x = 18.00, y = 3.00
  Rect 4: x = 28.00, y = 12.00
  Rect 5: x = 0.00, y = 15.00
  Rect 6: x = 10.00, y = 15.00
  Rect 7: x = 10.00, y = 12.00
  Rect 8: x = 26.00, y = 15.00
  Rect 9: x = 0.00, y = 11.00
  Rect 10: x = 18.00, y = 9.00
  → saved figures to strip_figures/11_5_tres_bigm.png and strip_figures/11_5_tres_bigm.pdf
Set parameter TokenServer to value "mooring.ecn.purdue.edu"
Read LP format model from file /tmp/tmpxviceubq.pyomo.lp
Reading time = 0.00 seconds
x1124: 2267 rows, 1124 columns, 5963 nonzeros
Set parameter TimeLimit to value 1800
Set parameter Threads to value 1
Gurobi Optimizer version 11.0.0 build v11.0.0rc2 (linux64 - "Oracle Linux Server 9.6")

CPU model: AMD EPYC 7643 48-Core Processor, instruction set [SSE2|AVX|AVX2]
Thread count: 48 physical cores, 96 logical processors, using up to 1 threads

Optimize a model with 2267 rows, 1124 columns and 5963 nonzeros
Model fingerprint: 0x56e9430c
Variable types: 904 continuous, 220 integer (220 binary)
Coefficient statistics:
  Matrix range     [1e+00, 8e+01]
  Objective range  [1e+00, 1e+00]
  Bounds range     [1e+00, 8e+01]
  RHS range        [1e+00, 2e+01]
Presolve removed 756 rows and 340 columns
Presolve time: 0.01s
Presolved: 1511 rows, 784 columns, 3982 nonzeros
Variable types: 633 continuous, 151 integer (151 binary)
Found heuristic solution: objective 84.0000000
Found heuristic solution: objective 76.0000000
Found heuristic solution: objective 66.0000000
Found heuristic solution: objective 64.0000000

Root relaxation: objective 2.300000e+01, 363 iterations, 0.01 seconds (0.01 work units)

    Nodes    |    Current Node    |     Objective Bounds      |     Work
 Expl Unexpl |  Obj  Depth IntInf | Incumbent    BestBd   Gap | It/Node Time

     0     0   23.00000    0   39   64.00000   23.00000  64.1%     -    0s
H    0     0                      63.0000000   23.00000  63.5%     -    0s
     0     0   23.00000    0   53   63.00000   23.00000  63.5%     -    0s
H    0     0                      60.0000000   23.00000  61.7%     -    0s
     0     0   23.00000    0   51   60.00000   23.00000  61.7%     -    0s
     0     0   23.00000    0   24   60.00000   23.00000  61.7%     -    0s
H    0     0                      56.0000000   23.00000  58.9%     -    0s
H    0     0                      54.0000000   23.00000  57.4%     -    0s
     0     0   23.00000    0   28   54.00000   23.00000  57.4%     -    0s
     0     0   23.00000    0   29   54.00000   23.00000  57.4%     -    0s
H    0     0                      53.0000000   23.00000  56.6%     -    0s
     0     0   23.00000    0   34   53.00000   23.00000  56.6%     -    0s
     0     0   23.00000    0   34   53.00000   23.00000  56.6%     -    0s
     0     0   23.00000    0   34   53.00000   23.00000  56.6%     -    0s
H    0     0                      52.0000000   23.00000  55.8%     -    0s
     0     2   23.00000    0   30   52.00000   23.00000  55.8%     -    0s
*   58    43              41      47.0000000   23.00000  51.1%  30.9    0s
*  126    93              35      43.0000000   23.00000  46.5%  29.5    0s
*  260   126              40      42.0000000   23.00000  45.2%  32.4    0s
*  909   400              39      42.0000000   23.97479  42.9%  38.1    1s
  2848   262     cutoff   22        42.00000   34.00000  19.0%  41.7    5s

Explored 4048 nodes (164574 simplex iterations) in 6.48 seconds (5.49 work units)
Thread count was 1 (of 96 available processors)

Solution count 10: 42 42 43 ... 63

Optimal solution found (tolerance 1.00e-04)
Best objective 4.199999999570e+01, best bound 4.199999999570e+01, gap 0.0000%

Instance 11_5, formulation tres, reform hull:
  Rect 0: x = 35.00, y = 12.00
  Rect 1: x = 0.00, y = 14.00
  Rect 2: x = 40.00, y = 15.00
  Rect 3: x = 7.00, y = 9.00
  Rect 4: x = 17.00, y = 12.00
  Rect 5: x = 24.00, y = 15.00
  Rect 6: x = 7.00, y = 14.00
  Rect 7: x = 34.00, y = 12.00
  Rect 8: x = 7.00, y = 12.00
  Rect 9: x = 24.00, y = 11.00
  Rect 10: x = 7.00, y = 6.00
  → saved figures to strip_figures/11_5_tres_hull.png and strip_figures/11_5_tres_hull.pdf
Set parameter TokenServer to value "mooring.ecn.purdue.edu"
Read LP format model from file /tmp/tmpwxl5pyzm.pyomo.lp
Reading time = 0.00 seconds
x244: 287 rows, 244 columns, 1563 nonzeros
Set parameter TimeLimit to value 1800
Set parameter Threads to value 1
Gurobi Optimizer version 11.0.0 build v11.0.0rc2 (linux64 - "Oracle Linux Server 9.6")

CPU model: AMD EPYC 7643 48-Core Processor, instruction set [SSE2|AVX|AVX2]
Thread count: 48 physical cores, 96 logical processors, using up to 1 threads

Optimize a model with 287 rows, 244 columns and 1563 nonzeros
Model fingerprint: 0x61763412
Variable types: 24 continuous, 220 integer (220 binary)
Coefficient statistics:
  Matrix range     [1e+00, 8e+01]
  Objective range  [1e+00, 1e+00]
  Bounds range     [1e+00, 8e+01]
  RHS range        [1e+00, 2e+01]
Found heuristic solution: objective 46.0000000
Presolve removed 70 rows and 71 columns
Presolve time: 0.00s
Presolved: 217 rows, 173 columns, 894 nonzeros
Variable types: 22 continuous, 151 integer (151 binary)

Root relaxation: objective 2.300000e+01, 87 iterations, 0.00 seconds (0.00 work units)

    Nodes    |    Current Node    |     Objective Bounds      |     Work
 Expl Unexpl |  Obj  Depth IntInf | Incumbent    BestBd   Gap | It/Node Time

     0     0   23.00000    0   11   46.00000   23.00000  50.0%     -    0s
H    0     0                      45.0000000   23.00000  48.9%     -    0s
H    0     0                      44.0000000   23.00000  47.7%     -    0s
     0     0   23.00000    0   30   44.00000   23.00000  47.7%     -    0s
     0     0   23.00000    0   21   44.00000   23.00000  47.7%     -    0s
H    0     0                      43.0000000   23.76136  44.7%     -    0s
H    0     0                      42.0000000   23.76136  43.4%     -    0s
     0     0   23.76136    0   19   42.00000   23.76136  43.4%     -    0s
     0     0   24.36364    0   28   42.00000   24.36364  42.0%     -    0s
     0     0   24.36364    0   28   42.00000   24.36364  42.0%     -    0s
     0     0   24.50000    0   33   42.00000   24.50000  41.7%     -    0s
     0     0   25.23529    0   34   42.00000   25.23529  39.9%     -    0s
     0     0   25.23529    0   34   42.00000   25.23529  39.9%     -    0s
     0     0   25.23529    0   27   42.00000   25.23529  39.9%     -    0s
     0     0   25.23529    0   18   42.00000   25.23529  39.9%     -    0s
     0     0   25.23529    0   27   42.00000   25.23529  39.9%     -    0s
     0     0   25.23529    0   20   42.00000   25.23529  39.9%     -    0s
     0     0   25.23529    0   20   42.00000   25.23529  39.9%     -    0s
     0     2   25.23529    0   20   42.00000   25.23529  39.9%     -    0s
*  258   132              29      42.0000000   30.00000  28.6%   8.1    0s

Explored 3276 nodes (19832 simplex iterations) in 0.62 seconds (0.40 work units)
Thread count was 1 (of 96 available processors)

Solution count 6: 42 42 43 ... 46

Optimal solution found (tolerance 1.00e-04)
Best objective 4.199999999570e+01, best bound 4.199999999570e+01, gap 0.0000%

Instance 11_5, formulation reagg, reform MIP:
  Rect 0: x = 0.00, y = 15.00
  Rect 1: x = 35.00, y = 14.00
  Rect 2: x = 33.00, y = 3.00
  Rect 3: x = 14.00, y = 10.00
  Rect 4: x = 7.00, y = 15.00
  Rect 5: x = 23.00, y = 4.00
  Rect 6: x = 7.00, y = 2.00
  Rect 7: x = 34.00, y = 15.00
  Rect 8: x = 0.00, y = 3.00
  Rect 9: x = 24.00, y = 15.00
  Rect 10: x = 14.00, y = 15.00
  → saved figures to strip_figures/11_5_reagg_MIP.png and strip_figures/11_5_reagg_MIP.pdf
Set parameter TokenServer to value "mooring.ecn.purdue.edu"
Read LP format model from file /tmp/tmpoztshpr0.pyomo.lp
Reading time = 0.00 seconds
x244: 287 rows, 244 columns, 1563 nonzeros
Set parameter TimeLimit to value 1800
Set parameter Threads to value 1
Gurobi Optimizer version 11.0.0 build v11.0.0rc2 (linux64 - "Oracle Linux Server 9.6")

CPU model: AMD EPYC 7643 48-Core Processor, instruction set [SSE2|AVX|AVX2]
Thread count: 48 physical cores, 96 logical processors, using up to 1 threads

Optimize a model with 287 rows, 244 columns and 1563 nonzeros
Model fingerprint: 0x0d223c99
Variable types: 24 continuous, 220 integer (220 binary)
Coefficient statistics:
  Matrix range     [1e+00, 8e+01]
  Objective range  [1e+00, 1e+00]
  Bounds range     [1e+00, 8e+01]
  RHS range        [1e+00, 2e+01]
Presolve removed 70 rows and 71 columns
Presolve time: 0.00s
Presolved: 217 rows, 173 columns, 862 nonzeros
Variable types: 22 continuous, 151 integer (151 binary)
Found heuristic solution: objective 84.0000000
Found heuristic solution: objective 68.0000000

Root relaxation: objective 2.300000e+01, 89 iterations, 0.00 seconds (0.00 work units)

    Nodes    |    Current Node    |     Objective Bounds      |     Work
 Expl Unexpl |  Obj  Depth IntInf | Incumbent    BestBd   Gap | It/Node Time

     0     0   23.00000    0   19   68.00000   23.00000  66.2%     -    0s
H    0     0                      54.0000000   23.00000  57.4%     -    0s
H    0     0                      50.0000000   23.00000  54.0%     -    0s
     0     0   23.00000    0   36   50.00000   23.00000  54.0%     -    0s
H    0     0                      48.0000000   23.00000  52.1%     -    0s
     0     0   23.00000    0   36   48.00000   23.00000  52.1%     -    0s
     0     0   23.00000    0   21   48.00000   23.00000  52.1%     -    0s
     0     0   23.00000    0   25   48.00000   23.00000  52.1%     -    0s
     0     0   23.00000    0   25   48.00000   23.00000  52.1%     -    0s
H    0     0                      47.0000000   23.00000  51.1%     -    0s
H    0     0                      46.0000000   23.00000  50.0%     -    0s
     0     0   23.35714    0   36   46.00000   23.35714  49.2%     -    0s
     0     0   23.53692    0   24   46.00000   23.53692  48.8%     -    0s
     0     0   23.80000    0   33   46.00000   23.80000  48.3%     -    0s
     0     0   23.80000    0   30   46.00000   23.80000  48.3%     -    0s
     0     0   23.80000    0   41   46.00000   23.80000  48.3%     -    0s
H    0     0                      44.0000000   23.80000  45.9%     -    0s
     0     0   23.80000    0   47   44.00000   23.80000  45.9%     -    0s
     0     0   23.80000    0   47   44.00000   23.80000  45.9%     -    0s
     0     0   23.87344    0   39   44.00000   23.87344  45.7%     -    0s
     0     0   23.88244    0   41   44.00000   23.88244  45.7%     -    0s
     0     0   23.88244    0   38   44.00000   23.88244  45.7%     -    0s
     0     0   23.88244    0   40   44.00000   23.88244  45.7%     -    0s
     0     0   23.91160    0   34   44.00000   23.91160  45.7%     -    0s
     0     0   23.91160    0   33   44.00000   23.91160  45.7%     -    0s
H    0     0                      42.0000000   23.91160  43.1%     -    0s
     0     0   23.91160    0   34   42.00000   23.91160  43.1%     -    0s
     0     0   23.94551    0   32   42.00000   23.94551  43.0%     -    0s
     0     0   23.97197    0   31   42.00000   23.97197  42.9%     -    0s
     0     0   23.98251    0   42   42.00000   23.98251  42.9%     -    0s
     0     0   23.99181    0   55   42.00000   23.99181  42.9%     -    0s
     0     0   24.00216    0   36   42.00000   24.00216  42.9%     -    0s
     0     0   24.00216    0   41   42.00000   24.00216  42.9%     -    0s
     0     0   24.01113    0   33   42.00000   24.01113  42.8%     -    0s
     0     0   24.01113    0   34   42.00000   24.01113  42.8%     -    0s
     0     0   24.01483    0   32   42.00000   24.01483  42.8%     -    0s
     0     0   24.02309    0   50   42.00000   24.02309  42.8%     -    0s
     0     0   24.02309    0   34   42.00000   24.02309  42.8%     -    0s
     0     0   24.07934    0   50   42.00000   24.07934  42.7%     -    0s
     0     0   24.09936    0   50   42.00000   24.09936  42.6%     -    0s
     0     0   24.10097    0   45   42.00000   24.10097  42.6%     -    0s
     0     0   24.10097    0   45   42.00000   24.10097  42.6%     -    0s
     0     0   24.10219    0   58   42.00000   24.10219  42.6%     -    0s
     0     0   24.10278    0   48   42.00000   24.10278  42.6%     -    0s
     0     0   24.45455    0   54   42.00000   24.45455  41.8%     -    0s
     0     0   24.45455    0   57   42.00000   24.45455  41.8%     -    0s
     0     0   24.45455    0   55   42.00000   24.45455  41.8%     -    0s
     0     0   24.45455    0   62   42.00000   24.45455  41.8%     -    0s
     0     0   25.00000    0   41   42.00000   25.00000  40.5%     -    0s
     0     0   25.00000    0   29   42.00000   25.00000  40.5%     -    0s
     0     0   25.00000    0   29   42.00000   25.00000  40.5%     -    0s
     0     0   25.00000    0   35   42.00000   25.00000  40.5%     -    0s
     0     0   25.00000    0   23   42.00000   25.00000  40.5%     -    0s
     0     0   25.00000    0   43   42.00000   25.00000  40.5%     -    0s
     0     0   25.00000    0   18   42.00000   25.00000  40.5%     -    0s
     0     0   25.00000    0   42   42.00000   25.00000  40.5%     -    0s
     0     0   25.00000    0   20   42.00000   25.00000  40.5%     -    0s
     0     0   25.00000    0   44   42.00000   25.00000  40.5%     -    0s
     0     0   25.00000    0   23   42.00000   25.00000  40.5%     -    0s
     0     0   25.00000    0   14   42.00000   25.00000  40.5%     -    0s
     0     2   25.00000    0   14   42.00000   25.00000  40.5%     -    0s
H  352   151                      42.0000000   27.00000  35.7%  15.7    0s

Cutting planes:
  Learned: 1
  Gomory: 5
  Cover: 157
  Implied bound: 140
  Clique: 8
  MIR: 374
  StrongCG: 2
  GUB cover: 14
  Inf proof: 22
  RLT: 69
  Relax-and-lift: 37
  PSD: 2

Explored 2246 nodes (40327 simplex iterations) in 0.98 seconds (0.85 work units)
Thread count was 1 (of 96 available processors)

Solution count 10: 42 42 44 ... 84

Optimal solution found (tolerance 1.00e-04)
Best objective 4.199999999570e+01, best bound 4.199999999570e+01, gap 0.0000%

Instance 11_5, formulation reagg_tres, reform MIP:
  Rect 0: x = 34.00, y = 15.00
  Rect 1: x = 0.00, y = 14.00
  Rect 2: x = 22.00, y = 3.00
  Rect 3: x = 12.00, y = 3.00
  Rect 4: x = 7.00, y = 15.00
  Rect 5: x = 24.00, y = 7.00
  Rect 6: x = 24.00, y = 2.00
  Rect 7: x = 41.00, y = 12.00
  Rect 8: x = 7.00, y = 3.00
  Rect 9: x = 14.00, y = 15.00
  Rect 10: x = 24.00, y = 12.00
  → saved figures to strip_figures/11_5_reagg_tres_MIP.png and strip_figures/11_5_reagg_tres_MIP.pdf
Set parameter TokenServer to value "mooring.ecn.purdue.edu"
Read LP format model from file /tmp/tmp1dxge6bc.pyomo.lp
Reading time = 0.00 seconds
x290: 871 rows, 290 columns, 2137 nonzeros
Set parameter TimeLimit to value 1800
Set parameter Threads to value 1
Gurobi Optimizer version 11.0.0 build v11.0.0rc2 (linux64 - "Oracle Linux Server 9.6")

CPU model: AMD EPYC 7643 48-Core Processor, instruction set [SSE2|AVX|AVX2]
Thread count: 48 physical cores, 96 logical processors, using up to 1 threads

Optimize a model with 871 rows, 290 columns and 2137 nonzeros
Model fingerprint: 0x47fe92b0
Variable types: 26 continuous, 264 integer (264 binary)
Coefficient statistics:
  Matrix range     [1e+00, 8e+01]
  Objective range  [1e+00, 1e+00]
  Bounds range     [1e+00, 7e+01]
  RHS range        [1e+00, 7e+01]
Presolve removed 604 rows and 77 columns
Presolve time: 0.00s
Presolved: 267 rows, 213 columns, 830 nonzeros
Variable types: 24 continuous, 189 integer (189 binary)
Found heuristic solution: objective 57.0000000
Found heuristic solution: objective 56.0000000

Root relaxation: objective 1.700000e+01, 97 iterations, 0.00 seconds (0.00 work units)

    Nodes    |    Current Node    |     Objective Bounds      |     Work
 Expl Unexpl |  Obj  Depth IntInf | Incumbent    BestBd   Gap | It/Node Time

     0     0   17.00000    0   15   56.00000   17.00000  69.6%     -    0s
H    0     0                      52.0000000   17.00000  67.3%     -    0s
H    0     0                      41.0000000   17.00000  58.5%     -    0s
     0     0   17.00000    0   64   41.00000   17.00000  58.5%     -    0s
     0     0   17.00000    0   55   41.00000   17.00000  58.5%     -    0s
     0     0   17.00000    0   27   41.00000   17.00000  58.5%     -    0s
H    0     0                      40.0000000   17.00000  57.5%     -    0s
H    0     0                      37.0000000   17.00000  54.1%     -    0s
     0     0   17.00000    0   29   37.00000   17.00000  54.1%     -    0s
     0     0   17.16216    0   35   37.00000   17.16216  53.6%     -    0s
H    0     0                      36.0000000   17.85714  50.4%     -    0s
     0     0   17.92009    0   35   36.00000   17.92009  50.2%     -    0s
     0     0   19.00000    0   53   36.00000   19.00000  47.2%     -    0s
     0     0   19.13514    0   58   36.00000   19.13514  46.8%     -    0s
     0     0   19.13514    0   62   36.00000   19.13514  46.8%     -    0s
     0     0   19.30769    0   49   36.00000   19.30769  46.4%     -    0s
     0     0   19.30769    0   63   36.00000   19.30769  46.4%     -    0s
     0     0   19.30769    0   74   36.00000   19.30769  46.4%     -    0s
     0     0   19.30769    0   77   36.00000   19.30769  46.4%     -    0s
     0     0   19.30769    0   33   36.00000   19.30769  46.4%     -    0s
H    0     0                      35.0000000   19.30769  44.8%     -    0s
     0     0   19.30769    0   34   35.00000   19.30769  44.8%     -    0s
     0     0   19.30769    0   24   35.00000   19.30769  44.8%     -    0s
     0     0   19.30769    0   41   35.00000   19.30769  44.8%     -    0s
     0     0   19.30769    0   25   35.00000   19.30769  44.8%     -    0s
     0     0   19.30769    0   43   35.00000   19.30769  44.8%     -    0s
     0     0   19.30769    0   20   35.00000   19.30769  44.8%     -    0s
     0     0   19.30769    0   37   35.00000   19.30769  44.8%     -    0s
     0     0   19.30769    0   23   35.00000   19.30769  44.8%     -    0s
     0     0   19.30769    0   16   35.00000   19.30769  44.8%     -    0s
     0     2   19.50000    0   16   35.00000   19.50000  44.3%     -    0s
H  353   217                      35.0000000   20.80180  40.6%  12.1    0s
* 1006   502              48      34.0000000   23.00000  32.4%  15.2    0s
* 1231   393              37      33.0000000   24.00000  27.3%  14.8    0s
H 1258   367                      32.9999609   24.00000  27.3%  14.9    0s
* 1279   323              32      32.0000000   24.00000  25.0%  14.9    0s
H 1761   236                      32.0000000   26.00000  18.7%  16.0    1s

Cutting planes:
  Cover: 16
  Implied bound: 3
  Clique: 7
  MIR: 3
  Flow cover: 13
  Relax-and-lift: 1

Explored 7327 nodes (113818 simplex iterations) in 3.20 seconds (2.35 work units)
Thread count was 1 (of 96 available processors)

Solution count 10: 32 32 33 ... 40

Optimal solution found (tolerance 1.00e-04)
Best objective 3.199999999670e+01, best bound 3.199999999670e+01, gap 0.0000%

Instance 12_1, formulation altered, reform bigm:
  Rect 0: x = 12.00, y = 10.00
  Rect 1: x = 0.00, y = 4.00
  Rect 2: x = 3.00, y = 4.00
  Rect 3: x = 4.00, y = 10.00
  Rect 4: x = 12.00, y = 6.00
  Rect 5: x = 26.00, y = 10.00
  Rect 6: x = 19.00, y = 10.00
  Rect 7: x = 6.00, y = 4.00
  Rect 8: x = 31.00, y = 10.00
  Rect 9: x = 6.00, y = 3.00
  Rect 10: x = 17.00, y = 5.00
  Rect 11: x = 0.00, y = 10.00
  → saved figures to strip_figures/12_1_altered_bigm.png and strip_figures/12_1_altered_bigm.pdf
Set parameter TokenServer to value "mooring.ecn.purdue.edu"
Read LP format model from file /tmp/tmpsaeqs9cc.pyomo.lp
Reading time = 0.00 seconds
x1346: 2719 rows, 1346 columns, 7131 nonzeros
Set parameter TimeLimit to value 1800
Set parameter Threads to value 1
Gurobi Optimizer version 11.0.0 build v11.0.0rc2 (linux64 - "Oracle Linux Server 9.6")

CPU model: AMD EPYC 7643 48-Core Processor, instruction set [SSE2|AVX|AVX2]
Thread count: 48 physical cores, 96 logical processors, using up to 1 threads

Optimize a model with 2719 rows, 1346 columns and 7131 nonzeros
Model fingerprint: 0xaa31ea0b
Variable types: 1082 continuous, 264 integer (264 binary)
Coefficient statistics:
  Matrix range     [1e+00, 7e+01]
  Objective range  [1e+00, 1e+00]
  Bounds range     [1e+00, 7e+01]
  RHS range        [1e+00, 1e+01]
Presolve removed 990 rows and 403 columns
Presolve time: 0.01s
Presolved: 1729 rows, 943 columns, 4578 nonzeros
Variable types: 754 continuous, 189 integer (189 binary)
Found heuristic solution: objective 69.0000000
Found heuristic solution: objective 61.0000000
Found heuristic solution: objective 50.0000000

Root relaxation: objective 1.700000e+01, 559 iterations, 0.01 seconds (0.01 work units)

    Nodes    |    Current Node    |     Objective Bounds      |     Work
 Expl Unexpl |  Obj  Depth IntInf | Incumbent    BestBd   Gap | It/Node Time

     0     0   17.00000    0   44   50.00000   17.00000  66.0%     -    0s
     0     0   17.00000    0   83   50.00000   17.00000  66.0%     -    0s
H    0     0                      49.0000000   17.00000  65.3%     -    0s
     0     0   17.00000    0   72   49.00000   17.00000  65.3%     -    0s
     0     0   17.00000    0   44   49.00000   17.00000  65.3%     -    0s
H    0     0                      47.0000000   17.00000  63.8%     -    0s
     0     0   17.00000    0   67   47.00000   17.00000  63.8%     -    0s
     0     0   17.00000    0   58   47.00000   17.00000  63.8%     -    0s
     0     0   17.00000    0   58   47.00000   17.00000  63.8%     -    0s
H    0     0                      42.0000000   17.00000  59.5%     -    0s
H    0     0                      42.0000000   17.00000  59.5%     -    0s
     0     2   17.00000    0   50   42.00000   17.00000  59.5%     -    0s
H   27    27                      39.0000000   17.80000  54.4%  50.8    0s
H  257   196                      38.0000000   19.14644  49.6%  29.3    0s
*  271   171              51      36.0000000   19.14644  46.8%  28.5    0s
*  370   226              52      36.0000000   19.68191  45.3%  29.3    0s
H 1130   590                      35.0000000   20.46154  41.5%  36.6    2s
H 1184   585                      35.0000000   20.46154  41.5%  35.9    2s
* 1953   778              45      34.0000000   20.46154  39.8%  35.6    3s
  2451   959   26.00000   35   41   34.00000   21.00000  38.2%  37.6    5s
* 3368  1168              48      33.0000000   21.00000  36.4%  38.7    6s
* 3590  1102              37      32.0000000   21.00000  34.4%  39.1    7s
  4569  1197   24.00000   24   38   32.00000   23.00000  28.1%  45.8   10s
  6303  1251   31.00000   32   23   32.00000   25.00000  21.9%  53.0   15s
  7966  1119 infeasible   31        32.00000   26.16667  18.2%  58.0   20s
* 9332   904              40      32.0000000   27.00000  15.6%  59.1   23s
 10192   635   30.00000   26   27   32.00000   29.00000  9.37%  58.3   25s

Explored 11872 nodes (670027 simplex iterations) in 27.87 seconds (23.11 work units)
Thread count was 1 (of 96 available processors)

Solution count 10: 32 32 32 ... 38

Optimal solution found (tolerance 1.00e-04)
Best objective 3.199999999670e+01, best bound 3.199999999670e+01, gap 0.0000%

Instance 12_1, formulation altered, reform hull:
  Rect 0: x = 8.00, y = 10.00
  Rect 1: x = 21.00, y = 4.00
  Rect 2: x = 24.00, y = 4.00
  Rect 3: x = 15.00, y = 10.00
  Rect 4: x = 10.00, y = 6.00
  Rect 5: x = 27.00, y = 10.00
  Rect 6: x = 1.00, y = 10.00
  Rect 7: x = 15.00, y = 4.00
  Rect 8: x = 0.00, y = 10.00
  Rect 9: x = 10.00, y = 3.00
  Rect 10: x = 1.00, y = 5.00
  Rect 11: x = 23.00, y = 10.00
  → saved figures to strip_figures/12_1_altered_hull.png and strip_figures/12_1_altered_hull.pdf
Set parameter TokenServer to value "mooring.ecn.purdue.edu"
Read LP format model from file /tmp/tmpuer_mp6j.pyomo.lp
Reading time = 0.00 seconds
x290: 871 rows, 290 columns, 2137 nonzeros
Set parameter TimeLimit to value 1800
Set parameter Threads to value 1
Gurobi Optimizer version 11.0.0 build v11.0.0rc2 (linux64 - "Oracle Linux Server 9.6")

CPU model: AMD EPYC 7643 48-Core Processor, instruction set [SSE2|AVX|AVX2]
Thread count: 48 physical cores, 96 logical processors, using up to 1 threads

Optimize a model with 871 rows, 290 columns and 2137 nonzeros
Model fingerprint: 0x47fe92b0
Variable types: 26 continuous, 264 integer (264 binary)
Coefficient statistics:
  Matrix range     [1e+00, 8e+01]
  Objective range  [1e+00, 1e+00]
  Bounds range     [1e+00, 7e+01]
  RHS range        [1e+00, 7e+01]
Presolve removed 604 rows and 77 columns
Presolve time: 0.00s
Presolved: 267 rows, 213 columns, 830 nonzeros
Variable types: 24 continuous, 189 integer (189 binary)
Found heuristic solution: objective 57.0000000
Found heuristic solution: objective 56.0000000

Root relaxation: objective 1.700000e+01, 97 iterations, 0.00 seconds (0.00 work units)

    Nodes    |    Current Node    |     Objective Bounds      |     Work
 Expl Unexpl |  Obj  Depth IntInf | Incumbent    BestBd   Gap | It/Node Time

     0     0   17.00000    0   15   56.00000   17.00000  69.6%     -    0s
H    0     0                      52.0000000   17.00000  67.3%     -    0s
H    0     0                      41.0000000   17.00000  58.5%     -    0s
     0     0   17.00000    0   64   41.00000   17.00000  58.5%     -    0s
     0     0   17.00000    0   55   41.00000   17.00000  58.5%     -    0s
     0     0   17.00000    0   27   41.00000   17.00000  58.5%     -    0s
H    0     0                      40.0000000   17.00000  57.5%     -    0s
H    0     0                      37.0000000   17.00000  54.1%     -    0s
     0     0   17.00000    0   29   37.00000   17.00000  54.1%     -    0s
     0     0   17.16216    0   35   37.00000   17.16216  53.6%     -    0s
H    0     0                      36.0000000   17.85714  50.4%     -    0s
     0     0   17.92009    0   35   36.00000   17.92009  50.2%     -    0s
     0     0   19.00000    0   53   36.00000   19.00000  47.2%     -    0s
     0     0   19.13514    0   58   36.00000   19.13514  46.8%     -    0s
     0     0   19.13514    0   62   36.00000   19.13514  46.8%     -    0s
     0     0   19.30769    0   49   36.00000   19.30769  46.4%     -    0s
     0     0   19.30769    0   63   36.00000   19.30769  46.4%     -    0s
     0     0   19.30769    0   74   36.00000   19.30769  46.4%     -    0s
     0     0   19.30769    0   77   36.00000   19.30769  46.4%     -    0s
     0     0   19.30769    0   33   36.00000   19.30769  46.4%     -    0s
H    0     0                      35.0000000   19.30769  44.8%     -    0s
     0     0   19.30769    0   34   35.00000   19.30769  44.8%     -    0s
     0     0   19.30769    0   24   35.00000   19.30769  44.8%     -    0s
     0     0   19.30769    0   41   35.00000   19.30769  44.8%     -    0s
     0     0   19.30769    0   25   35.00000   19.30769  44.8%     -    0s
     0     0   19.30769    0   43   35.00000   19.30769  44.8%     -    0s
     0     0   19.30769    0   20   35.00000   19.30769  44.8%     -    0s
     0     0   19.30769    0   37   35.00000   19.30769  44.8%     -    0s
     0     0   19.30769    0   23   35.00000   19.30769  44.8%     -    0s
     0     0   19.30769    0   16   35.00000   19.30769  44.8%     -    0s
     0     2   19.50000    0   16   35.00000   19.50000  44.3%     -    0s
H  353   217                      35.0000000   20.80180  40.6%  12.1    0s
* 1006   502              48      34.0000000   23.00000  32.4%  15.2    0s
* 1231   393              37      33.0000000   24.00000  27.3%  14.8    0s
H 1258   367                      32.9999609   24.00000  27.3%  14.9    0s
* 1279   323              32      32.0000000   24.00000  25.0%  14.9    0s
H 1761   236                      32.0000000   26.00000  18.7%  16.0    1s

Cutting planes:
  Cover: 16
  Implied bound: 3
  Clique: 7
  MIR: 3
  Flow cover: 13
  Relax-and-lift: 1

Explored 7327 nodes (113818 simplex iterations) in 3.19 seconds (2.35 work units)
Thread count was 1 (of 96 available processors)

Solution count 10: 32 32 33 ... 40

Optimal solution found (tolerance 1.00e-04)
Best objective 3.199999999670e+01, best bound 3.199999999670e+01, gap 0.0000%

Instance 12_1, formulation tres, reform bigm:
  Rect 0: x = 12.00, y = 10.00
  Rect 1: x = 0.00, y = 4.00
  Rect 2: x = 3.00, y = 4.00
  Rect 3: x = 4.00, y = 10.00
  Rect 4: x = 12.00, y = 6.00
  Rect 5: x = 26.00, y = 10.00
  Rect 6: x = 19.00, y = 10.00
  Rect 7: x = 6.00, y = 4.00
  Rect 8: x = 31.00, y = 10.00
  Rect 9: x = 6.00, y = 3.00
  Rect 10: x = 17.00, y = 5.00
  Rect 11: x = 0.00, y = 10.00
  → saved figures to strip_figures/12_1_tres_bigm.png and strip_figures/12_1_tres_bigm.pdf
Set parameter TokenServer to value "mooring.ecn.purdue.edu"
Read LP format model from file /tmp/tmpld1in02e.pyomo.lp
Reading time = 0.00 seconds
x1346: 2719 rows, 1346 columns, 7131 nonzeros
Set parameter TimeLimit to value 1800
Set parameter Threads to value 1
Gurobi Optimizer version 11.0.0 build v11.0.0rc2 (linux64 - "Oracle Linux Server 9.6")

CPU model: AMD EPYC 7643 48-Core Processor, instruction set [SSE2|AVX|AVX2]
Thread count: 48 physical cores, 96 logical processors, using up to 1 threads

Optimize a model with 2719 rows, 1346 columns and 7131 nonzeros
Model fingerprint: 0xaa31ea0b
Variable types: 1082 continuous, 264 integer (264 binary)
Coefficient statistics:
  Matrix range     [1e+00, 7e+01]
  Objective range  [1e+00, 1e+00]
  Bounds range     [1e+00, 7e+01]
  RHS range        [1e+00, 1e+01]
Presolve removed 990 rows and 403 columns
Presolve time: 0.01s
Presolved: 1729 rows, 943 columns, 4578 nonzeros
Variable types: 754 continuous, 189 integer (189 binary)
Found heuristic solution: objective 69.0000000
Found heuristic solution: objective 61.0000000
Found heuristic solution: objective 50.0000000

Root relaxation: objective 1.700000e+01, 559 iterations, 0.01 seconds (0.01 work units)

    Nodes    |    Current Node    |     Objective Bounds      |     Work
 Expl Unexpl |  Obj  Depth IntInf | Incumbent    BestBd   Gap | It/Node Time

     0     0   17.00000    0   44   50.00000   17.00000  66.0%     -    0s
     0     0   17.00000    0   83   50.00000   17.00000  66.0%     -    0s
H    0     0                      49.0000000   17.00000  65.3%     -    0s
     0     0   17.00000    0   72   49.00000   17.00000  65.3%     -    0s
     0     0   17.00000    0   44   49.00000   17.00000  65.3%     -    0s
H    0     0                      47.0000000   17.00000  63.8%     -    0s
     0     0   17.00000    0   67   47.00000   17.00000  63.8%     -    0s
     0     0   17.00000    0   58   47.00000   17.00000  63.8%     -    0s
     0     0   17.00000    0   58   47.00000   17.00000  63.8%     -    0s
H    0     0                      42.0000000   17.00000  59.5%     -    0s
H    0     0                      42.0000000   17.00000  59.5%     -    0s
     0     2   17.00000    0   50   42.00000   17.00000  59.5%     -    0s
H   27    27                      39.0000000   17.80000  54.4%  50.8    0s
H  257   196                      38.0000000   19.14644  49.6%  29.3    0s
*  271   171              51      36.0000000   19.14644  46.8%  28.5    0s
*  370   226              52      36.0000000   19.68191  45.3%  29.3    0s
H 1130   590                      35.0000000   20.46154  41.5%  36.6    2s
H 1184   585                      35.0000000   20.46154  41.5%  35.9    2s
* 1953   778              45      34.0000000   20.46154  39.8%  35.6    4s
  2438   948     cutoff   38        34.00000   21.00000  38.2%  37.6    5s
* 3368  1168              48      33.0000000   21.00000  36.4%  38.7    6s
* 3590  1102              37      32.0000000   21.00000  34.4%  39.1    7s
  4559  1197   30.00000   26   35   32.00000   23.00000  28.1%  45.8   10s
  6287  1247   26.00000   25   29   32.00000   25.00000  21.9%  52.9   15s
  7951  1122   30.00000   35   22   32.00000   26.12500  18.4%  57.9   20s
* 9332   904              40      32.0000000   27.00000  15.6%  59.1   23s
 10172   651 infeasible   30        32.00000   29.00000  9.37%  58.1   25s

Explored 11872 nodes (670027 simplex iterations) in 27.96 seconds (23.11 work units)
Thread count was 1 (of 96 available processors)

Solution count 10: 32 32 32 ... 38

Optimal solution found (tolerance 1.00e-04)
Best objective 3.199999999670e+01, best bound 3.199999999670e+01, gap 0.0000%

Instance 12_1, formulation tres, reform hull:
  Rect 0: x = 8.00, y = 10.00
  Rect 1: x = 21.00, y = 4.00
  Rect 2: x = 24.00, y = 4.00
  Rect 3: x = 15.00, y = 10.00
  Rect 4: x = 10.00, y = 6.00
  Rect 5: x = 27.00, y = 10.00
  Rect 6: x = 1.00, y = 10.00
  Rect 7: x = 15.00, y = 4.00
  Rect 8: x = 0.00, y = 10.00
  Rect 9: x = 10.00, y = 3.00
  Rect 10: x = 1.00, y = 5.00
  Rect 11: x = 23.00, y = 10.00
  → saved figures to strip_figures/12_1_tres_hull.png and strip_figures/12_1_tres_hull.pdf
Set parameter TokenServer to value "mooring.ecn.purdue.edu"
Read LP format model from file /tmp/tmpyr1pn5jw.pyomo.lp
Reading time = 0.00 seconds
x290: 343 rows, 290 columns, 1840 nonzeros
Set parameter TimeLimit to value 1800
Set parameter Threads to value 1
Gurobi Optimizer version 11.0.0 build v11.0.0rc2 (linux64 - "Oracle Linux Server 9.6")

CPU model: AMD EPYC 7643 48-Core Processor, instruction set [SSE2|AVX|AVX2]
Thread count: 48 physical cores, 96 logical processors, using up to 1 threads

Optimize a model with 343 rows, 290 columns and 1840 nonzeros
Model fingerprint: 0x789bfa6e
Variable types: 26 continuous, 264 integer (264 binary)
Coefficient statistics:
  Matrix range     [1e+00, 7e+01]
  Objective range  [1e+00, 1e+00]
  Bounds range     [1e+00, 7e+01]
  RHS range        [1e+00, 1e+01]
Presolve removed 76 rows and 77 columns
Presolve time: 0.00s
Presolved: 267 rows, 213 columns, 1104 nonzeros
Variable types: 24 continuous, 189 integer (189 binary)
Found heuristic solution: objective 56.0000000

Root relaxation: objective 1.700000e+01, 115 iterations, 0.00 seconds (0.00 work units)

    Nodes    |    Current Node    |     Objective Bounds      |     Work
 Expl Unexpl |  Obj  Depth IntInf | Incumbent    BestBd   Gap | It/Node Time

     0     0   17.00000    0   24   56.00000   17.00000  69.6%     -    0s
H    0     0                      37.0000000   17.00000  54.1%     -    0s
     0     0   17.00000    0   45   37.00000   17.00000  54.1%     -    0s
     0     0   17.00000    0   32   37.00000   17.00000  54.1%     -    0s
H    0     0                      36.0000000   17.00000  52.8%     -    0s
     0     0   17.12500    0   40   36.00000   17.12500  52.4%     -    0s
     0     0   18.50000    0   23   36.00000   18.50000  48.6%     -    0s
H    0     0                      35.0000000   20.00000  42.9%     -    0s
     0     0   20.00000    0   20   35.00000   20.00000  42.9%     -    0s
     0     0   20.00000    0   28   35.00000   20.00000  42.9%     -    0s
     0     0   20.00000    0   30   35.00000   20.00000  42.9%     -    0s
     0     0   20.00000    0   20   35.00000   20.00000  42.9%     -    0s
     0     0   20.00000    0   28   35.00000   20.00000  42.9%     -    0s
     0     0   20.00000    0   35   35.00000   20.00000  42.9%     -    0s
     0     0   20.00000    0   19   35.00000   20.00000  42.9%     -    0s
     0     2   20.00000    0   19   35.00000   20.00000  42.9%     -    0s
H  791   478                      35.0000000   22.00000  37.1%   8.6    0s
* 1090   521              43      33.0000000   22.00000  33.3%   8.1    0s
* 1457   517              38      32.0000000   22.00000  31.2%   9.0    0s
H 1502   489                      32.0000000   22.00000  31.2%   9.0    0s
 11947  1336   31.00000   34   12   32.00000   27.00000  15.6%  11.0    5s

Cutting planes:
  Gomory: 4
  Cover: 10
  Implied bound: 1
  Clique: 16
  Flow cover: 18
  Zero half: 3
  Relax-and-lift: 1

Explored 12909 nodes (148485 simplex iterations) in 5.43 seconds (3.90 work units)
Thread count was 1 (of 96 available processors)

Solution count 8: 32 32 33 ... 56

Optimal solution found (tolerance 1.00e-04)
Best objective 3.199999999670e+01, best bound 3.199999999670e+01, gap 0.0000%

Instance 12_1, formulation reagg, reform MIP:
  Rect 0: x = 13.00, y = 4.00
  Rect 1: x = 1.00, y = 10.00
  Rect 2: x = 4.00, y = 10.00
  Rect 3: x = 5.00, y = 6.00
  Rect 4: x = 13.00, y = 7.00
  Rect 5: x = 27.00, y = 10.00
  Rect 6: x = 20.00, y = 5.00
  Rect 7: x = 7.00, y = 7.00
  Rect 8: x = 0.00, y = 9.00
  Rect 9: x = 7.00, y = 10.00
  Rect 10: x = 18.00, y = 10.00
  Rect 11: x = 1.00, y = 6.00
  → saved figures to strip_figures/12_1_reagg_MIP.png and strip_figures/12_1_reagg_MIP.pdf
Set parameter TokenServer to value "mooring.ecn.purdue.edu"
Read LP format model from file /tmp/tmp2qcilwii.pyomo.lp
Reading time = 0.00 seconds
x290: 343 rows, 290 columns, 1840 nonzeros
Set parameter TimeLimit to value 1800
Set parameter Threads to value 1
Gurobi Optimizer version 11.0.0 build v11.0.0rc2 (linux64 - "Oracle Linux Server 9.6")

CPU model: AMD EPYC 7643 48-Core Processor, instruction set [SSE2|AVX|AVX2]
Thread count: 48 physical cores, 96 logical processors, using up to 1 threads

Optimize a model with 343 rows, 290 columns and 1840 nonzeros
Model fingerprint: 0x7932fdf1
Variable types: 26 continuous, 264 integer (264 binary)
Coefficient statistics:
  Matrix range     [1e+00, 7e+01]
  Objective range  [1e+00, 1e+00]
  Bounds range     [1e+00, 7e+01]
  RHS range        [1e+00, 1e+01]
Presolve removed 76 rows and 78 columns
Presolve time: 0.00s
Presolved: 267 rows, 212 columns, 1061 nonzeros
Variable types: 24 continuous, 188 integer (188 binary)
Found heuristic solution: objective 62.0000000
Found heuristic solution: objective 47.0000000

Root relaxation: objective 1.700000e+01, 102 iterations, 0.00 seconds (0.00 work units)

    Nodes    |    Current Node    |     Objective Bounds      |     Work
 Expl Unexpl |  Obj  Depth IntInf | Incumbent    BestBd   Gap | It/Node Time

     0     0   17.00000    0   24   47.00000   17.00000  63.8%     -    0s
H    0     0                      44.0000000   17.00000  61.4%     -    0s
     0     0   17.00000    0   44   44.00000   17.00000  61.4%     -    0s
H    0     0                      41.0000000   17.00000  58.5%     -    0s
     0     0   17.00000    0   32   41.00000   17.00000  58.5%     -    0s
     0     0   17.00000    0   39   41.00000   17.00000  58.5%     -    0s
     0     0   18.52475    0   49   41.00000   18.52475  54.8%     -    0s
H    0     0                      37.0000000   19.10000  48.4%     -    0s
     0     0   19.10000    0   48   37.00000   19.10000  48.4%     -    0s
     0     0   19.10000    0   47   37.00000   19.10000  48.4%     -    0s
     0     0   19.75204    0   63   37.00000   19.75204  46.6%     -    0s
     0     0   20.00000    0   49   37.00000   20.00000  45.9%     -    0s
     0     0   20.00000    0   47   37.00000   20.00000  45.9%     -    0s
     0     0   20.00000    0   47   37.00000   20.00000  45.9%     -    0s
     0     0   20.00000    0   56   37.00000   20.00000  45.9%     -    0s
     0     0   20.00000    0   55   37.00000   20.00000  45.9%     -    0s
     0     0   20.00000    0   43   37.00000   20.00000  45.9%     -    0s
     0     0   20.00000    0   32   37.00000   20.00000  45.9%     -    0s
     0     0   20.00000    0   43   37.00000   20.00000  45.9%     -    0s
     0     0   20.00000    0   25   37.00000   20.00000  45.9%     -    0s
     0     0   20.00000    0   34   37.00000   20.00000  45.9%     -    0s
     0     0   20.00000    0   30   37.00000   20.00000  45.9%     -    0s
     0     0   20.00000    0   42   37.00000   20.00000  45.9%     -    0s
     0     0   20.00000    0   35   37.00000   20.00000  45.9%     -    0s
     0     0   20.00000    0   34   37.00000   20.00000  45.9%     -    0s
     0     2   20.00000    0   20   37.00000   20.00000  45.9%     -    0s
H   81    59                      37.0000000   20.00000  45.9%  10.9    0s
*  411   240              48      36.0000000   22.00000  38.9%   7.9    0s
H  489   276                      35.0000000   22.00000  37.1%   8.8    0s
H  517   295                      34.0000000   22.00000  35.3%   8.5    0s
* 1559   440              52      33.0000000   23.00000  30.3%  15.0    0s
H 1631   412                      33.0000000   23.00000  30.3%  15.4    1s
* 2372   519              41      32.0000000   23.00000  28.1%  16.0    1s
H 2645   514                      32.0000000   23.00000  28.1%  16.8    1s

Cutting planes:
  Gomory: 1
  Cover: 40
  Implied bound: 28
  Clique: 1
  MIR: 27
  StrongCG: 1
  Flow cover: 66
  Inf proof: 22
  RLT: 3
  Relax-and-lift: 7
  PSD: 1

Explored 6142 nodes (122524 simplex iterations) in 4.56 seconds (3.33 work units)
Thread count was 1 (of 96 available processors)

Solution count 10: 32 32 33 ... 41

Optimal solution found (tolerance 1.00e-04)
Best objective 3.199999999670e+01, best bound 3.199999999670e+01, gap 0.0000%

Instance 12_1, formulation reagg_tres, reform MIP:
  Rect 0: x = 3.00, y = 10.00
  Rect 1: x = 10.00, y = 10.00
  Rect 2: x = 0.00, y = 10.00
  Rect 3: x = 0.00, y = 6.00
  Rect 4: x = 8.00, y = 6.00
  Rect 5: x = 27.00, y = 10.00
  Rect 6: x = 19.00, y = 5.00
  Rect 7: x = 13.00, y = 4.00
  Rect 8: x = 26.00, y = 9.00
  Rect 9: x = 8.00, y = 3.00
  Rect 10: x = 17.00, y = 10.00
  Rect 11: x = 13.00, y = 10.00
  → saved figures to strip_figures/12_1_reagg_tres_MIP.png and strip_figures/12_1_reagg_tres_MIP.pdf
Set parameter TokenServer to value "mooring.ecn.purdue.edu"
Read LP format model from file /tmp/tmprgx86bs8.pyomo.lp
Reading time = 0.00 seconds
x290: 871 rows, 290 columns, 2137 nonzeros
Set parameter TimeLimit to value 1800
Set parameter Threads to value 1
Gurobi Optimizer version 11.0.0 build v11.0.0rc2 (linux64 - "Oracle Linux Server 9.6")

CPU model: AMD EPYC 7643 48-Core Processor, instruction set [SSE2|AVX|AVX2]
Thread count: 48 physical cores, 96 logical processors, using up to 1 threads

Optimize a model with 871 rows, 290 columns and 2137 nonzeros
Model fingerprint: 0xac4e4ebd
Variable types: 26 continuous, 264 integer (264 binary)
Coefficient statistics:
  Matrix range     [1e+00, 1e+02]
  Objective range  [1e+00, 1e+00]
  Bounds range     [1e+00, 8e+01]
  RHS range        [1e+00, 8e+01]
Presolve removed 646 rows and 121 columns
Presolve time: 0.00s
Presolved: 225 rows, 169 columns, 686 nonzeros
Variable types: 22 continuous, 147 integer (147 binary)
Found heuristic solution: objective 79.0000000

Root relaxation: objective 2.500000e+01, 86 iterations, 0.00 seconds (0.00 work units)

    Nodes    |    Current Node    |     Objective Bounds      |     Work
 Expl Unexpl |  Obj  Depth IntInf | Incumbent    BestBd   Gap | It/Node Time

     0     0   25.00000    0   19   79.00000   25.00000  68.4%     -    0s
H    0     0                      61.0000000   25.00000  59.0%     -    0s
     0     0   25.56384    0   56   61.00000   25.56384  58.1%     -    0s
     0     0   27.80000    0   56   61.00000   27.80000  54.4%     -    0s
     0     0   28.11525    0   70   61.00000   28.11525  53.9%     -    0s
     0     0   28.67052    0   70   61.00000   28.67052  53.0%     -    0s
     0     0   29.57724    0   63   61.00000   29.57724  51.5%     -    0s
     0     0   29.73166    0   62   61.00000   29.73166  51.3%     -    0s
     0     0   29.75332    0   62   61.00000   29.75332  51.2%     -    0s
     0     0   29.76745    0   67   61.00000   29.76745  51.2%     -    0s
     0     0   29.77036    0   67   61.00000   29.77036  51.2%     -    0s
     0     0   29.77037    0   68   61.00000   29.77037  51.2%     -    0s
     0     0   30.49195    0   53   61.00000   30.49195  50.0%     -    0s
H    0     0                      59.0000000   30.49203  48.3%     -    0s
     0     0   30.55125    0   56   59.00000   30.55125  48.2%     -    0s
     0     0   30.55125    0   58   59.00000   30.55125  48.2%     -    0s
     0     0   30.58072    0   65   59.00000   30.58072  48.2%     -    0s
     0     0   30.77542    0   64   59.00000   30.77542  47.8%     -    0s
     0     0   30.77542    0   63   59.00000   30.77542  47.8%     -    0s
     0     0   30.77542    0   63   59.00000   30.77542  47.8%     -    0s
     0     0   30.77542    0   52   59.00000   30.77542  47.8%     -    0s
     0     0   30.77542    0   73   59.00000   30.77542  47.8%     -    0s
     0     0   30.77542    0   65   59.00000   30.77542  47.8%     -    0s
     0     0   30.77542    0   21   59.00000   30.77542  47.8%     -    0s
     0     0   30.77542    0   36   59.00000   30.77542  47.8%     -    0s
     0     0   30.77542    0   37   59.00000   30.77542  47.8%     -    0s
     0     0   30.77542    0   33   59.00000   30.77542  47.8%     -    0s
     0     0   30.77542    0   23   59.00000   30.77542  47.8%     -    0s
     0     0   30.77542    0   23   59.00000   30.77542  47.8%     -    0s
     0     2   32.22417    0   19   59.00000   32.22417  45.4%     -    0s
*   36    29              30      58.0000000   32.22417  44.4%  10.4    0s
H 6127   133                      58.0000000   57.00000  1.72%   9.2    1s

Explored 7052 nodes (61814 simplex iterations) in 1.62 seconds (1.26 work units)
Thread count was 1 (of 96 available processors)

Solution count 5: 58 58 59 ... 79

Optimal solution found (tolerance 1.00e-04)
Best objective 5.799999998820e+01, best bound 5.799999998820e+01, gap 0.0000%

Instance 12_2, formulation altered, reform bigm:
  Rect 0: x = 32.00, y = 10.00
  Rect 1: x = 8.00, y = 3.00
  Rect 2: x = 8.00, y = 10.00
  Rect 3: x = 29.00, y = 5.00
  Rect 4: x = 20.00, y = 10.00
  Rect 5: x = 33.00, y = 10.00
  Rect 6: x = 28.00, y = 10.00
  Rect 7: x = 28.00, y = 1.00
  Rect 8: x = 37.00, y = 5.00
  Rect 9: x = 10.00, y = 3.00
  Rect 10: x = 0.00, y = 9.00
  Rect 11: x = 46.00, y = 10.00
  → saved figures to strip_figures/12_2_altered_bigm.png and strip_figures/12_2_altered_bigm.pdf
Set parameter TokenServer to value "mooring.ecn.purdue.edu"
Read LP format model from file /tmp/tmpnaf0c9nk.pyomo.lp
Reading time = 0.00 seconds
x1346: 2719 rows, 1346 columns, 7131 nonzeros
Set parameter TimeLimit to value 1800
Set parameter Threads to value 1
Gurobi Optimizer version 11.0.0 build v11.0.0rc2 (linux64 - "Oracle Linux Server 9.6")

CPU model: AMD EPYC 7643 48-Core Processor, instruction set [SSE2|AVX|AVX2]
Thread count: 48 physical cores, 96 logical processors, using up to 1 threads

Optimize a model with 2719 rows, 1346 columns and 7131 nonzeros
Model fingerprint: 0x2e123ceb
Variable types: 1082 continuous, 264 integer (264 binary)
Coefficient statistics:
  Matrix range     [1e+00, 8e+01]
  Objective range  [1e+00, 1e+00]
  Bounds range     [1e+00, 8e+01]
  RHS range        [1e+00, 1e+01]
Presolve removed 1192 rows and 581 columns
Presolve time: 0.01s
Presolved: 1527 rows, 765 columns, 4036 nonzeros
Variable types: 618 continuous, 147 integer (147 binary)
Found heuristic solution: objective 85.0000000
Found heuristic solution: objective 80.0000000

Root relaxation: objective 2.500000e+01, 385 iterations, 0.01 seconds (0.01 work units)

    Nodes    |    Current Node    |     Objective Bounds      |     Work
 Expl Unexpl |  Obj  Depth IntInf | Incumbent    BestBd   Gap | It/Node Time

     0     0   25.00000    0   30   80.00000   25.00000  68.7%     -    0s
H    0     0                      79.0000000   25.00000  68.4%     -    0s
     0     0   25.00000    0   59   79.00000   25.00000  68.4%     -    0s
H    0     0                      74.0000000   25.00000  66.2%     -    0s
     0     0   25.00000    0   42   74.00000   25.00000  66.2%     -    0s
     0     0   25.00000    0   41   74.00000   25.00000  66.2%     -    0s
H    0     0                      73.0000000   25.00000  65.8%     -    0s
     0     0   25.00000    0   44   73.00000   25.00000  65.8%     -    0s
     0     0   25.00000    0   45   73.00000   25.00000  65.8%     -    0s
H    0     0                      72.0000000   27.06897  62.4%     -    0s
     0     0   27.06897    0   37   72.00000   27.06897  62.4%     -    0s
     0     0   27.06897    0   49   72.00000   27.06897  62.4%     -    0s
     0     0   27.06897    0   32   72.00000   27.06897  62.4%     -    0s
     0     2   27.06897    0   32   72.00000   27.06897  62.4%     -    0s
*   72    67              50      64.0000000   28.89189  54.9%  22.6    0s
*  120    88              36      63.0000000   32.00000  49.2%  21.6    0s
*  546   317              43      62.0000000   37.00000  40.3%  21.5    0s
H  683   380                      59.0000000   37.00000  37.3%  31.1    1s
*  696   354              45      58.0000000   37.00000  36.2%  30.8    1s
*  971   355              34      58.0000000   37.00000  36.2%  38.6    2s
  2439   485   57.00000   32   26   58.00000   45.00000  22.4%  43.4    5s
  5519   328     cutoff   24        58.00000   57.00000  1.72%  43.8   10s
H 7581   132                      57.9999670   57.00000  1.72%  38.4   11s

Cutting planes:
  Cover: 4
  Implied bound: 7
  MIR: 8
  Flow cover: 15
  RLT: 5
  Relax-and-lift: 1

Explored 8752 nodes (337147 simplex iterations) in 13.22 seconds (10.99 work units)
Thread count was 1 (of 96 available processors)

Solution count 10: 58 58 58 ... 74

Optimal solution found (tolerance 1.00e-04)
Best objective 5.799996700596e+01, best bound 5.799996700006e+01, gap 0.0000%

Instance 12_2, formulation altered, reform hull:
  Rect 0: x = 54.00, y = 9.00
  Rect 1: x = 55.00, y = 8.00
  Rect 2: x = 0.00, y = 7.00
  Rect 3: x = 50.00, y = 4.00
  Rect 4: x = 33.00, y = 10.00
  Rect 5: x = 41.00, y = 10.00
  Rect 6: x = 32.00, y = 9.00
  Rect 7: x = 0.00, y = 10.00
  Rect 8: x = 41.00, y = 5.00
  Rect 9: x = 6.00, y = 10.00
  Rect 10: x = 12.00, y = 8.00
  Rect 11: x = 20.00, y = 9.00
  → saved figures to strip_figures/12_2_altered_hull.png and strip_figures/12_2_altered_hull.pdf
Set parameter TokenServer to value "mooring.ecn.purdue.edu"
Read LP format model from file /tmp/tmpqzila687.pyomo.lp
Reading time = 0.00 seconds
x290: 871 rows, 290 columns, 2137 nonzeros
Set parameter TimeLimit to value 1800
Set parameter Threads to value 1
Gurobi Optimizer version 11.0.0 build v11.0.0rc2 (linux64 - "Oracle Linux Server 9.6")

CPU model: AMD EPYC 7643 48-Core Processor, instruction set [SSE2|AVX|AVX2]
Thread count: 48 physical cores, 96 logical processors, using up to 1 threads

Optimize a model with 871 rows, 290 columns and 2137 nonzeros
Model fingerprint: 0xac4e4ebd
Variable types: 26 continuous, 264 integer (264 binary)
Coefficient statistics:
  Matrix range     [1e+00, 1e+02]
  Objective range  [1e+00, 1e+00]
  Bounds range     [1e+00, 8e+01]
  RHS range        [1e+00, 8e+01]
Presolve removed 646 rows and 121 columns
Presolve time: 0.00s
Presolved: 225 rows, 169 columns, 686 nonzeros
Variable types: 22 continuous, 147 integer (147 binary)
Found heuristic solution: objective 79.0000000

Root relaxation: objective 2.500000e+01, 86 iterations, 0.00 seconds (0.00 work units)

    Nodes    |    Current Node    |     Objective Bounds      |     Work
 Expl Unexpl |  Obj  Depth IntInf | Incumbent    BestBd   Gap | It/Node Time

     0     0   25.00000    0   19   79.00000   25.00000  68.4%     -    0s
H    0     0                      61.0000000   25.00000  59.0%     -    0s
     0     0   25.56384    0   56   61.00000   25.56384  58.1%     -    0s
     0     0   27.80000    0   56   61.00000   27.80000  54.4%     -    0s
     0     0   28.11525    0   70   61.00000   28.11525  53.9%     -    0s
     0     0   28.67052    0   70   61.00000   28.67052  53.0%     -    0s
     0     0   29.57724    0   63   61.00000   29.57724  51.5%     -    0s
     0     0   29.73166    0   62   61.00000   29.73166  51.3%     -    0s
     0     0   29.75332    0   62   61.00000   29.75332  51.2%     -    0s
     0     0   29.76745    0   67   61.00000   29.76745  51.2%     -    0s
     0     0   29.77036    0   67   61.00000   29.77036  51.2%     -    0s
     0     0   29.77037    0   68   61.00000   29.77037  51.2%     -    0s
     0     0   30.49195    0   53   61.00000   30.49195  50.0%     -    0s
H    0     0                      59.0000000   30.49203  48.3%     -    0s
     0     0   30.55125    0   56   59.00000   30.55125  48.2%     -    0s
     0     0   30.55125    0   58   59.00000   30.55125  48.2%     -    0s
     0     0   30.58072    0   65   59.00000   30.58072  48.2%     -    0s
     0     0   30.77542    0   64   59.00000   30.77542  47.8%     -    0s
     0     0   30.77542    0   63   59.00000   30.77542  47.8%     -    0s
     0     0   30.77542    0   63   59.00000   30.77542  47.8%     -    0s
     0     0   30.77542    0   52   59.00000   30.77542  47.8%     -    0s
     0     0   30.77542    0   73   59.00000   30.77542  47.8%     -    0s
     0     0   30.77542    0   65   59.00000   30.77542  47.8%     -    0s
     0     0   30.77542    0   21   59.00000   30.77542  47.8%     -    0s
     0     0   30.77542    0   36   59.00000   30.77542  47.8%     -    0s
     0     0   30.77542    0   37   59.00000   30.77542  47.8%     -    0s
     0     0   30.77542    0   33   59.00000   30.77542  47.8%     -    0s
     0     0   30.77542    0   23   59.00000   30.77542  47.8%     -    0s
     0     0   30.77542    0   23   59.00000   30.77542  47.8%     -    0s
     0     2   32.22417    0   19   59.00000   32.22417  45.4%     -    0s
*   36    29              30      58.0000000   32.22417  44.4%  10.4    0s
H 6127   133                      58.0000000   57.00000  1.72%   9.2    1s

Explored 7052 nodes (61814 simplex iterations) in 1.62 seconds (1.26 work units)
Thread count was 1 (of 96 available processors)

Solution count 5: 58 58 59 ... 79

Optimal solution found (tolerance 1.00e-04)
Best objective 5.799999998820e+01, best bound 5.799999998820e+01, gap 0.0000%

Instance 12_2, formulation tres, reform bigm:
  Rect 0: x = 32.00, y = 10.00
  Rect 1: x = 8.00, y = 3.00
  Rect 2: x = 8.00, y = 10.00
  Rect 3: x = 29.00, y = 5.00
  Rect 4: x = 20.00, y = 10.00
  Rect 5: x = 33.00, y = 10.00
  Rect 6: x = 28.00, y = 10.00
  Rect 7: x = 28.00, y = 1.00
  Rect 8: x = 37.00, y = 5.00
  Rect 9: x = 10.00, y = 3.00
  Rect 10: x = 0.00, y = 9.00
  Rect 11: x = 46.00, y = 10.00
  → saved figures to strip_figures/12_2_tres_bigm.png and strip_figures/12_2_tres_bigm.pdf
Set parameter TokenServer to value "mooring.ecn.purdue.edu"
Read LP format model from file /tmp/tmp9prlc221.pyomo.lp
Reading time = 0.00 seconds
x1346: 2719 rows, 1346 columns, 7131 nonzeros
Set parameter TimeLimit to value 1800
Set parameter Threads to value 1
Gurobi Optimizer version 11.0.0 build v11.0.0rc2 (linux64 - "Oracle Linux Server 9.6")

CPU model: AMD EPYC 7643 48-Core Processor, instruction set [SSE2|AVX|AVX2]
Thread count: 48 physical cores, 96 logical processors, using up to 1 threads

Optimize a model with 2719 rows, 1346 columns and 7131 nonzeros
Model fingerprint: 0x2e123ceb
Variable types: 1082 continuous, 264 integer (264 binary)
Coefficient statistics:
  Matrix range     [1e+00, 8e+01]
  Objective range  [1e+00, 1e+00]
  Bounds range     [1e+00, 8e+01]
  RHS range        [1e+00, 1e+01]
Presolve removed 1192 rows and 581 columns
Presolve time: 0.01s
Presolved: 1527 rows, 765 columns, 4036 nonzeros
Variable types: 618 continuous, 147 integer (147 binary)
Found heuristic solution: objective 85.0000000
Found heuristic solution: objective 80.0000000

Root relaxation: objective 2.500000e+01, 385 iterations, 0.01 seconds (0.01 work units)

    Nodes    |    Current Node    |     Objective Bounds      |     Work
 Expl Unexpl |  Obj  Depth IntInf | Incumbent    BestBd   Gap | It/Node Time

     0     0   25.00000    0   30   80.00000   25.00000  68.7%     -    0s
H    0     0                      79.0000000   25.00000  68.4%     -    0s
     0     0   25.00000    0   59   79.00000   25.00000  68.4%     -    0s
H    0     0                      74.0000000   25.00000  66.2%     -    0s
     0     0   25.00000    0   42   74.00000   25.00000  66.2%     -    0s
     0     0   25.00000    0   41   74.00000   25.00000  66.2%     -    0s
H    0     0                      73.0000000   25.00000  65.8%     -    0s
     0     0   25.00000    0   44   73.00000   25.00000  65.8%     -    0s
     0     0   25.00000    0   45   73.00000   25.00000  65.8%     -    0s
H    0     0                      72.0000000   27.06897  62.4%     -    0s
     0     0   27.06897    0   37   72.00000   27.06897  62.4%     -    0s
     0     0   27.06897    0   49   72.00000   27.06897  62.4%     -    0s
     0     0   27.06897    0   32   72.00000   27.06897  62.4%     -    0s
     0     2   27.06897    0   32   72.00000   27.06897  62.4%     -    0s
*   72    67              50      64.0000000   28.89189  54.9%  22.6    0s
*  120    88              36      63.0000000   32.00000  49.2%  21.6    0s
*  546   317              43      62.0000000   37.00000  40.3%  21.5    0s
H  683   380                      59.0000000   37.00000  37.3%  31.1    1s
*  696   354              45      58.0000000   37.00000  36.2%  30.8    1s
*  971   355              34      58.0000000   37.00000  36.2%  38.6    2s
  2516   484     cutoff   27        58.00000   46.00000  20.7%  43.7    5s
  5784   297   57.00000   22   46   58.00000   57.00000  1.72%  42.9   10s
H 7581   132                      57.9999670   57.00000  1.72%  38.4   11s

Cutting planes:
  Cover: 4
  Implied bound: 7
  MIR: 8
  Flow cover: 15
  RLT: 5
  Relax-and-lift: 1

Explored 8752 nodes (337147 simplex iterations) in 12.94 seconds (10.99 work units)
Thread count was 1 (of 96 available processors)

Solution count 10: 58 58 58 ... 74

Optimal solution found (tolerance 1.00e-04)
Best objective 5.799996700596e+01, best bound 5.799996700006e+01, gap 0.0000%

Instance 12_2, formulation tres, reform hull:
  Rect 0: x = 54.00, y = 9.00
  Rect 1: x = 55.00, y = 8.00
  Rect 2: x = 0.00, y = 7.00
  Rect 3: x = 50.00, y = 4.00
  Rect 4: x = 33.00, y = 10.00
  Rect 5: x = 41.00, y = 10.00
  Rect 6: x = 32.00, y = 9.00
  Rect 7: x = 0.00, y = 10.00
  Rect 8: x = 41.00, y = 5.00
  Rect 9: x = 6.00, y = 10.00
  Rect 10: x = 12.00, y = 8.00
  Rect 11: x = 20.00, y = 9.00
  → saved figures to strip_figures/12_2_tres_hull.png and strip_figures/12_2_tres_hull.pdf
Set parameter TokenServer to value "mooring.ecn.purdue.edu"
Read LP format model from file /tmp/tmp7h98zs8n.pyomo.lp
Reading time = 0.00 seconds
x290: 343 rows, 290 columns, 1840 nonzeros
Set parameter TimeLimit to value 1800
Set parameter Threads to value 1
Gurobi Optimizer version 11.0.0 build v11.0.0rc2 (linux64 - "Oracle Linux Server 9.6")

CPU model: AMD EPYC 7643 48-Core Processor, instruction set [SSE2|AVX|AVX2]
Thread count: 48 physical cores, 96 logical processors, using up to 1 threads

Optimize a model with 343 rows, 290 columns and 1840 nonzeros
Model fingerprint: 0x3ab5f5fb
Variable types: 26 continuous, 264 integer (264 binary)
Coefficient statistics:
  Matrix range     [1e+00, 8e+01]
  Objective range  [1e+00, 1e+00]
  Bounds range     [1e+00, 8e+01]
  RHS range        [1e+00, 1e+01]
Found heuristic solution: objective 72.0000000
Presolve removed 118 rows and 119 columns
Presolve time: 0.00s
Presolved: 225 rows, 171 columns, 868 nonzeros
Variable types: 24 continuous, 147 integer (147 binary)

Root relaxation: objective 2.500000e+01, 103 iterations, 0.00 seconds (0.00 work units)

    Nodes    |    Current Node    |     Objective Bounds      |     Work
 Expl Unexpl |  Obj  Depth IntInf | Incumbent    BestBd   Gap | It/Node Time

     0     0   25.00000    0   16   72.00000   25.00000  65.3%     -    0s
H    0     0                      68.0000000   25.00000  63.2%     -    0s
     0     0   25.59713    0   42   68.00000   25.59713  62.4%     -    0s
H    0     0                      67.0000000   29.10588  56.6%     -    0s
H    0     0                      65.0000000   29.10588  55.2%     -    0s
H    0     0                      64.0000000   29.10588  54.5%     -    0s
     0     0   29.10588    0   37   64.00000   29.10588  54.5%     -    0s
     0     0   29.10588    0   37   64.00000   29.10588  54.5%     -    0s
     0     0   29.10588    0   31   64.00000   29.10588  54.5%     -    0s
     0     0   29.10588    0   31   64.00000   29.10588  54.5%     -    0s
     0     0   29.10588    0   29   64.00000   29.10588  54.5%     -    0s
     0     0   29.10588    0   29   64.00000   29.10588  54.5%     -    0s
     0     0   31.20833    0   18   64.00000   31.20833  51.2%     -    0s
     0     0   31.20833    0   16   64.00000   31.20833  51.2%     -    0s
     0     0   31.44615    0   20   64.00000   31.44615  50.9%     -    0s
     0     0   31.44615    0   19   64.00000   31.44615  50.9%     -    0s
     0     0   31.44615    0   18   64.00000   31.44615  50.9%     -    0s
     0     0   31.44615    0   14   64.00000   31.44615  50.9%     -    0s
     0     0   31.44615    0   16   64.00000   31.44615  50.9%     -    0s
     0     0   31.44615    0   20   64.00000   31.44615  50.9%     -    0s
     0     0   31.44615    0   17   64.00000   31.44615  50.9%     -    0s
     0     0   31.44615    0   15   64.00000   31.44615  50.9%     -    0s
H    0     0                      64.0000000   31.44615  50.9%     -    0s
     0     2   32.00000    0   14   64.00000   32.00000  50.0%     -    0s
*   50    42              37      62.0000000   32.00000  48.4%   9.6    0s
H  137    93                      61.0000000   32.00000  47.5%   8.2    0s
*  153    93              50      60.0000000   32.00000  46.7%   7.6    0s
*  326   165              29      59.0000000   33.00000  44.1%   7.2    0s
*  457   194              25      58.0000000   37.00000  36.2%   7.1    0s
H 1453   258                      58.0000000   45.00000  22.4%  11.5    0s

Cutting planes:
  Gomory: 3
  Cover: 13
  Implied bound: 4
  Clique: 6
  MIR: 2
  Flow cover: 8
  BQP: 1

Explored 4513 nodes (43869 simplex iterations) in 1.23 seconds (0.86 work units)
Thread count was 1 (of 96 available processors)

Solution count 10: 58 58 59 ... 67

Optimal solution found (tolerance 1.00e-04)
Best objective 5.799999999410e+01, best bound 5.799999999410e+01, gap 0.0000%

Instance 12_2, formulation reagg, reform MIP:
  Rect 0: x = 16.00, y = 6.00
  Rect 1: x = 38.00, y = 10.00
  Rect 2: x = 33.00, y = 7.00
  Rect 3: x = 9.00, y = 10.00
  Rect 4: x = 17.00, y = 10.00
  Rect 5: x = 0.00, y = 5.00
  Rect 6: x = 45.00, y = 9.00
  Rect 7: x = 46.00, y = 1.00
  Rect 8: x = 0.00, y = 10.00
  Rect 9: x = 40.00, y = 10.00
  Rect 10: x = 25.00, y = 10.00
  Rect 11: x = 46.00, y = 10.00
  → saved figures to strip_figures/12_2_reagg_MIP.png and strip_figures/12_2_reagg_MIP.pdf
Set parameter TokenServer to value "mooring.ecn.purdue.edu"
Read LP format model from file /tmp/tmpkmuu8svr.pyomo.lp
Reading time = 0.00 seconds
x290: 343 rows, 290 columns, 1840 nonzeros
Set parameter TimeLimit to value 1800
Set parameter Threads to value 1
Gurobi Optimizer version 11.0.0 build v11.0.0rc2 (linux64 - "Oracle Linux Server 9.6")

CPU model: AMD EPYC 7643 48-Core Processor, instruction set [SSE2|AVX|AVX2]
Thread count: 48 physical cores, 96 logical processors, using up to 1 threads

Optimize a model with 343 rows, 290 columns and 1840 nonzeros
Model fingerprint: 0xe22d45d5
Variable types: 26 continuous, 264 integer (264 binary)
Coefficient statistics:
  Matrix range     [1e+00, 8e+01]
  Objective range  [1e+00, 1e+00]
  Bounds range     [1e+00, 8e+01]
  RHS range        [1e+00, 1e+01]
Presolve removed 118 rows and 119 columns
Presolve time: 0.00s
Presolved: 225 rows, 171 columns, 841 nonzeros
Variable types: 24 continuous, 147 integer (147 binary)
Found heuristic solution: objective 85.0000000
Found heuristic solution: objective 84.0000000

Root relaxation: objective 2.500000e+01, 93 iterations, 0.00 seconds (0.00 work units)

    Nodes    |    Current Node    |     Objective Bounds      |     Work
 Expl Unexpl |  Obj  Depth IntInf | Incumbent    BestBd   Gap | It/Node Time

     0     0   25.00000    0   18   84.00000   25.00000  70.2%     -    0s
H    0     0                      68.0000000   25.00000  63.2%     -    0s
     0     0   25.00000    0   41   68.00000   25.00000  63.2%     -    0s
H    0     0                      60.0000000   25.00000  58.3%     -    0s
     0     0   25.00000    0   41   60.00000   25.00000  58.3%     -    0s
     0     0   30.85714    0   21   60.00000   30.85714  48.6%     -    0s
     0     0   32.84819    0   29   60.00000   32.84819  45.3%     -    0s
     0     0   32.84819    0   31   60.00000   32.84819  45.3%     -    0s
     0     0   32.84819    0   31   60.00000   32.84819  45.3%     -    0s
     0     0   32.84819    0   34   60.00000   32.84819  45.3%     -    0s
     0     0   32.84819    0   28   60.00000   32.84819  45.3%     -    0s
     0     0   32.84819    0   25   60.00000   32.84819  45.3%     -    0s
     0     0   32.84819    0   29   60.00000   32.84819  45.3%     -    0s
     0     0   32.84819    0   38   60.00000   32.84819  45.3%     -    0s
     0     0   32.84819    0   42   60.00000   32.84819  45.3%     -    0s
     0     0   32.84819    0   40   60.00000   32.84819  45.3%     -    0s
     0     0   32.84819    0   25   60.00000   32.84819  45.3%     -    0s
     0     0   32.84819    0   32   60.00000   32.84819  45.3%     -    0s
     0     0   32.84819    0   28   60.00000   32.84819  45.3%     -    0s
     0     0   32.84819    0   28   60.00000   32.84819  45.3%     -    0s
H    0     0                      60.0000000   32.84819  45.3%     -    0s
     0     2   32.84819    0   28   60.00000   32.84819  45.3%     -    0s
H   29    22                      58.0000000   32.88993  43.3%  20.1    0s
H 1092   393                      58.0000000   41.00000  29.3%  15.4    0s

Cutting planes:
  Gomory: 1
  Implied bound: 1
  MIR: 9
  Flow cover: 2

Explored 3841 nodes (42195 simplex iterations) in 1.19 seconds (0.82 work units)
Thread count was 1 (of 96 available processors)

Solution count 7: 58 58 60 ... 85

Optimal solution found (tolerance 1.00e-04)
Best objective 5.799999999410e+01, best bound 5.799999999410e+01, gap 0.0000%

Instance 12_2, formulation reagg_tres, reform MIP:
  Rect 0: x = 11.00, y = 10.00
  Rect 1: x = 8.00, y = 10.00
  Rect 2: x = 25.00, y = 10.00
  Rect 3: x = 8.00, y = 4.00
  Rect 4: x = 0.00, y = 10.00
  Rect 5: x = 12.00, y = 10.00
  Rect 6: x = 57.00, y = 9.00
  Rect 7: x = 25.00, y = 1.00
  Rect 8: x = 16.00, y = 5.00
  Rect 9: x = 31.00, y = 3.00
  Rect 10: x = 49.00, y = 8.00
  Rect 11: x = 37.00, y = 9.00
  → saved figures to strip_figures/12_2_reagg_tres_MIP.png and strip_figures/12_2_reagg_tres_MIP.pdf
Set parameter TokenServer to value "mooring.ecn.purdue.edu"
Read LP format model from file /tmp/tmp5l7xppvt.pyomo.lp
Reading time = 0.00 seconds
x290: 871 rows, 290 columns, 2137 nonzeros
Set parameter TimeLimit to value 1800
Set parameter Threads to value 1
Gurobi Optimizer version 11.0.0 build v11.0.0rc2 (linux64 - "Oracle Linux Server 9.6")

CPU model: AMD EPYC 7643 48-Core Processor, instruction set [SSE2|AVX|AVX2]
Thread count: 48 physical cores, 96 logical processors, using up to 1 threads

Optimize a model with 871 rows, 290 columns and 2137 nonzeros
Model fingerprint: 0x6c3a618f
Variable types: 26 continuous, 264 integer (264 binary)
Coefficient statistics:
  Matrix range     [1e+00, 1e+02]
  Objective range  [1e+00, 1e+00]
  Bounds range     [1e+00, 1e+02]
  RHS range        [1e+00, 1e+02]
Presolve removed 592 rows and 65 columns
Presolve time: 0.00s
Presolved: 279 rows, 225 columns, 870 nonzeros
Variable types: 24 continuous, 201 integer (201 binary)
Found heuristic solution: objective 71.0000000

Root relaxation: objective 2.600000e+01, 111 iterations, 0.00 seconds (0.00 work units)

    Nodes    |    Current Node    |     Objective Bounds      |     Work
 Expl Unexpl |  Obj  Depth IntInf | Incumbent    BestBd   Gap | It/Node Time

     0     0   26.00000    0   11   71.00000   26.00000  63.4%     -    0s
H    0     0                      48.0000000   26.00000  45.8%     -    0s
     0     0   26.00000    0   23   48.00000   26.00000  45.8%     -    0s
     0     0   26.00000    0   30   48.00000   26.00000  45.8%     -    0s
     0     0   26.00000    0   10   48.00000   26.00000  45.8%     -    0s
     0     0   26.00000    0   11   48.00000   26.00000  45.8%     -    0s
     0     0   26.00000    0   22   48.00000   26.00000  45.8%     -    0s
H    0     0                      46.0000000   26.00000  43.5%     -    0s
     0     0   26.00000    0   44   46.00000   26.00000  43.5%     -    0s
     0     0   26.00000    0   19   46.00000   26.00000  43.5%     -    0s
     0     0   26.00000    0   15   46.00000   26.00000  43.5%     -    0s
     0     2   26.00000    0   15   46.00000   26.00000  43.5%     -    0s
*  259   182              42      45.0000000   28.25510  37.2%   6.5    0s
H  280   184                      44.0000000   28.25510  35.8%   6.7    0s
H  605   333                      43.0000000   30.00000  30.2%   7.9    0s
*  725   380              37      43.0000000   30.00000  30.2%   8.8    0s
 19536  1683   35.00000   39   39   43.00000   35.00000  18.6%   8.9    5s

Cutting planes:
  Gomory: 5
  Cover: 14
  Implied bound: 4
  Clique: 14
  MIR: 1
  Flow cover: 12

Explored 44216 nodes (401041 simplex iterations) in 9.74 seconds (7.19 work units)
Thread count was 1 (of 96 available processors)

Solution count 7: 43 43 44 ... 71

Optimal solution found (tolerance 1.00e-04)
Best objective 4.300000000000e+01, best bound 4.300000000000e+01, gap 0.0000%

Instance 12_3, formulation altered, reform bigm:
  Rect 0: x = 16.00, y = 10.00
  Rect 1: x = 0.00, y = 10.00
  Rect 2: x = 0.00, y = 7.00
  Rect 3: x = 16.00, y = 9.00
  Rect 4: x = 3.00, y = 4.00
  Rect 5: x = 0.00, y = 9.00
  Rect 6: x = 8.00, y = 9.00
  Rect 7: x = 23.00, y = 4.00
  Rect 8: x = 11.00, y = 10.00
  Rect 9: x = 15.00, y = 4.00
  Rect 10: x = 3.00, y = 9.00
  Rect 11: x = 30.00, y = 10.00
  → saved figures to strip_figures/12_3_altered_bigm.png and strip_figures/12_3_altered_bigm.pdf
Set parameter TokenServer to value "mooring.ecn.purdue.edu"
Read LP format model from file /tmp/tmpxjxj1nr7.pyomo.lp
Reading time = 0.00 seconds
x1346: 2719 rows, 1346 columns, 7131 nonzeros
Set parameter TimeLimit to value 1800
Set parameter Threads to value 1
Gurobi Optimizer version 11.0.0 build v11.0.0rc2 (linux64 - "Oracle Linux Server 9.6")

CPU model: AMD EPYC 7643 48-Core Processor, instruction set [SSE2|AVX|AVX2]
Thread count: 48 physical cores, 96 logical processors, using up to 1 threads

Optimize a model with 2719 rows, 1346 columns and 7131 nonzeros
Model fingerprint: 0x561e46d3
Variable types: 1082 continuous, 264 integer (264 binary)
Coefficient statistics:
  Matrix range     [1e+00, 1e+02]
  Objective range  [1e+00, 1e+00]
  Bounds range     [1e+00, 1e+02]
  RHS range        [1e+00, 1e+01]
Presolve removed 914 rows and 343 columns
Presolve time: 0.01s
Presolved: 1805 rows, 1003 columns, 4774 nonzeros
Variable types: 802 continuous, 201 integer (201 binary)
Found heuristic solution: objective 95.0000000
Found heuristic solution: objective 90.0000000

Root relaxation: objective 2.600000e+01, 498 iterations, 0.01 seconds (0.01 work units)

    Nodes    |    Current Node    |     Objective Bounds      |     Work
 Expl Unexpl |  Obj  Depth IntInf | Incumbent    BestBd   Gap | It/Node Time

     0     0   26.00000    0   37   90.00000   26.00000  71.1%     -    0s
H    0     0                      63.0000000   26.00000  58.7%     -    0s
     0     0   26.00000    0   59   63.00000   26.00000  58.7%     -    0s
H    0     0                      61.0000000   26.00000  57.4%     -    0s
     0     0   26.00000    0   65   61.00000   26.00000  57.4%     -    0s
     0     0   26.00000    0   36   61.00000   26.00000  57.4%     -    0s
     0     0   26.00000    0   48   61.00000   26.00000  57.4%     -    0s
     0     0   26.00000    0   44   61.00000   26.00000  57.4%     -    0s
     0     0   26.00000    0   40   61.00000   26.00000  57.4%     -    0s
     0     0   26.00000    0   51   61.00000   26.00000  57.4%     -    0s
     0     0   26.00000    0   51   61.00000   26.00000  57.4%     -    0s
H    0     0                      56.0000000   26.00000  53.6%     -    0s
H    0     0                      54.0000000   26.00000  51.9%     -    0s
     0     2   26.00000    0   36   54.00000   26.00000  51.9%     -    0s
H   81    67                      53.0000000   26.00000  50.9%  40.9    0s
H  135   118                      51.0000000   26.00000  49.0%  33.5    0s
H  334   263                      50.0000000   26.00000  48.0%  35.4    0s
H  339   233                      46.0000000   26.00000  43.5%  35.0    0s
H  601   396                      46.0000000   26.00000  43.5%  32.9    1s
*  704   432              48      45.0000000   26.00000  42.2%  56.2    2s
H  758   438                      44.0000000   26.00000  40.9%  57.6    2s
* 1052   436              38      43.0000000   28.00000  34.9%  63.6    3s
* 1448   428              34      43.0000000   29.00000  32.6%  71.2    4s
  1476   433   37.00000   22   28   43.00000   29.00000  32.6%  70.7    5s
  3108   826   37.00000   25   39   43.00000   30.56250  28.9%  70.9   10s
  4989  1167   41.00000   31   18   43.00000   33.00000  23.3%  71.2   15s
  7613  1731   40.00000   30   45   43.00000   33.00000  23.3%  68.1   20s
  9954  2279   41.00000   35   22   43.00000   33.00000  23.3%  66.8   25s
 10208  2317   41.00000   26   59   43.00000   33.00000  23.3%  66.8   30s
 11017  2346   38.00000   29   44   43.00000   33.00000  23.3%  68.7   35s
 12653  2083 infeasible   40        43.00000   33.00000  23.3%  69.7   40s
 14765  1771   33.00000   36   64   43.00000   33.00000  23.3%  69.1   45s
 17371  1397     cutoff   42        43.00000   35.00000  18.6%  68.1   50s
 19850  1536   36.00000   44   38   43.00000   36.00000  16.3%  66.9   55s
 22854  1781     cutoff   36        43.00000   36.00000  16.3%  65.3   60s
 25796  1922   40.00000   35   44   43.00000   36.00000  16.3%  64.4   65s
 28716  1875   41.00000   32   22   43.00000   38.00000  11.6%  63.5   70s
 31785  1994   41.00000   40   23   43.00000   38.00000  11.6%  62.6   75s
 34766  1842   40.00000   42   13   43.00000   40.00000  6.98%  61.9   80s
 37613  1602   41.00000   38   36   43.00000   40.00000  6.98%  61.4   85s
 40258   865     cutoff   44        43.00000   41.00000  4.65%  60.8   90s
 43378   355   41.00000   48   20   43.00000   41.00000  4.65%  59.9   95s

Cutting planes:
  Cover: 11
  Implied bound: 6
  Projected implied bound: 1
  Clique: 3
  MIR: 25
  Flow cover: 55
  RLT: 10
  Relax-and-lift: 14

Explored 45781 nodes (2723538 simplex iterations) in 98.85 seconds (82.08 work units)
Thread count was 1 (of 96 available processors)

Solution count 10: 43 43 43 ... 53

Optimal solution found (tolerance 1.00e-04)
Best objective 4.300000000000e+01, best bound 4.299998299998e+01, gap 0.0000%

Instance 12_3, formulation altered, reform hull:
  Rect 0: x = 0.00, y = 1.00
  Rect 1: x = 18.00, y = 1.00
  Rect 2: x = 27.00, y = 8.00
  Rect 3: x = 0.00, y = 6.00
  Rect 4: x = 8.00, y = 10.00
  Rect 5: x = 27.00, y = 10.00
  Rect 6: x = 18.00, y = 6.00
  Rect 7: x = 20.00, y = 10.00
  Rect 8: x = 13.00, y = 6.00
  Rect 9: x = 0.00, y = 10.00
  Rect 10: x = 21.00, y = 6.00
  Rect 11: x = 30.00, y = 10.00
  → saved figures to strip_figures/12_3_altered_hull.png and strip_figures/12_3_altered_hull.pdf
Set parameter TokenServer to value "mooring.ecn.purdue.edu"
Read LP format model from file /tmp/tmp3p7pdx54.pyomo.lp
Reading time = 0.00 seconds
x290: 871 rows, 290 columns, 2137 nonzeros
Set parameter TimeLimit to value 1800
Set parameter Threads to value 1
Gurobi Optimizer version 11.0.0 build v11.0.0rc2 (linux64 - "Oracle Linux Server 9.6")

CPU model: AMD EPYC 7643 48-Core Processor, instruction set [SSE2|AVX|AVX2]
Thread count: 48 physical cores, 96 logical processors, using up to 1 threads

Optimize a model with 871 rows, 290 columns and 2137 nonzeros
Model fingerprint: 0x6c3a618f
Variable types: 26 continuous, 264 integer (264 binary)
Coefficient statistics:
  Matrix range     [1e+00, 1e+02]
  Objective range  [1e+00, 1e+00]
  Bounds range     [1e+00, 1e+02]
  RHS range        [1e+00, 1e+02]
Presolve removed 592 rows and 65 columns
Presolve time: 0.00s
Presolved: 279 rows, 225 columns, 870 nonzeros
Variable types: 24 continuous, 201 integer (201 binary)
Found heuristic solution: objective 71.0000000

Root relaxation: objective 2.600000e+01, 111 iterations, 0.00 seconds (0.00 work units)

    Nodes    |    Current Node    |     Objective Bounds      |     Work
 Expl Unexpl |  Obj  Depth IntInf | Incumbent    BestBd   Gap | It/Node Time

     0     0   26.00000    0   11   71.00000   26.00000  63.4%     -    0s
H    0     0                      48.0000000   26.00000  45.8%     -    0s
     0     0   26.00000    0   23   48.00000   26.00000  45.8%     -    0s
     0     0   26.00000    0   30   48.00000   26.00000  45.8%     -    0s
     0     0   26.00000    0   10   48.00000   26.00000  45.8%     -    0s
     0     0   26.00000    0   11   48.00000   26.00000  45.8%     -    0s
     0     0   26.00000    0   22   48.00000   26.00000  45.8%     -    0s
H    0     0                      46.0000000   26.00000  43.5%     -    0s
     0     0   26.00000    0   44   46.00000   26.00000  43.5%     -    0s
     0     0   26.00000    0   19   46.00000   26.00000  43.5%     -    0s
     0     0   26.00000    0   15   46.00000   26.00000  43.5%     -    0s
     0     2   26.00000    0   15   46.00000   26.00000  43.5%     -    0s
*  259   182              42      45.0000000   28.25510  37.2%   6.5    0s
H  280   184                      44.0000000   28.25510  35.8%   6.7    0s
H  605   333                      43.0000000   30.00000  30.2%   7.9    0s
*  725   380              37      43.0000000   30.00000  30.2%   8.8    0s
 19691  1693   41.00000   47   27   43.00000   35.00000  18.6%   8.9    5s

Cutting planes:
  Gomory: 5
  Cover: 14
  Implied bound: 4
  Clique: 14
  MIR: 1
  Flow cover: 12

Explored 44216 nodes (401041 simplex iterations) in 9.71 seconds (7.19 work units)
Thread count was 1 (of 96 available processors)

Solution count 7: 43 43 44 ... 71

Optimal solution found (tolerance 1.00e-04)
Best objective 4.300000000000e+01, best bound 4.300000000000e+01, gap 0.0000%

Instance 12_3, formulation tres, reform bigm:
  Rect 0: x = 16.00, y = 10.00
  Rect 1: x = 0.00, y = 10.00
  Rect 2: x = 0.00, y = 7.00
  Rect 3: x = 16.00, y = 9.00
  Rect 4: x = 3.00, y = 4.00
  Rect 5: x = 0.00, y = 9.00
  Rect 6: x = 8.00, y = 9.00
  Rect 7: x = 23.00, y = 4.00
  Rect 8: x = 11.00, y = 10.00
  Rect 9: x = 15.00, y = 4.00
  Rect 10: x = 3.00, y = 9.00
  Rect 11: x = 30.00, y = 10.00
  → saved figures to strip_figures/12_3_tres_bigm.png and strip_figures/12_3_tres_bigm.pdf
Set parameter TokenServer to value "mooring.ecn.purdue.edu"
Read LP format model from file /tmp/tmpd6zbqt50.pyomo.lp
Reading time = 0.00 seconds
x1346: 2719 rows, 1346 columns, 7131 nonzeros
Set parameter TimeLimit to value 1800
Set parameter Threads to value 1
Gurobi Optimizer version 11.0.0 build v11.0.0rc2 (linux64 - "Oracle Linux Server 9.6")

CPU model: AMD EPYC 7643 48-Core Processor, instruction set [SSE2|AVX|AVX2]
Thread count: 48 physical cores, 96 logical processors, using up to 1 threads

Optimize a model with 2719 rows, 1346 columns and 7131 nonzeros
Model fingerprint: 0x561e46d3
Variable types: 1082 continuous, 264 integer (264 binary)
Coefficient statistics:
  Matrix range     [1e+00, 1e+02]
  Objective range  [1e+00, 1e+00]
  Bounds range     [1e+00, 1e+02]
  RHS range        [1e+00, 1e+01]
Presolve removed 914 rows and 343 columns
Presolve time: 0.01s
Presolved: 1805 rows, 1003 columns, 4774 nonzeros
Variable types: 802 continuous, 201 integer (201 binary)
Found heuristic solution: objective 95.0000000
Found heuristic solution: objective 90.0000000

Root relaxation: objective 2.600000e+01, 498 iterations, 0.01 seconds (0.01 work units)

    Nodes    |    Current Node    |     Objective Bounds      |     Work
 Expl Unexpl |  Obj  Depth IntInf | Incumbent    BestBd   Gap | It/Node Time

     0     0   26.00000    0   37   90.00000   26.00000  71.1%     -    0s
H    0     0                      63.0000000   26.00000  58.7%     -    0s
     0     0   26.00000    0   59   63.00000   26.00000  58.7%     -    0s
H    0     0                      61.0000000   26.00000  57.4%     -    0s
     0     0   26.00000    0   65   61.00000   26.00000  57.4%     -    0s
     0     0   26.00000    0   36   61.00000   26.00000  57.4%     -    0s
     0     0   26.00000    0   48   61.00000   26.00000  57.4%     -    0s
     0     0   26.00000    0   44   61.00000   26.00000  57.4%     -    0s
     0     0   26.00000    0   40   61.00000   26.00000  57.4%     -    0s
     0     0   26.00000    0   51   61.00000   26.00000  57.4%     -    0s
     0     0   26.00000    0   51   61.00000   26.00000  57.4%     -    0s
H    0     0                      56.0000000   26.00000  53.6%     -    0s
H    0     0                      54.0000000   26.00000  51.9%     -    0s
     0     2   26.00000    0   36   54.00000   26.00000  51.9%     -    0s
H   81    67                      53.0000000   26.00000  50.9%  40.9    0s
H  135   118                      51.0000000   26.00000  49.0%  33.5    0s
H  334   263                      50.0000000   26.00000  48.0%  35.4    0s
H  339   233                      46.0000000   26.00000  43.5%  35.0    0s
H  601   396                      46.0000000   26.00000  43.5%  32.9    1s
*  704   432              48      45.0000000   26.00000  42.2%  56.2    2s
H  758   438                      44.0000000   26.00000  40.9%  57.6    2s
* 1052   436              38      43.0000000   28.00000  34.9%  63.6    3s
* 1448   428              34      43.0000000   29.00000  32.6%  71.2    4s
  1476   433   37.00000   22   28   43.00000   29.00000  32.6%  70.7    5s
  3108   826   37.00000   25   39   43.00000   30.56250  28.9%  70.9   10s
  4989  1167   41.00000   31   18   43.00000   33.00000  23.3%  71.2   15s
  7605  1735 infeasible   34        43.00000   33.00000  23.3%  68.1   20s
  9946  2275   38.00000   30   41   43.00000   33.00000  23.3%  66.8   25s
 10208  2317   41.00000   26   59   43.00000   33.00000  23.3%  66.8   30s
 11017  2346   38.00000   29   44   43.00000   33.00000  23.3%  68.7   35s
 12662  2089   40.00000   48   24   43.00000   33.00000  23.3%  69.7   40s
 14775  1774 infeasible   45        43.00000   33.00000  23.3%  69.1   45s
 17375  1395   38.00000   32   26   43.00000   35.00000  18.6%  68.1   50s
 19857  1537   41.00000   47   14   43.00000   36.00000  16.3%  66.9   55s
 22876  1781   41.00000   35   21   43.00000   36.00000  16.3%  65.3   60s
 25833  1923   41.00000   48   30   43.00000   36.00000  16.3%  64.3   65s
 28758  1873     cutoff   41        43.00000   38.00000  11.6%  63.5   70s
 31851  2008 infeasible   45        43.00000   38.00000  11.6%  62.5   75s
 34829  1823   41.00000   38   28   43.00000   40.00000  6.98%  61.9   80s
 37712  1597   41.00000   46   16   43.00000   40.99997  4.65%  61.3   85s
 40320   844   41.00000   35   24   43.00000   41.00000  4.65%  60.8   90s
 43473   340   41.00000   39   43   43.00000   41.00000  4.65%  59.9   95s

Cutting planes:
  Cover: 11
  Implied bound: 6
  Projected implied bound: 1
  Clique: 3
  MIR: 25
  Flow cover: 55
  RLT: 10
  Relax-and-lift: 14

Explored 45781 nodes (2723538 simplex iterations) in 98.72 seconds (82.08 work units)
Thread count was 1 (of 96 available processors)

Solution count 10: 43 43 43 ... 53

Optimal solution found (tolerance 1.00e-04)
Best objective 4.300000000000e+01, best bound 4.299998299998e+01, gap 0.0000%

Instance 12_3, formulation tres, reform hull:
  Rect 0: x = 0.00, y = 1.00
  Rect 1: x = 18.00, y = 1.00
  Rect 2: x = 27.00, y = 8.00
  Rect 3: x = 0.00, y = 6.00
  Rect 4: x = 8.00, y = 10.00
  Rect 5: x = 27.00, y = 10.00
  Rect 6: x = 18.00, y = 6.00
  Rect 7: x = 20.00, y = 10.00
  Rect 8: x = 13.00, y = 6.00
  Rect 9: x = 0.00, y = 10.00
  Rect 10: x = 21.00, y = 6.00
  Rect 11: x = 30.00, y = 10.00
  → saved figures to strip_figures/12_3_tres_hull.png and strip_figures/12_3_tres_hull.pdf
Set parameter TokenServer to value "mooring.ecn.purdue.edu"
Read LP format model from file /tmp/tmp7axpvgti.pyomo.lp
Reading time = 0.00 seconds
x290: 343 rows, 290 columns, 1840 nonzeros
Set parameter TimeLimit to value 1800
Set parameter Threads to value 1
Gurobi Optimizer version 11.0.0 build v11.0.0rc2 (linux64 - "Oracle Linux Server 9.6")

CPU model: AMD EPYC 7643 48-Core Processor, instruction set [SSE2|AVX|AVX2]
Thread count: 48 physical cores, 96 logical processors, using up to 1 threads

Optimize a model with 343 rows, 290 columns and 1840 nonzeros
Model fingerprint: 0x4d720608
Variable types: 26 continuous, 264 integer (264 binary)
Coefficient statistics:
  Matrix range     [1e+00, 9e+01]
  Objective range  [1e+00, 1e+00]
  Bounds range     [1e+00, 9e+01]
  RHS range        [1e+00, 1e+01]
Presolve removed 64 rows and 65 columns
Presolve time: 0.00s
Presolved: 279 rows, 225 columns, 1164 nonzeros
Variable types: 24 continuous, 201 integer (201 binary)
Found heuristic solution: objective 67.0000000
Found heuristic solution: objective 65.0000000

Root relaxation: objective 2.600000e+01, 102 iterations, 0.00 seconds (0.00 work units)

    Nodes    |    Current Node    |     Objective Bounds      |     Work
 Expl Unexpl |  Obj  Depth IntInf | Incumbent    BestBd   Gap | It/Node Time

     0     0   26.00000    0   17   65.00000   26.00000  60.0%     -    0s
H    0     0                      56.0000000   26.00000  53.6%     -    0s
     0     0   26.00000    0   18   56.00000   26.00000  53.6%     -    0s
H    0     0                      53.0000000   26.00000  50.9%     -    0s
     0     0   26.00000    0   18   53.00000   26.00000  50.9%     -    0s
     0     0   26.00000    0   30   53.00000   26.00000  50.9%     -    0s
H    0     0                      52.0000000   26.00000  50.0%     -    0s
     0     0   26.00000    0   34   52.00000   26.00000  50.0%     -    0s
     0     0   26.69775    0   20   52.00000   26.69775  48.7%     -    0s
H    0     0                      49.0000000   26.93939  45.0%     -    0s
     0     0   26.93939    0   26   49.00000   26.93939  45.0%     -    0s
     0     0   29.01518    0   30   49.00000   29.01518  40.8%     -    0s
     0     0   29.02622    0   30   49.00000   29.02622  40.8%     -    0s
     0     0   29.02622    0   34   49.00000   29.02622  40.8%     -    0s
     0     0   29.39130    0   25   49.00000   29.39130  40.0%     -    0s
     0     0   29.39130    0   29   49.00000   29.39130  40.0%     -    0s
     0     0   29.41667    0   23   49.00000   29.41667  40.0%     -    0s
     0     0   29.41667    0   22   49.00000   29.41667  40.0%     -    0s
     0     0   29.41667    0   20   49.00000   29.41667  40.0%     -    0s
     0     0   29.41667    0   22   49.00000   29.41667  40.0%     -    0s
     0     0   29.41667    0   22   49.00000   29.41667  40.0%     -    0s
H    0     0                      48.0000000   29.41667  38.7%     -    0s
     0     0   29.41667    0   24   48.00000   29.41667  38.7%     -    0s
     0     0   29.41667    0   13   48.00000   29.41667  38.7%     -    0s
     0     0   29.41667    0   21   48.00000   29.41667  38.7%     -    0s
     0     0   29.41667    0   12   48.00000   29.41667  38.7%     -    0s
     0     0   29.41667    0   12   48.00000   29.41667  38.7%     -    0s
H    0     0                      47.0000000   29.41667  37.4%     -    0s
     0     2   30.00000    0   12   47.00000   30.00000  36.2%     -    0s
H  135   110                      46.0000000   30.00000  34.8%   9.5    0s
H  364   265                      45.0000000   30.00000  33.3%   8.3    0s
H  756   461                      43.0000000   30.00000  30.2%  12.6    0s
H 1258   437                      43.0000000   30.00000  30.2%  14.9    0s
  9250  1479   36.00000   42   43   43.00000   33.00000  23.3%  17.5    5s
 17262  1976   41.00000   34   43   43.00000   36.00000  16.3%  18.3   10s
 25433  1786   41.00000   30   24   43.00000   38.00000  11.6%  20.2   15s
 33460   601     cutoff   28        43.00000   41.00000  4.65%  21.5   20s

Cutting planes:
  Gomory: 8
  Cover: 101
  Implied bound: 62
  Clique: 24
  MIR: 22
  StrongCG: 1
  Flow cover: 94
  Inf proof: 24
  RLT: 13
  Relax-and-lift: 18
  PSD: 1

Explored 35854 nodes (769311 simplex iterations) in 21.22 seconds (18.30 work units)
Thread count was 1 (of 96 available processors)

Solution count 10: 43 43 43 ... 53

Optimal solution found (tolerance 1.00e-04)
Best objective 4.300000000000e+01, best bound 4.300000000000e+01, gap 0.0000%

Instance 12_3, formulation reagg, reform MIP:
  Rect 0: x = 18.00, y = 1.00
  Rect 1: x = 31.00, y = 1.00
  Rect 2: x = 20.00, y = 10.00
  Rect 3: x = 31.00, y = 6.00
  Rect 4: x = 31.00, y = 10.00
  Rect 5: x = 20.00, y = 3.00
  Rect 6: x = 28.00, y = 6.00
  Rect 7: x = 13.00, y = 10.00
  Rect 8: x = 13.00, y = 6.00
  Rect 9: x = 23.00, y = 10.00
  Rect 10: x = 23.00, y = 6.00
  Rect 11: x = 0.00, y = 10.00
  → saved figures to strip_figures/12_3_reagg_MIP.png and strip_figures/12_3_reagg_MIP.pdf
Set parameter TokenServer to value "mooring.ecn.purdue.edu"
Read LP format model from file /tmp/tmpv6db_4_q.pyomo.lp
Reading time = 0.00 seconds
x290: 343 rows, 290 columns, 1840 nonzeros
Set parameter TimeLimit to value 1800
Set parameter Threads to value 1
Gurobi Optimizer version 11.0.0 build v11.0.0rc2 (linux64 - "Oracle Linux Server 9.6")

CPU model: AMD EPYC 7643 48-Core Processor, instruction set [SSE2|AVX|AVX2]
Thread count: 48 physical cores, 96 logical processors, using up to 1 threads

Optimize a model with 343 rows, 290 columns and 1840 nonzeros
Model fingerprint: 0x48f5b00f
Variable types: 26 continuous, 264 integer (264 binary)
Coefficient statistics:
  Matrix range     [1e+00, 9e+01]
  Objective range  [1e+00, 1e+00]
  Bounds range     [1e+00, 9e+01]
  RHS range        [1e+00, 1e+01]
Presolve removed 64 rows and 65 columns
Presolve time: 0.00s
Presolved: 279 rows, 225 columns, 1119 nonzeros
Variable types: 24 continuous, 201 integer (201 binary)
Found heuristic solution: objective 77.0000000
Found heuristic solution: objective 72.0000000

Root relaxation: objective 2.600000e+01, 109 iterations, 0.00 seconds (0.00 work units)

    Nodes    |    Current Node    |     Objective Bounds      |     Work
 Expl Unexpl |  Obj  Depth IntInf | Incumbent    BestBd   Gap | It/Node Time

     0     0   26.00000    0   18   72.00000   26.00000  63.9%     -    0s
H    0     0                      54.0000000   26.00000  51.9%     -    0s
     0     0   26.00000    0   50   54.00000   26.00000  51.9%     -    0s
     0     0   26.00000    0   44   54.00000   26.00000  51.9%     -    0s
     0     0   26.00000    0   26   54.00000   26.00000  51.9%     -    0s
H    0     0                      48.0000000   26.00000  45.8%     -    0s
     0     0   26.00000    0   15   48.00000   26.00000  45.8%     -    0s
     0     0   26.00000    0   32   48.00000   26.00000  45.8%     -    0s
     0     0   26.00000    0   31   48.00000   26.00000  45.8%     -    0s
     0     0   26.00000    0   36   48.00000   26.00000  45.8%     -    0s
     0     0   26.00000    0   26   48.00000   26.00000  45.8%     -    0s
     0     0   26.00000    0   18   48.00000   26.00000  45.8%     -    0s
     0     2   26.00000    0   18   48.00000   26.00000  45.8%     -    0s
H  104    64                      47.0000000   30.00000  36.2%   9.0    0s
H  108    64                      45.0000000   30.00000  33.3%   9.0    0s
* 1010   434              31      45.0000000   30.00000  33.3%  10.7    0s
* 1157   425              41      44.0000000   30.00000  31.8%  10.2    0s
H 1472   457                      44.0000000   30.00000  31.8%   9.7    0s
* 1708   406              35      43.0000000   30.00000  30.2%   9.6    0s
*10816  1799              47      43.0000000   35.00000  18.6%   9.1    3s
 15603   990   41.00000   39   34   43.00000   35.00000  18.6%   9.1    5s

Cutting planes:
  Gomory: 1
  Cover: 1
  Clique: 2
  MIR: 1
  Flow cover: 12

Explored 33697 nodes (293624 simplex iterations) in 8.81 seconds (6.03 work units)
Thread count was 1 (of 96 available processors)

Solution count 10: 43 43 44 ... 72

Optimal solution found (tolerance 1.00e-04)
Best objective 4.300000000000e+01, best bound 4.300000000000e+01, gap 0.0000%

Instance 12_3, formulation reagg_tres, reform MIP:
  Rect 0: x = 17.00, y = 1.00
  Rect 1: x = 0.00, y = 1.00
  Rect 2: x = 27.00, y = 8.00
  Rect 3: x = 0.00, y = 6.00
  Rect 4: x = 15.00, y = 10.00
  Rect 5: x = 27.00, y = 10.00
  Rect 6: x = 17.00, y = 6.00
  Rect 7: x = 8.00, y = 10.00
  Rect 8: x = 12.00, y = 6.00
  Rect 9: x = 0.00, y = 10.00
  Rect 10: x = 22.00, y = 6.00
  Rect 11: x = 30.00, y = 10.00
  → saved figures to strip_figures/12_3_reagg_tres_MIP.png and strip_figures/12_3_reagg_tres_MIP.pdf
Set parameter TokenServer to value "mooring.ecn.purdue.edu"
Read LP format model from file /tmp/tmpe6p5h06a.pyomo.lp
Reading time = 0.00 seconds
x290: 871 rows, 290 columns, 2137 nonzeros
Set parameter TimeLimit to value 1800
Set parameter Threads to value 1
Gurobi Optimizer version 11.0.0 build v11.0.0rc2 (linux64 - "Oracle Linux Server 9.6")

CPU model: AMD EPYC 7643 48-Core Processor, instruction set [SSE2|AVX|AVX2]
Thread count: 48 physical cores, 96 logical processors, using up to 1 threads

Optimize a model with 871 rows, 290 columns and 2137 nonzeros
Model fingerprint: 0x0675b343
Variable types: 26 continuous, 264 integer (264 binary)
Coefficient statistics:
  Matrix range     [1e+00, 9e+01]
  Objective range  [1e+00, 1e+00]
  Bounds range     [1e+00, 8e+01]
  RHS range        [1e+00, 8e+01]
Presolve removed 691 rows and 168 columns
Presolve time: 0.00s
Presolved: 180 rows, 122 columns, 538 nonzeros
Variable types: 20 continuous, 102 integer (102 binary)
Found heuristic solution: objective 72.0000000

Root relaxation: objective 2.400000e+01, 72 iterations, 0.00 seconds (0.00 work units)

    Nodes    |    Current Node    |     Objective Bounds      |     Work
 Expl Unexpl |  Obj  Depth IntInf | Incumbent    BestBd   Gap | It/Node Time

     0     0   24.00000    0   19   72.00000   24.00000  66.7%     -    0s
     0     0   26.96169    0   37   72.00000   26.96169  62.6%     -    0s
     0     0   31.00000    0   40   72.00000   31.00000  56.9%     -    0s
     0     0   31.00000    0   43   72.00000   31.00000  56.9%     -    0s
     0     0   31.00000    0   43   72.00000   31.00000  56.9%     -    0s
     0     0   31.50969    0   44   72.00000   31.50969  56.2%     -    0s
     0     0   31.98291    0   38   72.00000   31.98291  55.6%     -    0s
     0     0   31.98291    0   45   72.00000   31.98291  55.6%     -    0s
H    0     0                      67.0000000   31.98291  52.3%     -    0s
     0     0   31.98291    0   45   67.00000   31.98291  52.3%     -    0s
     0     0   31.98291    0   40   67.00000   31.98291  52.3%     -    0s
     0     0   32.05877    0   40   67.00000   32.05877  52.2%     -    0s
     0     0   32.06120    0   41   67.00000   32.06120  52.1%     -    0s
     0     0   32.06139    0   43   67.00000   32.06139  52.1%     -    0s
     0     0   32.06139    0   41   67.00000   32.06139  52.1%     -    0s
     0     0   32.06139    0   40   67.00000   32.06139  52.1%     -    0s
     0     0   32.06139    0   41   67.00000   32.06139  52.1%     -    0s
     0     0   32.06438    0   42   67.00000   32.06438  52.1%     -    0s
     0     0   32.06439    0   28   67.00000   32.06439  52.1%     -    0s
     0     2   32.06940    0   28   67.00000   32.06940  52.1%     -    0s
H   54    51                      66.0000000   32.06940  51.4%   7.6    0s
*  169   137              38      63.0000000   32.86558  47.8%   9.0    0s
H  581   397                      63.0000000   35.38929  43.8%  10.8    0s
 19104  3898   52.00000   27   23   63.00000   52.00000  17.5%  10.0    5s
 40550  5834   55.00000   36    8   63.00000   55.00000  12.7%  10.1   10s
 73961  6251   62.00000   40    3   63.00000   55.00000  12.7%   9.0   15s
 116060  8545   62.00000   45    2   63.00000   58.01587  7.91%   8.1   20s
 157842  9067     cutoff   51        63.00000   59.00000  6.35%   7.5   25s
 203537  3930     cutoff   46        63.00000   62.00000  1.59%   7.1   30s

Cutting planes:
  Gomory: 7
  Cover: 10
  Implied bound: 1
  Clique: 2
  MIR: 12
  StrongCG: 1
  Flow cover: 19
  Inf proof: 1
  RLT: 1
  Relax-and-lift: 1

Explored 220645 nodes (1519594 simplex iterations) in 31.62 seconds (24.79 work units)
Thread count was 1 (of 96 available processors)

Solution count 6: 63 63 63 ... 72

Optimal solution found (tolerance 1.00e-04)
Best objective 6.300000000000e+01, best bound 6.300000000000e+01, gap 0.0000%

Instance 12_4, formulation altered, reform bigm:
  Rect 0: x = 53.00, y = 1.00
  Rect 1: x = 12.00, y = 10.00
  Rect 2: x = 60.00, y = 10.00
  Rect 3: x = 40.00, y = 10.00
  Rect 4: x = 49.00, y = 10.00
  Rect 5: x = 36.00, y = 10.00
  Rect 6: x = 11.00, y = 6.00
  Rect 7: x = 23.00, y = 10.00
  Rect 8: x = 0.00, y = 10.00
  Rect 9: x = 45.00, y = 10.00
  Rect 10: x = 53.00, y = 10.00
  Rect 11: x = 40.00, y = 6.00
  → saved figures to strip_figures/12_4_altered_bigm.png and strip_figures/12_4_altered_bigm.pdf
Set parameter TokenServer to value "mooring.ecn.purdue.edu"
Read LP format model from file /tmp/tmpkq3vvjkx.pyomo.lp
Reading time = 0.00 seconds
x1346: 2719 rows, 1346 columns, 7065 nonzeros
Set parameter TimeLimit to value 1800
Set parameter Threads to value 1
Gurobi Optimizer version 11.0.0 build v11.0.0rc2 (linux64 - "Oracle Linux Server 9.6")

CPU model: AMD EPYC 7643 48-Core Processor, instruction set [SSE2|AVX|AVX2]
Thread count: 48 physical cores, 96 logical processors, using up to 1 threads

Optimize a model with 2719 rows, 1346 columns and 7065 nonzeros
Model fingerprint: 0xee5c4254
Variable types: 1082 continuous, 264 integer (264 binary)
Coefficient statistics:
  Matrix range     [1e+00, 8e+01]
  Objective range  [1e+00, 1e+00]
  Bounds range     [1e+00, 8e+01]
  RHS range        [1e+00, 1e+01]
Presolve removed 1779 rows and 879 columns
Presolve time: 0.01s
Presolved: 940 rows, 467 columns, 2554 nonzeros
Variable types: 365 continuous, 102 integer (102 binary)
Found heuristic solution: objective 81.0000000
Found heuristic solution: objective 72.0000000

Root relaxation: objective 2.400000e+01, 170 iterations, 0.00 seconds (0.00 work units)

    Nodes    |    Current Node    |     Objective Bounds      |     Work
 Expl Unexpl |  Obj  Depth IntInf | Incumbent    BestBd   Gap | It/Node Time

     0     0   24.00000    0   33   72.00000   24.00000  66.7%     -    0s
     0     0   24.00000    0   56   72.00000   24.00000  66.7%     -    0s
     0     0   24.00000    0   57   72.00000   24.00000  66.7%     -    0s
     0     0   24.00000    0   42   72.00000   24.00000  66.7%     -    0s
     0     0   24.00000    0   33   72.00000   24.00000  66.7%     -    0s
     0     0   24.00000    0   37   72.00000   24.00000  66.7%     -    0s
     0     0   24.00000    0   30   72.00000   24.00000  66.7%     -    0s
     0     2   24.66129    0   27   72.00000   24.66129  65.7%     -    0s
*  135    94              45      71.0000000   28.05000  60.5%  15.6    0s
H  245   172                      67.0000000   28.05000  58.1%  14.8    0s
*  474   330              34      66.0000000   33.00000  50.0%  13.2    0s
*  679   439              45      63.0000000   33.00000  47.6%  17.7    0s
H 1498   629                      63.0000000   35.00000  44.4%  20.4    1s
  6986  2783   55.00000   28   28   63.00000   44.00000  30.2%  18.6    5s
 13974  5271   56.00000   27    9   63.00000   49.00000  22.2%  18.2   10s
 23037  7825     cutoff   39        63.00000   51.00000  19.0%  19.0   15s
 32427 10949   62.00000   35   20   63.00000   51.00000  19.0%  18.8   20s
 41529 13506   62.00000   41   23   63.00000   54.00000  14.3%  18.7   25s
 48828 15303     cutoff   37        63.00000   54.00000  14.3%  19.7   30s
 57899 17620   59.00000   32    2   63.00000   55.00000  12.7%  19.5   35s
 66293 19154     cutoff   35        63.00000   55.00000  12.7%  19.7   40s
 74231 20783   62.00000   30   19   63.00000   55.00000  12.7%  20.1   45s
 82937 22747   59.00000   25   12   63.00000   55.00000  12.7%  20.2   50s
 91603 24640   55.00000   32   18   63.00000   55.00000  12.7%  20.1   55s
 100547 26563   62.00000   34   10   63.00000   55.00000  12.7%  20.0   60s
 109654 28601   62.00000   31   13   63.00000   55.00000  12.7%  19.8   65s
 118486 30659   62.00000   33    5   63.00000   55.00000  12.7%  19.7   70s
 128489 32890   62.00000   30   13   63.00000   55.00000  12.7%  19.5   75s
 137278 33613   62.00000   28   23   63.00000   57.00000  9.52%  19.3   80s
 146428 34473   62.00000   31    1   63.00000   58.00000  7.94%  19.3   85s
 154326 35194     cutoff   30        63.00000   58.00000  7.94%  19.6   90s
 161424 35916   62.00000   39   15   63.00000   58.00000  7.94%  19.9   95s
 168690 36670   62.00000   32   12   63.00000   58.00000  7.94%  20.1  100s
 177121 37392   62.00000   39   23   63.00000   58.00000  7.94%  20.2  105s
 185701 38213   62.00000   31   17   63.00000   58.00000  7.94%  20.2  110s
 194268 39000   62.00000   29    3   63.00000   58.00000  7.94%  20.2  115s
 203181 39803   58.00000   27   13   63.00000   58.00000  7.94%  20.2  120s
 211757 40684   62.00000   29   23   63.00000   58.00000  7.94%  20.2  125s
 220272 41603   58.00000   30   22   63.00000   58.00000  7.94%  20.2  130s
H221748 41779                      63.0000000   58.00000  7.94%  20.2  130s
 227845 42470     cutoff   37        63.00000   58.00000  7.94%  20.2  135s
 236512 43431   62.00000   33    3   63.00000   58.00000  7.94%  20.2  140s
 245253 44271   58.00000   35   26   63.00000   58.00000  7.94%  20.2  145s
 254636 45272   62.00000   33    7   63.00000   58.00000  7.94%  20.1  150s
 265333 46101   62.00000   33    1   63.00000   59.00000  6.35%  19.9  155s
 275710 46834   62.00000   32   22   63.00000   59.00000  6.35%  19.8  160s
 285181 47581   62.00000   38    1   63.00000   59.00000  6.35%  19.8  165s
 295451 48309   62.00000   34   23   63.00000   59.00000  6.35%  19.7  170s
 305790 48986   59.00000   36    4   63.00000   59.00000  6.35%  19.6  175s
 315606 49659   62.08333   35    7   63.00000   59.00000  6.35%  19.5  180s
 325907 50443   59.00000   35   18   63.00000   59.00000  6.35%  19.4  185s
 335496 51282   62.00000   30   11   63.00000   59.00000  6.35%  19.3  190s
 345603 52080   62.00000   30   18   63.00000   59.00000  6.35%  19.3  195s
 354822 52891   59.00000   35   17   63.00000   59.00000  6.35%  19.2  200s
 363494 53602   60.00000   30   11   63.00000   59.00000  6.35%  19.2  205s
 372322 54212   62.00000   38   15   63.00000   59.00000  6.35%  19.2  210s
 380862 54883   59.00000   36   10   63.00000   59.00000  6.35%  19.2  215s
 389403 55568   62.00000   31    9   63.00000   59.00000  6.35%  19.2  220s
 398384 56262   59.00000   30   22   63.00000   59.00000  6.35%  19.2  225s
 408045 56446   62.00000   42   11   63.00000   61.00000  3.17%  19.1  230s
 417724 55202   62.00000   36   15   63.00000   62.00000  1.59%  19.0  235s
 429653 51377   62.10000   31    1   63.00000   62.00000  1.59%  18.8  240s
 441574 49007   62.00000   40    1   63.00000   62.00000  1.59%  18.7  245s
 452356 46270   62.00000   35    1   63.00000   62.00000  1.59%  18.6  250s
 462971 44315     cutoff   36        63.00000   62.00000  1.59%  18.5  255s
 474003 42561     cutoff   30        63.00000   62.00000  1.59%  18.4  260s
 483992 40231   62.00000   36   11   63.00000   62.00000  1.59%  18.3  265s
 492250 38548   62.00000   34   21   63.00000   62.00000  1.59%  18.3  270s
 500653 36562   62.00000   29    9   63.00000   62.00000  1.59%  18.3  275s
 508804 34665   62.00000   39   23   63.00000   62.00000  1.59%  18.3  280s
 516881 32540     cutoff   33        63.00000   62.00000  1.59%  18.2  285s
 524786 30682   62.00000   35    4   63.00000   62.00000  1.59%  18.2  290s
 533367 28638   62.00000   34   10   63.00000   62.00000  1.59%  18.2  295s
 542905 26669     cutoff   35        63.00000   62.00000  1.59%  18.1  300s
 552766 25003   62.00000   31   11   63.00000   62.00000  1.59%  18.1  305s
 562360 23463   62.00000   36   19   63.00000   62.00000  1.59%  18.0  310s
 572476 21860     cutoff   29        63.00000   62.00000  1.59%  18.0  315s
 581771 20483   62.00000   33   13   63.00000   62.00000  1.59%  18.0  320s
 590859 19096   62.00000   35   11   63.00000   62.00000  1.59%  18.0  325s
 600058 17537   62.00000   35   22   63.00000   62.00000  1.59%  18.0  330s
 608556 15872   62.00000   33   16   63.00000   62.00000  1.59%  18.0  335s
 616946 14264   62.00000   34   16   63.00000   62.00000  1.59%  17.9  340s
 625475 12369   62.00000   36   18   63.00000   62.00000  1.59%  17.9  345s
 633970 10559   62.00000   28   19   63.00000   62.00000  1.59%  17.9  350s
 642287  8813   62.00000   42   23   63.00000   62.00000  1.59%  17.9  355s
 650834  6952   62.08333   32   11   63.00000   62.00000  1.59%  17.9  360s
 659235  5116   62.00000   34   23   63.00000   62.00000  1.59%  17.9  365s
 667942  3397     cutoff   30        63.00000   62.00000  1.59%  17.9  370s
 676589  1865   62.00000   37    7   63.00000   62.00000  1.59%  17.9  375s

Cutting planes:
  Gomory: 2
  Cover: 5
  Implied bound: 8
  Clique: 3
  MIR: 10
  Flow cover: 11
  RLT: 9
  Relax-and-lift: 1

Explored 682141 nodes (12192388 simplex iterations) in 378.47 seconds (321.25 work units)
Thread count was 1 (of 96 available processors)

Solution count 9: 63 63 63 ... 81

Optimal solution found (tolerance 1.00e-04)
Best objective 6.300000000000e+01, best bound 6.300000000000e+01, gap 0.0000%

Instance 12_4, formulation altered, reform hull:
  Rect 0: x = 18.00, y = 1.00
  Rect 1: x = 18.00, y = 10.00
  Rect 2: x = 42.00, y = 10.00
  Rect 3: x = 33.00, y = 10.00
  Rect 4: x = 14.00, y = 10.00
  Rect 5: x = 38.00, y = 10.00
  Rect 6: x = 13.00, y = 6.00
  Rect 7: x = 0.00, y = 10.00
  Rect 8: x = 52.00, y = 10.00
  Rect 9: x = 29.00, y = 10.00
  Rect 10: x = 45.00, y = 10.00
  Rect 11: x = 29.00, y = 6.00
  → saved figures to strip_figures/12_4_altered_hull.png and strip_figures/12_4_altered_hull.pdf
Set parameter TokenServer to value "mooring.ecn.purdue.edu"
Read LP format model from file /tmp/tmp1nl07f18.pyomo.lp
Reading time = 0.00 seconds
x290: 871 rows, 290 columns, 2137 nonzeros
Set parameter TimeLimit to value 1800
Set parameter Threads to value 1
Gurobi Optimizer version 11.0.0 build v11.0.0rc2 (linux64 - "Oracle Linux Server 9.6")

CPU model: AMD EPYC 7643 48-Core Processor, instruction set [SSE2|AVX|AVX2]
Thread count: 48 physical cores, 96 logical processors, using up to 1 threads

Optimize a model with 871 rows, 290 columns and 2137 nonzeros
Model fingerprint: 0x0675b343
Variable types: 26 continuous, 264 integer (264 binary)
Coefficient statistics:
  Matrix range     [1e+00, 9e+01]
  Objective range  [1e+00, 1e+00]
  Bounds range     [1e+00, 8e+01]
  RHS range        [1e+00, 8e+01]
Presolve removed 691 rows and 168 columns
Presolve time: 0.00s
Presolved: 180 rows, 122 columns, 538 nonzeros
Variable types: 20 continuous, 102 integer (102 binary)
Found heuristic solution: objective 72.0000000

Root relaxation: objective 2.400000e+01, 72 iterations, 0.00 seconds (0.00 work units)

    Nodes    |    Current Node    |     Objective Bounds      |     Work
 Expl Unexpl |  Obj  Depth IntInf | Incumbent    BestBd   Gap | It/Node Time

     0     0   24.00000    0   19   72.00000   24.00000  66.7%     -    0s
     0     0   26.96169    0   37   72.00000   26.96169  62.6%     -    0s
     0     0   31.00000    0   40   72.00000   31.00000  56.9%     -    0s
     0     0   31.00000    0   43   72.00000   31.00000  56.9%     -    0s
     0     0   31.00000    0   43   72.00000   31.00000  56.9%     -    0s
     0     0   31.50969    0   44   72.00000   31.50969  56.2%     -    0s
     0     0   31.98291    0   38   72.00000   31.98291  55.6%     -    0s
     0     0   31.98291    0   45   72.00000   31.98291  55.6%     -    0s
H    0     0                      67.0000000   31.98291  52.3%     -    0s
     0     0   31.98291    0   45   67.00000   31.98291  52.3%     -    0s
     0     0   31.98291    0   40   67.00000   31.98291  52.3%     -    0s
     0     0   32.05877    0   40   67.00000   32.05877  52.2%     -    0s
     0     0   32.06120    0   41   67.00000   32.06120  52.1%     -    0s
     0     0   32.06139    0   43   67.00000   32.06139  52.1%     -    0s
     0     0   32.06139    0   41   67.00000   32.06139  52.1%     -    0s
     0     0   32.06139    0   40   67.00000   32.06139  52.1%     -    0s
     0     0   32.06139    0   41   67.00000   32.06139  52.1%     -    0s
     0     0   32.06438    0   42   67.00000   32.06438  52.1%     -    0s
     0     0   32.06439    0   28   67.00000   32.06439  52.1%     -    0s
     0     2   32.06940    0   28   67.00000   32.06940  52.1%     -    0s
H   54    51                      66.0000000   32.06940  51.4%   7.6    0s
*  169   137              38      63.0000000   32.86558  47.8%   9.0    0s
H  581   397                      63.0000000   35.38929  43.8%  10.8    0s
 19050  3893   55.00000   30   24   63.00000   52.00000  17.5%  10.0    5s
 40387  5848   59.00000   40   24   63.00000   55.00000  12.7%  10.1   10s
 73863  6238   62.00000   41    3   63.00000   55.00000  12.7%   9.0   15s
 116060  8545   62.00000   45    2   63.00000   58.01587  7.91%   8.1   20s
 157970  9071   62.00000   38    3   63.00000   59.00000  6.35%   7.5   25s
 203844  3849     cutoff   42        63.00000   62.00000  1.59%   7.1   30s

Cutting planes:
  Gomory: 7
  Cover: 10
  Implied bound: 1
  Clique: 2
  MIR: 12
  StrongCG: 1
  Flow cover: 19
  Inf proof: 1
  RLT: 1
  Relax-and-lift: 1

Explored 220645 nodes (1519594 simplex iterations) in 31.58 seconds (24.79 work units)
Thread count was 1 (of 96 available processors)

Solution count 6: 63 63 63 ... 72

Optimal solution found (tolerance 1.00e-04)
Best objective 6.300000000000e+01, best bound 6.300000000000e+01, gap 0.0000%

Instance 12_4, formulation tres, reform bigm:
  Rect 0: x = 53.00, y = 1.00
  Rect 1: x = 12.00, y = 10.00
  Rect 2: x = 60.00, y = 10.00
  Rect 3: x = 40.00, y = 10.00
  Rect 4: x = 49.00, y = 10.00
  Rect 5: x = 36.00, y = 10.00
  Rect 6: x = 11.00, y = 6.00
  Rect 7: x = 23.00, y = 10.00
  Rect 8: x = 0.00, y = 10.00
  Rect 9: x = 45.00, y = 10.00
  Rect 10: x = 53.00, y = 10.00
  Rect 11: x = 40.00, y = 6.00
  → saved figures to strip_figures/12_4_tres_bigm.png and strip_figures/12_4_tres_bigm.pdf
Set parameter TokenServer to value "mooring.ecn.purdue.edu"
Read LP format model from file /tmp/tmp0mq2w_7u.pyomo.lp
Reading time = 0.00 seconds
x1346: 2719 rows, 1346 columns, 7065 nonzeros
Set parameter TimeLimit to value 1800
Set parameter Threads to value 1
Gurobi Optimizer version 11.0.0 build v11.0.0rc2 (linux64 - "Oracle Linux Server 9.6")

CPU model: AMD EPYC 7643 48-Core Processor, instruction set [SSE2|AVX|AVX2]
Thread count: 48 physical cores, 96 logical processors, using up to 1 threads

Optimize a model with 2719 rows, 1346 columns and 7065 nonzeros
Model fingerprint: 0xee5c4254
Variable types: 1082 continuous, 264 integer (264 binary)
Coefficient statistics:
  Matrix range     [1e+00, 8e+01]
  Objective range  [1e+00, 1e+00]
  Bounds range     [1e+00, 8e+01]
  RHS range        [1e+00, 1e+01]
Presolve removed 1779 rows and 879 columns
Presolve time: 0.01s
Presolved: 940 rows, 467 columns, 2554 nonzeros
Variable types: 365 continuous, 102 integer (102 binary)
Found heuristic solution: objective 81.0000000
Found heuristic solution: objective 72.0000000

Root relaxation: objective 2.400000e+01, 170 iterations, 0.00 seconds (0.00 work units)

    Nodes    |    Current Node    |     Objective Bounds      |     Work
 Expl Unexpl |  Obj  Depth IntInf | Incumbent    BestBd   Gap | It/Node Time

     0     0   24.00000    0   33   72.00000   24.00000  66.7%     -    0s
     0     0   24.00000    0   56   72.00000   24.00000  66.7%     -    0s
     0     0   24.00000    0   57   72.00000   24.00000  66.7%     -    0s
     0     0   24.00000    0   42   72.00000   24.00000  66.7%     -    0s
     0     0   24.00000    0   33   72.00000   24.00000  66.7%     -    0s
     0     0   24.00000    0   37   72.00000   24.00000  66.7%     -    0s
     0     0   24.00000    0   30   72.00000   24.00000  66.7%     -    0s
     0     2   24.66129    0   27   72.00000   24.66129  65.7%     -    0s
*  135    94              45      71.0000000   28.05000  60.5%  15.6    0s
H  245   172                      67.0000000   28.05000  58.1%  14.8    0s
*  474   330              34      66.0000000   33.00000  50.0%  13.2    0s
*  679   439              45      63.0000000   33.00000  47.6%  17.7    0s
H 1498   629                      63.0000000   35.00000  44.4%  20.4    1s
  7005  2795   59.00000   26   22   63.00000   44.00000  30.2%  18.6    5s
 14018  5265 infeasible   27        63.00000   49.00000  22.2%  18.3   10s
 23129  7863   59.00000   27   27   63.00000   51.00000  19.0%  19.0   15s
 32576 11006   56.06667   32   23   63.00000   51.00000  19.0%  18.8   20s
 41687 13548   62.00000   29    8   63.00000   54.00000  14.3%  18.7   25s
 49057 15353   62.00000   28    3   63.00000   54.00000  14.3%  19.7   30s
 58114 17652   58.00000   30   12   63.00000   55.00000  12.7%  19.5   35s
 66497 19187   62.00000   31   19   63.00000   55.00000  12.7%  19.7   40s
 74517 20856 infeasible   28        63.00000   55.00000  12.7%  20.1   45s
 83237 22802   62.00000   36    9   63.00000   55.00000  12.7%  20.1   50s
 91858 24699   62.00000   36   11   63.00000   55.00000  12.7%  20.1   55s
 100987 26679   62.00000   39    7   63.00000   55.00000  12.7%  20.0   60s
 110101 28718   59.00000   30   23   63.00000   55.00000  12.7%  19.8   65s
 118979 30800   62.00000   35   18   63.00000   55.00000  12.7%  19.7   70s
 128968 33002   58.00000   29   12   63.00000   55.00000  12.7%  19.5   75s
 137727 33663   57.00000   26   13   63.00000   57.00000  9.52%  19.3   80s
 146858 34511   62.12500   34    1   63.00000   58.00000  7.94%  19.3   85s
 154714 35242   62.00000   31    5   63.00000   58.00000  7.94%  19.6   90s
 161736 35951     cutoff   32        63.00000   58.00000  7.94%  19.9   95s
 169059 36718   62.00000   35   11   63.00000   58.00000  7.94%  20.1  100s
 177396 37421   62.00000   33   19   63.00000   58.00000  7.94%  20.2  105s
 186142 38260   62.00000   34   23   63.00000   58.00000  7.94%  20.2  110s
 194786 39064   62.00000   31   10   63.00000   58.00000  7.94%  20.2  115s
 203641 39857   62.00000   35   19   63.00000   58.00000  7.94%  20.2  120s
 212300 40738     cutoff   32        63.00000   58.00000  7.94%  20.2  125s
 220676 41645   62.00000   35   16   63.00000   58.00000  7.94%  20.2  130s
H221748 41779                      63.0000000   58.00000  7.94%  20.2  130s
 228376 42517     cutoff   36        63.00000   58.00000  7.94%  20.2  135s
 236928 43478   62.00000   36    3   63.00000   58.00000  7.94%  20.2  140s
 245851 44336   62.00000   32   19   63.00000   58.00000  7.94%  20.2  145s
 255215 45343   58.00000   30    7   63.00000   58.00000  7.94%  20.1  150s
 266002 46166 infeasible   30        63.00000   59.00000  6.35%  19.9  155s
 276401 46896     cutoff   38        63.00000   59.00000  6.35%  19.8  160s
 285826 47626   59.00000   36    4   63.00000   59.00000  6.35%  19.7  165s
 296106 48335   62.00000   32    5   63.00000   59.00000  6.35%  19.7  170s
 306473 49047   62.00000   34   20   63.00000   59.00000  6.35%  19.6  175s
 316298 49715   62.08333   36    2   63.00000   59.00000  6.35%  19.5  180s
 326535 50496   59.00000   28   14   63.00000   59.00000  6.35%  19.4  185s
 336395 51347     cutoff   36        63.00000   59.00000  6.35%  19.3  190s
 346123 52110   59.00000   32   17   63.00000   59.00000  6.35%  19.3  195s
 355432 52926   62.00000   33   19   63.00000   59.00000  6.35%  19.2  200s
 364433 53654   62.00000   34   19   63.00000   59.00000  6.35%  19.2  205s
 373164 54254   62.00000   34   22   63.00000   59.00000  6.35%  19.2  210s
 381766 54968   62.00000   38   19   63.00000   59.00000  6.35%  19.2  215s
 390311 55653   62.00000   35   10   63.00000   59.00000  6.35%  19.2  220s
 399500 56374   59.00000   33   21   63.00000   59.00000  6.35%  19.2  225s
 408544 56460   62.00000   33    7   63.00000   61.00000  3.17%  19.1  230s
 419205 54660   62.10000   36    1   63.00000   62.00000  1.59%  19.0  235s
 430986 51116     cutoff   36        63.00000   62.00000  1.59%  18.8  240s
 442683 48685   62.00000   38    3   63.00000   62.00000  1.59%  18.7  245s
 453725 46013   62.00000   37    5   63.00000   62.00000  1.59%  18.6  250s
 464415 44072   62.00000   35    1   63.00000   62.00000  1.59%  18.4  255s
 475442 42383   62.00000   34    9   63.00000   62.00000  1.59%  18.4  260s
 485256 39978     cutoff   36        63.00000   62.00000  1.59%  18.3  265s
 493322 38348   62.00000   33    9   63.00000   62.00000  1.59%  18.3  270s
 501739 36313     cutoff   32        63.00000   62.00000  1.59%  18.3  275s
 510136 34299     cutoff   34        63.00000   62.00000  1.59%  18.3  280s
 518319 32179   62.20000   34   10   63.00000   62.00000  1.59%  18.2  285s
 525781 30406   62.00000   29    7   63.00000   62.00000  1.59%  18.2  290s
 535136 28276   62.00000   32   12   63.00000   62.00000  1.59%  18.2  295s
 544565 26371   62.00000   27   18   63.00000   62.00000  1.59%  18.1  300s
 554583 24710   62.00000   36   14   63.00000   62.00000  1.59%  18.1  305s
 564250 23145     cutoff   28        63.00000   62.00000  1.59%  18.0  310s
 574340 21586   62.00000   36   11   63.00000   62.00000  1.59%  18.0  315s
 583747 20253   62.00000   34   13   63.00000   62.00000  1.59%  18.0  320s
 592755 18806   62.00000   34   12   63.00000   62.00000  1.59%  18.0  325s
 601997 17212   62.00000   33   15   63.00000   62.00000  1.59%  18.0  330s
 610554 15528   62.00000   32    1   63.00000   62.00000  1.59%  17.9  335s
 618843 13857 infeasible   33        63.00000   62.00000  1.59%  17.9  340s
 627367 11967     cutoff   30        63.00000   62.00000  1.59%  17.9  345s
 635643 10207     cutoff   31        63.00000   62.00000  1.59%  17.9  350s
 644206  8388   62.00000   33    7   63.00000   62.00000  1.59%  17.9  355s
 652889  6535   62.00000   33   21   63.00000   62.00000  1.59%  17.9  360s
 661237  4722   62.00000   34   10   63.00000   62.00000  1.59%  17.9  365s
 669925  3000   62.00000   32   19   63.00000   62.00000  1.59%  17.9  370s
 678034  1638   62.00000   37   23   63.00000   62.00000  1.59%  17.9  375s

Cutting planes:
  Gomory: 2
  Cover: 5
  Implied bound: 8
  Clique: 3
  MIR: 10
  Flow cover: 11
  RLT: 9
  Relax-and-lift: 1

Explored 682141 nodes (12192388 simplex iterations) in 377.37 seconds (321.25 work units)
Thread count was 1 (of 96 available processors)

Solution count 9: 63 63 63 ... 81

Optimal solution found (tolerance 1.00e-04)
Best objective 6.300000000000e+01, best bound 6.300000000000e+01, gap 0.0000%

Instance 12_4, formulation tres, reform hull:
  Rect 0: x = 18.00, y = 1.00
  Rect 1: x = 18.00, y = 10.00
  Rect 2: x = 42.00, y = 10.00
  Rect 3: x = 33.00, y = 10.00
  Rect 4: x = 14.00, y = 10.00
  Rect 5: x = 38.00, y = 10.00
  Rect 6: x = 13.00, y = 6.00
  Rect 7: x = 0.00, y = 10.00
  Rect 8: x = 52.00, y = 10.00
  Rect 9: x = 29.00, y = 10.00
  Rect 10: x = 45.00, y = 10.00
  Rect 11: x = 29.00, y = 6.00
  → saved figures to strip_figures/12_4_tres_hull.png and strip_figures/12_4_tres_hull.pdf
Set parameter TokenServer to value "mooring.ecn.purdue.edu"
Read LP format model from file /tmp/tmphyk8dvpo.pyomo.lp
Reading time = 0.00 seconds
x290: 343 rows, 290 columns, 1741 nonzeros
Set parameter TimeLimit to value 1800
Set parameter Threads to value 1
Gurobi Optimizer version 11.0.0 build v11.0.0rc2 (linux64 - "Oracle Linux Server 9.6")

CPU model: AMD EPYC 7643 48-Core Processor, instruction set [SSE2|AVX|AVX2]
Thread count: 48 physical cores, 96 logical processors, using up to 1 threads

Optimize a model with 343 rows, 290 columns and 1741 nonzeros
Model fingerprint: 0xb5d00ecd
Variable types: 26 continuous, 264 integer (264 binary)
Coefficient statistics:
  Matrix range     [1e+00, 8e+01]
  Objective range  [1e+00, 1e+00]
  Bounds range     [1e+00, 8e+01]
  RHS range        [1e+00, 1e+01]
Presolve removed 163 rows and 167 columns
Presolve time: 0.00s
Presolved: 180 rows, 123 columns, 618 nonzeros
Variable types: 21 continuous, 102 integer (102 binary)
Found heuristic solution: objective 71.0000000

Root relaxation: objective 2.400000e+01, 78 iterations, 0.00 seconds (0.00 work units)

    Nodes    |    Current Node    |     Objective Bounds      |     Work
 Expl Unexpl |  Obj  Depth IntInf | Incumbent    BestBd   Gap | It/Node Time

     0     0   24.00000    0   20   71.00000   24.00000  66.2%     -    0s
     0     0   26.51023    0   55   71.00000   26.51023  62.7%     -    0s
H    0     0                      68.0000000   29.07766  57.2%     -    0s
H    0     0                      67.0000000   29.07766  56.6%     -    0s
     0     0   29.07766    0   55   67.00000   29.07766  56.6%     -    0s
     0     0   29.40349    0   57   67.00000   29.40349  56.1%     -    0s
     0     0   31.09528    0   54   67.00000   31.09528  53.6%     -    0s
     0     0   31.09528    0   54   67.00000   31.09528  53.6%     -    0s
     0     0   31.09528    0   44   67.00000   31.09528  53.6%     -    0s
     0     0   31.09528    0   45   67.00000   31.09528  53.6%     -    0s
     0     0   31.09528    0   46   67.00000   31.09528  53.6%     -    0s
     0     0   31.09528    0   45   67.00000   31.09528  53.6%     -    0s
     0     0   31.09528    0   41   67.00000   31.09528  53.6%     -    0s
     0     0   31.09528    0   59   67.00000   31.09528  53.6%     -    0s
     0     0   31.09528    0   52   67.00000   31.09528  53.6%     -    0s
     0     0   31.09528    0   49   67.00000   31.09528  53.6%     -    0s
     0     0   31.09528    0   53   67.00000   31.09528  53.6%     -    0s
     0     0   31.09528    0   60   67.00000   31.09528  53.6%     -    0s
     0     0   31.09528    0   53   67.00000   31.09528  53.6%     -    0s
     0     0   31.09528    0   51   67.00000   31.09528  53.6%     -    0s
     0     0   31.09528    0   53   67.00000   31.09528  53.6%     -    0s
     0     0   31.09528    0   57   67.00000   31.09528  53.6%     -    0s
     0     0   31.09528    0   55   67.00000   31.09528  53.6%     -    0s
     0     0   31.09528    0   53   67.00000   31.09528  53.6%     -    0s
     0     0   31.09528    0   38   67.00000   31.09528  53.6%     -    0s
     0     2   31.35593    0   34   67.00000   31.35593  53.2%     -    0s
H   62    53                      66.0000000   32.31546  51.0%  12.1    0s
*   95    73              24      63.0000000   32.31546  48.7%  11.8    0s
*  269   179              24      63.0000000   35.70880  43.3%  12.8    0s
 18779  3951   55.00000   26   14   63.00000   55.00000  12.7%   9.2    5s
 47095  4578     cutoff   49        63.00000   55.00000  12.7%   8.7   10s
 87916  7747   62.00000   43    5   63.00000   58.00000  7.94%   7.6   15s
 135345  8620   62.00000   45    5   63.00000   59.00000  6.35%   6.9   20s
 189150  1150   62.00000   39    9   63.00000   62.00000  1.59%   6.2   25s

Cutting planes:
  Gomory: 3
  Cover: 3
  MIR: 14
  Flow cover: 17
  Inf proof: 1
  Relax-and-lift: 1

Explored 193527 nodes (1199330 simplex iterations) in 25.56 seconds (19.40 work units)
Thread count was 1 (of 96 available processors)

Solution count 7: 63 63 63 ... 71

Optimal solution found (tolerance 1.00e-04)
Best objective 6.300000000000e+01, best bound 6.300000000000e+01, gap 0.0000%

Instance 12_4, formulation reagg, reform MIP:
  Rect 0: x = 28.00, y = 1.00
  Rect 1: x = 35.00, y = 10.00
  Rect 2: x = 1.00, y = 8.00
  Rect 3: x = 19.00, y = 10.00
  Rect 4: x = 59.00, y = 10.00
  Rect 5: x = 4.00, y = 10.00
  Rect 6: x = 0.00, y = 6.00
  Rect 7: x = 46.00, y = 10.00
  Rect 8: x = 8.00, y = 10.00
  Rect 9: x = 24.00, y = 10.00
  Rect 10: x = 28.00, y = 10.00
  Rect 11: x = 19.00, y = 6.00
  → saved figures to strip_figures/12_4_reagg_MIP.png and strip_figures/12_4_reagg_MIP.pdf
Set parameter TokenServer to value "mooring.ecn.purdue.edu"
Read LP format model from file /tmp/tmpgj82j_1l.pyomo.lp
Reading time = 0.00 seconds
x290: 343 rows, 290 columns, 1741 nonzeros
Set parameter TimeLimit to value 1800
Set parameter Threads to value 1
Gurobi Optimizer version 11.0.0 build v11.0.0rc2 (linux64 - "Oracle Linux Server 9.6")

CPU model: AMD EPYC 7643 48-Core Processor, instruction set [SSE2|AVX|AVX2]
Thread count: 48 physical cores, 96 logical processors, using up to 1 threads

Optimize a model with 343 rows, 290 columns and 1741 nonzeros
Model fingerprint: 0xe0cd9bc6
Variable types: 26 continuous, 264 integer (264 binary)
Coefficient statistics:
  Matrix range     [1e+00, 8e+01]
  Objective range  [1e+00, 1e+00]
  Bounds range     [1e+00, 8e+01]
  RHS range        [1e+00, 1e+01]
Presolve removed 163 rows and 167 columns
Presolve time: 0.00s
Presolved: 180 rows, 123 columns, 606 nonzeros
Variable types: 21 continuous, 102 integer (102 binary)
Found heuristic solution: objective 67.0000000

Root relaxation: objective 2.400000e+01, 74 iterations, 0.00 seconds (0.00 work units)

    Nodes    |    Current Node    |     Objective Bounds      |     Work
 Expl Unexpl |  Obj  Depth IntInf | Incumbent    BestBd   Gap | It/Node Time

     0     0   24.00000    0   22   67.00000   24.00000  64.2%     -    0s
H    0     0                      63.0000000   24.00000  61.9%     -    0s
     0     0   28.90244    0   60   63.00000   28.90244  54.1%     -    0s
     0     0   28.90244    0   57   63.00000   28.90244  54.1%     -    0s
     0     0   28.92271    0   64   63.00000   28.92271  54.1%     -    0s
     0     0   29.85589    0   56   63.00000   29.85589  52.6%     -    0s
     0     0   29.85627    0   57   63.00000   29.85627  52.6%     -    0s
     0     0   30.16971    0   62   63.00000   30.16971  52.1%     -    0s
     0     0   30.36047    0   61   63.00000   30.36047  51.8%     -    0s
     0     0   30.36047    0   58   63.00000   30.36047  51.8%     -    0s
     0     0   30.36047    0   63   63.00000   30.36047  51.8%     -    0s
     0     0   31.56818    0   63   63.00000   31.56818  49.9%     -    0s
     0     0   31.56818    0   64   63.00000   31.56818  49.9%     -    0s
     0     0   31.56818    0   66   63.00000   31.56818  49.9%     -    0s
     0     0   31.56818    0   65   63.00000   31.56818  49.9%     -    0s
     0     0   31.56818    0   65   63.00000   31.56818  49.9%     -    0s
     0     0   31.56818    0   69   63.00000   31.56818  49.9%     -    0s
     0     0   31.56818    0   69   63.00000   31.56818  49.9%     -    0s
     0     0   31.56818    0   68   63.00000   31.56818  49.9%     -    0s
     0     0   31.56818    0   69   63.00000   31.56818  49.9%     -    0s
     0     0   31.56818    0   70   63.00000   31.56818  49.9%     -    0s
     0     0   31.56818    0   70   63.00000   31.56818  49.9%     -    0s
     0     0   31.56818    0   61   63.00000   31.56818  49.9%     -    0s
     0     0   31.56818    0   58   63.00000   31.56818  49.9%     -    0s
     0     0   31.56818    0   60   63.00000   31.56818  49.9%     -    0s
     0     0   31.56818    0   59   63.00000   31.56818  49.9%     -    0s
     0     0   31.56818    0   62   63.00000   31.56818  49.9%     -    0s
     0     0   31.56818    0   59   63.00000   31.56818  49.9%     -    0s
     0     0   31.56818    0   62   63.00000   31.56818  49.9%     -    0s
     0     0   31.56818    0   60   63.00000   31.56818  49.9%     -    0s
     0     0   31.56818    0   60   63.00000   31.56818  49.9%     -    0s
     0     0   31.56818    0   60   63.00000   31.56818  49.9%     -    0s
     0     2   31.56818    0   49   63.00000   31.56818  49.9%     -    0s
H  136    90                      63.0000000   33.53235  46.8%  17.5    0s
 10235  2412   59.00000   23   48   63.00000   48.00000  23.8%  11.8    5s
 20603  3511   59.00000   44    7   63.00000   51.00000  19.0%  13.1   10s
 37811  6486   58.00000   40    8   63.00000   55.01587  12.7%  12.3   15s
 54818  7690   62.00000   41   11   63.00000   59.00000  6.35%  11.8   20s
 75177  8944   59.00000   40    8   63.00000   59.00000  6.35%  11.0   25s
 92143 10037   62.00000   40    5   63.00000   59.02443  6.31%  10.8   30s
 107513  7363   62.00000   43    1   63.00000   62.00000  1.59%  10.6   35s
 121032  4024   62.00000   41    3   63.00000   62.00000  1.59%  10.2   40s
 136566   707     cutoff   44        63.00000   62.00000  1.59%   9.9   45s

Cutting planes:
  Learned: 1
  Gomory: 26
  Cover: 8
  Implied bound: 19
  Clique: 5
  MIR: 116
  Mixing: 1
  StrongCG: 2
  Flow cover: 435
  Inf proof: 45
  RLT: 1
  Relax-and-lift: 3
  PSD: 2

Explored 139496 nodes (1393328 simplex iterations) in 45.99 seconds (41.50 work units)
Thread count was 1 (of 96 available processors)

Solution count 4: 63 63 63 67 

Optimal solution found (tolerance 1.00e-04)
Best objective 6.300000000000e+01, best bound 6.300000000000e+01, gap 0.0000%

Instance 12_4, formulation reagg_tres, reform MIP:
  Rect 0: x = 19.00, y = 10.00
  Rect 1: x = 17.00, y = 9.00
  Rect 2: x = 28.00, y = 8.00
  Rect 3: x = 4.00, y = 4.00
  Rect 4: x = 13.00, y = 10.00
  Rect 5: x = 0.00, y = 10.00
  Rect 6: x = 44.00, y = 6.00
  Rect 7: x = 31.00, y = 10.00
  Rect 8: x = 45.00, y = 10.00
  Rect 9: x = 9.00, y = 4.00
  Rect 10: x = 56.00, y = 7.00
  Rect 11: x = 4.00, y = 10.00
  → saved figures to strip_figures/12_4_reagg_tres_MIP.png and strip_figures/12_4_reagg_tres_MIP.pdf
Set parameter TokenServer to value "mooring.ecn.purdue.edu"
Read LP format model from file /tmp/tmpotg6qv5r.pyomo.lp
Reading time = 0.00 seconds
x290: 871 rows, 290 columns, 2137 nonzeros
Set parameter TimeLimit to value 1800
Set parameter Threads to value 1
Gurobi Optimizer version 11.0.0 build v11.0.0rc2 (linux64 - "Oracle Linux Server 9.6")

CPU model: AMD EPYC 7643 48-Core Processor, instruction set [SSE2|AVX|AVX2]
Thread count: 48 physical cores, 96 logical processors, using up to 1 threads

Optimize a model with 871 rows, 290 columns and 2137 nonzeros
Model fingerprint: 0x63ab14eb
Variable types: 26 continuous, 264 integer (264 binary)
Coefficient statistics:
  Matrix range     [1e+00, 1e+02]
  Objective range  [1e+00, 1e+00]
  Bounds range     [1e+00, 1e+02]
  RHS range        [1e+00, 1e+02]
Presolve removed 652 rows and 125 columns
Presolve time: 0.00s
Presolved: 219 rows, 165 columns, 670 nonzeros
Variable types: 24 continuous, 141 integer (141 binary)
Found heuristic solution: objective 108.0000000

Root relaxation: objective 2.600000e+01, 85 iterations, 0.00 seconds (0.00 work units)

    Nodes    |    Current Node    |     Objective Bounds      |     Work
 Expl Unexpl |  Obj  Depth IntInf | Incumbent    BestBd   Gap | It/Node Time

     0     0   26.00000    0   20  108.00000   26.00000  75.9%     -    0s
H    0     0                      91.0000000   26.00000  71.4%     -    0s
     0     0   51.14816    0   37   91.00000   51.14816  43.8%     -    0s
     0     0   52.82967    0   37   91.00000   52.82967  41.9%     -    0s
     0     0   52.82967    0   37   91.00000   52.82967  41.9%     -    0s
     0     0   54.03001    0   36   91.00000   54.03001  40.6%     -    0s
     0     0   55.45032    0   36   91.00000   55.45032  39.1%     -    0s
     0     0   55.45032    0   37   91.00000   55.45032  39.1%     -    0s
     0     0   55.45032    0   36   91.00000   55.45032  39.1%     -    0s
     0     0   55.45032    0   35   91.00000   55.45032  39.1%     -    0s
     0     0   55.45032    0   36   91.00000   55.45032  39.1%     -    0s
     0     0   55.45032    0   37   91.00000   55.45032  39.1%     -    0s
     0     0   55.45032    0   37   91.00000   55.45032  39.1%     -    0s
     0     0   55.45032    0   36   91.00000   55.45032  39.1%     -    0s
     0     0   55.45032    0   35   91.00000   55.45032  39.1%     -    0s
     0     0   55.45032    0   35   91.00000   55.45032  39.1%     -    0s
     0     0   55.73324    0   35   91.00000   55.73324  38.8%     -    0s
     0     0   55.73324    0   35   91.00000   55.73324  38.8%     -    0s
     0     0   56.35735    0   35   91.00000   56.35735  38.1%     -    0s
     0     2   56.35735    0   34   91.00000   56.35735  38.1%     -    0s
H  990   338                      91.0000000   63.68282  30.0%  11.9    0s

Cutting planes:
  Gomory: 27
  Cover: 35
  Implied bound: 9
  Clique: 9
  MIR: 31
  Flow cover: 42
  Inf proof: 45
  RLT: 4
  Relax-and-lift: 3

Explored 3259 nodes (41488 simplex iterations) in 1.34 seconds (1.00 work units)
Thread count was 1 (of 96 available processors)

Solution count 3: 91 91 108 

Optimal solution found (tolerance 1.00e-04)
Best objective 9.099999999080e+01, best bound 9.099999999080e+01, gap 0.0000%

Instance 12_5, formulation altered, reform bigm:
  Rect 0: x = 73.00, y = 10.00
  Rect 1: x = 7.00, y = 1.00
  Rect 2: x = 64.00, y = 10.00
  Rect 3: x = 36.00, y = 10.00
  Rect 4: x = 78.00, y = 10.00
  Rect 5: x = 81.00, y = 4.00
  Rect 6: x = 24.00, y = 10.00
  Rect 7: x = 0.00, y = 3.00
  Rect 8: x = 0.00, y = 9.00
  Rect 9: x = 56.00, y = 10.00
  Rect 10: x = 45.00, y = 10.00
  Rect 11: x = 11.00, y = 10.00
  → saved figures to strip_figures/12_5_altered_bigm.png and strip_figures/12_5_altered_bigm.pdf
Set parameter TokenServer to value "mooring.ecn.purdue.edu"
Read LP format model from file /tmp/tmp5ziwsf4n.pyomo.lp
Reading time = 0.00 seconds
x1346: 2719 rows, 1346 columns, 7131 nonzeros
Set parameter TimeLimit to value 1800
Set parameter Threads to value 1
Gurobi Optimizer version 11.0.0 build v11.0.0rc2 (linux64 - "Oracle Linux Server 9.6")

CPU model: AMD EPYC 7643 48-Core Processor, instruction set [SSE2|AVX|AVX2]
Thread count: 48 physical cores, 96 logical processors, using up to 1 threads

Optimize a model with 2719 rows, 1346 columns and 7131 nonzeros
Model fingerprint: 0xc634a278
Variable types: 1082 continuous, 264 integer (264 binary)
Coefficient statistics:
  Matrix range     [1e+00, 1e+02]
  Objective range  [1e+00, 1e+00]
  Bounds range     [1e+00, 1e+02]
  RHS range        [1e+00, 1e+01]
Presolve removed 1222 rows and 607 columns
Presolve time: 0.01s
Presolved: 1497 rows, 739 columns, 3956 nonzeros
Variable types: 598 continuous, 141 integer (141 binary)
Found heuristic solution: objective 111.0000000
Found heuristic solution: objective 91.0000000

Root relaxation: objective 2.600000e+01, 368 iterations, 0.01 seconds (0.01 work units)

    Nodes    |    Current Node    |     Objective Bounds      |     Work
 Expl Unexpl |  Obj  Depth IntInf | Incumbent    BestBd   Gap | It/Node Time

     0     0   26.00000    0   55   91.00000   26.00000  71.4%     -    0s
     0     0   26.00000    0   83   91.00000   26.00000  71.4%     -    0s
     0     0   26.00000    0   79   91.00000   26.00000  71.4%     -    0s
     0     0   26.00000    0   40   91.00000   26.00000  71.4%     -    0s
     0     0   27.84091    0   41   91.00000   27.84091  69.4%     -    0s
     0     0   27.84091    0   34   91.00000   27.84091  69.4%     -    0s
     0     0   27.84091    0   35   91.00000   27.84091  69.4%     -    0s
     0     0   27.84091    0   36   91.00000   27.84091  69.4%     -    0s
     0     0   27.84091    0   62   91.00000   27.84091  69.4%     -    0s
     0     0   27.84091    0   43   91.00000   27.84091  69.4%     -    0s
     0     0   27.84091    0   40   91.00000   27.84091  69.4%     -    0s
     0     0   27.84091    0   42   91.00000   27.84091  69.4%     -    0s
     0     0   27.84091    0   41   91.00000   27.84091  69.4%     -    0s
     0     0   27.84091    0   43   91.00000   27.84091  69.4%     -    0s
     0     0   27.84091    0   43   91.00000   27.84091  69.4%     -    0s
     0     0   27.84091    0   40   91.00000   27.84091  69.4%     -    0s
     0     0   27.84091    0   47   91.00000   27.84091  69.4%     -    0s
     0     0   27.84091    0   48   91.00000   27.84091  69.4%     -    0s
     0     0   27.84091    0   50   91.00000   27.84091  69.4%     -    0s
     0     0   27.84091    0   43   91.00000   27.84091  69.4%     -    0s
     0     0   27.84091    0   62   91.00000   27.84091  69.4%     -    0s
     0     0   27.84091    0   40   91.00000   27.84091  69.4%     -    0s
     0     0   27.84091    0   39   91.00000   27.84091  69.4%     -    0s
     0     2   27.84091    0   34   91.00000   27.84091  69.4%     -    0s
  7468  3190   75.00000   31    5   91.00000   58.00000  36.3%  12.8    5s
 10656  4388   86.00000   37   30   91.00000   60.00000  34.1%  13.2   10s
 17465  5999   86.00000   48   26   91.00000   60.00000  34.1%  15.7   15s
 25505  7668   86.00000   43   14   91.00000   66.00000  27.5%  17.0   20s
 33688 10762   78.00000   38   22   91.00000   69.00000  24.2%  17.2   25s
 42575 14190   86.00000   49   10   91.00000   69.00000  24.2%  17.7   30s
 49928 15655     cutoff   41        91.00000   75.00000  17.6%  18.3   35s
 59598 16708   77.00000   40   23   91.00000   77.00000  15.4%  17.7   40s
 68703 18267     cutoff   41        91.00000   77.00000  15.4%  17.4   45s
H70344 18538                      91.0000000   77.00000  15.4%  17.4   46s
 75204 18872   86.36842   39   23   91.00000   78.00000  14.3%  17.4   50s
 83380 19639   81.20000   44   14   91.00000   78.00000  14.3%  17.2   55s
 93227 20527   86.00000   44   25   91.00000   78.00000  14.3%  17.1   60s
 103691 21517   86.00000   36   10   91.00000   78.00000  14.3%  16.8   65s
 114443 22271   78.00000   40   27   91.00000   78.00000  14.3%  16.5   70s
 122393 22446   86.00000   42   32   91.00000   78.00000  14.3%  16.4   75s
 130575 20958     cutoff   43        91.00000   86.00000  5.49%  16.4   80s
 141985 18201     cutoff   41        91.00000   86.00000  5.49%  15.8   85s
 151899 16118   86.00000   41   28   91.00000   86.00000  5.49%  15.4   90s
 160298 14433     cutoff   43        91.00000   86.00000  5.49%  15.3   95s
 169740 12601   86.00000   40   10   91.00000   86.00000  5.49%  15.1  100s
 179326 10844     cutoff   42        91.00000   86.00000  5.49%  15.0  105s
 188911  9254     cutoff   42        91.00000   86.00000  5.49%  14.9  110s
 197554  7794   86.00000   47   20   91.00000   86.00000  5.49%  14.8  115s
 206473  6374     cutoff   43        91.00000   86.00000  5.49%  14.7  120s
 215072  4900   86.00000   40   19   91.00000   86.00000  5.49%  14.7  125s
 222906  3543     cutoff   41        91.00000   86.00000  5.49%  14.6  130s
 232589  1611   86.00000   39   37   91.00000   86.00000  5.49%  14.5  135s

Cutting planes:
  Gomory: 4
  Cover: 2
  Implied bound: 3
  Projected implied bound: 2
  Clique: 4
  MIR: 4
  Flow cover: 38
  RLT: 14
  BQP: 1
  PSD: 4

Explored 240960 nodes (3492103 simplex iterations) in 139.65 seconds (126.12 work units)
Thread count was 1 (of 96 available processors)

Solution count 4: 91 91 91 111 

Optimal solution found (tolerance 1.00e-04)
Best objective 9.100000000000e+01, best bound 9.100000000000e+01, gap 0.0000%

Instance 12_5, formulation altered, reform hull:
  Rect 0: x = 0.00, y = 10.00
  Rect 1: x = 31.00, y = 1.00
  Rect 2: x = 5.00, y = 10.00
  Rect 3: x = 14.00, y = 10.00
  Rect 4: x = 48.00, y = 10.00
  Rect 5: x = 14.00, y = 4.00
  Rect 6: x = 23.00, y = 10.00
  Rect 7: x = 24.00, y = 3.00
  Rect 8: x = 72.00, y = 10.00
  Rect 9: x = 83.00, y = 10.00
  Rect 10: x = 61.00, y = 10.00
  Rect 11: x = 35.00, y = 10.00
  → saved figures to strip_figures/12_5_altered_hull.png and strip_figures/12_5_altered_hull.pdf
Set parameter TokenServer to value "mooring.ecn.purdue.edu"
Read LP format model from file /tmp/tmpi0msy8jx.pyomo.lp
Reading time = 0.00 seconds
x290: 871 rows, 290 columns, 2137 nonzeros
Set parameter TimeLimit to value 1800
Set parameter Threads to value 1
Gurobi Optimizer version 11.0.0 build v11.0.0rc2 (linux64 - "Oracle Linux Server 9.6")

CPU model: AMD EPYC 7643 48-Core Processor, instruction set [SSE2|AVX|AVX2]
Thread count: 48 physical cores, 96 logical processors, using up to 1 threads

Optimize a model with 871 rows, 290 columns and 2137 nonzeros
Model fingerprint: 0x63ab14eb
Variable types: 26 continuous, 264 integer (264 binary)
Coefficient statistics:
  Matrix range     [1e+00, 1e+02]
  Objective range  [1e+00, 1e+00]
  Bounds range     [1e+00, 1e+02]
  RHS range        [1e+00, 1e+02]
Presolve removed 652 rows and 125 columns
Presolve time: 0.00s
Presolved: 219 rows, 165 columns, 670 nonzeros
Variable types: 24 continuous, 141 integer (141 binary)
Found heuristic solution: objective 108.0000000

Root relaxation: objective 2.600000e+01, 85 iterations, 0.00 seconds (0.00 work units)

    Nodes    |    Current Node    |     Objective Bounds      |     Work
 Expl Unexpl |  Obj  Depth IntInf | Incumbent    BestBd   Gap | It/Node Time

     0     0   26.00000    0   20  108.00000   26.00000  75.9%     -    0s
H    0     0                      91.0000000   26.00000  71.4%     -    0s
     0     0   51.14816    0   37   91.00000   51.14816  43.8%     -    0s
     0     0   52.82967    0   37   91.00000   52.82967  41.9%     -    0s
     0     0   52.82967    0   37   91.00000   52.82967  41.9%     -    0s
     0     0   54.03001    0   36   91.00000   54.03001  40.6%     -    0s
     0     0   55.45032    0   36   91.00000   55.45032  39.1%     -    0s
     0     0   55.45032    0   37   91.00000   55.45032  39.1%     -    0s
     0     0   55.45032    0   36   91.00000   55.45032  39.1%     -    0s
     0     0   55.45032    0   35   91.00000   55.45032  39.1%     -    0s
     0     0   55.45032    0   36   91.00000   55.45032  39.1%     -    0s
     0     0   55.45032    0   37   91.00000   55.45032  39.1%     -    0s
     0     0   55.45032    0   37   91.00000   55.45032  39.1%     -    0s
     0     0   55.45032    0   36   91.00000   55.45032  39.1%     -    0s
     0     0   55.45032    0   35   91.00000   55.45032  39.1%     -    0s
     0     0   55.45032    0   35   91.00000   55.45032  39.1%     -    0s
     0     0   55.73324    0   35   91.00000   55.73324  38.8%     -    0s
     0     0   55.73324    0   35   91.00000   55.73324  38.8%     -    0s
     0     0   56.35735    0   35   91.00000   56.35735  38.1%     -    0s
     0     2   56.35735    0   34   91.00000   56.35735  38.1%     -    0s
H  990   338                      91.0000000   63.68282  30.0%  11.9    0s

Cutting planes:
  Gomory: 27
  Cover: 35
  Implied bound: 9
  Clique: 9
  MIR: 31
  Flow cover: 42
  Inf proof: 45
  RLT: 4
  Relax-and-lift: 3

Explored 3259 nodes (41488 simplex iterations) in 1.34 seconds (1.00 work units)
Thread count was 1 (of 96 available processors)

Solution count 3: 91 91 108 

Optimal solution found (tolerance 1.00e-04)
Best objective 9.099999999080e+01, best bound 9.099999999080e+01, gap 0.0000%

Instance 12_5, formulation tres, reform bigm:
  Rect 0: x = 73.00, y = 10.00
  Rect 1: x = 7.00, y = 1.00
  Rect 2: x = 64.00, y = 10.00
  Rect 3: x = 36.00, y = 10.00
  Rect 4: x = 78.00, y = 10.00
  Rect 5: x = 81.00, y = 4.00
  Rect 6: x = 24.00, y = 10.00
  Rect 7: x = 0.00, y = 3.00
  Rect 8: x = 0.00, y = 9.00
  Rect 9: x = 56.00, y = 10.00
  Rect 10: x = 45.00, y = 10.00
  Rect 11: x = 11.00, y = 10.00
  → saved figures to strip_figures/12_5_tres_bigm.png and strip_figures/12_5_tres_bigm.pdf
Set parameter TokenServer to value "mooring.ecn.purdue.edu"
Read LP format model from file /tmp/tmpmg7ruhna.pyomo.lp
Reading time = 0.00 seconds
x1346: 2719 rows, 1346 columns, 7131 nonzeros
Set parameter TimeLimit to value 1800
Set parameter Threads to value 1
Gurobi Optimizer version 11.0.0 build v11.0.0rc2 (linux64 - "Oracle Linux Server 9.6")

CPU model: AMD EPYC 7643 48-Core Processor, instruction set [SSE2|AVX|AVX2]
Thread count: 48 physical cores, 96 logical processors, using up to 1 threads

Optimize a model with 2719 rows, 1346 columns and 7131 nonzeros
Model fingerprint: 0xc634a278
Variable types: 1082 continuous, 264 integer (264 binary)
Coefficient statistics:
  Matrix range     [1e+00, 1e+02]
  Objective range  [1e+00, 1e+00]
  Bounds range     [1e+00, 1e+02]
  RHS range        [1e+00, 1e+01]
Presolve removed 1222 rows and 607 columns
Presolve time: 0.01s
Presolved: 1497 rows, 739 columns, 3956 nonzeros
Variable types: 598 continuous, 141 integer (141 binary)
Found heuristic solution: objective 111.0000000
Found heuristic solution: objective 91.0000000

Root relaxation: objective 2.600000e+01, 368 iterations, 0.01 seconds (0.01 work units)

    Nodes    |    Current Node    |     Objective Bounds      |     Work
 Expl Unexpl |  Obj  Depth IntInf | Incumbent    BestBd   Gap | It/Node Time

     0     0   26.00000    0   55   91.00000   26.00000  71.4%     -    0s
     0     0   26.00000    0   83   91.00000   26.00000  71.4%     -    0s
     0     0   26.00000    0   79   91.00000   26.00000  71.4%     -    0s
     0     0   26.00000    0   40   91.00000   26.00000  71.4%     -    0s
     0     0   27.84091    0   41   91.00000   27.84091  69.4%     -    0s
     0     0   27.84091    0   34   91.00000   27.84091  69.4%     -    0s
     0     0   27.84091    0   35   91.00000   27.84091  69.4%     -    0s
     0     0   27.84091    0   36   91.00000   27.84091  69.4%     -    0s
     0     0   27.84091    0   62   91.00000   27.84091  69.4%     -    0s
     0     0   27.84091    0   43   91.00000   27.84091  69.4%     -    0s
     0     0   27.84091    0   40   91.00000   27.84091  69.4%     -    0s
     0     0   27.84091    0   42   91.00000   27.84091  69.4%     -    0s
     0     0   27.84091    0   41   91.00000   27.84091  69.4%     -    0s
     0     0   27.84091    0   43   91.00000   27.84091  69.4%     -    0s
     0     0   27.84091    0   43   91.00000   27.84091  69.4%     -    0s
     0     0   27.84091    0   40   91.00000   27.84091  69.4%     -    0s
     0     0   27.84091    0   47   91.00000   27.84091  69.4%     -    0s
     0     0   27.84091    0   48   91.00000   27.84091  69.4%     -    0s
     0     0   27.84091    0   50   91.00000   27.84091  69.4%     -    0s
     0     0   27.84091    0   43   91.00000   27.84091  69.4%     -    0s
     0     0   27.84091    0   62   91.00000   27.84091  69.4%     -    0s
     0     0   27.84091    0   40   91.00000   27.84091  69.4%     -    0s
     0     0   27.84091    0   39   91.00000   27.84091  69.4%     -    0s
     0     2   27.84091    0   34   91.00000   27.84091  69.4%     -    0s
  7410  3163   66.00000   22   24   91.00000   58.00000  36.3%  12.8    5s
 10610  4370   66.00000   35   13   91.00000   60.00000  34.1%  13.2   10s
 17406  5976   86.00000   50   22   91.00000   60.00000  34.1%  15.7   15s
 25446  7652   73.00000   37   34   91.00000   66.00000  27.5%  17.0   20s
 33462 10654   86.00000   42   19   91.00000   69.00000  24.2%  17.3   25s
 42389 14108   86.00000   45   16   91.00000   69.00000  24.2%  17.7   30s
 49730 15642   86.00000   36    7   91.00000   75.00000  17.6%  18.3   35s
 59440 16690     cutoff   41        91.00000   77.00000  15.4%  17.7   40s
 68517 18241     cutoff   47        91.00000   77.00000  15.4%  17.4   45s
H70344 18538                      91.0000000   77.00000  15.4%  17.4   46s
 75048 18838   86.00000   39    6   91.00000   78.00000  14.3%  17.4   50s
 83098 19604   78.00000   37   13   91.00000   78.00000  14.3%  17.2   55s
 92980 20512   83.00000   39   10   91.00000   78.00000  14.3%  17.1   60s
 103430 21497   86.00000   42   12   91.00000   78.00000  14.3%  16.8   65s
 114178 22256   86.00000   40   19   91.00000   78.00000  14.3%  16.5   70s
 122165 22427   83.00000   40   31   91.00000   78.00000  14.3%  16.4   75s
 130323 21000     cutoff   43        91.00000   86.00000  5.49%  16.4   80s
 141696 18260   86.00000   37   15   91.00000   86.00000  5.49%  15.8   85s
 151662 16163   86.00000   41   10   91.00000   86.00000  5.49%  15.4   90s
 160102 14479   86.00000   42   11   91.00000   86.00000  5.49%  15.3   95s
 169523 12634     cutoff   42        91.00000   86.00000  5.49%  15.1  100s
 179039 10919   86.00000   38   11   91.00000   86.00000  5.49%  15.0  105s
 188610  9292     cutoff   44        91.00000   86.00000  5.49%  14.9  110s
 197254  7833   86.00000   40   18   91.00000   86.00000  5.49%  14.8  115s
 206410  6389     cutoff   42        91.00000   86.00000  5.49%  14.7  120s
 214774  4949   86.00000   40   20   91.00000   86.00000  5.49%  14.7  125s
 222557  3623     cutoff   44        91.00000   86.00000  5.49%  14.7  130s
 232264  1670   86.00000   44   30   91.00000   86.00000  5.49%  14.5  135s

Cutting planes:
  Gomory: 4
  Cover: 2
  Implied bound: 3
  Projected implied bound: 2
  Clique: 4
  MIR: 4
  Flow cover: 38
  RLT: 14
  BQP: 1
  PSD: 4

Explored 240960 nodes (3492103 simplex iterations) in 139.84 seconds (126.12 work units)
Thread count was 1 (of 96 available processors)

Solution count 4: 91 91 91 111 

Optimal solution found (tolerance 1.00e-04)
Best objective 9.100000000000e+01, best bound 9.100000000000e+01, gap 0.0000%

Instance 12_5, formulation tres, reform hull:
  Rect 0: x = 0.00, y = 10.00
  Rect 1: x = 31.00, y = 1.00
  Rect 2: x = 5.00, y = 10.00
  Rect 3: x = 14.00, y = 10.00
  Rect 4: x = 48.00, y = 10.00
  Rect 5: x = 14.00, y = 4.00
  Rect 6: x = 23.00, y = 10.00
  Rect 7: x = 24.00, y = 3.00
  Rect 8: x = 72.00, y = 10.00
  Rect 9: x = 83.00, y = 10.00
  Rect 10: x = 61.00, y = 10.00
  Rect 11: x = 35.00, y = 10.00
  → saved figures to strip_figures/12_5_tres_hull.png and strip_figures/12_5_tres_hull.pdf
Set parameter TokenServer to value "mooring.ecn.purdue.edu"
Read LP format model from file /tmp/tmp63s6msct.pyomo.lp
Reading time = 0.00 seconds
x290: 343 rows, 290 columns, 1840 nonzeros
Set parameter TimeLimit to value 1800
Set parameter Threads to value 1
Gurobi Optimizer version 11.0.0 build v11.0.0rc2 (linux64 - "Oracle Linux Server 9.6")

CPU model: AMD EPYC 7643 48-Core Processor, instruction set [SSE2|AVX|AVX2]
Thread count: 48 physical cores, 96 logical processors, using up to 1 threads

Optimize a model with 343 rows, 290 columns and 1840 nonzeros
Model fingerprint: 0x8df26cb2
Variable types: 26 continuous, 264 integer (264 binary)
Coefficient statistics:
  Matrix range     [1e+00, 1e+02]
  Objective range  [1e+00, 1e+00]
  Bounds range     [1e+00, 1e+02]
  RHS range        [1e+00, 1e+01]
Presolve removed 124 rows and 125 columns
Presolve time: 0.00s
Presolved: 219 rows, 165 columns, 826 nonzeros
Variable types: 24 continuous, 141 integer (141 binary)
Found heuristic solution: objective 91.0000000

Root relaxation: objective 2.600000e+01, 88 iterations, 0.00 seconds (0.00 work units)

    Nodes    |    Current Node    |     Objective Bounds      |     Work
 Expl Unexpl |  Obj  Depth IntInf | Incumbent    BestBd   Gap | It/Node Time

     0     0   26.00000    0   21   91.00000   26.00000  71.4%     -    0s
     0     0   52.82967    0   37   91.00000   52.82967  41.9%     -    0s
     0     0   53.51648    0   37   91.00000   53.51648  41.2%     -    0s
     0     0   54.09543    0   35   91.00000   54.09543  40.6%     -    0s
     0     0   55.52800    0   35   91.00000   55.52800  39.0%     -    0s
     0     0   55.52800    0   35   91.00000   55.52800  39.0%     -    0s
     0     0   55.71456    0   36   91.00000   55.71456  38.8%     -    0s
     0     0   55.71456    0   36   91.00000   55.71456  38.8%     -    0s
     0     0   55.71456    0   36   91.00000   55.71456  38.8%     -    0s
     0     0   55.71456    0   35   91.00000   55.71456  38.8%     -    0s
     0     0   55.71456    0   35   91.00000   55.71456  38.8%     -    0s
     0     0   55.71456    0   35   91.00000   55.71456  38.8%     -    0s
     0     0   55.71456    0   36   91.00000   55.71456  38.8%     -    0s
     0     0   55.71456    0   36   91.00000   55.71456  38.8%     -    0s
     0     0   55.71456    0   36   91.00000   55.71456  38.8%     -    0s
     0     0   55.71456    0   36   91.00000   55.71456  38.8%     -    0s
     0     0   55.71456    0   36   91.00000   55.71456  38.8%     -    0s
     0     2   55.71456    0   36   91.00000   55.71456  38.8%     -    0s

Cutting planes:
  Gomory: 21
  Implied bound: 4
  MIR: 24
  Flow cover: 21
  Inf proof: 63
  RLT: 1

Explored 3666 nodes (38494 simplex iterations) in 1.29 seconds (0.94 work units)
Thread count was 1 (of 96 available processors)

Solution count 1: 91 

Optimal solution found (tolerance 1.00e-04)
Best objective 9.100000000000e+01, best bound 9.100000000000e+01, gap 0.0000%

Instance 12_5, formulation reagg, reform MIP:
  Rect 0: x = 54.00, y = 10.00
  Rect 1: x = 7.00, y = 1.00
  Rect 2: x = 0.00, y = 10.00
  Rect 3: x = 9.00, y = 10.00
  Rect 4: x = 18.00, y = 10.00
  Rect 5: x = 10.00, y = 4.00
  Rect 6: x = 31.00, y = 10.00
  Rect 7: x = 0.00, y = 3.00
  Rect 8: x = 43.00, y = 9.00
  Rect 9: x = 59.00, y = 10.00
  Rect 10: x = 67.00, y = 10.00
  Rect 11: x = 78.00, y = 10.00
  → saved figures to strip_figures/12_5_reagg_MIP.png and strip_figures/12_5_reagg_MIP.pdf
Set parameter TokenServer to value "mooring.ecn.purdue.edu"
Read LP format model from file /tmp/tmp8i8ifuwo.pyomo.lp
Reading time = 0.00 seconds
x290: 343 rows, 290 columns, 1840 nonzeros
Set parameter TimeLimit to value 1800
Set parameter Threads to value 1
Gurobi Optimizer version 11.0.0 build v11.0.0rc2 (linux64 - "Oracle Linux Server 9.6")

CPU model: AMD EPYC 7643 48-Core Processor, instruction set [SSE2|AVX|AVX2]
Thread count: 48 physical cores, 96 logical processors, using up to 1 threads

Optimize a model with 343 rows, 290 columns and 1840 nonzeros
Model fingerprint: 0x0995a2d5
Variable types: 26 continuous, 264 integer (264 binary)
Coefficient statistics:
  Matrix range     [1e+00, 1e+02]
  Objective range  [1e+00, 1e+00]
  Bounds range     [1e+00, 1e+02]
  RHS range        [1e+00, 1e+01]
Presolve removed 124 rows and 125 columns
Presolve time: 0.00s
Presolved: 219 rows, 165 columns, 801 nonzeros
Variable types: 24 continuous, 141 integer (141 binary)
Found heuristic solution: objective 111.0000000

Root relaxation: objective 2.600000e+01, 86 iterations, 0.00 seconds (0.00 work units)

    Nodes    |    Current Node    |     Objective Bounds      |     Work
 Expl Unexpl |  Obj  Depth IntInf | Incumbent    BestBd   Gap | It/Node Time

     0     0   26.00000    0   28  111.00000   26.00000  76.6%     -    0s
H    0     0                      91.0000000   26.00000  71.4%     -    0s
     0     0   52.04396    0   66   91.00000   52.04396  42.8%     -    0s
     0     0   53.90110    0   55   91.00000   53.90110  40.8%     -    0s
     0     0   54.28155    0   56   91.00000   54.28155  40.3%     -    0s
     0     0   54.28155    0   56   91.00000   54.28155  40.3%     -    0s
     0     0   54.28155    0   54   91.00000   54.28155  40.3%     -    0s
     0     0   54.28155    0   53   91.00000   54.28155  40.3%     -    0s
     0     0   54.28155    0   54   91.00000   54.28155  40.3%     -    0s
     0     0   54.58048    0   55   91.00000   54.58048  40.0%     -    0s
     0     0   54.58048    0   56   91.00000   54.58048  40.0%     -    0s
     0     0   54.58048    0   42   91.00000   54.58048  40.0%     -    0s
     0     2   54.58048    0   42   91.00000   54.58048  40.0%     -    0s
H 1382   387                      91.0000000   65.30608  28.2%  14.9    0s

Cutting planes:
  Learned: 1
  Gomory: 35
  Cover: 7
  Implied bound: 23
  MIR: 25
  Flow cover: 55
  Inf proof: 68
  RLT: 1

Explored 5406 nodes (62823 simplex iterations) in 2.05 seconds (1.67 work units)
Thread count was 1 (of 96 available processors)

Solution count 3: 91 91 111 

Optimal solution found (tolerance 1.00e-04)
Best objective 9.099999999080e+01, best bound 9.099999642908e+01, gap 0.0000%

Instance 12_5, formulation reagg_tres, reform MIP:
  Rect 0: x = 37.00, y = 10.00
  Rect 1: x = 0.00, y = 10.00
  Rect 2: x = 20.00, y = 7.00
  Rect 3: x = 11.00, y = 6.00
  Rect 4: x = 54.00, y = 6.00
  Rect 5: x = 1.00, y = 4.00
  Rect 6: x = 42.00, y = 6.00
  Rect 7: x = 11.00, y = 10.00
  Rect 8: x = 0.00, y = 9.00
  Rect 9: x = 29.00, y = 7.00
  Rect 10: x = 80.00, y = 6.00
  Rect 11: x = 67.00, y = 6.00
  → saved figures to strip_figures/12_5_reagg_tres_MIP.png and strip_figures/12_5_reagg_tres_MIP.pdf
Set parameter TokenServer to value "mooring.ecn.purdue.edu"
Read LP format model from file /tmp/tmphdbrbqfi.pyomo.lp
Reading time = 0.00 seconds
x340: 1028 rows, 340 columns, 2523 nonzeros
Set parameter TimeLimit to value 1800
Set parameter Threads to value 1
Gurobi Optimizer version 11.0.0 build v11.0.0rc2 (linux64 - "Oracle Linux Server 9.6")

CPU model: AMD EPYC 7643 48-Core Processor, instruction set [SSE2|AVX|AVX2]
Thread count: 48 physical cores, 96 logical processors, using up to 1 threads

Optimize a model with 1028 rows, 340 columns and 2523 nonzeros
Model fingerprint: 0x5ba4aace
Variable types: 28 continuous, 312 integer (312 binary)
Coefficient statistics:
  Matrix range     [1e+00, 1e+02]
  Objective range  [1e+00, 1e+00]
  Bounds range     [1e+00, 1e+02]
  RHS range        [1e+00, 1e+02]
Presolve removed 799 rows and 177 columns
Presolve time: 0.00s
Presolved: 229 rows, 163 columns, 694 nonzeros
Variable types: 25 continuous, 138 integer (138 binary)
Found heuristic solution: objective 107.0000000

Root relaxation: objective 3.000000e+01, 89 iterations, 0.00 seconds (0.00 work units)

    Nodes    |    Current Node    |     Objective Bounds      |     Work
 Expl Unexpl |  Obj  Depth IntInf | Incumbent    BestBd   Gap | It/Node Time

     0     0   30.00000    0   25  107.00000   30.00000  72.0%     -    0s
H    0     0                      99.0000000   30.00000  69.7%     -    0s
     0     0   30.00000    0   51   99.00000   30.00000  69.7%     -    0s
H    0     0                      95.0000000   30.00000  68.4%     -    0s
H    0     0                      94.0000000   30.00000  68.1%     -    0s
     0     0   30.00000    0   52   94.00000   30.00000  68.1%     -    0s
     0     0   39.19444    0   29   94.00000   39.19444  58.3%     -    0s
H    0     0                      86.0000000   42.25000  50.9%     -    0s
     0     0   42.25000    0   25   86.00000   42.25000  50.9%     -    0s
     0     0   42.25000    0   28   86.00000   42.25000  50.9%     -    0s
     0     0   42.25000    0   22   86.00000   42.25000  50.9%     -    0s
     0     0   42.25000    0   28   86.00000   42.25000  50.9%     -    0s
     0     0   42.25000    0   38   86.00000   42.25000  50.9%     -    0s
     0     0   42.25000    0   23   86.00000   42.25000  50.9%     -    0s
H    0     0                      83.0000000   42.25000  49.1%     -    0s
     0     0   42.25000    0   37   83.00000   42.25000  49.1%     -    0s
     0     0   42.25000    0   22   83.00000   42.25000  49.1%     -    0s
     0     0   42.25000    0   22   83.00000   42.25000  49.1%     -    0s
H    0     0                      82.0000000   42.25000  48.5%     -    0s
     0     2   42.25000    0   22   82.00000   42.25000  48.5%     -    0s
H  157   119                      81.0000000   45.00000  44.4%  10.8    0s
H  417   291                      81.0000000   46.54054  42.5%   9.3    0s
 10281  3120   69.00000   28   14   81.00000   59.00000  27.2%   8.8    5s
 29736  6805   74.00000   46    8   81.00000   65.00000  19.8%   7.8   10s
 75278 17928   77.00000   34    4   81.00000   69.00000  14.8%   5.9   15s
 122687 25398     cutoff   47        81.00000   69.00000  14.8%   5.4   20s
 157204 30591   69.00000   38    7   81.00000   69.00000  14.8%   5.5   25s
 204972 33927   77.00000   41    5   81.00000   72.00000  11.1%   5.2   30s
 255145 34614   77.00000   40    4   81.00000   73.00000  9.88%   4.9   35s
 304985 33680     cutoff   40        81.00000   74.00000  8.64%   4.8   40s
 348083 32736   78.00000   51   14   81.00000   74.00000  8.64%   4.7   45s
 378457 29940     cutoff   42        81.00000   76.00000  6.17%   4.8   50s
 420428 18137   77.00000   39    4   81.00000   77.00000  4.94%   4.7   55s
 465398  3841   78.00000   42    9   81.00000   78.00000  3.70%   4.6   60s

Cutting planes:
  Gomory: 1
  Cover: 7
  Implied bound: 2
  Clique: 7
  MIR: 6
  Flow cover: 9
  RLT: 2

Explored 476693 nodes (2180240 simplex iterations) in 61.41 seconds (47.89 work units)
Thread count was 1 (of 96 available processors)

Solution count 9: 81 81 82 ... 107

Optimal solution found (tolerance 1.00e-04)
Best objective 8.100000000000e+01, best bound 8.100000000000e+01, gap 0.0000%

Instance 13_1, formulation altered, reform bigm:
  Rect 0: x = 23.00, y = 3.00
  Rect 1: x = 0.00, y = 12.00
  Rect 2: x = 66.00, y = 10.00
  Rect 3: x = 52.00, y = 12.00
  Rect 4: x = 53.00, y = 12.00
  Rect 5: x = 52.00, y = 8.00
  Rect 6: x = 48.00, y = 12.00
  Rect 7: x = 20.00, y = 11.00
  Rect 8: x = 23.00, y = 12.00
  Rect 9: x = 5.00, y = 12.00
  Rect 10: x = 62.00, y = 10.00
  Rect 11: x = 34.00, y = 12.00
  Rect 12: x = 5.00, y = 7.00
  → saved figures to strip_figures/13_1_altered_bigm.png and strip_figures/13_1_altered_bigm.pdf
Set parameter TokenServer to value "mooring.ecn.purdue.edu"
Read LP format model from file /tmp/tmp4w2qkf_1.pyomo.lp
Reading time = 0.00 seconds
x1588: 3212 rows, 1588 columns, 8403 nonzeros
Set parameter TimeLimit to value 1800
Set parameter Threads to value 1
Gurobi Optimizer version 11.0.0 build v11.0.0rc2 (linux64 - "Oracle Linux Server 9.6")

CPU model: AMD EPYC 7643 48-Core Processor, instruction set [SSE2|AVX|AVX2]
Thread count: 48 physical cores, 96 logical processors, using up to 1 threads

Optimize a model with 3212 rows, 1588 columns and 8403 nonzeros
Model fingerprint: 0x39ebc184
Variable types: 1276 continuous, 312 integer (312 binary)
Coefficient statistics:
  Matrix range     [1e+00, 1e+02]
  Objective range  [1e+00, 1e+00]
  Bounds range     [1e+00, 1e+02]
  RHS range        [1e+00, 2e+01]
Presolve removed 1701 rows and 869 columns
Presolve time: 0.01s
Presolved: 1511 rows, 719 columns, 4010 nonzeros
Variable types: 581 continuous, 138 integer (138 binary)
Found heuristic solution: objective 108.0000000

Root relaxation: objective 3.000000e+01, 309 iterations, 0.00 seconds (0.00 work units)

    Nodes    |    Current Node    |     Objective Bounds      |     Work
 Expl Unexpl |  Obj  Depth IntInf | Incumbent    BestBd   Gap | It/Node Time

     0     0   30.00000    0   33  108.00000   30.00000  72.2%     -    0s
H    0     0                     103.0000000   30.00000  70.9%     -    0s
     0     0   30.00000    0   58  103.00000   30.00000  70.9%     -    0s
H    0     0                      99.0000000   30.00000  69.7%     -    0s
     0     0   30.00000    0   56   99.00000   30.00000  69.7%     -    0s
     0     0   30.00000    0   48   99.00000   30.00000  69.7%     -    0s
     0     0   30.00000    0   49   99.00000   30.00000  69.7%     -    0s
     0     0   30.00000    0   40   99.00000   30.00000  69.7%     -    0s
     0     0   30.00000    0   40   99.00000   30.00000  69.7%     -    0s
H    0     0                      95.0000000   30.00000  68.4%     -    0s
     0     2   30.00000    0   40   95.00000   30.00000  68.4%     -    0s
H   54    51                      86.0000000   32.12069  62.7%  34.3    0s
*  131   111              50      85.0000000   33.04167  61.1%  22.9    0s
*  770   537              45      84.0000000   40.00000  52.4%  26.8    1s
*  841   536              45      83.0000000   40.00000  51.8%  26.8    1s
*  908   525              43      81.0000000   41.00000  49.4%  26.7    1s
H 1380   617                      81.0000000   47.00000  42.0%  27.6    2s
  4789  2016   76.00000   31   41   81.00000   55.00000  32.1%  24.6    5s
 10049  4265   77.00000   26   24   81.00000   60.00000  25.9%  25.3   10s
 13983  5398   74.00000   30   21   81.00000   65.00000  19.8%  24.9   15s
 20423  8033   70.00000   26   22   81.00000   65.00000  19.8%  25.4   20s
 26237 10246   73.00000   26   42   81.00000   65.00000  19.8%  25.5   25s
 32428 12417   69.00000   30   36   81.00000   65.00000  19.8%  25.1   30s
 38268 13816   68.00000   26   31   81.00000   68.00000  16.0%  25.0   35s
 45932 15501   69.00000   21   27   81.00000   69.00000  14.8%  24.0   40s
 53432 17663   78.00000   31   26   81.00000   69.00000  14.8%  23.7   45s
 61460 19890   78.00000   29   26   81.00000   69.00000  14.8%  23.2   50s
 68870 21782   69.00000   31   21   81.00000   69.00000  14.8%  22.8   55s
 76703 23785   76.00000   26   33   81.00000   69.00000  14.8%  22.3   60s
 82914 25352 infeasible   28        81.00000   69.00000  14.8%  22.3   65s
 89403 26670   73.00000   29   32   81.00000   69.00000  14.8%  22.2   70s
 95648 27984   77.00000   33   23   81.00000   69.00000  14.8%  22.1   75s
 101653 29355   73.00000   31   35   81.00000   69.00000  14.8%  22.1   80s
 107737 30789   74.00000   27   27   81.00000   69.00000  14.8%  22.1   85s
 113629 32128   78.00000   28   31   81.00000   69.00000  14.8%  22.0   90s
 119734 33376   78.00000   34   29   81.00000   70.00000  13.6%  22.2   95s
 125845 34368     cutoff   35        81.00000   70.00000  13.6%  22.1  100s
 131054 35311   74.00000   27   28   81.00000   70.00000  13.6%  22.2  105s
 136774 36134   72.00000   26    8   81.00000   72.00000  11.1%  22.2  110s
H141837 36532                      80.9999490   72.00000  11.1%  22.2  114s
 142498 36552 infeasible   28        80.99995   72.00000  11.1%  22.2  115s
*146250 36649              41      80.9999490   72.00000  11.1%  22.3  119s
 147357 36689   76.00000   28   32   80.99995   72.00000  11.1%  22.3  120s
 155202 37084   78.00000   35   27   80.99995   72.00000  11.1%  22.0  125s
 163232 37521   73.00000   31   34   80.99995   72.00000  11.1%  21.7  130s
 170597 37847   73.00000   27   27   80.99995   73.00000  9.88%  21.5  135s
 178118 38465   78.00000   35   25   80.99995   73.00000  9.88%  21.4  140s
 186009 39117 infeasible   20        80.99995   73.00000  9.88%  21.3  145s
 193474 39810   78.00000   29   21   80.99995   73.00000  9.88%  21.2  150s
 201099 40288   78.00000   30   25   80.99995   73.00000  9.88%  21.1  155s
 208308 40792 infeasible   28        80.99995   73.00000  9.88%  21.0  160s
 216610 41451   78.00000   27   33   80.99995   73.00000  9.88%  20.8  165s
 223807 42114   78.00000   31   38   80.99995   73.00000  9.88%  20.7  170s
 231212 42689   78.00000   30   26   80.99995   73.00000  9.88%  20.6  175s
 238557 43333   78.00000   26   39   80.99995   73.00000  9.88%  20.5  180s
 245918 43785   78.00000   31   35   80.99995   73.00000  9.88%  20.4  185s
 252651 44288   78.00000   30   26   80.99995   73.00000  9.88%  20.4  190s
 260181 44754   77.00000   34   11   80.99995   74.00000  8.64%  20.3  195s
 268012 45209   78.00000   36   17   80.99995   74.00000  8.64%  20.3  200s
 275348 45632   79.00000   30   16   80.99995   74.00000  8.64%  20.3  205s
 282863 46112     cutoff   39        80.99995   74.00000  8.64%  20.2  210s
 290161 46442   78.00000   37   25   80.99995   74.00000  8.64%  20.2  215s
 297540 46700   74.00000   35   22   80.99995   74.00000  8.64%  20.1  220s
 305213 47045   77.00000   31   34   80.99995   74.00000  8.64%  20.1  225s
 312136 47264   78.64286   36   25   80.99995   74.00000  8.64%  20.1  230s
 319521 47508   78.00000   31   28   80.99995   74.00000  8.64%  20.0  235s
 325184 47758 infeasible   27        80.99995   74.00000  8.64%  20.0  240s
 330671 47921     cutoff   36        80.99995   74.00000  8.64%  20.1  245s
 335631 47938     cutoff   33        80.99995   74.00000  8.64%  20.2  250s
 341042 47962     cutoff   29        80.99995   74.00000  8.64%  20.2  255s
 345698 48072   77.99995   29   34   80.99995   74.00000  8.64%  20.3  260s
 351006 48064   74.00000   34   18   80.99995   74.00000  8.64%  20.3  265s
 355939 48039   78.00000   31   30   80.99995   74.00000  8.64%  20.4  270s
 360497 47946   78.00000   35   37   80.99995   74.00000  8.64%  20.5  275s
 365235 47954 infeasible   39        80.99995   74.00000  8.64%  20.5  280s
 370193 47999   74.00000   32   27   80.99995   74.00000  8.64%  20.6  285s
 374987 47207   76.00000   35   18   80.99995   76.00000  6.17%  20.7  290s
 379697 45906     cutoff   25        80.99995   76.00000  6.17%  20.7  295s
 384998 44413   76.00000   28   25   80.99995   76.00000  6.17%  20.7  300s
 389957 42970     cutoff   32        80.99995   76.00000  6.17%  20.7  305s
 394832 41436   77.00000   25   34   80.99995   77.00000  4.94%  20.7  310s
 399190 39981 infeasible   34        80.99995   77.00000  4.94%  20.7  315s
 404178 38278   77.00000   27   36   80.99995   77.00000  4.94%  20.7  320s
 409478 36780 infeasible   31        80.99995   78.00000  3.70%  20.8  325s
 414464 35786   78.00000   27   24   80.99995   78.00000  3.70%  20.8  330s
 419615 34638     cutoff   32        80.99995   78.00000  3.70%  20.9  335s
 424532 33603   78.00000   29   18   80.99995   78.00000  3.70%  20.9  340s
 429493 32706   78.00000   29   37   80.99995   78.00000  3.70%  21.0  345s
 434293 31746   78.00000   35   34   80.99995   78.00000  3.70%  21.1  350s
 439244 30627   78.00000   34   37   80.99995   78.00000  3.70%  21.1  355s
 444262 29506 infeasible   23        80.99995   78.00000  3.70%  21.2  360s
 449700 28098   78.00000   31   24   80.99995   78.00000  3.70%  21.2  365s
 455070 26724   78.00000   28   27   80.99995   78.00000  3.70%  21.2  370s
 460500 25433   78.00000   30   23   80.99995   78.00000  3.70%  21.2  375s
 465311 24279 infeasible   28        80.99995   78.00000  3.70%  21.2  380s
 470499 23072   78.00000   28   36   80.99995   78.00000  3.70%  21.3  385s
 476100 21855 infeasible   35        80.99995   78.00000  3.70%  21.3  390s
 481116 20792   78.00000   30   25   80.99995   78.00000  3.70%  21.3  395s
 486468 19650   78.00000   32   22   80.99995   78.00000  3.70%  21.3  400s
 491399 18556   78.00000   29   22   80.99995   78.00000  3.70%  21.3  405s
 496445 17457   78.00000   32   26   80.99995   78.00000  3.70%  21.4  410s
 501356 16426     cutoff   35        80.99995   78.00000  3.70%  21.4  415s
 506608 15347   78.00000   40   19   80.99995   78.00000  3.70%  21.4  420s
 511699 14189     cutoff   24        80.99995   78.00000  3.70%  21.4  425s
 516635 13032 infeasible   36        80.99995   78.00000  3.70%  21.4  430s
 521852 11707 infeasible   41        80.99995   78.00000  3.70%  21.4  435s
 526657 10541   78.00000   30   38   80.99995   78.00000  3.70%  21.5  440s
 531451  9329   78.00000   32   29   80.99995   78.00000  3.70%  21.5  445s
 536611  8086   78.00000   38   31   80.99995   78.00000  3.70%  21.5  450s
 541188  6864     cutoff   38        80.99995   78.00000  3.70%  21.5  455s
 546308  5552     cutoff   31        80.99995   78.00000  3.70%  21.5  460s
 552850  1577 infeasible   27        80.99995   79.00000  2.47%  21.4  465s

Cutting planes:
  Cover: 14
  Implied bound: 15
  Clique: 4
  MIR: 5
  Flow cover: 3
  RLT: 12
  Relax-and-lift: 1

Explored 554428 nodes (11865840 simplex iterations) in 465.81 seconds (406.64 work units)
Thread count was 1 (of 96 available processors)

Solution count 10: 80.9999 80.9999 81 ... 99

Optimal solution found (tolerance 1.00e-04)
Best objective 8.100000000000e+01, best bound 8.100000000000e+01, gap 0.0000%

Instance 13_1, formulation altered, reform hull:
  Rect 0: x = 10.00, y = 3.00
  Rect 1: x = 25.00, y = 12.00
  Rect 2: x = 63.00, y = 10.00
  Rect 3: x = 5.00, y = 11.00
  Rect 4: x = 0.00, y = 12.00
  Rect 5: x = 0.00, y = 8.00
  Rect 6: x = 21.00, y = 12.00
  Rect 7: x = 78.00, y = 11.00
  Rect 8: x = 10.00, y = 12.00
  Rect 9: x = 30.00, y = 5.00
  Rect 10: x = 59.00, y = 10.00
  Rect 11: x = 45.00, y = 12.00
  Rect 12: x = 30.00, y = 12.00
  → saved figures to strip_figures/13_1_altered_hull.png and strip_figures/13_1_altered_hull.pdf
Set parameter TokenServer to value "mooring.ecn.purdue.edu"
Read LP format model from file /tmp/tmpwub9lhfe.pyomo.lp
Reading time = 0.00 seconds
x340: 1028 rows, 340 columns, 2523 nonzeros
Set parameter TimeLimit to value 1800
Set parameter Threads to value 1
Gurobi Optimizer version 11.0.0 build v11.0.0rc2 (linux64 - "Oracle Linux Server 9.6")

CPU model: AMD EPYC 7643 48-Core Processor, instruction set [SSE2|AVX|AVX2]
Thread count: 48 physical cores, 96 logical processors, using up to 1 threads

Optimize a model with 1028 rows, 340 columns and 2523 nonzeros
Model fingerprint: 0x5ba4aace
Variable types: 28 continuous, 312 integer (312 binary)
Coefficient statistics:
  Matrix range     [1e+00, 1e+02]
  Objective range  [1e+00, 1e+00]
  Bounds range     [1e+00, 1e+02]
  RHS range        [1e+00, 1e+02]
Presolve removed 799 rows and 177 columns
Presolve time: 0.00s
Presolved: 229 rows, 163 columns, 694 nonzeros
Variable types: 25 continuous, 138 integer (138 binary)
Found heuristic solution: objective 107.0000000

Root relaxation: objective 3.000000e+01, 89 iterations, 0.00 seconds (0.00 work units)

    Nodes    |    Current Node    |     Objective Bounds      |     Work
 Expl Unexpl |  Obj  Depth IntInf | Incumbent    BestBd   Gap | It/Node Time

     0     0   30.00000    0   25  107.00000   30.00000  72.0%     -    0s
H    0     0                      99.0000000   30.00000  69.7%     -    0s
     0     0   30.00000    0   51   99.00000   30.00000  69.7%     -    0s
H    0     0                      95.0000000   30.00000  68.4%     -    0s
H    0     0                      94.0000000   30.00000  68.1%     -    0s
     0     0   30.00000    0   52   94.00000   30.00000  68.1%     -    0s
     0     0   39.19444    0   29   94.00000   39.19444  58.3%     -    0s
H    0     0                      86.0000000   42.25000  50.9%     -    0s
     0     0   42.25000    0   25   86.00000   42.25000  50.9%     -    0s
     0     0   42.25000    0   28   86.00000   42.25000  50.9%     -    0s
     0     0   42.25000    0   22   86.00000   42.25000  50.9%     -    0s
     0     0   42.25000    0   28   86.00000   42.25000  50.9%     -    0s
     0     0   42.25000    0   38   86.00000   42.25000  50.9%     -    0s
     0     0   42.25000    0   23   86.00000   42.25000  50.9%     -    0s
H    0     0                      83.0000000   42.25000  49.1%     -    0s
     0     0   42.25000    0   37   83.00000   42.25000  49.1%     -    0s
     0     0   42.25000    0   22   83.00000   42.25000  49.1%     -    0s
     0     0   42.25000    0   22   83.00000   42.25000  49.1%     -    0s
H    0     0                      82.0000000   42.25000  48.5%     -    0s
     0     2   42.25000    0   22   82.00000   42.25000  48.5%     -    0s
H  157   119                      81.0000000   45.00000  44.4%  10.8    0s
H  417   291                      81.0000000   46.54054  42.5%   9.3    0s
 10279  3119   74.00000   30   14   81.00000   59.00000  27.2%   8.8    5s
 28741  6444   73.00000   40    5   81.00000   65.00000  19.8%   7.8   10s
 72697 17527   77.00000   46    4   81.00000   69.00000  14.8%   6.0   15s
 119444 24958   78.00000   45    9   81.00000   69.00000  14.8%   5.4   20s
 153843 30017   74.00000   41    5   81.00000   69.00000  14.8%   5.5   25s
 198661 33742   72.00000   36    4   81.00000   72.00000  11.1%   5.2   30s
 248552 34698   77.00000   38    5   81.00000   73.00000  9.88%   5.0   35s
 296885 33961   77.00000   40    6   81.00000   74.00000  8.64%   4.8   40s
 341997 32894   74.00000   41    9   81.00000   74.00000  8.64%   4.7   45s
 372291 31755   77.00000   42   19   81.00000   74.00000  8.64%   4.8   50s
 408061 21244   77.00000   40    3   81.00000   77.00000  4.94%   4.7   55s
 454896  7321     cutoff   39        81.00000   78.00000  3.70%   4.6   60s

Cutting planes:
  Gomory: 1
  Cover: 7
  Implied bound: 2
  Clique: 7
  MIR: 6
  Flow cover: 9
  RLT: 2

Explored 476693 nodes (2180240 simplex iterations) in 62.75 seconds (47.89 work units)
Thread count was 1 (of 96 available processors)

Solution count 9: 81 81 82 ... 107

Optimal solution found (tolerance 1.00e-04)
Best objective 8.100000000000e+01, best bound 8.100000000000e+01, gap 0.0000%

Instance 13_1, formulation tres, reform bigm:
  Rect 0: x = 23.00, y = 3.00
  Rect 1: x = 0.00, y = 12.00
  Rect 2: x = 66.00, y = 10.00
  Rect 3: x = 52.00, y = 12.00
  Rect 4: x = 53.00, y = 12.00
  Rect 5: x = 52.00, y = 8.00
  Rect 6: x = 48.00, y = 12.00
  Rect 7: x = 20.00, y = 11.00
  Rect 8: x = 23.00, y = 12.00
  Rect 9: x = 5.00, y = 12.00
  Rect 10: x = 62.00, y = 10.00
  Rect 11: x = 34.00, y = 12.00
  Rect 12: x = 5.00, y = 7.00
  → saved figures to strip_figures/13_1_tres_bigm.png and strip_figures/13_1_tres_bigm.pdf
Set parameter TokenServer to value "mooring.ecn.purdue.edu"
Read LP format model from file /tmp/tmpfq2wdf1g.pyomo.lp
Reading time = 0.00 seconds
x1588: 3212 rows, 1588 columns, 8403 nonzeros
Set parameter TimeLimit to value 1800
Set parameter Threads to value 1
Gurobi Optimizer version 11.0.0 build v11.0.0rc2 (linux64 - "Oracle Linux Server 9.6")

CPU model: AMD EPYC 7643 48-Core Processor, instruction set [SSE2|AVX|AVX2]
Thread count: 48 physical cores, 96 logical processors, using up to 1 threads

Optimize a model with 3212 rows, 1588 columns and 8403 nonzeros
Model fingerprint: 0x39ebc184
Variable types: 1276 continuous, 312 integer (312 binary)
Coefficient statistics:
  Matrix range     [1e+00, 1e+02]
  Objective range  [1e+00, 1e+00]
  Bounds range     [1e+00, 1e+02]
  RHS range        [1e+00, 2e+01]
Presolve removed 1701 rows and 869 columns
Presolve time: 0.01s
Presolved: 1511 rows, 719 columns, 4010 nonzeros
Variable types: 581 continuous, 138 integer (138 binary)
Found heuristic solution: objective 108.0000000

Root relaxation: objective 3.000000e+01, 309 iterations, 0.00 seconds (0.00 work units)

    Nodes    |    Current Node    |     Objective Bounds      |     Work
 Expl Unexpl |  Obj  Depth IntInf | Incumbent    BestBd   Gap | It/Node Time

     0     0   30.00000    0   33  108.00000   30.00000  72.2%     -    0s
H    0     0                     103.0000000   30.00000  70.9%     -    0s
     0     0   30.00000    0   58  103.00000   30.00000  70.9%     -    0s
H    0     0                      99.0000000   30.00000  69.7%     -    0s
     0     0   30.00000    0   56   99.00000   30.00000  69.7%     -    0s
     0     0   30.00000    0   48   99.00000   30.00000  69.7%     -    0s
     0     0   30.00000    0   49   99.00000   30.00000  69.7%     -    0s
     0     0   30.00000    0   40   99.00000   30.00000  69.7%     -    0s
     0     0   30.00000    0   40   99.00000   30.00000  69.7%     -    0s
H    0     0                      95.0000000   30.00000  68.4%     -    0s
     0     2   30.00000    0   40   95.00000   30.00000  68.4%     -    0s
H   54    51                      86.0000000   32.12069  62.7%  34.3    0s
*  131   111              50      85.0000000   33.04167  61.1%  22.9    0s
*  770   537              45      84.0000000   40.00000  52.4%  26.8    1s
*  841   536              45      83.0000000   40.00000  51.8%  26.8    1s
*  908   525              43      81.0000000   41.00000  49.4%  26.7    1s
H 1380   617                      81.0000000   47.00000  42.0%  27.6    2s
  4792  2017   55.00000   18   32   81.00000   55.00000  32.1%  24.6    5s
 10104  4272   70.00000   20   17   81.00000   60.00000  25.9%  25.3   10s
 14046  5429   69.00000   20   20   81.00000   65.00000  19.8%  24.9   15s
 20423  8033   70.00000   26   22   81.00000   65.00000  19.8%  25.4   20s
 26293 10265   76.00000   24   33   81.00000   65.00000  19.8%  25.5   25s
 32515 12434   73.00000   30   34   81.00000   65.00000  19.8%  25.0   30s
 38330 13836   76.00000   32   28   81.00000   68.00000  16.0%  25.1   35s
 46034 15527   74.00000   23   23   81.00000   69.00000  14.8%  24.0   40s
 53616 17725   74.00000   28   27   81.00000   69.00000  14.8%  23.7   45s
 61659 19929 infeasible   26        81.00000   69.00000  14.8%  23.2   50s
 69135 21864     cutoff   40        81.00000   69.00000  14.8%  22.8   55s
 76926 23838   78.00000   30   28   81.00000   69.00000  14.8%  22.3   60s
 83169 25386     cutoff   29        81.00000   69.00000  14.8%  22.3   65s
 89681 26696   77.00000   34   37   81.00000   69.00000  14.8%  22.2   70s
 95916 28035   77.00000   37   28   81.00000   69.00000  14.8%  22.1   75s
 101978 29431   69.00000   29   27   81.00000   69.00000  14.8%  22.1   80s
 108090 30868   76.00000   28   33   81.00000   69.00000  14.8%  22.1   85s
 114009 32244   78.00000   25   33   81.00000   69.00000  14.8%  22.1   90s
 120170 33476   79.12500   35   28   81.00000   70.00000  13.6%  22.2   95s
 126298 34451   73.00000   32   30   81.00000   70.00000  13.6%  22.1  100s
 131513 35400   78.00000   33   35   81.00000   70.00000  13.6%  22.2  105s
 137339 36192   77.00000   24   28   81.00000   72.00000  11.1%  22.2  110s
H141837 36532                      80.9999490   72.00000  11.1%  22.2  113s
 142935 36564   76.00000   32   29   80.99995   72.00000  11.1%  22.2  115s
*146250 36649              41      80.9999490   72.00000  11.1%  22.3  118s
 147742 36722     cutoff   36        80.99995   72.00000  11.1%  22.3  120s
 156026 37147     cutoff   37        80.99995   72.00000  11.1%  22.0  125s
 163882 37561 infeasible   27        80.99995   72.00000  11.1%  21.7  130s
 171403 37913   78.00000   34   26   80.99995   73.00000  9.88%  21.5  135s
 179210 38565   78.00000   29   28   80.99995   73.00000  9.88%  21.4  140s
 187060 39200   76.00000   26   18   80.99995   73.00000  9.88%  21.3  145s
 194363 39861   74.00000   26   33   80.99995   73.00000  9.88%  21.2  150s
 202234 40354     cutoff   27        80.99995   73.00000  9.88%  21.1  155s
 209541 40854   78.00000   31   22   80.99995   73.00000  9.88%  20.9  160s
 218013 41627   74.00000   32   42   80.99995   73.00000  9.88%  20.8  165s
 225104 42236   76.00000   34   38   80.99995   73.00000  9.88%  20.7  170s
 232658 42776     cutoff   35        80.99995   73.00000  9.88%  20.6  175s
 239899 43423   78.00000   32   37   80.99995   73.00000  9.88%  20.5  180s
 247395 43885     cutoff   37        80.99995   73.00000  9.88%  20.4  185s
 254237 44433     cutoff   33        80.99995   73.00000  9.88%  20.4  190s
 261903 44919 infeasible   22        80.99995   74.00000  8.64%  20.3  195s
 269538 45243   74.00000   24   26   80.99995   74.00000  8.64%  20.3  200s
 277150 45712   78.00000   36   22   80.99995   74.00000  8.64%  20.3  205s
 284593 46132   74.00000   27   22   80.99995   74.00000  8.64%  20.2  210s
 292035 46522   74.00000   26   24   80.99995   74.00000  8.64%  20.2  215s
 299429 46794   78.00000   30   24   80.99995   74.00000  8.64%  20.1  220s
 306989 47085   77.00000   37   26   80.99995   74.00000  8.64%  20.1  225s
 314168 47376   74.00000   30   29   80.99995   74.00000  8.64%  20.1  230s
 321321 47618 infeasible   33        80.99995   74.00000  8.64%  20.0  235s
 326761 47759   77.00000   29   34   80.99995   74.00000  8.64%  20.0  240s
 332150 47955   78.00000   30   41   80.99995   74.00000  8.64%  20.1  245s
 336982 47922   78.00000   29   32   80.99995   74.00000  8.64%  20.2  250s
 342056 48000   78.00000   34   36   80.99995   74.00000  8.64%  20.2  255s
 347186 48098   74.00000   24   24   80.99995   74.00000  8.64%  20.3  260s
 352405 48083 infeasible   33        80.99995   74.00000  8.64%  20.3  265s
 357017 47977 infeasible   27        80.99995   74.00000  8.64%  20.4  270s
 361947 47931   78.00000   33   24   80.99995   74.00000  8.64%  20.5  275s
 366538 47925     cutoff   34        80.99995   74.00000  8.64%  20.6  280s
 371679 48004   78.00000   30   29   80.99995   74.00000  8.64%  20.6  285s
 376209 46924   76.00000   28   26   80.99995   76.00000  6.17%  20.7  290s
 381445 45493 infeasible   30        80.99995   76.00000  6.17%  20.7  295s
 386419 43977   76.00000   34   31   80.99995   76.00000  6.17%  20.7  300s
 391299 42504 infeasible   30        80.99995   76.00000  6.17%  20.7  305s
 395957 41078 infeasible   40        80.99995   77.00000  4.94%  20.7  310s
 400966 39373 infeasible   41        80.99995   77.00000  4.94%  20.7  315s
 405604 37763   78.00000   28   34   80.99995   77.00000  4.94%  20.8  320s
 411122 36474   78.00000   26   19   80.99995   78.00000  3.70%  20.8  325s
 416380 35369   78.00000   27   16   80.99995   78.00000  3.70%  20.8  330s
 421491 34239   78.00000   31   17   80.99995   78.00000  3.70%  20.9  335s
 426393 33240   78.00000   33   22   80.99995   78.00000  3.70%  21.0  340s
 431151 32375 infeasible   32        80.99995   78.00000  3.70%  21.1  345s
 436110 31343 infeasible   29        80.99995   78.00000  3.70%  21.1  350s
 441177 30195   78.00000   31   21   80.99995   78.00000  3.70%  21.2  355s
 446296 28982   78.00000   33   18   80.99995   78.00000  3.70%  21.2  360s
 451603 27618     cutoff   33        80.99995   78.00000  3.70%  21.2  365s
 456995 26239   78.00000   36   24   80.99995   78.00000  3.70%  21.2  370s
 461952 25069   78.00000   36   23   80.99995   78.00000  3.70%  21.2  375s
 467327 23789   78.00000   28   41   80.99995   78.00000  3.70%  21.3  380s
 472689 22597   78.00000   33   13   80.99995   78.00000  3.70%  21.3  385s
 478113 21426   78.00000   38   34   80.99995   78.00000  3.70%  21.3  390s
 483148 20356   78.00000   27   31   80.99995   78.00000  3.70%  21.3  395s
 488420 19197   78.00000   27   32   80.99995   78.00000  3.70%  21.3  400s
 493331 18161   78.00000   26   41   80.99995   78.00000  3.70%  21.4  405s
 498403 17053   78.00000   30   25   80.99995   78.00000  3.70%  21.4  410s
 503402 16029   78.00000   27   21   80.99995   78.00000  3.70%  21.4  415s
 508752 14898   78.00000   31   30   80.99995   78.00000  3.70%  21.4  420s
 513814 13710   78.00000   31   28   80.99995   78.00000  3.70%  21.4  425s
 518748 12517 infeasible   37        80.99995   78.00000  3.70%  21.4  430s
 523689 11236   78.00000   30   34   80.99995   78.00000  3.70%  21.4  435s
 528719 10084   78.00000   27   34   80.99995   78.00000  3.70%  21.5  440s
 533559  8820   78.00000   28   39   80.99995   78.00000  3.70%  21.5  445s
 538643  7528   78.00000   31   34   80.99995   78.00000  3.70%  21.5  450s
 543217  6349   78.00000   33   39   80.99995   78.00000  3.70%  21.5  455s
 548394  4976   78.00000   28   28   80.99995   78.00000  3.70%  21.5  460s

Cutting planes:
  Cover: 14
  Implied bound: 15
  Clique: 4
  MIR: 5
  Flow cover: 3
  RLT: 12
  Relax-and-lift: 1

Explored 554428 nodes (11865840 simplex iterations) in 463.79 seconds (406.64 work units)
Thread count was 1 (of 96 available processors)

Solution count 10: 80.9999 80.9999 81 ... 99

Optimal solution found (tolerance 1.00e-04)
Best objective 8.100000000000e+01, best bound 8.100000000000e+01, gap 0.0000%

Instance 13_1, formulation tres, reform hull:
  Rect 0: x = 10.00, y = 3.00
  Rect 1: x = 25.00, y = 12.00
  Rect 2: x = 63.00, y = 10.00
  Rect 3: x = 5.00, y = 11.00
  Rect 4: x = 0.00, y = 12.00
  Rect 5: x = 0.00, y = 8.00
  Rect 6: x = 21.00, y = 12.00
  Rect 7: x = 78.00, y = 11.00
  Rect 8: x = 10.00, y = 12.00
  Rect 9: x = 30.00, y = 5.00
  Rect 10: x = 59.00, y = 10.00
  Rect 11: x = 45.00, y = 12.00
  Rect 12: x = 30.00, y = 12.00
  → saved figures to strip_figures/13_1_tres_hull.png and strip_figures/13_1_tres_hull.pdf
Set parameter TokenServer to value "mooring.ecn.purdue.edu"
Read LP format model from file /tmp/tmp_c0wxg0g.pyomo.lp
Reading time = 0.00 seconds
x340: 404 rows, 340 columns, 2139 nonzeros
Set parameter TimeLimit to value 1800
Set parameter Threads to value 1
Gurobi Optimizer version 11.0.0 build v11.0.0rc2 (linux64 - "Oracle Linux Server 9.6")

CPU model: AMD EPYC 7643 48-Core Processor, instruction set [SSE2|AVX|AVX2]
Thread count: 48 physical cores, 96 logical processors, using up to 1 threads

Optimize a model with 404 rows, 340 columns and 2139 nonzeros
Model fingerprint: 0x035d386e
Variable types: 28 continuous, 312 integer (312 binary)
Coefficient statistics:
  Matrix range     [1e+00, 1e+02]
  Objective range  [1e+00, 1e+00]
  Bounds range     [1e+00, 1e+02]
  RHS range        [1e+00, 2e+01]
Presolve removed 175 rows and 177 columns
Presolve time: 0.00s
Presolved: 229 rows, 163 columns, 826 nonzeros
Variable types: 25 continuous, 138 integer (138 binary)
Found heuristic solution: objective 86.0000000

Root relaxation: objective 3.000000e+01, 84 iterations, 0.00 seconds (0.00 work units)

    Nodes    |    Current Node    |     Objective Bounds      |     Work
 Expl Unexpl |  Obj  Depth IntInf | Incumbent    BestBd   Gap | It/Node Time

     0     0   30.00000    0   24   86.00000   30.00000  65.1%     -    0s
     0     0   34.24490    0   60   86.00000   34.24490  60.2%     -    0s
     0     0   34.24490    0   64   86.00000   34.24490  60.2%     -    0s
     0     0   35.45256    0   71   86.00000   35.45256  58.8%     -    0s
     0     0   38.23085    0   67   86.00000   38.23085  55.5%     -    0s
     0     0   38.23085    0   64   86.00000   38.23085  55.5%     -    0s
     0     0   38.23085    0   55   86.00000   38.23085  55.5%     -    0s
     0     0   38.23085    0   56   86.00000   38.23085  55.5%     -    0s
     0     0   38.23085    0   55   86.00000   38.23085  55.5%     -    0s
     0     0   38.23085    0   54   86.00000   38.23085  55.5%     -    0s
     0     0   38.23085    0   54   86.00000   38.23085  55.5%     -    0s
     0     0   38.23085    0   64   86.00000   38.23085  55.5%     -    0s
     0     0   38.23085    0   61   86.00000   38.23085  55.5%     -    0s
     0     0   38.23085    0   60   86.00000   38.23085  55.5%     -    0s
     0     0   38.23085    0   59   86.00000   38.23085  55.5%     -    0s
     0     0   38.23085    0   51   86.00000   38.23085  55.5%     -    0s
     0     0   38.23085    0   52   86.00000   38.23085  55.5%     -    0s
     0     0   38.23085    0   46   86.00000   38.23085  55.5%     -    0s
     0     0   38.23085    0   53   86.00000   38.23085  55.5%     -    0s
     0     0   38.23085    0   53   86.00000   38.23085  55.5%     -    0s
     0     0   38.23085    0   54   86.00000   38.23085  55.5%     -    0s
     0     0   38.23085    0   51   86.00000   38.23085  55.5%     -    0s
     0     0   38.23085    0   54   86.00000   38.23085  55.5%     -    0s
     0     0   38.23085    0   28   86.00000   38.23085  55.5%     -    0s
     0     2   38.23085    0   23   86.00000   38.23085  55.5%     -    0s
H   78    56                      81.0000000   40.16667  50.4%  10.7    0s
H 3689  1219                      81.0000000   54.00000  33.3%  11.7    1s
 12610  3222   72.00000   34   14   81.00000   60.00000  25.9%   9.7    5s
 56991  9497   77.00000   33    7   81.00000   69.00000  14.8%   6.0   10s
 105149 15505 infeasible   42        81.00000   70.00000  13.6%   5.2   15s
 150602 20458   70.00000   35   12   81.00000   70.00000  13.6%   5.0   20s
 193894 23492   76.00000   41    8   81.00000   72.00000  11.1%   4.9   25s
 245761 24561   77.00000   40    7   81.00000   73.00000  9.88%   4.7   30s
 298712 25869   78.00000   41    8   81.00000   73.00000  9.88%   4.6   35s
 350775 25782   74.00000   40   11   81.00000   74.00000  8.64%   4.5   40s
 392072 25524     cutoff   42        81.00000   74.00000  8.64%   4.5   45s
 428586 25279   74.00000   35   11   81.00000   74.00000  8.64%   4.5   50s
 471656 21669   77.00000   36    6   81.00000   77.00000  4.94%   4.5   55s
 520794 10376   77.00000   36   10   81.00000   77.00000  4.94%   4.4   60s

Cutting planes:
  Cover: 2
  Implied bound: 1
  Clique: 5
  MIR: 9
  Flow cover: 26
  Relax-and-lift: 1

Explored 558701 nodes (2454162 simplex iterations) in 64.38 seconds (48.78 work units)
Thread count was 1 (of 96 available processors)

Solution count 4: 81 81 81 86 

Optimal solution found (tolerance 1.00e-04)
Best objective 8.100000000000e+01, best bound 8.100000000000e+01, gap 0.0000%

Instance 13_1, formulation reagg, reform MIP:
  Rect 0: x = 15.00, y = 3.00
  Rect 1: x = 32.00, y = 12.00
  Rect 2: x = 37.00, y = 12.00
  Rect 3: x = 14.00, y = 1.00
  Rect 4: x = 52.00, y = 4.00
  Rect 5: x = 52.00, y = 12.00
  Rect 6: x = 25.00, y = 12.00
  Rect 7: x = 29.00, y = 12.00
  Rect 8: x = 14.00, y = 12.00
  Rect 9: x = 62.00, y = 5.00
  Rect 10: x = 77.00, y = 12.00
  Rect 11: x = 0.00, y = 12.00
  Rect 12: x = 62.00, y = 12.00
  → saved figures to strip_figures/13_1_reagg_MIP.png and strip_figures/13_1_reagg_MIP.pdf
Set parameter TokenServer to value "mooring.ecn.purdue.edu"
Read LP format model from file /tmp/tmpmhz1bqtb.pyomo.lp
Reading time = 0.00 seconds
x340: 404 rows, 340 columns, 2139 nonzeros
Set parameter TimeLimit to value 1800
Set parameter Threads to value 1
Gurobi Optimizer version 11.0.0 build v11.0.0rc2 (linux64 - "Oracle Linux Server 9.6")

CPU model: AMD EPYC 7643 48-Core Processor, instruction set [SSE2|AVX|AVX2]
Thread count: 48 physical cores, 96 logical processors, using up to 1 threads

Optimize a model with 404 rows, 340 columns and 2139 nonzeros
Model fingerprint: 0x04958f1f
Variable types: 28 continuous, 312 integer (312 binary)
Coefficient statistics:
  Matrix range     [1e+00, 1e+02]
  Objective range  [1e+00, 1e+00]
  Bounds range     [1e+00, 1e+02]
  RHS range        [1e+00, 2e+01]
Presolve removed 175 rows and 177 columns
Presolve time: 0.00s
Presolved: 229 rows, 163 columns, 806 nonzeros
Variable types: 25 continuous, 138 integer (138 binary)
Found heuristic solution: objective 108.0000000
Found heuristic solution: objective 95.0000000

Root relaxation: objective 3.000000e+01, 93 iterations, 0.00 seconds (0.00 work units)

    Nodes    |    Current Node    |     Objective Bounds      |     Work
 Expl Unexpl |  Obj  Depth IntInf | Incumbent    BestBd   Gap | It/Node Time

     0     0   30.00000    0   23   95.00000   30.00000  68.4%     -    0s
H    0     0                      90.0000000   30.00000  66.7%     -    0s
     0     0   34.65385    0   54   90.00000   34.65385  61.5%     -    0s
H    0     0                      85.0000000   41.00000  51.8%     -    0s
     0     0   41.00000    0   54   85.00000   41.00000  51.8%     -    0s
     0     0   41.00000    0   46   85.00000   41.00000  51.8%     -    0s
     0     0   41.00000    0   37   85.00000   41.00000  51.8%     -    0s
     0     0   41.00000    0   33   85.00000   41.00000  51.8%     -    0s
     0     0   41.00000    0   33   85.00000   41.00000  51.8%     -    0s
     0     0   41.00000    0   15   85.00000   41.00000  51.8%     -    0s
     0     0   41.00000    0   24   85.00000   41.00000  51.8%     -    0s
     0     0   41.00000    0   25   85.00000   41.00000  51.8%     -    0s
     0     0   41.00000    0   23   85.00000   41.00000  51.8%     -    0s
     0     0   41.00000    0   30   85.00000   41.00000  51.8%     -    0s
     0     0   41.00000    0   37   85.00000   41.00000  51.8%     -    0s
     0     0   41.00000    0   20   85.00000   41.00000  51.8%     -    0s
     0     0   41.00000    0   20   85.00000   41.00000  51.8%     -    0s
     0     2   41.00000    0   17   85.00000   41.00000  51.8%     -    0s
H   54    46                      81.0000000   41.00000  49.4%   9.9    0s
H  515   315                      81.0000000   41.00000  49.4%   9.0    0s
 30365 10885   77.00000   29   15   81.00000   68.00000  16.0%   5.9    5s
 68996 21810   78.00000   29   24   81.00000   69.00000  14.8%   5.5   10s
 107329 30226   77.00000   29   13   81.00000   73.00000  9.88%   5.4   15s
 140541 33696 infeasible   34        81.00000   74.00000  8.64%   5.4   20s
 185398 39015   78.00000   27   19   81.00000   74.00000  8.64%   5.1   25s
 234709 44660   74.00000   28   21   81.00000   74.00000  8.64%   4.9   30s
 280912 49399   78.00000   29   14   81.00000   74.00000  8.64%   4.8   35s
 327204 53299     cutoff   31        81.00000   74.00000  8.64%   4.7   40s
 364553 56127   78.00000   28   25   81.00000   74.00000  8.64%   4.7   45s
 395813 56351   77.00000   29   15   81.00000   77.00000  4.94%   4.7   50s
 426192 45870   77.00000   31   13   81.00000   77.00000  4.94%   4.7   55s
 455599 37296   77.00000   35   16   81.00000   77.00000  4.94%   4.8   60s
 486172 29525     cutoff   35        81.00000   77.00000  4.94%   4.8   65s
 524619 20161   79.12500   33   15   81.00000   78.00000  3.70%   4.7   70s
 573571  9416   78.00000   29   17   81.00000   78.00000  3.70%   4.6   75s

Cutting planes:
  Gomory: 1
  Implied bound: 2
  MIR: 3
  Flow cover: 4

Explored 610167 nodes (2763967 simplex iterations) in 78.95 seconds (59.28 work units)
Thread count was 1 (of 96 available processors)

Solution count 7: 81 81 81 ... 108

Optimal solution found (tolerance 1.00e-04)
Best objective 8.100000000000e+01, best bound 8.100000000000e+01, gap 0.0000%

Instance 13_1, formulation reagg_tres, reform MIP:
  Rect 0: x = 70.00, y = 12.00
  Rect 1: x = 48.00, y = 12.00
  Rect 2: x = 18.00, y = 10.00
  Rect 3: x = 0.00, y = 12.00
  Rect 4: x = 1.00, y = 12.00
  Rect 5: x = 0.00, y = 8.00
  Rect 6: x = 10.00, y = 9.00
  Rect 7: x = 67.00, y = 11.00
  Rect 8: x = 70.00, y = 9.00
  Rect 9: x = 33.00, y = 12.00
  Rect 10: x = 14.00, y = 10.00
  Rect 11: x = 53.00, y = 12.00
  Rect 12: x = 33.00, y = 7.00
  → saved figures to strip_figures/13_1_reagg_tres_MIP.png and strip_figures/13_1_reagg_tres_MIP.pdf
Set parameter TokenServer to value "mooring.ecn.purdue.edu"
Read LP format model from file /tmp/tmps5ef1bcu.pyomo.lp
Reading time = 0.00 seconds
x340: 1028 rows, 340 columns, 2523 nonzeros
Set parameter TimeLimit to value 1800
Set parameter Threads to value 1
Gurobi Optimizer version 11.0.0 build v11.0.0rc2 (linux64 - "Oracle Linux Server 9.6")

CPU model: AMD EPYC 7643 48-Core Processor, instruction set [SSE2|AVX|AVX2]
Thread count: 48 physical cores, 96 logical processors, using up to 1 threads

Optimize a model with 1028 rows, 340 columns and 2523 nonzeros
Model fingerprint: 0xe0c6e879
Variable types: 28 continuous, 312 integer (312 binary)
Coefficient statistics:
  Matrix range     [1e+00, 1e+02]
  Objective range  [1e+00, 1e+00]
  Bounds range     [1e+00, 9e+01]
  RHS range        [1e+00, 9e+01]
Presolve removed 736 rows and 113 columns
Presolve time: 0.00s
Presolved: 292 rows, 227 columns, 904 nonzeros
Variable types: 26 continuous, 201 integer (201 binary)
Found heuristic solution: objective 84.0000000

Root relaxation: objective 2.400000e+01, 107 iterations, 0.00 seconds (0.00 work units)

    Nodes    |    Current Node    |     Objective Bounds      |     Work
 Expl Unexpl |  Obj  Depth IntInf | Incumbent    BestBd   Gap | It/Node Time

     0     0   24.00000    0   13   84.00000   24.00000  71.4%     -    0s
H    0     0                      55.0000000   24.00000  56.4%     -    0s
     0     0   28.19717    0   41   55.00000   28.19717  48.7%     -    0s
     0     0   29.15680    0   41   55.00000   29.15680  47.0%     -    0s
     0     0   29.15680    0   41   55.00000   29.15680  47.0%     -    0s
     0     0   29.15680    0   42   55.00000   29.15680  47.0%     -    0s
     0     0   30.02326    0   55   55.00000   30.02326  45.4%     -    0s
     0     0   30.02326    0   55   55.00000   30.02326  45.4%     -    0s
     0     0   30.02326    0   55   55.00000   30.02326  45.4%     -    0s
     0     0   30.13980    0   41   55.00000   30.13980  45.2%     -    0s
     0     0   30.26103    0   43   55.00000   30.26103  45.0%     -    0s
     0     0   30.27276    0   45   55.00000   30.27276  45.0%     -    0s
     0     0   30.27665    0   43   55.00000   30.27665  45.0%     -    0s
     0     0   30.28057    0   44   55.00000   30.28057  44.9%     -    0s
     0     0   30.32004    0   46   55.00000   30.32004  44.9%     -    0s
     0     0   30.32624    0   44   55.00000   30.32624  44.9%     -    0s
     0     0   30.32624    0   43   55.00000   30.32624  44.9%     -    0s
     0     0   30.49038    0   38   55.00000   30.49038  44.6%     -    0s
     0     0   30.67975    0   34   55.00000   30.67975  44.2%     -    0s
     0     0   30.67975    0   38   55.00000   30.67975  44.2%     -    0s
     0     0   30.67975    0   74   55.00000   30.67975  44.2%     -    0s
     0     0   30.83792    0   74   55.00000   30.83792  43.9%     -    0s
     0     0   30.83792    0   39   55.00000   30.83792  43.9%     -    0s
     0     0   30.83792    0   86   55.00000   30.83792  43.9%     -    0s
     0     0   30.83792    0   32   55.00000   30.83792  43.9%     -    0s
     0     0   30.83792    0   32   55.00000   30.83792  43.9%     -    0s
     0     0   30.83792    0   34   55.00000   30.83792  43.9%     -    0s
     0     0   30.83792    0   30   55.00000   30.83792  43.9%     -    0s
     0     0   30.83792    0   30   55.00000   30.83792  43.9%     -    0s
     0     2   30.83792    0   30   55.00000   30.83792  43.9%     -    0s
H  104    73                      55.0000000   34.56747  37.2%  13.1    0s
  7986   801   46.00000   28   51   55.00000   46.00000  16.4%  14.9    5s

Cutting planes:
  Learned: 1
  Gomory: 25
  Cover: 72
  Implied bound: 58
  Clique: 49
  MIR: 45
  Flow cover: 47
  Inf proof: 18
  RLT: 4
  Relax-and-lift: 5

Explored 15767 nodes (227854 simplex iterations) in 8.69 seconds (7.39 work units)
Thread count was 1 (of 96 available processors)

Solution count 3: 55 55 84 

Optimal solution found (tolerance 1.00e-04)
Best objective 5.499999999440e+01, best bound 5.499999999440e+01, gap 0.0000%

Instance 13_2, formulation altered, reform bigm:
  Rect 0: x = 4.00, y = 10.00
  Rect 1: x = 14.00, y = 10.00
  Rect 2: x = 13.00, y = 9.00
  Rect 3: x = 42.00, y = 4.00
  Rect 4: x = 29.00, y = 7.00
  Rect 5: x = 0.00, y = 10.00
  Rect 6: x = 19.00, y = 9.00
  Rect 7: x = 38.00, y = 7.00
  Rect 8: x = 8.00, y = 7.00
  Rect 9: x = 27.00, y = 7.00
  Rect 10: x = 51.00, y = 10.00
  Rect 11: x = 29.00, y = 10.00
  Rect 12: x = 4.00, y = 7.00
  → saved figures to strip_figures/13_2_altered_bigm.png and strip_figures/13_2_altered_bigm.pdf
Set parameter TokenServer to value "mooring.ecn.purdue.edu"
Read LP format model from file /tmp/tmpeyb8w7x0.pyomo.lp
Reading time = 0.00 seconds
x1588: 3212 rows, 1588 columns, 8427 nonzeros
Set parameter TimeLimit to value 1800
Set parameter Threads to value 1
Gurobi Optimizer version 11.0.0 build v11.0.0rc2 (linux64 - "Oracle Linux Server 9.6")

CPU model: AMD EPYC 7643 48-Core Processor, instruction set [SSE2|AVX|AVX2]
Thread count: 48 physical cores, 96 logical processors, using up to 1 threads

Optimize a model with 3212 rows, 1588 columns and 8427 nonzeros
Model fingerprint: 0x3d41dc06
Variable types: 1276 continuous, 312 integer (312 binary)
Coefficient statistics:
  Matrix range     [1e+00, 9e+01]
  Objective range  [1e+00, 1e+00]
  Bounds range     [1e+00, 9e+01]
  RHS range        [1e+00, 2e+01]
Presolve removed 1320 rows and 595 columns
Presolve time: 0.02s
Presolved: 1892 rows, 993 columns, 5026 nonzeros
Variable types: 792 continuous, 201 integer (201 binary)
Found heuristic solution: objective 88.0000000
Found heuristic solution: objective 80.0000000
Found heuristic solution: objective 61.0000000

Root relaxation: objective 2.400000e+01, 476 iterations, 0.01 seconds (0.01 work units)

    Nodes    |    Current Node    |     Objective Bounds      |     Work
 Expl Unexpl |  Obj  Depth IntInf | Incumbent    BestBd   Gap | It/Node Time

     0     0   24.00000    0   30   61.00000   24.00000  60.7%     -    0s
     0     0   24.00000    0   37   61.00000   24.00000  60.7%     -    0s
H    0     0                      59.0000000   24.00000  59.3%     -    0s
     0     0   24.00000    0   41   59.00000   24.00000  59.3%     -    0s
     0     0   24.00000    0   32   59.00000   24.00000  59.3%     -    0s
     0     0   24.00000    0   36   59.00000   24.00000  59.3%     -    0s
     0     0   24.00000    0   35   59.00000   24.00000  59.3%     -    0s
     0     0   24.00000    0   67   59.00000   24.00000  59.3%     -    0s
     0     0   24.00000    0   40   59.00000   24.00000  59.3%     -    0s
     0     0   24.00000    0   38   59.00000   24.00000  59.3%     -    0s
H    0     0                      55.0000000   24.00000  56.4%     -    0s
     0     2   24.00000    0   38   55.00000   24.00000  56.4%     -    0s
*  784   457              36      55.0000000   30.00000  45.5%  38.2    2s
  1830   545   51.00000   24    7   55.00000   41.00000  25.5%  26.6    5s
  4285  1070   45.00000   24   18   55.00000   45.00000  18.2%  19.0   10s
  6436  1312     cutoff   27        55.00000   47.00000  14.5%  17.9   15s
  9127  1332     cutoff   28        55.00000   49.00000  10.9%  16.2   20s
 10202  1350     cutoff   32        55.00000   49.00000  10.9%  15.8   26s
 12253  1392   51.00000   28   18   55.00000   49.00000  10.9%  15.2   30s
 15216  1413   49.00000   21   20   55.00000   49.00000  10.9%  14.7   35s
 17517  1317     cutoff   31        55.00000   51.00000  7.27%  15.1   40s
 20337   606     cutoff   25        55.00000   51.00000  7.27%  15.1   45s

Cutting planes:
  Cover: 22
  Implied bound: 8
  Clique: 2
  MIR: 7
  Flow cover: 15
  RLT: 6
  Relax-and-lift: 5

Explored 22779 nodes (345038 simplex iterations) in 49.23 seconds (45.86 work units)
Thread count was 1 (of 96 available processors)

Solution count 6: 55 55 59 ... 88

Optimal solution found (tolerance 1.00e-04)
Best objective 5.499999999440e+01, best bound 5.499999999440e+01, gap 0.0000%

Instance 13_2, formulation altered, reform hull:
  Rect 0: x = 37.00, y = 10.00
  Rect 1: x = 0.00, y = 10.00
  Rect 2: x = 41.00, y = 9.00
  Rect 3: x = 42.00, y = 4.00
  Rect 4: x = 33.00, y = 7.00
  Rect 5: x = 17.00, y = 10.00
  Rect 6: x = 21.00, y = 9.00
  Rect 7: x = 29.00, y = 7.00
  Rect 8: x = 0.00, y = 7.00
  Rect 9: x = 15.00, y = 7.00
  Rect 10: x = 29.00, y = 10.00
  Rect 11: x = 33.00, y = 10.00
  Rect 12: x = 11.00, y = 7.00
  → saved figures to strip_figures/13_2_altered_hull.png and strip_figures/13_2_altered_hull.pdf
Set parameter TokenServer to value "mooring.ecn.purdue.edu"
Read LP format model from file /tmp/tmpmugjw6j7.pyomo.lp
Reading time = 0.00 seconds
x340: 1028 rows, 340 columns, 2523 nonzeros
Set parameter TimeLimit to value 1800
Set parameter Threads to value 1
Gurobi Optimizer version 11.0.0 build v11.0.0rc2 (linux64 - "Oracle Linux Server 9.6")

CPU model: AMD EPYC 7643 48-Core Processor, instruction set [SSE2|AVX|AVX2]
Thread count: 48 physical cores, 96 logical processors, using up to 1 threads

Optimize a model with 1028 rows, 340 columns and 2523 nonzeros
Model fingerprint: 0xe0c6e879
Variable types: 28 continuous, 312 integer (312 binary)
Coefficient statistics:
  Matrix range     [1e+00, 1e+02]
  Objective range  [1e+00, 1e+00]
  Bounds range     [1e+00, 9e+01]
  RHS range        [1e+00, 9e+01]
Presolve removed 736 rows and 113 columns
Presolve time: 0.00s
Presolved: 292 rows, 227 columns, 904 nonzeros
Variable types: 26 continuous, 201 integer (201 binary)
Found heuristic solution: objective 84.0000000

Root relaxation: objective 2.400000e+01, 107 iterations, 0.00 seconds (0.00 work units)

    Nodes    |    Current Node    |     Objective Bounds      |     Work
 Expl Unexpl |  Obj  Depth IntInf | Incumbent    BestBd   Gap | It/Node Time

     0     0   24.00000    0   13   84.00000   24.00000  71.4%     -    0s
H    0     0                      55.0000000   24.00000  56.4%     -    0s
     0     0   28.19717    0   41   55.00000   28.19717  48.7%     -    0s
     0     0   29.15680    0   41   55.00000   29.15680  47.0%     -    0s
     0     0   29.15680    0   41   55.00000   29.15680  47.0%     -    0s
     0     0   29.15680    0   42   55.00000   29.15680  47.0%     -    0s
     0     0   30.02326    0   55   55.00000   30.02326  45.4%     -    0s
     0     0   30.02326    0   55   55.00000   30.02326  45.4%     -    0s
     0     0   30.02326    0   55   55.00000   30.02326  45.4%     -    0s
     0     0   30.13980    0   41   55.00000   30.13980  45.2%     -    0s
     0     0   30.26103    0   43   55.00000   30.26103  45.0%     -    0s
     0     0   30.27276    0   45   55.00000   30.27276  45.0%     -    0s
     0     0   30.27665    0   43   55.00000   30.27665  45.0%     -    0s
     0     0   30.28057    0   44   55.00000   30.28057  44.9%     -    0s
     0     0   30.32004    0   46   55.00000   30.32004  44.9%     -    0s
     0     0   30.32624    0   44   55.00000   30.32624  44.9%     -    0s
     0     0   30.32624    0   43   55.00000   30.32624  44.9%     -    0s
     0     0   30.49038    0   38   55.00000   30.49038  44.6%     -    0s
     0     0   30.67975    0   34   55.00000   30.67975  44.2%     -    0s
     0     0   30.67975    0   38   55.00000   30.67975  44.2%     -    0s
     0     0   30.67975    0   74   55.00000   30.67975  44.2%     -    0s
     0     0   30.83792    0   74   55.00000   30.83792  43.9%     -    0s
     0     0   30.83792    0   39   55.00000   30.83792  43.9%     -    0s
     0     0   30.83792    0   86   55.00000   30.83792  43.9%     -    0s
     0     0   30.83792    0   32   55.00000   30.83792  43.9%     -    0s
     0     0   30.83792    0   32   55.00000   30.83792  43.9%     -    0s
     0     0   30.83792    0   34   55.00000   30.83792  43.9%     -    0s
     0     0   30.83792    0   30   55.00000   30.83792  43.9%     -    0s
     0     0   30.83792    0   30   55.00000   30.83792  43.9%     -    0s
     0     2   30.83792    0   30   55.00000   30.83792  43.9%     -    0s
H  104    73                      55.0000000   34.56747  37.2%  13.1    0s
  7998   803   53.00000   33   30   55.00000   46.00000  16.4%  14.9    5s

Cutting planes:
  Learned: 1
  Gomory: 25
  Cover: 72
  Implied bound: 58
  Clique: 49
  MIR: 45
  Flow cover: 47
  Inf proof: 18
  RLT: 4
  Relax-and-lift: 5

Explored 15767 nodes (227854 simplex iterations) in 8.67 seconds (7.39 work units)
Thread count was 1 (of 96 available processors)

Solution count 3: 55 55 84 

Optimal solution found (tolerance 1.00e-04)
Best objective 5.499999999440e+01, best bound 5.499999999440e+01, gap 0.0000%

Instance 13_2, formulation tres, reform bigm:
  Rect 0: x = 4.00, y = 10.00
  Rect 1: x = 14.00, y = 10.00
  Rect 2: x = 13.00, y = 9.00
  Rect 3: x = 42.00, y = 4.00
  Rect 4: x = 29.00, y = 7.00
  Rect 5: x = 0.00, y = 10.00
  Rect 6: x = 19.00, y = 9.00
  Rect 7: x = 38.00, y = 7.00
  Rect 8: x = 8.00, y = 7.00
  Rect 9: x = 27.00, y = 7.00
  Rect 10: x = 51.00, y = 10.00
  Rect 11: x = 29.00, y = 10.00
  Rect 12: x = 4.00, y = 7.00
  → saved figures to strip_figures/13_2_tres_bigm.png and strip_figures/13_2_tres_bigm.pdf
Set parameter TokenServer to value "mooring.ecn.purdue.edu"
Read LP format model from file /tmp/tmpbklwymeb.pyomo.lp
Reading time = 0.00 seconds
x1588: 3212 rows, 1588 columns, 8427 nonzeros
Set parameter TimeLimit to value 1800
Set parameter Threads to value 1
Gurobi Optimizer version 11.0.0 build v11.0.0rc2 (linux64 - "Oracle Linux Server 9.6")

CPU model: AMD EPYC 7643 48-Core Processor, instruction set [SSE2|AVX|AVX2]
Thread count: 48 physical cores, 96 logical processors, using up to 1 threads

Optimize a model with 3212 rows, 1588 columns and 8427 nonzeros
Model fingerprint: 0x3d41dc06
Variable types: 1276 continuous, 312 integer (312 binary)
Coefficient statistics:
  Matrix range     [1e+00, 9e+01]
  Objective range  [1e+00, 1e+00]
  Bounds range     [1e+00, 9e+01]
  RHS range        [1e+00, 2e+01]
Presolve removed 1320 rows and 595 columns
Presolve time: 0.02s
Presolved: 1892 rows, 993 columns, 5026 nonzeros
Variable types: 792 continuous, 201 integer (201 binary)
Found heuristic solution: objective 88.0000000
Found heuristic solution: objective 80.0000000
Found heuristic solution: objective 61.0000000

Root relaxation: objective 2.400000e+01, 476 iterations, 0.01 seconds (0.01 work units)

    Nodes    |    Current Node    |     Objective Bounds      |     Work
 Expl Unexpl |  Obj  Depth IntInf | Incumbent    BestBd   Gap | It/Node Time

     0     0   24.00000    0   30   61.00000   24.00000  60.7%     -    0s
     0     0   24.00000    0   37   61.00000   24.00000  60.7%     -    0s
H    0     0                      59.0000000   24.00000  59.3%     -    0s
     0     0   24.00000    0   41   59.00000   24.00000  59.3%     -    0s
     0     0   24.00000    0   32   59.00000   24.00000  59.3%     -    0s
     0     0   24.00000    0   36   59.00000   24.00000  59.3%     -    0s
     0     0   24.00000    0   35   59.00000   24.00000  59.3%     -    0s
     0     0   24.00000    0   67   59.00000   24.00000  59.3%     -    0s
     0     0   24.00000    0   40   59.00000   24.00000  59.3%     -    0s
     0     0   24.00000    0   38   59.00000   24.00000  59.3%     -    0s
H    0     0                      55.0000000   24.00000  56.4%     -    0s
     0     2   24.00000    0   38   55.00000   24.00000  56.4%     -    0s
*  784   457              36      55.0000000   30.00000  45.5%  38.2    2s
  1843   544   51.00000   22   13   55.00000   41.00000  25.5%  26.4    5s
  4302  1075   45.00000   22   16   55.00000   45.00000  18.2%  19.0   10s
  6466  1311     cutoff   25        55.00000   47.00000  14.5%  17.9   15s
  9169  1334   51.00000   26   53   55.00000   49.00000  10.9%  16.3   20s
 10202  1350     cutoff   32        55.00000   49.00000  10.9%  15.8   26s
 12305  1396     cutoff   29        55.00000   49.00000  10.9%  15.2   30s
 15265  1412   53.00000   26   13   55.00000   49.00000  10.9%  14.7   35s
 17563  1307     cutoff   32        55.00000   51.00000  7.27%  15.1   40s
 20390   593   53.00000   19   11   55.00000   51.00000  7.27%  15.1   45s

Cutting planes:
  Cover: 22
  Implied bound: 8
  Clique: 2
  MIR: 7
  Flow cover: 15
  RLT: 6
  Relax-and-lift: 5

Explored 22779 nodes (345038 simplex iterations) in 49.12 seconds (45.86 work units)
Thread count was 1 (of 96 available processors)

Solution count 6: 55 55 59 ... 88

Optimal solution found (tolerance 1.00e-04)
Best objective 5.499999999440e+01, best bound 5.499999999440e+01, gap 0.0000%

Instance 13_2, formulation tres, reform hull:
  Rect 0: x = 37.00, y = 10.00
  Rect 1: x = 0.00, y = 10.00
  Rect 2: x = 41.00, y = 9.00
  Rect 3: x = 42.00, y = 4.00
  Rect 4: x = 33.00, y = 7.00
  Rect 5: x = 17.00, y = 10.00
  Rect 6: x = 21.00, y = 9.00
  Rect 7: x = 29.00, y = 7.00
  Rect 8: x = 0.00, y = 7.00
  Rect 9: x = 15.00, y = 7.00
  Rect 10: x = 29.00, y = 10.00
  Rect 11: x = 33.00, y = 10.00
  Rect 12: x = 11.00, y = 7.00
  → saved figures to strip_figures/13_2_tres_hull.png and strip_figures/13_2_tres_hull.pdf
Set parameter TokenServer to value "mooring.ecn.purdue.edu"
Read LP format model from file /tmp/tmpw31ppf96.pyomo.lp
Reading time = 0.00 seconds
x340: 404 rows, 340 columns, 2175 nonzeros
Set parameter TimeLimit to value 1800
Set parameter Threads to value 1
Gurobi Optimizer version 11.0.0 build v11.0.0rc2 (linux64 - "Oracle Linux Server 9.6")

CPU model: AMD EPYC 7643 48-Core Processor, instruction set [SSE2|AVX|AVX2]
Thread count: 48 physical cores, 96 logical processors, using up to 1 threads

Optimize a model with 404 rows, 340 columns and 2175 nonzeros
Model fingerprint: 0xcab6f855
Variable types: 28 continuous, 312 integer (312 binary)
Coefficient statistics:
  Matrix range     [1e+00, 9e+01]
  Objective range  [1e+00, 1e+00]
  Bounds range     [1e+00, 9e+01]
  RHS range        [1e+00, 2e+01]
Presolve removed 112 rows and 113 columns
Presolve time: 0.00s
Presolved: 292 rows, 227 columns, 1180 nonzeros
Variable types: 26 continuous, 201 integer (201 binary)
Found heuristic solution: objective 67.0000000

Root relaxation: objective 2.400000e+01, 119 iterations, 0.00 seconds (0.00 work units)

    Nodes    |    Current Node    |     Objective Bounds      |     Work
 Expl Unexpl |  Obj  Depth IntInf | Incumbent    BestBd   Gap | It/Node Time

     0     0   24.00000    0   12   67.00000   24.00000  64.2%     -    0s
H    0     0                      55.0000000   24.00000  56.4%     -    0s
     0     0   25.87421    0   41   55.00000   25.87421  53.0%     -    0s
     0     0   29.19979    0   41   55.00000   29.19979  46.9%     -    0s
     0     0   29.19979    0   44   55.00000   29.19979  46.9%     -    0s
     0     0   29.19979    0   44   55.00000   29.19979  46.9%     -    0s
     0     0   29.19979    0   44   55.00000   29.19979  46.9%     -    0s
     0     0   29.19979    0   34   55.00000   29.19979  46.9%     -    0s
     0     0   30.29649    0   35   55.00000   30.29649  44.9%     -    0s
     0     0   30.29649    0   36   55.00000   30.29649  44.9%     -    0s
     0     0   30.29649    0   36   55.00000   30.29649  44.9%     -    0s
     0     0   30.29649    0   63   55.00000   30.29649  44.9%     -    0s
     0     0   30.29649    0   62   55.00000   30.29649  44.9%     -    0s
     0     0   30.29649    0   66   55.00000   30.29649  44.9%     -    0s
     0     0   30.29649    0   48   55.00000   30.29649  44.9%     -    0s
     0     0   30.29649    0   32   55.00000   30.29649  44.9%     -    0s
     0     0   30.29649    0   36   55.00000   30.29649  44.9%     -    0s
     0     0   30.29649    0   36   55.00000   30.29649  44.9%     -    0s
     0     0   30.29649    0   42   55.00000   30.29649  44.9%     -    0s
     0     0   30.29649    0   43   55.00000   30.29649  44.9%     -    0s
     0     0   30.29649    0   44   55.00000   30.29649  44.9%     -    0s
     0     0   30.29649    0   48   55.00000   30.29649  44.9%     -    0s
     0     0   30.29649    0   49   55.00000   30.29649  44.9%     -    0s
     0     0   30.29649    0   52   55.00000   30.29649  44.9%     -    0s
     0     0   30.29649    0   52   55.00000   30.29649  44.9%     -    0s
     0     0   30.29649    0   51   55.00000   30.29649  44.9%     -    0s
     0     0   30.29649    0   53   55.00000   30.29649  44.9%     -    0s
     0     0   30.29649    0   53   55.00000   30.29649  44.9%     -    0s
     0     0   30.29649    0   53   55.00000   30.29649  44.9%     -    0s
     0     0   30.29649    0   53   55.00000   30.29649  44.9%     -    0s
     0     0   30.29649    0   53   55.00000   30.29649  44.9%     -    0s
     0     0   30.29649    0   52   55.00000   30.29649  44.9%     -    0s
     0     0   30.29649    0   41   55.00000   30.29649  44.9%     -    0s
     0     0   30.29649    0   44   55.00000   30.29649  44.9%     -    0s
     0     0   30.29649    0   43   55.00000   30.29649  44.9%     -    0s
     0     0   30.29649    0   45   55.00000   30.29649  44.9%     -    0s
     0     0   30.29649    0   43   55.00000   30.29649  44.9%     -    0s
     0     0   30.29649    0   31   55.00000   30.29649  44.9%     -    0s
H    0     0                      55.0000000   30.29649  44.9%     -    0s
     0     2   30.29649    0   31   55.00000   30.29649  44.9%     -    0s
 10202   782   53.00000   35   36   55.00000   49.00000  10.9%   9.5    6s

Cutting planes:
  Learned: 2
  Gomory: 15
  Cover: 58
  Implied bound: 55
  Clique: 14
  MIR: 54
  Flow cover: 102
  GUB cover: 1
  Inf proof: 6
  Zero half: 1
  RLT: 11
  Relax-and-lift: 9

Explored 14400 nodes (153816 simplex iterations) in 8.35 seconds (7.44 work units)
Thread count was 1 (of 96 available processors)

Solution count 3: 55 55 67 

Optimal solution found (tolerance 1.00e-04)
Best objective 5.499999999440e+01, best bound 5.499999999440e+01, gap 0.0000%

Instance 13_2, formulation reagg, reform MIP:
  Rect 0: x = 6.00, y = 10.00
  Rect 1: x = 10.00, y = 10.00
  Rect 2: x = 0.00, y = 9.00
  Rect 3: x = 23.00, y = 7.00
  Rect 4: x = 40.00, y = 7.00
  Rect 5: x = 36.00, y = 10.00
  Rect 6: x = 11.00, y = 9.00
  Rect 7: x = 51.00, y = 7.00
  Rect 8: x = 0.00, y = 7.00
  Rect 9: x = 49.00, y = 7.00
  Rect 10: x = 29.00, y = 10.00
  Rect 11: x = 25.00, y = 10.00
  Rect 12: x = 19.00, y = 7.00
  → saved figures to strip_figures/13_2_reagg_MIP.png and strip_figures/13_2_reagg_MIP.pdf
Set parameter TokenServer to value "mooring.ecn.purdue.edu"
Read LP format model from file /tmp/tmpeeoay876.pyomo.lp
Reading time = 0.00 seconds
x340: 404 rows, 340 columns, 2175 nonzeros
Set parameter TimeLimit to value 1800
Set parameter Threads to value 1
Gurobi Optimizer version 11.0.0 build v11.0.0rc2 (linux64 - "Oracle Linux Server 9.6")

CPU model: AMD EPYC 7643 48-Core Processor, instruction set [SSE2|AVX|AVX2]
Thread count: 48 physical cores, 96 logical processors, using up to 1 threads

Optimize a model with 404 rows, 340 columns and 2175 nonzeros
Model fingerprint: 0xf9a3d40f
Variable types: 28 continuous, 312 integer (312 binary)
Coefficient statistics:
  Matrix range     [1e+00, 9e+01]
  Objective range  [1e+00, 1e+00]
  Bounds range     [1e+00, 9e+01]
  RHS range        [1e+00, 2e+01]
Presolve removed 112 rows and 113 columns
Presolve time: 0.00s
Presolved: 292 rows, 227 columns, 1142 nonzeros
Variable types: 26 continuous, 201 integer (201 binary)
Found heuristic solution: objective 88.0000000
Found heuristic solution: objective 84.0000000

Root relaxation: objective 2.400000e+01, 124 iterations, 0.00 seconds (0.00 work units)

    Nodes    |    Current Node    |     Objective Bounds      |     Work
 Expl Unexpl |  Obj  Depth IntInf | Incumbent    BestBd   Gap | It/Node Time

     0     0   24.00000    0   20   84.00000   24.00000  71.4%     -    0s
H    0     0                      57.0000000   24.00000  57.9%     -    0s
     0     0   28.36957    0   69   57.00000   28.36957  50.2%     -    0s
H    0     0                      55.0000000   30.63043  44.3%     -    0s
     0     0   30.63043    0   63   55.00000   30.63043  44.3%     -    0s
     0     0   30.63043    0   81   55.00000   30.63043  44.3%     -    0s
     0     0   30.63043    0   80   55.00000   30.63043  44.3%     -    0s
     0     0   30.63043    0   57   55.00000   30.63043  44.3%     -    0s
     0     0   30.63043    0   53   55.00000   30.63043  44.3%     -    0s
     0     0   30.63043    0   53   55.00000   30.63043  44.3%     -    0s
     0     0   30.63043    0   49   55.00000   30.63043  44.3%     -    0s
     0     0   30.63043    0   45   55.00000   30.63043  44.3%     -    0s
     0     0   30.63043    0   45   55.00000   30.63043  44.3%     -    0s
     0     0   30.63043    0   46   55.00000   30.63043  44.3%     -    0s
     0     0   30.63043    0   45   55.00000   30.63043  44.3%     -    0s
     0     0   30.63043    0   48   55.00000   30.63043  44.3%     -    0s
     0     0   30.63043    0   47   55.00000   30.63043  44.3%     -    0s
     0     0   30.63252    0   47   55.00000   30.63252  44.3%     -    0s
     0     0   30.66515    0   46   55.00000   30.66515  44.2%     -    0s
     0     0   30.66515    0   47   55.00000   30.66515  44.2%     -    0s
     0     0   30.66887    0   43   55.00000   30.66887  44.2%     -    0s
     0     0   30.66977    0   44   55.00000   30.66977  44.2%     -    0s
     0     0   30.67458    0   41   55.00000   30.67458  44.2%     -    0s
     0     0   30.67458    0   29   55.00000   30.67458  44.2%     -    0s
     0     2   30.69440    0   27   55.00000   30.69440  44.2%     -    0s
H  917   357                      55.0000000   38.20817  30.5%  13.9    0s
  8018   727     cutoff   28        55.00000   47.00000  14.5%  11.4    5s

Cutting planes:
  Gomory: 20
  Cover: 9
  Implied bound: 33
  MIR: 33
  Flow cover: 32
  Inf proof: 12
  Relax-and-lift: 1

Explored 14724 nodes (155310 simplex iterations) in 8.07 seconds (7.02 work units)
Thread count was 1 (of 96 available processors)

Solution count 5: 55 55 57 ... 88

Optimal solution found (tolerance 1.00e-04)
Best objective 5.499999999440e+01, best bound 5.499999999440e+01, gap 0.0000%

Instance 13_2, formulation reagg_tres, reform MIP:
  Rect 0: x = 0.00, y = 10.00
  Rect 1: x = 8.00, y = 10.00
  Rect 2: x = 8.00, y = 9.00
  Rect 3: x = 0.00, y = 7.00
  Rect 4: x = 34.00, y = 7.00
  Rect 5: x = 30.00, y = 10.00
  Rect 6: x = 47.00, y = 9.00
  Rect 7: x = 26.00, y = 7.00
  Rect 8: x = 13.00, y = 7.00
  Rect 9: x = 24.00, y = 7.00
  Rect 10: x = 8.00, y = 3.00
  Rect 11: x = 4.00, y = 3.00
  Rect 12: x = 43.00, y = 7.00
  → saved figures to strip_figures/13_2_reagg_tres_MIP.png and strip_figures/13_2_reagg_tres_MIP.pdf
Set parameter TokenServer to value "mooring.ecn.purdue.edu"
Read LP format model from file /tmp/tmp7eqc_odq.pyomo.lp
Reading time = 0.00 seconds
x340: 1028 rows, 340 columns, 2523 nonzeros
Set parameter TimeLimit to value 1800
Set parameter Threads to value 1
Gurobi Optimizer version 11.0.0 build v11.0.0rc2 (linux64 - "Oracle Linux Server 9.6")

CPU model: AMD EPYC 7643 48-Core Processor, instruction set [SSE2|AVX|AVX2]
Thread count: 48 physical cores, 96 logical processors, using up to 1 threads

Optimize a model with 1028 rows, 340 columns and 2523 nonzeros
Model fingerprint: 0xdd990de7
Variable types: 28 continuous, 312 integer (312 binary)
Coefficient statistics:
  Matrix range     [1e+00, 1e+02]
  Objective range  [1e+00, 1e+00]
  Bounds range     [1e+00, 1e+02]
  RHS range        [1e+00, 1e+02]
Presolve removed 754 rows and 131 columns
Presolve time: 0.00s
Presolved: 274 rows, 209 columns, 844 nonzeros
Variable types: 26 continuous, 183 integer (183 binary)
Found heuristic solution: objective 85.0000000

Root relaxation: objective 2.900000e+01, 101 iterations, 0.00 seconds (0.00 work units)

    Nodes    |    Current Node    |     Objective Bounds      |     Work
 Expl Unexpl |  Obj  Depth IntInf | Incumbent    BestBd   Gap | It/Node Time

     0     0   29.00000    0   18   85.00000   29.00000  65.9%     -    0s
H    0     0                      81.0000000   29.00000  64.2%     -    0s
     0     0   36.72421    0   40   81.00000   36.72421  54.7%     -    0s
H    0     0                      79.0000000   39.97814  49.4%     -    0s
     0     0   45.76623    0   38   79.00000   45.76623  42.1%     -    0s
     0     0   45.76623    0   38   79.00000   45.76623  42.1%     -    0s
     0     0   46.12335    0   80   79.00000   46.12335  41.6%     -    0s
     0     0   47.57911    0   81   79.00000   47.57911  39.8%     -    0s
     0     0   47.57911    0   32   79.00000   47.57911  39.8%     -    0s
     0     0   47.57911    0   46   79.00000   47.57911  39.8%     -    0s
     0     0   47.57911    0   44   79.00000   47.57911  39.8%     -    0s
     0     0   47.57911    0   44   79.00000   47.57911  39.8%     -    0s
     0     0   47.71701    0   68   79.00000   47.71701  39.6%     -    0s
     0     0   47.71736    0   82   79.00000   47.71736  39.6%     -    0s
     0     0   47.71736    0   34   79.00000   47.71736  39.6%     -    0s
     0     0   48.03535    0   83   79.00000   48.03535  39.2%     -    0s
     0     0   48.03535    0   81   79.00000   48.03535  39.2%     -    0s
     0     0   48.03535    0   23   79.00000   48.03535  39.2%     -    0s
     0     2   48.03535    0   23   79.00000   48.03535  39.2%     -    0s
*  228    75              36      77.0000000   52.18050  32.2%   7.7    0s
* 1279   280              27      77.0000000   60.64935  21.2%  10.2    0s

Cutting planes:
  Learned: 1
  Gomory: 30
  Cover: 43
  Implied bound: 34
  Clique: 6
  MIR: 36
  Flow cover: 57
  Inf proof: 21
  Zero half: 1
  Relax-and-lift: 2

Explored 3324 nodes (41322 simplex iterations) in 1.38 seconds (1.09 work units)
Thread count was 1 (of 96 available processors)

Solution count 5: 77 77 79 ... 85

Optimal solution found (tolerance 1.00e-04)
Best objective 7.699999999220e+01, best bound 7.699999999220e+01, gap 0.0000%

Instance 13_3, formulation altered, reform bigm:
  Rect 0: x = 25.00, y = 6.00
  Rect 1: x = 32.00, y = 12.00
  Rect 2: x = 32.00, y = 11.00
  Rect 3: x = 29.00, y = 12.00
  Rect 4: x = 12.00, y = 9.00
  Rect 5: x = 0.00, y = 10.00
  Rect 6: x = 54.00, y = 9.00
  Rect 7: x = 25.00, y = 12.00
  Rect 8: x = 39.00, y = 10.00
  Rect 9: x = 62.00, y = 8.00
  Rect 10: x = 17.00, y = 12.00
  Rect 11: x = 73.00, y = 7.00
  Rect 12: x = 27.00, y = 12.00
  → saved figures to strip_figures/13_3_altered_bigm.png and strip_figures/13_3_altered_bigm.pdf
Set parameter TokenServer to value "mooring.ecn.purdue.edu"
Read LP format model from file /tmp/tmpuow0e7pb.pyomo.lp
Reading time = 0.00 seconds
x1588: 3212 rows, 1588 columns, 8427 nonzeros
Set parameter TimeLimit to value 1800
Set parameter Threads to value 1
Gurobi Optimizer version 11.0.0 build v11.0.0rc2 (linux64 - "Oracle Linux Server 9.6")

CPU model: AMD EPYC 7643 48-Core Processor, instruction set [SSE2|AVX|AVX2]
Thread count: 48 physical cores, 96 logical processors, using up to 1 threads

Optimize a model with 3212 rows, 1588 columns and 8427 nonzeros
Model fingerprint: 0x36cdc20c
Variable types: 1276 continuous, 312 integer (312 binary)
Coefficient statistics:
  Matrix range     [1e+00, 1e+02]
  Objective range  [1e+00, 1e+00]
  Bounds range     [1e+00, 1e+02]
  RHS range        [1e+00, 2e+01]
Presolve removed 1314 rows and 625 columns
Presolve time: 0.01s
Presolved: 1898 rows, 963 columns, 5002 nonzeros
Variable types: 780 continuous, 183 integer (183 binary)
Found heuristic solution: objective 104.0000000

Root relaxation: objective 2.900000e+01, 422 iterations, 0.01 seconds (0.01 work units)

    Nodes    |    Current Node    |     Objective Bounds      |     Work
 Expl Unexpl |  Obj  Depth IntInf | Incumbent    BestBd   Gap | It/Node Time

     0     0   29.00000    0   42  104.00000   29.00000  72.1%     -    0s
H    0     0                      91.0000000   29.00000  68.1%     -    0s
     0     0   29.00000    0   51   91.00000   29.00000  68.1%     -    0s
H    0     0                      81.0000000   29.00000  64.2%     -    0s
     0     0   29.00000    0   46   81.00000   29.00000  64.2%     -    0s
     0     0   29.00000    0   41   81.00000   29.00000  64.2%     -    0s
H    0     0                      80.0000000   29.00000  63.7%     -    0s
     0     0   29.00000    0   36   80.00000   29.00000  63.7%     -    0s
     0     0   29.00000    0   28   80.00000   29.00000  63.7%     -    0s
     0     0   29.00000    0   36   80.00000   29.00000  63.7%     -    0s
     0     0   29.00000    0   42   80.00000   29.00000  63.7%     -    0s
     0     0   29.00000    0   33   80.00000   29.00000  63.7%     -    0s
     0     2   29.00000    0   25   80.00000   29.00000  63.7%     -    0s
*   74    68              57      79.0000000   31.37931  60.3%  28.8    0s
*  138   119              50      77.0000000   31.89655  58.6%  25.5    0s
H  391   294                      77.0000000   38.00000  50.6%  23.0    0s
  3235  1071   65.00000   22   18   77.00000   54.00000  29.9%  28.1    5s
  8687  2322   72.00000   26   37   77.00000   60.00000  22.1%  22.2   10s
 11108  2972   72.00000   23   19   77.00000   60.00000  22.1%  22.4   15s
 15776  3785   65.00000   23   19   77.00000   64.00000  16.9%  23.1   20s
 21639  4197   72.00000   27   30   77.00000   66.00000  14.3%  22.4   25s
 27733  4254   72.00000   31   12   77.00000   68.00000  11.7%  21.7   30s
 32898  4436   72.00000   32   22   77.00000   68.00000  11.7%  21.6   35s
 37681  4589   73.00000   32   22   77.00000   68.00000  11.7%  21.8   40s
 42599  4798   70.00000   26   36   77.00000   68.00000  11.7%  21.8   45s
 48063  3611     cutoff   28        77.00000   72.00000  6.49%  21.6   50s
 54201  2128   72.00000   21   25   77.00000   72.00000  6.49%  20.9   55s
 60509   577   73.00000   23   22   77.00000   73.00000  5.19%  20.4   60s

Cutting planes:
  Gomory: 1
  Cover: 28
  Implied bound: 30
  Clique: 3
  MIR: 12
  Flow cover: 12
  RLT: 10
  Relax-and-lift: 5

Explored 62299 nodes (1273432 simplex iterations) in 61.49 seconds (56.38 work units)
Thread count was 1 (of 96 available processors)

Solution count 8: 77 77 77 ... 104

Optimal solution found (tolerance 1.00e-04)
Best objective 7.700000000000e+01, best bound 7.700000000000e+01, gap 0.0000%

Instance 13_3, formulation altered, reform hull:
  Rect 0: x = 48.00, y = 12.00
  Rect 1: x = 26.00, y = 12.00
  Rect 2: x = 28.00, y = 12.00
  Rect 3: x = 21.00, y = 12.00
  Rect 4: x = 0.00, y = 9.00
  Rect 5: x = 32.00, y = 10.00
  Rect 6: x = 5.00, y = 9.00
  Rect 7: x = 24.00, y = 12.00
  Rect 8: x = 62.00, y = 10.00
  Rect 9: x = 21.00, y = 8.00
  Rect 10: x = 13.00, y = 12.00
  Rect 11: x = 44.00, y = 7.00
  Rect 12: x = 48.00, y = 6.00
  → saved figures to strip_figures/13_3_altered_hull.png and strip_figures/13_3_altered_hull.pdf
Set parameter TokenServer to value "mooring.ecn.purdue.edu"
Read LP format model from file /tmp/tmp6kgn0nhg.pyomo.lp
Reading time = 0.00 seconds
x340: 1028 rows, 340 columns, 2523 nonzeros
Set parameter TimeLimit to value 1800
Set parameter Threads to value 1
Gurobi Optimizer version 11.0.0 build v11.0.0rc2 (linux64 - "Oracle Linux Server 9.6")

CPU model: AMD EPYC 7643 48-Core Processor, instruction set [SSE2|AVX|AVX2]
Thread count: 48 physical cores, 96 logical processors, using up to 1 threads

Optimize a model with 1028 rows, 340 columns and 2523 nonzeros
Model fingerprint: 0xdd990de7
Variable types: 28 continuous, 312 integer (312 binary)
Coefficient statistics:
  Matrix range     [1e+00, 1e+02]
  Objective range  [1e+00, 1e+00]
  Bounds range     [1e+00, 1e+02]
  RHS range        [1e+00, 1e+02]
Presolve removed 754 rows and 131 columns
Presolve time: 0.00s
Presolved: 274 rows, 209 columns, 844 nonzeros
Variable types: 26 continuous, 183 integer (183 binary)
Found heuristic solution: objective 85.0000000

Root relaxation: objective 2.900000e+01, 101 iterations, 0.00 seconds (0.00 work units)

    Nodes    |    Current Node    |     Objective Bounds      |     Work
 Expl Unexpl |  Obj  Depth IntInf | Incumbent    BestBd   Gap | It/Node Time

     0     0   29.00000    0   18   85.00000   29.00000  65.9%     -    0s
H    0     0                      81.0000000   29.00000  64.2%     -    0s
     0     0   36.72421    0   40   81.00000   36.72421  54.7%     -    0s
H    0     0                      79.0000000   39.97814  49.4%     -    0s
     0     0   45.76623    0   38   79.00000   45.76623  42.1%     -    0s
     0     0   45.76623    0   38   79.00000   45.76623  42.1%     -    0s
     0     0   46.12335    0   80   79.00000   46.12335  41.6%     -    0s
     0     0   47.57911    0   81   79.00000   47.57911  39.8%     -    0s
     0     0   47.57911    0   32   79.00000   47.57911  39.8%     -    0s
     0     0   47.57911    0   46   79.00000   47.57911  39.8%     -    0s
     0     0   47.57911    0   44   79.00000   47.57911  39.8%     -    0s
     0     0   47.57911    0   44   79.00000   47.57911  39.8%     -    0s
     0     0   47.71701    0   68   79.00000   47.71701  39.6%     -    0s
     0     0   47.71736    0   82   79.00000   47.71736  39.6%     -    0s
     0     0   47.71736    0   34   79.00000   47.71736  39.6%     -    0s
     0     0   48.03535    0   83   79.00000   48.03535  39.2%     -    0s
     0     0   48.03535    0   81   79.00000   48.03535  39.2%     -    0s
     0     0   48.03535    0   23   79.00000   48.03535  39.2%     -    0s
     0     2   48.03535    0   23   79.00000   48.03535  39.2%     -    0s
*  228    75              36      77.0000000   52.18050  32.2%   7.7    0s
* 1279   280              27      77.0000000   60.64935  21.2%  10.2    0s

Cutting planes:
  Learned: 1
  Gomory: 30
  Cover: 43
  Implied bound: 34
  Clique: 6
  MIR: 36
  Flow cover: 57
  Inf proof: 21
  Zero half: 1
  Relax-and-lift: 2

Explored 3324 nodes (41322 simplex iterations) in 1.40 seconds (1.09 work units)
Thread count was 1 (of 96 available processors)

Solution count 5: 77 77 79 ... 85

Optimal solution found (tolerance 1.00e-04)
Best objective 7.699999999220e+01, best bound 7.699999999220e+01, gap 0.0000%

Instance 13_3, formulation tres, reform bigm:
  Rect 0: x = 25.00, y = 6.00
  Rect 1: x = 32.00, y = 12.00
  Rect 2: x = 32.00, y = 11.00
  Rect 3: x = 29.00, y = 12.00
  Rect 4: x = 12.00, y = 9.00
  Rect 5: x = 0.00, y = 10.00
  Rect 6: x = 54.00, y = 9.00
  Rect 7: x = 25.00, y = 12.00
  Rect 8: x = 39.00, y = 10.00
  Rect 9: x = 62.00, y = 8.00
  Rect 10: x = 17.00, y = 12.00
  Rect 11: x = 73.00, y = 7.00
  Rect 12: x = 27.00, y = 12.00
  → saved figures to strip_figures/13_3_tres_bigm.png and strip_figures/13_3_tres_bigm.pdf
Set parameter TokenServer to value "mooring.ecn.purdue.edu"
Read LP format model from file /tmp/tmphhl9on_7.pyomo.lp
Reading time = 0.00 seconds
x1588: 3212 rows, 1588 columns, 8427 nonzeros
Set parameter TimeLimit to value 1800
Set parameter Threads to value 1
Gurobi Optimizer version 11.0.0 build v11.0.0rc2 (linux64 - "Oracle Linux Server 9.6")

CPU model: AMD EPYC 7643 48-Core Processor, instruction set [SSE2|AVX|AVX2]
Thread count: 48 physical cores, 96 logical processors, using up to 1 threads

Optimize a model with 3212 rows, 1588 columns and 8427 nonzeros
Model fingerprint: 0x36cdc20c
Variable types: 1276 continuous, 312 integer (312 binary)
Coefficient statistics:
  Matrix range     [1e+00, 1e+02]
  Objective range  [1e+00, 1e+00]
  Bounds range     [1e+00, 1e+02]
  RHS range        [1e+00, 2e+01]
Presolve removed 1314 rows and 625 columns
Presolve time: 0.01s
Presolved: 1898 rows, 963 columns, 5002 nonzeros
Variable types: 780 continuous, 183 integer (183 binary)
Found heuristic solution: objective 104.0000000

Root relaxation: objective 2.900000e+01, 422 iterations, 0.01 seconds (0.01 work units)

    Nodes    |    Current Node    |     Objective Bounds      |     Work
 Expl Unexpl |  Obj  Depth IntInf | Incumbent    BestBd   Gap | It/Node Time

     0     0   29.00000    0   42  104.00000   29.00000  72.1%     -    0s
H    0     0                      91.0000000   29.00000  68.1%     -    0s
     0     0   29.00000    0   51   91.00000   29.00000  68.1%     -    0s
H    0     0                      81.0000000   29.00000  64.2%     -    0s
     0     0   29.00000    0   46   81.00000   29.00000  64.2%     -    0s
     0     0   29.00000    0   41   81.00000   29.00000  64.2%     -    0s
H    0     0                      80.0000000   29.00000  63.7%     -    0s
     0     0   29.00000    0   36   80.00000   29.00000  63.7%     -    0s
     0     0   29.00000    0   28   80.00000   29.00000  63.7%     -    0s
     0     0   29.00000    0   36   80.00000   29.00000  63.7%     -    0s
     0     0   29.00000    0   42   80.00000   29.00000  63.7%     -    0s
     0     0   29.00000    0   33   80.00000   29.00000  63.7%     -    0s
     0     2   29.00000    0   25   80.00000   29.00000  63.7%     -    0s
*   74    68              57      79.0000000   31.37931  60.3%  28.8    0s
*  138   119              50      77.0000000   31.89655  58.6%  25.5    0s
H  391   294                      77.0000000   38.00000  50.6%  23.0    0s
  3235  1071   65.00000   22   18   77.00000   54.00000  29.9%  28.1    5s
  8687  2322   72.00000   26   37   77.00000   60.00000  22.1%  22.2   10s
 11108  2972   72.00000   23   19   77.00000   60.00000  22.1%  22.4   15s
 15758  3785     cutoff   25        77.00000   64.00000  16.9%  23.1   20s
 21631  4193 infeasible   25        77.00000   66.00000  14.3%  22.4   25s
 27708  4255   72.00000   28   15   77.00000   68.00000  11.7%  21.7   30s
 32847  4433   73.25000   32   17   77.00000   68.00000  11.7%  21.7   35s
 37636  4590   68.00000   26   25   77.00000   68.00000  11.7%  21.8   40s
 42546  4800   73.00000   27   38   77.00000   68.00000  11.7%  21.8   45s
 48011  3629     cutoff   27        77.00000   72.00000  6.49%  21.6   50s
 54136  2138     cutoff   29        77.00000   72.00000  6.49%  20.9   55s
 60411   605     cutoff   22        77.00000   73.00000  5.19%  20.4   60s

Cutting planes:
  Gomory: 1
  Cover: 28
  Implied bound: 30
  Clique: 3
  MIR: 12
  Flow cover: 12
  RLT: 10
  Relax-and-lift: 5

Explored 62299 nodes (1273432 simplex iterations) in 61.55 seconds (56.38 work units)
Thread count was 1 (of 96 available processors)

Solution count 8: 77 77 77 ... 104

Optimal solution found (tolerance 1.00e-04)
Best objective 7.700000000000e+01, best bound 7.700000000000e+01, gap 0.0000%

Instance 13_3, formulation tres, reform hull:
  Rect 0: x = 48.00, y = 12.00
  Rect 1: x = 26.00, y = 12.00
  Rect 2: x = 28.00, y = 12.00
  Rect 3: x = 21.00, y = 12.00
  Rect 4: x = 0.00, y = 9.00
  Rect 5: x = 32.00, y = 10.00
  Rect 6: x = 5.00, y = 9.00
  Rect 7: x = 24.00, y = 12.00
  Rect 8: x = 62.00, y = 10.00
  Rect 9: x = 21.00, y = 8.00
  Rect 10: x = 13.00, y = 12.00
  Rect 11: x = 44.00, y = 7.00
  Rect 12: x = 48.00, y = 6.00
  → saved figures to strip_figures/13_3_tres_hull.png and strip_figures/13_3_tres_hull.pdf
Set parameter TokenServer to value "mooring.ecn.purdue.edu"
Read LP format model from file /tmp/tmpz2eoz1tm.pyomo.lp
Reading time = 0.00 seconds
x340: 404 rows, 340 columns, 2175 nonzeros
Set parameter TimeLimit to value 1800
Set parameter Threads to value 1
Gurobi Optimizer version 11.0.0 build v11.0.0rc2 (linux64 - "Oracle Linux Server 9.6")

CPU model: AMD EPYC 7643 48-Core Processor, instruction set [SSE2|AVX|AVX2]
Thread count: 48 physical cores, 96 logical processors, using up to 1 threads

Optimize a model with 404 rows, 340 columns and 2175 nonzeros
Model fingerprint: 0x48556305
Variable types: 28 continuous, 312 integer (312 binary)
Coefficient statistics:
  Matrix range     [1e+00, 1e+02]
  Objective range  [1e+00, 1e+00]
  Bounds range     [1e+00, 1e+02]
  RHS range        [1e+00, 2e+01]
Presolve removed 130 rows and 131 columns
Presolve time: 0.00s
Presolved: 274 rows, 209 columns, 1064 nonzeros
Variable types: 26 continuous, 183 integer (183 binary)
Found heuristic solution: objective 85.0000000

Root relaxation: objective 2.900000e+01, 122 iterations, 0.00 seconds (0.00 work units)

    Nodes    |    Current Node    |     Objective Bounds      |     Work
 Expl Unexpl |  Obj  Depth IntInf | Incumbent    BestBd   Gap | It/Node Time

     0     0   29.00000    0   18   85.00000   29.00000  65.9%     -    0s
H    0     0                      78.0000000   29.00000  62.8%     -    0s
     0     0   34.32885    0   40   78.00000   34.32885  56.0%     -    0s
     0     0   44.83117    0   34   78.00000   44.83117  42.5%     -    0s
     0     0   45.39253    0   31   78.00000   45.39253  41.8%     -    0s
H    0     0                      77.0000000   47.08046  38.9%     -    0s
     0     0   47.08046    0   36   77.00000   47.08046  38.9%     -    0s
     0     0   47.08046    0   36   77.00000   47.08046  38.9%     -    0s
     0     0   47.08046    0   40   77.00000   47.08046  38.9%     -    0s
     0     0   47.08046    0   40   77.00000   47.08046  38.9%     -    0s
     0     0   47.08046    0   40   77.00000   47.08046  38.9%     -    0s
     0     0   47.08046    0   29   77.00000   47.08046  38.9%     -    0s
     0     0   47.08046    0   29   77.00000   47.08046  38.9%     -    0s
     0     0   47.08046    0   29   77.00000   47.08046  38.9%     -    0s
     0     0   47.08046    0   29   77.00000   47.08046  38.9%     -    0s
     0     0   47.08046    0   29   77.00000   47.08046  38.9%     -    0s
     0     0   47.08046    0   29   77.00000   47.08046  38.9%     -    0s
     0     0   47.08046    0   29   77.00000   47.08046  38.9%     -    0s
     0     0   47.08046    0   30   77.00000   47.08046  38.9%     -    0s
     0     0   47.08046    0   30   77.00000   47.08046  38.9%     -    0s
     0     0   47.08046    0   28   77.00000   47.08046  38.9%     -    0s
     0     2   47.08046    0   28   77.00000   47.08046  38.9%     -    0s

Cutting planes:
  Learned: 1
  Gomory: 17
  Cover: 13
  Implied bound: 52
  Clique: 3
  MIR: 109
  Inf proof: 24
  RLT: 40
  Relax-and-lift: 3

Explored 3115 nodes (28566 simplex iterations) in 0.79 seconds (0.64 work units)
Thread count was 1 (of 96 available processors)

Solution count 3: 77 78 85 

Optimal solution found (tolerance 1.00e-04)
Best objective 7.700000000000e+01, best bound 7.700000000000e+01, gap 0.0000%

Instance 13_3, formulation reagg, reform MIP:
  Rect 0: x = 15.00, y = 6.00
  Rect 1: x = 0.00, y = 11.00
  Rect 2: x = 59.00, y = 12.00
  Rect 3: x = 31.00, y = 2.00
  Rect 4: x = 52.00, y = 11.00
  Rect 5: x = 65.00, y = 10.00
  Rect 6: x = 57.00, y = 11.00
  Rect 7: x = 29.00, y = 4.00
  Rect 8: x = 0.00, y = 10.00
  Rect 9: x = 29.00, y = 12.00
  Rect 10: x = 44.00, y = 12.00
  Rect 11: x = 40.00, y = 11.00
  Rect 12: x = 15.00, y = 12.00
  → saved figures to strip_figures/13_3_reagg_MIP.png and strip_figures/13_3_reagg_MIP.pdf
Set parameter TokenServer to value "mooring.ecn.purdue.edu"
Read LP format model from file /tmp/tmpjh9fadbc.pyomo.lp
Reading time = 0.00 seconds
x340: 404 rows, 340 columns, 2175 nonzeros
Set parameter TimeLimit to value 1800
Set parameter Threads to value 1
Gurobi Optimizer version 11.0.0 build v11.0.0rc2 (linux64 - "Oracle Linux Server 9.6")

CPU model: AMD EPYC 7643 48-Core Processor, instruction set [SSE2|AVX|AVX2]
Thread count: 48 physical cores, 96 logical processors, using up to 1 threads

Optimize a model with 404 rows, 340 columns and 2175 nonzeros
Model fingerprint: 0x46ce43c5
Variable types: 28 continuous, 312 integer (312 binary)
Coefficient statistics:
  Matrix range     [1e+00, 1e+02]
  Objective range  [1e+00, 1e+00]
  Bounds range     [1e+00, 1e+02]
  RHS range        [1e+00, 2e+01]
Presolve removed 130 rows and 131 columns
Presolve time: 0.00s
Presolved: 274 rows, 209 columns, 1029 nonzeros
Variable types: 26 continuous, 183 integer (183 binary)
Found heuristic solution: objective 104.0000000
Found heuristic solution: objective 102.0000000

Root relaxation: objective 2.900000e+01, 111 iterations, 0.00 seconds (0.00 work units)

    Nodes    |    Current Node    |     Objective Bounds      |     Work
 Expl Unexpl |  Obj  Depth IntInf | Incumbent    BestBd   Gap | It/Node Time

     0     0   29.00000    0   26  102.00000   29.00000  71.6%     -    0s
H    0     0                      79.0000000   29.00000  63.3%     -    0s
     0     0   39.69432    0   39   79.00000   39.69432  49.8%     -    0s
     0     0   43.80379    0   39   79.00000   43.80379  44.6%     -    0s
     0     0   43.80379    0   39   79.00000   43.80379  44.6%     -    0s
     0     0   48.45328    0   34   79.00000   48.45328  38.7%     -    0s
     0     0   50.01525    0   32   79.00000   50.01525  36.7%     -    0s
     0     0   50.01525    0   32   79.00000   50.01525  36.7%     -    0s
     0     0   50.01525    0   35   79.00000   50.01525  36.7%     -    0s
     0     0   50.01525    0   39   79.00000   50.01525  36.7%     -    0s
     0     0   50.01525    0   38   79.00000   50.01525  36.7%     -    0s
     0     0   50.01525    0   43   79.00000   50.01525  36.7%     -    0s
     0     0   50.01525    0   44   79.00000   50.01525  36.7%     -    0s
     0     0   50.01525    0   35   79.00000   50.01525  36.7%     -    0s
     0     0   50.01525    0   36   79.00000   50.01525  36.7%     -    0s
     0     0   50.01525    0   37   79.00000   50.01525  36.7%     -    0s
     0     0   50.01525    0   37   79.00000   50.01525  36.7%     -    0s
     0     0   50.01525    0   37   79.00000   50.01525  36.7%     -    0s
     0     0   50.01525    0   39   79.00000   50.01525  36.7%     -    0s
     0     0   50.01525    0   39   79.00000   50.01525  36.7%     -    0s
     0     2   50.02276    0   39   79.00000   50.02276  36.7%     -    0s
H  337    94                      77.0000000   53.43723  30.6%   9.2    0s

Cutting planes:
  Learned: 3
  Gomory: 17
  Cover: 10
  Implied bound: 17
  MIR: 40
  Flow cover: 22
  Inf proof: 35
  RLT: 1
  Relax-and-lift: 2

Explored 3275 nodes (44275 simplex iterations) in 1.51 seconds (1.16 work units)
Thread count was 1 (of 96 available processors)

Solution count 4: 77 79 102 104 

Optimal solution found (tolerance 1.00e-04)
Best objective 7.700000000000e+01, best bound 7.700000000000e+01, gap 0.0000%

Instance 13_3, formulation reagg_tres, reform MIP:
  Rect 0: x = 8.00, y = 12.00
  Rect 1: x = 22.00, y = 12.00
  Rect 2: x = 38.00, y = 1.00
  Rect 3: x = 65.00, y = 2.00
  Rect 4: x = 22.00, y = 9.00
  Rect 5: x = 38.00, y = 12.00
  Rect 6: x = 69.00, y = 12.00
  Rect 7: x = 20.00, y = 6.00
  Rect 8: x = 50.00, y = 12.00
  Rect 9: x = 27.00, y = 9.00
  Rect 10: x = 0.00, y = 12.00
  Rect 11: x = 65.00, y = 9.00
  Rect 12: x = 8.00, y = 6.00
  → saved figures to strip_figures/13_3_reagg_tres_MIP.png and strip_figures/13_3_reagg_tres_MIP.pdf
Set parameter TokenServer to value "mooring.ecn.purdue.edu"
Read LP format model from file /tmp/tmpb9y2skys.pyomo.lp
Reading time = 0.00 seconds
x340: 1028 rows, 340 columns, 2523 nonzeros
Set parameter TimeLimit to value 1800
Set parameter Threads to value 1
Gurobi Optimizer version 11.0.0 build v11.0.0rc2 (linux64 - "Oracle Linux Server 9.6")

CPU model: AMD EPYC 7643 48-Core Processor, instruction set [SSE2|AVX|AVX2]
Thread count: 48 physical cores, 96 logical processors, using up to 1 threads

Optimize a model with 1028 rows, 340 columns and 2523 nonzeros
Model fingerprint: 0x8e4037eb
Variable types: 28 continuous, 312 integer (312 binary)
Coefficient statistics:
  Matrix range     [1e+00, 1e+02]
  Objective range  [1e+00, 1e+00]
  Bounds range     [1e+00, 9e+01]
  RHS range        [1e+00, 9e+01]
Presolve removed 796 rows and 175 columns
Presolve time: 0.00s
Presolved: 232 rows, 165 columns, 700 nonzeros
Variable types: 24 continuous, 141 integer (141 binary)
Found heuristic solution: objective 91.0000000

Root relaxation: objective 2.600000e+01, 89 iterations, 0.00 seconds (0.00 work units)

    Nodes    |    Current Node    |     Objective Bounds      |     Work
 Expl Unexpl |  Obj  Depth IntInf | Incumbent    BestBd   Gap | It/Node Time

     0     0   26.00000    0   18   91.00000   26.00000  71.4%     -    0s
H    0     0                      64.0000000   26.00000  59.4%     -    0s
H    0     0                      60.0000000   26.00000  56.7%     -    0s
     0     0   26.00000    0   46   60.00000   26.00000  56.7%     -    0s
     0     0   26.00000    0   52   60.00000   26.00000  56.7%     -    0s
     0     0   26.41633    0   32   60.00000   26.41633  56.0%     -    0s
     0     0   27.94286    0   31   60.00000   27.94286  53.4%     -    0s
     0     0   27.94286    0   31   60.00000   27.94286  53.4%     -    0s
     0     0   28.95181    0   25   60.00000   28.95181  51.7%     -    0s
H    0     0                      55.0000000   29.06250  47.2%     -    0s
     0     0   29.09836    0   20   55.00000   29.09836  47.1%     -    0s
     0     0   29.09836    0   42   55.00000   29.09836  47.1%     -    0s
     0     0   29.85455    0   49   55.00000   29.85455  45.7%     -    0s
     0     0   29.95000    0   42   55.00000   29.95000  45.5%     -    0s
     0     0   29.95960    0   41   55.00000   29.95960  45.5%     -    0s
     0     0   29.95960    0   40   55.00000   29.95960  45.5%     -    0s
     0     0   29.96471    0   36   55.00000   29.96471  45.5%     -    0s
H    0     0                      54.0000000   29.96471  44.5%     -    0s
     0     0   29.96471    0   45   54.00000   29.96471  44.5%     -    0s
     0     0   29.96471    0   49   54.00000   29.96471  44.5%     -    0s
     0     0   29.97271    0   45   54.00000   29.97271  44.5%     -    0s
     0     0   29.97271    0   44   54.00000   29.97271  44.5%     -    0s
     0     0   29.97271    0   27   54.00000   29.97271  44.5%     -    0s
     0     0   29.97271    0   38   54.00000   29.97271  44.5%     -    0s
     0     0   29.97271    0   52   54.00000   29.97271  44.5%     -    0s
     0     0   29.97271    0   25   54.00000   29.97271  44.5%     -    0s
     0     2   30.03953    0   24   54.00000   30.03953  44.4%     -    0s
H   26    26                      54.0000000   30.03953  44.4%  12.1    0s
 10203  2088   52.00000   22   25   54.00000   38.00000  29.6%  14.9    5s
 17574  1816   52.00000   43    7   54.00000   38.00000  29.6%  14.6   10s
 40500  4600   52.00000   41    5   54.00000   42.00000  22.2%  11.4   15s
 68164  5238     cutoff   48        54.00000   46.00000  14.8%  10.0   20s
 95264  4964   52.00000   38    8   54.00000   50.00000  7.41%   9.2   25s
 122963  1614   52.00000   38   12   54.00000   52.00000  3.70%   8.8   30s

Cutting planes:
  Gomory: 1
  Cover: 18
  Implied bound: 8
  Clique: 13
  MIR: 4
  Flow cover: 14
  Relax-and-lift: 2

Explored 129620 nodes (1139133 simplex iterations) in 31.29 seconds (24.68 work units)
Thread count was 1 (of 96 available processors)

Solution count 6: 54 54 55 ... 91

Optimal solution found (tolerance 1.00e-04)
Best objective 5.400000000000e+01, best bound 5.400000000000e+01, gap 0.0000%

Instance 13_4, formulation altered, reform bigm:
  Rect 0: x = 36.00, y = 14.00
  Rect 1: x = 14.00, y = 5.00
  Rect 2: x = 0.00, y = 1.00
  Rect 3: x = 0.00, y = 14.00
  Rect 4: x = 50.00, y = 11.00
  Rect 5: x = 19.00, y = 6.00
  Rect 6: x = 13.00, y = 14.00
  Rect 7: x = 34.00, y = 14.00
  Rect 8: x = 13.00, y = 9.00
  Rect 9: x = 46.00, y = 10.00
  Rect 10: x = 23.00, y = 14.00
  Rect 11: x = 43.00, y = 12.00
  Rect 12: x = 2.00, y = 14.00
  → saved figures to strip_figures/13_4_altered_bigm.png and strip_figures/13_4_altered_bigm.pdf
Set parameter TokenServer to value "mooring.ecn.purdue.edu"
Read LP format model from file /tmp/tmp5bxnf0t7.pyomo.lp
Reading time = 0.00 seconds
x1588: 3212 rows, 1588 columns, 8427 nonzeros
Set parameter TimeLimit to value 1800
Set parameter Threads to value 1
Gurobi Optimizer version 11.0.0 build v11.0.0rc2 (linux64 - "Oracle Linux Server 9.6")

CPU model: AMD EPYC 7643 48-Core Processor, instruction set [SSE2|AVX|AVX2]
Thread count: 48 physical cores, 96 logical processors, using up to 1 threads

Optimize a model with 3212 rows, 1588 columns and 8427 nonzeros
Model fingerprint: 0x9323c3ed
Variable types: 1276 continuous, 312 integer (312 binary)
Coefficient statistics:
  Matrix range     [1e+00, 9e+01]
  Objective range  [1e+00, 1e+00]
  Bounds range     [1e+00, 9e+01]
  RHS range        [1e+00, 2e+01]
Presolve removed 1532 rows and 811 columns
Presolve time: 0.01s
Presolved: 1680 rows, 777 columns, 4424 nonzeros
Variable types: 636 continuous, 141 integer (141 binary)
Found heuristic solution: objective 91.0000000
Found heuristic solution: objective 84.0000000
Found heuristic solution: objective 75.0000000

Root relaxation: objective 2.600000e+01, 350 iterations, 0.00 seconds (0.01 work units)

    Nodes    |    Current Node    |     Objective Bounds      |     Work
 Expl Unexpl |  Obj  Depth IntInf | Incumbent    BestBd   Gap | It/Node Time

     0     0   26.00000    0   35   75.00000   26.00000  65.3%     -    0s
H    0     0                      70.0000000   26.00000  62.9%     -    0s
H    0     0                      64.0000000   26.00000  59.4%     -    0s
     0     0   26.00000    0   46   64.00000   26.00000  59.4%     -    0s
     0     0   26.00000    0   44   64.00000   26.00000  59.4%     -    0s
     0     0   26.00000    0   43   64.00000   26.00000  59.4%     -    0s
     0     0   26.00000    0   31   64.00000   26.00000  59.4%     -    0s
     0     0   26.00000    0   42   64.00000   26.00000  59.4%     -    0s
     0     0   26.00000    0   47   64.00000   26.00000  59.4%     -    0s
     0     0   26.00000    0   48   64.00000   26.00000  59.4%     -    0s
     0     0   26.00000    0   44   64.00000   26.00000  59.4%     -    0s
H    0     0                      60.0000000   26.00000  56.7%     -    0s
     0     2   26.00000    0   41   60.00000   26.00000  56.7%     -    0s
*   80    78              58      59.0000000   26.00000  55.9%  36.4    0s
*  461   324              52      56.0000000   26.00000  53.6%  26.6    0s
H  465   305                      55.0000000   26.00000  52.7%  26.4    0s
   954   569   37.00000   46   25   55.00000   27.71021  49.6%  85.7    5s
* 1017   574              77      54.0000000   27.71021  48.7%  81.9    5s
H 1608   719                      54.0000000   32.00000  40.7%  62.9    5s
  5374  2269   46.00000   54   14   54.00000   37.00000  31.5%  37.9   10s
 10203  3881   44.00000   47   44   54.00000   39.21429  27.4%  31.8   17s
 10229  3898   50.00000   60   43   54.00000   39.21429  27.4%  31.8   20s
 10278  3931   41.00000   59   55   54.00000   39.21429  27.4%  31.6   25s
 11359  4092 infeasible   65        54.00000   39.21429  27.4%  36.6   30s
 14979  3919   52.00000   67   12   54.00000   40.00000  25.9%  34.9   35s
 18848  3361   52.00000   64   14   54.00000   41.00000  24.1%  33.4   40s
 22889  3255   50.00000   73   26   54.00000   41.00000  24.1%  32.5   45s
 26909  3910   46.00000   61   19   54.00000   43.00000  20.4%  32.1   50s
 32233  4627   52.00000   69    2   54.00000   44.00000  18.5%  31.0   55s
 38381  5401   50.00000   67   18   54.00000   44.00000  18.5%  29.3   60s
 43906  6032   47.00000   71   25   54.00000   44.00000  18.5%  28.6   65s
 48952  6429   52.00000   70   16   54.00000   46.00000  14.8%  28.2   70s
 54352  6693   50.00000   66   17   54.00000   46.00000  14.8%  27.5   75s
 60373  7309 infeasible   62        54.00000   47.00000  13.0%  26.7   80s
 66483  7496   50.00000   70   14   54.00000   50.00000  7.41%  26.1   85s
 75722  7711   52.00000   70    7   54.00000   50.00000  7.41%  24.5   90s
 85354  7973   50.00000   69   12   54.00000   50.00000  7.41%  23.0   95s
 94723  8312   52.00000   67   25   54.00000   50.00000  7.41%  21.9  100s
 104280  8665   52.00000   71   11   54.00000   50.00000  7.41%  20.9  105s
 114428  9081     cutoff   73        54.00000   50.00000  7.41%  20.1  110s
 123257  9302   52.00000   69   18   54.00000   50.00000  7.41%  19.6  115s
 131159  9455   52.00000   72    5   54.00000   51.00000  5.56%  19.3  120s
 138518  7775   52.00000   69   18   54.00000   52.00000  3.70%  19.0  125s
 147073  5878   52.00000   72   13   54.00000   52.00000  3.70%  18.6  130s
 154261  3962   52.00000   73   12   54.00000   52.00000  3.70%  18.3  135s
 162372  1997     cutoff   67        54.00000   52.00000  3.70%  18.0  140s

Cutting planes:
  Gomory: 1
  Cover: 12
  Implied bound: 25
  Projected implied bound: 1
  Clique: 3
  MIR: 26
  Flow cover: 60
  RLT: 22
  Relax-and-lift: 7
  PSD: 1

Explored 168958 nodes (3024623 simplex iterations) in 144.95 seconds (127.86 work units)
Thread count was 1 (of 96 available processors)

Solution count 10: 54 54 54 ... 75

Optimal solution found (tolerance 1.00e-04)
Best objective 5.400000000000e+01, best bound 5.400000000000e+01, gap 0.0000%

Instance 13_4, formulation altered, reform hull:
  Rect 0: x = 47.00, y = 13.00
  Rect 1: x = 22.00, y = 4.00
  Rect 2: x = 33.00, y = 14.00
  Rect 3: x = 20.00, y = 12.00
  Rect 4: x = 43.00, y = 11.00
  Rect 5: x = 27.00, y = 6.00
  Rect 6: x = 33.00, y = 13.00
  Rect 7: x = 15.00, y = 14.00
  Rect 8: x = 42.00, y = 8.00
  Rect 9: x = 0.00, y = 10.00
  Rect 10: x = 22.00, y = 14.00
  Rect 11: x = 17.00, y = 12.00
  Rect 12: x = 4.00, y = 13.00
  → saved figures to strip_figures/13_4_altered_hull.png and strip_figures/13_4_altered_hull.pdf
Set parameter TokenServer to value "mooring.ecn.purdue.edu"
Read LP format model from file /tmp/tmp0a8swol8.pyomo.lp
Reading time = 0.00 seconds
x340: 1028 rows, 340 columns, 2523 nonzeros
Set parameter TimeLimit to value 1800
Set parameter Threads to value 1
Gurobi Optimizer version 11.0.0 build v11.0.0rc2 (linux64 - "Oracle Linux Server 9.6")

CPU model: AMD EPYC 7643 48-Core Processor, instruction set [SSE2|AVX|AVX2]
Thread count: 48 physical cores, 96 logical processors, using up to 1 threads

Optimize a model with 1028 rows, 340 columns and 2523 nonzeros
Model fingerprint: 0x8e4037eb
Variable types: 28 continuous, 312 integer (312 binary)
Coefficient statistics:
  Matrix range     [1e+00, 1e+02]
  Objective range  [1e+00, 1e+00]
  Bounds range     [1e+00, 9e+01]
  RHS range        [1e+00, 9e+01]
Presolve removed 796 rows and 175 columns
Presolve time: 0.00s
Presolved: 232 rows, 165 columns, 700 nonzeros
Variable types: 24 continuous, 141 integer (141 binary)
Found heuristic solution: objective 91.0000000

Root relaxation: objective 2.600000e+01, 89 iterations, 0.00 seconds (0.00 work units)

    Nodes    |    Current Node    |     Objective Bounds      |     Work
 Expl Unexpl |  Obj  Depth IntInf | Incumbent    BestBd   Gap | It/Node Time

     0     0   26.00000    0   18   91.00000   26.00000  71.4%     -    0s
H    0     0                      64.0000000   26.00000  59.4%     -    0s
H    0     0                      60.0000000   26.00000  56.7%     -    0s
     0     0   26.00000    0   46   60.00000   26.00000  56.7%     -    0s
     0     0   26.00000    0   52   60.00000   26.00000  56.7%     -    0s
     0     0   26.41633    0   32   60.00000   26.41633  56.0%     -    0s
     0     0   27.94286    0   31   60.00000   27.94286  53.4%     -    0s
     0     0   27.94286    0   31   60.00000   27.94286  53.4%     -    0s
     0     0   28.95181    0   25   60.00000   28.95181  51.7%     -    0s
H    0     0                      55.0000000   29.06250  47.2%     -    0s
     0     0   29.09836    0   20   55.00000   29.09836  47.1%     -    0s
     0     0   29.09836    0   42   55.00000   29.09836  47.1%     -    0s
     0     0   29.85455    0   49   55.00000   29.85455  45.7%     -    0s
     0     0   29.95000    0   42   55.00000   29.95000  45.5%     -    0s
     0     0   29.95960    0   41   55.00000   29.95960  45.5%     -    0s
     0     0   29.95960    0   40   55.00000   29.95960  45.5%     -    0s
     0     0   29.96471    0   36   55.00000   29.96471  45.5%     -    0s
H    0     0                      54.0000000   29.96471  44.5%     -    0s
     0     0   29.96471    0   45   54.00000   29.96471  44.5%     -    0s
     0     0   29.96471    0   49   54.00000   29.96471  44.5%     -    0s
     0     0   29.97271    0   45   54.00000   29.97271  44.5%     -    0s
     0     0   29.97271    0   44   54.00000   29.97271  44.5%     -    0s
     0     0   29.97271    0   27   54.00000   29.97271  44.5%     -    0s
     0     0   29.97271    0   38   54.00000   29.97271  44.5%     -    0s
     0     0   29.97271    0   52   54.00000   29.97271  44.5%     -    0s
     0     0   29.97271    0   25   54.00000   29.97271  44.5%     -    0s
     0     2   30.03953    0   24   54.00000   30.03953  44.4%     -    0s
H   26    26                      54.0000000   30.03953  44.4%  12.1    0s
 10203  2088   52.00000   22   25   54.00000   38.00000  29.6%  14.9    5s
 17466  1797   52.00000   33   10   54.00000   38.00000  29.6%  14.7   10s
 40156  4587   46.00000   36   10   54.00000   42.00000  22.2%  11.4   15s
 67732  5250   52.00000   39   30   54.00000   46.00000  14.8%  10.0   20s
 94664  4972   52.00000   40   10   54.00000   50.00000  7.41%   9.2   25s
 122333  1765   52.00000   38    9   54.00000   52.00000  3.70%   8.9   30s

Cutting planes:
  Gomory: 1
  Cover: 18
  Implied bound: 8
  Clique: 13
  MIR: 4
  Flow cover: 14
  Relax-and-lift: 2

Explored 129620 nodes (1139133 simplex iterations) in 31.42 seconds (24.68 work units)
Thread count was 1 (of 96 available processors)

Solution count 6: 54 54 55 ... 91

Optimal solution found (tolerance 1.00e-04)
Best objective 5.400000000000e+01, best bound 5.400000000000e+01, gap 0.0000%

Instance 13_4, formulation tres, reform bigm:
  Rect 0: x = 36.00, y = 14.00
  Rect 1: x = 14.00, y = 5.00
  Rect 2: x = 0.00, y = 1.00
  Rect 3: x = 0.00, y = 14.00
  Rect 4: x = 50.00, y = 11.00
  Rect 5: x = 19.00, y = 6.00
  Rect 6: x = 13.00, y = 14.00
  Rect 7: x = 34.00, y = 14.00
  Rect 8: x = 13.00, y = 9.00
  Rect 9: x = 46.00, y = 10.00
  Rect 10: x = 23.00, y = 14.00
  Rect 11: x = 43.00, y = 12.00
  Rect 12: x = 2.00, y = 14.00
  → saved figures to strip_figures/13_4_tres_bigm.png and strip_figures/13_4_tres_bigm.pdf
Set parameter TokenServer to value "mooring.ecn.purdue.edu"
Read LP format model from file /tmp/tmpqc4v5mg7.pyomo.lp
Reading time = 0.00 seconds
x1588: 3212 rows, 1588 columns, 8427 nonzeros
Set parameter TimeLimit to value 1800
Set parameter Threads to value 1
Gurobi Optimizer version 11.0.0 build v11.0.0rc2 (linux64 - "Oracle Linux Server 9.6")

CPU model: AMD EPYC 7643 48-Core Processor, instruction set [SSE2|AVX|AVX2]
Thread count: 48 physical cores, 96 logical processors, using up to 1 threads

Optimize a model with 3212 rows, 1588 columns and 8427 nonzeros
Model fingerprint: 0x9323c3ed
Variable types: 1276 continuous, 312 integer (312 binary)
Coefficient statistics:
  Matrix range     [1e+00, 9e+01]
  Objective range  [1e+00, 1e+00]
  Bounds range     [1e+00, 9e+01]
  RHS range        [1e+00, 2e+01]
Presolve removed 1532 rows and 811 columns
Presolve time: 0.01s
Presolved: 1680 rows, 777 columns, 4424 nonzeros
Variable types: 636 continuous, 141 integer (141 binary)
Found heuristic solution: objective 91.0000000
Found heuristic solution: objective 84.0000000
Found heuristic solution: objective 75.0000000

Root relaxation: objective 2.600000e+01, 350 iterations, 0.00 seconds (0.01 work units)

    Nodes    |    Current Node    |     Objective Bounds      |     Work
 Expl Unexpl |  Obj  Depth IntInf | Incumbent    BestBd   Gap | It/Node Time

     0     0   26.00000    0   35   75.00000   26.00000  65.3%     -    0s
H    0     0                      70.0000000   26.00000  62.9%     -    0s
H    0     0                      64.0000000   26.00000  59.4%     -    0s
     0     0   26.00000    0   46   64.00000   26.00000  59.4%     -    0s
     0     0   26.00000    0   44   64.00000   26.00000  59.4%     -    0s
     0     0   26.00000    0   43   64.00000   26.00000  59.4%     -    0s
     0     0   26.00000    0   31   64.00000   26.00000  59.4%     -    0s
     0     0   26.00000    0   42   64.00000   26.00000  59.4%     -    0s
     0     0   26.00000    0   47   64.00000   26.00000  59.4%     -    0s
     0     0   26.00000    0   48   64.00000   26.00000  59.4%     -    0s
     0     0   26.00000    0   44   64.00000   26.00000  59.4%     -    0s
H    0     0                      60.0000000   26.00000  56.7%     -    0s
     0     2   26.00000    0   41   60.00000   26.00000  56.7%     -    0s
*   80    78              58      59.0000000   26.00000  55.9%  36.4    0s
*  461   324              52      56.0000000   26.00000  53.6%  26.6    0s
H  465   305                      55.0000000   26.00000  52.7%  26.4    0s
   954   569   37.00000   46   25   55.00000   27.71021  49.6%  85.7    5s
* 1017   574              77      54.0000000   27.71021  48.7%  81.9    5s
H 1608   719                      54.0000000   32.00000  40.7%  62.9    5s
  5356  2259   50.00000   56   26   54.00000   37.00000  31.5%  37.9   10s
 10203  3881   44.00000   47   44   54.00000   39.21429  27.4%  31.8   17s
 10229  3898   50.00000   60   43   54.00000   39.21429  27.4%  31.8   20s
 10279  3932   41.00000   56   61   54.00000   39.21429  27.4%  31.6   25s
 11379  4089   50.00000   69   25   54.00000   39.21429  27.4%  36.6   30s
 15002  3917   50.00000   69   18   54.00000   40.00000  25.9%  34.9   35s
 18927  3354   50.00000   67   20   54.00000   41.00000  24.1%  33.4   40s
 23000  3285   52.00000   74   21   54.00000   41.00000  24.1%  32.5   45s
 27063  3933   52.00000   66   13   54.00000   43.00000  20.4%  32.1   50s
 32450  4663 infeasible   65        54.00000   44.00000  18.5%  30.9   55s
 38632  5432   50.00000   70   14   54.00000   44.00000  18.5%  29.3   60s
 44136  6068   52.00000   74   14   54.00000   44.00000  18.5%  28.5   65s
 49219  6425     cutoff   69        54.00000   46.00000  14.8%  28.1   70s
 54437  6696   52.00000   68   14   54.00000   46.00000  14.8%  27.5   75s
 60647  7324   49.00000   72   27   54.00000   47.00000  13.0%  26.7   80s
 67033  7513   52.00000   66   13   54.00000   50.00000  7.41%  26.0   85s
 76322  7720   50.00000   68    9   54.00000   50.00000  7.41%  24.4   90s
 86070  7999   50.00000   65   14   54.00000   50.00000  7.41%  22.9   95s
 95511  8349   51.00000   68   14   54.00000   50.00000  7.41%  21.8  100s
 105037  8673   52.00000   74   14   54.00000   50.00000  7.41%  20.9  105s
 115172  9113     cutoff   73        54.00000   50.00000  7.41%  20.1  110s
 124026  9328   52.00000   75   15   54.00000   50.00000  7.41%  19.6  115s
 131785  9341     cutoff   75        54.00000   51.00000  5.56%  19.3  120s
 139353  7564   52.00000   70   10   54.00000   52.00000  3.70%  19.0  125s
 147757  5688   52.00000   63   11   54.00000   52.00000  3.70%  18.5  130s
 155055  3762 infeasible   69        54.00000   52.00000  3.70%  18.3  135s
 163016  1845   52.00000   70   12   54.00000   52.00000  3.70%  18.0  140s

Cutting planes:
  Gomory: 1
  Cover: 12
  Implied bound: 25
  Projected implied bound: 1
  Clique: 3
  MIR: 26
  Flow cover: 60
  RLT: 22
  Relax-and-lift: 7
  PSD: 1

Explored 168958 nodes (3024623 simplex iterations) in 144.39 seconds (127.86 work units)
Thread count was 1 (of 96 available processors)

Solution count 10: 54 54 54 ... 75

Optimal solution found (tolerance 1.00e-04)
Best objective 5.400000000000e+01, best bound 5.400000000000e+01, gap 0.0000%

Instance 13_4, formulation tres, reform hull:
  Rect 0: x = 47.00, y = 13.00
  Rect 1: x = 22.00, y = 4.00
  Rect 2: x = 33.00, y = 14.00
  Rect 3: x = 20.00, y = 12.00
  Rect 4: x = 43.00, y = 11.00
  Rect 5: x = 27.00, y = 6.00
  Rect 6: x = 33.00, y = 13.00
  Rect 7: x = 15.00, y = 14.00
  Rect 8: x = 42.00, y = 8.00
  Rect 9: x = 0.00, y = 10.00
  Rect 10: x = 22.00, y = 14.00
  Rect 11: x = 17.00, y = 12.00
  Rect 12: x = 4.00, y = 13.00
  → saved figures to strip_figures/13_4_tres_hull.png and strip_figures/13_4_tres_hull.pdf
Set parameter TokenServer to value "mooring.ecn.purdue.edu"
Read LP format model from file /tmp/tmp6u6ulv6q.pyomo.lp
Reading time = 0.00 seconds
x340: 404 rows, 340 columns, 2175 nonzeros
Set parameter TimeLimit to value 1800
Set parameter Threads to value 1
Gurobi Optimizer version 11.0.0 build v11.0.0rc2 (linux64 - "Oracle Linux Server 9.6")

CPU model: AMD EPYC 7643 48-Core Processor, instruction set [SSE2|AVX|AVX2]
Thread count: 48 physical cores, 96 logical processors, using up to 1 threads

Optimize a model with 404 rows, 340 columns and 2175 nonzeros
Model fingerprint: 0xa4eb971a
Variable types: 28 continuous, 312 integer (312 binary)
Coefficient statistics:
  Matrix range     [1e+00, 9e+01]
  Objective range  [1e+00, 1e+00]
  Bounds range     [1e+00, 9e+01]
  RHS range        [1e+00, 2e+01]
Presolve removed 172 rows and 173 columns
Presolve time: 0.00s
Presolved: 232 rows, 167 columns, 842 nonzeros
Variable types: 26 continuous, 141 integer (141 binary)
Found heuristic solution: objective 69.0000000

Root relaxation: objective 2.600000e+01, 97 iterations, 0.00 seconds (0.00 work units)

    Nodes    |    Current Node    |     Objective Bounds      |     Work
 Expl Unexpl |  Obj  Depth IntInf | Incumbent    BestBd   Gap | It/Node Time

     0     0   26.00000    0   17   69.00000   26.00000  62.3%     -    0s
H    0     0                      61.0000000   26.00000  57.4%     -    0s
H    0     0                      60.0000000   26.00000  56.7%     -    0s
     0     0   26.00000    0   36   60.00000   26.00000  56.7%     -    0s
     0     0   26.00000    0   31   60.00000   26.00000  56.7%     -    0s
H    0     0                      59.0000000   26.00000  55.9%     -    0s
     0     0   26.00000    0   29   59.00000   26.00000  55.9%     -    0s
     0     0   27.04638    0   37   59.00000   27.04638  54.2%     -    0s
     0     0   27.88710    0   33   59.00000   27.88710  52.7%     -    0s
     0     0   27.88710    0   38   59.00000   27.88710  52.7%     -    0s
     0     0   27.88710    0   34   59.00000   27.88710  52.7%     -    0s
     0     0   27.88710    0   32   59.00000   27.88710  52.7%     -    0s
     0     0   28.62500    0   26   59.00000   28.62500  51.5%     -    0s
     0     0   28.62500    0   25   59.00000   28.62500  51.5%     -    0s
     0     0   28.62500    0   26   59.00000   28.62500  51.5%     -    0s
     0     0   28.62500    0   23   59.00000   28.62500  51.5%     -    0s
     0     0   28.62500    0   23   59.00000   28.62500  51.5%     -    0s
     0     0   28.62500    0   30   59.00000   28.62500  51.5%     -    0s
     0     0   28.62500    0   27   59.00000   28.62500  51.5%     -    0s
     0     0   28.62500    0   21   59.00000   28.62500  51.5%     -    0s
     0     2   28.62500    0   17   59.00000   28.62500  51.5%     -    0s
*  263   196              40      58.0000000   32.46445  44.0%   8.2    0s
H  287   198                      55.0000000   32.83333  40.3%   8.2    0s
*  302   200              34      54.0000000   32.83333  39.2%   8.0    0s
*  476   282              23      54.0000000   33.00000  38.9%   8.0    0s
H 6794  1577                      54.0000000   37.00000  31.5%  16.7    3s
 10203  2126   46.00000   32   21   54.00000   39.00000  27.8%  16.3    5s
 17617  2116   43.00000   36   19   54.00000   39.00000  27.8%  15.0   10s
 45892  7342   52.00000   55   14   54.00000   39.00000  27.8%  10.3   15s
 77232 11094   52.00000   40   21   54.00000   41.00000  24.1%   8.9   20s
 106495 12903   48.00000   40   26   54.00000   43.00000  20.4%   8.3   25s
 138807 14099 infeasible   46        54.00000   44.00000  18.5%   7.9   30s
 172879 14704   50.00000   40   18   54.00000   46.00000  14.8%   7.6   35s
 200208 15017     cutoff   49        54.00000   48.00000  11.1%   7.4   40s
 228350 14063     cutoff   55        54.00000   49.00000  9.26%   7.3   45s
 265595 12197   52.00000   53   13   54.00000   50.00000  7.41%   7.1   50s
 300701  8982   52.00000   42   20   54.00000   52.00000  3.70%   6.9   55s
 334627  1044   52.00000   39   12   54.00000   52.00000  3.70%   6.7   60s

Cutting planes:
  Gomory: 1
  Cover: 10
  Implied bound: 3
  Clique: 13
  MIR: 4
  Mixing: 1
  StrongCG: 1
  Flow cover: 13
  Inf proof: 1
  RLT: 5
  Relax-and-lift: 1

Explored 339019 nodes (2279601 simplex iterations) in 60.62 seconds (46.43 work units)
Thread count was 1 (of 96 available processors)

Solution count 10: 54 54 54 ... 69

Optimal solution found (tolerance 1.00e-04)
Best objective 5.400000000000e+01, best bound 5.400000000000e+01, gap 0.0000%

Instance 13_4, formulation reagg, reform MIP:
  Rect 0: x = 27.00, y = 14.00
  Rect 1: x = 6.00, y = 4.00
  Rect 2: x = 26.00, y = 1.00
  Rect 3: x = 0.00, y = 14.00
  Rect 4: x = 2.00, y = 11.00
  Rect 5: x = 11.00, y = 6.00
  Rect 6: x = 17.00, y = 14.00
  Rect 7: x = 48.00, y = 14.00
  Rect 8: x = 26.00, y = 9.00
  Rect 9: x = 50.00, y = 14.00
  Rect 10: x = 6.00, y = 14.00
  Rect 11: x = 34.00, y = 14.00
  Rect 12: x = 37.00, y = 14.00
  → saved figures to strip_figures/13_4_reagg_MIP.png and strip_figures/13_4_reagg_MIP.pdf
Set parameter TokenServer to value "mooring.ecn.purdue.edu"
Read LP format model from file /tmp/tmp3y4gwxla.pyomo.lp
Reading time = 0.00 seconds
x340: 404 rows, 340 columns, 2175 nonzeros
Set parameter TimeLimit to value 1800
Set parameter Threads to value 1
Gurobi Optimizer version 11.0.0 build v11.0.0rc2 (linux64 - "Oracle Linux Server 9.6")

CPU model: AMD EPYC 7643 48-Core Processor, instruction set [SSE2|AVX|AVX2]
Thread count: 48 physical cores, 96 logical processors, using up to 1 threads

Optimize a model with 404 rows, 340 columns and 2175 nonzeros
Model fingerprint: 0x7e51633c
Variable types: 28 continuous, 312 integer (312 binary)
Coefficient statistics:
  Matrix range     [1e+00, 9e+01]
  Objective range  [1e+00, 1e+00]
  Bounds range     [1e+00, 9e+01]
  RHS range        [1e+00, 2e+01]
Presolve removed 172 rows and 173 columns
Presolve time: 0.00s
Presolved: 232 rows, 167 columns, 821 nonzeros
Variable types: 26 continuous, 141 integer (141 binary)
Found heuristic solution: objective 72.0000000

Root relaxation: objective 2.600000e+01, 95 iterations, 0.00 seconds (0.00 work units)

    Nodes    |    Current Node    |     Objective Bounds      |     Work
 Expl Unexpl |  Obj  Depth IntInf | Incumbent    BestBd   Gap | It/Node Time

     0     0   26.00000    0   17   72.00000   26.00000  63.9%     -    0s
H    0     0                      55.0000000   26.00000  52.7%     -    0s
     0     0   26.00000    0   45   55.00000   26.00000  52.7%     -    0s
     0     0   26.00000    0   50   55.00000   26.00000  52.7%     -    0s
     0     0   26.64993    0   32   55.00000   26.64993  51.5%     -    0s
     0     0   29.00000    0   37   55.00000   29.00000  47.3%     -    0s
     0     0   29.00000    0   34   55.00000   29.00000  47.3%     -    0s
     0     0   29.00000    0   42   55.00000   29.00000  47.3%     -    0s
     0     0   29.33333    0   38   55.00000   29.33333  46.7%     -    0s
     0     0   29.50000    0   34   55.00000   29.50000  46.4%     -    0s
     0     0   29.66667    0   35   55.00000   29.66667  46.1%     -    0s
     0     0   29.66667    0   42   55.00000   29.66667  46.1%     -    0s
     0     0   29.75000    0   42   55.00000   29.75000  45.9%     -    0s
     0     0   29.75000    0   40   55.00000   29.75000  45.9%     -    0s
     0     0   29.75000    0   41   55.00000   29.75000  45.9%     -    0s
     0     0   29.75000    0   41   55.00000   29.75000  45.9%     -    0s
     0     0   29.75000    0   38   55.00000   29.75000  45.9%     -    0s
     0     0   29.75000    0   43   55.00000   29.75000  45.9%     -    0s
     0     0   29.75000    0   34   55.00000   29.75000  45.9%     -    0s
     0     0   29.75000    0   40   55.00000   29.75000  45.9%     -    0s
     0     0   29.75000    0   22   55.00000   29.75000  45.9%     -    0s
     0     0   29.75000    0   39   55.00000   29.75000  45.9%     -    0s
     0     0   29.75000    0   26   55.00000   29.75000  45.9%     -    0s
     0     0   29.75000    0   25   55.00000   29.75000  45.9%     -    0s
     0     2   29.75000    0   25   55.00000   29.75000  45.9%     -    0s
*  318   199              37      55.0000000   30.90866  43.8%  10.7    0s
*  467   258              33      54.0000000   32.03119  40.7%  10.1    0s
 14498  2826   43.00000   42   24   54.00000   40.00000  25.9%   9.3    5s
 40460  5968   43.00000   46   22   54.00000   41.00000  24.1%   8.7   10s
 67464  9065   42.00000   49   21   54.00000   42.00000  22.2%   8.4   15s
 93020 10435   52.00000   41    9   54.00000   44.00000  18.5%   8.3   20s
 119175 11659     cutoff   49        54.00000   44.00000  18.5%   8.3   25s
 145831 11258   52.00000   49   15   54.00000   46.00000  14.8%   8.3   30s
H159509 10258                      54.0000000   47.00000  13.0%   8.3   32s
*167907  9614              57      53.9999996   48.00000  11.1%   8.3   34s
 170206  9185   52.00000   44   23   54.00000   48.00000  11.1%   8.3   35s
 199048  5162   52.00000   49    7   54.00000   52.00000  3.70%   8.0   40s
 225195   592   52.00000   48    8   54.00000   52.00000  3.70%   7.9   45s

Cutting planes:
  Cover: 2
  Implied bound: 6
  Clique: 1
  Flow cover: 13
  RLT: 3
  Relax-and-lift: 2

Explored 226644 nodes (1803181 simplex iterations) in 45.30 seconds (32.28 work units)
Thread count was 1 (of 96 available processors)

Solution count 6: 54 54 54 ... 72

Optimal solution found (tolerance 1.00e-04)
Best objective 5.400000000000e+01, best bound 5.400000000000e+01, gap 0.0000%

Instance 13_4, formulation reagg_tres, reform MIP:
  Rect 0: x = 7.00, y = 13.00
  Rect 1: x = 45.00, y = 14.00
  Rect 2: x = 5.00, y = 14.00
  Rect 3: x = 5.00, y = 12.00
  Rect 4: x = 50.00, y = 11.00
  Rect 5: x = 29.00, y = 14.00
  Rect 6: x = 40.00, y = 5.00
  Rect 7: x = 3.00, y = 14.00
  Rect 8: x = 44.00, y = 14.00
  Rect 9: x = 14.00, y = 10.00
  Rect 10: x = 29.00, y = 8.00
  Rect 11: x = 0.00, y = 12.00
  Rect 12: x = 18.00, y = 13.00
  → saved figures to strip_figures/13_4_reagg_tres_MIP.png and strip_figures/13_4_reagg_tres_MIP.pdf
Set parameter TokenServer to value "mooring.ecn.purdue.edu"
Read LP format model from file /tmp/tmp9u65kjjv.pyomo.lp
Reading time = 0.00 seconds
x340: 1028 rows, 340 columns, 2523 nonzeros
Set parameter TimeLimit to value 1800
Set parameter Threads to value 1
Gurobi Optimizer version 11.0.0 build v11.0.0rc2 (linux64 - "Oracle Linux Server 9.6")

CPU model: AMD EPYC 7643 48-Core Processor, instruction set [SSE2|AVX|AVX2]
Thread count: 48 physical cores, 96 logical processors, using up to 1 threads

Optimize a model with 1028 rows, 340 columns and 2523 nonzeros
Model fingerprint: 0x00540f60
Variable types: 28 continuous, 312 integer (312 binary)
Coefficient statistics:
  Matrix range     [1e+00, 1e+02]
  Objective range  [1e+00, 1e+00]
  Bounds range     [1e+00, 1e+02]
  RHS range        [1e+00, 1e+02]
Presolve removed 790 rows and 168 columns
Presolve time: 0.00s
Presolved: 238 rows, 172 columns, 720 nonzeros
Variable types: 25 continuous, 147 integer (147 binary)
Found heuristic solution: objective 113.0000000

Root relaxation: objective 2.700000e+01, 98 iterations, 0.00 seconds (0.00 work units)

    Nodes    |    Current Node    |     Objective Bounds      |     Work
 Expl Unexpl |  Obj  Depth IntInf | Incumbent    BestBd   Gap | It/Node Time

     0     0   27.00000    0   22  113.00000   27.00000  76.1%     -    0s
H    0     0                      85.0000000   27.00000  68.2%     -    0s
     0     0   40.56381    0   54   85.00000   40.56381  52.3%     -    0s
     0     0   48.77647    0   55   85.00000   48.77647  42.6%     -    0s
     0     0   49.19164    0   49   85.00000   49.19164  42.1%     -    0s
     0     0   50.37364    0   49   85.00000   50.37364  40.7%     -    0s
     0     0   50.37364    0   48   85.00000   50.37364  40.7%     -    0s
     0     0   50.57101    0   48   85.00000   50.57101  40.5%     -    0s
     0     0   50.57101    0   46   85.00000   50.57101  40.5%     -    0s
     0     0   50.57101    0   47   85.00000   50.57101  40.5%     -    0s
     0     0   50.57101    0   44   85.00000   50.57101  40.5%     -    0s
     0     0   50.57101    0   44   85.00000   50.57101  40.5%     -    0s
     0     0   50.57101    0   44   85.00000   50.57101  40.5%     -    0s
     0     2   50.88382    0   42   85.00000   50.88382  40.1%     -    0s
H  841   368                      85.0000000   58.48824  31.2%  17.6    0s
 10202  1877   77.75226   25   20   85.00000   72.77143  14.4%  14.8    5s
 20106  1037     cutoff   39        85.00000   80.26718  5.57%  14.5   10s

Cutting planes:
  Gomory: 55
  Cover: 50
  Implied bound: 31
  Clique: 7
  MIR: 54
  Flow cover: 180
  GUB cover: 1
  Inf proof: 144
  Zero half: 2
  RLT: 5
  Relax-and-lift: 7

Explored 22392 nodes (322776 simplex iterations) in 11.18 seconds (9.90 work units)
Thread count was 1 (of 96 available processors)

Solution count 3: 85 85 113 

Optimal solution found (tolerance 1.00e-04)
Best objective 8.499999999140e+01, best bound 8.499999999140e+01, gap 0.0000%

Instance 13_5, formulation altered, reform bigm:
  Rect 0: x = 24.00, y = 13.00
  Rect 1: x = 48.00, y = 15.00
  Rect 2: x = 17.00, y = 4.00
  Rect 3: x = 56.00, y = 15.00
  Rect 4: x = 78.00, y = 13.00
  Rect 5: x = 66.00, y = 11.00
  Rect 6: x = 0.00, y = 14.00
  Rect 7: x = 12.00, y = 15.00
  Rect 8: x = 39.00, y = 14.00
  Rect 9: x = 71.00, y = 14.00
  Rect 10: x = 0.00, y = 1.00
  Rect 11: x = 29.00, y = 4.00
  Rect 12: x = 53.00, y = 14.00
  → saved figures to strip_figures/13_5_altered_bigm.png and strip_figures/13_5_altered_bigm.pdf
Set parameter TokenServer to value "mooring.ecn.purdue.edu"
Read LP format model from file /tmp/tmpqd9x8b9q.pyomo.lp
Reading time = 0.00 seconds
x1588: 3212 rows, 1588 columns, 8451 nonzeros
Set parameter TimeLimit to value 1800
Set parameter Threads to value 1
Gurobi Optimizer version 11.0.0 build v11.0.0rc2 (linux64 - "Oracle Linux Server 9.6")

CPU model: AMD EPYC 7643 48-Core Processor, instruction set [SSE2|AVX|AVX2]
Thread count: 48 physical cores, 96 logical processors, using up to 1 threads

Optimize a model with 3212 rows, 1588 columns and 8451 nonzeros
Model fingerprint: 0xf49ded83
Variable types: 1276 continuous, 312 integer (312 binary)
Coefficient statistics:
  Matrix range     [1e+00, 1e+02]
  Objective range  [1e+00, 1e+00]
  Bounds range     [1e+00, 1e+02]
  RHS range        [1e+00, 2e+01]
Presolve removed 1326 rows and 732 columns
Presolve time: 0.01s
Presolved: 1886 rows, 856 columns, 4930 nonzeros
Variable types: 709 continuous, 147 integer (147 binary)
Found heuristic solution: objective 113.0000000
Found heuristic solution: objective 107.0000000

Root relaxation: objective 2.700000e+01, 391 iterations, 0.00 seconds (0.01 work units)

    Nodes    |    Current Node    |     Objective Bounds      |     Work
 Expl Unexpl |  Obj  Depth IntInf | Incumbent    BestBd   Gap | It/Node Time

     0     0   27.00000    0   46  107.00000   27.00000  74.8%     -    0s
H    0     0                      97.0000000   27.00000  72.2%     -    0s
     0     0   27.00000    0   57   97.00000   27.00000  72.2%     -    0s
H    0     0                      95.0000000   27.00000  71.6%     -    0s
     0     0   27.00000    0   48   95.00000   27.00000  71.6%     -    0s
     0     0   27.00000    0   41   95.00000   27.00000  71.6%     -    0s
     0     0   27.00000    0   41   95.00000   27.00000  71.6%     -    0s
     0     0   27.00000    0   51   95.00000   27.00000  71.6%     -    0s
     0     0   27.00000    0   53   95.00000   27.00000  71.6%     -    0s
     0     0   27.00000    0   41   95.00000   27.00000  71.6%     -    0s
     0     0   27.00000    0   42   95.00000   27.00000  71.6%     -    0s
     0     0   27.00000    0   55   95.00000   27.00000  71.6%     -    0s
     0     0   27.00000    0   53   95.00000   27.00000  71.6%     -    0s
H    0     0                      90.0000000   27.00000  70.0%     -    0s
     0     2   27.00000    0   51   90.00000   27.00000  70.0%     -    0s
*   51    50              35      85.0000000   29.66667  65.1%  26.2    0s
*  837   557              55      85.0000000   34.00000  60.0%  28.6    1s
  4490  2604   48.00000   29   38   85.00000   41.00000  51.8%  22.4    5s
 10203  5875   65.00000   29   53   85.00000   46.00000  45.9%  20.4   11s
 11375  6351   60.00000   35   30   85.00000   46.00000  45.9%  21.2   15s
 18777  8205   82.00000   51   32   85.00000   54.00000  36.5%  18.7   20s
 28349 10424   82.00000   51    6   85.00000   58.00000  31.8%  17.1   25s
 37295 15312     cutoff   52        85.00000   58.00000  31.8%  16.5   30s
 46300 19728   70.00000   37    7   85.00000   61.00000  28.2%  16.0   35s
 56031 24401   82.00000   46    5   85.00000   63.00000  25.9%  15.6   40s
 66081 29338   82.00000   51    6   85.00000   63.00000  25.9%  15.1   45s
 75569 33871     cutoff   49        85.00000   63.00000  25.9%  15.0   50s
 84427 38113   75.00000   44    6   85.00000   65.00000  23.5%  15.0   55s
 96145 43642   82.00000   51    5   85.00000   65.00000  23.5%  14.6   60s
 107221 48903   70.00000   41    9   85.00000   65.00000  23.5%  14.4   65s
 118086 53938   82.00000   57    9   85.00000   65.00000  23.5%  14.2   70s
 128735 58956     cutoff   51        85.00000   65.00000  23.5%  14.1   75s
H132693 60854                      85.0000000   65.00000  23.5%  14.1   77s
 137178 62771   82.00000   48   16   85.00000   65.00000  23.5%  14.1   80s
 145417 66469   82.00000   52   33   85.00000   65.00000  23.5%  14.3   85s
 154531 69658   77.00000   39   21   85.00000   67.00000  21.2%  14.2   90s
 164050 72659   82.00000   50    5   85.00000   68.00000  20.0%  14.1   95s
 172835 75582   73.00000   43   32   85.00000   68.00000  20.0%  14.1  100s
 183073 79146   75.00000   47    6   85.00000   70.00000  17.6%  14.0  105s
 193631 82820   82.00000   43   22   85.00000   70.00000  17.6%  13.9  110s
 204137 86404   75.00000   48    5   85.00000   70.00000  17.6%  13.8  115s
 214950 90014   70.00000   43    7   85.00000   70.00000  17.6%  13.6  120s
 225553 93741   82.00000   56    7   85.00000   70.00000  17.6%  13.6  125s
 236139 97516   82.00000   41    4   85.00000   70.00000  17.6%  13.5  130s
 245895 100898   75.00000   44    6   85.00000   70.00000  17.6%  13.4  135s
 256953 104743   82.00000   55    3   85.00000   70.00000  17.6%  13.3  140s
 267865 108487   82.00000   47    7   85.00000   70.00000  17.6%  13.3  145s
 278491 112075   75.00000   45   18   85.00000   70.00000  17.6%  13.2  150s
 289664 115949   82.00000   53    3   85.00000   70.00000  17.6%  13.2  155s
 299491 119212   82.00000   56   23   85.00000   70.00000  17.6%  13.1  160s
 310498 122968   77.00000   45   10   85.00000   70.00000  17.6%  13.1  165s
 320650 126301   82.00000   53    6   85.00000   70.00000  17.6%  13.0  170s
 331269 129933   75.00000   38    5   85.00000   70.00000  17.6%  13.0  175s
 341828 133575   82.00000   47   24   85.00000   70.00000  17.6%  13.0  180s
 351405 136747   75.00000   52    6   85.00000   70.00000  17.6%  13.0  185s
 362076 140407   82.00000   52    5   85.00000   70.00000  17.6%  13.0  190s
 371862 143741     cutoff   46        85.00000   70.00000  17.6%  12.9  195s
 381669 147073   72.00000   38   12   85.00000   70.00000  17.6%  13.0  200s
 391005 150318   82.00000   51    7   85.00000   70.00000  17.6%  12.9  205s
 400954 153698   75.00000   50   10   85.00000   70.00000  17.6%  12.9  210s
 409839 156500     cutoff   49        85.00000   70.00000  17.6%  13.0  215s
 419139 159560   82.00000   47    5   85.00000   70.00000  17.6%  13.0  220s
 428070 162488   77.00000   46   28   85.00000   70.00000  17.6%  13.0  225s
 436800 165391   82.60000   45   18   85.00000   70.00000  17.6%  13.0  230s
 445213 168017   82.00000   43   14   85.00000   70.00000  17.6%  13.1  235s
 453554 170804   82.00000   53   19   85.00000   70.00000  17.6%  13.1  240s
 461502 173416   77.00000   49   14   85.00000   70.00000  17.6%  13.1  245s
 469113 175838   82.00000   44   20   85.00000   70.00000  17.6%  13.2  250s
 476951 178337   82.00000   54   25   85.00000   70.00000  17.6%  13.2  255s
 484325 180695   82.00000   42   26   85.00000   70.00000  17.6%  13.3  260s
 491987 183113   75.00000   41   25   85.00000   70.00000  17.6%  13.3  265s
 498697 185294   80.00000   42   39   85.00000   70.00000  17.6%  13.4  270s
 504999 187070   75.00000   47   38   85.00000   70.00000  17.6%  13.5  275s
 511697 189165   77.00000   48   30   85.00000   70.00000  17.6%  13.5  280s
 520586 190581     cutoff   52        85.00000   72.00000  15.3%  13.5  285s
 530974 193542   82.00000   38    5   85.00000   72.00000  15.3%  13.5  290s
 541044 196570   82.00000   49    3   85.00000   72.00000  15.3%  13.5  295s
 551933 199741   82.00000   47    4   85.00000   72.00000  15.3%  13.4  300s
 562547 202863   72.00000   41   29   85.00000   72.00000  15.3%  13.4  305s
 571771 205601   82.00000   47    5   85.00000   72.00000  15.3%  13.4  310s
 581091 208366   82.00000   49   18   85.00000   72.00000  15.3%  13.4  315s
 589493 210499   82.90000   47   14   85.00000   72.00000  15.3%  13.4  320s
 597088 212305   82.00000   48   18   85.00000   72.00000  15.3%  13.4  325s
 604407 214174   77.00000   46   23   85.00000   72.00000  15.3%  13.5  330s
 612595 215175   78.00000   46    9   85.00000   73.00000  14.1%  13.5  335s
 622295 215940   77.00000   44   17   85.00000   73.00000  14.1%  13.4  340s
 630388 216478     cutoff   46        85.00000   73.00000  14.1%  13.4  345s
 639224 217694   80.00000   44    3   85.00000   75.00000  11.8%  13.4  350s
 649865 218259   82.00000   39    3   85.00000   75.00000  11.8%  13.4  355s
 661353 218785   82.00000   42    3   85.00000   75.00000  11.8%  13.3  360s
 672504 219369   82.00000   39    4   85.00000   75.00000  11.8%  13.3  365s
 683519 219981   82.00000   46    5   85.00000   75.00000  11.8%  13.3  370s
 694376 220724   82.00000   43    3   85.00000   75.00000  11.8%  13.2  375s
 706074 221392   82.00000   46    5   85.00000   75.00000  11.8%  13.2  380s
 717378 222278   82.00000   51    4   85.00000   75.00000  11.8%  13.1  385s
 729114 223629   78.50000   51    5   85.00000   75.00000  11.8%  13.1  390s
 739639 224606   82.00000   56    7   85.00000   75.00000  11.8%  13.1  395s
 751303 225742   82.00000   42    3   85.00000   75.00000  11.8%  13.0  400s
 761870 226665   82.00000   47    4   85.00000   75.00000  11.8%  13.0  405s
 772638 227685   82.69231   53    1   85.00000   75.00000  11.8%  13.0  410s
 784190 228798     cutoff   50        85.00000   75.00000  11.8%  13.0  415s
 795390 229939   75.00000   46    5   85.00000   75.00000  11.8%  12.9  420s
 806688 231112     cutoff   41        85.00000   75.00000  11.8%  12.9  425s
 817886 232298   82.00000   46    4   85.00000   75.00000  11.8%  12.9  430s
 829159 233689   82.00000   55    7   85.00000   75.00000  11.8%  12.9  435s
 840656 234998   75.00000   42    5   85.00000   75.00000  11.8%  12.8  440s
 851974 236305   82.00000   51    3   85.00000   75.00000  11.8%  12.8  445s
 862578 237434   82.00000   45    7   85.00000   75.00000  11.8%  12.8  450s
 873400 238481     cutoff   48        85.00000   75.00000  11.8%  12.8  455s
 884981 239675   82.00000   50    6   85.00000   75.00000  11.8%  12.8  460s
 895692 241078   82.00000   52    6   85.00000   75.00000  11.8%  12.7  465s
 907331 242498   82.00000   49    2   85.00000   75.00000  11.8%  12.7  470s
 918488 243911   82.00000   42    5   85.00000   75.00000  11.8%  12.7  475s
 929462 245391     cutoff   51        85.00000   75.00000  11.8%  12.7  480s
 939981 246951     cutoff   55        85.00000   75.00000  11.8%  12.7  485s
 951018 248564   77.00000   46    6   85.00000   75.00000  11.8%  12.7  490s
 961918 250166   82.00000   50    6   85.00000   75.00000  11.8%  12.7  495s
 973507 251696   82.00000   50    8   85.00000   75.00000  11.8%  12.6  500s
 984887 253071     cutoff   52        85.00000   75.00000  11.8%  12.6  505s
 995296 254422   82.00000   49    4   85.00000   75.00000  11.8%  12.6  510s
 1005839 255740   82.00000   51    3   85.00000   75.00000  11.8%  12.6  515s
 1016227 257127   75.00000   46    6   85.00000   75.00000  11.8%  12.6  520s
 1026703 258591   82.00000   43    5   85.00000   75.00000  11.8%  12.6  525s
 1037571 260097   82.00000   49    4   85.00000   75.00000  11.8%  12.6  530s
 1048709 261745   82.00000   46    4   85.00000   75.00000  11.8%  12.6  535s
 1059139 263118     cutoff   54        85.00000   75.00000  11.8%  12.6  540s
 1070152 264502     cutoff   56        85.00000   75.00000  11.8%  12.5  545s
 1080121 265728   82.00000   56    4   85.00000   75.00000  11.8%  12.5  550s
 1089939 266844   82.00000   52   10   85.00000   75.00000  11.8%  12.5  555s
 1100051 268216   77.00000   48    5   85.00000   75.00000  11.8%  12.5  560s
 1110558 269560     cutoff   50        85.00000   75.00000  11.8%  12.5  565s
 1120420 270801   82.00000   42   20   85.00000   75.00000  11.8%  12.5  570s
 1131167 272169   83.00000   49    5   85.00000   75.00000  11.8%  12.5  575s
 1141040 273591   82.00000   55    6   85.00000   75.00000  11.8%  12.5  580s
 1151307 274977   75.00000   51   10   85.00000   75.00000  11.8%  12.5  585s
 1161538 276290   82.00000   42    9   85.00000   75.00000  11.8%  12.5  590s
 1171231 277455   75.00000   47   10   85.00000   75.00000  11.8%  12.5  595s
 1180825 278709   82.00000   52    9   85.00000   75.00000  11.8%  12.5  600s
 1191205 280103   80.00000   55    9   85.00000   75.00000  11.8%  12.5  605s
 1200006 281301     cutoff   56        85.00000   75.00000  11.8%  12.5  610s
 1210465 282723   82.00000   46    5   85.00000   75.00000  11.8%  12.5  615s
 1220372 283916   82.00000   52   13   85.00000   75.00000  11.8%  12.5  620s
 1229669 285044   82.00000   49   19   85.00000   75.00000  11.8%  12.5  625s
 1238622 285990   82.00000   44   23   85.00000   75.00000  11.8%  12.5  630s
 1248265 286975   82.00000   45   13   85.00000   75.00000  11.8%  12.5  635s
 1257864 288046   82.00000   49   20   85.00000   75.00000  11.8%  12.5  640s
 1267042 289268   82.00000   41   15   85.00000   75.00000  11.8%  12.5  645s
 1276576 290263   82.00000   44   18   85.00000   75.00000  11.8%  12.5  650s
 1285312 291236   82.00000   51   11   85.00000   75.00000  11.8%  12.5  655s
 1294226 292172   82.00000   44   20   85.00000   75.00000  11.8%  12.5  660s
 1303120 293157   78.00000   49   21   85.00000   75.00000  11.8%  12.6  665s
 1312100 294162   82.00000   50   24   85.00000   75.00000  11.8%  12.6  670s
 1320558 295078   82.90000   50   16   85.00000   75.00000  11.8%  12.6  675s
 1329156 296268   75.00000   42   22   85.00000   75.00000  11.8%  12.6  680s
 1338116 297084   77.00000   50   22   85.00000   75.00000  11.8%  12.6  685s
 1346726 297938   82.00000   42   22   85.00000   75.00000  11.8%  12.6  690s
 1354794 298847   82.00000   48   23   85.00000   75.00000  11.8%  12.6  695s
 1363799 299994     cutoff   56        85.00000   75.00000  11.8%  12.6  700s
 1372089 301023   75.00000   46   23   85.00000   75.00000  11.8%  12.6  705s
 1380121 302064   82.00000   53   23   85.00000   75.00000  11.8%  12.7  710s
 1388092 303154   82.00000   55   21   85.00000   75.00000  11.8%  12.7  715s
 1395364 304047   82.00000   55   20   85.00000   75.00000  11.8%  12.7  720s
 1403224 305016     cutoff   51        85.00000   75.00000  11.8%  12.7  725s
 1410920 306045   82.00000   53   24   85.00000   75.00000  11.8%  12.7  730s
 1418513 307074   82.00000   48   26   85.00000   75.00000  11.8%  12.7  735s
 1426077 307981   82.00000   55   25   85.00000   75.00000  11.8%  12.7  740s
 1433322 308947   82.00000   57   27   85.00000   75.00000  11.8%  12.8  745s
 1439809 309817     cutoff   54        85.00000   75.00000  11.8%  12.8  750s
 1446295 310609     cutoff   50        85.00000   75.00000  11.8%  12.8  755s
 1453017 311350   75.00000   48   19   85.00000   75.00000  11.8%  12.8  760s
 1459975 312339   78.06250   50   32   85.00000   75.00000  11.8%  12.8  765s
 1467117 313068   82.00000   48   10   85.00000   75.00000  11.8%  12.9  770s
 1477034 313707   82.00000   53   24   85.00000   76.12500  10.4%  12.8  775s
 1488373 314512     cutoff   45        85.00000   77.00000  9.41%  12.8  780s
 1498730 315210   82.00000   50   13   85.00000   77.00000  9.41%  12.8  785s
 1510463 316118   82.00000   49    5   85.00000   77.00000  9.41%  12.8  790s
 1521497 317517   82.00000   41   17   85.00000   77.00000  9.41%  12.8  795s
 1532389 318976   82.00000   46    5   85.00000   77.00000  9.41%  12.8  800s
 1543233 320210   82.00000   56    4   85.00000   77.00000  9.41%  12.8  805s
 1554073 321483   82.00000   53    1   85.00000   77.00000  9.41%  12.7  810s
 1564691 322523   82.00000   53    5   85.00000   77.00000  9.41%  12.7  815s
 1575814 323550   82.00000   49    2   85.00000   77.00000  9.41%  12.7  820s
 1586411 324502   82.00000   54    5   85.00000   77.00000  9.41%  12.7  825s
 1596982 325462   82.00000   48    5   85.00000   77.00000  9.41%  12.7  830s
 1607526 327071   82.00000   44    7   85.00000   77.00000  9.41%  12.7  835s
 1618273 328531   82.00000   50    5   85.00000   77.00000  9.41%  12.7  840s
 1629052 330141   82.00000   49    6   85.00000   77.00000  9.41%  12.7  845s
 1639384 331735     cutoff   42        85.00000   77.00000  9.41%  12.7  850s
 1649842 333415   82.00000   50    1   85.00000   77.00000  9.41%  12.6  855s
 1659980 334930   82.00000   41    9   85.00000   77.00000  9.41%  12.6  860s
 1670941 336372   82.00000   46    3   85.00000   77.00000  9.41%  12.6  865s
 1681384 337654     cutoff   48        85.00000   77.00000  9.41%  12.6  870s
 1692091 339054   77.00000   45    7   85.00000   77.00000  9.41%  12.6  875s
 1702561 340723   77.00000   45    7   85.00000   77.00000  9.41%  12.6  880s
 1713199 342266   82.00000   43    4   85.00000   77.00000  9.41%  12.6  885s
 1723663 343477     cutoff   56        85.00000   77.00000  9.41%  12.6  890s
 1734595 344837   78.47059   42    6   85.00000   77.00000  9.41%  12.6  895s
 1744842 346388   82.00000   47   21   85.00000   77.00000  9.41%  12.6  900s
 1755893 348242     cutoff   55        85.00000   77.00000  9.41%  12.6  905s
 1765758 349735   82.00000   54    4   85.00000   77.00000  9.41%  12.5  910s
 1776540 351425   82.00000   49   15   85.00000   77.00000  9.41%  12.5  915s
 1786848 353114   82.00000   45    6   85.00000   77.00000  9.41%  12.5  920s
 1797734 354467   77.00000   52    7   85.00000   77.00000  9.41%  12.5  925s
 1807979 356000     cutoff   46        85.00000   77.00000  9.41%  12.5  930s
 1818399 357660   82.00000   45    5   85.00000   77.00000  9.41%  12.5  935s
 1829121 359350     cutoff   49        85.00000   77.00000  9.41%  12.5  940s
 1839043 360953   82.00000   53   24   85.00000   77.00000  9.41%  12.5  945s
 1849550 362450   82.00000   51    4   85.00000   77.00000  9.41%  12.5  950s
 1859436 363653   82.00000   48    9   85.00000   77.00000  9.41%  12.5  955s
 1870023 365049   82.00000   50    8   85.00000   77.00000  9.41%  12.5  960s
 1879678 366346   82.00000   44    5   85.00000   77.00000  9.41%  12.5  965s
 1889464 367674   77.00000   42    7   85.00000   77.00000  9.41%  12.5  970s
 1899570 368992   80.00000   52   10   85.00000   77.00000  9.41%  12.5  975s
 1909549 370356     cutoff   55        85.00000   77.00000  9.41%  12.5  980s
 1918744 371511   82.00000   48   10   85.00000   77.00000  9.41%  12.5  985s
 1927974 372516   82.00000   49   11   85.00000   77.00000  9.41%  12.5  990s
 1937611 373613     cutoff   52        85.00000   77.00000  9.41%  12.5  995s
 1946167 374720   82.00000   44   12   85.00000   77.00000  9.41%  12.5 1000s
 1955645 375718     cutoff   57        85.00000   77.00000  9.41%  12.5 1005s
 1964277 376639   82.00000   52   17   85.00000   77.00000  9.41%  12.5 1010s
 1973261 377692   82.00000   47   17   85.00000   77.00000  9.41%  12.5 1015s
 1981956 378721   77.00000   45   20   85.00000   77.00000  9.41%  12.5 1020s
 1990240 379350   82.00000   45   19   85.00000   77.00000  9.41%  12.5 1025s
 1999099 380370   82.00000   52   21   85.00000   77.00000  9.41%  12.5 1030s
 2007827 381295   82.00000   54   15   85.00000   77.00000  9.41%  12.5 1035s
 2015997 381875   82.00000   50   22   85.00000   77.00000  9.41%  12.5 1040s
 2024460 382775   82.00000   52   20   85.00000   77.00000  9.41%  12.5 1045s
 2032567 383568   82.00000   48   21   85.00000   77.00000  9.41%  12.5 1050s
 2040795 384184   77.00000   50   23   85.00000   77.00000  9.41%  12.5 1055s
 2048100 384902   77.00000   50   22   85.00000   77.00000  9.41%  12.5 1060s
 2056093 385686     cutoff   57        85.00000   77.00000  9.41%  12.6 1065s
 2063834 386439     cutoff   50        85.00000   77.00000  9.41%  12.6 1070s
 2071488 386900   82.00000   44   22   85.00000   77.00000  9.41%  12.6 1075s
 2079365 387724   82.00000   53   22   85.00000   77.00000  9.41%  12.6 1080s
 2086560 388326   82.00000   57   22   85.00000   77.00000  9.41%  12.6 1085s
 2094145 389304     cutoff   43        85.00000   77.00000  9.41%  12.6 1090s
 2101743 390066   82.00000   43   21   85.00000   77.00000  9.41%  12.6 1095s
 2109058 390878   82.00000   50   20   85.00000   77.00000  9.41%  12.6 1100s
 2116063 391655   82.00000   51   38   85.00000   77.00000  9.41%  12.6 1105s
 2122931 392495   82.00000   54   28   85.00000   77.00000  9.41%  12.7 1110s
 2129399 393074   80.00000   45   19   85.00000   77.00000  9.41%  12.7 1115s
 2135282 393840   82.00000   43   23   85.00000   77.00000  9.41%  12.7 1120s
 2141948 394487     cutoff   49        85.00000   77.00000  9.41%  12.7 1125s
 2149196 395292   82.00000   57   20   85.00000   77.57895  8.73%  12.7 1130s
 2158592 393182   78.00000   47    3   85.00000   78.00000  8.24%  12.7 1135s
 2167905 391279   82.00000   51    3   85.00000   78.00000  8.24%  12.7 1140s
 2176802 389514   78.00000   45    7   85.00000   78.00000  8.24%  12.7 1145s
 2185471 387932   82.00000   52   11   85.00000   78.00000  8.24%  12.7 1150s
 2193655 386161   83.12500   56   21   85.00000   78.00000  8.24%  12.7 1155s
 2201271 384621     cutoff   54        85.00000   78.00000  8.24%  12.7 1160s
 2209038 383539   82.00000   39    5   85.00000   78.47059  7.68%  12.7 1165s
 2217753 383780     cutoff   51        85.00000   79.08333  6.96%  12.7 1170s
 2226194 382802   80.00000   41    2   85.00000   80.00000  5.88%  12.7 1175s
 2233944 380816   80.00000   47   20   85.00000   80.00000  5.88%  12.7 1180s
 2242963 380128   82.00000   39    2   85.00000   82.00000  3.53%  12.7 1185s
 2252262 377761     cutoff   52        85.00000   82.00000  3.53%  12.6 1190s
 2261047 375635   82.00000   44    1   85.00000   82.00000  3.53%  12.6 1195s
 2270548 373238     cutoff   41        85.00000   82.00000  3.53%  12.6 1200s
 2280373 370889     cutoff   56        85.00000   82.00000  3.53%  12.6 1205s
 2290067 368471     cutoff   48        85.00000   82.00000  3.53%  12.6 1210s
 2299980 366150   82.00000   48    1   85.00000   82.00000  3.53%  12.6 1215s
 2309174 363869   82.00000   45   10   85.00000   82.00000  3.53%  12.6 1220s
 2318341 361869   82.69231   46    3   85.00000   82.00000  3.53%  12.6 1225s
 2327100 360045   82.00000   57    9   85.00000   82.00000  3.53%  12.6 1230s
 2335687 358309     cutoff   49        85.00000   82.00000  3.53%  12.6 1235s
 2344861 356516     cutoff   50        85.00000   82.00000  3.53%  12.6 1240s
 2353958 354440   82.00000   50    4   85.00000   82.00000  3.53%  12.6 1245s
 2362380 352432   82.00000   51    4   85.00000   82.00000  3.53%  12.5 1250s
 2371165 350235   82.00000   50    3   85.00000   82.00000  3.53%  12.5 1255s
 2380377 348038   82.00000   54   15   85.00000   82.00000  3.53%  12.5 1260s
 2389180 345865   82.00000   53    2   85.00000   82.00000  3.53%  12.5 1265s
 2398094 343834   82.00000   46    9   85.00000   82.00000  3.53%  12.5 1270s
 2406937 341852   82.00000   43    4   85.00000   82.00000  3.53%  12.5 1275s
 2416130 339989   82.00000   46    3   85.00000   82.00000  3.53%  12.5 1280s
 2424630 338321   82.00000   49    7   85.00000   82.00000  3.53%  12.5 1285s
 2433301 336698   82.00000   48    5   85.00000   82.00000  3.53%  12.5 1290s
 2441774 335067     cutoff   49        85.00000   82.00000  3.53%  12.5 1295s
 2449897 333603   82.00000   45    3   85.00000   82.00000  3.53%  12.5 1300s
 2458623 331872   82.00000   51    6   85.00000   82.00000  3.53%  12.5 1305s
 2467289 330317     cutoff   40        85.00000   82.00000  3.53%  12.5 1310s
 2476020 328679   82.00000   53    5   85.00000   82.00000  3.53%  12.5 1315s
 2484772 327124     cutoff   54        85.00000   82.00000  3.53%  12.5 1320s
 2493344 325544     cutoff   43        85.00000   82.00000  3.53%  12.5 1325s
 2501973 323891   82.00000   48    4   85.00000   82.00000  3.53%  12.5 1330s
 2510399 322405   82.00000   50    1   85.00000   82.00000  3.53%  12.5 1335s
 2518761 320903   82.00000   52    2   85.00000   82.00000  3.53%  12.4 1340s
 2527345 319430   82.00000   53    1   85.00000   82.00000  3.53%  12.4 1345s
 2536646 318041   82.00000   47    6   85.00000   82.00000  3.53%  12.4 1350s
 2545504 316485     cutoff   45        85.00000   82.00000  3.53%  12.4 1355s
 2553710 315104   82.00000   50    3   85.00000   82.00000  3.53%  12.4 1360s
 2562601 313589   82.00000   45    8   85.00000   82.00000  3.53%  12.4 1365s
 2571296 312212     cutoff   48        85.00000   82.00000  3.53%  12.4 1370s
 2580129 310894   82.00000   51    4   85.00000   82.00000  3.53%  12.4 1375s
 2588498 309572     cutoff   51        85.00000   82.00000  3.53%  12.4 1380s
 2597156 308294   82.00000   45    4   85.00000   82.00000  3.53%  12.4 1385s
 2605638 306696   82.00000   51    4   85.00000   82.00000  3.53%  12.4 1390s
 2614477 305171   82.00000   51    4   85.00000   82.00000  3.53%  12.4 1395s
 2623350 303566   82.00000   55    3   85.00000   82.00000  3.53%  12.4 1400s
 2631734 302097     cutoff   53        85.00000   82.00000  3.53%  12.4 1405s
 2640339 300602     cutoff   50        85.00000   82.00000  3.53%  12.4 1410s
 2649009 299055   82.00000   48    4   85.00000   82.00000  3.53%  12.4 1415s
 2657658 297592     cutoff   43        85.00000   82.00000  3.53%  12.4 1420s
 2666245 296158   82.00000   45    3   85.00000   82.00000  3.53%  12.4 1425s
 2674678 294604   82.00000   48    4   85.00000   82.00000  3.53%  12.4 1430s
 2683558 292998   82.00000   49    3   85.00000   82.00000  3.53%  12.4 1435s
 2691572 291541   82.00000   49   17   85.00000   82.00000  3.53%  12.4 1440s
 2700265 289938     cutoff   45        85.00000   82.00000  3.53%  12.4 1445s
 2708343 288454   82.00000   53    4   85.00000   82.00000  3.53%  12.4 1450s
 2717213 286780   82.00000   51    3   85.00000   82.00000  3.53%  12.4 1455s
 2725952 285322   82.00000   46    3   85.00000   82.00000  3.53%  12.4 1460s
 2734573 283920   82.00000   47    4   85.00000   82.00000  3.53%  12.4 1465s
 2743730 282543   82.00000   56    3   85.00000   82.00000  3.53%  12.4 1470s
 2751860 281094   82.00000   50    4   85.00000   82.00000  3.53%  12.4 1475s
 2760720 279299   82.00000   43    5   85.00000   82.00000  3.53%  12.3 1480s
 2769332 277523     cutoff   48        85.00000   82.00000  3.53%  12.3 1485s
 2778036 275578   82.00000   46    3   85.00000   82.00000  3.53%  12.3 1490s
*2785599 273814              48      84.9999998   82.00000  3.53%  12.3 1494s
 2785976 273726   82.00000   52    4   85.00000   82.00000  3.53%  12.3 1495s
 2794473 271878   82.00000   55    5   85.00000   82.00000  3.53%  12.3 1500s
 2803227 270110     cutoff   53        85.00000   82.00000  3.53%  12.3 1505s
 2811543 268172   82.00000   56    4   85.00000   82.00000  3.53%  12.3 1510s
 2819878 266271     cutoff   46        85.00000   82.00000  3.53%  12.3 1515s
 2828536 264325   82.00000   47    4   85.00000   82.00000  3.53%  12.3 1520s
 2837034 262491   82.00000   49    4   85.00000   82.00000  3.53%  12.3 1525s
 2845689 261182   82.00000   55    3   85.00000   82.00000  3.53%  12.3 1530s
 2853843 259897   82.00000   50    6   85.00000   82.00000  3.53%  12.3 1535s
 2862278 258595   82.00000   50    6   85.00000   82.00000  3.53%  12.3 1540s
 2870368 257361     cutoff   52        85.00000   82.00000  3.53%  12.3 1545s
 2879919 256105   82.00000   51    2   85.00000   82.00000  3.53%  12.3 1550s
 2889134 254856   82.00000   50    3   85.00000   82.00000  3.53%  12.3 1555s
 2898271 253662   82.00000   50    5   85.00000   82.00000  3.53%  12.3 1560s
 2907718 252446     cutoff   48        85.00000   82.00000  3.53%  12.3 1565s
 2917192 251314     cutoff   47        85.00000   82.00000  3.53%  12.3 1570s
 2926843 250138   82.00000   54    3   85.00000   82.00000  3.53%  12.3 1575s
H2930339 249684                      84.9999996   82.00000  3.53%  12.3 1577s
 2935512 249014   82.00000   53    4   85.00000   82.00000  3.53%  12.3 1580s
 2945209 247800   82.00000   51    6   85.00000   82.00000  3.53%  12.3 1585s
 2955008 246631   82.00000   49    4   85.00000   82.00000  3.53%  12.3 1590s
 2964127 245482     cutoff   52        85.00000   82.00000  3.53%  12.3 1595s
 2973599 244296     cutoff   54        85.00000   82.00000  3.53%  12.3 1600s
 2982646 243219   82.00000   51    6   85.00000   82.00000  3.53%  12.3 1605s
 2992348 242002     cutoff   50        85.00000   82.00000  3.53%  12.2 1610s
 3001370 240790   82.00000   51   15   85.00000   82.00000  3.53%  12.2 1615s
 3010685 239655   82.00000   51    4   85.00000   82.00000  3.53%  12.2 1620s
 3019492 238525   82.00000   47    5   85.00000   82.00000  3.53%  12.2 1625s
 3028818 237345   82.00000   58    7   85.00000   82.00000  3.53%  12.2 1630s
 3037796 236237   82.00000   44    6   85.00000   82.00000  3.53%  12.2 1635s
 3046770 235016   82.00000   47    7   85.00000   82.00000  3.53%  12.2 1640s
 3055758 233750     cutoff   48        85.00000   82.00000  3.53%  12.2 1645s
 3064976 232565   82.69231   55    5   85.00000   82.00000  3.53%  12.2 1650s
 3074302 231354     cutoff   48        85.00000   82.00000  3.53%  12.2 1655s
 3083134 230200   82.00000   48    5   85.00000   82.00000  3.53%  12.2 1660s
 3092262 229055   82.00000   51    5   85.00000   82.00000  3.53%  12.2 1665s
 3101169 227925   82.00000   47    4   85.00000   82.00000  3.53%  12.2 1670s
 3110106 226737     cutoff   48        85.00000   82.00000  3.53%  12.2 1675s
 3119247 225527   82.00000   47    5   85.00000   82.00000  3.53%  12.2 1680s
 3128153 224199   82.00000   47    7   85.00000   82.00000  3.53%  12.2 1685s
 3136757 222950   82.00000   51    5   85.00000   82.00000  3.53%  12.2 1690s
 3146045 221501   82.00000   48    2   85.00000   82.00000  3.53%  12.2 1695s
 3154751 220165     cutoff   54        85.00000   82.00000  3.53%  12.2 1700s
 3163908 218800     cutoff   52        85.00000   82.00000  3.53%  12.2 1705s
 3172870 217767   82.00000   58    3   85.00000   82.00000  3.53%  12.2 1710s
 3181270 216778   82.00000   48    4   85.00000   82.00000  3.53%  12.2 1715s
 3190912 215658     cutoff   43        85.00000   82.00000  3.53%  12.2 1720s
 3200055 214592   82.00000   48    6   85.00000   82.00000  3.53%  12.2 1725s
 3209178 213590   82.00000   50    6   85.00000   82.00000  3.53%  12.2 1730s
 3217897 212679   82.00000   48    5   85.00000   82.00000  3.53%  12.2 1735s
 3227140 211648     cutoff   47        85.00000   82.00000  3.53%  12.2 1740s
 3236200 210657   82.00000   50    5   85.00000   82.00000  3.53%  12.2 1745s
 3245227 209654   82.00000   46    5   85.00000   82.00000  3.53%  12.2 1750s
 3254501 208621   82.00000   47    4   85.00000   82.00000  3.53%  12.2 1755s
 3263660 207591   82.00000   47   18   85.00000   82.00000  3.53%  12.2 1760s
 3272261 206638   82.00000   50    4   85.00000   82.00000  3.53%  12.2 1765s
 3281559 205571   82.00000   46    3   85.00000   82.00000  3.53%  12.2 1770s
H3289965 204572                      84.9999992   82.00000  3.53%  12.2 1774s
 3290060 204564   82.00000   51    1   85.00000   82.00000  3.53%  12.2 1775s
 3298898 203528   82.00000   52   23   85.00000   82.00000  3.53%  12.2 1780s
 3307763 202521   82.00000   46    3   85.00000   82.00000  3.53%  12.2 1785s
 3316837 201478   82.00000   46    5   85.00000   82.00000  3.53%  12.2 1790s
 3326145 200395   82.00000   55   22   85.00000   82.00000  3.53%  12.2 1795s

Cutting planes:
  Gomory: 5
  Cover: 7
  Implied bound: 2
  Projected implied bound: 1
  MIR: 3
  Flow cover: 12
  RLT: 4
  Relax-and-lift: 1

Explored 3334749 nodes (40559160 simplex iterations) in 1800.00 seconds (1694.99 work units)
Thread count was 1 (of 96 available processors)

Solution count 10: 85 85 85 ... 107

Time limit reached
Best objective 8.499999923176e+01, best bound 8.200000000000e+01, gap 3.5294%
WARNING: Loading a SolverResults object with an 'aborted' status, but
    containing a solution

Instance 13_5, formulation altered, reform hull:
  Rect 0: x = 0.00, y = 14.00
  Rect 1: x = 25.00, y = 14.00
  Rect 2: x = 0.00, y = 4.00
  Rect 3: x = 30.00, y = 14.00
  Rect 4: x = 57.00, y = 13.00
  Rect 5: x = 40.00, y = 15.00
  Rect 6: x = 45.00, y = 14.00
  Rect 7: x = 73.00, y = 15.00
  Rect 8: x = 64.00, y = 13.00
  Rect 9: x = 15.00, y = 13.00
  Rect 10: x = 0.00, y = 15.00
  Rect 11: x = 75.00, y = 4.00
  Rect 12: x = 22.00, y = 13.00
  → saved figures to strip_figures/13_5_altered_hull.png and strip_figures/13_5_altered_hull.pdf
Set parameter TokenServer to value "mooring.ecn.purdue.edu"
Read LP format model from file /tmp/tmp7h32s0xs.pyomo.lp
Reading time = 0.00 seconds
x340: 1028 rows, 340 columns, 2523 nonzeros
Set parameter TimeLimit to value 1800
Set parameter Threads to value 1
Gurobi Optimizer version 11.0.0 build v11.0.0rc2 (linux64 - "Oracle Linux Server 9.6")

CPU model: AMD EPYC 7643 48-Core Processor, instruction set [SSE2|AVX|AVX2]
Thread count: 48 physical cores, 96 logical processors, using up to 1 threads

Optimize a model with 1028 rows, 340 columns and 2523 nonzeros
Model fingerprint: 0x00540f60
Variable types: 28 continuous, 312 integer (312 binary)
Coefficient statistics:
  Matrix range     [1e+00, 1e+02]
  Objective range  [1e+00, 1e+00]
  Bounds range     [1e+00, 1e+02]
  RHS range        [1e+00, 1e+02]
Presolve removed 790 rows and 168 columns
Presolve time: 0.00s
Presolved: 238 rows, 172 columns, 720 nonzeros
Variable types: 25 continuous, 147 integer (147 binary)
Found heuristic solution: objective 113.0000000

Root relaxation: objective 2.700000e+01, 98 iterations, 0.00 seconds (0.00 work units)

    Nodes    |    Current Node    |     Objective Bounds      |     Work
 Expl Unexpl |  Obj  Depth IntInf | Incumbent    BestBd   Gap | It/Node Time

     0     0   27.00000    0   22  113.00000   27.00000  76.1%     -    0s
H    0     0                      85.0000000   27.00000  68.2%     -    0s
     0     0   40.56381    0   54   85.00000   40.56381  52.3%     -    0s
     0     0   48.77647    0   55   85.00000   48.77647  42.6%     -    0s
     0     0   49.19164    0   49   85.00000   49.19164  42.1%     -    0s
     0     0   50.37364    0   49   85.00000   50.37364  40.7%     -    0s
     0     0   50.37364    0   48   85.00000   50.37364  40.7%     -    0s
     0     0   50.57101    0   48   85.00000   50.57101  40.5%     -    0s
     0     0   50.57101    0   46   85.00000   50.57101  40.5%     -    0s
     0     0   50.57101    0   47   85.00000   50.57101  40.5%     -    0s
     0     0   50.57101    0   44   85.00000   50.57101  40.5%     -    0s
     0     0   50.57101    0   44   85.00000   50.57101  40.5%     -    0s
     0     0   50.57101    0   44   85.00000   50.57101  40.5%     -    0s
     0     2   50.88382    0   42   85.00000   50.88382  40.1%     -    0s
H  841   368                      85.0000000   58.48824  31.2%  17.6    0s
 10202  1877   77.75226   25   20   85.00000   72.77143  14.4%  14.8    5s
 20106  1037     cutoff   39        85.00000   80.26718  5.57%  14.5   10s

Cutting planes:
  Gomory: 55
  Cover: 50
  Implied bound: 31
  Clique: 7
  MIR: 54
  Flow cover: 180
  GUB cover: 1
  Inf proof: 144
  Zero half: 2
  RLT: 5
  Relax-and-lift: 7

Explored 22392 nodes (322776 simplex iterations) in 11.18 seconds (9.90 work units)
Thread count was 1 (of 96 available processors)

Solution count 3: 85 85 113 

Optimal solution found (tolerance 1.00e-04)
Best objective 8.499999999140e+01, best bound 8.499999999140e+01, gap 0.0000%

Instance 13_5, formulation tres, reform bigm:
  Rect 0: x = 24.00, y = 13.00
  Rect 1: x = 48.00, y = 15.00
  Rect 2: x = 17.00, y = 4.00
  Rect 3: x = 56.00, y = 15.00
  Rect 4: x = 78.00, y = 13.00
  Rect 5: x = 66.00, y = 11.00
  Rect 6: x = 0.00, y = 14.00
  Rect 7: x = 12.00, y = 15.00
  Rect 8: x = 39.00, y = 14.00
  Rect 9: x = 71.00, y = 14.00
  Rect 10: x = 0.00, y = 1.00
  Rect 11: x = 29.00, y = 4.00
  Rect 12: x = 53.00, y = 14.00
  → saved figures to strip_figures/13_5_tres_bigm.png and strip_figures/13_5_tres_bigm.pdf
Set parameter TokenServer to value "mooring.ecn.purdue.edu"
Read LP format model from file /tmp/tmp_w2ol4nu.pyomo.lp
Reading time = 0.00 seconds
x1588: 3212 rows, 1588 columns, 8451 nonzeros
Set parameter TimeLimit to value 1800
Set parameter Threads to value 1
Gurobi Optimizer version 11.0.0 build v11.0.0rc2 (linux64 - "Oracle Linux Server 9.6")

CPU model: AMD EPYC 7643 48-Core Processor, instruction set [SSE2|AVX|AVX2]
Thread count: 48 physical cores, 96 logical processors, using up to 1 threads

Optimize a model with 3212 rows, 1588 columns and 8451 nonzeros
Model fingerprint: 0xf49ded83
Variable types: 1276 continuous, 312 integer (312 binary)
Coefficient statistics:
  Matrix range     [1e+00, 1e+02]
  Objective range  [1e+00, 1e+00]
  Bounds range     [1e+00, 1e+02]
  RHS range        [1e+00, 2e+01]
Presolve removed 1326 rows and 732 columns
Presolve time: 0.01s
Presolved: 1886 rows, 856 columns, 4930 nonzeros
Variable types: 709 continuous, 147 integer (147 binary)
Found heuristic solution: objective 113.0000000
Found heuristic solution: objective 107.0000000

Root relaxation: objective 2.700000e+01, 391 iterations, 0.00 seconds (0.01 work units)

    Nodes    |    Current Node    |     Objective Bounds      |     Work
 Expl Unexpl |  Obj  Depth IntInf | Incumbent    BestBd   Gap | It/Node Time

     0     0   27.00000    0   46  107.00000   27.00000  74.8%     -    0s
H    0     0                      97.0000000   27.00000  72.2%     -    0s
     0     0   27.00000    0   57   97.00000   27.00000  72.2%     -    0s
H    0     0                      95.0000000   27.00000  71.6%     -    0s
     0     0   27.00000    0   48   95.00000   27.00000  71.6%     -    0s
     0     0   27.00000    0   41   95.00000   27.00000  71.6%     -    0s
     0     0   27.00000    0   41   95.00000   27.00000  71.6%     -    0s
     0     0   27.00000    0   51   95.00000   27.00000  71.6%     -    0s
     0     0   27.00000    0   53   95.00000   27.00000  71.6%     -    0s
     0     0   27.00000    0   41   95.00000   27.00000  71.6%     -    0s
     0     0   27.00000    0   42   95.00000   27.00000  71.6%     -    0s
     0     0   27.00000    0   55   95.00000   27.00000  71.6%     -    0s
     0     0   27.00000    0   53   95.00000   27.00000  71.6%     -    0s
H    0     0                      90.0000000   27.00000  70.0%     -    0s
     0     2   27.00000    0   51   90.00000   27.00000  70.0%     -    0s
*   51    50              35      85.0000000   29.66667  65.1%  26.2    0s
*  837   557              55      85.0000000   34.00000  60.0%  28.6    1s
  4490  2604   48.00000   29   38   85.00000   41.00000  51.8%  22.4    5s
 10203  5875   65.00000   29   53   85.00000   46.00000  45.9%  20.4   11s
 11370  6348   53.00000   30   35   85.00000   46.00000  45.9%  21.2   15s
 18777  8205   82.00000   51   32   85.00000   54.00000  36.5%  18.7   20s
 28376 10441   82.00000   53    4   85.00000   58.00000  31.8%  17.1   25s
 37314 15327   71.00000   45   12   85.00000   58.00000  31.8%  16.5   30s
 46325 19745   70.00000   40    8   85.00000   61.00000  28.2%  16.0   35s
 56100 24427     cutoff   49        85.00000   63.00000  25.9%  15.6   40s
 66128 29350   70.00000   44   13   85.00000   63.00000  25.9%  15.1   45s
 75624 33890     cutoff   52        85.00000   63.00000  25.9%  15.0   50s
 84559 38173   82.00000   45    3   85.00000   65.00000  23.5%  15.0   55s
 96248 43696   75.00000   50    7   85.00000   65.00000  23.5%  14.6   60s
 107386 48980   75.00000   45    8   85.00000   65.00000  23.5%  14.4   65s
 118285 54031   70.00000   38   14   85.00000   65.00000  23.5%  14.2   70s
 128913 59032   70.00000   42   11   85.00000   65.00000  23.5%  14.1   75s
H132693 60854                      85.0000000   65.00000  23.5%  14.1   77s
 137374 62867   70.00000   45   27   85.00000   65.00000  23.5%  14.1   80s
 145600 66559   82.00000   48   29   85.00000   65.00000  23.5%  14.3   85s
 154744 69754   80.00000   43   21   85.00000   67.00000  21.2%  14.2   90s
 164289 72734     cutoff   56        85.00000   68.00000  20.0%  14.1   95s
 173054 75664   82.00000   47   20   85.00000   68.00000  20.0%  14.1  100s
 183366 79237   75.00000   44    5   85.00000   70.00000  17.6%  14.0  105s
 193918 82929   82.00000   50    5   85.00000   70.00000  17.6%  13.9  110s
 204479 86503   82.00000   52    1   85.00000   70.00000  17.6%  13.8  115s
 215089 90065   82.00000   45    7   85.00000   70.00000  17.6%  13.6  120s
 225884 93853   75.00000   52    6   85.00000   70.00000  17.6%  13.6  125s
 236492 97648   82.00000   52    5   85.00000   70.00000  17.6%  13.5  130s
 246261 101021   77.00000   46    6   85.00000   70.00000  17.6%  13.4  135s
 257386 104893   75.00000   44    6   85.00000   70.00000  17.6%  13.3  140s
 268290 108648   82.00000   49   14   85.00000   70.00000  17.6%  13.3  145s
 278946 112229   82.00000   45    3   85.00000   70.00000  17.6%  13.2  150s
 290164 116123   75.00000   48   20   85.00000   70.00000  17.6%  13.2  155s
 300034 119412   82.00000   52    6   85.00000   70.00000  17.6%  13.1  160s
 311023 123167   82.00000   44   16   85.00000   70.00000  17.6%  13.1  165s
 321248 126492   82.00000   52    7   85.00000   70.00000  17.6%  13.0  170s
 331899 130155   82.00000   52    1   85.00000   70.00000  17.6%  13.0  175s
 342373 133771     cutoff   55        85.00000   70.00000  17.6%  13.0  180s
 351992 136944   82.90000   49    3   85.00000   70.00000  17.6%  13.0  185s
 362660 140573     cutoff   49        85.00000   70.00000  17.6%  13.0  190s
 372465 143949   82.00000   51   23   85.00000   70.00000  17.6%  12.9  195s
 381951 147171     cutoff   52        85.00000   70.00000  17.6%  13.0  200s
 391611 150521   82.00000   51    7   85.00000   70.00000  17.6%  12.9  205s
 401564 153868     cutoff   54        85.00000   70.00000  17.6%  12.9  210s
 410454 156744   82.00000   47    8   85.00000   70.00000  17.6%  13.0  215s
 419762 159748   82.00000   47   10   85.00000   70.00000  17.6%  13.0  220s
 428682 162688   70.00000   44   19   85.00000   70.00000  17.6%  13.0  225s
 437470 165595   82.00000   45   17   85.00000   70.00000  17.6%  13.0  230s
 445833 168227     cutoff   50        85.00000   70.00000  17.6%  13.1  235s
 453933 170935   82.00000   48   14   85.00000   70.00000  17.6%  13.1  240s
 462187 173639     cutoff   57        85.00000   70.00000  17.6%  13.1  245s
 469809 176010     cutoff   55        85.00000   70.00000  17.6%  13.2  250s
 477704 178592   82.00000   61   22   85.00000   70.00000  17.6%  13.2  255s
 485069 180947   82.00000   45   16   85.00000   70.00000  17.6%  13.3  260s
 492710 183325   82.00000   47   20   85.00000   70.00000  17.6%  13.3  265s
 499323 185478   77.00000   40   23   85.00000   70.00000  17.6%  13.4  270s
 505705 187281   77.00000   43   27   85.00000   70.00000  17.6%  13.5  275s
 512531 189430   78.00000   50   21   85.00000   70.00000  17.6%  13.5  280s
 521796 190925   77.00000   42    6   85.00000   72.00000  15.3%  13.5  285s
 532260 193896   82.00000   52    8   85.00000   72.00000  15.3%  13.5  290s
 542361 196935   77.00000   42    5   85.00000   72.00000  15.3%  13.5  295s
 553360 200155   77.00000   41    4   85.00000   72.00000  15.3%  13.4  300s
 563466 203101   77.00000   48    5   85.00000   72.00000  15.3%  13.4  305s
 573016 205962   77.00000   46   11   85.00000   72.00000  15.3%  13.4  310s
 582199 208663   72.00000   48   13   85.00000   72.00000  15.3%  13.4  315s
 590422 210724   77.00000   45   21   85.00000   72.00000  15.3%  13.4  320s
 598253 212573   82.00000   50   23   85.00000   72.00000  15.3%  13.4  325s
 605398 214436   82.00000   56   10   85.00000   72.00000  15.3%  13.5  330s
 614139 215346   78.00000   47    6   85.00000   73.00000  14.1%  13.5  335s
 623512 215993   82.90000   47   15   85.00000   73.00000  14.1%  13.4  340s
 631607 216562   80.00000   51   21   85.00000   73.00000  14.1%  13.4  345s
 641175 217790   75.00000   40    3   85.00000   75.00000  11.8%  13.4  350s
 651804 218348   82.00000   56    2   85.00000   75.00000  11.8%  13.4  355s
 663381 218915   82.00000   48   22   85.00000   75.00000  11.8%  13.3  360s
 674540 219508     cutoff   51        85.00000   75.00000  11.8%  13.3  365s
 685610 220120   82.00000   50    4   85.00000   75.00000  11.8%  13.2  370s
 696474 220859     cutoff   56        85.00000   75.00000  11.8%  13.2  375s
 708249 221562     cutoff   57        85.00000   75.00000  11.8%  13.2  380s
 719423 222484     cutoff   50        85.00000   75.00000  11.8%  13.1  385s
 730565 223780   82.00000   43    5   85.00000   75.00000  11.8%  13.1  390s
 741856 224799   82.00000   48    2   85.00000   75.00000  11.8%  13.1  395s
 753508 225886   82.00000   50    4   85.00000   75.00000  11.8%  13.0  400s
 764016 226806   75.00000   45    5   85.00000   75.00000  11.8%  13.0  405s
 774999 227953   82.00000   45    5   85.00000   75.00000  11.8%  13.0  410s
 786578 229030   82.00000   49    1   85.00000   75.00000  11.8%  13.0  415s
 797862 230226   82.00000   56    5   85.00000   75.00000  11.8%  12.9  420s
 809077 231351   78.00000   42    4   85.00000   75.00000  11.8%  12.9  425s
 820208 232532   82.00000   51    7   85.00000   75.00000  11.8%  12.9  430s
 831703 233952   82.00000   45    3   85.00000   75.00000  11.8%  12.9  435s
 843274 235305   82.00000   47    6   85.00000   75.00000  11.8%  12.8  440s
 854224 236493   82.00000   54    7   85.00000   75.00000  11.8%  12.8  445s
 865327 237690   82.00000   53    4   85.00000   75.00000  11.8%  12.8  450s
 876180 238795   82.00000   50    5   85.00000   75.00000  11.8%  12.8  455s
 887547 240028   82.00000   53    3   85.00000   75.00000  11.8%  12.8  460s
 898458 241413   82.00000   47    6   85.00000   75.00000  11.8%  12.7  465s
 909887 242766   82.00000   48    4   85.00000   75.00000  11.8%  12.7  470s
 921386 244320   75.00000   45    8   85.00000   75.00000  11.8%  12.7  475s
 932199 245774   82.00000   48    5   85.00000   75.00000  11.8%  12.7  480s
 942222 247222   75.00000   38    5   85.00000   75.00000  11.8%  12.7  485s
 953999 249018   82.00000   53    7   85.00000   75.00000  11.8%  12.7  490s
 965002 250585   82.00000   52    5   85.00000   75.00000  11.8%  12.6  495s
 976515 252092   82.00000   44    5   85.00000   75.00000  11.8%  12.6  500s
 987470 253406   82.00000   48    1   85.00000   75.00000  11.8%  12.6  505s
 998220 254759   82.00000   50    4   85.00000   75.00000  11.8%  12.6  510s
 1008777 256115   82.00000   52    7   85.00000   75.00000  11.8%  12.6  515s
 1019441 257552   78.00000   47    5   85.00000   75.00000  11.8%  12.6  520s
 1029964 258983   82.00000   48    1   85.00000   75.00000  11.8%  12.6  525s
 1040765 260527   82.00000   51   10   85.00000   75.00000  11.8%  12.6  530s
 1051423 262124   82.00000   39    4   85.00000   75.00000  11.8%  12.6  535s
 1062266 263486     cutoff   46        85.00000   75.00000  11.8%  12.6  540s
 1072928 264870   82.00000   46    8   85.00000   75.00000  11.8%  12.5  545s
 1083390 266068   82.00000   41    9   85.00000   75.00000  11.8%  12.5  550s
 1093330 267325     cutoff   50        85.00000   75.00000  11.8%  12.5  555s
 1103322 268674   82.00000   43    3   85.00000   75.00000  11.8%  12.5  560s
 1113119 269907   82.00000   53   10   85.00000   75.00000  11.8%  12.5  565s
 1123859 271236   82.00000   49    3   85.00000   75.00000  11.8%  12.5  570s
 1134637 272706     cutoff   55        85.00000   75.00000  11.8%  12.5  575s
 1144545 274013   82.00000   48   26   85.00000   75.00000  11.8%  12.5  580s
 1154829 275486   80.00000   49   16   85.00000   75.00000  11.8%  12.5  585s
 1164436 276568   82.00000   54    3   85.00000   75.00000  11.8%  12.5  590s
 1174176 277843   82.00000   47    2   85.00000   75.00000  11.8%  12.5  595s
 1184558 279149   75.00000   48   28   85.00000   75.00000  11.8%  12.5  600s
 1194167 280468   82.00000   54    9   85.00000   75.00000  11.8%  12.5  605s
 1203925 281793   75.00000   42    8   85.00000   75.00000  11.8%  12.5  610s
 1214330 283193     cutoff   47        85.00000   75.00000  11.8%  12.5  615s
 1224240 284369   82.00000   47    9   85.00000   75.00000  11.8%  12.5  620s
 1233405 285386   82.00000   51   17   85.00000   75.00000  11.8%  12.5  625s
 1242623 286398   82.00000   52   17   85.00000   75.00000  11.8%  12.5  630s
 1252088 287394   82.00000   51   16   85.00000   75.00000  11.8%  12.5  635s
 1261884 288562   82.00000   58   12   85.00000   75.00000  11.8%  12.5  640s
 1270877 289713   82.00000   47   17   85.00000   75.00000  11.8%  12.5  645s
 1279801 290637   82.00000   45   15   85.00000   75.00000  11.8%  12.5  650s
 1288765 291545   82.00000   49   17   85.00000   75.00000  11.8%  12.5  655s
 1298307 292673   82.00000   49   16   85.00000   75.00000  11.8%  12.6  660s
 1306905 293611     cutoff   55        85.00000   75.00000  11.8%  12.6  665s
 1315331 294506   77.00000   45   25   85.00000   75.00000  11.8%  12.6  670s
 1324017 295622   82.00000   54   16   85.00000   75.00000  11.8%  12.6  675s
 1333081 296724   82.00000   46   20   85.00000   75.00000  11.8%  12.6  680s
 1341736 297433   75.00000   45   20   85.00000   75.00000  11.8%  12.6  685s
 1350293 298374   75.00000   47   23   85.00000   75.00000  11.8%  12.6  690s
 1358791 299408   82.00000   51   22   85.00000   75.00000  11.8%  12.6  695s
 1367459 300372   82.00000   50   20   85.00000   75.00000  11.8%  12.6  700s
 1375945 301531   82.00000   48   24   85.00000   75.00000  11.8%  12.6  705s
 1383840 302561   82.00000   52   23   85.00000   75.00000  11.8%  12.7  710s
 1391494 303522   82.00000   48   18   85.00000   75.00000  11.8%  12.7  715s
 1398791 304470     cutoff   52        85.00000   75.00000  11.8%  12.7  720s
 1406486 305448   75.00000   44   20   85.00000   75.00000  11.8%  12.7  725s
 1414580 306565   82.00000   54   28   85.00000   75.00000  11.8%  12.7  730s
 1421890 307556   82.00000   54   23   85.00000   75.00000  11.8%  12.7  735s
 1429371 308372   75.00000   47   30   85.00000   75.00000  11.8%  12.7  740s
 1436223 309368   82.00000   52   32   85.00000   75.00000  11.8%  12.8  745s
 1442730 310243   75.00000   45   31   85.00000   75.00000  11.8%  12.8  750s
 1449402 310935   82.00000   53   23   85.00000   75.00000  11.8%  12.8  755s
 1456160 311838   82.00000   52   27   85.00000   75.00000  11.8%  12.8  760s
 1463219 312737   75.00000   49   27   85.00000   75.00000  11.8%  12.9  765s
 1472286 313594   82.00000   46   20   85.00000   75.41176  11.3%  12.9  770s
 1482050 314017   83.12500   48    1   85.00000   77.00000  9.41%  12.8  775s
 1492812 314920   77.00000   42    4   85.00000   77.00000  9.41%  12.8  780s
 1504103 315420   82.00000   46    4   85.00000   77.00000  9.41%  12.8  785s
 1515854 316804     cutoff   47        85.00000   77.00000  9.41%  12.8  790s
 1526434 318168   83.12500   40    3   85.00000   77.00000  9.41%  12.8  795s
 1537770 319724     cutoff   57        85.00000   77.00000  9.41%  12.8  800s
 1548546 320784     cutoff   52        85.00000   77.00000  9.41%  12.7  805s
 1559447 322035     cutoff   48        85.00000   77.00000  9.41%  12.7  810s
 1569886 322982   82.00000   48    4   85.00000   77.00000  9.41%  12.7  815s
 1581011 324049   82.00000   46    6   85.00000   77.00000  9.41%  12.7  820s
 1591263 324898   82.00000   48    5   85.00000   77.00000  9.41%  12.7  825s
 1601848 326229   82.00000   41   23   85.00000   77.00000  9.41%  12.7  830s
 1612845 327815   80.00000   44    4   85.00000   77.00000  9.41%  12.7  835s
 1623297 329236   82.00000   42    5   85.00000   77.00000  9.41%  12.7  840s
 1633771 330846   80.00000   43    4   85.00000   77.00000  9.41%  12.7  845s
 1644881 332712   82.00000   50    8   85.00000   77.00000  9.41%  12.6  850s
 1655025 334197   82.00000   42    5   85.00000   77.00000  9.41%  12.6  855s
 1665417 335603   82.00000   50    6   85.00000   77.00000  9.41%  12.6  860s
 1676354 337082   82.00000   48    6   85.00000   77.00000  9.41%  12.6  865s
 1686817 338299   82.00000   53    4   85.00000   77.00000  9.41%  12.6  870s
 1697356 339854   82.00000   52   20   85.00000   77.00000  9.41%  12.6  875s
 1708311 341688   77.00000   40   24   85.00000   77.00000  9.41%  12.6  880s
 1718870 342986   77.00000   47    6   85.00000   77.00000  9.41%  12.6  885s
 1729038 344151   80.00000   45    3   85.00000   77.00000  9.41%  12.6  890s
 1740104 345714   82.00000   52    1   85.00000   77.00000  9.41%  12.6  895s
 1750581 347330   82.00000   46    5   85.00000   77.00000  9.41%  12.6  900s
 1760414 348927   82.00000   49    6   85.00000   77.00000  9.41%  12.6  905s
 1771388 350628   82.00000   47    6   85.00000   77.00000  9.41%  12.5  910s
 1781559 352176     cutoff   52        85.00000   77.00000  9.41%  12.5  915s
 1792817 353870   82.00000   50   23   85.00000   77.00000  9.41%  12.5  920s
 1803188 355282   77.00000   44    7   85.00000   77.00000  9.41%  12.5  925s
 1813619 356815   77.00000   39   10   85.00000   77.00000  9.41%  12.5  930s
 1824241 358620   77.00000   48   12   85.00000   77.00000  9.41%  12.5  935s
 1833936 360124   82.00000   55   10   85.00000   77.00000  9.41%  12.5  940s
 1844780 361819   82.00000   45   21   85.00000   77.00000  9.41%  12.5  945s
 1854611 363118   80.00000   50    8   85.00000   77.00000  9.41%  12.5  950s
 1865235 364363   77.00000   46    5   85.00000   77.00000  9.41%  12.5  955s
 1875034 365755   77.00000   43    7   85.00000   77.00000  9.41%  12.5  960s
 1885488 367176   82.00000   51   21   85.00000   77.00000  9.41%  12.5  965s
 1895116 368268   77.00000   43   10   85.00000   77.00000  9.41%  12.5  970s
 1905185 369704   82.00000   47   16   85.00000   77.00000  9.41%  12.5  975s
 1914588 371000   77.00000   43   11   85.00000   77.00000  9.41%  12.5  980s
 1923565 371949     cutoff   55        85.00000   77.00000  9.41%  12.5  985s
 1933412 373125   82.00000   49    8   85.00000   77.00000  9.41%  12.5  990s
 1942451 374277   77.00000   45   15   85.00000   77.00000  9.41%  12.5  995s
 1951695 375267   82.00000   54   14   85.00000   77.00000  9.41%  12.5 1000s
 1960851 376287     cutoff   56        85.00000   77.00000  9.41%  12.5 1005s
 1969608 377246   82.00000   58   19   85.00000   77.00000  9.41%  12.5 1010s
 1978256 378294   82.00000   45   22   85.00000   77.00000  9.41%  12.5 1015s
 1986987 378997   82.00000   52    2   85.00000   77.00000  9.41%  12.5 1020s
 1995484 379948   82.00000   49   19   85.00000   77.00000  9.41%  12.5 1025s
 2004242 380872   77.00000   47    7   85.00000   77.00000  9.41%  12.5 1030s
 2012413 381813   82.00000   46   19   85.00000   77.00000  9.41%  12.5 1035s
 2020971 382446   82.00000   46   17   85.00000   77.00000  9.41%  12.5 1040s
 2029059 383216     cutoff   46        85.00000   77.00000  9.41%  12.5 1045s
 2037596 383796   83.12500   47   15   85.00000   77.00000  9.41%  12.5 1050s
 2045285 384611   82.00000   45   24   85.00000   77.00000  9.41%  12.5 1055s
 2052957 385388   82.00000   48   21   85.00000   77.00000  9.41%  12.6 1060s
 2061065 386205   82.00000   50   16   85.00000   77.00000  9.41%  12.6 1065s
 2068470 386520   82.00000   40   22   85.00000   77.00000  9.41%  12.6 1070s
 2076321 387403   82.00000   49   33   85.00000   77.00000  9.41%  12.6 1075s
 2083933 388224   77.00000   42   22   85.00000   77.00000  9.41%  12.6 1080s
 2091587 389038   77.00000   47   25   85.00000   77.00000  9.41%  12.6 1085s
 2098886 389740   82.00000   52   39   85.00000   77.00000  9.41%  12.6 1090s
 2106279 390400   82.00000   53   26   85.00000   77.00000  9.41%  12.6 1095s
 2113590 391373   82.00000   43   25   85.00000   77.00000  9.41%  12.6 1100s
 2120487 392232     cutoff   54        85.00000   77.00000  9.41%  12.7 1105s
 2127152 392824   82.00000   46   34   85.00000   77.00000  9.41%  12.7 1110s
 2133088 393540   80.00000   43   42   85.00000   77.00000  9.41%  12.7 1115s
 2139532 394143 infeasible   41        85.00000   77.00000  9.41%  12.7 1120s
 2145845 394895   82.00000   47   27   85.00000   77.00000  9.41%  12.7 1125s
 2155345 393843   78.00000   40    6   85.00000   78.00000  8.24%  12.7 1130s
 2164537 392043   78.00000   41    6   85.00000   78.00000  8.24%  12.7 1135s
 2173826 390038   82.00000   43    8   85.00000   78.00000  8.24%  12.7 1140s
 2182879 388502   78.00000   47   13   85.00000   78.00000  8.24%  12.7 1145s
 2190786 386719   82.90000   53   21   85.00000   78.00000  8.24%  12.7 1150s
 2198568 385181   78.00000   52   24   85.00000   78.00000  8.24%  12.7 1155s
 2206322 383712     cutoff   49        85.00000   78.00000  8.24%  12.7 1160s
 2214621 383701     cutoff   54        85.00000   79.08333  6.96%  12.7 1165s
 2223384 383555     cutoff   44        85.00000   80.00000  5.88%  12.7 1170s
 2231382 381455     cutoff   45        85.00000   80.00000  5.88%  12.7 1175s
 2239597 380284   82.00000   52   19   85.00000   81.58824  4.01%  12.7 1180s
 2249535 378487   82.00000   45    1   85.00000   82.00000  3.53%  12.6 1185s
 2257953 376305   82.00000   44   18   85.00000   82.00000  3.53%  12.6 1190s
 2267526 374422   82.00000   52    1   85.00000   82.00000  3.53%  12.6 1195s
 2276903 371665     cutoff   47        85.00000   82.00000  3.53%  12.6 1200s
 2286682 369323   82.00000   42    4   85.00000   82.00000  3.53%  12.6 1205s
 2297199 366874     cutoff   44        85.00000   82.00000  3.53%  12.6 1210s
 2306842 364412   82.69231   45    1   85.00000   82.00000  3.53%  12.6 1215s
 2315543 362478   82.00000   50    6   85.00000   82.00000  3.53%  12.6 1220s
 2324381 360622   82.00000   45    1   85.00000   82.00000  3.53%  12.6 1225s
 2333243 358764   82.00000   54   20   85.00000   82.00000  3.53%  12.6 1230s
 2342129 357114   82.00000   43    3   85.00000   82.00000  3.53%  12.6 1235s
 2351286 355044     cutoff   48        85.00000   82.00000  3.53%  12.6 1240s
 2359976 352972   82.00000   54    3   85.00000   82.00000  3.53%  12.5 1245s
 2368752 350819     cutoff   51        85.00000   82.00000  3.53%  12.5 1250s
 2377747 348657   82.00000   54   26   85.00000   82.00000  3.53%  12.5 1255s
 2386649 346567     cutoff   49        85.00000   82.00000  3.53%  12.5 1260s
 2395312 344431   82.00000   48    3   85.00000   82.00000  3.53%  12.5 1265s
 2404604 342429   82.00000   41    1   85.00000   82.00000  3.53%  12.5 1270s
 2413441 340459   82.00000   46    5   85.00000   82.00000  3.53%  12.5 1275s
 2422402 338773   82.00000   43    4   85.00000   82.00000  3.53%  12.5 1280s
 2430659 337196     cutoff   49        85.00000   82.00000  3.53%  12.5 1285s
 2439187 335587   82.00000   49    5   85.00000   82.00000  3.53%  12.5 1290s
 2447558 334017   82.00000   44    4   85.00000   82.00000  3.53%  12.5 1295s
 2456013 332387   82.00000   46   21   85.00000   82.00000  3.53%  12.5 1300s
 2464670 330802     cutoff   57        85.00000   82.00000  3.53%  12.5 1305s
 2473618 329106   82.00000   56    3   85.00000   82.00000  3.53%  12.5 1310s
 2482189 327570   82.00000   48    6   85.00000   82.00000  3.53%  12.5 1315s
 2490726 326043   82.00000   49    4   85.00000   82.00000  3.53%  12.5 1320s
 2499477 324366     cutoff   54        85.00000   82.00000  3.53%  12.5 1325s
 2507750 322897     cutoff   49        85.00000   82.00000  3.53%  12.5 1330s
 2516098 321364   82.00000   47    3   85.00000   82.00000  3.53%  12.4 1335s
 2524758 319831   82.00000   47    4   85.00000   82.00000  3.53%  12.4 1340s
 2533884 318433     cutoff   60        85.00000   82.00000  3.53%  12.4 1345s
 2543039 316928   82.00000   47    3   85.00000   82.00000  3.53%  12.4 1350s
 2551349 315500     cutoff   45        85.00000   82.00000  3.53%  12.4 1355s
 2559974 313981     cutoff   50        85.00000   82.00000  3.53%  12.4 1360s
 2568719 312607   82.00000   45    5   85.00000   82.00000  3.53%  12.4 1365s
 2577678 311312     cutoff   44        85.00000   82.00000  3.53%  12.4 1370s
 2585973 309957     cutoff   48        85.00000   82.00000  3.53%  12.4 1375s
 2594846 308624   82.00000   46    6   85.00000   82.00000  3.53%  12.4 1380s
 2603264 307158   82.00000   46    3   85.00000   82.00000  3.53%  12.4 1385s
 2612247 305556   82.00000   49    3   85.00000   82.00000  3.53%  12.4 1390s
 2620935 304015     cutoff   45        85.00000   82.00000  3.53%  12.4 1395s
 2629479 302470   82.00000   47    4   85.00000   82.00000  3.53%  12.4 1400s
 2638179 300997     cutoff   46        85.00000   82.00000  3.53%  12.4 1405s
 2646737 299462   82.00000   50   19   85.00000   82.00000  3.53%  12.4 1410s
 2655346 298025     cutoff   43        85.00000   82.00000  3.53%  12.4 1415s
 2663996 296505   82.00000   48    1   85.00000   82.00000  3.53%  12.4 1420s
 2672824 294952   82.00000   53    4   85.00000   82.00000  3.53%  12.4 1425s
 2681427 293398   82.00000   50    5   85.00000   82.00000  3.53%  12.4 1430s
 2689421 291895   82.00000   53    3   85.00000   82.00000  3.53%  12.4 1435s
 2698182 290324     cutoff   52        85.00000   82.00000  3.53%  12.4 1440s
 2706725 288775   82.00000   51    3   85.00000   82.00000  3.53%  12.4 1445s
 2715056 287169   82.00000   44    6   85.00000   82.00000  3.53%  12.4 1450s
 2723857 285650   82.00000   52    4   85.00000   82.00000  3.53%  12.4 1455s
 2732519 284233   82.00000   55    5   85.00000   82.00000  3.53%  12.4 1460s
 2741555 282853   82.00000   47    3   85.00000   82.00000  3.53%  12.4 1465s
 2749854 281523   82.00000   51   20   85.00000   82.00000  3.53%  12.4 1470s
 2758824 279663   82.00000   49   17   85.00000   82.00000  3.53%  12.3 1475s
 2767570 277911     cutoff   56        85.00000   82.00000  3.53%  12.3 1480s
 2776159 276046   82.00000   50    7   85.00000   82.00000  3.53%  12.3 1485s
 2784244 274112   82.00000   50   23   85.00000   82.00000  3.53%  12.3 1490s
*2785599 273814              48      84.9999998   82.00000  3.53%  12.3 1490s
 2792478 272296   82.00000   46    5   85.00000   82.00000  3.53%  12.3 1495s
 2801294 270515   82.00000   46    4   85.00000   82.00000  3.53%  12.3 1500s
 2809886 268573     cutoff   50        85.00000   82.00000  3.53%  12.3 1505s
 2818383 266644     cutoff   46        85.00000   82.00000  3.53%  12.3 1510s
 2826558 264727   82.00000   40    5   85.00000   82.00000  3.53%  12.3 1515s
 2835147 262885   82.00000   50    3   85.00000   82.00000  3.53%  12.3 1520s
 2843703 261484   82.00000   51    7   85.00000   82.00000  3.53%  12.3 1525s
 2852039 260188   82.00000   50    3   85.00000   82.00000  3.53%  12.3 1530s
 2860347 258871   82.00000   47    6   85.00000   82.00000  3.53%  12.3 1535s
 2868333 257648     cutoff   58        85.00000   82.00000  3.53%  12.3 1540s
 2877671 256395   82.00000   38    4   85.00000   82.00000  3.53%  12.3 1545s
 2886916 255159     cutoff   50        85.00000   82.00000  3.53%  12.3 1550s
 2896032 253940   82.00000   50    6   85.00000   82.00000  3.53%  12.3 1555s
 2905514 252721     cutoff   56        85.00000   82.00000  3.53%  12.3 1560s
 2915245 251554   82.00000   52    7   85.00000   82.00000  3.53%  12.3 1565s
 2924555 250400     cutoff   48        85.00000   82.00000  3.53%  12.3 1570s
H2930339 249684                      84.9999996   82.00000  3.53%  12.3 1573s
 2933494 249267   82.00000   43    6   85.00000   82.00000  3.53%  12.3 1575s
 2942951 248078     cutoff   50        85.00000   82.00000  3.53%  12.3 1580s
 2952793 246908   82.00000   56    1   85.00000   82.00000  3.53%  12.3 1585s
 2962318 245708   82.00000   48    5   85.00000   82.00000  3.53%  12.3 1590s
 2971252 244605   82.00000   49    4   85.00000   82.00000  3.53%  12.3 1595s
 2980939 243433   82.00000   46    3   85.00000   82.00000  3.53%  12.3 1600s
 2989981 242311   82.00000   49    3   85.00000   82.00000  3.53%  12.2 1605s
 2999492 241067     cutoff   50        85.00000   82.00000  3.53%  12.2 1610s
 3008442 239945   82.00000   43    2   85.00000   82.00000  3.53%  12.2 1615s
 3017237 238813   82.00000   50    5   85.00000   82.00000  3.53%  12.2 1620s
 3026480 237652   82.00000   49    3   85.00000   82.00000  3.53%  12.2 1625s
 3035591 236494     cutoff   52        85.00000   82.00000  3.53%  12.2 1630s
 3044468 235351   82.00000   51    4   85.00000   82.00000  3.53%  12.2 1635s
 3053868 234004   82.00000   50    5   85.00000   82.00000  3.53%  12.2 1640s
 3062691 232849   82.00000   50    5   85.00000   82.00000  3.53%  12.2 1645s
 3072117 231611   82.00000   44    6   85.00000   82.00000  3.53%  12.2 1650s
 3080972 230478   82.00000   54    7   85.00000   82.00000  3.53%  12.2 1655s
 3090122 229308   82.00000   46    3   85.00000   82.00000  3.53%  12.2 1660s
 3099194 228186   82.00000   49    7   85.00000   82.00000  3.53%  12.2 1665s
 3108211 226982   82.00000   51    4   85.00000   82.00000  3.53%  12.2 1670s
 3117267 225786   82.00000   51    1   85.00000   82.00000  3.53%  12.2 1675s
 3126225 224456   82.00000   55    5   85.00000   82.00000  3.53%  12.2 1680s
 3134919 223225   82.00000   51    5   85.00000   82.00000  3.53%  12.2 1685s
 3144307 221803   82.00000   48    5   85.00000   82.00000  3.53%  12.2 1690s
 3153161 220433     cutoff   50        85.00000   82.00000  3.53%  12.2 1695s
 3162025 219064     cutoff   54        85.00000   82.00000  3.53%  12.2 1700s
 3171027 217969     cutoff   55        85.00000   82.00000  3.53%  12.2 1705s
 3179613 216969   82.00000   49    4   85.00000   82.00000  3.53%  12.2 1710s
 3188979 215883   82.00000   50    4   85.00000   82.00000  3.53%  12.2 1715s
 3198450 214750   82.00000   46    4   85.00000   82.00000  3.53%  12.2 1720s
 3207514 213781   82.00000   41    5   85.00000   82.00000  3.53%  12.2 1725s
 3216479 212836     cutoff   55        85.00000   82.00000  3.53%  12.2 1730s
 3225247 211868   82.00000   50    8   85.00000   82.00000  3.53%  12.2 1735s
 3234288 210861   82.00000   49    6   85.00000   82.00000  3.53%  12.2 1740s
 3243222 209874   82.00000   51    6   85.00000   82.00000  3.53%  12.2 1745s
 3252524 208827     cutoff   54        85.00000   82.00000  3.53%  12.2 1750s
 3261655 207822   82.00000   54    5   85.00000   82.00000  3.53%  12.2 1755s
 3270603 206827   82.00000   47    6   85.00000   82.00000  3.53%  12.2 1760s
 3279655 205789   82.00000   45    6   85.00000   82.00000  3.53%  12.2 1765s
 3288517 204746   82.00000   54    4   85.00000   82.00000  3.53%  12.2 1770s
H3289965 204572                      84.9999992   82.00000  3.53%  12.2 1770s
 3296818 203783   82.00000   39    6   85.00000   82.00000  3.53%  12.2 1775s
 3305958 202732   82.00000   50    5   85.00000   82.00000  3.53%  12.2 1780s
 3315105 201686   82.00000   50   14   85.00000   82.00000  3.53%  12.2 1785s
 3323968 200631     cutoff   48        85.00000   82.00000  3.53%  12.2 1790s
 3332581 199598   82.00000   49    4   85.00000   82.00000  3.53%  12.2 1795s

Cutting planes:
  Gomory: 5
  Cover: 7
  Implied bound: 2
  Projected implied bound: 1
  MIR: 3
  Flow cover: 12
  RLT: 4
  Relax-and-lift: 1

Explored 3341446 nodes (40636484 simplex iterations) in 1800.00 seconds (1698.49 work units)
Thread count was 1 (of 96 available processors)

Solution count 10: 85 85 85 ... 107

Time limit reached
Best objective 8.499999923176e+01, best bound 8.200000000000e+01, gap 3.5294%
WARNING: Loading a SolverResults object with an 'aborted' status, but
    containing a solution

Instance 13_5, formulation tres, reform hull:
  Rect 0: x = 0.00, y = 14.00
  Rect 1: x = 25.00, y = 14.00
  Rect 2: x = 0.00, y = 4.00
  Rect 3: x = 30.00, y = 14.00
  Rect 4: x = 57.00, y = 13.00
  Rect 5: x = 40.00, y = 15.00
  Rect 6: x = 45.00, y = 14.00
  Rect 7: x = 73.00, y = 15.00
  Rect 8: x = 64.00, y = 13.00
  Rect 9: x = 15.00, y = 13.00
  Rect 10: x = 0.00, y = 15.00
  Rect 11: x = 75.00, y = 4.00
  Rect 12: x = 22.00, y = 13.00
  → saved figures to strip_figures/13_5_tres_hull.png and strip_figures/13_5_tres_hull.pdf
Set parameter TokenServer to value "mooring.ecn.purdue.edu"
Read LP format model from file /tmp/tmpmts6mmus.pyomo.lp
Reading time = 0.00 seconds
x340: 404 rows, 340 columns, 2211 nonzeros
Set parameter TimeLimit to value 1800
Set parameter Threads to value 1
Gurobi Optimizer version 11.0.0 build v11.0.0rc2 (linux64 - "Oracle Linux Server 9.6")

CPU model: AMD EPYC 7643 48-Core Processor, instruction set [SSE2|AVX|AVX2]
Thread count: 48 physical cores, 96 logical processors, using up to 1 threads

Optimize a model with 404 rows, 340 columns and 2211 nonzeros
Model fingerprint: 0x251e61ec
Variable types: 28 continuous, 312 integer (312 binary)
Coefficient statistics:
  Matrix range     [1e+00, 1e+02]
  Objective range  [1e+00, 1e+00]
  Bounds range     [1e+00, 1e+02]
  RHS range        [1e+00, 2e+01]
Presolve removed 166 rows and 166 columns
Presolve time: 0.00s
Presolved: 238 rows, 174 columns, 874 nonzeros
Variable types: 27 continuous, 147 integer (147 binary)
Found heuristic solution: objective 107.0000000

Root relaxation: objective 2.700000e+01, 112 iterations, 0.00 seconds (0.00 work units)

    Nodes    |    Current Node    |     Objective Bounds      |     Work
 Expl Unexpl |  Obj  Depth IntInf | Incumbent    BestBd   Gap | It/Node Time

     0     0   27.00000    0   25  107.00000   27.00000  74.8%     -    0s
H    0     0                      85.0000000   27.00000  68.2%     -    0s
     0     0   43.82914    0   59   85.00000   43.82914  48.4%     -    0s
     0     0   47.92941    0   58   85.00000   47.92941  43.6%     -    0s
     0     0   47.92941    0   58   85.00000   47.92941  43.6%     -    0s
     0     0   48.76043    0   45   85.00000   48.76043  42.6%     -    0s
     0     0   49.96730    0   45   85.00000   49.96730  41.2%     -    0s
     0     0   49.96730    0   44   85.00000   49.96730  41.2%     -    0s
     0     0   50.19198    0   46   85.00000   50.19198  41.0%     -    0s
     0     0   50.19198    0   62   85.00000   50.19198  41.0%     -    0s
     0     0   50.33925    0   60   85.00000   50.33925  40.8%     -    0s
     0     0   50.33925    0   56   85.00000   50.33925  40.8%     -    0s
     0     0   50.33925    0   43   85.00000   50.33925  40.8%     -    0s
     0     2   50.33925    0   43   85.00000   50.33925  40.8%     -    0s
H  790   384                      85.0000000   57.39766  32.5%  13.6    0s
  8456  1585   80.00000   27   42   85.00000   69.41729  18.3%  17.4    5s
 15003  1718   75.00000   23   42   85.00000   75.00000  11.8%  17.7   10s
*17120  1457              40      84.9999997   77.00000  9.41%  17.8   11s

Cutting planes:
  Gomory: 73
  Cover: 124
  Implied bound: 55
  Clique: 5
  MIR: 76
  Mixing: 1
  StrongCG: 3
  Flow cover: 286
  GUB cover: 2
  Inf proof: 126
  Zero half: 1
  RLT: 18
  Relax-and-lift: 13

Explored 20868 nodes (373977 simplex iterations) in 14.11 seconds (12.92 work units)
Thread count was 1 (of 96 available processors)

Solution count 4: 85 85 85 107 

Optimal solution found (tolerance 1.00e-04)
Best objective 8.499999972450e+01, best bound 8.499999972450e+01, gap 0.0000%

Instance 13_5, formulation reagg, reform MIP:
  Rect 0: x = 38.00, y = 13.00
  Rect 1: x = 80.00, y = 14.00
  Rect 2: x = 41.00, y = 4.00
  Rect 3: x = 9.00, y = 14.00
  Rect 4: x = 61.00, y = 13.00
  Rect 5: x = 56.00, y = 14.00
  Rect 6: x = 19.00, y = 14.00
  Rect 7: x = 68.00, y = 15.00
  Rect 8: x = 0.00, y = 14.00
  Rect 9: x = 31.00, y = 13.00
  Rect 10: x = 0.00, y = 15.00
  Rect 11: x = 19.00, y = 4.00
  Rect 12: x = 53.00, y = 13.00
  → saved figures to strip_figures/13_5_reagg_MIP.png and strip_figures/13_5_reagg_MIP.pdf
Set parameter TokenServer to value "mooring.ecn.purdue.edu"
Read LP format model from file /tmp/tmpqsri9edy.pyomo.lp
Reading time = 0.00 seconds
x340: 404 rows, 340 columns, 2211 nonzeros
Set parameter TimeLimit to value 1800
Set parameter Threads to value 1
Gurobi Optimizer version 11.0.0 build v11.0.0rc2 (linux64 - "Oracle Linux Server 9.6")

CPU model: AMD EPYC 7643 48-Core Processor, instruction set [SSE2|AVX|AVX2]
Thread count: 48 physical cores, 96 logical processors, using up to 1 threads

Optimize a model with 404 rows, 340 columns and 2211 nonzeros
Model fingerprint: 0x4a96e822
Variable types: 28 continuous, 312 integer (312 binary)
Coefficient statistics:
  Matrix range     [1e+00, 1e+02]
  Objective range  [1e+00, 1e+00]
  Bounds range     [1e+00, 1e+02]
  RHS range        [1e+00, 2e+01]
Presolve removed 166 rows and 166 columns
Presolve time: 0.00s
Presolved: 238 rows, 174 columns, 851 nonzeros
Variable types: 27 continuous, 147 integer (147 binary)
Found heuristic solution: objective 113.0000000
Found heuristic solution: objective 110.0000000

Root relaxation: objective 2.700000e+01, 105 iterations, 0.00 seconds (0.00 work units)

    Nodes    |    Current Node    |     Objective Bounds      |     Work
 Expl Unexpl |  Obj  Depth IntInf | Incumbent    BestBd   Gap | It/Node Time

     0     0   27.00000    0   29  110.00000   27.00000  75.5%     -    0s
H    0     0                      86.0000000   27.00000  68.6%     -    0s
     0     0   44.75268    0   75   86.00000   44.75268  48.0%     -    0s
     0     0   48.91765    0   75   86.00000   48.91765  43.1%     -    0s
     0     0   49.63020    0   68   86.00000   49.63020  42.3%     -    0s
     0     0   51.02887    0   66   86.00000   51.02887  40.7%     -    0s
     0     0   51.02887    0   66   86.00000   51.02887  40.7%     -    0s
     0     0   51.02887    0   68   86.00000   51.02887  40.7%     -    0s
     0     0   51.02887    0   66   86.00000   51.02887  40.7%     -    0s
H    0     0                      85.0000000   51.19836  39.8%     -    0s
     0     0   51.19836    0   68   85.00000   51.19836  39.8%     -    0s
     0     0   51.19836    0   69   85.00000   51.19836  39.8%     -    0s
     0     0   51.19836    0   68   85.00000   51.19836  39.8%     -    0s
     0     0   51.19836    0   66   85.00000   51.19836  39.8%     -    0s
     0     0   51.74632    0   64   85.00000   51.74632  39.1%     -    0s
     0     0   51.74632    0   76   85.00000   51.74632  39.1%     -    0s
     0     0   51.74632    0   79   85.00000   51.74632  39.1%     -    0s
     0     0   51.74632    0   79   85.00000   51.74632  39.1%     -    0s
     0     0   51.74632    0   53   85.00000   51.74632  39.1%     -    0s
     0     2   51.74632    0   44   85.00000   51.74632  39.1%     -    0s
H 1806   444                      85.0000000   60.73973  28.5%  18.2    1s
 10202  1670   82.19565   33   10   85.00000   71.76835  15.6%  13.5    5s

Cutting planes:
  Gomory: 39
  Cover: 15
  Implied bound: 38
  Clique: 1
  MIR: 48
  Flow cover: 195
  Inf proof: 196
  RLT: 5
  Relax-and-lift: 1

Explored 20089 nodes (264713 simplex iterations) in 9.32 seconds (8.23 work units)
Thread count was 1 (of 96 available processors)

Solution count 5: 85 85 86 ... 113

Optimal solution found (tolerance 1.00e-04)
Best objective 8.499999999140e+01, best bound 8.499999999140e+01, gap 0.0000%

Instance 13_5, formulation reagg_tres, reform MIP:
  Rect 0: x = 0.00, y = 10.00
  Rect 1: x = 64.00, y = 14.00
  Rect 2: x = 47.00, y = 14.00
  Rect 3: x = 37.00, y = 14.00
  Rect 4: x = 30.00, y = 9.00
  Rect 5: x = 47.00, y = 7.00
  Rect 6: x = 52.00, y = 10.00
  Rect 7: x = 15.00, y = 11.00
  Rect 8: x = 69.00, y = 13.00
  Rect 9: x = 78.00, y = 15.00
  Rect 10: x = 9.00, y = 1.00
  Rect 11: x = 0.00, y = 14.00
  Rect 12: x = 27.00, y = 13.00
  → saved figures to strip_figures/13_5_reagg_tres_MIP.png and strip_figures/13_5_reagg_tres_MIP.pdf
Benchmark finished. Results written to results_strip/benchmark_results_datnzig_extended_job2.json
