['18_1', '18_2', '18_3', '18_4', '18_5']
Set parameter TokenServer to value "mooring.ecn.purdue.edu"
Read LP format model from file /tmp/tmpfak148s4.pyomo.lp
Reading time = 0.00 seconds
x650: 2008 rows, 650 columns, 4933 nonzeros
Set parameter TimeLimit to value 1800
Set parameter Threads to value 1
Gurobi Optimizer version 11.0.0 build v11.0.0rc2 (linux64 - "Oracle Linux Server 9.6")

CPU model: AMD EPYC 7643 48-Core Processor, instruction set [SSE2|AVX|AVX2]
Thread count: 48 physical cores, 96 logical processors, using up to 1 threads

Optimize a model with 2008 rows, 650 columns and 4933 nonzeros
Model fingerprint: 0x124f2401
Variable types: 38 continuous, 612 integer (612 binary)
Coefficient statistics:
  Matrix range     [1e+00, 2e+02]
  Objective range  [1e+00, 1e+00]
  Bounds range     [1e+00, 1e+02]
  RHS range        [1e+00, 1e+02]
Presolve removed 1318 rows and 94 columns
Presolve time: 0.00s
Presolved: 690 rows, 556 columns, 2174 nonzeros
Variable types: 37 continuous, 519 integer (519 binary)
Found heuristic solution: objective 78.0000000

Root relaxation: objective 2.900000e+01, 262 iterations, 0.00 seconds (0.00 work units)

    Nodes    |    Current Node    |     Objective Bounds      |     Work
 Expl Unexpl |  Obj  Depth IntInf | Incumbent    BestBd   Gap | It/Node Time

     0     0   29.00000    0   30   78.00000   29.00000  62.8%     -    0s
     0     0   29.50570    0   85   78.00000   29.50570  62.2%     -    0s
H    0     0                      74.0000000   33.94207  54.1%     -    0s
     0     0   33.94207    0   81   74.00000   33.94207  54.1%     -    0s
     0     0   33.94207    0   81   74.00000   33.94207  54.1%     -    0s
     0     0   33.94207    0  131   74.00000   33.94207  54.1%     -    0s
H    0     0                      73.0000000   33.94207  53.5%     -    0s
H    0     0                      70.0000000   33.94207  51.5%     -    0s
     0     0   33.94207    0  104   70.00000   33.94207  51.5%     -    0s
     0     0   33.94207    0  109   70.00000   33.94207  51.5%     -    0s
     0     0   33.94207    0  118   70.00000   33.94207  51.5%     -    0s
     0     0   33.94207    0  176   70.00000   33.94207  51.5%     -    0s
H    0     0                      63.0000000   33.94207  46.1%     -    0s
     0     0   33.94207    0  143   63.00000   33.94207  46.1%     -    0s
     0     0   33.94207    0  133   63.00000   33.94207  46.1%     -    0s
     0     0   33.94207    0  133   63.00000   33.94207  46.1%     -    0s
     0     0   33.94207    0  124   63.00000   33.94207  46.1%     -    0s
     0     0   33.94207    0  116   63.00000   33.94207  46.1%     -    0s
     0     0   33.94207    0  121   63.00000   33.94207  46.1%     -    0s
     0     0   33.94207    0  141   63.00000   33.94207  46.1%     -    0s
     0     0   33.94207    0  119   63.00000   33.94207  46.1%     -    0s
     0     0   33.94207    0  121   63.00000   33.94207  46.1%     -    0s
     0     0   33.94207    0  116   63.00000   33.94207  46.1%     -    0s
     0     0   33.94207    0  127   63.00000   33.94207  46.1%     -    0s
     0     0   33.94207    0  133   63.00000   33.94207  46.1%     -    0s
     0     0   33.94207    0  121   63.00000   33.94207  46.1%     -    0s
     0     0   33.94207    0  125   63.00000   33.94207  46.1%     -    0s
     0     0   33.94207    0  125   63.00000   33.94207  46.1%     -    0s
     0     0   33.94207    0  133   63.00000   33.94207  46.1%     -    0s
H    0     0                      61.0000000   33.94207  44.4%     -    0s
     0     0   33.94207    0  127   61.00000   33.94207  44.4%     -    0s
     0     0   33.94207    0  127   61.00000   33.94207  44.4%     -    0s
     0     0   33.94207    0  131   61.00000   33.94207  44.4%     -    0s
     0     0   33.94207    0  123   61.00000   33.94207  44.4%     -    0s
     0     0   33.94207    0  162   61.00000   33.94207  44.4%     -    0s
     0     0   33.94207    0  157   61.00000   33.94207  44.4%     -    0s
     0     0   33.94207    0  153   61.00000   33.94207  44.4%     -    0s
     0     0   33.94207    0  151   61.00000   33.94207  44.4%     -    0s
     0     0   33.94207    0  165   61.00000   33.94207  44.4%     -    0s
     0     0   33.94207    0  165   61.00000   33.94207  44.4%     -    0s
     0     0   33.94207    0  166   61.00000   33.94207  44.4%     -    0s
     0     0   33.94207    0  164   61.00000   33.94207  44.4%     -    0s
     0     0   33.94207    0  175   61.00000   33.94207  44.4%     -    0s
     0     0   33.94207    0  145   61.00000   33.94207  44.4%     -    0s
     0     0   33.94207    0  154   61.00000   33.94207  44.4%     -    0s
     0     0   33.94207    0  146   61.00000   33.94207  44.4%     -    0s
     0     0   33.94207    0   39   61.00000   33.94207  44.4%     -    0s
     0     2   33.94207    0   39   61.00000   33.94207  44.4%     -    0s
*  741   511              76      59.0000000   40.28115  31.7%  14.6    0s
H  798   499                      58.0000000   40.28115  30.5%  14.2    0s
H  803   458                      56.0000000   40.28115  28.1%  14.2    0s
* 1936   682              69      55.0000000   47.00000  14.5%  13.8    1s
H 3828  1871                      55.0000000   49.07018  10.8%  14.0    2s
  6895  3555   51.00000   39   74   55.00000   51.00000  7.27%  14.5    5s
 12461  5051     cutoff   47        55.00000   51.00000  7.27%  14.1   10s
 19307  6552   53.00000   46   68   55.00000   51.00000  7.27%  14.8   15s
 25880  8273   51.00000   52   60   55.00000   51.00000  7.27%  15.6   20s
 31863  9880 infeasible   58        55.00000   51.00000  7.27%  15.9   25s
 39263 11103 infeasible   58        55.00000   51.00000  7.27%  15.6   30s
 46587 12150   51.00000   38   74   55.00000   51.00000  7.27%  15.8   35s
 53666 13253 infeasible   57        55.00000   51.00000  7.27%  15.6   40s
 61386 13309 infeasible   79        55.00000   51.00000  7.27%  15.2   45s
 71079 14154   51.00000   78   47   55.00000   51.00000  7.27%  15.0   50s
 78823 14713   51.00000   60   61   55.00000   51.00000  7.27%  15.2   55s
 86616 15148   51.00000   70   44   55.00000   51.00000  7.27%  15.3   60s
 94198 15414   51.00000   59   70   55.00000   51.00000  7.27%  15.4   65s
 103105 16357   53.00000   70   38   55.00000   51.00000  7.27%  15.2   70s
 110009 17747     cutoff   45        55.00000   51.00000  7.27%  15.3   75s
 115742 18335 infeasible   54        55.00000   51.00000  7.27%  15.4   80s
 121342 18979 infeasible   66        55.00000   51.00000  7.27%  15.6   85s
 127781 19700   51.00000   60   83   55.00000   51.00000  7.27%  15.8   90s
 132567 20079   51.00000   68   51   55.00000   51.00000  7.27%  16.0   95s
 138104 20613   51.00000   44   44   55.00000   51.00000  7.27%  16.2  100s
 145489 20996   51.00000   69   72   55.00000   51.00000  7.27%  16.2  105s
 152380 21238   51.00000   41   96   55.00000   51.00000  7.27%  16.2  110s
 159357 21621   51.00000   54   60   55.00000   51.00000  7.27%  16.2  115s
 166375 22256   51.00000   40  106   55.00000   51.00000  7.27%  16.2  120s
 173043 22653     cutoff   49        55.00000   51.00000  7.27%  16.2  125s
 179380 23120   51.00000   35   94   55.00000   51.00000  7.27%  16.3  130s
 184614 23459   52.00000   51   96   55.00000   51.00000  7.27%  16.5  135s
 189445 23549   51.00000   47  115   55.00000   51.00000  7.27%  16.7  140s
 196027 23828   51.00000   55   92   55.00000   51.00000  7.27%  16.7  145s
 201490 24115   51.04156   48   87   55.00000   51.00000  7.27%  16.9  150s
 206500 24325   51.00000   47  111   55.00000   51.00000  7.27%  17.1  155s
 210649 24566   51.00000   52   80   55.00000   51.00000  7.27%  17.3  160s
 215060 24784   51.00000   54  110   55.00000   51.00000  7.27%  17.5  165s
 219749 25000     cutoff   51        55.00000   51.00000  7.27%  17.7  170s
 224862 25353 infeasible   54        55.00000   51.00000  7.27%  17.9  175s
 228277 25494   52.00000   44   77   55.00000   51.00000  7.27%  18.0  180s
 233033 25965     cutoff   57        55.00000   51.00000  7.27%  18.2  185s
 237803 26327 infeasible   73        55.00000   51.00000  7.27%  18.2  190s
 241863 26784 infeasible   54        55.00000   51.00000  7.27%  18.4  195s
 245628 27180   52.00000   33   65   55.00000   51.00000  7.27%  18.5  200s
 249012 27404   51.00000   46   89   55.00000   51.00000  7.27%  18.7  205s
 252193 27626   51.00000   54   68   55.00000   51.00000  7.27%  18.8  210s
 256231 27833   51.00000   51   90   55.00000   51.00000  7.27%  18.9  215s
 259485 27974   51.00000   39   96   55.00000   51.00000  7.27%  19.1  220s
 263100 28108   51.00000   51   82   55.00000   51.00000  7.27%  19.2  225s
 267292 28432     cutoff   48        55.00000   51.00000  7.27%  19.3  230s
*268492 23066              60      54.0000000   51.00000  5.56%  19.4  231s
 270006 23172     cutoff   48        54.00000   51.00000  5.56%  19.5  235s
 272521 23577   51.00000   33   79   54.00000   51.00000  5.56%  19.8  240s
 275295 23569 infeasible   42        54.00000   51.00000  5.56%  20.0  245s
 278009 23647   51.00000   48   99   54.00000   51.00000  5.56%  20.2  250s
 281737 23898 infeasible   65        54.00000   51.00000  5.56%  20.4  255s
 286213 23889   51.00000   57   52   54.00000   51.00000  5.56%  20.4  260s
 289629 23892 infeasible   45        54.00000   51.00000  5.56%  20.6  265s
 292950 24041 infeasible   32        54.00000   51.00000  5.56%  20.8  270s
 297177 24154   51.00000   60   47   54.00000   51.00000  5.56%  20.9  275s
 301478 24378   51.00000   62   57   54.00000   51.00000  5.56%  20.9  280s
 306161 24575   53.00000   59   47   54.00000   51.00000  5.56%  21.0  285s
 310386 24717 infeasible   59        54.00000   51.00000  5.56%  21.1  290s
 314086 24852 infeasible   49        54.00000   51.00000  5.56%  21.3  295s
 316454 24870 infeasible   46        54.00000   51.00000  5.56%  21.5  300s
 319453 24995 infeasible   49        54.00000   51.00000  5.56%  21.6  305s
 321979 24996 infeasible   53        54.00000   51.00000  5.56%  21.8  310s
 324375 25014 infeasible   45        54.00000   51.00000  5.56%  21.9  315s
 326842 25108     cutoff   64        54.00000   51.00000  5.56%  22.1  320s
 329500 25077 infeasible   50        54.00000   51.00000  5.56%  22.3  325s
 332149 25187   51.00000   35   94   54.00000   51.00000  5.56%  22.4  330s
 335573 25354   51.00000   41   88   54.00000   51.00000  5.56%  22.5  335s
 339210 25562 infeasible   53        54.00000   51.00000  5.56%  22.6  340s
 343515 25582   52.00000   45   49   54.00000   51.00000  5.56%  22.7  345s
 346520 25758   51.00000   58   80   54.00000   51.00000  5.56%  22.8  350s
 349391 25804   51.00000   35   75   54.00000   51.00000  5.56%  22.9  355s
 352602 25943   51.00000   41   88   54.00000   51.00000  5.56%  23.1  360s
 355925 26008 infeasible   37        54.00000   51.00000  5.56%  23.2  365s
 359255 26192 infeasible   63        54.00000   51.00000  5.56%  23.2  370s
 361984 26270     cutoff   51        54.00000   51.00000  5.56%  23.3  375s
 365358 26567   53.00000   41   45   54.00000   51.00000  5.56%  23.4  380s
 369478 26994   51.00000   45   63   54.00000   51.00000  5.56%  23.5  385s
 372393 27094   51.00000   39   88   54.00000   51.00000  5.56%  23.6  390s
 374911 27009   51.00000   45   76   54.00000   51.00000  5.56%  23.8  395s
 377230 27080 infeasible   58        54.00000   51.00000  5.56%  24.0  400s
 379299 27096   51.00000   50   76   54.00000   51.00000  5.56%  24.1  405s
 381191 27114   51.00000   42  110   54.00000   51.00000  5.56%  24.3  410s
 383709 27209   51.00000   30  100   54.00000   51.00000  5.56%  24.4  415s
 386758 27524 infeasible   51        54.00000   51.00000  5.56%  24.5  420s
 391050 27653 infeasible   64        54.00000   51.00000  5.56%  24.5  425s
 395761 27676   51.00000   57   54   54.00000   51.00000  5.56%  24.5  430s
 400121 27747 infeasible   68        54.00000   51.00000  5.56%  24.5  435s
 404420 27730   51.00000   47   32   54.00000   51.00000  5.56%  24.5  440s
 407747 27763   51.00000   55   58   54.00000   51.00000  5.56%  24.6  445s
 411514 27912 infeasible   56        54.00000   51.00000  5.56%  24.6  450s
 414172 27930 infeasible   48        54.00000   51.00000  5.56%  24.7  455s
 417296 27968   52.00000   41   42   54.00000   51.00000  5.56%  24.7  460s
 420496 28088   51.00000   40   69   54.00000   51.00000  5.56%  24.8  465s
 423130 28302 infeasible   41        54.00000   51.00000  5.56%  24.9  470s
 425910 28398   51.00000   31  105   54.00000   51.00000  5.56%  25.0  475s
 428705 28626 infeasible   37        54.00000   51.00000  5.56%  25.1  480s
 430590 28649     cutoff   42        54.00000   51.00000  5.56%  25.2  485s
 433110 28732   51.00000   38   75   54.00000   51.00000  5.56%  25.4  490s
 435460 28745   51.00000   46   46   54.00000   51.00000  5.56%  25.5  495s
 438317 28818   51.00000   49   67   54.00000   51.00000  5.56%  25.6  500s
 441699 28936     cutoff   47        54.00000   51.00000  5.56%  25.7  505s
 444761 29067     cutoff   47        54.00000   51.00000  5.56%  25.8  510s
 447751 29086 infeasible   67        54.00000   51.00000  5.56%  25.8  515s
 451797 29310 infeasible   35        54.00000   51.00000  5.56%  25.9  520s
 455047 29353     cutoff   48        54.00000   51.00000  5.56%  25.9  525s
 459204 29605   51.00000   36   67   54.00000   51.00000  5.56%  25.9  530s
 462299 29743   52.00000   36   72   54.00000   51.00000  5.56%  26.0  535s
 465869 29979     cutoff   31        54.00000   51.00000  5.56%  26.1  540s
 469264 30269 infeasible   30        54.00000   51.00000  5.56%  26.1  545s
 473350 30587 infeasible   44        54.00000   51.00000  5.56%  26.2  550s
 476961 30928   51.00000   39   66   54.00000   51.00000  5.56%  26.2  555s
 482669 31466   53.00000   39   85   54.00000   51.00000  5.56%  26.1  560s
 488180 32117   51.00000   42   81   54.00000   51.00000  5.56%  26.1  565s
 492052 32336 infeasible   56        54.00000   51.00000  5.56%  26.1  570s
 496199 33005   51.00000   34  114   54.00000   51.00000  5.56%  26.1  575s
 498844 33277   51.00000   37   71   54.00000   51.00000  5.56%  26.2  580s
 502136 33343 infeasible   44        54.00000   51.00000  5.56%  26.3  585s
 505321 33426 infeasible   38        54.00000   51.00000  5.56%  26.3  590s
 509153 33495 infeasible   50        54.00000   51.00000  5.56%  26.4  595s
 513173 33510   51.00000   45   84   54.00000   51.00000  5.56%  26.4  600s
 516820 33766   51.00000   44  101   54.00000   51.00000  5.56%  26.5  605s
 520716 34081   51.00000   44   60   54.00000   51.00000  5.56%  26.5  610s
 524389 34499   51.00000   23   87   54.00000   51.00000  5.56%  26.6  615s
H525730 34551                      54.0000000   51.00000  5.56%  26.6  617s
 527176 34561 infeasible   37        54.00000   51.00000  5.56%  26.6  620s
 529741 34588   51.00000   30  115   54.00000   51.00000  5.56%  26.7  625s
 533273 34863   51.00000   46   72   54.00000   51.00000  5.56%  26.8  630s
 536565 34900   51.00000   24   79   54.00000   51.00000  5.56%  26.8  635s
 539780 34935   51.00000   42   91   54.00000   51.00000  5.56%  26.9  640s
 542608 34951   51.00000   56   28   54.00000   51.00000  5.56%  27.0  645s
 545229 34934 infeasible   42        54.00000   51.00000  5.56%  27.0  650s
 549256 35520   51.00000   38   75   54.00000   51.00000  5.56%  27.1  655s
 554517 36024 infeasible   40        54.00000   51.00000  5.56%  27.0  660s
 559053 36704   51.00000   30   66   54.00000   51.00000  5.56%  27.0  665s
 562603 37268   51.00000   36   56   54.00000   51.00000  5.56%  26.9  670s
 566965 37489   51.00000   39   85   54.00000   51.00000  5.56%  26.9  675s
 570587 37719   51.00000   55   36   54.00000   51.00000  5.56%  26.9  680s
 573772 37886   51.00000   38   98   54.00000   51.00000  5.56%  27.0  685s
 577663 38446 infeasible   32        54.00000   51.00000  5.56%  27.0  690s
 581801 38961 infeasible   41        54.00000   51.00000  5.56%  27.0  695s
 584618 38996 infeasible   41        54.00000   51.00000  5.56%  27.0  700s
 588512 39776 infeasible   43        54.00000   51.00000  5.56%  27.1  705s
 593064 40493   51.00000   43   62   54.00000   51.00000  5.56%  27.1  710s
 597159 40762 infeasible   41        54.00000   51.00000  5.56%  27.0  715s
 601102 40934   53.00000   49   28   54.00000   51.00000  5.56%  27.0  720s
 605522 41195 infeasible   34        54.00000   51.00000  5.56%  27.0  725s
 609472 41830   51.00000   41   93   54.00000   51.00000  5.56%  27.0  730s
 614504 42931 infeasible   48        54.00000   51.00000  5.56%  27.0  735s
 618688 43552   53.00000   35   40   54.00000   51.00000  5.56%  27.0  740s
 622990 44091   51.00000   42   87   54.00000   51.00000  5.56%  27.0  745s
 627548 44688   52.00000   43   41   54.00000   51.00000  5.56%  27.0  750s
 631864 45455   51.00000   26   74   54.00000   51.00000  5.56%  27.0  755s
 635425 45962 infeasible   35        54.00000   51.00000  5.56%  27.0  760s
 639144 46309   53.00000   36   64   54.00000   51.00000  5.56%  27.0  765s
 644074 47165 infeasible   50        54.00000   51.00000  5.56%  27.0  770s
 648576 47759   51.00000   34   65   54.00000   51.00000  5.56%  26.9  775s
 653446 48451 infeasible   49        54.00000   51.00000  5.56%  26.9  780s
 658555 49058 infeasible   37        54.00000   51.00000  5.56%  26.8  785s
 662974 49565     cutoff   43        54.00000   51.00000  5.56%  26.8  790s
 667013 49713   51.00000   40   77   54.00000   51.00000  5.56%  26.8  795s
 670737 50108   53.00000   51   64   54.00000   51.00000  5.56%  26.8  800s
 674975 50421   51.00000   49   53   54.00000   51.00000  5.56%  26.7  805s
 680543 50650 infeasible   66        54.00000   51.00000  5.56%  26.7  810s
 684335 50815     cutoff   58        54.00000   51.00000  5.56%  26.7  815s
 689048 51263   51.00000   41   56   54.00000   51.00000  5.56%  26.6  820s
 695058 51468   53.00000   60   50   54.00000   51.00000  5.56%  26.6  825s
 700454 51659   51.00000   38   84   54.00000   51.00000  5.56%  26.5  830s
 705788 51768   51.00000   49   60   54.00000   51.00000  5.56%  26.4  835s
 710917 51979   51.00000   34   63   54.00000   51.00000  5.56%  26.4  840s
 718220 52485 infeasible   42        54.00000   51.00000  5.56%  26.3  845s
 724363 53158   51.00000   53   66   54.00000   51.00000  5.56%  26.2  850s
 729584 53534   51.00000   33   74   54.00000   51.00000  5.56%  26.2  855s
 734321 53776   51.00000   38   83   54.00000   51.00000  5.56%  26.1  860s
 738665 53985   51.00000   47   42   54.00000   51.00000  5.56%  26.1  865s
 743746 54114   51.00000   50   96   54.00000   51.00000  5.56%  26.1  870s
 749606 54145     cutoff   44        54.00000   51.00000  5.56%  26.0  875s
 755461 54165   51.00000   38   80   54.00000   51.00000  5.56%  26.0  880s
 760953 54215   51.00000   46   53   54.00000   51.00000  5.56%  25.9  885s
 765480 54318   53.00000   36   44   54.00000   51.00000  5.56%  25.9  890s
 769662 54964   53.00000   32   72   54.00000   51.00000  5.56%  25.9  895s
 773246 55289   53.00000   38   65   54.00000   51.00000  5.56%  25.9  900s
 777879 55828   51.00000   44   80   54.00000   51.00000  5.56%  25.9  905s
 782809 56068   53.00000   31   81   54.00000   51.00000  5.56%  25.9  910s
 785913 56560   53.00000   40   55   54.00000   51.00000  5.56%  25.9  915s
 790809 57019   51.00000   58   55   54.00000   51.00000  5.56%  25.9  920s
 795794 57217 infeasible   43        54.00000   51.00000  5.56%  25.9  925s
 800468 57650   51.00000   38   87   54.00000   51.00000  5.56%  25.9  930s
 803859 57874   51.00000   36  109   54.00000   51.00000  5.56%  25.9  935s
 807371 58314   53.00000   34   73   54.00000   51.00000  5.56%  25.9  940s
 813221 58670   51.00000   51   59   54.00000   51.00000  5.56%  25.9  945s
 818532 58876   51.00000   49   55   54.00000   51.00000  5.56%  25.8  950s
 822297 59111   51.00000   45   54   54.00000   51.00000  5.56%  25.9  955s
 827425 59916   51.00000   42   52   54.00000   51.00000  5.56%  25.8  960s
 831300 60305   51.00000   51   82   54.00000   51.00000  5.56%  25.8  965s
 834149 60409   52.00000   49   71   54.00000   51.00000  5.56%  25.9  970s
 837181 60476 infeasible   40        54.00000   51.00000  5.56%  25.9  975s
 841620 61096   51.00000   32   67   54.00000   51.00000  5.56%  25.9  980s
 846515 61693   51.00000   36   81   54.00000   51.00000  5.56%  25.9  985s
 850408 61998 infeasible   34        54.00000   51.00000  5.56%  25.9  990s
 855293 62816   51.00000   37   86   54.00000   51.00000  5.56%  25.9  995s
 860099 63377   53.00000   36   54   54.00000   51.00000  5.56%  25.9 1000s
 863781 63827     cutoff   42        54.00000   51.00000  5.56%  26.0 1005s
 867902 64732   51.00000   31   82   54.00000   51.00000  5.56%  26.0 1010s
 872404 65516   53.00000   37   47   54.00000   51.00000  5.56%  26.0 1015s
 876204 66017   53.00000   37   91   54.00000   51.00000  5.56%  26.0 1020s
 879055 66196   53.00000   36   54   54.00000   51.00000  5.56%  26.1 1025s
 882866 66755   51.00000   29   86   54.00000   51.00000  5.56%  26.1 1030s
 886938 67228 infeasible   38        54.00000   51.00000  5.56%  26.1 1035s
 891567 67588 infeasible   57        54.00000   51.00000  5.56%  26.1 1040s
 896519 67694     cutoff   58        54.00000   51.00000  5.56%  26.0 1045s
 899733 67747 infeasible   69        54.00000   51.00000  5.56%  26.0 1050s
 904740 68228   51.00000   34   85   54.00000   51.00000  5.56%  26.0 1055s
 909950 68795   51.00000   38   79   54.00000   51.00000  5.56%  26.0 1060s
 914423 69214 infeasible   30        54.00000   51.00000  5.56%  26.0 1065s
 919624 70399   53.00000   45   32   54.00000   51.00000  5.56%  26.0 1070s
 924939 71363   51.00000   34   62   54.00000   51.00000  5.56%  25.9 1075s
 929025 71719   51.00000   33   91   54.00000   51.00000  5.56%  25.9 1080s
 933716 72220   52.00000   27   48   54.00000   51.00000  5.56%  25.9 1085s
 937625 72479   52.00000   39   49   54.00000   51.00000  5.56%  25.9 1090s
 941685 72650 infeasible   55        54.00000   51.00000  5.56%  25.9 1095s
 946230 72751   51.00000   24   81   54.00000   51.00000  5.56%  25.9 1100s
 951063 73220   51.00000   35   80   54.00000   51.00000  5.56%  25.9 1105s
 954357 73329   51.00000   35   89   54.00000   51.00000  5.56%  25.9 1110s
 958638 73530   51.00000   37   71   54.00000   51.00000  5.56%  25.9 1115s
 962196 73922   51.00000   31   72   54.00000   51.00000  5.56%  26.0 1120s
 966501 74522 infeasible   49        54.00000   51.00000  5.56%  26.0 1125s
 969600 74838 infeasible   41        54.00000   51.00000  5.56%  26.0 1130s
 972724 75033     cutoff   39        54.00000   51.00000  5.56%  26.0 1135s
 976924 75363     cutoff   35        54.00000   51.00000  5.56%  26.1 1140s
 980582 75696   51.00000   32   71   54.00000   51.00000  5.56%  26.1 1145s
 985405 76180 infeasible   33        54.00000   51.00000  5.56%  26.1 1150s
 988773 76610   53.00000   36   58   54.00000   51.00000  5.56%  26.1 1155s
 992598 77181   51.00000   42   96   54.00000   51.00000  5.56%  26.1 1160s
 996788 77776 infeasible   32        54.00000   51.00000  5.56%  26.1 1165s
 1000499 78263   51.00000   33   67   54.00000   51.00000  5.56%  26.2 1170s
 1003103 78436   53.00000   43  102   54.00000   51.00000  5.56%  26.2 1175s
 1006860 78965   53.00000   49   28   54.00000   51.00000  5.56%  26.2 1180s
 1012267 80006 infeasible   41        54.00000   51.00000  5.56%  26.2 1185s
 1017376 80799   53.00000   38   46   54.00000   51.00000  5.56%  26.2 1190s
 1021262 81064   52.00000   31   77   54.00000   51.00000  5.56%  26.2 1195s
 1024626 81397   53.00000   35   78   54.00000   51.00000  5.56%  26.3 1200s
 1028206 81623   51.00000   33   80   54.00000   51.00000  5.56%  26.3 1205s
 1031890 81962   51.00000   25   48   54.00000   51.00000  5.56%  26.3 1210s
 1035047 82150 infeasible   39        54.00000   51.00000  5.56%  26.3 1215s
 1038237 82278   51.00000   43   79   54.00000   51.00000  5.56%  26.4 1220s
 1041564 82420   51.00000   39   81   54.00000   51.00000  5.56%  26.4 1225s
 1045014 82772   51.00000   21  116   54.00000   51.00000  5.56%  26.4 1230s
 1048182 83056   51.00000   36  111   54.00000   51.00000  5.56%  26.5 1235s
 1051374 83159   51.00000   33   75   54.00000   51.00000  5.56%  26.5 1240s
 1055496 83815 infeasible   37        54.00000   51.00000  5.56%  26.5 1245s
 1059923 84690   53.00000   34   86   54.00000   51.00000  5.56%  26.5 1250s
 1063129 85065     cutoff   39        54.00000   51.00000  5.56%  26.5 1255s
 1066309 85596   51.00000   31   58   54.00000   51.00000  5.56%  26.5 1260s
 1070346 86278   51.00000   28   75   54.00000   51.00000  5.56%  26.5 1265s
 1073982 86626   51.00000   39  126   54.00000   51.00000  5.56%  26.5 1270s
 1077401 86941   53.00000   45   28   54.00000   51.00000  5.56%  26.6 1275s
 1080836 87377 infeasible   42        54.00000   51.00000  5.56%  26.6 1280s
 1084858 87672     cutoff   32        54.00000   51.00000  5.56%  26.6 1285s
 1087601 87833   51.00000   48   52   54.00000   51.00000  5.56%  26.6 1290s
 1091631 88462 infeasible   44        54.00000   51.00000  5.56%  26.6 1295s
 1095321 89064 infeasible   34        54.00000   51.00000  5.56%  26.6 1300s
 1099069 89389 infeasible   38        54.00000   51.00000  5.56%  26.6 1305s
 1103088 89798   51.00000   37   76   54.00000   51.00000  5.56%  26.6 1310s
 1107364 90439 infeasible   38        54.00000   51.00000  5.56%  26.6 1315s
 1111731 91122 infeasible   36        54.00000   51.00000  5.56%  26.6 1320s
 1115072 91428 infeasible   40        54.00000   51.00000  5.56%  26.6 1325s
 1118803 91769 infeasible   30        54.00000   51.00000  5.56%  26.7 1330s
 1122986 92166 infeasible   35        54.00000   51.00000  5.56%  26.7 1335s
 1126515 92321   52.00000   28   71   54.00000   51.00000  5.56%  26.7 1340s
 1130721 92481 infeasible   35        54.00000   51.00000  5.56%  26.7 1345s
 1134976 92624   51.00000   45   55   54.00000   51.00000  5.56%  26.6 1350s
 1140314 93067   51.00000   34   85   54.00000   51.00000  5.56%  26.6 1355s
 1143443 93166   51.00000   49   84   54.00000   51.00000  5.56%  26.6 1360s
 1146570 93427     cutoff   33        54.00000   51.00000  5.56%  26.6 1365s
 1148831 93725   51.00000   37   70   54.00000   51.00000  5.56%  26.7 1370s
 1152181 93742 infeasible   42        54.00000   51.00000  5.56%  26.7 1375s
 1155270 93798 infeasible   58        54.00000   51.00000  5.56%  26.7 1380s
 1159729 93800 infeasible   43        54.00000   51.00000  5.56%  26.7 1385s
 1163487 94209 infeasible   46        54.00000   51.00000  5.56%  26.7 1390s
 1167567 94421   51.00000   41   91   54.00000   51.00000  5.56%  26.7 1395s
 1171146 94943   51.00000   28  114   54.00000   51.00000  5.56%  26.7 1400s
 1175201 95232 infeasible   51        54.00000   51.00000  5.56%  26.7 1405s
 1179471 95795   51.00000   35   97   54.00000   51.00000  5.56%  26.7 1410s
 1183408 96255 infeasible   42        54.00000   51.00000  5.56%  26.7 1415s
 1188147 96863   51.00000   33   90   54.00000   51.00000  5.56%  26.7 1420s
 1192435 97515   51.00000   27   87   54.00000   51.00000  5.56%  26.7 1425s
 1196789 97957     cutoff   39        54.00000   51.00000  5.56%  26.7 1430s
 1200696 98384   53.00000   38   53   54.00000   51.00000  5.56%  26.7 1435s
 1204283 98911   51.00000   31   73   54.00000   51.00000  5.56%  26.7 1440s
 1208337 99267   53.00000   35   58   54.00000   51.00000  5.56%  26.7 1445s
 1212520 99870   51.00000   23   68   54.00000   51.00000  5.56%  26.7 1450s
 1217440 101281   51.00000   32   75   54.00000   51.00000  5.56%  26.7 1455s
 1222742 102719   53.00000   32   64   54.00000   51.00000  5.56%  26.7 1460s
 1228548 103343     cutoff   35        54.00000   51.00000  5.56%  26.7 1465s
 1232197 103665   52.00000   37   52   54.00000   51.00000  5.56%  26.7 1470s
 1236196 103850 infeasible   33        54.00000   51.00000  5.56%  26.7 1475s
 1239947 104635     cutoff   30        54.00000   51.00000  5.56%  26.7 1480s
 1243383 105137 infeasible   35        54.00000   51.00000  5.56%  26.7 1485s
 1246670 105653   51.00000   41   62   54.00000   51.00000  5.56%  26.7 1490s
 1249892 106375   51.00000   27  112   54.00000   51.00000  5.56%  26.7 1495s
 1253804 107124   53.00000   44   50   54.00000   51.00000  5.56%  26.7 1500s
 1258268 108107 infeasible   47        54.00000   51.00000  5.56%  26.7 1505s
 1262783 108507   51.00000   34   62   54.00000   51.00000  5.56%  26.7 1510s
 1267437 108714   51.00000   35   58   54.00000   51.00000  5.56%  26.7 1515s
 1271559 109454 infeasible   29        54.00000   51.00000  5.56%  26.7 1520s
 1275503 109888   53.00000   33   50   54.00000   51.00000  5.56%  26.7 1525s
 1280820 111098   53.00000   48   40   54.00000   51.00000  5.56%  26.7 1530s
 1284926 111900   53.00000   32   38   54.00000   51.00000  5.56%  26.7 1535s
 1289126 112233 infeasible   38        54.00000   51.00000  5.56%  26.7 1540s
 1292923 112615   52.00000   39   48   54.00000   51.00000  5.56%  26.7 1545s
 1296538 112827   53.00000   33   61   54.00000   51.00000  5.56%  26.7 1550s
 1300257 113307   53.00000   39   72   54.00000   51.00000  5.56%  26.7 1555s
 1304702 113857   53.00000   53   54   54.00000   51.00000  5.56%  26.7 1560s
 1308156 114136   51.00000   53   61   54.00000   51.00000  5.56%  26.7 1565s
 1312547 114290     cutoff   56        54.00000   51.00000  5.56%  26.7 1570s
 1316981 114564   51.00000   48   84   54.00000   51.00000  5.56%  26.7 1575s
 1320370 114796   52.00000   62   70   54.00000   51.00000  5.56%  26.7 1580s
 1323612 115061   51.00000   37   64   54.00000   51.00000  5.56%  26.7 1585s
 1327945 115374 infeasible   48        54.00000   51.00000  5.56%  26.7 1590s
 1332211 115680   53.00000   34   79   54.00000   51.00000  5.56%  26.7 1595s
 1337176 116508 infeasible   43        54.00000   51.00000  5.56%  26.7 1600s
 1340541 116837   51.00000   34   86   54.00000   51.00000  5.56%  26.7 1605s
 1343989 117182   51.00000   29  104   54.00000   51.00000  5.56%  26.7 1610s
 1347777 117869   51.00000   31   55   54.00000   51.00000  5.56%  26.7 1615s
 1352117 118391 infeasible   34        54.00000   51.00000  5.56%  26.7 1620s
 1355576 118656   51.00000   43   69   54.00000   51.00000  5.56%  26.7 1625s
 1359484 119315   51.00000   32   68   54.00000   51.00000  5.56%  26.8 1630s
 1363483 119825     cutoff   32        54.00000   51.00000  5.56%  26.8 1635s
 1367960 120504   51.00000   36   75   54.00000   51.00000  5.56%  26.8 1640s
 1371701 121173   51.00000   37   92   54.00000   51.00000  5.56%  26.8 1645s
 1374445 121641     cutoff   39        54.00000   51.00000  5.56%  26.8 1650s
 1378730 121996   51.00000   27   86   54.00000   51.00000  5.56%  26.8 1655s
 1383315 122269   53.00000   39   57   54.00000   51.00000  5.56%  26.8 1660s
 1387479 122530 infeasible   47        54.00000   51.00000  5.56%  26.8 1665s
 1392486 122968 infeasible   43        54.00000   51.00000  5.56%  26.7 1670s
 1396793 123329   53.00000   37   46   54.00000   51.00000  5.56%  26.7 1675s
 1400795 123564   51.00000   32   61   54.00000   51.00000  5.56%  26.7 1680s
 1405357 124133 infeasible   44        54.00000   51.00000  5.56%  26.7 1685s
 1409937 124381 infeasible   39        54.00000   51.00000  5.56%  26.7 1690s
 1414541 124599   53.00000   35   74   54.00000   51.00000  5.56%  26.7 1695s
 1418336 125369   51.00000   31  123   54.00000   51.00000  5.56%  26.7 1700s
 1421640 125806   53.00000   40   54   54.00000   51.00000  5.56%  26.7 1705s
 1425300 126144     cutoff   37        54.00000   51.00000  5.56%  26.7 1710s
 1429062 126704 infeasible   37        54.00000   51.00000  5.56%  26.8 1715s
 1432521 126934   51.00000   40   85   54.00000   51.00000  5.56%  26.8 1720s
 1436678 127799   51.00000   44  119   54.00000   51.00000  5.56%  26.8 1725s
 1440158 128301 infeasible   49        54.00000   51.00000  5.56%  26.8 1730s
 1444612 129228   53.00000   49   68   54.00000   51.00000  5.56%  26.8 1735s
 1448865 130045   52.00000   44   73   54.00000   51.00000  5.56%  26.8 1740s
 1451935 130481   51.00000   36  104   54.00000   51.00000  5.56%  26.8 1745s
 1455797 131321   51.00000   38   99   54.00000   51.00000  5.56%  26.8 1750s
 1458658 131520 infeasible   28        54.00000   51.00000  5.56%  26.8 1755s
 1461542 131654   51.00000   43   72   54.00000   51.00000  5.56%  26.9 1760s
 1464771 131627 infeasible   44        54.00000   51.00000  5.56%  26.9 1765s
 1467740 131768   52.00000   34   74   54.00000   51.00000  5.56%  26.9 1770s
 1470900 132027   53.00000   30   22   54.00000   51.00000  5.56%  26.9 1775s
 1474219 132320   53.00000   32   49   54.00000   51.00000  5.56%  26.9 1780s
 1477699 132853   51.00000   30   72   54.00000   51.00000  5.56%  27.0 1785s
 1482054 133856     cutoff   34        54.00000   51.00000  5.56%  26.9 1790s
 1486388 134773   53.00000   35   69   54.00000   51.00000  5.56%  26.9 1795s

Cutting planes:
  Gomory: 18
  Cover: 264
  Implied bound: 206
  Clique: 63
  MIR: 33
  Mixing: 1
  StrongCG: 2
  Flow cover: 86
  Inf proof: 63
  Zero half: 1
  RLT: 14
  Relax-and-lift: 12
  BQP: 1
  PSD: 4

Explored 1491771 nodes (40162474 simplex iterations) in 1800.00 seconds (1601.52 work units)
Thread count was 1 (of 96 available processors)

Solution count 10: 54 54 55 ... 70

Time limit reached
Best objective 5.399999999450e+01, best bound 5.100000000000e+01, gap 5.5556%
WARNING: Loading a SolverResults object with an 'aborted' status, but
    containing a solution

Instance 18_1, formulation altered, reform bigm:
  Rect 0: x = 40.00, y = 11.00
  Rect 1: x = 44.00, y = 5.00
  Rect 2: x = 11.00, y = 8.00
  Rect 3: x = 25.00, y = 12.00
  Rect 4: x = 11.00, y = 10.00
  Rect 5: x = 18.00, y = 10.00
  Rect 6: x = 0.00, y = 12.00
  Rect 7: x = 0.00, y = 2.00
  Rect 8: x = 2.00, y = 5.00
  Rect 9: x = 40.00, y = 5.00
  Rect 10: x = 11.00, y = 12.00
  Rect 11: x = 2.00, y = 12.00
  Rect 12: x = 25.00, y = 3.00
  Rect 13: x = 6.00, y = 1.00
  Rect 14: x = 11.00, y = 6.00
  Rect 15: x = 40.00, y = 12.00
  Rect 16: x = 14.00, y = 8.00
  Rect 17: x = 45.00, y = 5.00
  → saved figures to strip_figures/18_1_altered_bigm.png and strip_figures/18_1_altered_bigm.pdf
Set parameter TokenServer to value "mooring.ecn.purdue.edu"
Read LP format model from file /tmp/tmp36ih88yx.pyomo.lp
Reading time = 0.01 seconds
x3098: 6292 rows, 3098 columns, 16561 nonzeros
Set parameter TimeLimit to value 1800
Set parameter Threads to value 1
Gurobi Optimizer version 11.0.0 build v11.0.0rc2 (linux64 - "Oracle Linux Server 9.6")

CPU model: AMD EPYC 7643 48-Core Processor, instruction set [SSE2|AVX|AVX2]
Thread count: 48 physical cores, 96 logical processors, using up to 1 threads

Optimize a model with 6292 rows, 3098 columns and 16561 nonzeros
Model fingerprint: 0x76b6a6ab
Variable types: 2486 continuous, 612 integer (612 binary)
Coefficient statistics:
  Matrix range     [1e+00, 1e+02]
  Objective range  [1e+00, 1e+00]
  Bounds range     [1e+00, 1e+02]
  RHS range        [1e+00, 2e+01]
Presolve removed 1472 rows and 448 columns
Presolve time: 0.02s
Presolved: 4820 rows, 2650 columns, 12674 nonzeros
Variable types: 2131 continuous, 519 integer (519 binary)
Found heuristic solution: objective 115.0000000

Root relaxation: objective 2.175862e+01, 1224 iterations, 0.03 seconds (0.03 work units)

    Nodes    |    Current Node    |     Objective Bounds      |     Work
 Expl Unexpl |  Obj  Depth IntInf | Incumbent    BestBd   Gap | It/Node Time

     0     0   21.75862    0  135  115.00000   21.75862  81.1%     -    0s
     0     0   29.00000    0  112  115.00000   29.00000  74.8%     -    0s
     0     0   29.00000    0  161  115.00000   29.00000  74.8%     -    0s
H    0     0                     102.0000000   29.00000  71.6%     -    0s
     0     0   29.00000    0  150  102.00000   29.00000  71.6%     -    0s
     0     0   29.00000    0   98  102.00000   29.00000  71.6%     -    0s
H    0     0                     101.0000000   29.00000  71.3%     -    0s
     0     0   29.00000    0  128  101.00000   29.00000  71.3%     -    0s
     0     0   29.00000    0   95  101.00000   29.00000  71.3%     -    0s
H    0     0                      98.0000000   29.00000  70.4%     -    0s
     0     0   29.00000    0  107   98.00000   29.00000  70.4%     -    0s
     0     0   29.00000    0   64   98.00000   29.00000  70.4%     -    0s
H    0     0                      91.0000000   29.00000  68.1%     -    0s
H    0     0                      90.0000000   29.00000  67.8%     -    0s
     0     0   29.00000    0   95   90.00000   29.00000  67.8%     -    0s
     0     0   29.00000    0   96   90.00000   29.00000  67.8%     -    0s
     0     0   29.00000    0   94   90.00000   29.00000  67.8%     -    0s
H    0     0                      89.0000000   29.00000  67.4%     -    0s
H    0     0                      87.0000000   29.00000  66.7%     -    0s
H    0     0                      80.0000000   29.00000  63.8%     -    0s
     0     2   29.00000    0   65   80.00000   29.00000  63.8%     -    1s
H  114   104                      70.0000000   29.00000  58.6%  74.6    1s
H  243   195                      66.0000000   29.00000  56.1%  58.8    2s
H  460   289                      65.0000000   30.75862  52.7%  56.6    3s
   572   381   51.00000   20   72   65.00000   31.00000  52.3%  54.5    5s
H  719   434                      63.0000000   31.00000  50.8%  73.9    6s
H  920   434                      58.0000000   31.00000  46.6%  74.0    7s
H 1170   527                      58.0000000   36.00000  37.9%  75.1    9s
H 1227   514                      57.0000000   36.00000  36.8%  74.5    9s
H 1253   508                      57.0000000   36.00000  36.8%  75.0    9s
  1297   527   53.00000   24  121   57.00000   36.00000  36.8%  76.3   10s
H 1692   657                      56.0000000   38.00000  32.1%  79.1   12s
H 2037   896                      56.0000000   38.00000  32.1%  82.1   15s
  2838  1381   51.00000   32   47   56.00000   40.00000  28.6%  84.4   20s
* 2886  1182              69      55.0000000   40.00000  27.3%  84.0   20s
* 3135  1307              62      55.0000000   40.00000  27.3%  85.8   22s
  3598  1556   54.00000   40   86   55.00000   42.00000  23.6%  86.5   25s
  4273  1853   54.00000   47   46   55.00000   44.00000  20.0%  90.1   30s
  4932  2133   51.00000   33   98   55.00000   45.00000  18.2%  95.2   35s
  5643  2478   51.00000   30  106   55.00000   45.00000  18.2%  96.4   40s
  6447  2871   49.00000   21   89   55.00000   45.00000  18.2%  96.1   45s
  7244  3302   49.00000   41   69   55.00000   45.00000  18.2%  95.8   50s
H 7981  3680                      55.0000000   45.00000  18.2%  94.8   55s
  8941  4157   47.00000   21   97   55.00000   45.00000  18.2%  94.7   60s
  9795  4592   45.00000   26   94   55.00000   45.00000  18.2%  93.5   65s
 10202  4810   54.00000   39   74   55.00000   45.00000  18.2%  93.6   78s
 10329  4874   51.00000   21   80   55.00000   45.00000  18.2%  94.1   80s
 11031  5203   53.00000   40   75   55.00000   45.00000  18.2%  95.9   85s
 12111  5741 infeasible   35        55.00000   45.00000  18.2%  95.1   90s
 12969  6174   51.00000   33  107   55.00000   45.00000  18.2%  96.0   95s
 13895  6622   49.00000   25  116   55.00000   45.00000  18.2%  96.5  100s
 14744  7027   51.00000   41   83   55.00000   45.00000  18.2%  96.5  105s
 15701  7428   47.00000   27  110   55.00000   45.00000  18.2%  96.6  110s
 16659  7866   53.00000   37   97   55.00000   45.00000  18.2%  97.0  115s
 17030  7992 infeasible   23        55.00000   45.00000  18.2%  98.4  120s
 17817  8356   47.00000   25   83   55.00000   45.25000  17.7%  98.6  125s
 18716  8681   51.00000   25   99   55.00000   47.00000  14.5%  98.9  130s
 19569  8937   51.00000   32   94   55.00000   47.00000  14.5%  99.0  135s
 20290  9097   54.00000   29  117   55.00000   47.00000  14.5%   100  140s
 20862  9319   51.00000   25  126   55.00000   47.00000  14.5%   100  145s
 21713  9631 infeasible   24        55.00000   47.00000  14.5%   101  150s
 22701 10074   51.00000   31  105   55.00000   47.00000  14.5%   101  155s
 23596 10374   51.00000   25  113   55.00000   47.00000  14.5%   101  160s
 24508 10641 infeasible   38        55.00000   47.00000  14.5%   101  165s
 24930 10711 infeasible   33        55.00000   47.00000  14.5%   102  170s
 25779 10957   47.00000   22  122   55.00000   47.00000  14.5%   102  175s
 26873 11264   47.00000   21   87   55.00000   47.00000  14.5%   101  180s
 27883 11659   51.00000   26  140   55.00000   47.00000  14.5%   101  185s
 28723 11993 infeasible   29        55.00000   47.00000  14.5%   101  190s
 29702 12404   52.00000   24  131   55.00000   47.00000  14.5%   101  195s
 30881 12995   51.00000   34   85   55.00000   47.00000  14.5%   100  200s
 31839 13422     cutoff   41        55.00000   47.00000  14.5%   100  205s
 32945 13910     cutoff   32        55.00000   47.00000  14.5%   100  210s
 34244 14483   51.00000   30   90   55.00000   47.00000  14.5%  98.5  215s
 35134 14814 infeasible   46        55.00000   47.00000  14.5%  98.4  220s
 36415 15398   54.00000   52   40   55.00000   47.00000  14.5%  97.3  225s
 37526 15860   47.00000   28   82   55.00000   47.00000  14.5%  96.8  230s
 38627 16264   47.00000   25  130   55.00000   47.00000  14.5%  96.5  235s
 39374 16484   47.00000   26  113   55.00000   47.00000  14.5%  96.9  240s
 40517 17062 infeasible   43        55.00000   47.00000  14.5%  96.4  245s
 41483 17394   47.00000   21  129   55.00000   47.00000  14.5%  96.3  250s
 42629 17913   53.00000   27   72   55.00000   47.00000  14.5%  95.9  255s
 43545 18246   47.00000   21   98   55.00000   47.00000  14.5%  96.0  260s
 44387 18609   47.00000   24   96   55.00000   47.00000  14.5%  95.9  265s
 45378 18961   51.00000   33  121   55.00000   47.00000  14.5%  95.8  270s
 46473 19311     cutoff   29        55.00000   47.00000  14.5%  95.4  275s
 47766 19886   52.00000   25  118   55.00000   47.00000  14.5%  94.7  280s
 49160 20551     cutoff   35        55.00000   47.00000  14.5%  93.7  285s
 50247 21051   54.00000   31   65   55.00000   47.00000  14.5%  93.4  290s
 51459 21633 infeasible   38        55.00000   47.00000  14.5%  92.8  295s
 52782 22178   53.00000   36   99   55.00000   47.00000  14.5%  92.3  300s
 53835 22613   54.00000   55   50   55.00000   47.00000  14.5%  91.9  305s
 54819 22960   51.00000   29  108   55.00000   47.00000  14.5%  91.6  310s
 55977 23493   51.00000   26  109   55.00000   47.00000  14.5%  91.1  315s
 56905 23839     cutoff   30        55.00000   47.00000  14.5%  91.2  320s
 57753 24150   53.00000   63   34   55.00000   47.00000  14.5%  90.9  325s
 58844 24548 infeasible   32        55.00000   47.00000  14.5%  90.7  330s
 59663 24910   51.00000   31   89   55.00000   47.00000  14.5%  90.8  335s
 60647 25288   51.00000   30   84   55.00000   47.00000  14.5%  90.9  340s
 61738 25744   48.00000   32   89   55.00000   47.84211  13.0%  90.8  345s
 62878 25987   51.00000   38  104   55.00000   47.84211  13.0%  90.4  350s
 63583 26170   53.00000   28  106   55.00000   48.00000  12.7%  90.5  355s
 64571 26502   51.00000   29  106   55.00000   48.23077  12.3%  90.5  360s
 65713 26943   50.00000   39   95   55.00000   49.00000  10.9%  90.2  365s
 66797 27308   54.00000   47   81   55.00000   49.00000  10.9%  90.1  370s
 67806 27666   49.00000   24   62   55.00000   49.00000  10.9%  90.1  375s
 68824 28064   51.00000   30   70   55.00000   49.00000  10.9%  90.2  380s
 69845 28477   51.00000   29  107   55.00000   49.00000  10.9%  90.3  385s
 70921 28910   49.00000   35   74   55.00000   49.00000  10.9%  90.3  390s
 71769 29291   51.00000   34   75   55.00000   49.00000  10.9%  90.1  395s
 72893 29738   53.00000   42   56   55.00000   49.00000  10.9%  90.0  400s
 74037 30093     cutoff   42        55.00000   49.00000  10.9%  89.8  405s
 75076 30556   51.00000   32   99   55.00000   49.00000  10.9%  89.8  410s
 75895 30784   49.00000   24   97   55.00000   49.00000  10.9%  89.9  415s
 76958 31165   51.00000   30  135   55.00000   49.00000  10.9%  89.8  420s
 77998 31321   52.00000   24   68   55.00000   49.00000  10.9%  89.8  425s
 79168 31564   52.00000   33  105   55.00000   49.00000  10.9%  89.6  430s
 80227 32015   53.00000   29   93   55.00000   49.00000  10.9%  89.6  435s
 81422 32415   51.00000   32  100   55.00000   49.00000  10.9%  89.3  440s
 82566 32707   53.00000   35   88   55.00000   49.00000  10.9%  89.0  445s
 83543 32864   51.00000   31  104   55.00000   49.00000  10.9%  89.0  450s
 84460 33230   49.00000   28   81   55.00000   49.00000  10.9%  88.8  455s
 85535 33611 infeasible   35        55.00000   49.00000  10.9%  88.7  460s
 86486 34021   54.00000   52   62   55.00000   49.00000  10.9%  88.8  465s
 87670 34536   49.00000   36   93   55.00000   49.00000  10.9%  88.5  470s
 88636 34922   53.00000   47   40   55.00000   49.00000  10.9%  88.4  475s
 89737 35372   54.00000   55   18   55.00000   49.00000  10.9%  88.3  480s
 90788 35850   51.00000   28   97   55.00000   49.00000  10.9%  88.1  485s
 91774 36161 infeasible   36        55.00000   49.00000  10.9%  88.1  490s
 92805 36594   51.00000   32   96   55.00000   49.00000  10.9%  88.0  495s
 93988 37071   53.00000   38   74   55.00000   49.00000  10.9%  87.9  500s
 95021 37445   54.00000   54   64   55.00000   49.00000  10.9%  87.9  505s
 96280 37900   51.00000   32   56   55.00000   49.00000  10.9%  87.7  510s
 97393 38326   52.00000   31  133   55.00000   49.00000  10.9%  87.6  515s
 98493 38792   53.00000   29   98   55.00000   49.00000  10.9%  87.6  520s
 99059 39007   51.00000   37  107   55.00000   49.00000  10.9%  87.6  525s
 100037 39356     cutoff   36        55.00000   49.00000  10.9%  87.6  530s
 100953 39738   53.00000   53   38   55.00000   49.00000  10.9%  87.5  535s
 102216 40170   51.00000   23  110   55.00000   49.00000  10.9%  87.3  540s
 103399 40568     cutoff   29        55.00000   49.00000  10.9%  87.2  545s
 104421 40882   52.00000   52   62   55.00000   49.00000  10.9%  87.2  550s
 105508 41281   53.00000   27  102   55.00000   49.00000  10.9%  87.1  555s
 106781 41737   51.00000   25   95   55.00000   49.00000  10.9%  87.0  560s
 107946 42204   49.00000   44   94   55.00000   49.00000  10.9%  86.9  565s
 108866 42506   53.00000   36  114   55.00000   49.00000  10.9%  86.9  570s
 109864 42909 infeasible   40        55.00000   49.00000  10.9%  87.0  575s
 110704 43204 infeasible   49        55.00000   49.00000  10.9%  87.1  580s
 111673 43566   53.00000   22   96   55.00000   49.00000  10.9%  87.1  585s
 112839 44036   51.00000   29   89   55.00000   49.00000  10.9%  87.0  590s
 113765 44398   51.00000   29  123   55.00000   49.00000  10.9%  87.0  595s
 114758 44823   51.00000   26   89   55.00000   49.00000  10.9%  86.9  600s
 115852 45205   53.00000   22  109   55.00000   49.00000  10.9%  86.9  605s
 116697 45528   49.00000   29  123   55.00000   49.00000  10.9%  86.8  610s
 117491 45722   49.00000   27  112   55.00000   49.00000  10.9%  87.0  615s
 118544 46117     cutoff   35        55.00000   49.00000  10.9%  87.0  620s
 119657 46371     cutoff   42        55.00000   49.00000  10.9%  86.9  625s
 120423 46564   51.00000   35  116   55.00000   49.00000  10.9%  87.0  630s
 121542 47025   51.00000   32  101   55.00000   49.00000  10.9%  86.8  635s
 122804 47389   53.00000   28   90   55.00000   49.00000  10.9%  86.5  640s
 123921 47802   54.00000   45   34   55.00000   49.00000  10.9%  86.5  645s
 125091 48204   52.00000   35   92   55.00000   49.00000  10.9%  86.3  650s
 126075 48469   53.00000   51   61   55.00000   49.00000  10.9%  86.3  655s
 126907 48725   53.00000   31   53   55.00000   49.00000  10.9%  86.4  660s
 127652 48976     cutoff   43        55.00000   49.00000  10.9%  86.4  665s
 129050 49640   53.00000   33  118   55.00000   49.00000  10.9%  86.1  670s
 130354 50112   51.00000   40  125   55.00000   49.00000  10.9%  85.9  675s
 131610 50530   53.00000   32  131   55.00000   49.00000  10.9%  85.8  680s
 132798 51003   53.00000   36   87   55.00000   49.00000  10.9%  85.5  685s
 134140 51536   49.00000   28   85   55.00000   49.00000  10.9%  85.2  690s
 135234 51917   49.00000   33   93   55.00000   49.00000  10.9%  85.2  695s
 136566 52401 infeasible   55        55.00000   49.00000  10.9%  85.1  700s
 137882 52879   49.00000   28   88   55.00000   49.00000  10.9%  84.9  705s
 138827 53119   54.00000   36   85   55.00000   49.00000  10.9%  84.9  710s
 139950 53457   51.00000   39   72   55.00000   49.00000  10.9%  84.8  715s
 141279 53876     cutoff   42        55.00000   49.00000  10.9%  84.6  720s
 142597 54216   54.00000   52   24   55.00000   49.00000  10.9%  84.4  725s
 143919 54606     cutoff   39        55.00000   49.00000  10.9%  84.2  730s
 145097 55007 infeasible   40        55.00000   49.00000  10.9%  84.0  735s
 146154 55389   53.00000   31  127   55.00000   49.00000  10.9%  83.9  740s
 147230 55683   52.00000   39   85   55.00000   49.00000  10.9%  83.7  745s
 148367 55986 infeasible   26        55.00000   49.00000  10.9%  83.7  750s
 149785 56338   53.00000   33   99   55.00000   49.00000  10.9%  83.4  755s
 150688 56620   53.00000   32   77   55.00000   49.00000  10.9%  83.5  760s
 151924 56937   51.00000   28  104   55.00000   49.00000  10.9%  83.4  765s
 153113 57311   53.00000   42   59   55.00000   49.00000  10.9%  83.3  770s
 154309 57679   49.00000   29  119   55.00000   49.00000  10.9%  83.3  775s
 155478 58146   49.00000   30  112   55.00000   49.00000  10.9%  83.2  780s
 156337 58294   53.00000   46   49   55.00000   49.00000  10.9%  83.2  785s
 157018 58421     cutoff   30        55.00000   49.00000  10.9%  83.2  790s
 157980 58741 infeasible   39        55.00000   49.00000  10.9%  83.2  795s
 159073 59088   51.00000   32  107   55.00000   49.00000  10.9%  83.1  800s
 160134 59492   50.00000   36  117   55.00000   49.00000  10.9%  83.1  805s
 161217 59830   54.00000   43   68   55.00000   49.00000  10.9%  83.0  810s
 162854 60682 infeasible   26        55.00000   49.00000  10.9%  82.8  815s
 163933 61001   53.00000   51   46   55.00000   49.00000  10.9%  82.8  820s
 165286 61224   51.00000   47   92   55.00000   49.00000  10.9%  82.5  825s
 166420 61567     cutoff   37        55.00000   49.00000  10.9%  82.5  830s
 167727 61872   54.00000   42   57   55.00000   49.00000  10.9%  82.4  835s
 169137 62436   53.00000   27   99   55.00000   49.00000  10.9%  82.2  840s
 170339 62898   51.00000   34   88   55.00000   49.00000  10.9%  82.1  845s
 171731 63339 infeasible   51        55.00000   49.00000  10.9%  82.1  850s
 172827 63547   53.00000   29   85   55.00000   49.00000  10.9%  82.0  855s
 174094 63936   49.00000   33   81   55.00000   49.00000  10.9%  81.9  860s
 175242 64366   51.00000   29  109   55.00000   49.00000  10.9%  81.8  865s
 176441 64715   51.00000   26  117   55.00000   49.00000  10.9%  81.8  870s
 177196 64898   51.00000   33   82   55.00000   49.00000  10.9%  81.9  875s
 178446 65484   54.00000   39  104   55.00000   49.00000  10.9%  81.7  880s
 179265 65816   51.00000   28   86   55.00000   49.00000  10.9%  81.6  885s
 180414 66312   51.00000   23   92   55.00000   49.00000  10.9%  81.6  890s
 181360 66618   51.00000   32   91   55.00000   49.00000  10.9%  81.7  895s
 182319 66951 infeasible   44        55.00000   49.00000  10.9%  81.7  900s
 183098 67105     cutoff   56        55.00000   49.00000  10.9%  81.7  905s
 183997 67380 infeasible   37        55.00000   49.00000  10.9%  81.7  910s
 185253 67797   49.00000   21  113   55.00000   49.00000  10.9%  81.7  915s
 186342 68207   52.00000   30   77   55.00000   49.00000  10.9%  81.7  920s
 187494 68572   51.00000   42  107   55.00000   49.00000  10.9%  81.6  925s
 188671 69002   53.00000   51   72   55.00000   49.00000  10.9%  81.6  930s
 189714 69352   51.00000   19   74   55.00000   49.00000  10.9%  81.6  935s
 190799 69687   51.00000   29  112   55.00000   49.00000  10.9%  81.6  940s
 192082 70154   53.00000   33   91   55.00000   49.00000  10.9%  81.5  945s
 193188 70489   53.00000   46   78   55.00000   49.00000  10.9%  81.5  950s
 194311 70961   54.00000   47   58   55.00000   49.00000  10.9%  81.5  955s
 195429 71266 infeasible   29        55.00000   49.00000  10.9%  81.5  960s
 196649 71703   54.00000   32   70   55.00000   49.00000  10.9%  81.4  965s
 197810 72092   51.00000   30  105   55.00000   49.00000  10.9%  81.4  970s
 199037 72605     cutoff   29        55.00000   49.00000  10.9%  81.3  975s
 199993 72902   51.00000   33   99   55.00000   49.00000  10.9%  81.4  980s
 201358 73496   51.00000   31   97   55.00000   49.00000  10.9%  81.3  985s
 202437 73871 infeasible   39        55.00000   49.00000  10.9%  81.3  990s
 203514 74253 infeasible   34        55.00000   49.00000  10.9%  81.3  995s
 204099 74468 infeasible   46        55.00000   49.00000  10.9%  81.3 1000s
 205244 74884   51.00000   35   77   55.00000   49.00000  10.9%  81.2 1005s
 206559 75416   54.00000   40   63   55.00000   49.00000  10.9%  81.1 1010s
 207711 75854   49.00000   21   91   55.00000   49.00000  10.9%  81.1 1015s
 208924 76283   51.00000   26   98   55.00000   49.00000  10.9%  81.1 1020s
 210136 76708   53.00000   39  120   55.00000   49.00000  10.9%  81.0 1025s
 211344 77140   53.00000   36   81   55.00000   49.00000  10.9%  80.9 1030s
 212545 77614   49.00000   26   82   55.00000   49.00000  10.9%  80.9 1035s
 213852 78063   53.00000   30   92   55.00000   49.00000  10.9%  80.9 1040s
 214940 78657 infeasible   48        55.00000   49.00000  10.9%  80.8 1045s
 216314 79251 infeasible   28        55.00000   49.00000  10.9%  80.7 1050s
 217583 79632   51.00000   30  106   55.00000   49.00000  10.9%  80.6 1055s
 218827 80213   51.00000   34  113   55.00000   49.00000  10.9%  80.6 1060s
 219950 80608   51.00000   37   90   55.00000   49.00000  10.9%  80.6 1065s
 221060 81091 infeasible   39        55.00000   49.00000  10.9%  80.6 1070s
 222312 81644   54.00000   35   87   55.00000   49.00000  10.9%  80.4 1075s
 223629 82147   54.00000   52   75   55.00000   49.00000  10.9%  80.3 1080s
 225104 82923   52.00000   44   80   55.00000   49.00000  10.9%  80.2 1085s
 226314 83490   49.00000   27  101   55.00000   49.00000  10.9%  80.2 1090s
 226871 83651   53.00000   38   72   55.00000   49.00000  10.9%  80.2 1095s
 227416 83775   49.00000   25   85   55.00000   49.00000  10.9%  80.3 1100s
 228506 84203   51.00000   31  123   55.00000   49.00000  10.9%  80.2 1105s
 229601 84677   52.00000   30  109   55.00000   49.00000  10.9%  80.1 1110s
 230893 85353     cutoff   35        55.00000   49.00000  10.9%  80.0 1115s
 232170 85823   54.00000   34   78   55.00000   49.00000  10.9%  79.9 1120s
 233167 86182   53.00000   37   86   55.00000   49.00000  10.9%  79.9 1125s
 234404 86610   49.00000   34   93   55.00000   49.00000  10.9%  79.8 1130s
 235454 86802   54.00000   34  100   55.00000   49.00000  10.9%  79.8 1135s
 236415 87078   51.00000   30   98   55.00000   49.00000  10.9%  79.9 1140s
 237470 87559   49.00000   29   96   55.00000   49.00000  10.9%  79.9 1145s
 238633 88163   53.00000   48   39   55.00000   49.00000  10.9%  79.8 1150s
 239990 88758   53.00000   38   73   55.00000   49.00000  10.9%  79.7 1155s
 241183 89264   51.00000   40   75   55.00000   49.00000  10.9%  79.7 1160s
 242254 89591   51.00000   41   60   55.00000   49.00000  10.9%  79.7 1165s
 243705 90283   51.00000   40   77   55.00000   49.00000  10.9%  79.6 1170s
 244946 90795     cutoff   41        55.00000   49.00000  10.9%  79.5 1175s
 246358 91283   51.00000   32   97   55.00000   49.00000  10.9%  79.4 1180s
 247051 91364     cutoff   33        55.00000   49.00000  10.9%  79.4 1185s
 248151 91661   53.00000   38   95   55.00000   49.00000  10.9%  79.3 1190s
 249509 92120   51.00000   34   90   55.00000   49.00000  10.9%  79.2 1195s
 251088 92646   49.00000   34   91   55.00000   49.00000  10.9%  79.1 1200s
 252467 93181   54.00000   32   81   55.00000   49.00000  10.9%  79.1 1205s
 253911 93704   49.00000   35   88   55.00000   49.00000  10.9%  79.0 1210s
 255452 94194   51.10901   41   89   55.00000   49.00000  10.9%  78.9 1215s
 256879 94666   49.00000   25  110   55.00000   49.00000  10.9%  78.9 1220s
 258168 94970   49.00000   26  105   55.00000   49.00000  10.9%  78.8 1225s
 259768 95459   49.00000   36  112   55.00000   49.00000  10.9%  78.7 1230s
 261438 96031   53.00000   42   73   55.00000   49.00000  10.9%  78.6 1235s
 262807 96569   52.00000   36   93   55.00000   49.00000  10.9%  78.5 1240s
 263778 96948     cutoff   33        55.00000   49.00000  10.9%  78.5 1245s
 264757 97260   49.00000   35   70   55.00000   49.00000  10.9%  78.5 1250s
 266013 97623 infeasible   43        55.00000   49.00000  10.9%  78.5 1255s
 267259 98118   51.00000   33  116   55.00000   49.00000  10.9%  78.4 1260s
 268281 98486   51.00000   28  104   55.00000   49.00000  10.9%  78.3 1265s
 269306 98979     cutoff   36        55.00000   49.00000  10.9%  78.3 1270s
 270282 99449   54.00000   57   60   55.00000   49.00000  10.9%  78.3 1275s
 271219 99743   53.00000   33   83   55.00000   49.00000  10.9%  78.3 1280s
 272123 99989   50.00000   34   71   55.00000   49.00000  10.9%  78.3 1285s
 273075 100398   51.00000   44   65   55.00000   49.00000  10.9%  78.3 1290s
 274149 100666   49.00000   40   78   55.00000   49.00000  10.9%  78.3 1295s
 275268 101030   54.00000   60   24   55.00000   49.00000  10.9%  78.4 1300s
 276269 101348   53.00000   57   58   55.00000   49.00000  10.9%  78.4 1305s
 277475 101695   51.00000   37   76   55.00000   49.00000  10.9%  78.3 1310s
 278385 101991   53.00000   39  104   55.00000   49.00000  10.9%  78.3 1315s
 279627 102373   51.00000   34  128   55.00000   49.00000  10.9%  78.3 1320s
 280815 102813   54.00000   43   78   55.00000   49.00000  10.9%  78.3 1325s
 282036 103268     cutoff   37        55.00000   49.00000  10.9%  78.2 1330s
 283271 103775   49.00000   34   83   55.00000   49.00000  10.9%  78.2 1335s
 284383 104225   49.00000   39   80   55.00000   49.00000  10.9%  78.2 1340s
 285641 104713     cutoff   28        55.00000   49.00000  10.9%  78.1 1345s
 286981 105301   49.00000   22  110   55.00000   49.00000  10.9%  78.1 1350s
 288238 105846     cutoff   38        55.00000   49.00000  10.9%  78.0 1355s
 289523 106342   49.00000   27  103   55.00000   49.00000  10.9%  78.0 1360s
 290444 106686   54.00000   35   91   55.00000   49.00000  10.9%  77.9 1365s
 291527 107174   54.00000   32  112   55.00000   49.00000  10.9%  77.9 1370s
 293337 107927   53.00000   42   85   55.00000   49.00000  10.9%  77.7 1375s
 294648 108321 infeasible   41        55.00000   49.00000  10.9%  77.7 1380s
 295636 108645   53.00000   38   64   55.00000   49.00000  10.9%  77.7 1385s
 297172 109165   51.00000   26  109   55.00000   49.00000  10.9%  77.5 1390s
 298860 109559   49.00000   23  119   55.00000   49.00000  10.9%  77.4 1395s
 300251 109992     cutoff   37        55.00000   49.00000  10.9%  77.3 1400s
 301028 110271   54.00000   38   66   55.00000   49.00000  10.9%  77.3 1405s
 302000 110525 infeasible   44        55.00000   49.00000  10.9%  77.3 1410s
 303324 111190     cutoff   32        55.00000   49.00000  10.9%  77.2 1415s
 304576 111751   51.00000   32  116   55.00000   49.00000  10.9%  77.2 1420s
 305948 112188     cutoff   28        55.00000   49.00000  10.9%  77.2 1425s
 307104 112589   51.00000   30  113   55.00000   49.00000  10.9%  77.1 1430s
 308451 113139   53.00000   39   89   55.00000   49.00000  10.9%  77.1 1435s
 309619 113603   52.00000   28  116   55.00000   49.00000  10.9%  77.1 1440s
 311122 114035   54.00000   52   50   55.00000   49.00000  10.9%  77.0 1445s
 312587 114667   53.00000   48   55   55.00000   49.00000  10.9%  76.9 1450s
 313211 114872     cutoff   37        55.00000   49.00000  10.9%  77.0 1455s
 314097 115017   49.00000   34  110   55.00000   49.00000  10.9%  77.0 1460s
 315056 115151 infeasible   51        55.00000   49.00000  10.9%  77.0 1465s
 315974 115389   53.00000   28  102   55.00000   49.00000  10.9%  77.1 1470s
 317120 115695 infeasible   38        55.00000   49.00000  10.9%  77.1 1475s
 318134 115908   54.00000   38   76   55.00000   49.00000  10.9%  77.1 1480s
 319381 116252   49.00000   28   83   55.00000   49.00000  10.9%  77.0 1485s
 320352 116586   51.00000   27  109   55.00000   49.00000  10.9%  77.1 1490s
 321546 117000   51.00000   37   90   55.00000   49.00000  10.9%  77.0 1495s
 322623 117240   54.00000   39   79   55.00000   49.00000  10.9%  77.0 1500s
 323894 117797     cutoff   35        55.00000   49.00000  10.9%  77.0 1505s
 325019 118062 infeasible   36        55.00000   49.00000  10.9%  77.0 1510s
 326555 118404     cutoff   43        55.00000   49.00000  10.9%  76.9 1515s
 327564 118625 infeasible   27        55.00000   49.00000  10.9%  76.9 1520s
 328872 119230     cutoff   33        55.00000   49.00000  10.9%  76.8 1525s
 330398 119771   53.00000   40   75   55.00000   49.00000  10.9%  76.7 1530s
 332218 120519   51.00000   48   90   55.00000   49.00000  10.9%  76.6 1535s
 333548 121074   53.00000   57   58   55.00000   49.00000  10.9%  76.5 1540s
 334471 121479   53.00000   57   74   55.00000   49.00000  10.9%  76.5 1545s
 336183 122281   51.00000   37  100   55.00000   49.00000  10.9%  76.3 1550s
 337198 122656   49.00000   32   98   55.00000   49.00000  10.9%  76.3 1555s
 338651 123058   53.00000   49   56   55.00000   49.00000  10.9%  76.3 1560s
 339758 123569   53.00000   26   87   55.00000   49.00000  10.9%  76.2 1565s
 340768 123998   49.00000   22   59   55.00000   49.00000  10.9%  76.2 1570s
 341997 124429   52.00000   42   97   55.00000   49.00000  10.9%  76.2 1575s
 343061 124836   53.00000   44   81   55.00000   49.00000  10.9%  76.2 1580s
 344094 125232   54.00000   44   60   55.00000   49.00000  10.9%  76.2 1585s
 345219 125699   49.00000   24  108   55.00000   49.00000  10.9%  76.1 1590s
 346571 126294   51.00000   26   90   55.00000   49.00000  10.9%  76.1 1595s
 347935 126907   53.00000   28   92   55.00000   49.00000  10.9%  76.0 1600s
 349136 127568   53.00000   37   84   55.00000   49.00000  10.9%  76.0 1605s
 350249 128061   51.00000   35   89   55.00000   49.00000  10.9%  75.9 1610s
 351645 128643     cutoff   34        55.00000   49.00000  10.9%  75.8 1615s
 352943 129095   51.00000   41   76   55.00000   49.00000  10.9%  75.8 1620s
 354156 129512 infeasible   48        55.00000   49.00000  10.9%  75.8 1625s
 355146 129770 infeasible   50        55.00000   49.00000  10.9%  75.8 1630s
 356349 130113     cutoff   52        55.00000   49.00000  10.9%  75.8 1635s
 357469 130426   53.00000   50   32   55.00000   49.00000  10.9%  75.8 1640s
 358695 130905     cutoff   60        55.00000   49.00000  10.9%  75.7 1645s
 359920 131458   51.00000   38   85   55.00000   49.00000  10.9%  75.7 1650s
 361097 131912   51.00000   30  107   55.00000   49.00000  10.9%  75.7 1655s
 362362 132383 infeasible   39        55.00000   49.00000  10.9%  75.7 1660s
 363375 132789   49.00000   29   99   55.00000   49.00000  10.9%  75.7 1665s
 364566 133205   51.00000   38  107   55.00000   49.00000  10.9%  75.7 1670s
 365380 133469 infeasible   47        55.00000   49.00000  10.9%  75.7 1675s
 366390 133816   50.00000   24  111   55.00000   49.00000  10.9%  75.7 1680s
 367588 134214   53.00000   31   67   55.00000   49.00000  10.9%  75.7 1685s
 368830 134598   51.00000   39  108   55.00000   49.00000  10.9%  75.7 1690s
 369958 135028   53.66667   34   91   55.00000   49.00000  10.9%  75.7 1695s
 371175 135468   53.00000   38   82   55.00000   49.00000  10.9%  75.7 1700s
 372291 135811   49.00000   35   90   55.00000   49.00000  10.9%  75.7 1705s
 373462 136241   53.00000   27   97   55.00000   49.00000  10.9%  75.7 1710s
 374502 136581   53.00000   23   86   55.00000   49.00000  10.9%  75.7 1715s
 375436 136910 infeasible   26        55.00000   49.00000  10.9%  75.7 1720s
 376433 137239   54.00000   39   82   55.00000   49.00000  10.9%  75.7 1725s
 377265 137460   53.00000   33   90   55.00000   49.00000  10.9%  75.7 1730s
 378375 137876 infeasible   45        55.00000   49.00000  10.9%  75.7 1735s
 379293 138213   49.00000   29  111   55.00000   49.00000  10.9%  75.7 1740s
 380335 138499   53.00000   39   78   55.00000   49.00000  10.9%  75.8 1745s
 381704 139088   54.00000   39   50   55.00000   49.00000  10.9%  75.7 1750s
 382984 139644   50.00000   32   77   55.00000   49.00000  10.9%  75.7 1755s
 384163 140097   54.00000   56   32   55.00000   49.00000  10.9%  75.7 1760s
 385414 140638   53.00000   34   82   55.00000   49.00000  10.9%  75.7 1765s
 386555 141113   52.00000   43   72   55.00000   49.00000  10.9%  75.7 1770s
 387756 141445   53.00000   31  117   55.00000   49.00000  10.9%  75.7 1775s
 388979 141836 infeasible   38        55.00000   49.00000  10.9%  75.7 1780s
 389907 142175   49.00000   31  108   55.00000   49.00000  10.9%  75.7 1785s
 391162 142617     cutoff   32        55.00000   49.00000  10.9%  75.7 1790s
 392184 142861   51.00000   32  101   55.00000   49.00000  10.9%  75.7 1795s

Cutting planes:
  Learned: 3
  Cover: 60
  Implied bound: 96
  Clique: 14
  MIR: 6
  Flow cover: 26
  Network: 1
  RLT: 8
  Relax-and-lift: 4

Explored 393546 nodes (29768397 simplex iterations) in 1800.00 seconds (1543.01 work units)
Thread count was 1 (of 96 available processors)

Solution count 10: 55 55 56 ... 65

Time limit reached
Best objective 5.499999998880e+01, best bound 4.900000000000e+01, gap 10.9091%
WARNING: Loading a SolverResults object with an 'aborted' status, but
    containing a solution

Instance 18_1, formulation altered, reform hull:
  Rect 0: x = 30.00, y = 7.00
  Rect 1: x = 7.00, y = 10.00
  Rect 2: x = 0.00, y = 12.00
  Rect 3: x = 8.00, y = 12.00
  Rect 4: x = 0.00, y = 10.00
  Rect 5: x = 23.00, y = 12.00
  Rect 6: x = 53.00, y = 11.00
  Rect 7: x = 20.00, y = 2.00
  Rect 8: x = 8.00, y = 3.00
  Rect 9: x = 4.00, y = 5.00
  Rect 10: x = 30.00, y = 9.00
  Rect 11: x = 44.00, y = 12.00
  Rect 12: x = 30.00, y = 12.00
  Rect 13: x = 0.00, y = 11.00
  Rect 14: x = 4.00, y = 12.00
  Rect 15: x = 26.00, y = 1.00
  Rect 16: x = 0.00, y = 8.00
  Rect 17: x = 44.00, y = 5.00
  → saved figures to strip_figures/18_1_altered_hull.png and strip_figures/18_1_altered_hull.pdf
Set parameter TokenServer to value "mooring.ecn.purdue.edu"
Read LP format model from file /tmp/tmprlddnj7h.pyomo.lp
Reading time = 0.00 seconds
x650: 2008 rows, 650 columns, 4933 nonzeros
Set parameter TimeLimit to value 1800
Set parameter Threads to value 1
Gurobi Optimizer version 11.0.0 build v11.0.0rc2 (linux64 - "Oracle Linux Server 9.6")

CPU model: AMD EPYC 7643 48-Core Processor, instruction set [SSE2|AVX|AVX2]
Thread count: 48 physical cores, 96 logical processors, using up to 1 threads

Optimize a model with 2008 rows, 650 columns and 4933 nonzeros
Model fingerprint: 0x124f2401
Variable types: 38 continuous, 612 integer (612 binary)
Coefficient statistics:
  Matrix range     [1e+00, 2e+02]
  Objective range  [1e+00, 1e+00]
  Bounds range     [1e+00, 1e+02]
  RHS range        [1e+00, 1e+02]
Presolve removed 1318 rows and 94 columns
Presolve time: 0.00s
Presolved: 690 rows, 556 columns, 2174 nonzeros
Variable types: 37 continuous, 519 integer (519 binary)
Found heuristic solution: objective 78.0000000

Root relaxation: objective 2.900000e+01, 262 iterations, 0.00 seconds (0.00 work units)

    Nodes    |    Current Node    |     Objective Bounds      |     Work
 Expl Unexpl |  Obj  Depth IntInf | Incumbent    BestBd   Gap | It/Node Time

     0     0   29.00000    0   30   78.00000   29.00000  62.8%     -    0s
     0     0   29.50570    0   85   78.00000   29.50570  62.2%     -    0s
H    0     0                      74.0000000   33.94207  54.1%     -    0s
     0     0   33.94207    0   81   74.00000   33.94207  54.1%     -    0s
     0     0   33.94207    0   81   74.00000   33.94207  54.1%     -    0s
     0     0   33.94207    0  131   74.00000   33.94207  54.1%     -    0s
H    0     0                      73.0000000   33.94207  53.5%     -    0s
H    0     0                      70.0000000   33.94207  51.5%     -    0s
     0     0   33.94207    0  104   70.00000   33.94207  51.5%     -    0s
     0     0   33.94207    0  109   70.00000   33.94207  51.5%     -    0s
     0     0   33.94207    0  118   70.00000   33.94207  51.5%     -    0s
     0     0   33.94207    0  176   70.00000   33.94207  51.5%     -    0s
H    0     0                      63.0000000   33.94207  46.1%     -    0s
     0     0   33.94207    0  143   63.00000   33.94207  46.1%     -    0s
     0     0   33.94207    0  133   63.00000   33.94207  46.1%     -    0s
     0     0   33.94207    0  133   63.00000   33.94207  46.1%     -    0s
     0     0   33.94207    0  124   63.00000   33.94207  46.1%     -    0s
     0     0   33.94207    0  116   63.00000   33.94207  46.1%     -    0s
     0     0   33.94207    0  121   63.00000   33.94207  46.1%     -    0s
     0     0   33.94207    0  141   63.00000   33.94207  46.1%     -    0s
     0     0   33.94207    0  119   63.00000   33.94207  46.1%     -    0s
     0     0   33.94207    0  121   63.00000   33.94207  46.1%     -    0s
     0     0   33.94207    0  116   63.00000   33.94207  46.1%     -    0s
     0     0   33.94207    0  127   63.00000   33.94207  46.1%     -    0s
     0     0   33.94207    0  133   63.00000   33.94207  46.1%     -    0s
     0     0   33.94207    0  121   63.00000   33.94207  46.1%     -    0s
     0     0   33.94207    0  125   63.00000   33.94207  46.1%     -    0s
     0     0   33.94207    0  125   63.00000   33.94207  46.1%     -    0s
     0     0   33.94207    0  133   63.00000   33.94207  46.1%     -    0s
H    0     0                      61.0000000   33.94207  44.4%     -    0s
     0     0   33.94207    0  127   61.00000   33.94207  44.4%     -    0s
     0     0   33.94207    0  127   61.00000   33.94207  44.4%     -    0s
     0     0   33.94207    0  131   61.00000   33.94207  44.4%     -    0s
     0     0   33.94207    0  123   61.00000   33.94207  44.4%     -    0s
     0     0   33.94207    0  162   61.00000   33.94207  44.4%     -    0s
     0     0   33.94207    0  157   61.00000   33.94207  44.4%     -    0s
     0     0   33.94207    0  153   61.00000   33.94207  44.4%     -    0s
     0     0   33.94207    0  151   61.00000   33.94207  44.4%     -    0s
     0     0   33.94207    0  165   61.00000   33.94207  44.4%     -    0s
     0     0   33.94207    0  165   61.00000   33.94207  44.4%     -    0s
     0     0   33.94207    0  166   61.00000   33.94207  44.4%     -    0s
     0     0   33.94207    0  164   61.00000   33.94207  44.4%     -    0s
     0     0   33.94207    0  175   61.00000   33.94207  44.4%     -    0s
     0     0   33.94207    0  145   61.00000   33.94207  44.4%     -    0s
     0     0   33.94207    0  154   61.00000   33.94207  44.4%     -    0s
     0     0   33.94207    0  146   61.00000   33.94207  44.4%     -    0s
     0     0   33.94207    0   39   61.00000   33.94207  44.4%     -    0s
     0     2   33.94207    0   39   61.00000   33.94207  44.4%     -    0s
*  741   511              76      59.0000000   40.28115  31.7%  14.6    0s
H  798   499                      58.0000000   40.28115  30.5%  14.2    0s
H  803   458                      56.0000000   40.28115  28.1%  14.2    0s
* 1936   682              69      55.0000000   47.00000  14.5%  13.8    1s
H 3828  1871                      55.0000000   49.07018  10.8%  14.0    2s
  6895  3555   51.00000   39   74   55.00000   51.00000  7.27%  14.5    5s
 12451  5053   52.00000   49   60   55.00000   51.00000  7.27%  14.1   10s
 19267  6537   51.00000   42   95   55.00000   51.00000  7.27%  14.8   15s
 25847  8270   51.00000   56   73   55.00000   51.00000  7.27%  15.6   20s
 31778  9857   51.00000   52   83   55.00000   51.00000  7.27%  15.9   25s
 39155 11097   52.00000   63   42   55.00000   51.00000  7.27%  15.6   30s
 46437 12092   51.00000   33   73   55.00000   51.00000  7.27%  15.8   35s
 53483 13256   51.00000   70   44   55.00000   51.00000  7.27%  15.6   40s
 61173 13309 infeasible   67        55.00000   51.00000  7.27%  15.3   45s
 70866 14138   51.00000   81   44   55.00000   51.00000  7.27%  15.0   50s
 78604 14648   51.00000   51   79   55.00000   51.00000  7.27%  15.2   55s
 86379 15150   51.00000   65   61   55.00000   51.00000  7.27%  15.3   60s
 93937 15421   51.00000   55   80   55.00000   51.00000  7.27%  15.4   65s
 102786 16319   53.00000   60   58   55.00000   51.00000  7.27%  15.2   70s
 109816 17749   52.00000   41   62   55.00000   51.00000  7.27%  15.3   75s
 115610 18307 infeasible   48        55.00000   51.00000  7.27%  15.4   80s
 121211 18984 infeasible   71        55.00000   51.00000  7.27%  15.6   85s
 127646 19710 infeasible   56        55.00000   51.00000  7.27%  15.8   90s
 132373 20050 infeasible   70        55.00000   51.00000  7.27%  16.0   95s
 137797 20615   51.00000   49   46   55.00000   51.00000  7.27%  16.2  100s
 145252 20972   53.00000   80   56   55.00000   51.00000  7.27%  16.2  105s
 152113 21242 infeasible   53        55.00000   51.00000  7.27%  16.2  110s
 159278 21637   52.00000   51   63   55.00000   51.00000  7.27%  16.2  115s
 166185 22248     cutoff   44        55.00000   51.00000  7.27%  16.2  120s
 172854 22634   51.00000   43   59   55.00000   51.00000  7.27%  16.2  125s
 179272 23090   51.45455   41   78   55.00000   51.00000  7.27%  16.3  130s
 184542 23452   51.00000   49   69   55.00000   51.00000  7.27%  16.5  135s
 189397 23547   51.29091   54   60   55.00000   51.00000  7.27%  16.7  140s
 195940 23837   51.00000   56   72   55.00000   51.00000  7.27%  16.7  145s
 201429 24100   51.00000   44   97   55.00000   51.00000  7.27%  16.9  150s
 206465 24324   51.00000   54   74   55.00000   51.00000  7.27%  17.1  155s
 210608 24561 infeasible   63        55.00000   51.00000  7.27%  17.3  160s
 215040 24786     cutoff   48        55.00000   51.00000  7.27%  17.5  165s
 219699 25007   51.00000   50   92   55.00000   51.00000  7.27%  17.7  170s
 224821 25345   51.00000   42   97   55.00000   51.00000  7.27%  17.9  175s
 228267 25489     cutoff   52        55.00000   51.00000  7.27%  18.0  180s
 233003 25955   51.00000   44   87   55.00000   51.00000  7.27%  18.2  185s
 237788 26326 infeasible   65        55.00000   51.00000  7.27%  18.2  190s
 241852 26783   51.00000   52   64   55.00000   51.00000  7.27%  18.4  195s
 245596 27164     cutoff   37        55.00000   51.00000  7.27%  18.5  200s
 249008 27406   51.00000   51   51   55.00000   51.00000  7.27%  18.7  205s
 252173 27626     cutoff   55        55.00000   51.00000  7.27%  18.8  210s
 256217 27832     cutoff   50        55.00000   51.00000  7.27%  18.9  215s
 259467 27977     cutoff   54        55.00000   51.00000  7.27%  19.1  220s
 263081 28105   53.00000   41   72   55.00000   51.00000  7.27%  19.2  225s
 267283 28433   51.00000   45   82   55.00000   51.00000  7.27%  19.3  230s
*268492 23066              60      54.0000000   51.00000  5.56%  19.4  231s
 270006 23172     cutoff   48        54.00000   51.00000  5.56%  19.5  235s
 272521 23577   51.00000   33   79   54.00000   51.00000  5.56%  19.8  240s
 275295 23569 infeasible   42        54.00000   51.00000  5.56%  20.0  245s
 278009 23647   51.00000   48   99   54.00000   51.00000  5.56%  20.2  250s
 281737 23898 infeasible   65        54.00000   51.00000  5.56%  20.4  255s
 286200 23886 infeasible   65        54.00000   51.00000  5.56%  20.4  260s
 289622 23895   52.00000   44   39   54.00000   51.00000  5.56%  20.6  265s
 292945 24042 infeasible   45        54.00000   51.00000  5.56%  20.8  270s
 297190 24159   51.00000   61   55   54.00000   51.00000  5.56%  20.9  275s
 301489 24385   53.00000   71   32   54.00000   51.00000  5.56%  20.9  280s
 306161 24575   53.00000   59   47   54.00000   51.00000  5.56%  21.0  285s
 310400 24717   51.00000   56   75   54.00000   51.00000  5.56%  21.1  290s
 314098 24856   52.00000   49   67   54.00000   51.00000  5.56%  21.3  295s
 316477 24877 infeasible   59        54.00000   51.00000  5.56%  21.5  300s
 319466 25000   51.00000   60   66   54.00000   51.00000  5.56%  21.6  305s
 321983 24994   51.00000   53   81   54.00000   51.00000  5.56%  21.8  310s
 324383 25016 infeasible   50        54.00000   51.00000  5.56%  21.9  315s
 326837 25107 infeasible   61        54.00000   51.00000  5.56%  22.1  320s
 329496 25079   51.00000   48  128   54.00000   51.00000  5.56%  22.3  325s
 332134 25184 infeasible   34        54.00000   51.00000  5.56%  22.4  330s
 335553 25356 infeasible   38        54.00000   51.00000  5.56%  22.5  335s
 339194 25560 infeasible   53        54.00000   51.00000  5.56%  22.6  340s
 343498 25585   51.00000   43   66   54.00000   51.00000  5.56%  22.7  345s
 346492 25751   52.00000   55   44   54.00000   51.00000  5.56%  22.8  350s
 349349 25790 infeasible   37        54.00000   51.00000  5.56%  22.9  355s
 352559 25955   51.00000   49   48   54.00000   51.00000  5.56%  23.1  360s
 355904 26008     cutoff   42        54.00000   51.00000  5.56%  23.2  365s
 359204 26195   51.00000   52   52   54.00000   51.00000  5.56%  23.2  370s
 361925 26261   51.00000   50   78   54.00000   51.00000  5.56%  23.3  375s
 365209 26550   51.00000   36   83   54.00000   51.00000  5.56%  23.4  380s
 369381 26989   51.00000   41   77   54.00000   51.00000  5.56%  23.5  385s
 372331 27078   51.00000   40   79   54.00000   51.00000  5.56%  23.6  390s
 374844 27004   51.00000   45   96   54.00000   51.00000  5.56%  23.8  395s
 377181 27081   51.00000   51  107   54.00000   51.00000  5.56%  24.0  400s
 379299 27096   51.00000   50   76   54.00000   51.00000  5.56%  24.1  405s
 381132 27121   51.00000   37   87   54.00000   51.00000  5.56%  24.3  410s
 383610 27196   51.00000   36   96   54.00000   51.00000  5.56%  24.4  415s
 386636 27498   52.00000   34  122   54.00000   51.00000  5.56%  24.5  420s
 390886 27632   51.00000   66   36   54.00000   51.00000  5.56%  24.5  425s
 395604 27681 infeasible   54        54.00000   51.00000  5.56%  24.5  430s
 399938 27730   52.00000   64   35   54.00000   51.00000  5.56%  24.5  435s
 404209 27733   51.00000   44   63   54.00000   51.00000  5.56%  24.5  440s
 407556 27729 infeasible   49        54.00000   51.00000  5.56%  24.6  445s
 411356 27917 infeasible   67        54.00000   51.00000  5.56%  24.6  450s
 414020 27940   51.00000   64   67   54.00000   51.00000  5.56%  24.7  455s
 417109 27949   52.00000   37   84   54.00000   51.00000  5.56%  24.7  460s
 420297 28082     cutoff   44        54.00000   51.00000  5.56%  24.8  465s
 422971 28291   51.00000   45   58   54.00000   51.00000  5.56%  24.9  470s
 425780 28392   51.00000   49   79   54.00000   51.00000  5.56%  25.0  475s
 428534 28651 infeasible   44        54.00000   51.00000  5.56%  25.1  480s
 430368 28623     cutoff   35        54.00000   51.00000  5.56%  25.2  485s
 432878 28730   51.00000   33   97   54.00000   51.00000  5.56%  25.4  490s
 435274 28741   51.00000   37  101   54.00000   51.00000  5.56%  25.5  495s
 438028 28817   51.00000   43   66   54.00000   51.00000  5.56%  25.6  500s
 441519 28929   51.00000   55   57   54.00000   51.00000  5.56%  25.7  505s
 444547 29097   51.00000   55   73   54.00000   51.00000  5.56%  25.7  510s
 447530 29146     cutoff   38        54.00000   51.00000  5.56%  25.8  515s
 451476 29331 infeasible   35        54.00000   51.00000  5.56%  25.9  520s
 454734 29325 infeasible   34        54.00000   51.00000  5.56%  25.9  525s
 458903 29539 infeasible   32        54.00000   51.00000  5.56%  25.9  530s
 461904 29708   51.00000   32   95   54.00000   51.00000  5.56%  26.0  535s
 465491 29925 infeasible   29        54.00000   51.00000  5.56%  26.1  540s
 468857 30232   51.00000   37   66   54.00000   51.00000  5.56%  26.1  545s
 472895 30536   52.00000   32   84   54.00000   51.00000  5.56%  26.2  550s
 476386 30865     cutoff   39        54.00000   51.00000  5.56%  26.2  555s
 481922 31461   51.00000   35   97   54.00000   51.00000  5.56%  26.2  560s
 487353 31945 infeasible   44        54.00000   51.00000  5.56%  26.1  565s
 491693 32331 infeasible   55        54.00000   51.00000  5.56%  26.1  570s
 495795 32877   51.00000   30   89   54.00000   51.00000  5.56%  26.1  575s
 498359 33257   51.00000   33   94   54.00000   51.00000  5.56%  26.2  580s
 501706 33349 infeasible   47        54.00000   51.00000  5.56%  26.2  585s
 504861 33446   51.00000   27   53   54.00000   51.00000  5.56%  26.3  590s
 508677 33476   51.00000   41  103   54.00000   51.00000  5.56%  26.3  595s
 512681 33493   51.00000   44   64   54.00000   51.00000  5.56%  26.4  600s
 516329 33703 infeasible   39        54.00000   51.00000  5.56%  26.4  605s
 520236 34003     cutoff   53        54.00000   51.00000  5.56%  26.5  610s
 523816 34429   53.00000   33  104   54.00000   51.00000  5.56%  26.6  615s
H525730 34551                      54.0000000   51.00000  5.56%  26.6  618s
 526769 34554   51.00000   37   95   54.00000   51.00000  5.56%  26.6  620s
 529520 34591   51.00000   32  111   54.00000   51.00000  5.56%  26.7  625s
 532631 34782 infeasible   42        54.00000   51.00000  5.56%  26.8  630s
 536076 34864 infeasible   35        54.00000   51.00000  5.56%  26.8  635s
 539285 34942   51.00000   43   99   54.00000   51.00000  5.56%  26.9  640s
 542141 34949 infeasible   43        54.00000   51.00000  5.56%  27.0  645s
 544853 34939   51.00000   36   76   54.00000   51.00000  5.56%  27.0  650s
 548546 35328 infeasible   36        54.00000   51.00000  5.56%  27.1  655s
 553970 35963     cutoff   47        54.00000   51.00000  5.56%  27.0  660s
 558367 36568   51.00000   36  102   54.00000   51.00000  5.56%  27.0  665s
 562061 37176   51.00000   31   55   54.00000   51.00000  5.56%  26.9  670s
 566285 37489 infeasible   49        54.00000   51.00000  5.56%  26.9  675s
 570026 37718   51.00000   37   65   54.00000   51.00000  5.56%  26.9  680s
 572991 37879   51.00000   46   72   54.00000   51.00000  5.56%  27.0  685s
 577154 38346 infeasible   46        54.00000   51.00000  5.56%  27.0  690s
 581329 38943   51.00000   40   71   54.00000   51.00000  5.56%  27.0  695s
 584193 39001   51.00000   37   74   54.00000   51.00000  5.56%  27.0  700s
 587801 39593   53.00000   33   88   54.00000   51.00000  5.56%  27.1  705s
 592426 40389   53.00000   37   70   54.00000   51.00000  5.56%  27.1  710s
 596643 40764   51.00000   36   85   54.00000   51.00000  5.56%  27.0  715s
 600186 40883 infeasible   42        54.00000   51.00000  5.56%  27.0  720s
 604831 41169 infeasible   38        54.00000   51.00000  5.56%  27.0  725s
 608584 41574   53.00000   35   94   54.00000   51.00000  5.56%  27.0  730s
 613650 42763   51.00000   38   76   54.00000   51.00000  5.56%  27.0  735s
 618029 43434 infeasible   40        54.00000   51.00000  5.56%  27.0  740s
 622219 44024   51.00000   43   87   54.00000   51.00000  5.56%  27.0  745s
 626903 44592 infeasible   35        54.00000   51.00000  5.56%  27.0  750s
 631055 45323   53.00000   35   65   54.00000   51.00000  5.56%  27.0  755s
 634951 45984   51.00000   39   42   54.00000   51.00000  5.56%  27.0  760s
 638674 46271   53.00000   40   54   54.00000   51.00000  5.56%  27.0  765s
 643231 47021   53.00000   39   56   54.00000   51.00000  5.56%  27.0  770s
 647893 47629 infeasible   42        54.00000   51.00000  5.56%  26.9  775s
 652505 48391   51.00000   37   68   54.00000   51.00000  5.56%  26.9  780s
 657901 48987 infeasible   37        54.00000   51.00000  5.56%  26.8  785s
 662204 49538 infeasible   44        54.00000   51.00000  5.56%  26.8  790s
 666425 49700   51.00000   35   70   54.00000   51.00000  5.56%  26.8  795s
 670021 49993 infeasible   38        54.00000   51.00000  5.56%  26.8  800s
 674305 50406 infeasible   53        54.00000   51.00000  5.56%  26.7  805s
 679349 50559 infeasible   55        54.00000   51.00000  5.56%  26.7  810s
 683262 50671   51.00000   43   70   54.00000   51.00000  5.56%  26.7  815s
 688417 51244   53.00000   55   53   54.00000   51.00000  5.56%  26.6  820s
 694150 51421 infeasible   54        54.00000   51.00000  5.56%  26.6  825s
 699349 51638 infeasible   67        54.00000   51.00000  5.56%  26.5  830s
 704593 51781 infeasible   56        54.00000   51.00000  5.56%  26.5  835s
 709596 51866   53.00000   41   70   54.00000   51.00000  5.56%  26.4  840s
 716800 52373   53.00000   44   32   54.00000   51.00000  5.56%  26.3  845s
 723447 53081   51.00000   40   56   54.00000   51.00000  5.56%  26.2  850s
 728609 53360   51.00000   38   71   54.00000   51.00000  5.56%  26.2  855s
 733200 53754 infeasible   50        54.00000   51.00000  5.56%  26.1  860s
 737582 53977   51.00000   47   65   54.00000   51.00000  5.56%  26.1  865s
 742838 54054   51.00000   31   79   54.00000   51.00000  5.56%  26.1  870s
 748318 54167     cutoff   45        54.00000   51.00000  5.56%  26.0  875s
 754245 54159   52.66667   48   79   54.00000   51.00000  5.56%  26.0  880s
 759711 54231   51.00000   48   80   54.00000   51.00000  5.56%  25.9  885s
 764238 54226   51.00000   48   85   54.00000   51.00000  5.56%  25.9  890s
 768876 54842 infeasible   47        54.00000   51.00000  5.56%  25.9  895s
 772312 55179     cutoff   46        54.00000   51.00000  5.56%  25.9  900s
 776970 55647   51.00000   41   62   54.00000   51.00000  5.56%  25.9  905s
 781490 56008   51.00000   43   66   54.00000   51.00000  5.56%  25.9  910s
 785061 56416   51.00000   31   97   54.00000   51.00000  5.56%  25.9  915s
 789126 56932     cutoff   49        54.00000   51.00000  5.56%  25.9  920s
 794933 57135   51.00000   51   71   54.00000   51.00000  5.56%  25.9  925s
 799194 57590   53.00000   45   42   54.00000   51.00000  5.56%  25.9  930s
 802993 57789   53.00000   36   64   54.00000   51.00000  5.56%  25.9  935s
 806336 58168   52.00000   50   53   54.00000   51.00000  5.56%  25.9  940s
 811652 58665   51.00000   68   52   54.00000   51.00000  5.56%  25.9  945s
 817233 58822   51.00000   50   70   54.00000   51.00000  5.56%  25.9  950s
 821112 59038 infeasible   60        54.00000   51.00000  5.56%  25.9  955s
 826138 59795   51.00000   45   71   54.00000   51.00000  5.56%  25.8  960s
 829906 60147   53.00000   50   34   54.00000   51.00000  5.56%  25.8  965s
 833685 60362   53.00000   47   70   54.00000   51.00000  5.56%  25.9  970s
 836197 60425   51.00000   46   56   54.00000   51.00000  5.56%  25.9  975s
 840261 60900   51.00000   26   98   54.00000   51.00000  5.56%  25.9  980s
 844746 61515 infeasible   28        54.00000   51.00000  5.56%  25.9  985s
 849261 61965   53.00000   30   92   54.00000   51.00000  5.56%  25.9  990s
 853954 62584 infeasible   35        54.00000   51.00000  5.56%  25.9  995s
 858815 63256   53.00000   33   82   54.00000   51.00000  5.56%  25.9 1000s
 862521 63663     cutoff   29        54.00000   51.00000  5.56%  26.0 1005s
 866474 64386   53.00000   25   99   54.00000   51.00000  5.56%  26.0 1010s
 870866 65221   53.00000   29   63   54.00000   51.00000  5.56%  26.0 1015s
 874929 65852 infeasible   29        54.00000   51.00000  5.56%  26.0 1020s
 878041 66148 infeasible   33        54.00000   51.00000  5.56%  26.0 1025s
 881419 66550   51.00000   44   76   54.00000   51.00000  5.56%  26.1 1030s
 885420 67004   53.00000   40   52   54.00000   51.00000  5.56%  26.1 1035s
 889912 67534 infeasible   53        54.00000   51.00000  5.56%  26.1 1040s
 894550 67658 infeasible   47        54.00000   51.00000  5.56%  26.0 1045s
 898583 67717   51.00000   48   72   54.00000   51.00000  5.56%  26.0 1050s
 902858 68074 infeasible   59        54.00000   51.00000  5.56%  26.0 1055s
 908110 68599     cutoff   56        54.00000   51.00000  5.56%  26.0 1060s
 912841 69149   53.00000   33   80   54.00000   51.00000  5.56%  26.0 1065s
 917671 69925   53.00000   34   40   54.00000   51.00000  5.56%  26.0 1070s
 923288 71166 infeasible   46        54.00000   51.00000  5.56%  25.9 1075s
 927830 71628   51.00000   27   77   54.00000   51.00000  5.56%  25.9 1080s
 931890 72068   53.10000   47   58   54.00000   51.00000  5.56%  25.9 1085s
 935971 72440   51.00000   35   69   54.00000   51.00000  5.56%  25.9 1090s
 940226 72570   51.00000   41   58   54.00000   51.00000  5.56%  25.9 1095s
 944316 72750 infeasible   42        54.00000   51.00000  5.56%  25.9 1100s
 949169 73044   53.00000   40   43   54.00000   51.00000  5.56%  25.9 1105s
 953209 73304     cutoff   41        54.00000   51.00000  5.56%  25.9 1110s
 957203 73483 infeasible   41        54.00000   51.00000  5.56%  25.9 1115s
 960678 73824 infeasible   31        54.00000   51.00000  5.56%  26.0 1120s
 965189 74471 infeasible   45        54.00000   51.00000  5.56%  26.0 1125s
 968757 74846   51.00000   40   57   54.00000   51.00000  5.56%  26.0 1130s
 971158 74847   53.00000   48   54   54.00000   51.00000  5.56%  26.0 1135s
 975238 75259   53.00000   42   80   54.00000   51.00000  5.56%  26.0 1140s
 979006 75517 infeasible   38        54.00000   51.00000  5.56%  26.1 1145s
 983454 76132   53.00000   42   81   54.00000   51.00000  5.56%  26.1 1150s
 987293 76323   53.00000   48   44   54.00000   51.00000  5.56%  26.1 1155s
 990792 76931   51.00000   39   82   54.00000   51.00000  5.56%  26.1 1160s
 994797 77479   51.00000   36  101   54.00000   51.00000  5.56%  26.1 1165s
 998915 78049 infeasible   38        54.00000   51.00000  5.56%  26.1 1170s
 1001807 78314     cutoff   40        54.00000   51.00000  5.56%  26.2 1175s
 1005284 78795 infeasible   46        54.00000   51.00000  5.56%  26.2 1180s
 1009434 79382 infeasible   40        54.00000   51.00000  5.56%  26.2 1185s
 1015054 80541   51.00000   37   90   54.00000   51.00000  5.56%  26.2 1190s
 1019674 80898   51.00000   37   74   54.00000   51.00000  5.56%  26.2 1195s
 1022938 81201   51.00000   31   94   54.00000   51.00000  5.56%  26.2 1200s
 1026414 81527 infeasible   45        54.00000   51.00000  5.56%  26.3 1205s
 1030162 81688   51.00000   30   63   54.00000   51.00000  5.56%  26.3 1210s
 1033615 82037 infeasible   30        54.00000   51.00000  5.56%  26.3 1215s
 1036822 82180   51.00000   56   56   54.00000   51.00000  5.56%  26.4 1220s
 1039878 82311     cutoff   46        54.00000   51.00000  5.56%  26.4 1225s
 1043225 82584   51.00000   48   86   54.00000   51.00000  5.56%  26.4 1230s
 1046892 82989   53.00000   35   68   54.00000   51.00000  5.56%  26.4 1235s
 1049718 83149   52.28571   37   88   54.00000   51.00000  5.56%  26.5 1240s
 1053226 83329   51.00000   22  129   54.00000   51.00000  5.56%  26.5 1245s
 1057594 84274   53.00000   34   94   54.00000   51.00000  5.56%  26.5 1250s
 1061191 84809   51.00000   31  114   54.00000   51.00000  5.56%  26.5 1255s
 1064869 85448   51.00000   40   74   54.00000   51.00000  5.56%  26.5 1260s
 1067831 85762 infeasible   38        54.00000   51.00000  5.56%  26.5 1265s
 1071995 86401   53.00000   35   75   54.00000   51.00000  5.56%  26.5 1270s
 1075475 86737 infeasible   28        54.00000   51.00000  5.56%  26.6 1275s
 1079019 87268 infeasible   37        54.00000   51.00000  5.56%  26.6 1280s
 1082483 87454     cutoff   37        54.00000   51.00000  5.56%  26.6 1285s
 1085785 87673 infeasible   36        54.00000   51.00000  5.56%  26.6 1290s
 1089366 88091   51.00000   44   70   54.00000   51.00000  5.56%  26.6 1295s
 1093305 88795 infeasible   36        54.00000   51.00000  5.56%  26.6 1300s
 1096853 89261   53.00000   37   58   54.00000   51.00000  5.56%  26.6 1305s
 1100577 89476   51.00000   31   82   54.00000   51.00000  5.56%  26.6 1310s
 1104474 89941   53.00000   47   56   54.00000   51.00000  5.56%  26.6 1315s
 1108809 90634 infeasible   38        54.00000   51.00000  5.56%  26.6 1320s
 1113110 91306   51.00000   33   76   54.00000   51.00000  5.56%  26.6 1325s
 1116653 91582   51.00000   34   80   54.00000   51.00000  5.56%  26.6 1330s
 1120581 91915   53.00000   29   90   54.00000   51.00000  5.56%  26.7 1335s
 1124218 92220   53.00000   34   63   54.00000   51.00000  5.56%  26.7 1340s
 1128198 92383     cutoff   39        54.00000   51.00000  5.56%  26.7 1345s
 1132172 92559   51.00000   54   74   54.00000   51.00000  5.56%  26.7 1350s
 1136486 92648   51.00000   41   59   54.00000   51.00000  5.56%  26.6 1355s
 1141100 93113   51.00000   42   82   54.00000   51.00000  5.56%  26.6 1360s
 1144777 93173   51.00000   40   94   54.00000   51.00000  5.56%  26.6 1365s
 1147397 93526 infeasible   53        54.00000   51.00000  5.56%  26.7 1370s
 1149899 93786 infeasible   60        54.00000   51.00000  5.56%  26.7 1375s
 1152926 93719 infeasible   47        54.00000   51.00000  5.56%  26.7 1380s
 1157015 93779 infeasible   52        54.00000   51.00000  5.56%  26.7 1385s
 1160782 93916 infeasible   51        54.00000   51.00000  5.56%  26.7 1390s
 1164878 94298 infeasible   49        54.00000   51.00000  5.56%  26.7 1395s
 1168793 94696   53.00000   40  118   54.00000   51.00000  5.56%  26.7 1400s
 1172197 95044   51.00000   44   42   54.00000   51.00000  5.56%  26.8 1405s
 1176381 95310   51.00000   32   77   54.00000   51.00000  5.56%  26.7 1410s
 1180565 95959   52.00000   33   64   54.00000   51.00000  5.56%  26.8 1415s
 1185038 96462 infeasible   45        54.00000   51.00000  5.56%  26.7 1420s
 1188944 96943 infeasible   32        54.00000   51.00000  5.56%  26.7 1425s
 1193770 97791   51.00000   28   60   54.00000   51.00000  5.56%  26.7 1430s
 1197935 98073 infeasible   37        54.00000   51.00000  5.56%  26.7 1435s
 1201680 98472     cutoff   29        54.00000   51.00000  5.56%  26.7 1440s
 1205302 98976   51.00000   36   59   54.00000   51.00000  5.56%  26.7 1445s
 1209215 99348 infeasible   49        54.00000   51.00000  5.56%  26.7 1450s
 1213602 100245   51.00000   31   81   54.00000   51.00000  5.56%  26.7 1455s
 1218748 101575   51.00000   26   83   54.00000   51.00000  5.56%  26.7 1460s
 1224068 102995 infeasible   35        54.00000   51.00000  5.56%  26.7 1465s
 1229219 103403     cutoff   29        54.00000   51.00000  5.56%  26.7 1470s
 1232971 103721   52.00000   34   78   54.00000   51.00000  5.56%  26.7 1475s
 1236928 104056     cutoff   34        54.00000   51.00000  5.56%  26.7 1480s
 1240656 104684   51.00000   32   70   54.00000   51.00000  5.56%  26.7 1485s
 1244144 105322 infeasible   44        54.00000   51.00000  5.56%  26.7 1490s
 1247306 105791   52.00000   28   85   54.00000   51.00000  5.56%  26.7 1495s
 1250579 106513   52.00000   39   53   54.00000   51.00000  5.56%  26.7 1500s
 1254610 107305 infeasible   44        54.00000   51.00000  5.56%  26.7 1505s
 1259352 108257   51.00000   30  104   54.00000   51.00000  5.56%  26.7 1510s
 1263791 108506     cutoff   41        54.00000   51.00000  5.56%  26.7 1515s
 1268391 108899     cutoff   51        54.00000   51.00000  5.56%  26.7 1520s
 1272125 109443   51.00000   29   49   54.00000   51.00000  5.56%  26.7 1525s
 1276452 110093   53.00000   34   43   54.00000   51.00000  5.56%  26.7 1530s
 1281484 111110   51.06557   33   88   54.00000   51.00000  5.56%  26.7 1535s
 1285682 112013   51.00000   38   98   54.00000   51.00000  5.56%  26.7 1540s
 1289807 112298   51.12121   36   56   54.00000   51.00000  5.56%  26.7 1545s
 1293770 112676   52.00000   36   62   54.00000   51.00000  5.56%  26.7 1550s
 1297260 112969   53.00000   30   70   54.00000   51.00000  5.56%  26.7 1555s
 1300952 113398   53.00000   39   34   54.00000   51.00000  5.56%  26.7 1560s
 1305758 113950 infeasible   37        54.00000   51.00000  5.56%  26.7 1565s
 1308511 114163     cutoff   50        54.00000   51.00000  5.56%  26.7 1570s
 1313179 114331   51.00000   49   71   54.00000   51.00000  5.56%  26.7 1575s
 1317652 114590 infeasible   62        54.00000   51.00000  5.56%  26.7 1580s
 1320589 114801     cutoff   53        54.00000   51.00000  5.56%  26.7 1585s
 1324208 115151   51.00000   35   78   54.00000   51.00000  5.56%  26.7 1590s
 1328550 115411     cutoff   57        54.00000   51.00000  5.56%  26.7 1595s
 1332698 115796 infeasible   39        54.00000   51.00000  5.56%  26.7 1600s
 1337738 116589   51.00000   30   67   54.00000   51.00000  5.56%  26.7 1605s
 1340961 116866 infeasible   39        54.00000   51.00000  5.56%  26.7 1610s
 1344384 117222   53.00000   37   54   54.00000   51.00000  5.56%  26.7 1615s
 1348272 117938   53.00000   36   48   54.00000   51.00000  5.56%  26.7 1620s
 1352436 118412   53.00000   40   37   54.00000   51.00000  5.56%  26.7 1625s
 1355952 118704   53.00000   33   86   54.00000   51.00000  5.56%  26.8 1630s
 1359824 119375   51.00000   34  107   54.00000   51.00000  5.56%  26.8 1635s
 1363929 119851   51.00000   35  108   54.00000   51.00000  5.56%  26.8 1640s
 1368213 120539   51.00000   37   70   54.00000   51.00000  5.56%  26.8 1645s
 1371959 121225   53.00000   38   72   54.00000   51.00000  5.56%  26.8 1650s
 1374683 121670   51.00000   28   96   54.00000   51.00000  5.56%  26.8 1655s
 1378981 121988     cutoff   40        54.00000   51.00000  5.56%  26.8 1660s
 1383626 122300   51.00000   38   79   54.00000   51.00000  5.56%  26.8 1665s
 1387869 122565   53.00000   40   44   54.00000   51.00000  5.56%  26.8 1670s
 1392996 123019   51.00000   49   70   54.00000   51.00000  5.56%  26.7 1675s
 1397136 123334   51.00000   36   90   54.00000   51.00000  5.56%  26.7 1680s
 1401114 123631     cutoff   37        54.00000   51.00000  5.56%  26.7 1685s
 1405637 124146   52.00000   41   64   54.00000   51.00000  5.56%  26.7 1690s
 1410204 124404   53.00000   33   56   54.00000   51.00000  5.56%  26.7 1695s
 1414677 124605     cutoff   42        54.00000   51.00000  5.56%  26.7 1700s
 1418465 125400 infeasible   36        54.00000   51.00000  5.56%  26.7 1705s
 1421850 125822   52.00000   58   48   54.00000   51.00000  5.56%  26.7 1710s
 1425422 126160 infeasible   48        54.00000   51.00000  5.56%  26.7 1715s
 1429198 126720 infeasible   34        54.00000   51.00000  5.56%  26.8 1720s
 1432610 126943 infeasible   31        54.00000   51.00000  5.56%  26.8 1725s
 1436747 127820   53.00000   39  119   54.00000   51.00000  5.56%  26.8 1730s
 1440237 128319   51.00000   41   94   54.00000   51.00000  5.56%  26.8 1735s
 1444662 129234 infeasible   52        54.00000   51.00000  5.56%  26.8 1740s
 1448865 130045   52.00000   44   73   54.00000   51.00000  5.56%  26.8 1745s
 1451944 130484 infeasible   42        54.00000   51.00000  5.56%  26.8 1750s
 1455797 131321   51.00000   38   99   54.00000   51.00000  5.56%  26.8 1755s
 1458637 131517   53.00000   33   93   54.00000   51.00000  5.56%  26.8 1760s
 1461515 131646     cutoff   48        54.00000   51.00000  5.56%  26.9 1765s
 1464746 131628   51.00000   39   58   54.00000   51.00000  5.56%  26.9 1770s
 1467714 131757     cutoff   30        54.00000   51.00000  5.56%  26.9 1775s
 1470866 132023   52.00000   39   40   54.00000   51.00000  5.56%  26.9 1780s
 1474132 132313     cutoff   37        54.00000   51.00000  5.56%  26.9 1785s
 1477600 132833 infeasible   39        54.00000   51.00000  5.56%  27.0 1790s
 1481978 133845   53.00000   45   78   54.00000   51.00000  5.56%  26.9 1795s

Cutting planes:
  Gomory: 18
  Cover: 264
  Implied bound: 206
  Clique: 63
  MIR: 33
  Mixing: 1
  StrongCG: 2
  Flow cover: 86
  Inf proof: 63
  Zero half: 1
  RLT: 14
  Relax-and-lift: 12
  BQP: 1
  PSD: 4

Explored 1486239 nodes (40051385 simplex iterations) in 1800.00 seconds (1596.93 work units)
Thread count was 1 (of 96 available processors)

Solution count 10: 54 54 55 ... 70

Time limit reached
Best objective 5.399999999450e+01, best bound 5.100000000000e+01, gap 5.5556%
WARNING: Loading a SolverResults object with an 'aborted' status, but
    containing a solution

Instance 18_1, formulation tres, reform bigm:
  Rect 0: x = 40.00, y = 11.00
  Rect 1: x = 44.00, y = 5.00
  Rect 2: x = 11.00, y = 8.00
  Rect 3: x = 25.00, y = 12.00
  Rect 4: x = 11.00, y = 10.00
  Rect 5: x = 18.00, y = 10.00
  Rect 6: x = 0.00, y = 12.00
  Rect 7: x = 0.00, y = 2.00
  Rect 8: x = 2.00, y = 5.00
  Rect 9: x = 40.00, y = 5.00
  Rect 10: x = 11.00, y = 12.00
  Rect 11: x = 2.00, y = 12.00
  Rect 12: x = 25.00, y = 3.00
  Rect 13: x = 6.00, y = 1.00
  Rect 14: x = 11.00, y = 6.00
  Rect 15: x = 40.00, y = 12.00
  Rect 16: x = 14.00, y = 8.00
  Rect 17: x = 45.00, y = 5.00
  → saved figures to strip_figures/18_1_tres_bigm.png and strip_figures/18_1_tres_bigm.pdf
Set parameter TokenServer to value "mooring.ecn.purdue.edu"
Read LP format model from file /tmp/tmpv0xqyqy8.pyomo.lp
Reading time = 0.01 seconds
x3098: 6292 rows, 3098 columns, 16561 nonzeros
Set parameter TimeLimit to value 1800
Set parameter Threads to value 1
Gurobi Optimizer version 11.0.0 build v11.0.0rc2 (linux64 - "Oracle Linux Server 9.6")

CPU model: AMD EPYC 7643 48-Core Processor, instruction set [SSE2|AVX|AVX2]
Thread count: 48 physical cores, 96 logical processors, using up to 1 threads

Optimize a model with 6292 rows, 3098 columns and 16561 nonzeros
Model fingerprint: 0x76b6a6ab
Variable types: 2486 continuous, 612 integer (612 binary)
Coefficient statistics:
  Matrix range     [1e+00, 1e+02]
  Objective range  [1e+00, 1e+00]
  Bounds range     [1e+00, 1e+02]
  RHS range        [1e+00, 2e+01]
Presolve removed 1472 rows and 448 columns
Presolve time: 0.02s
Presolved: 4820 rows, 2650 columns, 12674 nonzeros
Variable types: 2131 continuous, 519 integer (519 binary)
Found heuristic solution: objective 115.0000000

Root relaxation: objective 2.175862e+01, 1224 iterations, 0.03 seconds (0.03 work units)

    Nodes    |    Current Node    |     Objective Bounds      |     Work
 Expl Unexpl |  Obj  Depth IntInf | Incumbent    BestBd   Gap | It/Node Time

     0     0   21.75862    0  135  115.00000   21.75862  81.1%     -    0s
     0     0   29.00000    0  112  115.00000   29.00000  74.8%     -    0s
     0     0   29.00000    0  161  115.00000   29.00000  74.8%     -    0s
H    0     0                     102.0000000   29.00000  71.6%     -    0s
     0     0   29.00000    0  150  102.00000   29.00000  71.6%     -    0s
     0     0   29.00000    0   98  102.00000   29.00000  71.6%     -    0s
H    0     0                     101.0000000   29.00000  71.3%     -    0s
     0     0   29.00000    0  128  101.00000   29.00000  71.3%     -    0s
     0     0   29.00000    0   95  101.00000   29.00000  71.3%     -    0s
H    0     0                      98.0000000   29.00000  70.4%     -    0s
     0     0   29.00000    0  107   98.00000   29.00000  70.4%     -    0s
     0     0   29.00000    0   64   98.00000   29.00000  70.4%     -    0s
H    0     0                      91.0000000   29.00000  68.1%     -    0s
H    0     0                      90.0000000   29.00000  67.8%     -    0s
     0     0   29.00000    0   95   90.00000   29.00000  67.8%     -    0s
     0     0   29.00000    0   96   90.00000   29.00000  67.8%     -    0s
     0     0   29.00000    0   94   90.00000   29.00000  67.8%     -    0s
H    0     0                      89.0000000   29.00000  67.4%     -    0s
H    0     0                      87.0000000   29.00000  66.7%     -    0s
H    0     0                      80.0000000   29.00000  63.8%     -    0s
     0     2   29.00000    0   65   80.00000   29.00000  63.8%     -    1s
H  114   104                      70.0000000   29.00000  58.6%  74.6    1s
H  243   195                      66.0000000   29.00000  56.1%  58.8    2s
H  460   289                      65.0000000   30.75862  52.7%  56.6    3s
   572   381   51.00000   20   72   65.00000   31.00000  52.3%  54.5    5s
H  719   434                      63.0000000   31.00000  50.8%  73.9    6s
H  920   434                      58.0000000   31.00000  46.6%  74.0    7s
H 1170   527                      58.0000000   36.00000  37.9%  75.1    9s
H 1227   514                      57.0000000   36.00000  36.8%  74.5    9s
H 1253   508                      57.0000000   36.00000  36.8%  75.0    9s
  1300   529   53.00000   26   83   57.00000   36.00000  36.8%  76.2   10s
H 1692   657                      56.0000000   38.00000  32.1%  79.1   12s
H 2037   896                      56.0000000   38.00000  32.1%  82.1   15s
  2849  1392   51.00000   43   57   56.00000   40.00000  28.6%  84.3   20s
* 2886  1182              69      55.0000000   40.00000  27.3%  84.0   20s
* 3135  1307              62      55.0000000   40.00000  27.3%  85.8   22s
  3601  1555     cutoff   42        55.00000   42.00000  23.6%  86.8   25s
  4295  1864   53.00000   28  110   55.00000   45.00000  18.2%  90.1   30s
  4947  2138   51.00000   41   99   55.00000   45.00000  18.2%  95.3   35s
  5687  2501     cutoff   61        55.00000   45.00000  18.2%  96.0   40s
  6471  2895   54.00000   33  103   55.00000   45.00000  18.2%  96.3   45s
  7296  3334   53.00000   30  107   55.00000   45.00000  18.2%  95.7   50s
H 7981  3680                      55.0000000   45.00000  18.2%  94.8   54s
  8000  3691   53.00000   42  124   55.00000   45.00000  18.2%  94.8   55s
  8967  4179   51.00000   26  133   55.00000   45.00000  18.2%  95.1   60s
  9844  4623   53.00000   20  100   55.00000   45.00000  18.2%  93.5   65s
 10202  4810   54.00000   39   74   55.00000   45.00000  18.2%  93.6   78s
 10366  4881     cutoff   30        55.00000   45.00000  18.2%  94.4   80s
 11097  5225   49.00000   27   98   55.00000   45.00000  18.2%  96.0   85s
 12173  5765 infeasible   30        55.00000   45.00000  18.2%  95.3   90s
 13044  6222     cutoff   59        55.00000   45.00000  18.2%  95.9   95s
 13968  6659   53.00000   42   74   55.00000   45.00000  18.2%  96.5  100s
 14817  7068   53.00000   51   78   55.00000   45.00000  18.2%  96.6  105s
 15785  7482   47.00000   17  102   55.00000   45.00000  18.2%  96.7  110s
 16718  7890   51.00000   30   98   55.00000   45.00000  18.2%  97.1  115s
 17088  8025   51.00000   24   90   55.00000   45.00000  18.2%  98.4  120s
 17865  8365 infeasible   30        55.00000   45.25000  17.7%  98.9  125s
 18798  8714   51.00000   22  126   55.00000   47.00000  14.5%  98.9  130s
 19681  8955   51.00000   30  120   55.00000   47.00000  14.5%  99.0  135s
 20340  9133   54.00000   55   38   55.00000   47.00000  14.5%   100  140s
 20936  9359   51.00000   27   90   55.00000   47.00000  14.5%   101  145s
 21826  9687   51.00000   25  115   55.00000   47.00000  14.5%   101  150s
 22807 10101   51.00000   30  101   55.00000   47.00000  14.5%   101  155s
 23762 10426     cutoff   26        55.00000   47.00000  14.5%   100  160s
 24581 10651   47.00000   29   96   55.00000   47.00000  14.5%   101  165s
 25003 10714   51.00000   26   97   55.00000   47.00000  14.5%   102  170s
 25928 11017   51.00000   27  115   55.00000   47.00000  14.5%   102  175s
 27026 11341   51.00000   29   95   55.00000   47.00000  14.5%   101  180s
 28034 11716   53.00000   22   91   55.00000   47.00000  14.5%   101  185s
 28907 12105   54.00000   31   57   55.00000   47.00000  14.5%   101  190s
 29908 12482   54.00000   28   72   55.00000   47.00000  14.5%   101  195s
 31023 13064     cutoff   28        55.00000   47.00000  14.5%   100  200s
 32005 13511   53.00000   35   69   55.00000   47.00000  14.5%   100  205s
 33176 14005     cutoff   29        55.00000   47.00000  14.5%  99.3  210s
 34421 14581   47.00000   28  114   55.00000   47.00000  14.5%  98.4  215s
 35287 14882     cutoff   34        55.00000   47.00000  14.5%  98.4  220s
 36657 15517   51.00000   25  100   55.00000   47.00000  14.5%  97.1  225s
 37682 15926   51.00000   32   89   55.00000   47.00000  14.5%  96.9  230s
 38777 16312   47.00000   24   93   55.00000   47.00000  14.5%  96.6  235s
 39568 16586   51.00000   30  100   55.00000   47.00000  14.5%  96.8  240s
 40743 17136   53.00000   26  115   55.00000   47.00000  14.5%  96.2  245s
 41719 17525   51.00000   31   98   55.00000   47.00000  14.5%  96.1  250s
 42842 18013 infeasible   44        55.00000   47.00000  14.5%  95.8  255s
 43706 18306     cutoff   30        55.00000   47.00000  14.5%  96.0  260s
 44577 18686   53.00000   32  105   55.00000   47.00000  14.5%  95.8  265s
 45592 19031 infeasible   53        55.00000   47.00000  14.5%  95.7  270s
 46722 19383   51.00000   39   98   55.00000   47.00000  14.5%  95.3  275s
 47990 19988   51.00000   33  108   55.00000   47.00000  14.5%  94.5  280s
 49373 20643   54.00000   45   50   55.00000   47.00000  14.5%  93.6  285s
 50506 21177     cutoff   26        55.00000   47.00000  14.5%  93.2  290s
 51706 21754 infeasible   51        55.00000   47.00000  14.5%  92.6  295s
 53003 22285   52.00000   56   50   55.00000   47.00000  14.5%  92.3  300s
 53970 22639     cutoff   33        55.00000   47.00000  14.5%  91.9  305s
 55057 23103   47.00000   28  101   55.00000   47.00000  14.5%  91.4  310s
 56187 23593   49.00000   33  103   55.00000   47.00000  14.5%  91.1  315s
 57091 23883   51.00000   37  125   55.00000   47.00000  14.5%  91.2  320s
 58011 24266   51.00000   27  100   55.00000   47.00000  14.5%  90.7  325s
 58950 24606   51.00000   27   95   55.00000   47.00000  14.5%  90.7  330s
 59780 24946 infeasible   31        55.00000   47.00000  14.5%  90.9  335s
 60935 25437   51.00000   28   99   55.00000   47.00000  14.5%  90.8  340s
 61924 25781   51.00000   34  101   55.00000   47.84211  13.0%  90.7  345s
 63117 26042   51.00000   38  117   55.00000   48.00000  12.7%  90.3  350s
 63687 26177   54.00000   30   64   55.00000   48.00000  12.7%  90.5  355s
 64754 26580     cutoff   36        55.00000   49.00000  10.9%  90.5  360s
 65940 27058   54.00000   44   84   55.00000   49.00000  10.9%  90.1  365s
 67030 27401     cutoff   47        55.00000   49.00000  10.9%  90.0  370s
 67954 27709   51.00000   35  104   55.00000   49.00000  10.9%  90.1  375s
 69051 28158 infeasible   52        55.00000   49.00000  10.9%  90.1  380s
 70077 28613   49.00000   26  127   55.00000   49.00000  10.9%  90.2  385s
 70970 28939   51.00000   30   86   55.00000   49.00000  10.9%  90.3  390s
 71948 29367     cutoff   43        55.00000   49.00000  10.9%  90.2  395s
 73110 29827   49.00000   25  132   55.00000   49.00000  10.9%  90.0  400s
 74288 30205   54.00000   29  108   55.00000   49.00000  10.9%  89.8  405s
 75244 30612   51.00000   24  116   55.00000   49.00000  10.9%  89.8  410s
 76123 30844     cutoff   29        55.00000   49.00000  10.9%  89.8  415s
 77141 31205   50.00000   33  104   55.00000   49.00000  10.9%  89.9  420s
 78186 31374   53.00000   34   86   55.00000   49.00000  10.9%  89.8  425s
 79457 31690   53.00000   36  119   55.00000   49.00000  10.9%  89.5  430s
 80475 32141   49.00000   26   94   55.00000   49.00000  10.9%  89.5  435s
 81682 32495   53.00000   38   86   55.00000   49.00000  10.9%  89.2  440s
 82838 32725   53.00000   33   87   55.00000   49.00000  10.9%  88.9  445s
 83743 32954   49.42105   29   94   55.00000   49.00000  10.9%  89.0  450s
 84586 33279   53.00000   29   92   55.00000   49.00000  10.9%  88.9  455s
 85745 33691   51.00000   27   83   55.00000   49.00000  10.9%  88.7  460s
 86626 34050   50.00000   25   94   55.00000   49.00000  10.9%  88.8  465s
 87866 34598   54.00000   37   85   55.00000   49.00000  10.9%  88.5  470s
 88784 34982 infeasible   36        55.00000   49.00000  10.9%  88.5  475s
 90129 35563   53.00000   29  100   55.00000   49.00000  10.9%  88.2  480s
 91009 35916   54.00000   36   54   55.00000   49.00000  10.9%  88.1  485s
 92061 36289   49.00000   25  108   55.00000   49.00000  10.9%  88.0  490s
 93057 36727   49.00000   24   81   55.00000   49.00000  10.9%  88.0  495s
 94257 37195   51.00000   24  113   55.00000   49.00000  10.9%  87.9  500s
 95285 37562   49.00000   27  104   55.00000   49.00000  10.9%  87.9  505s
 96554 38049 infeasible   44        55.00000   49.00000  10.9%  87.6  510s
 97606 38404   52.00000   25   96   55.00000   49.00000  10.9%  87.6  515s
 98763 38899     cutoff   44        55.00000   49.00000  10.9%  87.6  520s
 99193 39049     cutoff   39        55.00000   49.00000  10.9%  87.6  525s
 100263 39455   51.00000   35  116   55.00000   49.00000  10.9%  87.6  530s
 101242 39833 infeasible   54        55.00000   49.00000  10.9%  87.4  535s
 102497 40248   49.00000   23  125   55.00000   49.00000  10.9%  87.2  540s
 103651 40672   52.00000   46   60   55.00000   49.00000  10.9%  87.1  545s
 104641 40972   49.00000   32   89   55.00000   49.00000  10.9%  87.2  550s
 105780 41369   54.00000   29   74   55.00000   49.00000  10.9%  87.1  555s
 107101 41877   51.00000   37  106   55.00000   49.00000  10.9%  86.9  560s
 107990 42212     cutoff   30        55.00000   49.00000  10.9%  86.9  565s
 109082 42600   53.00000   47   48   55.00000   49.00000  10.9%  86.9  570s
 110052 42989   51.00000   34  113   55.00000   49.00000  10.9%  87.0  575s
 110929 43300     cutoff   41        55.00000   49.00000  10.9%  87.0  580s
 111935 43676   49.00000   24  132   55.00000   49.00000  10.9%  87.1  585s
 113029 44104   49.00000   25  117   55.00000   49.00000  10.9%  87.0  590s
 113932 44462 infeasible   33        55.00000   49.00000  10.9%  87.0  595s
 115030 44912   49.00000   25  103   55.00000   49.00000  10.9%  86.9  600s
 115946 45232   51.00000   35   82   55.00000   49.00000  10.9%  86.9  605s
 116865 45554   49.00000   27  119   55.00000   49.00000  10.9%  86.9  610s
 117632 45746   51.00000   51   75   55.00000   49.00000  10.9%  87.1  615s
 118705 46152 infeasible   31        55.00000   49.00000  10.9%  87.0  620s
 119861 46391   51.00000   32  120   55.00000   49.00000  10.9%  86.9  625s
 120555 46619   54.00000   44   54   55.00000   49.00000  10.9%  87.0  630s
 121792 47084   53.00000   38   74   55.00000   49.00000  10.9%  86.7  635s
 123024 47449   54.00000   51   38   55.00000   49.00000  10.9%  86.5  640s
 124092 47844   51.00000   27  115   55.00000   49.00000  10.9%  86.5  645s
 125252 48246   51.00000   30  100   55.00000   49.00000  10.9%  86.3  650s
 126220 48531   54.00000   30  109   55.00000   49.00000  10.9%  86.3  655s
 126907 48725   53.00000   31   53   55.00000   49.00000  10.9%  86.4  660s
 127812 49059   54.00000   36   94   55.00000   49.00000  10.9%  86.4  665s
 129229 49743   54.00000   43   66   55.00000   49.00000  10.9%  86.0  670s
 130506 50184   52.00000   31  144   55.00000   49.00000  10.9%  85.9  675s
 131730 50559   53.00000   46   74   55.00000   49.00000  10.9%  85.8  680s
 132967 51075   49.00000   33   90   55.00000   49.00000  10.9%  85.5  685s
 134349 51631   53.00000   30   90   55.00000   49.00000  10.9%  85.2  690s
 135428 51987   51.00000   36   87   55.00000   49.00000  10.9%  85.2  695s
 136750 52490   49.00000   33  114   55.00000   49.00000  10.9%  85.1  700s
 138044 52935     cutoff   41        55.00000   49.00000  10.9%  84.9  705s
 138976 53178   54.00000   42   54   55.00000   49.00000  10.9%  84.9  710s
 140090 53501   54.00000   35   67   55.00000   49.00000  10.9%  84.8  715s
 141426 53931   53.00000   27  118   55.00000   49.00000  10.9%  84.6  720s
 142755 54267   53.00000   36   84   55.00000   49.00000  10.9%  84.4  725s
 144050 54626     cutoff   39        55.00000   49.00000  10.9%  84.2  730s
 145214 55051   49.00000   24  110   55.00000   49.00000  10.9%  84.0  735s
 146262 55405   53.00000   31  141   55.00000   49.00000  10.9%  83.9  740s
 147387 55744   49.00000   40   68   55.00000   49.00000  10.9%  83.7  745s
 148497 56031 infeasible   38        55.00000   49.00000  10.9%  83.7  750s
 149902 56370   52.00000   30  113   55.00000   49.00000  10.9%  83.4  755s
 150826 56649   51.00000   56   70   55.00000   49.00000  10.9%  83.5  760s
 152044 56973   53.00000   30   93   55.00000   49.00000  10.9%  83.4  765s
 153263 57352 infeasible   53        55.00000   49.00000  10.9%  83.3  770s
 154398 57724   52.00000   31   81   55.00000   49.00000  10.9%  83.3  775s
 155478 58146   49.00000   30  112   55.00000   49.00000  10.9%  83.2  780s
 156446 58327   54.00000   51   46   55.00000   49.00000  10.9%  83.2  786s
 157101 58450   51.00000   44   93   55.00000   49.00000  10.9%  83.2  790s
 158074 58779   54.00000   39   72   55.00000   49.00000  10.9%  83.2  795s
 159164 59136   49.00000   31  110   55.00000   49.00000  10.9%  83.1  800s
 160208 59509 infeasible   50        55.00000   49.00000  10.9%  83.1  805s
 161361 59909   53.00000   43   46   55.00000   49.00000  10.9%  83.0  810s
 162958 60707   52.00000   50   72   55.00000   49.00000  10.9%  82.8  815s
 164141 61091   51.00000   22   95   55.00000   49.00000  10.9%  82.7  820s
 165367 61245   54.00000   46   80   55.00000   49.00000  10.9%  82.5  825s
 166545 61624   54.00000   38   65   55.00000   49.00000  10.9%  82.5  830s
 167884 61947   54.00000   53   44   55.00000   49.00000  10.9%  82.4  835s
 169232 62485   51.00000   28   97   55.00000   49.00000  10.9%  82.2  840s
 170456 62923   52.00000   46   70   55.00000   49.00000  10.9%  82.1  845s
 171805 63355     cutoff   32        55.00000   49.00000  10.9%  82.1  850s
 172939 63596   51.00000   35  109   55.00000   49.00000  10.9%  82.0  855s
 174188 63986   54.00000   46   42   55.00000   49.00000  10.9%  81.9  860s
 175360 64422   53.00000   35   95   55.00000   49.00000  10.9%  81.8  865s
 176516 64741   53.00000   24   84   55.00000   49.00000  10.9%  81.8  870s
 177315 64950   49.00000   25  121   55.00000   49.00000  10.9%  81.9  875s
 178446 65484   54.00000   39  104   55.00000   49.00000  10.9%  81.7  880s
 179390 65880   51.00000   27   98   55.00000   49.00000  10.9%  81.6  885s
 180489 66345   51.00000   31  117   55.00000   49.00000  10.9%  81.6  890s
 181427 66643     cutoff   40        55.00000   49.00000  10.9%  81.7  895s
 182386 66983   51.00000   27  107   55.00000   49.00000  10.9%  81.7  900s
 183191 67154   53.00000   36   79   55.00000   49.00000  10.9%  81.7  905s
 184102 67415 infeasible   32        55.00000   49.00000  10.9%  81.7  910s
 185327 67840   53.00000   27   83   55.00000   49.00000  10.9%  81.7  915s
 186412 68239   51.00000   28   84   55.00000   49.00000  10.9%  81.7  920s
 187583 68600   53.00000   31  111   55.00000   49.00000  10.9%  81.6  925s
 188737 69012   53.00000   32   97   55.00000   49.00000  10.9%  81.6  930s
 189789 69363   53.00000   25   95   55.00000   49.00000  10.9%  81.6  935s
 190883 69711   49.00000   28  110   55.00000   49.00000  10.9%  81.6  940s
 192152 70154   53.00000   30   83   55.00000   49.00000  10.9%  81.5  945s
 193309 70540     cutoff   35        55.00000   49.00000  10.9%  81.5  950s
 194369 70992   54.00000   27   85   55.00000   49.00000  10.9%  81.5  955s
 195502 71297   54.00000   38   60   55.00000   49.00000  10.9%  81.5  960s
 196728 71730   53.00000   31  108   55.00000   49.00000  10.9%  81.4  965s
 197880 72099   53.00000   29   96   55.00000   49.00000  10.9%  81.4  970s
 199100 72619 infeasible   44        55.00000   49.00000  10.9%  81.4  975s
 200108 72961   51.00000   35   81   55.00000   49.00000  10.9%  81.4  980s
 201421 73527   51.00000   28   99   55.00000   49.00000  10.9%  81.3  985s
 202463 73876   51.00000   33  108   55.00000   49.00000  10.9%  81.3  990s
 203568 74267   53.00000   31   85   55.00000   49.00000  10.9%  81.3  995s
 204142 74473   53.00000   38   73   55.00000   49.00000  10.9%  81.3 1000s
 205307 74928   54.00000   45   42   55.00000   49.00000  10.9%  81.2 1005s
 206630 75439     cutoff   31        55.00000   49.00000  10.9%  81.1 1010s
 207772 75889   52.00000   32  101   55.00000   49.00000  10.9%  81.1 1015s
 208980 76313   54.00000   49   85   55.00000   49.00000  10.9%  81.1 1020s
 210215 76729 infeasible   38        55.00000   49.00000  10.9%  81.0 1025s
 211418 77170   49.00000   23   76   55.00000   49.00000  10.9%  80.9 1030s
 212647 77659   53.00000   29   79   55.00000   49.00000  10.9%  80.9 1035s
 213924 78095   51.00000   49   84   55.00000   49.00000  10.9%  80.9 1040s
 215039 78723   54.00000   45   50   55.00000   49.00000  10.9%  80.8 1045s
 216395 79262   53.00000   29   79   55.00000   49.00000  10.9%  80.7 1050s
 217639 79650   54.00000   35   96   55.00000   49.00000  10.9%  80.7 1055s
 218924 80264   51.00000   39   88   55.00000   49.00000  10.9%  80.6 1060s
 220029 80639   52.00000   36   89   55.00000   49.00000  10.9%  80.6 1065s
 221147 81136   53.00000   44   95   55.00000   49.00000  10.9%  80.5 1070s
 222423 81700   53.00000   42   98   55.00000   49.00000  10.9%  80.4 1075s
 223733 82212 infeasible   59        55.00000   49.00000  10.9%  80.3 1080s
 225224 82989   49.00000   41  110   55.00000   49.00000  10.9%  80.2 1085s
 226367 83509   50.00000   29   92   55.00000   49.00000  10.9%  80.2 1090s
 226871 83651   53.00000   38   72   55.00000   49.00000  10.9%  80.2 1095s
 227464 83803 infeasible   48        55.00000   49.00000  10.9%  80.2 1100s
 228514 84205   51.00000   33  100   55.00000   49.00000  10.9%  80.2 1105s
 229663 84715 infeasible   32        55.00000   49.00000  10.9%  80.1 1110s
 231006 85401   51.00000   31   95   55.00000   49.00000  10.9%  80.0 1115s
 232303 85857   53.00000   35  104   55.00000   49.00000  10.9%  79.9 1120s
 233283 86236   53.00000   34   90   55.00000   49.00000  10.9%  79.9 1125s
 234527 86635   53.00000   34   91   55.00000   49.00000  10.9%  79.8 1130s
 235587 86850   51.00000   31   92   55.00000   49.00000  10.9%  79.8 1135s
 236518 87113 infeasible   34        55.00000   49.00000  10.9%  79.9 1140s
 237574 87635   53.00000   29   91   55.00000   49.00000  10.9%  79.9 1145s
 238797 88256   52.00000   35   94   55.00000   49.00000  10.9%  79.8 1150s
 240080 88782   53.00000   33   93   55.00000   49.00000  10.9%  79.7 1155s
 241277 89283   53.00000   29  120   55.00000   49.00000  10.9%  79.7 1160s
 242379 89658   49.00000   33   99   55.00000   49.00000  10.9%  79.7 1165s
 243826 90341   51.00000   36   89   55.00000   49.00000  10.9%  79.6 1170s
 245068 90855   53.00000   39  100   55.00000   49.00000  10.9%  79.5 1175s
 246512 91305     cutoff   35        55.00000   49.00000  10.9%  79.4 1180s
 247133 91377   54.00000   49   52   55.00000   49.00000  10.9%  79.4 1185s
 248314 91704 infeasible   41        55.00000   49.00000  10.9%  79.3 1190s
 249707 92183   49.00000   29   91   55.00000   49.00000  10.9%  79.2 1195s
 251255 92722 infeasible   53        55.00000   49.00000  10.9%  79.1 1200s
 252629 93255     cutoff   46        55.00000   49.00000  10.9%  79.1 1205s
 254115 93800   51.00000   35  119   55.00000   49.00000  10.9%  79.0 1210s
 255601 94231   51.69231   41   92   55.00000   49.00000  10.9%  78.9 1215s
 257034 94733   49.00000   28  113   55.00000   49.00000  10.9%  78.9 1220s
 258340 95023   53.00000   31  117   55.00000   49.00000  10.9%  78.8 1225s
 259971 95557   51.11111   43  104   55.00000   49.00000  10.9%  78.7 1230s
 261628 96099   53.00000   39   71   55.00000   49.00000  10.9%  78.6 1235s
 262939 96610   53.00000   32   98   55.00000   49.00000  10.9%  78.5 1240s
 263902 97004   53.00000   30   97   55.00000   49.00000  10.9%  78.5 1245s
 264956 97362   49.00000   25  111   55.00000   49.00000  10.9%  78.5 1250s
 266148 97676     cutoff   30        55.00000   49.00000  10.9%  78.5 1255s
 267268 98117   53.00000   33  107   55.00000   49.00000  10.9%  78.4 1260s
 268398 98532   54.00000   45   34   55.00000   49.00000  10.9%  78.3 1265s
 269343 98995   54.00000   39   57   55.00000   49.00000  10.9%  78.3 1270s
 270440 99517   53.00000   37   61   55.00000   49.00000  10.9%  78.3 1275s
 271358 99784   49.00000   32  139   55.00000   49.00000  10.9%  78.3 1280s
 272265 100083   51.00000   36   86   55.00000   49.00000  10.9%  78.3 1285s
 273142 100397   53.00000   35   87   55.00000   49.00000  10.9%  78.3 1290s
 274350 100733   52.00000   37   78   55.00000   49.00000  10.9%  78.3 1295s
 275409 101070   49.00000   28   98   55.00000   49.00000  10.9%  78.4 1300s
 276438 101413     cutoff   41        55.00000   49.00000  10.9%  78.4 1305s
 277618 101742   51.00000   26  127   55.00000   49.00000  10.9%  78.3 1310s
 278532 102029   53.00000   39   98   55.00000   49.00000  10.9%  78.3 1315s
 279798 102456   51.00000   26   86   55.00000   49.00000  10.9%  78.3 1320s
 281051 102906   54.00000   43   52   55.00000   49.00000  10.9%  78.2 1325s
 282177 103311   53.00000   42   81   55.00000   49.00000  10.9%  78.2 1330s
 283369 103795   54.00000   30  107   55.00000   49.00000  10.9%  78.2 1335s
 284579 104326   54.00000   63   22   55.00000   49.00000  10.9%  78.1 1340s
 285800 104815   51.00000   27   86   55.00000   49.00000  10.9%  78.1 1345s
 287094 105348   54.00000   41   66   55.00000   49.00000  10.9%  78.1 1350s
 288431 105905   54.00000   39   95   55.00000   49.00000  10.9%  78.0 1355s
 289664 106397   53.00000   27   80   55.00000   49.00000  10.9%  78.0 1360s
 290583 106730   52.00000   35   82   55.00000   49.00000  10.9%  77.9 1365s
 291736 107264   49.00000   34  110   55.00000   49.00000  10.9%  77.9 1370s
 293530 107988   53.10000   41   60   55.00000   49.00000  10.9%  77.7 1375s
 294775 108340   53.66667   29   95   55.00000   49.00000  10.9%  77.7 1380s
 295802 108699   51.00000   28   93   55.00000   49.00000  10.9%  77.6 1385s
 297376 109192   51.00000   30   91   55.00000   49.00000  10.9%  77.5 1390s
 299003 109631   51.00000   35   94   55.00000   49.00000  10.9%  77.4 1395s
 300379 110024 infeasible   35        55.00000   49.00000  10.9%  77.3 1400s
 301131 110316   51.00000   30   92   55.00000   49.00000  10.9%  77.3 1405s
 302093 110548   49.00000   29   73   55.00000   49.00000  10.9%  77.3 1410s
 303498 111303   53.00000   53   34   55.00000   49.00000  10.9%  77.2 1415s
 304700 111786   51.00000   28  149   55.00000   49.00000  10.9%  77.2 1420s
 306100 112246   53.00000   41   86   55.00000   49.00000  10.9%  77.1 1425s
 307269 112682   51.00000   27   91   55.00000   49.00000  10.9%  77.1 1430s
 308563 113198   51.00000   34  114   55.00000   49.00000  10.9%  77.1 1435s
 309755 113662   54.00000   54   18   55.00000   49.00000  10.9%  77.1 1440s
 311288 114077   53.00000   31   88   55.00000   49.00000  10.9%  77.0 1445s
 312587 114667   53.00000   48   55   55.00000   49.00000  10.9%  76.9 1450s
 313300 114892   49.00000   31   81   55.00000   49.00000  10.9%  77.0 1455s
 314164 115024 infeasible   37        55.00000   49.00000  10.9%  77.0 1460s
 315139 115163   49.00000   32  123   55.00000   49.00000  10.9%  77.0 1465s
 316035 115412   54.00000   39   74   55.00000   49.00000  10.9%  77.1 1470s
 317188 115700   49.00000   33  110   55.00000   49.00000  10.9%  77.1 1475s
 318213 115922   51.00000   38  104   55.00000   49.00000  10.9%  77.1 1480s
 319474 116280   53.00000   32  101   55.00000   49.00000  10.9%  77.1 1485s
 320412 116596   51.00000   26  109   55.00000   49.00000  10.9%  77.1 1490s
 321630 117038   49.00000   24   94   55.00000   49.00000  10.9%  77.0 1495s
 322703 117254   51.00000   21  142   55.00000   49.00000  10.9%  77.0 1500s
 324011 117840   53.00000   36   67   55.00000   49.00000  10.9%  77.0 1505s
 325082 118072 infeasible   31        55.00000   49.00000  10.9%  77.0 1510s
 326720 118424     cutoff   45        55.00000   49.00000  10.9%  76.9 1515s
 327608 118639   54.00000   45   52   55.00000   49.00000  10.9%  76.9 1520s
 328972 119271 infeasible   31        55.00000   49.00000  10.9%  76.8 1525s
 330529 119832   49.00000   41   88   55.00000   49.00000  10.9%  76.7 1530s
 332310 120557   54.00000   39  107   55.00000   49.00000  10.9%  76.6 1535s
 333548 121074   53.00000   57   58   55.00000   49.00000  10.9%  76.5 1540s
 334602 121575   54.00000   64   52   55.00000   49.00000  10.9%  76.4 1545s
 336279 122314     cutoff   51        55.00000   49.00000  10.9%  76.3 1550s
 337257 122668   49.00000   31  110   55.00000   49.00000  10.9%  76.3 1555s
 338763 123104   53.00000   31   92   55.00000   49.00000  10.9%  76.3 1560s
 339810 123571   51.00000   29  113   55.00000   49.00000  10.9%  76.2 1565s
 340812 124003   51.00000   26   77   55.00000   49.00000  10.9%  76.2 1570s
 342064 124469   52.00000   40   91   55.00000   49.00000  10.9%  76.2 1575s
 343126 124876   53.00000   43   53   55.00000   49.00000  10.9%  76.2 1580s
 344122 125232     cutoff   28        55.00000   49.00000  10.9%  76.2 1585s
 345276 125726   53.00000   57   72   55.00000   49.00000  10.9%  76.1 1590s
 346630 126321   52.00000   26   64   55.00000   49.00000  10.9%  76.1 1595s
 347963 126914   54.00000   37   83   55.00000   49.00000  10.9%  76.0 1600s
 349136 127568   53.00000   37   84   55.00000   49.00000  10.9%  76.0 1605s
 350321 128104   53.00000   32  110   55.00000   49.00000  10.9%  75.9 1610s
 351682 128656   53.00000   43   76   55.00000   49.00000  10.9%  75.8 1615s
 353004 129108   53.00000   39   69   55.00000   49.00000  10.9%  75.8 1620s
 354178 129512   49.00000   28  136   55.00000   49.00000  10.9%  75.8 1625s
 355221 129806   53.00000   38   93   55.00000   49.00000  10.9%  75.8 1630s
 356411 130133   53.00000   39   94   55.00000   49.00000  10.9%  75.8 1635s
 357504 130436 infeasible   33        55.00000   49.00000  10.9%  75.8 1640s
 358723 130920   51.00000   46   72   55.00000   49.00000  10.9%  75.7 1645s
 359943 131457   49.00000   27  104   55.00000   49.00000  10.9%  75.7 1650s
 361124 131920   51.00000   29  117   55.00000   49.00000  10.9%  75.7 1655s
 362375 132382 infeasible   39        55.00000   49.00000  10.9%  75.7 1660s
 363396 132795   54.00000   38   62   55.00000   49.00000  10.9%  75.7 1665s
 364575 133214   51.00000   46   92   55.00000   49.00000  10.9%  75.7 1670s
 365380 133469 infeasible   47        55.00000   49.00000  10.9%  75.7 1675s
 366390 133816   50.00000   24  111   55.00000   49.00000  10.9%  75.7 1680s
 367582 134214   53.00000   29   77   55.00000   49.00000  10.9%  75.7 1685s
 368816 134592     cutoff   40        55.00000   49.00000  10.9%  75.7 1690s
 369928 135025   51.00000   27  114   55.00000   49.00000  10.9%  75.7 1695s
 371141 135450   53.00000   39   83   55.00000   49.00000  10.9%  75.7 1700s
 372266 135806   50.00000   35   84   55.00000   49.00000  10.9%  75.7 1705s
 373448 136231   50.00000   23   71   55.00000   49.00000  10.9%  75.7 1710s
 374471 136566   54.00000   34   66   55.00000   49.00000  10.9%  75.7 1715s
 375409 136901   51.00000   25   93   55.00000   49.00000  10.9%  75.7 1720s
 376433 137239   54.00000   39   82   55.00000   49.00000  10.9%  75.7 1725s
 377230 137455   53.00000   37   89   55.00000   49.00000  10.9%  75.7 1730s
 378313 137846   54.00000   41   56   55.00000   49.00000  10.9%  75.7 1735s
 379181 138153   53.00000   39   70   55.00000   49.00000  10.9%  75.7 1740s
 380269 138479   54.00000   45   51   55.00000   49.00000  10.9%  75.8 1745s
 381650 139067 infeasible   40        55.00000   49.00000  10.9%  75.7 1750s
 382912 139617   51.00000   36   92   55.00000   49.00000  10.9%  75.7 1755s
 384064 140061   54.00000   45   45   55.00000   49.00000  10.9%  75.7 1760s
 385315 140609 infeasible   55        55.00000   49.00000  10.9%  75.7 1765s
 386464 141078   52.00000   38   76   55.00000   49.00000  10.9%  75.7 1770s
 387676 141418 infeasible   49        55.00000   49.00000  10.9%  75.7 1775s
 388893 141815   49.00000   31   94   55.00000   49.00000  10.9%  75.7 1780s
 389786 142111   54.00000   37   85   55.00000   49.00000  10.9%  75.7 1785s
 391077 142615 infeasible   39        55.00000   49.00000  10.9%  75.7 1790s
 392111 142838 infeasible   33        55.00000   49.00000  10.9%  75.7 1795s
 393413 143412   54.00000   48   44   55.00000   49.00000  10.9%  75.6 1800s

Cutting planes:
  Learned: 3
  Cover: 60
  Implied bound: 96
  Clique: 14
  MIR: 6
  Flow cover: 26
  Network: 1
  RLT: 8
  Relax-and-lift: 4

Explored 393414 nodes (29762164 simplex iterations) in 1800.00 seconds (1542.59 work units)
Thread count was 1 (of 96 available processors)

Solution count 10: 55 55 56 ... 65

Time limit reached
Best objective 5.499999998880e+01, best bound 4.900000000000e+01, gap 10.9091%
WARNING: Loading a SolverResults object with an 'aborted' status, but
    containing a solution

Instance 18_1, formulation tres, reform hull:
  Rect 0: x = 30.00, y = 7.00
  Rect 1: x = 7.00, y = 10.00
  Rect 2: x = 0.00, y = 12.00
  Rect 3: x = 8.00, y = 12.00
  Rect 4: x = 0.00, y = 10.00
  Rect 5: x = 23.00, y = 12.00
  Rect 6: x = 53.00, y = 11.00
  Rect 7: x = 20.00, y = 2.00
  Rect 8: x = 8.00, y = 3.00
  Rect 9: x = 4.00, y = 5.00
  Rect 10: x = 30.00, y = 9.00
  Rect 11: x = 44.00, y = 12.00
  Rect 12: x = 30.00, y = 12.00
  Rect 13: x = 0.00, y = 11.00
  Rect 14: x = 4.00, y = 12.00
  Rect 15: x = 26.00, y = 1.00
  Rect 16: x = 0.00, y = 8.00
  Rect 17: x = 44.00, y = 5.00
  → saved figures to strip_figures/18_1_tres_hull.png and strip_figures/18_1_tres_hull.pdf
Set parameter TokenServer to value "mooring.ecn.purdue.edu"
Read LP format model from file /tmp/tmp1b507o8d.pyomo.lp
Reading time = 0.00 seconds
x650: 784 rows, 650 columns, 4321 nonzeros
Set parameter TimeLimit to value 1800
Set parameter Threads to value 1
Gurobi Optimizer version 11.0.0 build v11.0.0rc2 (linux64 - "Oracle Linux Server 9.6")

CPU model: AMD EPYC 7643 48-Core Processor, instruction set [SSE2|AVX|AVX2]
Thread count: 48 physical cores, 96 logical processors, using up to 1 threads

Optimize a model with 784 rows, 650 columns and 4321 nonzeros
Model fingerprint: 0x8deaf547
Variable types: 38 continuous, 612 integer (612 binary)
Coefficient statistics:
  Matrix range     [1e+00, 1e+02]
  Objective range  [1e+00, 1e+00]
  Bounds range     [1e+00, 1e+02]
  RHS range        [1e+00, 2e+01]
Presolve removed 94 rows and 94 columns
Presolve time: 0.00s
Presolved: 690 rows, 556 columns, 3038 nonzeros
Variable types: 37 continuous, 519 integer (519 binary)
Found heuristic solution: objective 106.0000000
Found heuristic solution: objective 99.0000000
Found heuristic solution: objective 98.0000000

Root relaxation: objective 2.900000e+01, 271 iterations, 0.00 seconds (0.00 work units)

    Nodes    |    Current Node    |     Objective Bounds      |     Work
 Expl Unexpl |  Obj  Depth IntInf | Incumbent    BestBd   Gap | It/Node Time

     0     0   29.00000    0   24   98.00000   29.00000  70.4%     -    0s
H    0     0                      67.0000000   29.00000  56.7%     -    0s
     0     0   29.00000    0   74   67.00000   29.00000  56.7%     -    0s
H    0     0                      66.0000000   29.00000  56.1%     -    0s
H    0     0                      65.0000000   29.00000  55.4%     -    0s
     0     0   31.09804    0   62   65.00000   31.09804  52.2%     -    0s
     0     0   31.89680    0   37   65.00000   31.89680  50.9%     -    0s
     0     0   35.27323    0   49   65.00000   35.27323  45.7%     -    0s
     0     0   35.27323    0   57   65.00000   35.27323  45.7%     -    0s
     0     0   35.27323    0   56   65.00000   35.27323  45.7%     -    0s
     0     0   35.27323    0   55   65.00000   35.27323  45.7%     -    0s
     0     0   35.27323    0   59   65.00000   35.27323  45.7%     -    0s
     0     0   35.27323    0   55   65.00000   35.27323  45.7%     -    0s
     0     0   35.27323    0   53   65.00000   35.27323  45.7%     -    0s
     0     0   35.31114    0   64   65.00000   35.31114  45.7%     -    0s
     0     0   35.31261    0   60   65.00000   35.31261  45.7%     -    0s
     0     0   35.34161    0   58   65.00000   35.34161  45.6%     -    0s
     0     0   35.52051    0   62   65.00000   35.52051  45.4%     -    0s
     0     0   35.52051    0   57   65.00000   35.52051  45.4%     -    0s
     0     0   35.52051    0   58   65.00000   35.52051  45.4%     -    0s
     0     0   35.52051    0   63   65.00000   35.52051  45.4%     -    0s
     0     0   35.52051    0   64   65.00000   35.52051  45.4%     -    0s
     0     0   35.52051    0   62   65.00000   35.52051  45.4%     -    0s
     0     0   35.52051    0   62   65.00000   35.52051  45.4%     -    0s
     0     0   35.52051    0   57   65.00000   35.52051  45.4%     -    0s
     0     0   35.52051    0   56   65.00000   35.52051  45.4%     -    0s
     0     0   35.52051    0   59   65.00000   35.52051  45.4%     -    0s
     0     0   35.52051    0   65   65.00000   35.52051  45.4%     -    0s
     0     0   35.52420    0   64   65.00000   35.52420  45.3%     -    0s
     0     0   35.52420    0   39   65.00000   35.52420  45.3%     -    0s
     0     2   35.53973    0   39   65.00000   35.53973  45.3%     -    0s
H   52    51                      65.0000000   35.53973  45.3%  13.1    0s
H  563   456                      60.0000000   44.09190  26.5%   7.3    0s
*  746   517              94      58.0000000   44.09190  24.0%  14.1    0s
H  761   485                      57.0000000   44.09190  22.6%  14.5    0s
H 1150   633                      56.0000000   44.09190  21.3%  14.4    1s
H 1699   822                      56.0000000   44.09190  21.3%  14.7    1s
* 2851  1269              74      55.0000000   44.09190  19.8%  14.0    2s
  5533  2828   51.00000   31   81   55.00000   45.00000  18.2%  16.3    5s
 10202  5481   52.00000   26  106   55.00000   47.25806  14.1%  18.0   10s
 15040  7837   52.00000   45   52   55.00000   49.00000  10.9%  19.6   15s
 19852  9588   51.00000   33   64   55.00000   49.00000  10.9%  20.8   20s
 25128 11783   53.00000   25   92   55.00000   49.06154  10.8%  21.5   25s
 30536 14137 infeasible   38        55.00000   49.11365  10.7%  21.9   30s
 36093 16462   51.00000   24   67   55.00000   49.66667  9.70%  21.9   35s
 40217 17753     cutoff   28        55.00000   50.10526  8.90%  22.5   40s
 45831 18356     cutoff   45        55.00000   51.00000  7.27%  22.6   45s
 51254 18463 infeasible   52        55.00000   51.00000  7.27%  22.9   50s
*54014 17045              44      54.0000000   51.00000  5.56%  23.4   53s
H54263 17086                      54.0000000   51.00000  5.56%  23.5   55s
 57445 17631 infeasible   43        54.00000   51.00000  5.56%  24.0   60s
 61639 18545   51.00000   40   81   54.00000   51.00000  5.56%  24.3   65s
 66622 19828   51.00000   37   75   54.00000   51.00000  5.56%  24.1   70s
 70433 20639   52.00000   65   30   54.00000   51.00000  5.56%  24.3   75s
 74049 21147   51.00000   35   86   54.00000   51.00000  5.56%  24.6   80s
 77506 21729     cutoff   34        54.00000   51.00000  5.56%  25.1   85s
 80696 22241   52.00000   42  129   54.00000   51.00000  5.56%  25.5   90s
 84637 23129   53.00000   40   60   54.00000   51.00000  5.56%  25.6   95s
 88040 23751 infeasible   29        54.00000   51.00000  5.56%  26.0  100s
 91758 24496   51.00000   30   90   54.00000   51.00000  5.56%  26.1  105s
 96370 24694     cutoff   48        54.00000   51.00000  5.56%  26.0  110s
 100231 24936   51.00000   40   87   54.00000   51.00000  5.56%  26.1  115s
 104286 25379   51.00000   28   72   54.00000   51.00000  5.56%  26.3  120s
 108605 26358     cutoff   42        54.00000   51.00000  5.56%  26.3  125s
 111318 26427   51.00000   51   52   54.00000   51.00000  5.56%  26.6  130s
 115111 26573   51.00000   30   79   54.00000   51.00000  5.56%  26.7  135s
 119693 26864   51.00000   36   97   54.00000   51.00000  5.56%  26.5  140s
 122809 27053   52.00000   38   95   54.00000   51.00000  5.56%  26.7  145s
 126859 27185 infeasible   39        54.00000   51.00000  5.56%  26.7  150s
 129368 27385   53.00000   33   76   54.00000   51.00000  5.56%  27.0  155s
 133434 28231   52.00000   29  133   54.00000   51.00000  5.56%  27.1  160s
 137115 28786   51.00000   23   96   54.00000   51.00000  5.56%  27.3  165s
 140494 29455   53.00000   41   48   54.00000   51.00000  5.56%  27.5  170s
 143650 29645 infeasible   46        54.00000   51.00000  5.56%  27.6  175s
 146689 29775   51.00000   37   74   54.00000   51.00000  5.56%  27.8  180s
 149247 29864 infeasible   43        54.00000   51.00000  5.56%  28.1  185s
 151928 29919   51.00000   37   86   54.00000   51.00000  5.56%  28.3  190s
 154882 30034 infeasible   32        54.00000   51.00000  5.56%  28.5  195s
 158368 30133   51.00000   34   67   54.00000   51.00000  5.56%  28.6  200s
 161502 30291   51.00000   38   70   54.00000   51.00000  5.56%  28.8  205s
 165135 30399   52.00000   36  103   54.00000   51.00000  5.56%  28.8  210s
 168687 30664 infeasible   50        54.00000   51.00000  5.56%  28.8  215s
 172968 30899 infeasible   48        54.00000   51.00000  5.56%  28.8  220s
 177336 31110 infeasible   36        54.00000   51.00000  5.56%  28.8  225s
 181265 31237     cutoff   38        54.00000   51.00000  5.56%  28.9  230s
 185140 31337 infeasible   35        54.00000   51.00000  5.56%  29.0  235s
 188741 31634   51.00000   38   79   54.00000   51.00000  5.56%  29.0  240s
 193066 31840 infeasible   55        54.00000   51.00000  5.56%  28.9  245s
 196795 32102   53.00000   36   57   54.00000   51.00000  5.56%  29.0  250s
 200169 32479   51.00000   34   80   54.00000   51.00000  5.56%  29.0  255s
 203937 32712 infeasible   47        54.00000   51.00000  5.56%  29.0  260s
 207032 32892   51.00000   31   97   54.00000   51.00000  5.56%  29.1  265s
 210349 33472   51.00000   29  112   54.00000   51.00000  5.56%  29.2  270s
 213258 33673   51.00000   38   85   54.00000   51.00000  5.56%  29.4  275s
 216162 33856   51.00000   32   90   54.00000   51.00000  5.56%  29.6  280s
 219120 34276   53.00000   27  110   54.00000   51.00000  5.56%  29.7  285s
 221704 34313 infeasible   47        54.00000   51.00000  5.56%  29.8  290s
 225464 34389 infeasible   62        54.00000   51.00000  5.56%  29.8  295s
 229749 34659 infeasible   43        54.00000   51.00000  5.56%  29.7  300s
 233871 34821 infeasible   42        54.00000   51.00000  5.56%  29.7  305s
 237532 35102   53.00000   38  112   54.00000   51.00000  5.56%  29.6  310s
 241052 35269   52.00000   29   71   54.00000   51.00000  5.56%  29.6  315s
 243703 35417   51.00000   41   77   54.00000   51.00000  5.56%  29.7  320s
 247118 35351 infeasible   30        54.00000   51.00000  5.56%  29.8  325s
 250305 35514   51.00000   40   87   54.00000   51.00000  5.56%  29.8  330s
 253519 35867 infeasible   46        54.00000   51.00000  5.56%  29.9  335s
 257185 36160   51.00000   42   72   54.00000   51.00000  5.56%  29.9  340s
 262018 36491   53.00000   46   34   54.00000   51.00000  5.56%  29.8  345s
 266970 36777   51.00000   37   76   54.00000   51.00000  5.56%  29.7  350s
 270722 36870   51.00000   41   78   54.00000   51.00000  5.56%  29.8  355s
 274202 36899   51.00000   29  123   54.00000   51.00000  5.56%  30.0  360s
 278154 37010 infeasible   46        54.00000   51.00000  5.56%  30.0  365s
 282113 37191 infeasible   48        54.00000   51.00000  5.56%  30.1  370s
 286060 37510   51.00000   40   63   54.00000   51.00000  5.56%  30.1  375s
 289068 37500   52.00000   40   73   54.00000   51.00000  5.56%  30.2  380s
 292265 37666   51.00000   27   72   54.00000   51.00000  5.56%  30.3  385s
 295610 37774   51.00000   37   70   54.00000   51.00000  5.56%  30.4  390s
 298807 37795 infeasible   42        54.00000   51.00000  5.56%  30.5  395s
 302535 37883   51.00000   45   57   54.00000   51.00000  5.56%  30.6  400s
 306672 37882 infeasible   45        54.00000   51.00000  5.56%  30.5  405s
 310819 38295   52.00000   29   54   54.00000   51.00000  5.56%  30.5  410s
 314851 38625   51.00000   27  122   54.00000   51.00000  5.56%  30.6  415s
 318473 38941   51.00000   44  117   54.00000   51.00000  5.56%  30.6  420s
 322434 38990   51.00000   44   66   54.00000   51.00000  5.56%  30.6  425s
 326205 39259   51.00000   41   80   54.00000   51.00000  5.56%  30.6  430s
 329773 39447 infeasible   39        54.00000   51.00000  5.56%  30.6  435s
 333295 39643   53.00000   47   30   54.00000   51.00000  5.56%  30.7  440s
 336521 39724   51.00000   34   81   54.00000   51.00000  5.56%  30.7  445s
 339487 39772   51.00000   54  102   54.00000   51.00000  5.56%  30.8  450s
 342754 39793 infeasible   45        54.00000   51.00000  5.56%  30.9  455s
 345872 39875   51.00000   37   79   54.00000   51.00000  5.56%  31.0  460s
 348936 39916   51.00000   39   71   54.00000   51.00000  5.56%  31.1  465s
 352871 39960   51.00000   36   98   54.00000   51.00000  5.56%  31.1  470s
 356765 40064   51.00000   28   82   54.00000   51.00000  5.56%  31.2  475s
 360589 40399     cutoff   31        54.00000   51.00000  5.56%  31.2  480s
 364083 40690   51.00000   35   55   54.00000   51.00000  5.56%  31.2  485s
 367823 41100   51.00000   48   88   54.00000   51.00000  5.56%  31.2  490s
 371791 41357     cutoff   30        54.00000   51.00000  5.56%  31.2  495s
 374929 41471   51.00000   26  111   54.00000   51.00000  5.56%  31.3  500s
 378174 41702 infeasible   40        54.00000   51.00000  5.56%  31.3  505s
 382053 42128   51.00000   33   56   54.00000   51.00000  5.56%  31.3  510s
 386656 42415   51.00000   29   82   54.00000   51.00000  5.56%  31.2  515s
 390223 42605   51.00000   32   53   54.00000   51.00000  5.56%  31.3  520s
 393533 42836   51.00000   40   75   54.00000   51.00000  5.56%  31.3  525s
 396965 43161 infeasible   34        54.00000   51.00000  5.56%  31.4  530s
 400282 43587 infeasible   39        54.00000   51.00000  5.56%  31.5  535s
 403411 44071 infeasible   37        54.00000   51.00000  5.56%  31.5  540s
 406592 44365   51.00000   31   68   54.00000   51.00000  5.56%  31.6  545s
 410190 44778   51.00000   42   39   54.00000   51.00000  5.56%  31.6  550s
 413591 45372 infeasible   29        54.00000   51.00000  5.56%  31.7  555s
 416876 45855     cutoff   48        54.00000   51.00000  5.56%  31.8  560s
 419887 46360   51.00000   26   81   54.00000   51.00000  5.56%  31.8  565s
 423200 46779 infeasible   34        54.00000   51.00000  5.56%  31.9  570s
 426874 47158 infeasible   30        54.00000   51.00000  5.56%  32.0  575s
 430295 47511 infeasible   29        54.00000   51.00000  5.56%  32.0  580s
 433148 47701   51.00000   36   91   54.00000   51.00000  5.56%  32.1  585s
 436435 48043 infeasible   47        54.00000   51.00000  5.56%  32.2  590s
 439613 48395   51.00000   28   96   54.00000   51.00000  5.56%  32.3  595s
 443415 48789   51.00000   32   72   54.00000   51.00000  5.56%  32.3  600s
 447907 48907 infeasible   36        54.00000   51.00000  5.56%  32.3  605s
 451733 49066   53.00000   36   58   54.00000   51.00000  5.56%  32.3  610s
 455706 49288   51.00000   25   91   54.00000   51.00000  5.56%  32.3  615s
 460684 49604   51.00000   29   71   54.00000   51.00000  5.56%  32.2  620s
 465136 50054   51.00000   41   80   54.00000   51.00000  5.56%  32.2  625s
 468655 50371   51.00000   37   76   54.00000   51.00000  5.56%  32.2  630s
 471584 50596 infeasible   37        54.00000   51.00000  5.56%  32.3  635s
 476005 51031 infeasible   34        54.00000   51.00000  5.56%  32.3  640s
 479688 51172 infeasible   38        54.00000   51.00000  5.56%  32.3  645s
 484753 51323 infeasible   70        54.00000   51.00000  5.56%  32.2  650s
 489094 51191   51.00000   27   88   54.00000   51.00000  5.56%  32.2  655s
 493445 51458     cutoff   46        54.00000   51.00000  5.56%  32.2  660s
 498494 51791   51.00000   36   83   54.00000   51.00000  5.56%  32.1  665s
 503437 52361   51.00000   47   75   54.00000   51.00000  5.56%  32.0  670s
 507392 52916   51.00000   32   83   54.00000   51.00000  5.56%  32.0  675s
 512289 53519   51.00000   54   42   54.00000   51.00000  5.56%  32.0  680s
 515634 53507   51.00000   63   50   54.00000   51.00000  5.56%  32.0  685s
 520753 54312   51.00000   38   73   54.00000   51.00000  5.56%  32.0  690s
 526616 55227   51.00000   38   68   54.00000   51.00000  5.56%  31.9  695s
 531217 55835   51.00000   38   64   54.00000   51.00000  5.56%  31.8  700s
 534493 55905   51.00000   45   47   54.00000   51.00000  5.56%  31.8  705s
 537983 55864 infeasible   38        54.00000   51.00000  5.56%  31.9  710s
 541166 55920   51.00000   58   74   54.00000   51.00000  5.56%  31.9  715s
 544276 55913 infeasible   36        54.00000   51.00000  5.56%  31.9  720s
 547509 55996   51.00000   38   77   54.00000   51.00000  5.56%  31.9  725s
 551034 56117   51.00000   38  105   54.00000   51.00000  5.56%  31.9  730s
 553760 56115   51.00000   40   82   54.00000   51.00000  5.56%  32.0  735s
 556596 56127   51.00000   39  101   54.00000   51.00000  5.56%  32.0  740s
 559625 56124   51.00000   33   91   54.00000   51.00000  5.56%  32.0  745s
 563134 56303   51.00000   35  102   54.00000   51.00000  5.56%  32.1  750s
 566350 56546   52.00000   28   66   54.00000   51.00000  5.56%  32.1  755s
 569841 57025   51.00000   29   64   54.00000   51.00000  5.56%  32.1  760s
 573878 57645     cutoff   34        54.00000   51.00000  5.56%  32.0  765s
 577756 58161 infeasible   36        54.00000   51.00000  5.56%  32.1  770s
 581247 58219   53.00000   51   40   54.00000   51.00000  5.56%  32.1  775s
 584175 58218   51.00000   39   74   54.00000   51.00000  5.56%  32.2  780s
 588013 58767     cutoff   36        54.00000   51.00000  5.56%  32.2  785s
 592083 59336 infeasible   23        54.00000   51.00000  5.56%  32.2  790s
 595862 59789   51.00000   30   66   54.00000   51.00000  5.56%  32.2  795s
 599507 60228   51.00000   46   57   54.00000   51.00000  5.56%  32.2  800s
 603185 60249   51.00000   66   36   54.00000   51.00000  5.56%  32.2  805s
 607417 60602   51.00000   40   75   54.00000   51.00000  5.56%  32.2  810s
 611252 61098   51.00000   34   90   54.00000   51.00000  5.56%  32.1  815s
 614826 61532 infeasible   49        54.00000   51.00000  5.56%  32.1  820s
 618689 61770   51.00000   36   80   54.00000   51.00000  5.56%  32.1  825s
 621882 62074 infeasible   31        54.00000   51.00000  5.56%  32.2  830s
 625594 62356   51.00000   33   81   54.00000   51.00000  5.56%  32.2  835s
 629022 62606 infeasible   51        54.00000   51.00000  5.56%  32.2  840s
 632458 62789   51.00000   33  102   54.00000   51.00000  5.56%  32.2  845s
 635528 63027   52.00000   39   44   54.00000   51.00000  5.56%  32.2  850s
 638262 63413   53.00000   38   71   54.00000   51.00000  5.56%  32.2  855s
 640667 63632   51.00000   33  103   54.00000   51.00000  5.56%  32.2  860s
 643393 64006 infeasible   44        54.00000   51.00000  5.56%  32.3  865s
 645845 64239     cutoff   32        54.00000   51.00000  5.56%  32.3  870s
 649698 65093   53.00000   35  128   54.00000   51.00000  5.56%  32.3  875s
 652989 65692   53.00000   26   66   54.00000   51.00000  5.56%  32.3  880s
 655657 66108   51.00000   35   53   54.00000   51.00000  5.56%  32.3  885s
 658496 66311 infeasible   47        54.00000   51.00000  5.56%  32.3  890s
 661148 66655   51.00000   29   59   54.00000   51.00000  5.56%  32.4  895s
 663703 66828   51.00000   29  102   54.00000   51.00000  5.56%  32.4  900s
 666312 67034   51.00000   26   92   54.00000   51.00000  5.56%  32.4  905s
 669755 67603   51.00000   41   67   54.00000   51.00000  5.56%  32.4  910s
 673025 68049   51.00000   30   79   54.00000   51.00000  5.56%  32.5  915s
 675634 68516   51.00000   34  122   54.00000   51.00000  5.56%  32.5  920s
 678264 68920   51.00000   30  112   54.00000   51.00000  5.56%  32.5  925s
 681524 69546   51.00000   35   73   54.00000   51.00000  5.56%  32.5  930s
 684919 70140   51.00000   27   85   54.00000   51.00000  5.56%  32.5  935s
 687841 70545   51.00000   39   54   54.00000   51.00000  5.56%  32.5  940s
 690781 70800 infeasible   36        54.00000   51.00000  5.56%  32.6  945s
 693529 71115   51.00000   37  119   54.00000   51.00000  5.56%  32.6  950s
 695989 71488   53.00000   39   56   54.00000   51.00000  5.56%  32.6  955s
 699087 72083   51.00000   36  118   54.00000   51.00000  5.56%  32.6  960s
 701885 72287   51.00000   24   96   54.00000   51.00000  5.56%  32.7  965s
 705220 72927   51.00000   26   46   54.00000   51.00000  5.56%  32.7  970s
 708192 73129     cutoff   38        54.00000   51.00000  5.56%  32.7  975s
 710701 73446   51.00000   37   81   54.00000   51.00000  5.56%  32.7  980s
 713516 73789 infeasible   37        54.00000   51.00000  5.56%  32.7  985s
 715929 74095   51.00000   32   72   54.00000   51.00000  5.56%  32.7  990s
 718537 74419   51.00000   32  135   54.00000   51.00000  5.56%  32.8  995s
 721425 74838   53.00000   33   47   54.00000   51.00000  5.56%  32.8 1000s
 724345 75188   51.00000   36   84   54.00000   51.00000  5.56%  32.8 1005s
 726871 75302   51.00000   37   76   54.00000   51.00000  5.56%  32.9 1010s
 729525 75542 infeasible   29        54.00000   51.00000  5.56%  32.9 1015s
 732211 75814 infeasible   24        54.00000   51.00000  5.56%  32.9 1020s
 735511 76239   51.00000   35   63   54.00000   51.00000  5.56%  32.9 1025s
 737555 76484   53.00000   37   74   54.00000   51.00000  5.56%  33.0 1030s
 740252 76762 infeasible   38        54.00000   51.00000  5.56%  33.0 1035s
 742934 77100 infeasible   42        54.00000   51.00000  5.56%  33.0 1040s
 745589 77462     cutoff   29        54.00000   51.00000  5.56%  33.0 1045s
 748033 77771   53.00000   34   58   54.00000   51.00000  5.56%  33.1 1050s
 750555 77862   51.00000   29  101   54.00000   51.00000  5.56%  33.1 1055s
 753169 78117   51.00000   22   86   54.00000   51.00000  5.56%  33.1 1060s
 755635 78237   51.00000   32   90   54.00000   51.00000  5.56%  33.2 1065s
 758391 78457 infeasible   37        54.00000   51.00000  5.56%  33.2 1070s
 762713 78921   53.00000   27   70   54.00000   51.00000  5.56%  33.2 1075s
 767795 79384   51.00000   28   77   54.00000   51.00000  5.56%  33.1 1080s
 772613 80439   53.00000   40   54   54.00000   51.00000  5.56%  33.1 1085s
 777748 81563   51.00000   30   80   54.00000   51.00000  5.56%  33.0 1090s
 781198 81933   51.00000   30   77   54.00000   51.00000  5.56%  33.0 1095s
 785905 82505     cutoff   33        54.00000   51.00000  5.56%  32.9 1100s
 789624 82978   51.66667   40   64   54.00000   51.00000  5.56%  32.9 1105s
 793453 83385 infeasible   37        54.00000   51.00000  5.56%  32.9 1110s
 796228 83387 infeasible   36        54.00000   51.00000  5.56%  32.9 1115s
 799262 83843 infeasible   44        54.00000   51.00000  5.56%  32.9 1120s
 802584 84445   51.00000   31   94   54.00000   51.00000  5.56%  32.9 1125s
 806484 85247   52.00000   31   56   54.00000   51.00000  5.56%  32.8 1130s
 807672 85408 infeasible   38        54.00000   51.00000  5.56%  32.8 1135s
 810872 85885   52.00000   40   60   54.00000   51.00000  5.56%  32.8 1140s
 813246 86325   51.00000   25  118   54.00000   51.00000  5.56%  32.7 1145s
 814571 86640   53.00000   39   49   54.00000   51.00000  5.56%  32.7 1150s
 814583 86642   53.00000   36   76   54.00000   51.00000  5.56%  32.7 1156s
 816920 87116   51.00000   33   85   54.00000   51.00000  5.56%  32.7 1160s
 819859 87602 infeasible   39        54.00000   51.00000  5.56%  32.7 1165s
 823391 88130   51.00000   29   57   54.00000   51.00000  5.56%  32.7 1170s
 826642 88333   53.00000   31   70   54.00000   51.00000  5.56%  32.7 1175s
 829670 88699   52.00000   33   40   54.00000   51.00000  5.56%  32.7 1180s
 832792 88994   51.00000   43   91   54.00000   51.00000  5.56%  32.8 1185s
 835567 89217 infeasible   32        54.00000   51.00000  5.56%  32.8 1190s
 838359 89299   52.00000   30  115   54.00000   51.00000  5.56%  32.8 1195s
 840684 89417 infeasible   39        54.00000   51.00000  5.56%  32.8 1200s
 843227 89616   51.00000   36  109   54.00000   51.00000  5.56%  32.8 1205s
 845649 89610 infeasible   38        54.00000   51.00000  5.56%  32.9 1210s
 848818 89772 infeasible   41        54.00000   51.00000  5.56%  32.9 1215s
 852858 90185   51.00000   46   83   54.00000   51.00000  5.56%  32.8 1220s
 857043 90478   53.00000   42   51   54.00000   51.00000  5.56%  32.8 1225s
 860381 90668   51.00000   35  108   54.00000   51.00000  5.56%  32.7 1230s
 864111 91067   51.00000   47   66   54.00000   51.00000  5.56%  32.7 1235s
 868012 91483 infeasible   45        54.00000   51.00000  5.56%  32.7 1240s
 872239 91997     cutoff   50        54.00000   51.00000  5.56%  32.6 1245s
 876216 92576   51.00000   40   81   54.00000   51.00000  5.56%  32.6 1250s
 878888 92935     cutoff   42        54.00000   51.00000  5.56%  32.6 1255s
 882991 93676 infeasible   40        54.00000   51.00000  5.56%  32.5 1260s
 886905 94401 infeasible   39        54.00000   51.00000  5.56%  32.5 1265s
 889608 94533   51.00000   30   78   54.00000   51.00000  5.56%  32.5 1270s
 893052 95097 infeasible   45        54.00000   51.00000  5.56%  32.5 1275s
 897301 95873   51.00000   30  101   54.00000   51.00000  5.56%  32.5 1280s
 901300 96318   51.00000   45   58   54.00000   51.00000  5.56%  32.4 1285s
 905223 96985   53.00000   38   46   54.00000   51.00000  5.56%  32.4 1290s
 908542 97345   51.00000   31   98   54.00000   51.00000  5.56%  32.4 1295s
 911166 97328   51.00000   28   70   54.00000   51.00000  5.56%  32.4 1300s
 914060 97670 infeasible   35        54.00000   51.00000  5.56%  32.4 1305s
 917761 98177 infeasible   37        54.00000   51.00000  5.56%  32.4 1310s
 921830 98618 infeasible   27        54.00000   51.00000  5.56%  32.4 1315s
 925849 98823   52.00000   45   39   54.00000   51.00000  5.56%  32.3 1320s
 929723 98969 infeasible   44        54.00000   51.00000  5.56%  32.3 1325s
 933339 99042 infeasible   38        54.00000   51.00000  5.56%  32.2 1330s
 937537 99319 infeasible   42        54.00000   51.00000  5.56%  32.2 1335s
 941096 99409 infeasible   29        54.00000   51.00000  5.56%  32.2 1340s
 945293 99666 infeasible   30        54.00000   51.00000  5.56%  32.1 1345s
 948483 100055 infeasible   37        54.00000   51.00000  5.56%  32.1 1350s
 952166 100494   53.00000   40   54   54.00000   51.00000  5.56%  32.1 1355s
 954857 100744 infeasible   33        54.00000   51.00000  5.56%  32.1 1360s
 958683 101245   51.00000   33   62   54.00000   51.00000  5.56%  32.1 1365s
 963798 102224 infeasible   36        54.00000   51.00000  5.56%  32.1 1370s
 967460 102508 infeasible   46        54.00000   51.00000  5.56%  32.1 1375s
 970893 102828 infeasible   41        54.00000   51.00000  5.56%  32.1 1380s
 975415 103444 infeasible   30        54.00000   51.00000  5.56%  32.0 1385s
 978566 103463 infeasible   48        54.00000   51.00000  5.56%  32.0 1390s
 982152 104088     cutoff   38        54.00000   51.00000  5.56%  32.0 1395s
 985842 104599   53.00000   42   52   54.00000   51.00000  5.56%  32.0 1400s
 989317 105138   51.00000   32   79   54.00000   51.00000  5.56%  32.0 1405s
 993011 105677   53.00000   44   46   54.00000   51.00000  5.56%  32.0 1410s
 996195 105995   51.00000   31   77   54.00000   51.00000  5.56%  32.0 1415s
 998639 106084 infeasible   41        54.00000   51.00000  5.56%  32.0 1420s
 1001269 106153   52.00000   38   77   54.00000   51.00000  5.56%  32.0 1425s
 1004914 106630     cutoff   38        54.00000   51.00000  5.56%  32.0 1430s
 1008708 107121   51.00000   41   67   54.00000   51.00000  5.56%  32.0 1435s
 1012552 107577   51.00000   46   72   54.00000   51.00000  5.56%  32.0 1440s
 1016490 108128   51.00000   44   72   54.00000   51.00000  5.56%  32.0 1445s
 1019966 108610   51.00000   38   98   54.00000   51.00000  5.56%  32.0 1450s
 1023391 109182   53.00000   42   67   54.00000   51.00000  5.56%  31.9 1455s
 1027212 109640 infeasible   32        54.00000   51.00000  5.56%  31.9 1460s
 1029827 109801   51.00000   25   83   54.00000   51.00000  5.56%  31.9 1465s
 1033803 109823 infeasible   34        54.00000   51.00000  5.56%  31.9 1470s
 1037125 110262 infeasible   38        54.00000   51.00000  5.56%  31.9 1475s
 1040442 110421   53.00000   43   46   54.00000   51.00000  5.56%  31.9 1480s
 1043582 110542     cutoff   37        54.00000   51.00000  5.56%  31.9 1485s
 1047225 110748 infeasible   48        54.00000   51.00000  5.56%  31.9 1490s
 1051064 110962 infeasible   33        54.00000   51.00000  5.56%  31.9 1495s
 1054264 111477 infeasible   46        54.00000   51.00000  5.56%  31.9 1500s
 1057761 111928 infeasible   37        54.00000   51.00000  5.56%  31.9 1505s
 1061772 112512 infeasible   27        54.00000   51.00000  5.56%  31.8 1510s
 1065077 112773   53.00000   30   76   54.00000   51.00000  5.56%  31.8 1515s
 1067975 113038 infeasible   35        54.00000   51.00000  5.56%  31.8 1520s
 1071471 113364   51.00000   37   66   54.00000   51.00000  5.56%  31.8 1525s
 1074142 113509   51.00000   36   83   54.00000   51.00000  5.56%  31.9 1530s
 1076953 113736     cutoff   36        54.00000   51.00000  5.56%  31.9 1535s
 1079850 114063 infeasible   43        54.00000   51.00000  5.56%  31.9 1540s
 1083162 114531   52.00000   30   97   54.00000   51.00000  5.56%  31.9 1545s
 1086603 115051   51.00000   30  101   54.00000   51.00000  5.56%  31.9 1550s
 1089483 115205   53.00000   43   50   54.00000   51.00000  5.56%  31.9 1555s
 1092910 115675 infeasible   43        54.00000   51.00000  5.56%  31.9 1560s
 1095453 115713   53.00000   45   62   54.00000   51.00000  5.56%  31.9 1565s
 1097903 115888     cutoff   32        54.00000   51.00000  5.56%  31.9 1570s
 1100702 116161   53.00000   34   48   54.00000   51.00000  5.56%  32.0 1575s
 1103779 116389   51.00000   34   86   54.00000   51.00000  5.56%  32.0 1580s
 1107664 116560   51.00000   23   82   54.00000   51.00000  5.56%  32.0 1585s
 1110877 116849   53.00000   36   57   54.00000   51.00000  5.56%  32.0 1590s
 1113634 116986   51.00000   40  111   54.00000   51.00000  5.56%  32.0 1595s
 1116640 117266 infeasible   53        54.00000   51.00000  5.56%  32.0 1600s
 1119739 117480   52.00000   41   73   54.00000   51.00000  5.56%  32.0 1605s
 1122290 117595 infeasible   46        54.00000   51.00000  5.56%  32.0 1610s
 1125665 117863   53.00000   44   62   54.00000   51.00000  5.56%  32.0 1615s
 1128516 118146     cutoff   37        54.00000   51.00000  5.56%  32.0 1620s
 1132033 118593   51.00000   27   86   54.00000   51.00000  5.56%  32.0 1625s
 1134699 118670   51.00000   30  101   54.00000   51.00000  5.56%  32.0 1630s
 1137338 118760 infeasible   44        54.00000   51.00000  5.56%  32.1 1635s
 1139382 118829   51.00000   39   75   54.00000   51.00000  5.56%  32.1 1640s
 1142035 118852 infeasible   39        54.00000   51.00000  5.56%  32.1 1645s
 1144690 118898     cutoff   32        54.00000   51.00000  5.56%  32.1 1650s
 1147903 119131 infeasible   35        54.00000   51.00000  5.56%  32.1 1655s
 1150931 119429 infeasible   35        54.00000   51.00000  5.56%  32.1 1660s
 1154372 119748   51.00000   38   55   54.00000   51.00000  5.56%  32.1 1665s
 1156951 120067 infeasible   30        54.00000   51.00000  5.56%  32.1 1670s
 1159823 120256   51.00000   37   66   54.00000   51.00000  5.56%  32.1 1675s
 1162451 120395   51.00000   44   73   54.00000   51.00000  5.56%  32.2 1680s
 1165333 120485 infeasible   34        54.00000   51.00000  5.56%  32.2 1685s
 1169215 120877   51.00000   37   79   54.00000   51.00000  5.56%  32.2 1690s
 1173360 121147   51.00000   32  109   54.00000   51.00000  5.56%  32.1 1695s
 1176647 121273 infeasible   46        54.00000   51.00000  5.56%  32.1 1700s
 1182031 122596   53.00000   32   75   54.00000   51.00000  5.56%  32.1 1705s
 1185483 122972 infeasible   38        54.00000   51.00000  5.56%  32.1 1710s
 1188722 123300   51.00000   35   91   54.00000   51.00000  5.56%  32.1 1715s
 1192195 123471   51.00000   39   51   54.00000   51.00000  5.56%  32.1 1720s
 1196075 124092 infeasible   38        54.00000   51.00000  5.56%  32.1 1725s
 1199211 124514 infeasible   36        54.00000   51.00000  5.56%  32.1 1730s
 1202420 124782   51.00000   28   63   54.00000   51.00000  5.56%  32.1 1735s
 1206342 125380   51.00000   28   99   54.00000   51.00000  5.56%  32.1 1740s
 1209028 125612   51.00000   28   75   54.00000   51.00000  5.56%  32.1 1745s
 1212110 125806   52.00000   36   62   54.00000   51.00000  5.56%  32.1 1750s
 1215196 126012 infeasible   35        54.00000   51.00000  5.56%  32.1 1755s
 1218524 126377 infeasible   29        54.00000   51.00000  5.56%  32.1 1760s
 1222311 126824   51.00000   32   84   54.00000   51.00000  5.56%  32.1 1765s
 1226543 127232   51.00000   37   72   54.00000   51.00000  5.56%  32.1 1770s
 1230422 127717   51.00000   36   57   54.00000   51.00000  5.56%  32.1 1775s
 1234470 128278 infeasible   27        54.00000   51.00000  5.56%  32.1 1780s
 1237366 128487   51.00000   27   92   54.00000   51.00000  5.56%  32.1 1785s
 1239947 128620   51.00000   38   80   54.00000   51.00000  5.56%  32.1 1790s
 1242123 128639   51.00000   25   99   54.00000   51.00000  5.56%  32.1 1795s

Cutting planes:
  Learned: 2
  Gomory: 12
  Cover: 246
  Implied bound: 164
  Clique: 60
  MIR: 54
  StrongCG: 1
  Flow cover: 135
  GUB cover: 1
  Inf proof: 44
  Zero half: 3
  RLT: 40
  Relax-and-lift: 28
  BQP: 1
  PSD: 3

Explored 1245758 nodes (40030519 simplex iterations) in 1800.00 seconds (1633.58 work units)
Thread count was 1 (of 96 available processors)

Solution count 10: 54 54 55 ... 65

Time limit reached
Best objective 5.399999999450e+01, best bound 5.100000000000e+01, gap 5.5556%
WARNING: Loading a SolverResults object with an 'aborted' status, but
    containing a solution

Instance 18_1, formulation reagg, reform MIP:
  Rect 0: x = 9.00, y = 12.00
  Rect 1: x = 23.00, y = 11.00
  Rect 2: x = 23.00, y = 6.00
  Rect 3: x = 39.00, y = 9.00
  Rect 4: x = 33.00, y = 12.00
  Rect 5: x = 2.00, y = 12.00
  Rect 6: x = 0.00, y = 12.00
  Rect 7: x = 33.00, y = 10.00
  Rect 8: x = 10.00, y = 5.00
  Rect 9: x = 22.00, y = 5.00
  Rect 10: x = 8.00, y = 2.00
  Rect 11: x = 26.00, y = 7.00
  Rect 12: x = 40.00, y = 12.00
  Rect 13: x = 0.00, y = 1.00
  Rect 14: x = 0.00, y = 2.00
  Rect 15: x = 9.00, y = 6.00
  Rect 16: x = 35.00, y = 8.00
  Rect 17: x = 24.00, y = 12.00
  → saved figures to strip_figures/18_1_reagg_MIP.png and strip_figures/18_1_reagg_MIP.pdf
Set parameter TokenServer to value "mooring.ecn.purdue.edu"
Read LP format model from file /tmp/tmp1wx8g26h.pyomo.lp
Reading time = 0.00 seconds
x650: 784 rows, 650 columns, 4321 nonzeros
Set parameter TimeLimit to value 1800
Set parameter Threads to value 1
Gurobi Optimizer version 11.0.0 build v11.0.0rc2 (linux64 - "Oracle Linux Server 9.6")

CPU model: AMD EPYC 7643 48-Core Processor, instruction set [SSE2|AVX|AVX2]
Thread count: 48 physical cores, 96 logical processors, using up to 1 threads

Optimize a model with 784 rows, 650 columns and 4321 nonzeros
Model fingerprint: 0x634ce89c
Variable types: 38 continuous, 612 integer (612 binary)
Coefficient statistics:
  Matrix range     [1e+00, 1e+02]
  Objective range  [1e+00, 1e+00]
  Bounds range     [1e+00, 1e+02]
  RHS range        [1e+00, 2e+01]
Presolve removed 94 rows and 94 columns
Presolve time: 0.00s
Presolved: 690 rows, 556 columns, 2921 nonzeros
Variable types: 37 continuous, 519 integer (519 binary)
Found heuristic solution: objective 146.0000000

Root relaxation: objective 2.900000e+01, 274 iterations, 0.00 seconds (0.00 work units)

    Nodes    |    Current Node    |     Objective Bounds      |     Work
 Expl Unexpl |  Obj  Depth IntInf | Incumbent    BestBd   Gap | It/Node Time

     0     0   29.00000    0   44  146.00000   29.00000  80.1%     -    0s
     0     0   29.91764    0  122  146.00000   29.91764  79.5%     -    0s
     0     0   34.25033    0  121  146.00000   34.25033  76.5%     -    0s
H    0     0                     138.0000000   34.34600  75.1%     -    0s
     0     0   34.34600    0  115  138.00000   34.34600  75.1%     -    0s
     0     0   34.56827    0  101  138.00000   34.56827  75.0%     -    0s
H    0     0                     124.0000000   34.60442  72.1%     -    0s
     0     0   34.60442    0  105  124.00000   34.60442  72.1%     -    0s
     0     0   34.61179    0  109  124.00000   34.61179  72.1%     -    0s
     0     0   34.63454    0  104  124.00000   34.63454  72.1%     -    0s
     0     0   34.63689    0  100  124.00000   34.63689  72.1%     -    0s
     0     0   34.63689    0  100  124.00000   34.63689  72.1%     -    0s
     0     0   35.31404    0   99  124.00000   35.31404  71.5%     -    0s
H    0     0                      75.0000000   35.31404  52.9%     -    0s
     0     0   35.34924    0  140   75.00000   35.34924  52.9%     -    0s
     0     0   35.39141    0   98   75.00000   35.39141  52.8%     -    0s
     0     0   35.40879    0   96   75.00000   35.40879  52.8%     -    0s
     0     0   35.40897    0   97   75.00000   35.40897  52.8%     -    0s
     0     0   35.46858    0   93   75.00000   35.46858  52.7%     -    0s
H    0     0                      73.0000000   35.46858  51.4%     -    0s
     0     0   35.46864    0  104   73.00000   35.46864  51.4%     -    0s
     0     0   35.51409    0   84   73.00000   35.51409  51.4%     -    0s
     0     0   35.51744    0   88   73.00000   35.51744  51.3%     -    0s
     0     0   35.51840    0   82   73.00000   35.51840  51.3%     -    0s
     0     0   35.52442    0  107   73.00000   35.52442  51.3%     -    0s
     0     0   35.52486    0  100   73.00000   35.52486  51.3%     -    0s
     0     0   35.52550    0   83   73.00000   35.52550  51.3%     -    0s
     0     0   35.52550    0   65   73.00000   35.52550  51.3%     -    0s
H    0     0                      72.0000000   35.52550  50.7%     -    0s
H    0     0                      70.0000000   35.52550  49.2%     -    0s
     0     2   35.54892    0   47   70.00000   35.54892  49.2%     -    0s
H   78    66                      69.0000000   35.72668  48.2%  21.6    0s
H  297   202                      66.0000000   37.79270  42.7%  12.1    0s
H  624   415                      65.0000000   38.73427  40.4%  10.1    0s
H  755   480                      64.0000000   39.02767  39.0%  20.8    0s
*  777   445              64      59.0000000   39.02767  33.9%  20.4    0s
H 1216   584                      58.0000000   44.00000  24.1%  17.9    1s
H 1405   612                      57.0000000   44.64149  21.7%  17.4    1s
* 1438   575              62      56.0000000   44.64149  20.3%  17.1    1s
* 2564   986              50      55.0000000   47.00000  14.5%  17.7    2s
  4690  2116   51.00000   17   97   55.00000   49.00000  10.9%  20.4    5s
  8784  4179     cutoff   27        55.00000   49.06897  10.8%  22.0   10s
 11230  5343   51.00000   34   75   55.00000   49.25000  10.5%  22.4   15s
 15358  7004   52.00000   36   75   55.00000   50.00000  9.09%  23.3   20s
 19667  8823 infeasible   45        55.00000   51.00000  7.27%  23.8   25s
 25398  9174 infeasible   56        55.00000   51.00000  7.27%  22.7   30s
 30995  9456   51.00000   45   50   55.00000   51.00000  7.27%  22.0   35s
 37156  9698     cutoff   47        55.00000   51.00000  7.27%  21.2   40s
 43176  9847   51.00000   49   72   55.00000   51.00000  7.27%  20.6   45s
 47691 10039 infeasible   55        55.00000   51.00000  7.27%  20.8   50s
 52902 10181   51.00000   40   81   55.00000   51.00000  7.27%  20.7   55s
*53974  9116              66      54.0000000   51.00000  5.56%  20.6   55s
 56731  9316   51.00000   43   54   54.00000   51.00000  5.56%  20.7   60s
 61462  9567   53.00000   37   44   54.00000   51.00000  5.56%  20.6   65s
 65476  9667   53.00000   21   57   54.00000   51.00000  5.56%  20.9   70s
 69085  9917 infeasible   49        54.00000   51.00000  5.56%  21.3   75s
 72862  9933   51.00000   20   85   54.00000   51.00000  5.56%  21.6   80s
 77841 10220   51.00000   28   98   54.00000   51.00000  5.56%  21.7   85s
 83057 10599   51.00000   41   59   54.00000   51.00000  5.56%  21.8   90s
 87405 10829   51.00000   41   59   54.00000   51.00000  5.56%  21.8   95s
 92662 10937   51.00000   33   78   54.00000   51.00000  5.56%  21.6  100s
 98274 11076   51.00000   49   47   54.00000   51.00000  5.56%  21.6  105s
 102855 11314   51.00000   37   73   54.00000   51.00000  5.56%  21.8  110s
 107355 11723 infeasible   40        54.00000   51.00000  5.56%  21.8  115s
 110955 11874   51.00000   34   82   54.00000   51.00000  5.56%  22.1  120s
 114083 12292 infeasible   43        54.00000   51.00000  5.56%  22.2  125s
 117649 12817   51.00000   23   75   54.00000   51.00000  5.56%  22.4  130s
 121292 13621   51.00000   29   85   54.00000   51.00000  5.56%  22.7  135s
 125024 14000   51.00000   48   63   54.00000   51.00000  5.56%  22.9  140s
 130694 14082   51.00000   68   57   54.00000   51.00000  5.56%  22.7  145s
 135949 14113 infeasible   23        54.00000   51.00000  5.56%  22.5  150s
 141323 14600     cutoff   43        54.00000   51.00000  5.56%  22.5  155s
 146868 15073   51.00000   35   89   54.00000   51.00000  5.56%  22.3  160s
 150888 15223 infeasible   35        54.00000   51.00000  5.56%  22.4  165s
 154691 15328 infeasible   28        54.00000   51.00000  5.56%  22.4  170s
 158697 15506     cutoff   37        54.00000   51.00000  5.56%  22.5  175s
 163566 15749 infeasible   49        54.00000   51.00000  5.56%  22.5  180s
 169106 16022   51.00000   30   75   54.00000   51.00000  5.56%  22.3  185s
 173679 16356   51.00000   34   55   54.00000   51.00000  5.56%  22.3  190s
 177589 16559 infeasible   33        54.00000   51.00000  5.56%  22.5  195s
 181553 16926   52.00000   29   90   54.00000   51.00000  5.56%  22.6  200s
 184416 17436 infeasible   30        54.00000   51.00000  5.56%  22.7  205s
 188044 17930   51.00000   39   91   54.00000   51.00000  5.56%  22.8  210s
 191095 18481   53.00000   27   42   54.00000   51.00000  5.56%  23.0  215s
 194884 19171   51.00000   29   90   54.00000   51.00000  5.56%  23.1  220s
 197899 19618 infeasible   30        54.00000   51.00000  5.56%  23.4  225s
 201053 19724   51.00000   27   82   54.00000   51.00000  5.56%  23.5  230s
 204891 20096   53.00000   44   63   54.00000   51.00000  5.56%  23.6  235s
 209017 20303   51.00000   41   90   54.00000   51.00000  5.56%  23.7  240s
 212636 20495   51.00000   27   95   54.00000   51.00000  5.56%  23.8  245s
 216512 21120   52.00000   52   57   54.00000   51.00000  5.56%  23.9  250s
 221555 21544 infeasible   47        54.00000   51.00000  5.56%  23.7  255s
 227236 22196     cutoff   67        54.00000   51.00000  5.56%  23.6  260s
 233216 22812   53.00000   36   66   54.00000   51.00000  5.56%  23.5  265s
 237837 23502 infeasible   46        54.00000   51.00000  5.56%  23.4  270s
 241070 23971   51.00000   36   73   54.00000   51.00000  5.56%  23.5  275s
 245530 24415   51.00000   31   83   54.00000   51.00000  5.56%  23.5  280s
 251514 24619 infeasible   36        54.00000   51.00000  5.56%  23.3  285s
 257410 24835   51.00000   53   54   54.00000   51.00000  5.56%  23.2  290s
 264041 25083   51.00000   55   67   54.00000   51.00000  5.56%  23.0  295s
 270104 25238 infeasible   50        54.00000   51.00000  5.56%  22.8  300s
 273933 25393 infeasible   50        54.00000   51.00000  5.56%  22.8  305s
 278364 25622     cutoff   48        54.00000   51.00000  5.56%  22.8  310s
 285016 25739 infeasible   56        54.00000   51.00000  5.56%  22.6  315s
 290693 25839   51.00000   50   72   54.00000   51.00000  5.56%  22.5  320s
 297813 26051 infeasible   74        54.00000   51.00000  5.56%  22.3  325s
 304766 26267 infeasible   55        54.00000   51.00000  5.56%  22.1  330s
 311546 26393   51.00000   62   51   54.00000   51.00000  5.56%  21.9  335s
 317574 26439 infeasible   54        54.00000   51.00000  5.56%  21.8  340s
 323210 26653   51.00000   53   79   54.00000   51.00000  5.56%  21.7  345s
 329744 26762   51.00000   74   66   54.00000   51.00000  5.56%  21.6  350s
 336522 26874   51.00000   65   45   54.00000   51.00000  5.56%  21.4  355s
 342442 27022 infeasible   51        54.00000   51.00000  5.56%  21.4  360s
 346270 27277   52.00000   31   53   54.00000   51.00000  5.56%  21.4  365s
 351085 27773 infeasible   43        54.00000   51.00000  5.56%  21.4  370s
 355505 27974   51.00000   53   46   54.00000   51.00000  5.56%  21.5  375s
 358914 28329   53.00000   37   39   54.00000   51.00000  5.56%  21.5  380s
 363613 28674 infeasible   50        54.00000   51.00000  5.56%  21.5  385s
 368035 28788 infeasible   41        54.00000   51.00000  5.56%  21.6  390s
 371948 28944   51.00000   43   48   54.00000   51.00000  5.56%  21.6  395s
 376363 29221   51.00000   32  114   54.00000   51.00000  5.56%  21.7  400s
 381317 29345 infeasible   34        54.00000   51.00000  5.56%  21.7  405s
 385607 29435   51.00000   32   97   54.00000   51.00000  5.56%  21.7  410s
 389643 29566 infeasible   36        54.00000   51.00000  5.56%  21.8  415s
 393502 29824   52.00000   37   67   54.00000   51.00000  5.56%  21.8  420s
 400891 30279   51.00000   29   89   54.00000   51.00000  5.56%  21.6  425s
 406618 30371 infeasible   37        54.00000   51.00000  5.56%  21.6  430s
 412065 30600 infeasible   63        54.00000   51.00000  5.56%  21.5  435s
 417138 30742   51.00000   54   58   54.00000   51.00000  5.56%  21.5  440s
 421035 30935 infeasible   55        54.00000   51.00000  5.56%  21.5  445s
 425367 31383   51.00000   35   51   54.00000   51.00000  5.56%  21.6  450s
 430567 31569 infeasible   38        54.00000   51.00000  5.56%  21.5  455s
 435227 31688   51.00000   54   57   54.00000   51.00000  5.56%  21.5  460s
 438731 31880 infeasible   32        54.00000   51.00000  5.56%  21.6  465s
 441519 31921   51.00000   38   66   54.00000   51.00000  5.56%  21.7  470s
 445426 32434   51.00000   28   78   54.00000   51.00000  5.56%  21.7  475s
 450266 32513 infeasible   31        54.00000   51.00000  5.56%  21.7  480s
 453577 32636   51.00000   47   70   54.00000   51.00000  5.56%  21.8  485s
 456750 32660 infeasible   33        54.00000   51.00000  5.56%  21.9  490s
 461072 32713 infeasible   58        54.00000   51.00000  5.56%  22.0  495s
 464536 32721   51.00000   52   73   54.00000   51.00000  5.56%  22.0  500s
 469168 32762 infeasible   56        54.00000   51.00000  5.56%  22.1  505s
 473439 32848   52.00000   30   66   54.00000   51.00000  5.56%  22.1  510s
 476475 33078   51.00000   24   69   54.00000   51.00000  5.56%  22.2  515s
 479330 33337   51.00000   25  111   54.00000   51.00000  5.56%  22.3  520s
 482806 33597   51.00000   24   89   54.00000   51.00000  5.56%  22.3  525s
 485291 33668   51.00000   37   73   54.00000   51.00000  5.56%  22.4  530s
 487421 33655 infeasible   46        54.00000   51.00000  5.56%  22.5  535s
 490295 33697 infeasible   48        54.00000   51.00000  5.56%  22.5  540s
 493179 33975 infeasible   30        54.00000   51.00000  5.56%  22.6  545s
 495605 34063   51.00000   38   72   54.00000   51.00000  5.56%  22.7  550s
 498853 34178   51.00000   37  105   54.00000   51.00000  5.56%  22.8  555s
 501497 34280   51.00000   33   46   54.00000   51.00000  5.56%  22.8  560s
 504487 34451 infeasible   33        54.00000   51.00000  5.56%  22.9  565s
 508563 34457   51.00000   32   98   54.00000   51.00000  5.56%  23.0  570s
 512287 34923   52.00000   24   72   54.00000   51.00000  5.56%  23.0  575s
 515682 35120 infeasible   35        54.00000   51.00000  5.56%  23.1  580s
 519847 35256   53.00000   35   58   54.00000   51.00000  5.56%  23.1  585s
 523616 35309 infeasible   44        54.00000   51.00000  5.56%  23.1  590s
 527737 35361   51.00000   50   67   54.00000   51.00000  5.56%  23.1  595s
 530888 35483   51.00000   42   53   54.00000   51.00000  5.56%  23.1  600s
 534611 35528 infeasible   45        54.00000   51.00000  5.56%  23.1  605s
 539074 35565 infeasible   47        54.00000   51.00000  5.56%  23.1  610s
 542992 35685   52.00000   31   75   54.00000   51.00000  5.56%  23.1  615s
 547029 35762 infeasible   36        54.00000   51.00000  5.56%  23.1  620s
 551815 35848 infeasible   59        54.00000   51.00000  5.56%  23.1  625s
 556907 35898 infeasible   60        54.00000   51.00000  5.56%  23.1  630s
 562612 36041   51.00000   55   38   54.00000   51.00000  5.56%  23.0  635s
 567966 36101 infeasible   71        54.00000   51.00000  5.56%  23.0  640s
 572364 36141   51.00000   53   52   54.00000   51.00000  5.56%  23.0  645s
 576409 36133   51.00000   36   67   54.00000   51.00000  5.56%  23.0  650s
 580201 36206   51.00000   54   45   54.00000   51.00000  5.56%  23.0  655s
 584571 36266   53.00000   33   34   54.00000   51.00000  5.56%  23.0  660s
 589070 36382 infeasible   29        54.00000   51.00000  5.56%  22.9  665s
 593418 36684 infeasible   27        54.00000   51.00000  5.56%  22.9  670s
 597545 36810 infeasible   37        54.00000   51.00000  5.56%  22.9  675s
 600846 37091 infeasible   38        54.00000   51.00000  5.56%  23.0  680s
 603941 37369 infeasible   33        54.00000   51.00000  5.56%  23.0  685s
 607007 37690 infeasible   43        54.00000   51.00000  5.56%  23.1  690s
 610183 37845   51.00000   34  108   54.00000   51.00000  5.56%  23.1  695s
 612845 38038   52.00000   34   47   54.00000   51.00000  5.56%  23.1  700s
 616458 38272 infeasible   34        54.00000   51.00000  5.56%  23.2  705s
 619530 38456     cutoff   34        54.00000   51.00000  5.56%  23.2  710s
 623442 38941   51.00000   30  128   54.00000   51.00000  5.56%  23.2  715s
 627005 39068 infeasible   54        54.00000   51.00000  5.56%  23.3  720s
 630433 39213 infeasible   38        54.00000   51.00000  5.56%  23.3  725s
 634990 39396     cutoff   38        54.00000   51.00000  5.56%  23.3  730s
 638643 39622   52.00000   38   73   54.00000   51.00000  5.56%  23.4  735s
 641662 39808   51.00000   27   89   54.00000   51.00000  5.56%  23.4  740s
 644585 40064   52.00000   34   65   54.00000   51.00000  5.56%  23.4  745s
 647955 40231   51.00000   40   59   54.00000   51.00000  5.56%  23.5  750s
 651381 40444   51.00000   35   71   54.00000   51.00000  5.56%  23.5  755s
 654537 40561   51.00000   36   90   54.00000   51.00000  5.56%  23.5  760s
 657453 40583   51.00000   33   55   54.00000   51.00000  5.56%  23.6  765s
 660665 40750 infeasible   41        54.00000   51.00000  5.56%  23.6  770s
 664564 40818 infeasible   46        54.00000   51.00000  5.56%  23.6  775s
 667189 41010   51.00000   34   66   54.00000   51.00000  5.56%  23.6  780s
 669503 41147   51.00000   41   82   54.00000   51.00000  5.56%  23.7  785s
 672985 41244   51.00000   34   89   54.00000   51.00000  5.56%  23.7  790s
 675513 41307   51.00000   33   76   54.00000   51.00000  5.56%  23.8  795s
 678005 41288 infeasible   37        54.00000   51.00000  5.56%  23.8  800s
 681167 41332   51.00000   29  107   54.00000   51.00000  5.56%  23.9  805s
 684522 41666 infeasible   34        54.00000   51.00000  5.56%  23.9  810s
 687826 41818   51.00000   48   72   54.00000   51.00000  5.56%  24.0  815s
H688302 41840                      54.0000000   51.00000  5.56%  24.0  815s
 690422 41915 infeasible   44        54.00000   51.00000  5.56%  24.0  820s
 694846 41930   51.00000   46   54   54.00000   51.00000  5.56%  24.0  825s
 698896 41903   51.00000   49   36   54.00000   51.00000  5.56%  24.0  830s
 702608 41915 infeasible   42        54.00000   51.00000  5.56%  24.0  835s
 706760 41919 infeasible   50        54.00000   51.00000  5.56%  24.0  840s
 710587 41925   51.00000   31   95   54.00000   51.00000  5.56%  24.0  845s
 713764 42125 infeasible   44        54.00000   51.00000  5.56%  24.1  850s
 716911 42300 infeasible   49        54.00000   51.00000  5.56%  24.1  855s
 720721 42721 infeasible   51        54.00000   51.00000  5.56%  24.1  860s
 726031 43266 infeasible   54        54.00000   51.00000  5.56%  24.1  865s
 728668 43304   51.00000   54   75   54.00000   51.00000  5.56%  24.1  870s
 731801 43323   52.00000   50   51   54.00000   51.00000  5.56%  24.1  875s
 736915 43977 infeasible   50        54.00000   51.00000  5.56%  24.1  880s
 739543 44118   53.00000   51   58   54.00000   51.00000  5.56%  24.2  885s
 742971 44375   53.00000   49   61   54.00000   51.00000  5.56%  24.2  890s
 747074 44674 infeasible   40        54.00000   51.00000  5.56%  24.2  895s
 750760 45052     cutoff   39        54.00000   51.00000  5.56%  24.2  900s
 755375 45460 infeasible   29        54.00000   51.00000  5.56%  24.1  905s
 759410 45522   51.00000   29   82   54.00000   51.00000  5.56%  24.1  910s
 762970 45776 infeasible   40        54.00000   51.00000  5.56%  24.1  915s
 765573 45944   51.00000   49   43   54.00000   51.00000  5.56%  24.2  920s
 768219 46056     cutoff   48        54.00000   51.00000  5.56%  24.2  925s
 771120 46230   51.00000   33   57   54.00000   51.00000  5.56%  24.2  930s
 775638 46250 infeasible   37        54.00000   51.00000  5.56%  24.2  935s
 778976 46274 infeasible   59        54.00000   51.00000  5.56%  24.3  940s
 783606 46361   52.00000   32   67   54.00000   51.00000  5.56%  24.2  945s
 786831 46410 infeasible   53        54.00000   51.00000  5.56%  24.3  950s
 790757 46454   51.00000   63   57   54.00000   51.00000  5.56%  24.3  955s
 794567 46410 infeasible   63        54.00000   51.00000  5.56%  24.3  960s
 797569 46455   51.00000   52   66   54.00000   51.00000  5.56%  24.3  965s
 800175 46533   51.00000   43   80   54.00000   51.00000  5.56%  24.4  970s
 804537 46515 infeasible   52        54.00000   51.00000  5.56%  24.3  975s
 807950 46568   51.00000   44   93   54.00000   51.00000  5.56%  24.4  980s
 813064 46616   51.00000   66   26   54.00000   51.00000  5.56%  24.3  985s
 817952 46806 infeasible   79        54.00000   51.00000  5.56%  24.3  990s
 822745 46871 infeasible   67        54.00000   51.00000  5.56%  24.3  995s
 827551 47006   51.00000   78   45   54.00000   51.00000  5.56%  24.2 1000s
 831998 46992 infeasible   73        54.00000   51.00000  5.56%  24.2 1005s
 837322 47018   51.00000   85   28   54.00000   51.00000  5.56%  24.2 1010s
 841604 47015   51.00000   63   59   54.00000   51.00000  5.56%  24.2 1015s
 847061 47033 infeasible   64        54.00000   51.00000  5.56%  24.1 1020s
 853249 47059   51.00000   60   79   54.00000   51.00000  5.56%  24.1 1025s
 860255 47127   51.00000   80   47   54.00000   51.00000  5.56%  24.0 1030s
 866568 47139 infeasible   77        54.00000   51.00000  5.56%  23.9 1035s
 871741 47114   51.00000   63   39   54.00000   51.00000  5.56%  23.9 1040s
 877068 47137   51.00000   62   47   54.00000   51.00000  5.56%  23.9 1045s
 882499 47197   51.00000   58   47   54.00000   51.00000  5.56%  23.8 1050s
 887751 47199 infeasible   54        54.00000   51.00000  5.56%  23.8 1055s
 893039 47177 infeasible   51        54.00000   51.00000  5.56%  23.8 1060s
 897306 47217   51.00000   44   85   54.00000   51.00000  5.56%  23.8 1065s
 900983 47229 infeasible   56        54.00000   51.00000  5.56%  23.8 1070s
 905102 47291 infeasible   50        54.00000   51.00000  5.56%  23.8 1075s
 909445 47299   51.00000   60   50   54.00000   51.00000  5.56%  23.7 1080s
 913928 47311 infeasible   54        54.00000   51.00000  5.56%  23.7 1085s
 917418 47368   51.00000   52   38   54.00000   51.00000  5.56%  23.7 1090s
 923050 47499   51.00000   65   41   54.00000   51.00000  5.56%  23.7 1095s
 928899 47589   51.00000   73   24   54.00000   51.00000  5.56%  23.7 1100s
 934341 47660   51.00000   64   40   54.00000   51.00000  5.56%  23.6 1105s
 938994 47772   51.00000   50   70   54.00000   51.00000  5.56%  23.6 1110s
 942914 47794 infeasible   45        54.00000   51.00000  5.56%  23.6 1115s
 945778 47792 infeasible   39        54.00000   51.00000  5.56%  23.6 1120s
 948174 47774   51.00000   32  122   54.00000   51.00000  5.56%  23.7 1125s
 950679 47799 infeasible   40        54.00000   51.00000  5.56%  23.7 1130s
 953435 47999   51.00000   46   97   54.00000   51.00000  5.56%  23.8 1135s
 956546 48047 infeasible   55        54.00000   51.00000  5.56%  23.8 1140s
 959755 48040 infeasible   58        54.00000   51.00000  5.56%  23.8 1145s
 962901 48070 infeasible   75        54.00000   51.00000  5.56%  23.8 1150s
 966925 48334   53.00000   44   32   54.00000   51.00000  5.56%  23.8 1155s
 970289 48391   51.00000   34  129   54.00000   51.00000  5.56%  23.8 1160s
 974007 48459 infeasible   49        54.00000   51.00000  5.56%  23.9 1165s
 977264 48455 infeasible   58        54.00000   51.00000  5.56%  23.9 1170s
 981355 48560 infeasible   72        54.00000   51.00000  5.56%  23.9 1175s
 986044 48606   51.00000   81   47   54.00000   51.00000  5.56%  23.9 1180s
 989047 48545 infeasible   57        54.00000   51.00000  5.56%  23.9 1185s
 991978 48528 infeasible   39        54.00000   51.00000  5.56%  23.9 1190s
 994832 48507 infeasible   44        54.00000   51.00000  5.56%  24.0 1195s
 996849 48501 infeasible   57        54.00000   51.00000  5.56%  24.0 1200s
 999469 48661   51.00000   45   82   54.00000   51.00000  5.56%  24.0 1205s
 1001847 48810 infeasible   61        54.00000   51.00000  5.56%  24.1 1210s
 1004833 48777 infeasible   34        54.00000   51.00000  5.56%  24.1 1215s
 1007070 48841   53.00000   40   87   54.00000   51.00000  5.56%  24.2 1220s
 1009785 49001   53.00000   39   32   54.00000   51.00000  5.56%  24.2 1225s
 1012416 49133 infeasible   45        54.00000   51.00000  5.56%  24.2 1230s
 1015865 49458   52.00000   33   66   54.00000   51.00000  5.56%  24.2 1235s
 1018781 49615 infeasible   51        54.00000   51.00000  5.56%  24.2 1240s
 1021901 49606   51.00000   39   76   54.00000   51.00000  5.56%  24.3 1245s
 1026022 49816   51.00000   28   71   54.00000   51.00000  5.56%  24.3 1250s
 1028813 49853 infeasible   41        54.00000   51.00000  5.56%  24.3 1255s
 1032449 49902 infeasible   34        54.00000   51.00000  5.56%  24.3 1260s
 1036283 49933 infeasible   35        54.00000   51.00000  5.56%  24.3 1265s
 1040154 49966 infeasible   38        54.00000   51.00000  5.56%  24.3 1270s
 1042279 49981   51.00000   40  110   54.00000   51.00000  5.56%  24.4 1275s
 1045101 50004     cutoff   34        54.00000   51.00000  5.56%  24.4 1280s
 1047430 50049 infeasible   44        54.00000   51.00000  5.56%  24.4 1285s
 1049867 50046   51.00000   33   72   54.00000   51.00000  5.56%  24.5 1290s
 1052354 50066   51.00000   25  120   54.00000   51.00000  5.56%  24.5 1295s
 1055005 50301   51.00000   34   87   54.00000   51.00000  5.56%  24.5 1300s
 1058612 50454   51.00000   40   93   54.00000   51.00000  5.56%  24.5 1305s
 1061034 50521   53.00000   37   64   54.00000   51.00000  5.56%  24.6 1310s
 1063918 50635   51.00000   44   78   54.00000   51.00000  5.56%  24.6 1315s
 1067422 50789   51.00000   42   33   54.00000   51.00000  5.56%  24.6 1320s
 1071219 50832 infeasible   44        54.00000   51.00000  5.56%  24.6 1325s
 1074535 50960   51.00000   33   83   54.00000   51.00000  5.56%  24.6 1330s
 1076810 50989   51.00000   41   52   54.00000   51.00000  5.56%  24.7 1335s
 1079738 51043     cutoff   30        54.00000   51.00000  5.56%  24.7 1340s
 1082973 51048 infeasible   43        54.00000   51.00000  5.56%  24.7 1345s
 1086191 51143     cutoff   30        54.00000   51.00000  5.56%  24.7 1350s
 1089810 51291 infeasible   49        54.00000   51.00000  5.56%  24.7 1355s
 1093623 51549 infeasible   30        54.00000   51.00000  5.56%  24.7 1360s
 1096453 51709   51.00000   48   74   54.00000   51.00000  5.56%  24.8 1365s
 1099853 51768   51.00000   24  134   54.00000   51.00000  5.56%  24.8 1370s
 1103689 52307     cutoff   29        54.00000   51.00000  5.56%  24.8 1375s
 1107370 52709   51.00000   47   90   54.00000   51.00000  5.56%  24.8 1380s
 1111751 53213   52.00000   36   45   54.00000   51.00000  5.56%  24.8 1385s
 1114891 53433 infeasible   40        54.00000   51.00000  5.56%  24.8 1390s
 1119169 53538 infeasible   38        54.00000   51.00000  5.56%  24.8 1395s
 1122238 53862 infeasible   41        54.00000   51.00000  5.56%  24.8 1400s
 1127741 53869 infeasible   46        54.00000   51.00000  5.56%  24.8 1405s
 1133315 53859   52.00000   45   42   54.00000   51.00000  5.56%  24.8 1410s
 1139866 53850 infeasible   36        54.00000   51.00000  5.56%  24.7 1415s
 1144134 53980   51.00000   43   57   54.00000   51.00000  5.56%  24.7 1420s
 1148132 53951 infeasible   44        54.00000   51.00000  5.56%  24.7 1425s
 1151562 54170   53.00000   35   77   54.00000   51.00000  5.56%  24.7 1430s
 1154475 54567   51.00000   26  103   54.00000   51.00000  5.56%  24.7 1435s
 1157153 54568   51.00000   36   68   54.00000   51.00000  5.56%  24.8 1440s
 1159625 54726   51.00000   27   71   54.00000   51.00000  5.56%  24.8 1445s
 1162412 54868     cutoff   34        54.00000   51.00000  5.56%  24.8 1450s
 1165569 55215   51.00000   42   74   54.00000   51.00000  5.56%  24.8 1455s
 1168613 55431   51.00000   41   76   54.00000   51.00000  5.56%  24.9 1460s
 1171866 55746   53.00000   28   69   54.00000   51.00000  5.56%  24.9 1465s
 1175251 55870   51.00000   44   59   54.00000   51.00000  5.56%  24.9 1470s
 1179003 56018 infeasible   55        54.00000   51.00000  5.56%  24.9 1475s
 1181133 56036 infeasible   40        54.00000   51.00000  5.56%  24.9 1480s
 1183387 56124   51.00000   34   75   54.00000   51.00000  5.56%  25.0 1485s
 1186377 56135   51.00000   36   64   54.00000   51.00000  5.56%  25.0 1490s
 1189195 56213   51.00000   49   51   54.00000   51.00000  5.56%  25.0 1495s
 1193097 56181 infeasible   43        54.00000   51.00000  5.56%  25.0 1500s
 1196185 56276 infeasible   34        54.00000   51.00000  5.56%  25.0 1505s
 1198668 56349   51.00000   31   91   54.00000   51.00000  5.56%  25.1 1510s
 1201653 56419 infeasible   44        54.00000   51.00000  5.56%  25.1 1515s
 1205184 56634   52.00000   37   59   54.00000   51.00000  5.56%  25.1 1520s
 1209511 56841   51.00000   39   39   54.00000   51.00000  5.56%  25.1 1525s
 1213564 57155   51.00000   44   26   54.00000   51.00000  5.56%  25.1 1530s
 1217500 57326   51.00000   36   72   54.00000   51.00000  5.56%  25.1 1535s
 1220335 57463 infeasible   28        54.00000   51.00000  5.56%  25.1 1540s
 1223757 57820 infeasible   37        54.00000   51.00000  5.56%  25.1 1545s
 1227592 58033   51.00000   36   73   54.00000   51.00000  5.56%  25.1 1550s
 1230634 58275   51.00000   36  112   54.00000   51.00000  5.56%  25.2 1555s
 1234230 58705   51.00000   46   68   54.00000   51.00000  5.56%  25.2 1560s
 1237579 58825     cutoff   41        54.00000   51.00000  5.56%  25.2 1565s
 1240274 58910 infeasible   32        54.00000   51.00000  5.56%  25.2 1570s
 1243511 59250   51.00000   30  102   54.00000   51.00000  5.56%  25.2 1575s
 1246707 59462 infeasible   40        54.00000   51.00000  5.56%  25.3 1580s
 1249397 59747   52.00000   39   57   54.00000   51.00000  5.56%  25.3 1585s
 1251858 59973 infeasible   36        54.00000   51.00000  5.56%  25.3 1590s
 1254664 59976   51.00000   28  102   54.00000   51.00000  5.56%  25.3 1595s
 1257717 60104   51.00000   24  105   54.00000   51.00000  5.56%  25.4 1600s
 1261537 60203   51.00000   33   64   54.00000   51.00000  5.56%  25.4 1605s
 1265358 60267   51.00000   34   61   54.00000   51.00000  5.56%  25.4 1610s
 1268001 60233 infeasible   35        54.00000   51.00000  5.56%  25.4 1615s
 1270459 60268   51.00000   41   73   54.00000   51.00000  5.56%  25.4 1620s
 1272609 60283 infeasible   35        54.00000   51.00000  5.56%  25.4 1625s
 1275238 60350 infeasible   26        54.00000   51.00000  5.56%  25.5 1630s
 1277118 60437   51.00000   25   87   54.00000   51.00000  5.56%  25.5 1635s
 1279531 60539   51.00000   33   61   54.00000   51.00000  5.56%  25.5 1640s
 1282206 60604   51.00000   30   58   54.00000   51.00000  5.56%  25.5 1645s
 1285060 60754   52.00000   36   56   54.00000   51.00000  5.56%  25.6 1650s
 1288098 60875 infeasible   36        54.00000   51.00000  5.56%  25.6 1655s
 1290900 60981   51.00000   33   66   54.00000   51.00000  5.56%  25.6 1660s
 1294270 61061   51.00000   39   44   54.00000   51.00000  5.56%  25.6 1665s
 1297222 61262 infeasible   35        54.00000   51.00000  5.56%  25.6 1670s
 1300174 61310 infeasible   30        54.00000   51.00000  5.56%  25.7 1675s
 1303594 61496   51.00000   29   56   54.00000   51.00000  5.56%  25.7 1680s
 1306455 61605   51.00000   34   65   54.00000   51.00000  5.56%  25.7 1685s
 1310072 61859 infeasible   32        54.00000   51.00000  5.56%  25.7 1690s
 1312487 61883 infeasible   30        54.00000   51.00000  5.56%  25.7 1695s
 1315421 62107 infeasible   44        54.00000   51.00000  5.56%  25.7 1700s
 1318007 62095 infeasible   32        54.00000   51.00000  5.56%  25.8 1705s
 1321272 62251   51.00000   31   87   54.00000   51.00000  5.56%  25.8 1710s
 1324709 62360     cutoff   32        54.00000   51.00000  5.56%  25.8 1715s
 1327406 62502   53.00000   28   48   54.00000   51.00000  5.56%  25.8 1720s
 1331463 62572   51.00000   28   78   54.00000   51.00000  5.56%  25.8 1725s
 1334485 62785   51.00000   45   56   54.00000   51.00000  5.56%  25.8 1730s
 1337997 63053 infeasible   24        54.00000   51.00000  5.56%  25.8 1735s
 1341060 63424 infeasible   44        54.00000   51.00000  5.56%  25.8 1740s
 1344719 63838   52.44444   39   39   54.00000   51.00000  5.56%  25.8 1745s
 1348618 63996   51.00000   30   56   54.00000   51.00000  5.56%  25.8 1750s
 1352210 64385   51.00000   38   55   54.00000   51.00000  5.56%  25.8 1755s
 1356518 64903   51.00000   28   85   54.00000   51.00000  5.56%  25.8 1760s
 1359978 65022   51.23077   29   58   54.00000   51.00000  5.56%  25.9 1765s
 1362870 65176   52.00000   40   50   54.00000   51.00000  5.56%  25.9 1770s
 1365555 65339 infeasible   37        54.00000   51.00000  5.56%  25.9 1775s
 1367785 65345 infeasible   28        54.00000   51.00000  5.56%  25.9 1780s
 1371261 65512 infeasible   36        54.00000   51.00000  5.56%  25.9 1785s
 1373872 65749   51.00000   37   84   54.00000   51.00000  5.56%  25.9 1790s
 1376026 65989     cutoff   34        54.00000   51.00000  5.56%  26.0 1795s

Cutting planes:
  Gomory: 18
  Cover: 156
  Implied bound: 235
  Clique: 13
  MIR: 64
  Mixing: 1
  Flow cover: 198
  Inf proof: 130
  RLT: 22
  Relax-and-lift: 28
  BQP: 1
  PSD: 1

Explored 1379208 nodes (35826726 simplex iterations) in 1800.00 seconds (1586.40 work units)
Thread count was 1 (of 96 available processors)

Solution count 10: 54 54 55 ... 66

Time limit reached
Best objective 5.399999999450e+01, best bound 5.100000000000e+01, gap 5.5556%
WARNING: Loading a SolverResults object with an 'aborted' status, but
    containing a solution

Instance 18_1, formulation reagg_tres, reform MIP:
  Rect 0: x = 22.00, y = 6.00
  Rect 1: x = 51.00, y = 8.00
  Rect 2: x = 51.00, y = 11.00
  Rect 3: x = 7.00, y = 9.00
  Rect 4: x = 40.00, y = 5.00
  Rect 5: x = 0.00, y = 10.00
  Rect 6: x = 52.00, y = 10.00
  Rect 7: x = 22.00, y = 9.00
  Rect 8: x = 40.00, y = 3.00
  Rect 9: x = 36.00, y = 5.00
  Rect 10: x = 0.00, y = 12.00
  Rect 11: x = 38.00, y = 12.00
  Rect 12: x = 15.00, y = 12.00
  Rect 13: x = 7.00, y = 10.00
  Rect 14: x = 51.00, y = 12.00
  Rect 15: x = 22.00, y = 7.00
  Rect 16: x = 47.00, y = 12.00
  Rect 17: x = 29.00, y = 12.00
  → saved figures to strip_figures/18_1_reagg_tres_MIP.png and strip_figures/18_1_reagg_tres_MIP.pdf
Set parameter TokenServer to value "mooring.ecn.purdue.edu"
Read LP format model from file /tmp/tmpp4z1ezmo.pyomo.lp
Reading time = 0.00 seconds
x650: 2008 rows, 650 columns, 4933 nonzeros
Set parameter TimeLimit to value 1800
Set parameter Threads to value 1
Gurobi Optimizer version 11.0.0 build v11.0.0rc2 (linux64 - "Oracle Linux Server 9.6")

CPU model: AMD EPYC 7643 48-Core Processor, instruction set [SSE2|AVX|AVX2]
Thread count: 48 physical cores, 96 logical processors, using up to 1 threads

Optimize a model with 2008 rows, 650 columns and 4933 nonzeros
Model fingerprint: 0x0f39e909
Variable types: 38 continuous, 612 integer (612 binary)
Coefficient statistics:
  Matrix range     [1e+00, 2e+02]
  Objective range  [1e+00, 1e+00]
  Bounds range     [1e+00, 1e+02]
  RHS range        [1e+00, 1e+02]
Presolve removed 1447 rows and 224 columns
Presolve time: 0.00s
Presolved: 561 rows, 426 columns, 1744 nonzeros
Variable types: 36 continuous, 390 integer (390 binary)
Found heuristic solution: objective 127.0000000
Found heuristic solution: objective 126.0000000
Found heuristic solution: objective 112.0000000

Root relaxation: objective 3.000000e+01, 234 iterations, 0.00 seconds (0.00 work units)

    Nodes    |    Current Node    |     Objective Bounds      |     Work
 Expl Unexpl |  Obj  Depth IntInf | Incumbent    BestBd   Gap | It/Node Time

     0     0   30.00000    0   35  112.00000   30.00000  73.2%     -    0s
H    0     0                      98.0000000   30.00000  69.4%     -    0s
     0     0   30.00000    0  101   98.00000   30.00000  69.4%     -    0s
     0     0   30.00000    0   95   98.00000   30.00000  69.4%     -    0s
     0     0   32.42809    0   79   98.00000   32.42809  66.9%     -    0s
H    0     0                      96.0000000   35.25806  63.3%     -    0s
     0     0   35.25806    0   79   96.00000   35.25806  63.3%     -    0s
     0     0   35.50000    0  104   96.00000   35.50000  63.0%     -    0s
     0     0   35.50000    0  103   96.00000   35.50000  63.0%     -    0s
     0     0   35.50000    0  107   96.00000   35.50000  63.0%     -    0s
     0     0   35.50000    0   93   96.00000   35.50000  63.0%     -    0s
     0     0   35.50000    0   52   96.00000   35.50000  63.0%     -    0s
H    0     0                      91.0000000   35.50000  61.0%     -    0s
     0     0   35.50000    0   50   91.00000   35.50000  61.0%     -    0s
     0     0   35.50000    0   39   91.00000   35.50000  61.0%     -    0s
     0     0   35.50000    0   54   91.00000   35.50000  61.0%     -    0s
     0     0   35.51064    0   45   91.00000   35.51064  61.0%     -    0s
H    0     0                      89.0000000   35.51064  60.1%     -    0s
     0     0   35.51064    0   66   89.00000   35.51064  60.1%     -    0s
     0     0   35.51064    0   89   89.00000   35.51064  60.1%     -    0s
     0     0   35.51064    0   40   89.00000   35.51064  60.1%     -    0s
     0     2   41.12903    0   36   89.00000   41.12903  53.8%     -    0s
*  106    85              76      88.0000000   41.12903  53.3%   8.7    0s
*  569   457              76      87.0000000   41.23529  52.6%   8.8    0s
H  596   449                      86.0000000   43.00000  50.0%  27.1    0s
H  883   576                      86.0000000   43.00000  50.0%  22.7    1s
H 1843   928                      85.0000000   43.00000  49.4%  15.7    2s
H 2522  1396                      84.0000000   43.00000  48.8%  13.8    2s
H 2574  1418                      84.0000000   43.00000  48.8%  13.9    2s
* 3423  1844              61      83.0000000   44.00000  47.0%  14.1    2s
* 4387  2306              52      82.0000000   45.04473  45.1%  15.0    3s
H 5387  2804                      82.0000000   46.36207  43.5%  16.2    4s
  6336  3280   55.00000   29   52   82.00000   48.00000  41.5%  16.7    5s
H 9797  4903                      81.0000000   49.00000  39.5%  17.1    7s
H10750  5381                      81.0000000   49.00000  39.5%  17.5   10s
*12051  5612              56      80.0000000   49.05172  38.7%  18.1   11s
 15345  6924     cutoff   35        80.00000   50.00000  37.5%  19.7   15s
*17536  7735              57      80.0000000   50.00000  37.5%  21.0   17s
 19022  8230   66.00000   30   84   80.00000   50.43501  37.0%  21.7   20s
 23122  9664   76.00000   36   46   80.00000   51.00000  36.2%  23.1   25s
 27724 11289   60.00000   19   75   80.00000   51.52941  35.6%  24.2   30s
 31496 12424   69.00000   39   85   80.00000   52.00000  35.0%  25.4   35s
 35572 13568   74.00000   42   69   80.00000   52.00000  35.0%  26.3   40s
H36763 13461                      79.0000000   52.00000  34.2%  26.5   41s
H36764 13460                      79.0000000   52.00000  34.2%  26.5   41s
H36776 13040                      78.0000000   52.00000  33.3%  26.4   41s
H36846 13060                      78.0000000   52.00000  33.3%  26.5   41s
 38744 13508   52.00000   23  149   78.00000   52.00000  33.3%  27.0   45s
 41835 14253   59.00000   32  111   78.00000   53.00000  32.1%  27.8   50s
 44778 14934   56.00000   30  116   78.00000   53.00000  32.1%  28.5   55s
 47810 15621 infeasible   32        78.00000   54.00000  30.8%  29.1   60s
 50520 16162 infeasible   26        78.00000   54.00000  30.8%  29.7   65s
 53116 16599   54.00000   24  120   78.00000   54.00000  30.8%  30.4   70s
 56014 17176   68.00000   27   87   78.00000   54.00000  30.8%  30.7   75s
 59016 17819 infeasible   38        78.00000   54.50000  30.1%  31.0   80s
 61958 18348   55.00000   16   72   78.00000   55.00000  29.5%  31.3   85s
 65076 19051 infeasible   29        78.00000   55.00000  29.5%  31.7   90s
 68582 19930   70.00000   36  105   78.00000   55.00000  29.5%  31.8   95s
 71748 20724   62.00000   24   97   78.00000   55.00000  29.5%  31.9  100s
 74605 21336   68.00000   27   61   78.00000   55.00000  29.5%  32.3  105s
 77605 22023   56.52941   35  131   78.00000   55.00000  29.5%  32.3  110s
 80340 22596 infeasible   30        78.00000   55.00000  29.5%  32.6  115s
 83489 23284   55.11111   29  150   78.00000   55.11111  29.3%  32.8  120s
 86424 23824 infeasible   30        78.00000   56.00000  28.2%  33.1  125s
 89277 24292   62.00000   30  114   78.00000   56.00000  28.2%  33.4  130s
 92272 24975 infeasible   38        78.00000   56.00000  28.2%  33.6  135s
 95112 25509   71.00000   33   98   78.00000   56.00000  28.2%  33.9  140s
 97755 25943   56.00000   24  102   78.00000   56.00000  28.2%  34.1  145s
 100626 26492   67.00000   37  100   78.00000   56.00000  28.2%  34.3  150s
 103666 27076   60.00000   25   68   78.00000   56.00000  28.2%  34.4  155s
 106725 27659 infeasible   29        78.00000   56.00000  28.2%  34.5  160s
 109442 28151   64.00000   23   88   78.00000   56.00000  28.2%  34.6  165s
 111984 28607   73.00000   28  113   78.00000   56.00000  28.2%  34.8  170s
 115336 29335 infeasible   39        78.00000   56.10345  28.1%  34.8  175s
 118530 29920 infeasible   28        78.00000   57.00000  26.9%  35.0  180s
 121789 30417   62.84211   34   65   78.00000   57.00000  26.9%  35.2  185s
 125225 31010   61.00000   31  108   78.00000   57.00000  26.9%  35.4  190s
 128613 31662 infeasible   65        78.00000   57.00000  26.9%  35.5  195s
 131832 32180 infeasible   39        78.00000   57.00000  26.9%  35.7  200s
 134466 32611   62.00000   33  114   78.00000   57.00000  26.9%  35.9  205s
 137347 33074   67.00000   43   57   78.00000   57.00000  26.9%  36.0  210s
 139966 33533   70.00000   36   78   78.00000   57.00000  26.9%  36.1  215s
 143006 34011   57.00000   27  115   78.00000   57.00000  26.9%  36.3  220s
 146135 34610 infeasible   30        78.00000   57.00000  26.9%  36.4  225s
 149278 35147   57.00000   25   70   78.00000   57.00000  26.9%  36.6  230s
 152459 35699   70.00000   31   74   78.00000   57.00000  26.9%  36.7  235s
 155806 36342   57.00000   17   75   78.00000   57.00000  26.9%  36.8  240s
 158938 36873 infeasible   38        78.00000   57.00000  26.9%  36.9  245s
 162159 37448   58.00000   26  113   78.00000   57.01856  26.9%  37.1  250s
 165141 37946   57.32099   37  122   78.00000   57.32099  26.5%  37.2  255s
 168202 38401   64.00000   40  113   78.00000   58.00000  25.6%  37.3  260s
 171497 38883 infeasible   30        78.00000   58.00000  25.6%  37.5  265s
 174287 39297   58.00000   21  124   78.00000   58.00000  25.6%  37.6  270s
 177413 39814 infeasible   30        78.00000   58.00000  25.6%  37.7  275s
 180584 40299 infeasible   24        78.00000   58.00000  25.6%  37.8  280s
 183293 40722   71.00000   29   85   78.00000   58.00000  25.6%  37.9  285s
 186192 41179   60.00000   29  111   78.00000   58.00000  25.6%  38.0  290s
 189412 41720   58.00000   27  122   78.00000   58.00000  25.6%  38.1  295s
 192571 42190   70.00000   34   82   78.00000   58.00000  25.6%  38.2  300s
 195552 42556   66.00000   22  118   78.00000   58.00000  25.6%  38.3  305s
 198549 42976   72.00000   37  112   78.00000   58.00000  25.6%  38.4  310s
 201800 43446   71.00000   36   46   78.00000   58.00000  25.6%  38.5  315s
 204320 43786 infeasible   34        78.00000   58.00000  25.6%  38.6  320s
 207466 44246 infeasible   31        78.00000   58.00000  25.6%  38.6  325s
 210592 44640   58.00000   28  119   78.00000   58.00000  25.6%  38.7  330s
 213728 45127 infeasible   27        78.00000   58.00000  25.6%  38.8  335s
 216925 45663   65.00000   32  118   78.00000   58.00000  25.6%  38.9  340s
 219914 46117 infeasible   32        78.00000   58.00000  25.6%  39.0  345s
 223070 46593   61.00000   28  122   78.00000   58.00000  25.6%  39.1  350s
 226237 47085   58.00000   32  107   78.00000   58.00000  25.6%  39.1  355s
 228600 47342   70.00000   44   78   78.00000   58.00000  25.6%  39.2  360s
 231599 47823   70.00000   39   96   78.00000   58.18056  25.4%  39.3  365s
 234605 48153   76.00000   37  112   78.00000   59.00000  24.4%  39.4  370s
 237662 48564   59.00000   30  109   78.00000   59.00000  24.4%  39.5  375s
 240836 49062   65.00000   39  112   78.00000   59.00000  24.4%  39.5  380s
 243609 49351 infeasible   35        78.00000   59.00000  24.4%  39.7  385s
 246968 49826   67.00000   43   72   78.00000   59.00000  24.4%  39.7  390s
 249651 50191   69.00000   42  113   78.00000   59.00000  24.4%  39.7  395s
 252903 50677   69.00000   32  113   78.00000   59.00000  24.4%  39.8  400s
 256013 51122   72.00000   39  112   78.00000   59.00000  24.4%  39.9  405s
 259137 51452   59.00000   34  114   78.00000   59.00000  24.4%  40.0  410s
 261438 51680 infeasible   35        78.00000   59.00000  24.4%  40.1  415s
 263687 51964 infeasible   31        78.00000   59.00000  24.4%  40.1  420s
 265703 52124   70.00000   50   69   78.00000   59.00000  24.4%  40.2  425s
 267790 52352 infeasible   37        78.00000   59.00000  24.4%  40.3  430s
 269929 52536 infeasible   34        78.00000   59.00000  24.4%  40.4  435s
 272062 52717   63.00000   41  119   78.00000   59.00000  24.4%  40.5  440s
 273882 52745 infeasible   40        78.00000   59.00000  24.4%  40.6  445s
 275550 52899   70.00000   49   79   78.00000   59.00000  24.4%  40.6  450s
 277693 53056   77.00000   40   47   78.00000   59.00000  24.4%  40.7  455s
 279859 53279   61.00000   25  110   78.00000   59.00000  24.4%  40.8  460s
 281867 53454   68.00000   34   76   78.00000   59.00000  24.4%  40.8  465s
 283869 53643   65.00000   37  105   78.00000   59.00000  24.4%  40.9  470s
 286050 53831 infeasible   31        78.00000   59.00000  24.4%  41.0  475s
 288185 54057 infeasible   36        78.00000   59.00000  24.4%  41.0  480s
 290264 54243 infeasible   55        78.00000   59.00000  24.4%  41.1  485s
 292175 54423   71.00000   52   75   78.00000   59.00000  24.4%  41.2  490s
 294270 54648   63.00000   34  102   78.00000   59.00000  24.4%  41.2  495s
 296492 54976   71.00000   37  113   78.00000   59.00000  24.4%  41.3  500s
 298741 55220 infeasible   36        78.00000   59.00000  24.4%  41.3  505s
 300809 55467   61.00000   24   70   78.00000   59.00000  24.4%  41.4  510s
 302970 55611 infeasible   39        78.00000   59.00000  24.4%  41.5  515s
 305031 55857   77.00000   34   51   78.00000   59.00000  24.4%  41.6  520s
 307191 56125 infeasible   33        78.00000   59.00000  24.4%  41.6  525s
 309343 56314 infeasible   43        78.00000   59.00000  24.4%  41.7  530s
 311514 56577 infeasible   41        78.00000   59.00000  24.4%  41.7  535s
 313596 56701 infeasible   43        78.00000   59.30769  24.0%  41.8  540s
 315586 56766 infeasible   34        78.00000   60.00000  23.1%  41.9  545s
 317729 56880   69.00000   32   99   78.00000   60.00000  23.1%  42.0  550s
 319651 56974   71.00000   28   47   78.00000   60.00000  23.1%  42.0  555s
 321564 57031 infeasible   41        78.00000   60.00000  23.1%  42.1  560s
 323226 57075   63.00000   35   84   78.00000   60.00000  23.1%  42.2  565s
 325027 57014   70.00000   37  118   78.00000   60.00000  23.1%  42.3  570s
 326989 57210   73.00000   42  111   78.00000   60.00000  23.1%  42.4  575s
 329072 57406   65.00000   36  104   78.00000   60.00000  23.1%  42.5  580s
 331035 57486   72.00000   35  100   78.00000   60.00000  23.1%  42.5  585s
 332958 57605   61.00000   28  128   78.00000   60.00000  23.1%  42.6  590s
 335237 57776   62.00000   23   93   78.00000   60.00000  23.1%  42.6  595s
 337040 57950   69.00000   38  117   78.00000   60.00000  23.1%  42.7  600s
 339118 58137   72.00000   39   95   78.00000   60.00000  23.1%  42.8  605s
 340980 58291   70.00000   34  116   78.00000   60.00000  23.1%  42.8  610s
 343014 58362   63.00000   36   83   78.00000   60.00000  23.1%  42.9  615s
 344958 58554 infeasible   40        78.00000   60.00000  23.1%  43.0  620s
 346801 58628   64.00000   23  108   78.00000   60.00000  23.1%  43.0  625s
 348897 58750   60.00000   20  124   78.00000   60.00000  23.1%  43.1  630s
 350951 58831   60.00000   31  113   78.00000   60.00000  23.1%  43.2  635s
 353156 58954 infeasible   36        78.00000   60.00000  23.1%  43.2  640s
 355117 59037   60.00000   36   71   78.00000   60.00000  23.1%  43.3  645s
 356938 59152   67.00000   37  139   78.00000   60.00000  23.1%  43.4  650s
 358869 59259 infeasible   37        78.00000   60.00000  23.1%  43.4  655s
 360834 59446   64.00000   39   98   78.00000   60.00000  23.1%  43.5  660s
 362674 59661   66.00000   33  106   78.00000   60.00000  23.1%  43.5  665s
 364952 59831   70.00000   35  115   78.00000   60.00000  23.1%  43.5  670s
 366919 59928   60.00000   26  123   78.00000   60.00000  23.1%  43.6  675s
 368909 60123 infeasible   35        78.00000   60.00000  23.1%  43.6  680s
 371242 60347 infeasible   38        78.00000   60.00000  23.1%  43.6  685s
 373372 60476 infeasible   33        78.00000   60.00000  23.1%  43.7  690s
 375788 60798 infeasible   36        78.00000   60.00000  23.1%  43.7  695s
 378236 61026   74.00000   32   52   78.00000   60.00000  23.1%  43.7  700s
 380788 61243   71.00000   45   60   78.00000   60.00000  23.1%  43.7  705s
 383208 61398   60.00000   35  125   78.00000   60.00000  23.1%  43.8  710s
 385526 61493   67.00000   27  114   78.00000   60.00000  23.1%  43.8  715s
 388066 61677   71.00000   46   82   78.00000   60.00000  23.1%  43.9  720s
 390663 61869 infeasible   43        78.00000   60.00000  23.1%  43.9  725s
 392607 62021 infeasible   29        78.00000   60.00000  23.1%  43.9  730s
 395189 62241   60.00000   37  119   78.00000   60.00000  23.1%  44.0  735s
 397709 62455   74.00000   40   72   78.00000   60.00000  23.1%  44.0  740s
 400173 62642   65.00000   36  111   78.00000   60.00000  23.1%  44.1  745s
 402509 62613   71.00000   28   98   78.00000   60.71429  22.2%  44.1  750s
 404952 62600   73.00000   34  102   78.00000   61.00000  21.8%  44.2  755s
 407599 62684   74.00000   37   85   78.00000   61.00000  21.8%  44.2  760s
 410026 62801 infeasible   28        78.00000   61.00000  21.8%  44.2  765s
 412426 62785     cutoff   66        78.00000   61.00000  21.8%  44.3  770s
 414693 62710 infeasible   32        78.00000   61.00000  21.8%  44.3  775s
 417130 62769   61.00000   38   99   78.00000   61.00000  21.8%  44.4  780s
 419688 62848   61.00000   33  117   78.00000   61.00000  21.8%  44.4  785s
 422085 62937   61.00000   26   73   78.00000   61.00000  21.8%  44.4  790s
 424301 63013 infeasible   36        78.00000   61.00000  21.8%  44.5  795s
 426773 63134   62.00000   27   89   78.00000   61.00000  21.8%  44.5  800s
 429267 63331 infeasible   34        78.00000   61.00000  21.8%  44.5  805s
 431862 63380   67.00000   36  102   78.00000   61.00000  21.8%  44.5  810s
 434469 63523   70.00000   37   67   78.00000   61.00000  21.8%  44.5  815s
 437011 63670 infeasible   37        78.00000   61.00000  21.8%  44.6  820s
 439455 63789 infeasible   41        78.00000   61.00000  21.8%  44.6  825s
 441601 63816   63.00000   40  110   78.00000   61.00000  21.8%  44.6  830s
 443945 63831   63.00000   30  120   78.00000   61.00000  21.8%  44.7  835s
 446289 63878   71.00000   35  129   78.00000   61.00000  21.8%  44.7  840s
 448731 63915   75.00000   38  112   78.00000   61.00000  21.8%  44.7  845s
 451302 64165   72.00000   31  101   78.00000   61.00000  21.8%  44.8  850s
 453645 64249 infeasible   32        78.00000   61.00000  21.8%  44.8  855s
 456380 64419   74.00000   27   53   78.00000   61.00000  21.8%  44.8  860s
 458885 64590   72.00000   34   84   78.00000   61.00000  21.8%  44.8  865s
 461280 64729   64.00000   29  113   78.00000   61.00000  21.8%  44.8  870s
 463462 64860 infeasible   29        78.00000   61.00000  21.8%  44.8  875s
 465727 64969   61.00000   32   97   78.00000   61.00000  21.8%  44.9  880s
 468277 65098   61.00000   45  111   78.00000   61.00000  21.8%  44.9  885s
 470834 65280   61.00000   29  117   78.00000   61.00000  21.8%  44.9  890s
 473208 65502   61.00000   31  109   78.00000   61.00000  21.8%  44.9  895s
 475738 65580   64.00000   33  111   78.00000   61.00000  21.8%  44.9  900s
 478373 65732   61.10345   36  112   78.00000   61.00000  21.8%  44.9  905s
 480946 65854 infeasible   42        78.00000   61.00000  21.8%  45.0  910s
 483524 66064   65.00000   28  110   78.00000   61.00000  21.8%  45.0  915s
 486010 66144 infeasible   38        78.00000   61.00000  21.8%  45.0  920s
 488279 66261 infeasible   22        78.00000   61.00000  21.8%  45.1  925s
 490816 66364   68.00000   28  111   78.00000   61.00000  21.8%  45.1  930s
 493086 66543   61.00000   37  123   78.00000   61.00000  21.8%  45.1  936s
 494813 66595   71.00000   35   87   78.00000   61.00000  21.8%  45.2  940s
 497271 66684   70.00000   42  126   78.00000   61.00000  21.8%  45.2  945s
 499740 66861 infeasible   41        78.00000   61.00000  21.8%  45.2  950s
 502318 67033   61.00000   39  117   78.00000   61.00000  21.8%  45.2  955s
 504711 67208   64.00000   37  115   78.00000   61.00000  21.8%  45.2  960s
 507144 67331   61.00000   35  129   78.00000   61.00000  21.8%  45.3  965s
 509567 67513 infeasible   29        78.00000   61.00000  21.8%  45.3  970s
 511892 67500   64.00000   37   71   78.00000   61.14943  21.6%  45.4  975s
 514159 67495   62.83051   29  115   78.00000   61.83051  20.7%  45.4  980s
 516401 67451   71.00000   38   41   78.00000   62.00000  20.5%  45.5  985s
 518762 67353   73.00000   44   68   78.00000   62.00000  20.5%  45.5  990s
 521177 67275   76.00000   41   61   78.00000   62.00000  20.5%  45.5  995s
 523336 67162 infeasible   37        78.00000   62.00000  20.5%  45.6 1000s
 525585 67111   75.00000   37   95   78.00000   62.00000  20.5%  45.6 1005s
 527874 67135   62.00000   34  117   78.00000   62.00000  20.5%  45.7 1010s
 530080 67247 infeasible   33        78.00000   62.00000  20.5%  45.7 1015s
 532384 67301 infeasible   38        78.00000   62.00000  20.5%  45.8 1020s
 534699 67314 infeasible   33        78.00000   62.00000  20.5%  45.8 1025s
 536819 67327 infeasible   37        78.00000   62.00000  20.5%  45.8 1030s
 538841 67317   72.00000   32   57   78.00000   62.00000  20.5%  45.8 1035s
 541533 67381 infeasible   43        78.00000   62.00000  20.5%  45.9 1040s
 544104 67412 infeasible   31        78.00000   62.00000  20.5%  45.9 1045s
 546605 67555 infeasible   36        78.00000   62.00000  20.5%  45.9 1050s
 548513 67514   73.00000   31  115   78.00000   62.00000  20.5%  45.9 1055s
 550818 67523   68.00000   37  130   78.00000   62.00000  20.5%  46.0 1060s
 553100 67517   65.00000   33   86   78.00000   62.00000  20.5%  46.0 1065s
 555408 67542 infeasible   37        78.00000   62.00000  20.5%  46.1 1070s
 557546 67551   63.00000   27  110   78.00000   62.00000  20.5%  46.1 1075s
 559677 67535   72.00000   43  112   78.00000   62.00000  20.5%  46.1 1080s
 562037 67552   73.00000   31   30   78.00000   62.00000  20.5%  46.2 1085s
 564340 67564 infeasible   34        78.00000   62.00000  20.5%  46.2 1090s
 566637 67591   62.00000   26  122   78.00000   62.00000  20.5%  46.2 1095s
 569045 67639   68.30769   41   98   78.00000   62.00000  20.5%  46.3 1100s
 571535 67690   62.00000   42  112   78.00000   62.00000  20.5%  46.3 1105s
 574373 67990   64.00000   28   83   78.00000   62.00000  20.5%  46.3 1110s
 576871 68043 infeasible   30        78.00000   62.00000  20.5%  46.3 1115s
 579156 68121   63.00000   33  104   78.00000   62.00000  20.5%  46.3 1120s
 581757 68091   74.00000   30  121   78.00000   62.00000  20.5%  46.4 1125s
 583764 68111 infeasible   28        78.00000   62.00000  20.5%  46.4 1130s
 586380 68181 infeasible   30        78.00000   62.00000  20.5%  46.4 1135s
 588688 68185   62.00000   29   93   78.00000   62.00000  20.5%  46.5 1140s
 590795 68246   62.00000   44  124   78.00000   62.00000  20.5%  46.5 1145s
 593215 68310   62.00000   34  112   78.00000   62.00000  20.5%  46.5 1150s
 595727 68495   72.00000   37  102   78.00000   62.00000  20.5%  46.5 1155s
 598311 68593   75.00000   41   40   78.00000   62.00000  20.5%  46.6 1160s
 600442 68508   73.00000   37  125   78.00000   63.00000  19.2%  46.6 1165s
 602625 68412 infeasible   39        78.00000   63.00000  19.2%  46.7 1170s
 604792 68376   76.00000   40   96   78.00000   63.00000  19.2%  46.7 1175s
 606936 68268   69.00000   36  122   78.00000   63.00000  19.2%  46.7 1180s
 609188 68228   65.00000   41   62   78.00000   63.00000  19.2%  46.8 1185s
 611471 68124   63.00000   29   65   78.00000   63.00000  19.2%  46.8 1190s
 613617 68079   67.00000   43  108   78.00000   63.00000  19.2%  46.9 1195s
 615844 68045   65.00000   34  124   78.00000   63.00000  19.2%  46.9 1200s
 618207 68001 infeasible   25        78.00000   63.00000  19.2%  46.9 1205s
 620494 68023   63.00000   41  118   78.00000   63.00000  19.2%  46.9 1210s
 622748 67982 infeasible   32        78.00000   63.00000  19.2%  47.0 1215s
 625142 67989 infeasible   41        78.00000   63.00000  19.2%  47.0 1220s
 627342 68037   71.00000   31  104   78.00000   63.00000  19.2%  47.0 1225s
 629660 68059   76.00000   39   96   78.00000   63.00000  19.2%  47.0 1230s
 631275 68020 infeasible   24        78.00000   63.00000  19.2%  47.1 1235s
 633542 68013   74.00000   39  103   78.00000   63.00000  19.2%  47.1 1240s
 635938 68046 infeasible   24        78.00000   63.00000  19.2%  47.1 1245s
 638213 68020 infeasible   38        78.00000   63.00000  19.2%  47.2 1250s
 640489 68009 infeasible   37        78.00000   63.00000  19.2%  47.2 1255s
 642701 68014 infeasible   38        78.00000   63.00000  19.2%  47.2 1260s
 644947 68059 infeasible   24        78.00000   63.00000  19.2%  47.2 1265s
 647517 68119   76.00000   32   29   78.00000   63.00000  19.2%  47.3 1270s
 649919 68111 infeasible   38        78.00000   63.00000  19.2%  47.3 1275s
 652335 68091 infeasible   25        78.00000   63.00000  19.2%  47.3 1280s
 654735 68094 infeasible   29        78.00000   63.00000  19.2%  47.3 1285s
 657769 68181   63.00000   24  102   78.00000   63.00000  19.2%  47.3 1290s
 660919 68346 infeasible   31        78.00000   63.00000  19.2%  47.3 1295s
 662888 68423   77.00000   48   47   78.00000   63.00000  19.2%  47.4 1300s
 665982 68503 infeasible   49        78.00000   63.34568  18.8%  47.4 1305s
 669031 68504 infeasible   31        78.00000   64.00000  17.9%  47.4 1310s
 671734 68432 infeasible   41        78.00000   64.00000  17.9%  47.4 1315s
 674714 68395 infeasible   43        78.00000   64.00000  17.9%  47.5 1320s
 677365 68328 infeasible   27        78.00000   64.00000  17.9%  47.5 1325s
 680099 68347   69.00000   30  101   78.00000   64.00000  17.9%  47.5 1330s
 681894 68284 infeasible   35        78.00000   64.00000  17.9%  47.5 1335s
 684948 68318   67.00000   34  106   78.00000   64.00000  17.9%  47.6 1340s
 687537 68367   74.00000   48   99   78.00000   64.00000  17.9%  47.6 1345s
 690402 68372 infeasible   40        78.00000   64.00000  17.9%  47.6 1350s
 693299 68381   71.00000   40   64   78.00000   64.00000  17.9%  47.6 1355s
 696260 68434 infeasible   37        78.00000   64.00000  17.9%  47.6 1360s
 699042 68421 infeasible   25        78.00000   64.00000  17.9%  47.7 1365s
 701714 68511 infeasible   27        78.00000   64.00000  17.9%  47.7 1370s
 704526 68554 infeasible   35        78.00000   64.00000  17.9%  47.7 1375s
 707071 68550   64.00000   42  116   78.00000   64.00000  17.9%  47.7 1380s
 709761 68620   70.00000   28  107   78.00000   64.00000  17.9%  47.8 1385s
 712373 68671   64.00000   31   44   78.00000   64.00000  17.9%  47.8 1390s
 715264 68744 infeasible   29        78.00000   64.00000  17.9%  47.8 1395s
 717978 68771   71.00000   36  103   78.00000   64.00000  17.9%  47.8 1400s
 720703 68881 infeasible   34        78.00000   64.00000  17.9%  47.8 1405s
 723508 68995   64.00000   30  103   78.00000   64.00000  17.9%  47.9 1410s
 726189 69126   74.00000   30  104   78.00000   64.00000  17.9%  47.9 1415s
 728958 69144 infeasible   32        78.00000   64.00000  17.9%  47.9 1420s
 731959 69294 infeasible   36        78.00000   64.00000  17.9%  47.9 1425s
 734802 69310   76.00000   43   72   78.00000   64.00000  17.9%  47.9 1430s
 737400 69315   68.00000   37   99   78.00000   64.00000  17.9%  48.0 1435s
 740340 69348 infeasible   44        78.00000   64.00000  17.9%  48.0 1440s
 743058 69396 infeasible   34        78.00000   64.00000  17.9%  48.0 1445s
 745723 69409 infeasible   28        78.00000   64.00000  17.9%  48.0 1450s
 748841 69482   74.00000   39   51   78.00000   64.00000  17.9%  48.0 1455s
 751422 69507   76.00000   33   79   78.00000   65.00000  16.7%  48.1 1460s
 754283 69435   65.00000   41  107   78.00000   65.00000  16.7%  48.1 1465s
 756988 69390   65.00000   45  124   78.00000   65.00000  16.7%  48.1 1470s
 759860 69286   69.00000   33   43   78.00000   65.00000  16.7%  48.1 1475s
 762354 69161   73.00000   31   92   78.00000   65.00000  16.7%  48.2 1480s
 765040 69116   72.00000   37   96   78.00000   65.00000  16.7%  48.2 1485s
 767682 69061 infeasible   40        78.00000   65.00000  16.7%  48.2 1490s
 769801 68980     cutoff   31        78.00000   65.00000  16.7%  48.2 1495s
 772562 68968   71.00000   33  115   78.00000   65.00000  16.7%  48.2 1500s
 774906 69015   67.00000   24  115   78.00000   65.00000  16.7%  48.3 1505s
 777233 68970   71.00000   26   62   78.00000   65.00000  16.7%  48.3 1510s
 780015 68939   65.00000   47   46   78.00000   65.00000  16.7%  48.3 1515s
 782826 68931   65.00000   25   98   78.00000   65.00000  16.7%  48.3 1520s
 785399 68796 infeasible   38        78.00000   65.00000  16.7%  48.3 1525s
 788107 68769 infeasible   52        78.00000   65.00000  16.7%  48.4 1530s
 790884 68769 infeasible   31        78.00000   65.00000  16.7%  48.4 1535s
 793489 68789 infeasible   38        78.00000   65.00000  16.7%  48.4 1540s
 796210 68767   68.00000   38   97   78.00000   65.00000  16.7%  48.4 1545s
 799186 68834 infeasible   39        78.00000   65.00000  16.7%  48.4 1550s
 802103 68852   65.00000   43  112   78.00000   65.00000  16.7%  48.4 1555s
 805063 68850 infeasible   41        78.00000   65.00000  16.7%  48.5 1560s
 807734 68842   71.00000   29  106   78.00000   65.00000  16.7%  48.5 1565s
 810213 68863   70.00000   35  111   78.00000   65.00000  16.7%  48.5 1570s
 812413 68956   65.00000   39  121   78.00000   65.00000  16.7%  48.5 1575s
 815171 68901   77.00000   57    3   78.00000   65.40000  16.2%  48.6 1580s
 817744 68696   76.00000   35   50   78.00000   66.00000  15.4%  48.6 1585s
 820347 68439   66.00000   33  135   78.00000   66.00000  15.4%  48.6 1590s
 823327 68466   67.00000   38   77   78.00000   66.00000  15.4%  48.6 1595s
 826101 68529 infeasible   31        78.00000   66.00000  15.4%  48.6 1600s
 829126 68682   70.00000   42  114   78.00000   66.00000  15.4%  48.7 1605s
 832237 68924 infeasible   44        78.00000   66.00000  15.4%  48.7 1610s
 835063 68993   71.00000   40   81   78.00000   66.00000  15.4%  48.7 1615s
 838029 69011   68.00000   32  119   78.00000   66.00000  15.4%  48.7 1620s
 840922 69084   70.00000   43   75   78.00000   66.00000  15.4%  48.7 1625s
 843623 69173   68.00000   34  110   78.00000   66.00000  15.4%  48.7 1630s
 846213 69201 infeasible   34        78.00000   66.00000  15.4%  48.7 1635s
 849048 69269   75.00000   40   98   78.00000   66.00000  15.4%  48.8 1640s
 852053 69342 infeasible   48        78.00000   66.00000  15.4%  48.8 1645s
 855055 69491   75.00000   45   95   78.00000   66.00000  15.4%  48.8 1650s
 858172 69646 infeasible   43        78.00000   66.00000  15.4%  48.8 1655s
 860914 69834   67.00000   34   52   78.00000   66.00000  15.4%  48.8 1660s
 864073 70095   70.00000   32   92   78.00000   66.00000  15.4%  48.8 1665s
 867108 70229 infeasible   35        78.00000   66.00000  15.4%  48.8 1670s
 870151 70348   75.00000   43   63   78.00000   66.00000  15.4%  48.8 1675s
 872742 70405   66.13793   36  129   78.00000   66.00000  15.4%  48.8 1680s
 875095 70487   66.00000   30  114   78.00000   66.00000  15.4%  48.8 1685s
 878220 70701   68.00000   38  103   78.00000   66.00000  15.4%  48.8 1690s
 881262 70842   76.00000   38   47   78.00000   66.00000  15.4%  48.8 1695s
 883904 70764   67.00000   46  128   78.00000   67.00000  14.1%  48.9 1700s
 886563 70447   67.00000   33  110   78.00000   67.00000  14.1%  48.9 1705s
 889277 70203     cutoff   34        78.00000   67.00000  14.1%  48.9 1710s
 892426 70283   67.00000   28  109   78.00000   67.00000  14.1%  48.9 1715s
 895364 70320   69.00000   30  101   78.00000   67.00000  14.1%  48.9 1720s
 898468 70427   67.00000   37  107   78.00000   67.00000  14.1%  48.9 1725s
 901527 70429   67.00000   38   80   78.00000   67.00000  14.1%  48.9 1730s
 904629 70608   75.00000   50   67   78.00000   67.00000  14.1%  48.9 1735s
 907388 70746   67.00000   38   93   78.00000   67.00000  14.1%  48.9 1740s
 910692 70897 infeasible   29        78.00000   67.00000  14.1%  48.9 1745s
 913740 70910   70.00000   37  109   78.00000   67.00000  14.1%  48.9 1750s
 916513 70988   73.00000   29   59   78.00000   67.00000  14.1%  48.9 1755s
 919450 70974   70.00000   41   94   78.00000   67.00000  14.1%  48.9 1760s
 921565 71009   75.00000   41   89   78.00000   67.00000  14.1%  49.0 1765s
 924434 70977   67.00000   22   92   78.00000   67.00000  14.1%  49.0 1770s
 927321 70925   70.00000   45  107   78.00000   67.00000  14.1%  49.0 1775s
 930301 71015   70.00000   28   93   78.00000   67.00000  14.1%  49.0 1780s
 933252 71046   70.00000   47  116   78.00000   67.00000  14.1%  49.0 1785s
 936031 71060   70.00000   38   64   78.00000   67.00000  14.1%  49.0 1790s
 939077 71105 infeasible   24        78.00000   67.00000  14.1%  49.0 1795s
 941943 71119   67.00000   30  109   78.00000   67.00000  14.1%  49.1 1800s

Cutting planes:
  Gomory: 57
  Cover: 414
  Implied bound: 280
  Clique: 70
  MIR: 134
  Mixing: 2
  StrongCG: 5
  Flow cover: 425
  Inf proof: 170
  Zero half: 8
  RLT: 97
  Relax-and-lift: 41
  BQP: 3

Explored 941944 nodes (46213183 simplex iterations) in 1800.00 seconds (1827.49 work units)
Thread count was 1 (of 96 available processors)

Solution count 10: 78 78 79 ... 82

Time limit reached
Best objective 7.799999999210e+01, best bound 6.700000000000e+01, gap 14.1026%
WARNING: Loading a SolverResults object with an 'aborted' status, but
    containing a solution

Instance 18_2, formulation altered, reform bigm:
  Rect 0: x = 77.00, y = 6.00
  Rect 1: x = 66.00, y = 14.00
  Rect 2: x = 54.00, y = 14.00
  Rect 3: x = 63.00, y = 3.00
  Rect 4: x = 29.00, y = 12.00
  Rect 5: x = 35.00, y = 14.00
  Rect 6: x = 15.00, y = 12.00
  Rect 7: x = 0.00, y = 14.00
  Rect 8: x = 46.00, y = 7.00
  Rect 9: x = 63.00, y = 8.00
  Rect 10: x = 46.00, y = 2.00
  Rect 11: x = 35.00, y = 7.00
  Rect 12: x = 20.00, y = 14.00
  Rect 13: x = 69.00, y = 13.00
  Rect 14: x = 61.00, y = 8.00
  Rect 15: x = 59.00, y = 8.00
  Rect 16: x = 43.00, y = 14.00
  Rect 17: x = 77.00, y = 14.00
  → saved figures to strip_figures/18_2_altered_bigm.png and strip_figures/18_2_altered_bigm.pdf
Set parameter TokenServer to value "mooring.ecn.purdue.edu"
Read LP format model from file /tmp/tmp4dwqbdvt.pyomo.lp
Reading time = 0.01 seconds
x3098: 6292 rows, 3098 columns, 16527 nonzeros
Set parameter TimeLimit to value 1800
Set parameter Threads to value 1
Gurobi Optimizer version 11.0.0 build v11.0.0rc2 (linux64 - "Oracle Linux Server 9.6")

CPU model: AMD EPYC 7643 48-Core Processor, instruction set [SSE2|AVX|AVX2]
Thread count: 48 physical cores, 96 logical processors, using up to 1 threads

Optimize a model with 6292 rows, 3098 columns and 16527 nonzeros
Model fingerprint: 0x32fa7f3b
Variable types: 2486 continuous, 612 integer (612 binary)
Coefficient statistics:
  Matrix range     [1e+00, 1e+02]
  Objective range  [1e+00, 1e+00]
  Bounds range     [1e+00, 1e+02]
  RHS range        [1e+00, 2e+01]
Presolve removed 2371 rows and 1084 columns
Presolve time: 0.03s
Presolved: 3921 rows, 2014 columns, 10340 nonzeros
Variable types: 1624 continuous, 390 integer (390 binary)
Found heuristic solution: objective 149.0000000

Root relaxation: objective 3.000000e+01, 1065 iterations, 0.03 seconds (0.03 work units)

    Nodes    |    Current Node    |     Objective Bounds      |     Work
 Expl Unexpl |  Obj  Depth IntInf | Incumbent    BestBd   Gap | It/Node Time

     0     0   30.00000    0   84  149.00000   30.00000  79.9%     -    0s
H    0     0                     136.0000000   30.00000  77.9%     -    0s
     0     0   30.00000    0  145  136.00000   30.00000  77.9%     -    0s
H    0     0                     125.0000000   30.00000  76.0%     -    0s
     0     0   30.00000    0  149  125.00000   30.00000  76.0%     -    0s
     0     0   30.00000    0  118  125.00000   30.00000  76.0%     -    0s
     0     0   30.00000    0  131  125.00000   30.00000  76.0%     -    0s
     0     0   30.00000    0   87  125.00000   30.00000  76.0%     -    0s
H    0     0                     121.0000000   30.00000  75.2%     -    0s
H    0     0                     120.0000000   30.00000  75.0%     -    0s
     0     0   30.00000    0  116  120.00000   30.00000  75.0%     -    0s
     0     0   30.00000    0  122  120.00000   30.00000  75.0%     -    0s
     0     0   30.00000    0  122  120.00000   30.00000  75.0%     -    0s
     0     2   30.00000    0  103  120.00000   30.00000  75.0%     -    1s
H  162   141                     108.0000000   30.00000  72.2%  47.9    1s
*  168   130             115     101.0000000   30.00000  70.3%  46.3    1s
H  182   138                      98.0000000   30.00000  69.4%  61.9    1s
H  297   242                      96.0000000   30.00000  68.8%  54.1    1s
H  314   245                      96.0000000   30.00000  68.7%  51.5    1s
*  766   556             103      95.0000000   33.10345  65.2%  56.7    4s
   837   589   70.00000   44   69   95.00000   33.10345  65.2%  57.2    5s
H  895   530                      88.0000000   33.10345  62.4%  55.6    5s
*  918   521              84      88.0000000   33.10345  62.4%  54.5    5s
*  919   495              84      87.0000000   33.10345  62.0%  54.4    5s
* 1087   532              83      86.0000000   33.10345  61.5%  56.2    5s
H 1164   544                      86.0000000   34.00000  60.5%  56.6    6s
* 1403   596             102      84.0000000   34.00000  59.5%  53.4    6s
H 1416   571                      84.0000000   37.00000  56.0%  53.2    6s
H 1928   865                      83.0000000   41.00000  50.6%  50.2    7s
H 2510  1337                      83.0000000   43.00000  48.2%  51.6    9s
  2735  1498   44.00000   21  118   83.00000   43.00000  48.2%  51.7   10s
H 3333  1895                      82.9998940   43.00000  48.2%  54.2   12s
* 3428  1713              92      81.0000000   43.00000  46.9%  54.0   12s
  3970  2065 infeasible   44        81.00000   43.00000  46.9%  58.7   15s
H 4366  2337                      81.0000000   44.00000  45.7%  59.5   16s
* 5134  2658              57      80.0000000   45.00000  43.7%  61.4   18s
  5238  2707   68.00000   36  101   80.00000   45.00000  43.7%  62.5   20s
H 5645  2961                      80.0000000   46.00000  42.5%  63.6   21s
  6483  3429 infeasible   29        80.00000   47.00000  41.2%  66.0   25s
  7935  4248 infeasible   47        80.00000   48.00000  40.0%  66.1   30s
  9039  4913   67.00000   45  107   80.00000   48.00000  40.0%  69.6   35s
 10203  5619   69.00000   28  122   80.00000   49.00000  38.7%  70.0   46s
 10221  5631   60.00000   27  148   80.00000   49.00000  38.7%  69.9   50s
 10397  5705   64.00000   52   69   80.00000   49.00000  38.7%  72.2   55s
 10914  5905   77.00000   74   55   80.00000   49.00000  38.7%  73.8   60s
 11618  6115 infeasible   45        80.00000   49.00000  38.7%  73.7   65s
 12287  6276   73.00000   42   78   80.00000   49.00000  38.7%  76.2   70s
 13293  6500 infeasible   38        80.00000   49.00000  38.7%  77.6   75s
 14833  6869   62.00000   34   74   80.00000   50.00000  37.5%  76.9   80s
 15997  7081   68.00000   44   58   80.00000   50.00000  37.5%  77.0   85s
 17420  7359   75.00000   49   45   80.00000   50.00000  37.5%  76.9   90s
 18753  7664 infeasible   37        80.00000   50.00000  37.5%  77.1   95s
 20148  7958   75.00000   44   62   80.00000   50.00000  37.5%  76.9  100s
 21378  8239   79.00000   57   65   80.00000   50.00000  37.5%  77.5  105s
 22705  8518 infeasible   43        80.00000   50.00000  37.5%  78.0  110s
 23860  8732   75.00000   59   71   80.00000   50.00000  37.5%  78.7  115s
 25037  8979   62.00000   40  103   80.00000   50.00000  37.5%  79.1  120s
 26285  9186   67.00000   51   99   80.00000   50.17464  37.3%  79.8  125s
 27768  9602   62.00000   49   76   80.00000   51.00000  36.2%  79.6  130s
 29041 10235 infeasible   50        80.00000   51.00000  36.2%  80.1  135s
 30486 10890   54.00000   47   63   80.00000   51.00000  36.2%  80.1  140s
 31886 11560   63.00000   43   87   80.00000   51.00000  36.2%  80.1  145s
 33215 12218   72.00000   41  105   80.00000   51.00000  36.2%  80.2  150s
 34439 12820 infeasible   50        80.00000   51.00000  36.2%  80.6  155s
 35604 13375   71.00000   42   93   80.00000   51.00000  36.2%  81.2  160s
 36430 13782   65.00000   49   80   80.00000   51.00000  36.2%  82.3  165s
 37936 14487   73.00000   51   71   80.00000   52.00000  35.0%  81.8  170s
 39398 15201   76.00000   43   69   80.00000   53.00000  33.7%  81.4  175s
 40886 15884   73.00000   43   41   80.00000   53.00000  33.7%  81.2  180s
 42471 16617   67.00000   39   86   80.00000   53.00000  33.7%  80.6  185s
 43874 17254   56.36842   48  103   80.00000   53.00000  33.7%  80.7  190s
 45161 17835   64.00000   55   54   80.00000   53.00000  33.7%  80.6  195s
 46527 18451 infeasible   44        80.00000   53.00000  33.7%  80.7  200s
 47755 19035 infeasible   39        80.00000   53.00000  33.7%  81.0  205s
 48989 19636   77.00000   49   58   80.00000   53.00000  33.7%  81.1  210s
 50321 20256   78.00000   54   57   80.00000   53.00000  33.7%  81.0  215s
 51883 20932   64.00000   47   65   80.00000   53.00000  33.7%  80.5  220s
 53320 21500   69.00000   41   89   80.00000   53.00000  33.7%  80.3  225s
 54434 21980   72.00000   49   83   80.00000   54.00000  32.5%  80.5  230s
 55725 22456   64.00000   44   68   80.00000   54.00000  32.5%  80.6  235s
 57068 22975   79.00000   59   54   80.00000   54.00000  32.5%  80.7  240s
 57928 23319   79.00000   49   65   80.00000   54.00000  32.5%  81.0  245s
 59555 24040   64.00000   46   92   80.00000   54.00000  32.5%  80.6  250s
 60886 24550   71.00000   47   67   80.00000   54.00000  32.5%  80.6  255s
 62099 25026   77.00000   47   42   80.00000   54.00000  32.5%  80.9  260s
 63323 25513   65.00000   52  124   80.00000   54.00000  32.5%  81.0  265s
 64280 25807   69.00000   43   66   80.00000   54.00000  32.5%  81.5  270s
 65419 26289   63.00000   47   75   80.00000   54.00000  32.5%  81.8  275s
 66724 26883 infeasible   59        80.00000   54.00000  32.5%  81.9  280s
 68251 27457   64.00000   44   78   80.00000   55.00000  31.2%  81.6  285s
 69523 27988 infeasible   56        80.00000   55.00000  31.2%  81.5  290s
 70958 28586 infeasible   55        80.00000   55.00000  31.2%  81.3  295s
 72342 29154   70.00000   39   72   80.00000   55.00000  31.2%  81.3  300s
 73546 29622 infeasible   55        80.00000   55.00000  31.2%  81.5  305s
 74387 29901   56.00000   47  103   80.00000   55.00000  31.2%  81.9  310s
 75609 30412   65.00000   36   83   80.00000   56.00000  30.0%  82.1  315s
 77250 31061   67.00000   40   81   80.00000   56.00000  30.0%  81.8  320s
 78876 31776   72.00000   49   52   80.00000   56.00000  30.0%  81.3  325s
 80415 32541   78.00000   56   41   80.00000   56.00000  30.0%  81.0  330s
 81973 33196   61.00000   49  100   80.00000   56.00000  30.0%  80.8  335s
 83373 33773   59.00000   36   71   80.00000   56.00000  30.0%  80.7  340s
 84663 34355   78.00000   71   15   80.00000   56.00000  30.0%  80.7  345s
 85980 34998 infeasible   44        80.00000   56.00000  30.0%  80.8  350s
 87654 35702   76.00000   45   46   80.00000   56.00000  30.0%  80.5  355s
 88803 36162   70.00000   44   52   80.00000   56.00000  30.0%  80.7  360s
 89714 36565   64.00000   35   78   80.00000   56.00000  30.0%  80.8  365s
 91308 37284 infeasible   56        80.00000   56.00000  30.0%  80.6  370s
 92988 37943   74.00000   39   49   80.00000   56.00000  30.0%  80.3  375s
 94511 38463   62.00000   48   50   80.00000   56.00000  30.0%  80.1  380s
 96045 39105   64.00000   42   69   80.00000   56.00000  30.0%  79.9  385s
 97626 39832   76.00000   49   74   80.00000   56.00000  30.0%  79.7  390s
 99020 40384   75.00000   56   44   80.00000   56.00000  30.0%  79.7  395s
 100637 41050   68.00000   42   70   80.00000   56.00000  30.0%  79.5  400s
 101604 41488   78.00000   72   57   80.00000   56.00000  30.0%  79.7  405s
 102996 42016 infeasible   45        80.00000   56.00000  30.0%  79.6  410s
 104510 42609   67.00000   44   84   80.00000   56.00000  30.0%  79.5  415s
 105632 43083   68.00000   45   61   80.00000   56.00000  30.0%  79.8  420s
 106935 43693   70.00000   38   82   80.00000   56.00000  30.0%  79.7  425s
 108281 44175   66.00000   51   87   80.00000   56.00000  30.0%  79.8  430s
 109673 44762   57.00000   45   84   80.00000   56.00000  30.0%  79.7  435s
 110924 45279   74.00000   44   72   80.00000   56.00000  30.0%  79.9  440s
 111774 45624   79.00000   67   18   80.00000   56.00000  30.0%  79.9  445s
 113097 46135 infeasible   42        80.00000   56.00000  30.0%  79.8  450s
 114379 46678   78.00000   51   64   80.00000   56.00000  30.0%  79.9  455s
 115723 47221   58.00000   48   91   80.00000   56.00000  30.0%  79.9  460s
 116978 47670   67.00000   53   86   80.00000   56.00000  30.0%  79.9  465s
 118344 48222   69.00000   53   92   80.00000   56.00000  30.0%  79.9  470s
 119720 48806   73.00000   55   75   80.00000   56.00000  30.0%  79.8  475s
 121292 49362   79.00000   50   50   80.00000   56.00000  30.0%  79.7  480s
 122441 49786   62.00000   47  102   80.00000   56.00000  30.0%  79.7  485s
 123495 50218 infeasible   37        80.00000   56.00000  30.0%  80.0  490s
 124646 50738   69.00000   46  104   80.00000   56.00000  30.0%  80.0  495s
 125749 51191   77.00000   62  106   80.00000   56.00000  30.0%  80.2  500s
 126963 51717   79.00000   53   49   80.00000   56.00000  30.0%  80.2  505s
 128039 52212   71.00000   48   98   80.00000   56.00000  30.0%  80.5  510s
 129133 52646   75.00000   45   50   80.00000   56.36842  29.5%  80.7  515s
 130296 53113 infeasible   48        80.00000   56.84615  28.9%  80.7  520s
 131458 53516   71.00000   38   79   80.00000   57.00000  28.7%  80.9  525s
 132668 53951   65.00000   50   86   80.00000   57.00000  28.7%  80.8  530s
 134174 54598   68.00000   49   80   80.00000   57.00000  28.7%  80.6  535s
 135817 55244   67.00000   46   81   80.00000   57.00000  28.7%  80.5  540s
 137350 55794   67.00000   59   50   80.00000   57.00000  28.7%  80.4  545s
 138979 56348 infeasible   63        80.00000   57.00000  28.7%  80.2  550s
 140401 56878   61.00000   46   47   80.00000   57.00000  28.7%  80.2  555s
 141681 57273   60.00000   46   71   80.00000   57.00000  28.7%  80.1  560s
 143167 57835   62.00000   51   87   80.00000   57.00000  28.7%  80.1  565s
 144771 58448 infeasible   57        80.00000   57.00000  28.7%  79.9  570s
 146347 59009   65.00000   51   73   80.00000   57.00000  28.7%  79.8  575s
 147906 59589   79.00000   65   38   80.00000   57.00000  28.7%  79.6  580s
 149544 60179   57.36842   52  115   80.00000   57.00000  28.7%  79.5  585s
 150814 60599   68.00000   48   63   80.00000   57.00000  28.7%  79.4  590s
 151887 60911 infeasible   52        80.00000   57.00000  28.7%  79.5  595s
 153500 61475   75.00000   53   77   80.00000   57.00000  28.7%  79.3  600s
 154843 61844   73.00000   48   76   80.00000   57.00000  28.7%  79.3  605s
 156071 62210 infeasible   48        80.00000   57.00000  28.7%  79.3  610s
 157307 62666   67.00000   50   64   80.00000   57.00000  28.7%  79.3  615s
 158672 63131   57.00000   39  103   80.00000   57.00000  28.7%  79.3  620s
 159862 63559   76.00000   54   76   80.00000   57.00000  28.7%  79.3  625s
 160833 63883   67.00000   61   88   80.00000   57.00000  28.7%  79.5  630s
 161651 64151   73.00000   49  111   80.00000   57.00000  28.7%  79.8  635s
 162238 64303   62.00000   45   99   80.00000   57.36842  28.3%  80.0  640s
 163610 64808   58.00000   52   84   80.00000   57.80000  27.7%  80.0  645s
 165063 65308   68.00000   47   80   80.00000   58.00000  27.5%  80.0  650s
 166600 65825 infeasible   51        80.00000   58.00000  27.5%  79.9  655s
 167921 66269     cutoff   54        80.00000   58.00000  27.5%  79.9  660s
 169663 67052   79.00000   57   46   80.00000   58.00000  27.5%  79.7  665s
 171305 67769   67.00000   50   79   80.00000   58.00000  27.5%  79.6  670s
 172625 68347 infeasible   37        80.00000   58.00000  27.5%  79.5  675s
 174257 69041   61.00000   38   59   80.00000   58.00000  27.5%  79.4  680s
*175791 65149              80      79.0000000   58.00000  26.6%  79.3  684s
H175825 65117                      79.0000000   58.00000  26.6%  79.3  685s
 176639 65375   65.00000   47   94   79.00000   58.00000  26.6%  79.4  690s
 177697 65722   75.00000   46   59   79.00000   58.00000  26.6%  79.5  695s
 179040 66214   76.00000   49   43   79.00000   58.00000  26.6%  79.5  700s
 180085 66571 infeasible   38        79.00000   58.00000  26.6%  79.6  705s
 181371 67052   73.00000   45   56   79.00000   58.00000  26.6%  79.6  710s
 182344 67359   60.00000   43   64   79.00000   58.00000  26.6%  79.6  715s
 183381 67695   64.00000   45   63   79.00000   58.00000  26.6%  79.7  720s
 184612 68143   78.00000   52   97   79.00000   58.00000  26.6%  79.8  725s
 185837 68548 infeasible   38        79.00000   58.00000  26.6%  79.8  730s
 187091 68971   70.00000   41   92   79.00000   58.00000  26.6%  79.9  735s
 188331 69388   78.00000   52   73   79.00000   58.00000  26.6%  79.9  740s
 189662 69833   68.00000   53   77   79.00000   58.00000  26.6%  79.9  745s
 190752 70205   71.00000   36   80   79.00000   58.00000  26.6%  80.1  750s
 191791 70544   66.57143   43   77   79.00000   58.00000  26.6%  80.2  755s
 193021 70972   75.00000   54  103   79.00000   58.00000  26.6%  80.3  760s
 194319 71397 infeasible   61        79.00000   58.00000  26.6%  80.3  765s
 195504 71744 infeasible   45        79.00000   58.00000  26.6%  80.3  770s
 196791 72135   73.00000   37   97   79.00000   58.00000  26.6%  80.4  775s
 198026 72587 infeasible   48        79.00000   58.00000  26.6%  80.4  780s
 199118 72948   67.00000   41   78   79.00000   58.00000  26.6%  80.5  785s
 200323 73335   76.00000   42   53   79.00000   58.00000  26.6%  80.6  790s
 201639 73748   67.00000   42   77   79.00000   58.00000  26.6%  80.6  795s
 202837 74065   58.00000   58  106   79.00000   58.00000  26.6%  80.7  800s
 203871 74386 infeasible   52        79.00000   58.00000  26.6%  80.8  805s
 204955 74792   63.64000   45   70   79.00000   58.00000  26.6%  80.8  810s
 206022 75166 infeasible   63        79.00000   58.00000  26.6%  81.0  815s
 207002 75487   64.00000   43   72   79.00000   58.00000  26.6%  81.1  820s
 208067 75826 infeasible   57        79.00000   58.00000  26.6%  81.2  825s
 209137 76113   69.00000   34   84   79.00000   58.00000  26.6%  81.4  830s
 210313 76485   69.00000   44   65   79.00000   58.00000  26.6%  81.4  835s
 211341 76842 infeasible   56        79.00000   58.00000  26.6%  81.5  840s
 212543 77301   75.00000   58   65   79.00000   58.00000  26.6%  81.6  845s
 213427 77576   64.00000   48  110   79.00000   58.00000  26.6%  81.7  850s
 214519 77943   61.00000   53   88   79.00000   58.00000  26.6%  81.8  855s
 215619 78338 infeasible   51        79.00000   58.00000  26.6%  81.9  860s
 216802 78764   61.00000   51  122   79.00000   58.00000  26.6%  81.9  865s
 217863 79142   76.00000   50   77   79.00000   58.00000  26.6%  82.0  870s
 218993 79526   70.00000   44   57   79.00000   58.00000  26.6%  82.1  875s
 219827 79777   64.00000   45  115   79.00000   58.00000  26.6%  82.2  880s
 220906 80144   70.00000   39   88   79.00000   58.00000  26.6%  82.3  885s
 222017 80537   58.38101   48  103   79.00000   58.00000  26.6%  82.4  890s
 223182 80920   67.00000   52   94   79.00000   58.00000  26.6%  82.4  895s
 224281 81338   73.00000   48   61   79.00000   58.00000  26.6%  82.5  900s
 225246 81674   72.00000   46   79   79.00000   58.00000  26.6%  82.6  905s
 226296 82046   61.00000   49  104   79.00000   58.00000  26.6%  82.7  910s
 227420 82383 infeasible   64        79.00000   58.00000  26.6%  82.8  915s
 228483 82753   67.00000   49  104   79.00000   58.00000  26.6%  82.9  920s
 229446 83079   66.00000   49   98   79.00000   58.00000  26.6%  83.0  925s
 230299 83376 infeasible   53        79.00000   58.00000  26.6%  83.2  930s
 231172 83623 infeasible   52        79.00000   58.00000  26.6%  83.3  935s
 232149 83933   61.00000   47  130   79.00000   58.00000  26.6%  83.4  940s
 233288 84341   63.00000   62  100   79.00000   58.00000  26.6%  83.4  945s
 234176 84621   62.30769   48  131   79.00000   58.30769  26.2%  83.6  950s
 235105 84892   60.16602   48  109   79.00000   58.85941  25.5%  83.7  955s
 236368 85251   72.00000   55   38   79.00000   59.00000  25.3%  83.7  960s
 237848 85722   67.00000   48   59   79.00000   59.00000  25.3%  83.7  965s
 239270 86123   70.00000   52   65   79.00000   59.00000  25.3%  83.6  970s
 240281 86374   77.00000   55   43   79.00000   59.00000  25.3%  83.6  975s
 241651 86768   67.00000   51   65   79.00000   59.00000  25.3%  83.6  980s
 243027 87134 infeasible   56        79.00000   59.00000  25.3%  83.6  985s
 244455 87466   67.00000   48   76   79.00000   59.00000  25.3%  83.5  990s
 245626 87753 infeasible   69        79.00000   59.00000  25.3%  83.6  995s
 246845 88058   66.00000   53   84   79.00000   59.00000  25.3%  83.6 1000s
 247944 88323 infeasible   65        79.00000   59.00000  25.3%  83.6 1005s
 249307 88719 infeasible   45        79.00000   59.00000  25.3%  83.6 1010s
*250407 82050              76      78.0000000   59.00000  24.4%  83.6 1014s
 250437 82058   70.00000   49   86   78.00000   59.00000  24.4%  83.6 1015s
 250814 82130 infeasible   51        78.00000   59.00000  24.4%  83.7 1020s
 251559 82252   59.00000   46   93   78.00000   59.00000  24.4%  83.8 1025s
 252682 82528 infeasible   41        78.00000   59.00000  24.4%  83.9 1030s
 253933 82776 infeasible   50        78.00000   59.00000  24.4%  83.9 1035s
 254788 82958     cutoff   42        78.00000   59.00000  24.4%  84.0 1040s
 255934 83198   65.00000   49   72   78.00000   59.00000  24.4%  84.1 1045s
 256971 83355 infeasible   59        78.00000   59.00000  24.4%  84.1 1050s
 257731 83495   70.00000   45   58   78.00000   59.00000  24.4%  84.2 1055s
 258986 83748 infeasible   51        78.00000   59.00000  24.4%  84.2 1060s
 260175 83982 infeasible   52        78.00000   59.00000  24.4%  84.3 1065s
 261220 84207   71.00000   50   90   78.00000   59.00000  24.4%  84.3 1070s
 262454 84426 infeasible   53        78.00000   59.00000  24.4%  84.3 1075s
 263354 84594     cutoff   59        78.00000   59.00000  24.4%  84.4 1080s
 264398 84842 infeasible   50        78.00000   59.00000  24.4%  84.5 1085s
 265378 85039   72.00000   56   76   78.00000   59.00000  24.4%  84.6 1090s
 266278 85283 infeasible   60        78.00000   59.00000  24.4%  84.7 1095s
 267277 85514   74.00000   55   44   78.00000   59.00000  24.4%  84.8 1100s
 268478 85801 infeasible   58        78.00000   59.00000  24.4%  84.8 1105s
 269592 86023   71.00000   49   71   78.00000   59.00000  24.4%  84.9 1110s
 270565 86203   59.00000   47   98   78.00000   59.00000  24.4%  84.9 1115s
 271608 86372   62.00000   42   81   78.00000   59.00000  24.4%  85.0 1120s
 272662 86612 infeasible   44        78.00000   59.00000  24.4%  85.1 1125s
 273700 86828   62.65385   43   67   78.00000   59.00000  24.4%  85.2 1130s
 274572 87010   63.00000   51   72   78.00000   59.00000  24.4%  85.3 1135s
 275614 87192   71.00000   41  110   78.00000   59.00000  24.4%  85.3 1140s
 276571 87394   70.00000   47  108   78.00000   59.00000  24.4%  85.4 1145s
 277389 87546 infeasible   59        78.00000   59.00000  24.4%  85.6 1150s
 278213 87672 infeasible   56        78.00000   59.00000  24.4%  85.7 1155s
 278923 87852   69.00000   54   90   78.00000   59.00000  24.4%  85.9 1160s
 279664 87987 infeasible   56        78.00000   59.00000  24.4%  86.1 1165s
 280342 88119   59.00000   53  121   78.00000   59.00000  24.4%  86.3 1170s
 280902 88194 infeasible   43        78.00000   59.00000  24.4%  86.5 1175s
 281733 88320   61.00000   51  118   78.00000   59.40000  23.8%  86.6 1180s
 282894 88440 infeasible   47        78.00000   60.00000  23.1%  86.6 1185s
 284247 88614 infeasible   51        78.00000   60.00000  23.1%  86.6 1190s
 285222 88714 infeasible   53        78.00000   60.00000  23.1%  86.7 1195s
 286585 88878   65.00000   48   64   78.00000   60.00000  23.1%  86.6 1200s
 287765 89027 infeasible   47        78.00000   60.00000  23.1%  86.6 1205s
 288858 89136   60.00000   46   67   78.00000   60.00000  23.1%  86.7 1210s
 289985 89294   60.00000   48   82   78.00000   60.00000  23.1%  86.7 1215s
 291035 89509 infeasible   54        78.00000   60.00000  23.1%  86.7 1220s
 292292 89759   75.00000   46   61   78.00000   60.00000  23.1%  86.7 1225s
 293352 89964   69.00000   45   65   78.00000   60.00000  23.1%  86.7 1230s
 294358 90120   68.00000   48   45   78.00000   60.00000  23.1%  86.8 1235s
 295466 90326   60.23529   41   92   78.00000   60.00000  23.1%  86.9 1240s
 296490 90480 infeasible   41        78.00000   60.00000  23.1%  86.9 1245s
H297601 90623                      78.0000000   60.00000  23.1%  86.9 1250s
 298019 90623   70.00000   50   75   78.00000   60.00000  23.1%  87.0 1255s
 298805 90721   74.00000   39   60   78.00000   60.00000  23.1%  87.0 1260s
 299633 90904 infeasible   42        78.00000   60.00000  23.1%  87.1 1265s
 300807 91074   70.00000   47   75   78.00000   60.00000  23.1%  87.1 1270s
 301898 91269 infeasible   46        78.00000   60.00000  23.1%  87.1 1275s
 303053 91496   61.00000   42   76   78.00000   60.00000  23.1%  87.1 1280s
 304161 91693 infeasible   49        78.00000   60.00000  23.1%  87.1 1285s
 305324 91823   60.00000   54  107   78.00000   60.00000  23.1%  87.1 1290s
 306285 91980 infeasible   62        78.00000   60.00000  23.1%  87.2 1295s
 307591 92153   67.00000   49   93   78.00000   60.00000  23.1%  87.1 1300s
 308662 92299   69.00000   54   90   78.00000   60.00000  23.1%  87.2 1305s
 309646 92491 infeasible   56        78.00000   60.00000  23.1%  87.2 1310s
 310424 92656 infeasible   53        78.00000   60.00474  23.1%  87.3 1315s
 311310 92764   70.00000   50  107   78.00000   60.92857  21.9%  87.4 1320s
 312647 92972   72.00000   44   52   78.00000   61.00000  21.8%  87.3 1325s
 313907 93171   64.00000   51   57   78.00000   61.00000  21.8%  87.3 1330s
 315129 93284   64.00000   42   78   78.00000   61.00000  21.8%  87.3 1335s
 316366 93549 infeasible   46        78.00000   61.00000  21.8%  87.3 1340s
 317649 93692   61.00000   43   64   78.00000   61.00000  21.8%  87.3 1345s
 318807 93812 infeasible   51        78.00000   61.00000  21.8%  87.3 1350s
 319818 93929   72.00000   47   67   78.00000   61.00000  21.8%  87.4 1355s
 321035 94095 infeasible   52        78.00000   61.00000  21.8%  87.4 1360s
 322275 94310   69.00000   57   59   78.00000   61.00000  21.8%  87.4 1365s
 323201 94416   70.00000   53   63   78.00000   61.00000  21.8%  87.5 1370s
 324298 94567 infeasible   59        78.00000   61.00000  21.8%  87.5 1375s
 325598 94810   72.00000   51   82   78.00000   61.00000  21.8%  87.5 1380s
 326645 94922   64.00000   49   81   78.00000   61.00000  21.8%  87.5 1385s
 327870 95180 infeasible   46        78.00000   61.00000  21.8%  87.5 1390s
 329149 95461 infeasible   50        78.00000   61.00000  21.8%  87.5 1395s
 330392 95697   62.00000   48   85   78.00000   61.00000  21.8%  87.5 1400s
 331346 95892   77.00000   58   28   78.00000   61.00000  21.8%  87.5 1405s
 332487 96090     cutoff   38        78.00000   61.00000  21.8%  87.5 1410s
 333772 96328   72.00000   40   76   78.00000   61.00000  21.8%  87.5 1415s
 335147 96637   75.00000   49   41   78.00000   61.00000  21.8%  87.5 1420s
 336209 96902 infeasible   52        78.00000   61.00000  21.8%  87.5 1425s
 337399 97110   72.00000   50   54   78.00000   61.00000  21.8%  87.5 1430s
 338740 97384 infeasible   60        78.00000   61.00000  21.8%  87.5 1435s
 339989 97641   68.00000   52   85   78.00000   61.00000  21.8%  87.5 1440s
 341185 97844 infeasible   54        78.00000   61.00000  21.8%  87.5 1445s
 342278 98063   72.00000   44   52   78.00000   61.00000  21.8%  87.5 1450s
 343460 98399   72.00000   49   71   78.00000   61.00000  21.8%  87.5 1455s
 344402 98614   70.00000   51   63   78.00000   61.00000  21.8%  87.6 1460s
 345415 98832 infeasible   45        78.00000   61.00000  21.8%  87.6 1465s
 346488 99021   69.00000   56   82   78.00000   61.00000  21.8%  87.7 1470s
 347697 99237   61.00000   47   69   78.00000   61.00000  21.8%  87.7 1475s
 348716 99457 infeasible   49        78.00000   61.00000  21.8%  87.7 1480s
 349919 99708   71.00000   53   77   78.00000   61.00000  21.8%  87.7 1485s
 351037 100003   75.00000   46   82   78.00000   61.00000  21.8%  87.7 1490s
 352106 100280   72.00000   48   90   78.00000   61.00000  21.8%  87.7 1495s
 353190 100542 infeasible   47        78.00000   61.00000  21.8%  87.8 1500s
 354249 100782   61.00000   59   78   78.00000   61.00000  21.8%  87.8 1505s
 355409 101024   74.00000   49   61   78.00000   61.00000  21.8%  87.8 1510s
 356529 101258   61.00000   38   98   78.00000   61.00000  21.8%  87.9 1515s
 357518 101474   64.00000   51   85   78.00000   61.00000  21.8%  87.9 1520s
 358587 101671   74.00000   36   51   78.00000   61.00000  21.8%  87.9 1525s
 359388 101804   64.00000   37   88   78.00000   61.00000  21.8%  88.0 1530s
 360439 102062   61.00000   45   89   78.00000   61.00000  21.8%  88.1 1535s
 361644 102389     cutoff   41        78.00000   61.00000  21.8%  88.1 1540s
 362728 102625 infeasible   43        78.00000   61.00000  21.8%  88.1 1545s
 363704 102796   75.00000   55   32   78.00000   61.00000  21.8%  88.1 1550s
 364860 103007 infeasible   38        78.00000   61.00000  21.8%  88.2 1555s
 365704 103142   61.00000   45   47   78.00000   61.00000  21.8%  88.2 1560s
 366824 103388   61.00000   45   80   78.00000   61.00000  21.8%  88.2 1565s
 367848 103670 infeasible   50        78.00000   61.00000  21.8%  88.2 1570s
 368968 103919   67.00000   35   72   78.00000   61.00000  21.8%  88.3 1575s
 370090 104111   64.00000   53   68   78.00000   61.00000  21.8%  88.3 1580s
 371311 104383   61.00000   43   80   78.00000   61.00000  21.8%  88.3 1585s
 372352 104605   71.00000   43   80   78.00000   61.00000  21.8%  88.3 1590s
 373222 104772   70.00000   60   93   78.00000   61.00000  21.8%  88.4 1595s
 374262 104937   62.00000   53  109   78.00000   61.00000  21.8%  88.4 1600s
 375334 105186 infeasible   47        78.00000   61.00000  21.8%  88.5 1605s
 376331 105397   67.00000   43   45   78.00000   61.00000  21.8%  88.5 1610s
 377428 105640 infeasible   46        78.00000   61.00000  21.8%  88.5 1615s
 378499 105842   70.00000   40   82   78.00000   61.00000  21.8%  88.5 1620s
 379347 106006   69.00000   38   84   78.00000   61.00000  21.8%  88.6 1625s
 380258 106194 infeasible   53        78.00000   61.00000  21.8%  88.6 1630s
 381433 106427 infeasible   51        78.00000   61.00000  21.8%  88.7 1635s
 382559 106644 infeasible   39        78.00000   61.00000  21.8%  88.7 1640s
 383836 106994   69.00000   61   56   78.00000   61.00000  21.8%  88.6 1645s
 384838 107143   64.00000   47   80   78.00000   61.00000  21.8%  88.7 1650s
 385767 107315   70.00000   50   79   78.00000   61.00000  21.8%  88.7 1655s
 386872 107522 infeasible   51        78.00000   61.00000  21.8%  88.7 1660s
 387759 107705   76.00000   40   69   78.00000   61.00000  21.8%  88.8 1665s
 389056 107994 infeasible   54        78.00000   61.00000  21.8%  88.7 1670s
 390245 108284 infeasible   39        78.00000   61.00000  21.8%  88.7 1675s
 391381 108561 infeasible   54        78.00000   61.00000  21.8%  88.8 1680s
 392281 108705   71.00000   41   70   78.00000   61.00000  21.8%  88.8 1685s
 393219 108887 infeasible   62        78.00000   61.00000  21.8%  88.8 1690s
 394300 109130 infeasible   52        78.00000   61.00000  21.8%  88.9 1695s
 395501 109357 infeasible   49        78.00000   61.00000  21.8%  88.9 1700s
 396576 109467 infeasible   35        78.00000   61.00000  21.8%  88.9 1705s
 397577 109646   61.00000   42   74   78.00000   61.00000  21.8%  88.9 1710s
 398594 109801 infeasible   47        78.00000   61.00000  21.8%  89.0 1715s
 399546 109942 infeasible   58        78.00000   61.00000  21.8%  89.0 1720s
 400619 110143   71.00000   55   79   78.00000   61.00000  21.8%  89.0 1725s
 401970 110460 infeasible   58        78.00000   61.00000  21.8%  89.0 1730s
 402965 110685     cutoff   68        78.00000   61.00000  21.8%  89.0 1735s
 404163 110931   74.00000   53   59   78.00000   61.00000  21.8%  89.0 1740s
 405290 111205   67.00000   45   92   78.00000   61.00000  21.8%  89.0 1745s
 406426 111512 infeasible   49        78.00000   61.00000  21.8%  89.1 1750s
 407512 111728 infeasible   49        78.00000   61.00000  21.8%  89.1 1755s
 408589 111982   67.00000   48   68   78.00000   61.00000  21.8%  89.1 1760s
 409738 112237   69.00000   40   58   78.00000   61.00000  21.8%  89.1 1765s
 410751 112439 infeasible   51        78.00000   61.00000  21.8%  89.1 1770s
 411613 112548 infeasible   43        78.00000   61.00000  21.8%  89.2 1775s
 412544 112744   75.00000   50   84   78.00000   61.00000  21.8%  89.2 1780s
 413755 113026   67.00000   54   66   78.00000   61.00000  21.8%  89.2 1785s
 414774 113216   61.00000   40   77   78.00000   61.00000  21.8%  89.2 1790s
 415748 113379   75.00000   49   78   78.00000   61.00000  21.8%  89.3 1795s

Cutting planes:
  Gomory: 6
  Cover: 9
  Implied bound: 10
  Projected implied bound: 3
  Clique: 2
  MIR: 10
  Flow cover: 25
  RLT: 32
  BQP: 5

Explored 416754 nodes (37247451 simplex iterations) in 1800.00 seconds (1531.16 work units)
Thread count was 1 (of 96 available processors)

Solution count 10: 78 78 79 ... 83

Time limit reached
Best objective 7.799999999210e+01, best bound 6.100000000000e+01, gap 21.7949%
WARNING: Loading a SolverResults object with an 'aborted' status, but
    containing a solution

Instance 18_2, formulation altered, reform hull:
  Rect 0: x = 20.00, y = 13.00
  Rect 1: x = 44.00, y = 11.00
  Rect 2: x = 47.00, y = 5.00
  Rect 3: x = 36.00, y = 14.00
  Rect 4: x = 0.00, y = 14.00
  Rect 5: x = 59.00, y = 7.00
  Rect 6: x = 6.00, y = 14.00
  Rect 7: x = 21.00, y = 14.00
  Rect 8: x = 54.00, y = 14.00
  Rect 9: x = 47.00, y = 10.00
  Rect 10: x = 54.00, y = 9.00
  Rect 11: x = 67.00, y = 14.00
  Rect 12: x = 0.00, y = 2.00
  Rect 13: x = 36.00, y = 10.00
  Rect 14: x = 52.00, y = 14.00
  Rect 15: x = 50.00, y = 14.00
  Rect 16: x = 67.00, y = 7.00
  Rect 17: x = 20.00, y = 7.00
  → saved figures to strip_figures/18_2_altered_hull.png and strip_figures/18_2_altered_hull.pdf
Set parameter TokenServer to value "mooring.ecn.purdue.edu"
Read LP format model from file /tmp/tmptos_jyqe.pyomo.lp
Reading time = 0.00 seconds
x650: 2008 rows, 650 columns, 4933 nonzeros
Set parameter TimeLimit to value 1800
Set parameter Threads to value 1
Gurobi Optimizer version 11.0.0 build v11.0.0rc2 (linux64 - "Oracle Linux Server 9.6")

CPU model: AMD EPYC 7643 48-Core Processor, instruction set [SSE2|AVX|AVX2]
Thread count: 48 physical cores, 96 logical processors, using up to 1 threads

Optimize a model with 2008 rows, 650 columns and 4933 nonzeros
Model fingerprint: 0x0f39e909
Variable types: 38 continuous, 612 integer (612 binary)
Coefficient statistics:
  Matrix range     [1e+00, 2e+02]
  Objective range  [1e+00, 1e+00]
  Bounds range     [1e+00, 1e+02]
  RHS range        [1e+00, 1e+02]
Presolve removed 1447 rows and 224 columns
Presolve time: 0.00s
Presolved: 561 rows, 426 columns, 1744 nonzeros
Variable types: 36 continuous, 390 integer (390 binary)
Found heuristic solution: objective 127.0000000
Found heuristic solution: objective 126.0000000
Found heuristic solution: objective 112.0000000

Root relaxation: objective 3.000000e+01, 234 iterations, 0.00 seconds (0.00 work units)

    Nodes    |    Current Node    |     Objective Bounds      |     Work
 Expl Unexpl |  Obj  Depth IntInf | Incumbent    BestBd   Gap | It/Node Time

     0     0   30.00000    0   35  112.00000   30.00000  73.2%     -    0s
H    0     0                      98.0000000   30.00000  69.4%     -    0s
     0     0   30.00000    0  101   98.00000   30.00000  69.4%     -    0s
     0     0   30.00000    0   95   98.00000   30.00000  69.4%     -    0s
     0     0   32.42809    0   79   98.00000   32.42809  66.9%     -    0s
H    0     0                      96.0000000   35.25806  63.3%     -    0s
     0     0   35.25806    0   79   96.00000   35.25806  63.3%     -    0s
     0     0   35.50000    0  104   96.00000   35.50000  63.0%     -    0s
     0     0   35.50000    0  103   96.00000   35.50000  63.0%     -    0s
     0     0   35.50000    0  107   96.00000   35.50000  63.0%     -    0s
     0     0   35.50000    0   93   96.00000   35.50000  63.0%     -    0s
     0     0   35.50000    0   52   96.00000   35.50000  63.0%     -    0s
H    0     0                      91.0000000   35.50000  61.0%     -    0s
     0     0   35.50000    0   50   91.00000   35.50000  61.0%     -    0s
     0     0   35.50000    0   39   91.00000   35.50000  61.0%     -    0s
     0     0   35.50000    0   54   91.00000   35.50000  61.0%     -    0s
     0     0   35.51064    0   45   91.00000   35.51064  61.0%     -    0s
H    0     0                      89.0000000   35.51064  60.1%     -    0s
     0     0   35.51064    0   66   89.00000   35.51064  60.1%     -    0s
     0     0   35.51064    0   89   89.00000   35.51064  60.1%     -    0s
     0     0   35.51064    0   40   89.00000   35.51064  60.1%     -    0s
     0     2   41.12903    0   36   89.00000   41.12903  53.8%     -    0s
*  106    85              76      88.0000000   41.12903  53.3%   8.7    0s
*  569   457              76      87.0000000   41.23529  52.6%   8.8    0s
H  596   449                      86.0000000   43.00000  50.0%  27.1    0s
H  883   576                      86.0000000   43.00000  50.0%  22.7    1s
H 1843   928                      85.0000000   43.00000  49.4%  15.7    2s
H 2522  1396                      84.0000000   43.00000  48.8%  13.8    2s
H 2574  1418                      84.0000000   43.00000  48.8%  13.9    2s
* 3423  1844              61      83.0000000   44.00000  47.0%  14.1    2s
* 4387  2306              52      82.0000000   45.04473  45.1%  15.0    3s
H 5387  2804                      82.0000000   46.36207  43.5%  16.2    4s
  6336  3280   55.00000   29   52   82.00000   48.00000  41.5%  16.7    5s
H 9797  4903                      81.0000000   49.00000  39.5%  17.1    7s
H10750  5381                      81.0000000   49.00000  39.5%  17.5   10s
*12051  5612              56      80.0000000   49.05172  38.7%  18.1   11s
 15345  6924     cutoff   35        80.00000   50.00000  37.5%  19.7   15s
*17536  7735              57      80.0000000   50.00000  37.5%  21.0   17s
 19017  8227     cutoff   40        80.00000   50.43501  37.0%  21.7   20s
 23075  9644   77.00000   36   64   80.00000   51.00000  36.2%  23.1   25s
 27674 11260   57.00000   19   91   80.00000   51.44000  35.7%  24.2   30s
 31455 12417   52.00000   35  103   80.00000   52.00000  35.0%  25.3   35s
 35499 13543   60.00000   29  106   80.00000   52.00000  35.0%  26.3   40s
H36763 13461                      79.0000000   52.00000  34.2%  26.5   41s
H36764 13460                      79.0000000   52.00000  34.2%  26.5   41s
H36776 13040                      78.0000000   52.00000  33.3%  26.4   41s
H36846 13060                      78.0000000   52.00000  33.3%  26.5   42s
 38738 13502   58.00000   21  135   78.00000   52.00000  33.3%  27.0   45s
 41831 14253   75.00000   26  106   78.00000   53.00000  32.1%  27.8   50s
 44731 14927 infeasible   40        78.00000   53.00000  32.1%  28.4   55s
 47751 15608 infeasible   30        78.00000   54.00000  30.8%  29.1   60s
 50458 16146   62.00000   16   53   78.00000   54.00000  30.8%  29.7   65s
 53042 16589   63.00000   31  104   78.00000   54.00000  30.8%  30.4   70s
 55943 17171 infeasible   28        78.00000   54.00000  30.8%  30.6   75s
 58905 17795 infeasible   31        78.00000   54.42857  30.2%  31.0   80s
 61883 18327   55.00000   21  113   78.00000   55.00000  29.5%  31.3   85s
 64948 19023 infeasible   28        78.00000   55.00000  29.5%  31.7   90s
 68486 19910   57.00000   25  136   78.00000   55.00000  29.5%  31.8   95s
 71631 20689 infeasible   42        78.00000   55.00000  29.5%  31.9  100s
 74484 21325   66.00000   25   59   78.00000   55.00000  29.5%  32.3  105s
 77605 22023   56.52941   35  131   78.00000   55.00000  29.5%  32.3  110s
 80231 22562   57.00000   24  113   78.00000   55.00000  29.5%  32.6  115s
 83412 23281   77.00000   37   48   78.00000   55.10345  29.4%  32.8  120s
 86360 23832 infeasible   42        78.00000   56.00000  28.2%  33.1  125s
 89204 24279 infeasible   28        78.00000   56.00000  28.2%  33.4  130s
 92193 24960   56.00000   25  118   78.00000   56.00000  28.2%  33.6  135s
 95026 25484 infeasible   29        78.00000   56.00000  28.2%  33.9  140s
 97652 25932 infeasible   29        78.00000   56.00000  28.2%  34.1  145s
 100498 26460 infeasible   36        78.00000   56.00000  28.2%  34.3  150s
 103519 27017 infeasible   37        78.00000   56.00000  28.2%  34.4  155s
 106614 27622   57.00000   23  106   78.00000   56.00000  28.2%  34.5  160s
 109354 28145 infeasible   42        78.00000   56.00000  28.2%  34.6  165s
 111969 28602   69.00000   32   51   78.00000   56.00000  28.2%  34.8  170s
 115186 29313 infeasible   47        78.00000   56.07692  28.1%  34.9  175s
 118412 29913   68.00000   28   71   78.00000   57.00000  26.9%  35.0  180s
 121639 30395   65.00000   30   54   78.00000   57.00000  26.9%  35.2  185s
 125101 30990   57.00000   30  146   78.00000   57.00000  26.9%  35.4  190s
 128459 31626 infeasible   45        78.00000   57.00000  26.9%  35.5  195s
 131721 32157   59.00000   32  111   78.00000   57.00000  26.9%  35.7  200s
 134398 32597   66.00000   31   91   78.00000   57.00000  26.9%  35.9  205s
 137347 33074   67.00000   43   57   78.00000   57.00000  26.9%  36.0  210s
 139854 33498   57.00000   35  152   78.00000   57.00000  26.9%  36.1  215s
 142904 33997 infeasible   30        78.00000   57.00000  26.9%  36.3  220s
 146015 34590   57.00000   30  114   78.00000   57.00000  26.9%  36.4  225s
 149158 35126   57.25080   25  112   78.00000   57.00000  26.9%  36.6  230s
 152341 35675   58.84539   30  157   78.00000   57.00000  26.9%  36.7  235s
 155711 36311   74.00000   38   58   78.00000   57.00000  26.9%  36.8  240s
 158835 36851 infeasible   44        78.00000   57.00000  26.9%  36.9  245s
 162061 37434 infeasible   23        78.00000   57.00000  26.9%  37.1  250s
 165027 37918 infeasible   38        78.00000   57.32099  26.5%  37.2  255s
 168109 38381   61.00000   28   85   78.00000   58.00000  25.6%  37.3  260s
 171397 38879 infeasible   33        78.00000   58.00000  25.6%  37.4  265s
 174287 39297   58.00000   21  124   78.00000   58.00000  25.6%  37.6  270s
 177297 39800   74.00000   35   72   78.00000   58.00000  25.6%  37.7  275s
 180454 40273 infeasible   33        78.00000   58.00000  25.6%  37.8  280s
 183156 40705   61.00000   33  113   78.00000   58.00000  25.6%  37.9  285s
 186019 41138   72.00000   40   49   78.00000   58.00000  25.6%  38.0  290s
 189231 41713   58.00000   39  103   78.00000   58.00000  25.6%  38.1  295s
 192413 42160   66.00000   30   90   78.00000   58.00000  25.6%  38.2  300s
 195420 42546   66.00000   32   71   78.00000   58.00000  25.6%  38.3  305s
 198370 42941   74.00000   41   87   78.00000   58.00000  25.6%  38.4  310s
 201629 43432   71.00000   27  132   78.00000   58.00000  25.6%  38.5  315s
 204126 43770   68.00000   31   78   78.00000   58.00000  25.6%  38.6  320s
 207262 44218   64.00000   45   86   78.00000   58.00000  25.6%  38.6  325s
 210382 44600 infeasible   41        78.00000   58.00000  25.6%  38.7  330s
 213539 45102   73.00000   41   83   78.00000   58.00000  25.6%  38.8  335s
 216732 45652   62.00000   25  109   78.00000   58.00000  25.6%  38.9  340s
 219754 46104   61.00000   31  126   78.00000   58.00000  25.6%  39.0  345s
 222853 46566 infeasible   39        78.00000   58.00000  25.6%  39.1  350s
 226037 47067   62.00000   31   56   78.00000   58.00000  25.6%  39.1  355s
 228600 47342   70.00000   44   78   78.00000   58.00000  25.6%  39.2  360s
 231387 47793   77.00000   48   63   78.00000   58.16049  25.4%  39.3  365s
 234396 48127   71.00000   33  103   78.00000   59.00000  24.4%  39.4  370s
 237459 48555 infeasible   29        78.00000   59.00000  24.4%  39.5  375s
 240629 49036 infeasible   45        78.00000   59.00000  24.4%  39.5  380s
 243394 49322   63.00000   40  120   78.00000   59.00000  24.4%  39.7  385s
 246783 49815   65.00000   30  112   78.00000   59.00000  24.4%  39.7  390s
 249391 50134   66.00000   38  132   78.00000   59.00000  24.4%  39.8  395s
 252678 50636   60.00000   47  128   78.00000   59.00000  24.4%  39.8  400s
 255778 51099   69.00000   25   87   78.00000   59.00000  24.4%  39.9  405s
 258913 51444   59.00000   32  116   78.00000   59.00000  24.4%  39.9  410s
 261275 51677   61.25000   38   99   78.00000   59.00000  24.4%  40.1  415s
 263522 51949 infeasible   42        78.00000   59.00000  24.4%  40.1  420s
 265530 52105 infeasible   41        78.00000   59.00000  24.4%  40.2  425s
 267631 52331 infeasible   35        78.00000   59.00000  24.4%  40.3  430s
 269748 52528   59.00000   39  127   78.00000   59.00000  24.4%  40.4  435s
 271963 52704   59.00000   33  116   78.00000   59.00000  24.4%  40.5  440s
 273705 52738   72.00000   29   91   78.00000   59.00000  24.4%  40.5  445s
 275343 52868   59.00000   40   91   78.00000   59.00000  24.4%  40.6  450s
 277485 53040   61.00000   39  127   78.00000   59.00000  24.4%  40.7  455s
 279654 53266   59.00000   42  131   78.00000   59.00000  24.4%  40.7  460s
 281774 53437   70.00000   31  115   78.00000   59.00000  24.4%  40.8  465s
 283659 53613 infeasible   42        78.00000   59.00000  24.4%  40.9  470s
 285764 53808   69.00000   32  103   78.00000   59.00000  24.4%  41.0  475s
 287947 54027   71.00000   42   86   78.00000   59.00000  24.4%  41.0  480s
 290030 54226   71.00000   40   89   78.00000   59.00000  24.4%  41.1  485s
 291981 54399 infeasible   45        78.00000   59.00000  24.4%  41.2  490s
 294026 54636   70.00000   47   54   78.00000   59.00000  24.4%  41.2  495s
 296223 54944   59.00000   34  142   78.00000   59.00000  24.4%  41.3  500s
 298490 55223   64.00000   38  108   78.00000   59.00000  24.4%  41.3  505s
 300611 55454   70.00000   47  123   78.00000   59.00000  24.4%  41.4  510s
 302701 55584   66.00000   31   99   78.00000   59.00000  24.4%  41.5  515s
 304817 55841   60.00000   32  134   78.00000   59.00000  24.4%  41.5  520s
 306943 56102   61.00000   33  119   78.00000   59.00000  24.4%  41.6  525s
 309116 56294 infeasible   35        78.00000   59.00000  24.4%  41.7  530s
 311286 56567   70.00000   36   99   78.00000   59.00000  24.4%  41.7  535s
 313411 56704   63.00000   38  133   78.00000   59.25000  24.0%  41.8  540s
 315321 56753   72.00000   44  101   78.00000   60.00000  23.1%  41.9  545s
 317493 56858 infeasible   38        78.00000   60.00000  23.1%  42.0  550s
 319424 56953   61.00000   35  115   78.00000   60.00000  23.1%  42.0  555s
 321358 57025 infeasible   35        78.00000   60.00000  23.1%  42.1  560s
 323186 57061   65.00000   35   60   78.00000   60.00000  23.1%  42.2  565s
 324813 57015   60.00000   30   58   78.00000   60.00000  23.1%  42.3  570s
 326704 57160 infeasible   35        78.00000   60.00000  23.1%  42.4  575s
 328824 57396   63.00000   30  114   78.00000   60.00000  23.1%  42.5  580s
 330796 57460   69.00000   38   67   78.00000   60.00000  23.1%  42.5  585s
 332706 57588 infeasible   29        78.00000   60.00000  23.1%  42.6  590s
 334945 57764   64.00000   41  108   78.00000   60.00000  23.1%  42.6  595s
 336797 57921   67.00000   39  109   78.00000   60.00000  23.1%  42.7  600s
 338896 58122   63.00000   35   84   78.00000   60.00000  23.1%  42.8  605s
 340937 58288   62.00000   33  118   78.00000   60.00000  23.1%  42.8  610s
 342734 58338   60.00000   26  109   78.00000   60.00000  23.1%  42.9  615s
 344690 58534   67.00000   32  101   78.00000   60.00000  23.1%  43.0  620s
 346538 58613 infeasible   41        78.00000   60.00000  23.1%  43.0  625s
 348632 58751 infeasible   33        78.00000   60.00000  23.1%  43.1  630s
 350677 58833 infeasible   34        78.00000   60.00000  23.1%  43.2  635s
 352797 58929 infeasible   26        78.00000   60.00000  23.1%  43.2  640s
 354820 59006   68.00000   41  112   78.00000   60.00000  23.1%  43.3  645s
 356683 59155 infeasible   45        78.00000   60.00000  23.1%  43.3  650s
 358640 59256 infeasible   40        78.00000   60.00000  23.1%  43.4  655s
 360585 59394   67.00000   40  117   78.00000   60.00000  23.1%  43.5  660s
 362371 59613   71.00000   40   87   78.00000   60.00000  23.1%  43.5  665s
 364679 59818   60.00000   32   99   78.00000   60.00000  23.1%  43.5  670s
 366697 59931   71.00000   36  106   78.00000   60.00000  23.1%  43.6  675s
 368607 60102 infeasible   34        78.00000   60.00000  23.1%  43.6  680s
 370998 60335 infeasible   27        78.00000   60.00000  23.1%  43.6  685s
 373068 60448   64.00000   37   88   78.00000   60.00000  23.1%  43.7  690s
 375480 60778 infeasible   34        78.00000   60.00000  23.1%  43.7  695s
 377903 60978   68.00000   40  113   78.00000   60.00000  23.1%  43.7  700s
 380431 61217   72.00000   49   54   78.00000   60.00000  23.1%  43.7  705s
 382923 61385   73.00000   39   48   78.00000   60.00000  23.1%  43.7  710s
 385225 61467   60.00000   25  111   78.00000   60.00000  23.1%  43.8  715s
 387718 61647   66.76471   25   82   78.00000   60.00000  23.1%  43.9  720s
 390323 61857 infeasible   31        78.00000   60.00000  23.1%  43.9  725s
 392280 61996 infeasible   34        78.00000   60.00000  23.1%  43.9  730s
 394868 62230 infeasible   47        78.00000   60.00000  23.1%  44.0  735s
 397366 62415   73.00000   43   84   78.00000   60.00000  23.1%  44.0  740s
 399861 62607   72.00000   43   43   78.00000   60.00000  23.1%  44.0  745s
 402178 62606 infeasible   39        78.00000   60.51163  22.4%  44.1  750s
 404607 62581   66.00000   37  110   78.00000   61.00000  21.8%  44.2  755s
 407185 62674   72.00000   40   54   78.00000   61.00000  21.8%  44.2  760s
 409693 62771   72.00000   33   48   78.00000   61.00000  21.8%  44.2  765s
 412084 62738   61.00000   45  130   78.00000   61.00000  21.8%  44.2  770s
 414389 62720   62.00000   37  120   78.00000   61.00000  21.8%  44.3  775s
 416757 62749   71.00000   47  102   78.00000   61.00000  21.8%  44.4  780s
 419280 62838   69.00000   33  107   78.00000   61.00000  21.8%  44.4  785s
 421749 62897 infeasible   36        78.00000   61.00000  21.8%  44.4  790s
 423886 62992   71.00000   31   74   78.00000   61.00000  21.8%  44.5  795s
 426433 63117   63.00000   33   92   78.00000   61.00000  21.8%  44.5  800s
 428864 63321 infeasible   38        78.00000   61.00000  21.8%  44.5  805s
 431414 63345   70.00000   36  129   78.00000   61.00000  21.8%  44.5  810s
 434112 63507   70.00000   43  113   78.00000   61.00000  21.8%  44.5  815s
 436627 63628 infeasible   26        78.00000   61.00000  21.8%  44.6  820s
 439108 63793   63.00000   37  102   78.00000   61.00000  21.8%  44.6  825s
 441570 63805   61.00000   35  105   78.00000   61.00000  21.8%  44.6  830s
 443614 63827   71.00000   32   96   78.00000   61.00000  21.8%  44.6  835s
 445909 63858   71.00000   35  102   78.00000   61.00000  21.8%  44.7  840s
 448315 63883 infeasible   28        78.00000   61.00000  21.8%  44.7  845s
 450900 64125   66.00000   29  117   78.00000   61.00000  21.8%  44.7  850s
 453295 64236   72.00000   46  110   78.00000   61.00000  21.8%  44.8  855s
 455911 64394 infeasible   37        78.00000   61.00000  21.8%  44.8  860s
 458525 64564   61.00000   26  104   78.00000   61.00000  21.8%  44.8  865s
 460926 64705   67.00000   25   69   78.00000   61.00000  21.8%  44.8  870s
 463095 64827   67.00000   38  106   78.00000   61.00000  21.8%  44.8  875s
 465351 64937   61.00000   32   88   78.00000   61.00000  21.8%  44.9  880s
 467853 65046   61.00000   29  125   78.00000   61.00000  21.8%  44.9  885s
 470458 65242   74.00000   40  102   78.00000   61.00000  21.8%  44.9  890s
 472823 65481   74.00000   31   48   78.00000   61.00000  21.8%  44.9  895s
 475388 65562   61.00000   31   94   78.00000   61.00000  21.8%  44.9  900s
 477937 65680 infeasible   44        78.00000   61.00000  21.8%  44.9  905s
 480500 65838   65.00000   30   87   78.00000   61.00000  21.8%  45.0  910s
 483112 66039 infeasible   33        78.00000   61.00000  21.8%  45.0  915s
 485623 66123   64.00000   39  111   78.00000   61.00000  21.8%  45.0  920s
 488014 66248   73.00000   27   97   78.00000   61.00000  21.8%  45.1  925s
 490384 66320 infeasible   41        78.00000   61.00000  21.8%  45.1  930s
 492903 66534 infeasible   26        78.00000   61.00000  21.8%  45.1  935s
 494421 66561   73.00000   36  108   78.00000   61.00000  21.8%  45.2  940s
 496864 66655 infeasible   40        78.00000   61.00000  21.8%  45.2  945s
 499349 66830   74.00000   31   99   78.00000   61.00000  21.8%  45.2  950s
 501910 67004 infeasible   37        78.00000   61.00000  21.8%  45.2  955s
 504269 67181 infeasible   36        78.00000   61.00000  21.8%  45.2  960s
 506722 67305   64.00000   48   73   78.00000   61.00000  21.8%  45.3  965s
 509026 67461 infeasible   41        78.00000   61.00000  21.8%  45.3  970s
 511445 67496   70.00000   36  129   78.00000   61.04440  21.7%  45.3  975s
 513724 67505 infeasible   42        78.00000   61.57143  21.1%  45.4  980s
 515896 67454   62.00000   33  104   78.00000   62.00000  20.5%  45.5  985s
 518293 67394   68.00000   35  108   78.00000   62.00000  20.5%  45.5  990s
 520637 67305   70.00000   33  112   78.00000   62.00000  20.5%  45.5  995s
 522926 67207 infeasible   34        78.00000   62.00000  20.5%  45.6 1000s
 525078 67094 infeasible   37        78.00000   62.00000  20.5%  45.6 1005s
 527375 67108   68.00000   24  130   78.00000   62.00000  20.5%  45.7 1010s
 529531 67206 infeasible   37        78.00000   62.00000  20.5%  45.7 1015s
 531856 67274   70.00000   20   48   78.00000   62.00000  20.5%  45.8 1020s
 534171 67329 infeasible   30        78.00000   62.00000  20.5%  45.8 1025s
 536321 67324   70.00000   30  104   78.00000   62.00000  20.5%  45.8 1030s
 538220 67338   71.00000   31   59   78.00000   62.00000  20.5%  45.8 1035s
 540967 67376 infeasible   28        78.00000   62.00000  20.5%  45.9 1040s
 543566 67422   62.00000   29  102   78.00000   62.00000  20.5%  45.9 1045s
 546046 67536 infeasible   42        78.00000   62.00000  20.5%  45.9 1050s
 548229 67511   70.00000   24   93   78.00000   62.00000  20.5%  45.9 1055s
 550287 67524 infeasible   39        78.00000   62.00000  20.5%  46.0 1060s
 552587 67502 infeasible   27        78.00000   62.00000  20.5%  46.0 1065s
 554942 67528 infeasible   31        78.00000   62.00000  20.5%  46.0 1070s
 557075 67547   62.00000   38  118   78.00000   62.00000  20.5%  46.1 1075s
 559216 67565   71.00000   33  101   78.00000   62.00000  20.5%  46.1 1080s
 561499 67571 infeasible   35        78.00000   62.00000  20.5%  46.2 1085s
 563737 67530 infeasible   46        78.00000   62.00000  20.5%  46.2 1090s
 566131 67607   68.00000   24   32   78.00000   62.00000  20.5%  46.2 1095s
 568430 67640   62.00000   29   89   78.00000   62.00000  20.5%  46.3 1100s
 570874 67676   66.00000   39   81   78.00000   62.00000  20.5%  46.3 1105s
 573798 67988   63.00000   30  110   78.00000   62.00000  20.5%  46.3 1110s
 576225 68040 infeasible   31        78.00000   62.00000  20.5%  46.3 1115s
 578543 68095   69.00000   32  115   78.00000   62.00000  20.5%  46.3 1120s
 581144 68094   72.00000   23   93   78.00000   62.00000  20.5%  46.4 1125s
 583617 68100   73.00000   51  109   78.00000   62.00000  20.5%  46.4 1130s
 585783 68175   72.00000   38   93   78.00000   62.00000  20.5%  46.4 1135s
 588234 68188   74.00000   43   44   78.00000   62.00000  20.5%  46.5 1140s
 590288 68199 infeasible   32        78.00000   62.00000  20.5%  46.5 1145s
 592574 68287 infeasible   25        78.00000   62.00000  20.5%  46.5 1150s
 595134 68486 infeasible   36        78.00000   62.00000  20.5%  46.5 1155s
 597724 68551 infeasible   29        78.00000   62.00000  20.5%  46.6 1160s
 599872 68526   62.52941   31  116   78.00000   62.52941  19.8%  46.6 1165s
 602058 68423   74.00000   32  105   78.00000   63.00000  19.2%  46.7 1170s
 604527 68379   63.00000   26  121   78.00000   63.00000  19.2%  46.7 1175s
 606423 68310   63.00000   48  116   78.00000   63.00000  19.2%  46.7 1180s
 608646 68223 infeasible   38        78.00000   63.00000  19.2%  46.7 1185s
 610936 68145 infeasible   38        78.00000   63.00000  19.2%  46.8 1190s
 613063 68069 infeasible   40        78.00000   63.00000  19.2%  46.8 1195s
 615278 68058   70.00000   29  101   78.00000   63.00000  19.2%  46.9 1200s
 617601 67978 infeasible   32        78.00000   63.00000  19.2%  46.9 1205s
 619901 68042   63.00000   33  119   78.00000   63.00000  19.2%  46.9 1210s
 622199 68001 infeasible   38        78.00000   63.00000  19.2%  47.0 1215s
 624597 67988   63.00000   30   85   78.00000   63.00000  19.2%  47.0 1220s
 626796 68021 infeasible   29        78.00000   63.00000  19.2%  47.0 1225s
 629096 68052   63.00000   43  109   78.00000   63.00000  19.2%  47.0 1230s
 630673 68022   67.00000   33  110   78.00000   63.00000  19.2%  47.0 1235s
 633017 68018   74.00000   39   46   78.00000   63.00000  19.2%  47.1 1240s
 635305 68022   63.00000   37  127   78.00000   63.00000  19.2%  47.1 1245s
 637716 68030   75.00000   28  114   78.00000   63.00000  19.2%  47.1 1250s
 639886 68003 infeasible   36        78.00000   63.00000  19.2%  47.2 1255s
 642170 68029   69.00000   23   59   78.00000   63.00000  19.2%  47.2 1260s
 644469 68036   76.00000   30  116   78.00000   63.00000  19.2%  47.2 1265s
 646837 68070   63.00000   38  104   78.00000   63.00000  19.2%  47.3 1270s
 649275 68147   74.00000   35   59   78.00000   63.00000  19.2%  47.3 1275s
 651718 68111   63.00000   30  118   78.00000   63.00000  19.2%  47.3 1280s
 654020 68064 infeasible   38        78.00000   63.00000  19.2%  47.3 1285s
 657020 68149 infeasible   32        78.00000   63.00000  19.2%  47.3 1290s
 660082 68310 infeasible   39        78.00000   63.00000  19.2%  47.3 1295s
 662686 68422   66.00000   27   86   78.00000   63.00000  19.2%  47.4 1300s
 665138 68474 infeasible   36        78.00000   63.02299  19.2%  47.4 1305s
 668184 68523 infeasible   39        78.00000   64.00000  17.9%  47.4 1310s
 671022 68484 infeasible   34        78.00000   64.00000  17.9%  47.4 1315s
 674039 68417 infeasible   37        78.00000   64.00000  17.9%  47.5 1320s
 676706 68331 infeasible   40        78.00000   64.00000  17.9%  47.5 1325s
 679301 68334   75.00000   42  106   78.00000   64.00000  17.9%  47.5 1330s
 681240 68307 infeasible   37        78.00000   64.00000  17.9%  47.5 1335s
 684096 68328   67.00000   33   67   78.00000   64.00000  17.9%  47.6 1340s
 686964 68358 infeasible   26        78.00000   64.00000  17.9%  47.6 1345s
 689628 68416   74.00000   32   46   78.00000   64.00000  17.9%  47.6 1350s
 692447 68344 infeasible   37        78.00000   64.00000  17.9%  47.6 1355s
 695480 68426   69.00000   30  110   78.00000   64.00000  17.9%  47.6 1360s
 698308 68427   71.00000   37  107   78.00000   64.00000  17.9%  47.7 1365s
 700925 68490 infeasible   30        78.00000   64.00000  17.9%  47.7 1370s
 703814 68535 infeasible   31        78.00000   64.00000  17.9%  47.7 1375s
 706393 68533   66.00000   30  102   78.00000   64.00000  17.9%  47.7 1380s
 708986 68612   64.00000   39   84   78.00000   64.00000  17.9%  47.8 1385s
 711668 68644   68.00000   39   78   78.00000   64.00000  17.9%  47.8 1390s
 714382 68711   64.00000   26  114   78.00000   64.00000  17.9%  47.8 1395s
 717259 68790   75.00000   31   85   78.00000   64.00000  17.9%  47.8 1400s
 719884 68836   75.00000   50   77   78.00000   64.00000  17.9%  47.8 1405s
 722709 68975   64.00000   40  106   78.00000   64.00000  17.9%  47.8 1410s
 725512 69073   67.00000   37  117   78.00000   64.00000  17.9%  47.9 1415s
 728124 69147   64.00000   36   50   78.00000   64.00000  17.9%  47.9 1420s
 731133 69225   69.00000   25  122   78.00000   64.00000  17.9%  47.9 1425s
 733957 69272   69.00000   45  116   78.00000   64.00000  17.9%  47.9 1430s
 736785 69335 infeasible   39        78.00000   64.00000  17.9%  48.0 1435s
 739491 69318   74.00000   41  107   78.00000   64.00000  17.9%  48.0 1440s
 742235 69405 infeasible   28        78.00000   64.00000  17.9%  48.0 1445s
 744803 69394   64.00000   35  106   78.00000   64.00000  17.9%  48.0 1450s
 747874 69464   75.00000   34   67   78.00000   64.00000  17.9%  48.0 1455s
 750559 69496 infeasible   34        78.00000   64.41379  17.4%  48.1 1460s
 753425 69471   65.00000   41  118   78.00000   65.00000  16.7%  48.1 1465s
 756011 69393   77.00000   43   70   78.00000   65.00000  16.7%  48.1 1470s
 759066 69288 infeasible   41        78.00000   65.00000  16.7%  48.1 1475s
 761717 69201   67.00000   40   96   78.00000   65.00000  16.7%  48.2 1480s
 764264 69122   76.00000   41   42   78.00000   65.00000  16.7%  48.2 1485s
 767116 69087 infeasible   30        78.00000   65.00000  16.7%  48.2 1490s
 769082 69030   76.00000   44   14   78.00000   65.00000  16.7%  48.2 1495s
 771728 68941   77.00000   38   88   78.00000   65.00000  16.7%  48.2 1500s
 774323 69011   70.00000   25  114   78.00000   65.00000  16.7%  48.3 1505s
 776456 68985 infeasible   44        78.00000   65.00000  16.7%  48.3 1510s
 779193 68934   72.00000   30   69   78.00000   65.00000  16.7%  48.3 1515s
 782059 68928 infeasible   36        78.00000   65.00000  16.7%  48.3 1520s
 784708 68844   65.00000   35  121   78.00000   65.00000  16.7%  48.3 1525s
 787235 68737   67.00000   28   60   78.00000   65.00000  16.7%  48.4 1530s
 790163 68803   70.00000   33  114   78.00000   65.00000  16.7%  48.4 1535s
 792659 68800 infeasible   40        78.00000   65.00000  16.7%  48.4 1540s
 795408 68749   77.00000   39   97   78.00000   65.00000  16.7%  48.4 1545s
 798271 68800   77.00000   37   65   78.00000   65.00000  16.7%  48.4 1550s
 801323 68846   65.00000   37   95   78.00000   65.00000  16.7%  48.4 1555s
 804231 68835   68.00000   29   98   78.00000   65.00000  16.7%  48.5 1560s
 806976 68832   70.00000   33  112   78.00000   65.00000  16.7%  48.5 1565s
 809681 68867 infeasible   33        78.00000   65.00000  16.7%  48.5 1570s
 811903 68947   65.00000   36  108   78.00000   65.00000  16.7%  48.5 1575s
 814416 68888   70.00000   37   83   78.00000   65.04598  16.6%  48.6 1580s
 817089 68754 infeasible   38        78.00000   66.00000  15.4%  48.6 1585s
 819657 68485   72.00000   35   96   78.00000   66.00000  15.4%  48.6 1590s
 822582 68460   66.00000   33  132   78.00000   66.00000  15.4%  48.6 1595s
 825401 68527 infeasible   35        78.00000   66.00000  15.4%  48.6 1600s
 828414 68642   67.00000   32   99   78.00000   66.00000  15.4%  48.7 1605s
 831458 68900 infeasible   49        78.00000   66.00000  15.4%  48.7 1610s
 834342 68979   71.00000   34   55   78.00000   66.00000  15.4%  48.7 1615s
 837364 69003   66.00000   30  125   78.00000   66.00000  15.4%  48.7 1620s
 840150 69028 infeasible   35        78.00000   66.00000  15.4%  48.7 1625s
 843094 69135   72.00000   25  109   78.00000   66.00000  15.4%  48.7 1630s
 845456 69202   70.00000   34  120   78.00000   66.00000  15.4%  48.7 1635s
 848342 69254   74.00000   41   94   78.00000   66.00000  15.4%  48.8 1640s
 851300 69321 infeasible   32        78.00000   66.00000  15.4%  48.8 1645s
 854334 69443   71.00000   27   64   78.00000   66.00000  15.4%  48.8 1650s
 857415 69606 infeasible   46        78.00000   66.00000  15.4%  48.8 1655s
 860144 69798   67.00000   35   76   78.00000   66.00000  15.4%  48.8 1660s
 863344 70014   66.00000   30  115   78.00000   66.00000  15.4%  48.8 1665s
 866389 70203   71.00000   26   98   78.00000   66.00000  15.4%  48.8 1670s
 869386 70308   70.00000   43   68   78.00000   66.00000  15.4%  48.8 1675s
 871999 70345 infeasible   23        78.00000   66.00000  15.4%  48.8 1680s
 874355 70449 infeasible   36        78.00000   66.00000  15.4%  48.8 1685s
 877446 70627 infeasible   43        78.00000   66.00000  15.4%  48.8 1690s
 880506 70804 infeasible   36        78.00000   66.00000  15.4%  48.8 1695s
 883236 70818   67.00000   33  134   78.00000   67.00000  14.1%  48.9 1700s
 885930 70499   70.00000   27   71   78.00000   67.00000  14.1%  48.9 1705s
 888596 70257   67.00000   42  104   78.00000   67.00000  14.1%  48.9 1710s
 891582 70219     cutoff   39        78.00000   67.00000  14.1%  48.9 1715s
 894565 70288 infeasible   36        78.00000   67.00000  14.1%  48.9 1720s
 897747 70422 infeasible   39        78.00000   67.00000  14.1%  48.9 1725s
 900772 70429 infeasible   44        78.00000   67.00000  14.1%  48.9 1730s
 904024 70579 infeasible   48        78.00000   67.00000  14.1%  48.9 1735s
 906602 70738   70.00000   48   65   78.00000   67.00000  14.1%  48.9 1740s
 909879 70859 infeasible   40        78.00000   67.00000  14.1%  48.9 1745s
 912931 70884   70.00000   37   94   78.00000   67.00000  14.1%  48.9 1750s
 915735 70990 infeasible   35        78.00000   67.00000  14.1%  48.9 1755s
 918652 70988 infeasible   37        78.00000   67.00000  14.1%  48.9 1760s
 921017 71012   67.00000   33   77   78.00000   67.00000  14.1%  49.0 1765s
 923639 70963   69.00000   31  115   78.00000   67.00000  14.1%  49.0 1770s
 926521 70909 infeasible   25        78.00000   67.00000  14.1%  49.0 1775s
 929529 71000   67.00000   31  118   78.00000   67.00000  14.1%  49.0 1780s
 932488 71028   71.00000   28   87   78.00000   67.00000  14.1%  49.0 1785s
 935210 71078   77.00000   44  103   78.00000   67.00000  14.1%  49.0 1790s
 938193 71078   68.00000   24   86   78.00000   67.00000  14.1%  49.0 1795s

Cutting planes:
  Gomory: 57
  Cover: 414
  Implied bound: 279
  Clique: 70
  MIR: 134
  Mixing: 2
  StrongCG: 5
  Flow cover: 425
  Inf proof: 170
  Zero half: 8
  RLT: 97
  Relax-and-lift: 41
  BQP: 3

Explored 941187 nodes (46170380 simplex iterations) in 1800.00 seconds (1826.05 work units)
Thread count was 1 (of 96 available processors)

Solution count 10: 78 78 79 ... 82

Time limit reached
Best objective 7.799999999210e+01, best bound 6.700000000000e+01, gap 14.1026%
WARNING: Loading a SolverResults object with an 'aborted' status, but
    containing a solution

Instance 18_2, formulation tres, reform bigm:
  Rect 0: x = 77.00, y = 6.00
  Rect 1: x = 66.00, y = 14.00
  Rect 2: x = 54.00, y = 14.00
  Rect 3: x = 63.00, y = 3.00
  Rect 4: x = 29.00, y = 12.00
  Rect 5: x = 35.00, y = 14.00
  Rect 6: x = 15.00, y = 12.00
  Rect 7: x = 0.00, y = 14.00
  Rect 8: x = 46.00, y = 7.00
  Rect 9: x = 63.00, y = 8.00
  Rect 10: x = 46.00, y = 2.00
  Rect 11: x = 35.00, y = 7.00
  Rect 12: x = 20.00, y = 14.00
  Rect 13: x = 69.00, y = 13.00
  Rect 14: x = 61.00, y = 8.00
  Rect 15: x = 59.00, y = 8.00
  Rect 16: x = 43.00, y = 14.00
  Rect 17: x = 77.00, y = 14.00
  → saved figures to strip_figures/18_2_tres_bigm.png and strip_figures/18_2_tres_bigm.pdf
Set parameter TokenServer to value "mooring.ecn.purdue.edu"
Read LP format model from file /tmp/tmpg7buf99d.pyomo.lp
Reading time = 0.01 seconds
x3098: 6292 rows, 3098 columns, 16527 nonzeros
Set parameter TimeLimit to value 1800
Set parameter Threads to value 1
Gurobi Optimizer version 11.0.0 build v11.0.0rc2 (linux64 - "Oracle Linux Server 9.6")

CPU model: AMD EPYC 7643 48-Core Processor, instruction set [SSE2|AVX|AVX2]
Thread count: 48 physical cores, 96 logical processors, using up to 1 threads

Optimize a model with 6292 rows, 3098 columns and 16527 nonzeros
Model fingerprint: 0x32fa7f3b
Variable types: 2486 continuous, 612 integer (612 binary)
Coefficient statistics:
  Matrix range     [1e+00, 1e+02]
  Objective range  [1e+00, 1e+00]
  Bounds range     [1e+00, 1e+02]
  RHS range        [1e+00, 2e+01]
Presolve removed 2371 rows and 1084 columns
Presolve time: 0.03s
Presolved: 3921 rows, 2014 columns, 10340 nonzeros
Variable types: 1624 continuous, 390 integer (390 binary)
Found heuristic solution: objective 149.0000000

Root relaxation: objective 3.000000e+01, 1065 iterations, 0.03 seconds (0.03 work units)

    Nodes    |    Current Node    |     Objective Bounds      |     Work
 Expl Unexpl |  Obj  Depth IntInf | Incumbent    BestBd   Gap | It/Node Time

     0     0   30.00000    0   84  149.00000   30.00000  79.9%     -    0s
H    0     0                     136.0000000   30.00000  77.9%     -    0s
     0     0   30.00000    0  145  136.00000   30.00000  77.9%     -    0s
H    0     0                     125.0000000   30.00000  76.0%     -    0s
     0     0   30.00000    0  149  125.00000   30.00000  76.0%     -    0s
     0     0   30.00000    0  118  125.00000   30.00000  76.0%     -    0s
     0     0   30.00000    0  131  125.00000   30.00000  76.0%     -    0s
     0     0   30.00000    0   87  125.00000   30.00000  76.0%     -    0s
H    0     0                     121.0000000   30.00000  75.2%     -    0s
H    0     0                     120.0000000   30.00000  75.0%     -    0s
     0     0   30.00000    0  116  120.00000   30.00000  75.0%     -    0s
     0     0   30.00000    0  122  120.00000   30.00000  75.0%     -    0s
     0     0   30.00000    0  122  120.00000   30.00000  75.0%     -    0s
     0     2   30.00000    0  103  120.00000   30.00000  75.0%     -    1s
H  162   141                     108.0000000   30.00000  72.2%  47.9    1s
*  168   130             115     101.0000000   30.00000  70.3%  46.3    1s
H  182   138                      98.0000000   30.00000  69.4%  61.9    1s
H  297   242                      96.0000000   30.00000  68.8%  54.1    1s
H  314   245                      96.0000000   30.00000  68.7%  51.5    1s
*  766   556             103      95.0000000   33.10345  65.2%  56.7    4s
   823   581   62.00000   37   61   95.00000   33.10345  65.2%  57.2    5s
H  895   530                      88.0000000   33.10345  62.4%  55.6    5s
*  918   521              84      88.0000000   33.10345  62.4%  54.5    5s
*  919   495              84      87.0000000   33.10345  62.0%  54.4    5s
* 1087   532              83      86.0000000   33.10345  61.5%  56.2    5s
H 1164   544                      86.0000000   34.00000  60.5%  56.6    6s
* 1403   596             102      84.0000000   34.00000  59.5%  53.4    6s
H 1416   571                      84.0000000   37.00000  56.0%  53.2    6s
H 1928   865                      83.0000000   41.00000  50.6%  50.2    8s
H 2510  1337                      83.0000000   43.00000  48.2%  51.6    9s
  2678  1470   81.00000   84   41   83.00000   43.00000  48.2%  52.0   10s
H 3333  1895                      82.9998940   43.00000  48.2%  54.2   12s
* 3428  1713              92      81.0000000   43.00000  46.9%  54.0   12s
  3880  2000   70.00000   52   62   81.00000   43.00000  46.9%  58.9   15s
H 4366  2337                      81.0000000   44.00000  45.7%  59.5   16s
* 5134  2658              57      80.0000000   45.00000  43.7%  61.4   19s
  5215  2696   71.00000   37   76   80.00000   45.00000  43.7%  62.4   20s
H 5645  2961                      80.0000000   46.00000  42.5%  63.6   21s
  6406  3388   55.00000   22  110   80.00000   47.00000  41.2%  65.4   25s
  7855  4197   60.00000   22   80   80.00000   48.00000  40.0%  66.1   30s
  8940  4852   68.00000   28  104   80.00000   48.00000  40.0%  69.4   35s
 10203  5619   69.00000   28  122   80.00000   49.00000  38.7%  70.0   46s
 10219  5630   54.00000   17  130   80.00000   49.00000  38.7%  69.9   50s
 10334  5677   69.00000   36   69   80.00000   49.00000  38.7%  72.0   55s
 10843  5866   49.00000   31   55   80.00000   49.00000  38.7%  73.7   60s
 11476  6073   59.00000   38   68   80.00000   49.00000  38.7%  73.8   65s
 12195  6255   64.00000   38   72   80.00000   49.00000  38.7%  75.6   70s
 13157  6484   78.00000   57   92   80.00000   49.00000  38.7%  77.2   75s
 14526  6793   54.00000   29   74   80.00000   50.00000  37.5%  77.5   80s
 15801  7046   67.00000   37   91   80.00000   50.00000  37.5%  77.1   85s
 17202  7300 infeasible   33        80.00000   50.00000  37.5%  77.0   90s
 18517  7598   54.00000   30   88   80.00000   50.00000  37.5%  77.2   95s
 19933  7916 infeasible   54        80.00000   50.00000  37.5%  77.0  100s
 21194  8179   78.00000   47   68   80.00000   50.00000  37.5%  77.5  105s
 22562  8514   77.00000   48   55   80.00000   50.00000  37.5%  77.8  110s
 23718  8704 infeasible   54        80.00000   50.00000  37.5%  78.5  115s
 24891  8957   68.00000   47   93   80.00000   50.00000  37.5%  79.0  120s
 26097  9142   70.00000   43  102   80.00000   50.00000  37.5%  79.7  125s
 27556  9508   78.00000   43   44   80.00000   51.00000  36.2%  79.6  130s
 28879 10156   57.36842   33  113   80.00000   51.00000  36.2%  80.0  135s
 30267 10780   62.00000   42   84   80.00000   51.00000  36.2%  80.1  140s
 31710 11455   54.00000   47   95   80.00000   51.00000  36.2%  80.0  145s
 33040 12123   67.00000   42   95   80.00000   51.00000  36.2%  80.1  150s
 34231 12723 infeasible   56        80.00000   51.00000  36.2%  80.6  155s
 35448 13294   78.00000   59   87   80.00000   51.00000  36.2%  81.0  160s
 36321 13727 infeasible   57        80.00000   51.00000  36.2%  82.2  165s
 37674 14340   78.00000   52   74   80.00000   52.00000  35.0%  81.9  170s
 39127 15101   74.00000   51   45   80.00000   53.00000  33.7%  81.5  175s
 40642 15764   78.00000   49   52   80.00000   53.00000  33.7%  81.2  180s
 42196 16483     cutoff   80        80.00000   53.00000  33.7%  80.7  185s
 43635 17143   71.00000   48   97   80.00000   53.00000  33.7%  80.7  190s
 44968 17758     cutoff   73        80.00000   53.00000  33.7%  80.6  195s
 46281 18338 infeasible   44        80.00000   53.00000  33.7%  80.7  200s
 47574 18949 infeasible   55        80.00000   53.00000  33.7%  80.9  205s
 48792 19520 infeasible   44        80.00000   53.00000  33.7%  81.0  210s
 50131 20154 infeasible   49        80.00000   53.00000  33.7%  81.0  215s
 51604 20808   67.00000   51   86   80.00000   53.00000  33.7%  80.7  220s
 53102 21427   64.00000   49   99   80.00000   53.00000  33.7%  80.4  225s
 54231 21880 infeasible   53        80.00000   54.00000  32.5%  80.5  230s
 55540 22404   70.00000   41   59   80.00000   54.00000  32.5%  80.6  235s
 56851 22870   71.00000   44   50   80.00000   54.00000  32.5%  80.7  240s
 57839 23296 infeasible   52        80.00000   54.00000  32.5%  80.9  245s
 59380 23986 infeasible   51        80.00000   54.00000  32.5%  80.5  250s
 60727 24492 infeasible   43        80.00000   54.00000  32.5%  80.6  255s
 61952 24959   76.00000   48   81   80.00000   54.00000  32.5%  80.8  260s
 63136 25440   73.00000   57   96   80.00000   54.00000  32.5%  81.0  265s
 64187 25769 infeasible   50        80.00000   54.00000  32.5%  81.4  270s
 65239 26178   65.00000   48   88   80.00000   54.00000  32.5%  81.8  275s
 66482 26763   72.00000   54   68   80.00000   54.00000  32.5%  82.0  280s
 68011 27392 infeasible   47        80.00000   55.00000  31.2%  81.7  285s
 69323 27905   78.00000   46   41   80.00000   55.00000  31.2%  81.6  290s
 70744 28485   56.36842   57  114   80.00000   55.00000  31.2%  81.4  295s
 72176 29092   69.00000   42   92   80.00000   55.00000  31.2%  81.3  300s
 73389 29562   67.00000   40   81   80.00000   55.00000  31.2%  81.5  305s
 74330 29894 infeasible   51        80.00000   55.00000  31.2%  81.9  310s
 75449 30343   61.00000   45   53   80.00000   56.00000  30.0%  82.1  315s
 77068 30982 infeasible   37        80.00000   56.00000  30.0%  81.8  320s
 78687 31686 infeasible   88        80.00000   56.00000  30.0%  81.4  325s
 80222 32411 infeasible   50        80.00000   56.00000  30.0%  81.1  330s
 81828 33145 infeasible   55        80.00000   56.00000  30.0%  80.9  335s
 83234 33721   67.00000   34   61   80.00000   56.00000  30.0%  80.7  340s
 84529 34274   68.00000   43   69   80.00000   56.00000  30.0%  80.8  345s
 85908 34974   67.00000   41   61   80.00000   56.00000  30.0%  80.8  350s
 87554 35669   69.00000   45   68   80.00000   56.00000  30.0%  80.5  355s
 88710 36108 infeasible   34        80.00000   56.00000  30.0%  80.6  360s
 89645 36546   70.00000   49   98   80.00000   56.00000  30.0%  80.7  365s
 91111 37188   56.00000   41   89   80.00000   56.00000  30.0%  80.6  370s
 92837 37904   75.00000   51   55   80.00000   56.00000  30.0%  80.3  375s
 94373 38404   68.00000   49   78   80.00000   56.00000  30.0%  80.1  380s
 95985 39079   62.00000   37   65   80.00000   56.00000  30.0%  79.9  385s
 97505 39786   64.00000   56   99   80.00000   56.00000  30.0%  79.7  390s
 98892 40334     cutoff   39        80.00000   56.00000  30.0%  79.7  395s
 100549 41006     cutoff   65        80.00000   56.00000  30.0%  79.5  400s
 101554 41474   56.00000   52   70   80.00000   56.00000  30.0%  79.6  405s
 102896 41979     cutoff   51        80.00000   56.00000  30.0%  79.6  410s
 104395 42575 infeasible   47        80.00000   56.00000  30.0%  79.6  415s
 105553 43050   73.00000   44   64   80.00000   56.00000  30.0%  79.7  420s
 106826 43621   78.00000   46   64   80.00000   56.00000  30.0%  79.8  425s
 108157 44108   78.00000   64   58   80.00000   56.00000  30.0%  79.8  430s
 109594 44743   77.00000   67   65   80.00000   56.00000  30.0%  79.8  435s
 110854 45249   73.00000   54   70   80.00000   56.00000  30.0%  79.9  440s
 111664 45553   56.00000   40   94   80.00000   56.00000  30.0%  79.9  445s
 113002 46117 infeasible   55        80.00000   56.00000  30.0%  79.8  450s
 114278 46626   78.00000   73   64   80.00000   56.00000  30.0%  79.9  455s
 115651 47182   62.00000   54   73   80.00000   56.00000  30.0%  79.9  460s
 116918 47654   68.00000   59   91   80.00000   56.00000  30.0%  79.9  465s
 118256 48191     cutoff   73        80.00000   56.00000  30.0%  79.9  470s
 119626 48769   68.00000   59   71   80.00000   56.00000  30.0%  79.8  475s
 121198 49324   67.00000   49   69   80.00000   56.00000  30.0%  79.7  480s
 122369 49763   64.00000   48  106   80.00000   56.00000  30.0%  79.7  485s
 123431 50210 infeasible   42        80.00000   56.00000  30.0%  80.0  490s
 124601 50734   71.00000   50   91   80.00000   56.00000  30.0%  80.0  495s
 125657 51149   64.00000   51   90   80.00000   56.00000  30.0%  80.2  500s
 126904 51696 infeasible   45        80.00000   56.00000  30.0%  80.2  505s
 127967 52176   62.00000   51  111   80.00000   56.00000  30.0%  80.4  510s
 129017 52611   79.00000   58   34   80.00000   56.23529  29.7%  80.7  515s
 130203 53074   62.79801   43  121   80.00000   56.81818  29.0%  80.7  520s
 131354 53481   73.00000   37   63   80.00000   57.00000  28.7%  80.9  525s
 132570 53917   62.00000   50   52   80.00000   57.00000  28.7%  80.8  530s
 134050 54546   70.00000   48   41   80.00000   57.00000  28.7%  80.6  535s
 135620 55158   70.00000   56   45   80.00000   57.00000  28.7%  80.5  540s
 137234 55754   57.00000   38   60   80.00000   57.00000  28.7%  80.4  545s
 138785 56263   60.00000   45   81   80.00000   57.00000  28.7%  80.2  550s
 140215 56795   67.00000   52   98   80.00000   57.00000  28.7%  80.2  555s
 141618 57273 infeasible   72        80.00000   57.00000  28.7%  80.1  560s
 142984 57750   57.00000   45   69   80.00000   57.00000  28.7%  80.1  565s
 144609 58388 infeasible   56        80.00000   57.00000  28.7%  79.9  570s
 146177 58956   68.00000   42   66   80.00000   57.00000  28.7%  79.8  575s
 147609 59481   77.00000   53   50   80.00000   57.00000  28.7%  79.7  580s
 149379 60074   57.00000   42  125   80.00000   57.00000  28.7%  79.5  585s
 150620 60528   57.00000   43   80   80.00000   57.00000  28.7%  79.5  590s
 151790 60892 infeasible   52        80.00000   57.00000  28.7%  79.4  595s
 153257 61402     cutoff   48        80.00000   57.00000  28.7%  79.3  600s
 154630 61769   78.00000   50   77   80.00000   57.00000  28.7%  79.3  605s
 155904 62157   61.00000   53   93   80.00000   57.00000  28.7%  79.3  610s
 157079 62572   68.00000   57   70   80.00000   57.00000  28.7%  79.3  615s
 158495 63067     cutoff   48        80.00000   57.00000  28.7%  79.3  620s
 159680 63486   70.00000   54   85   80.00000   57.00000  28.7%  79.3  625s
 160678 63836   57.00000   46  122   80.00000   57.00000  28.7%  79.5  630s
 161563 64112 infeasible   62        80.00000   57.00000  28.7%  79.8  635s
 162148 64273   71.00000   52   60   80.00000   57.36842  28.3%  80.0  640s
 163454 64739   73.00000   54   76   80.00000   57.80000  27.7%  80.0  645s
 164842 65227   77.00000   43   64   80.00000   58.00000  27.5%  80.0  650s
 166441 65790 infeasible   48        80.00000   58.00000  27.5%  79.9  655s
 167681 66186 infeasible   54        80.00000   58.00000  27.5%  79.9  660s
 169437 66934 infeasible   49        80.00000   58.00000  27.5%  79.8  665s
 171177 67741   73.00000   48   66   80.00000   58.00000  27.5%  79.6  670s
 172523 68297 infeasible   43        80.00000   58.00000  27.5%  79.5  675s
 174036 68932   63.00000   40   55   80.00000   58.00000  27.5%  79.5  680s
 175734 69678   79.00000   72   21   80.00000   58.00000  27.5%  79.3  685s
*175791 65149              80      79.0000000   58.00000  26.6%  79.3  685s
H175825 65117                      79.0000000   58.00000  26.6%  79.3  685s
 176524 65349   69.00000   44   66   79.00000   58.00000  26.6%  79.4  690s
 177534 65679   70.00000   49   91   79.00000   58.00000  26.6%  79.5  695s
 178932 66176 infeasible   47        79.00000   58.00000  26.6%  79.5  700s
 179941 66507 infeasible   45        79.00000   58.00000  26.6%  79.6  705s
 181245 67006 infeasible   47        79.00000   58.00000  26.6%  79.6  710s
 182232 67326 infeasible   61        79.00000   58.00000  26.6%  79.6  715s
 183224 67635   76.00000   39   81   79.00000   58.00000  26.6%  79.7  720s
 184422 68053   72.00000   55   65   79.00000   58.00000  26.6%  79.8  725s
 185703 68510   73.00000   50   40   79.00000   58.00000  26.6%  79.8  730s
 186906 68920   61.00000   43   63   79.00000   58.00000  26.6%  79.9  735s
 188217 69362   73.00000   47   45   79.00000   58.00000  26.6%  79.9  740s
 189490 69787 infeasible   46        79.00000   58.00000  26.6%  79.9  745s
 190626 70168   73.00000   49   50   79.00000   58.00000  26.6%  80.0  750s
 191664 70504 infeasible   43        79.00000   58.00000  26.6%  80.2  755s
 192855 70917   69.00000   54   83   79.00000   58.00000  26.6%  80.2  760s
 194135 71359 infeasible   46        79.00000   58.00000  26.6%  80.3  765s
 195365 71716   67.00000   49   62   79.00000   58.00000  26.6%  80.3  770s
 196531 72072 infeasible   57        79.00000   58.00000  26.6%  80.4  775s
 197903 72557   73.00000   51   61   79.00000   58.00000  26.6%  80.4  780s
 198959 72888   70.00000   48   82   79.00000   58.00000  26.6%  80.5  785s
 200165 73260 infeasible   43        79.00000   58.00000  26.6%  80.5  790s
 201476 73706   69.81818   55   80   79.00000   58.00000  26.6%  80.6  795s
 202689 74011 infeasible   49        79.00000   58.00000  26.6%  80.6  800s
 203729 74335 infeasible   58        79.00000   58.00000  26.6%  80.8  805s
 204708 74676   76.00000   54   91   79.00000   58.00000  26.6%  80.9  810s
 205896 75120   69.00000   53   87   79.00000   58.00000  26.6%  80.9  815s
 206858 75432 infeasible   52        79.00000   58.00000  26.6%  81.1  820s
 207959 75810   74.00000   51   66   79.00000   58.00000  26.6%  81.2  825s
 208994 76069   58.00000   49   89   79.00000   58.00000  26.6%  81.3  830s
 210147 76430 infeasible   45        79.00000   58.00000  26.6%  81.4  835s
 211275 76830   76.00000   53   77   79.00000   58.00000  26.6%  81.5  840s
 212362 77232   75.00000   52   83   79.00000   58.00000  26.6%  81.6  845s
 213319 77541   62.00000   39   95   79.00000   58.00000  26.6%  81.7  850s
 214376 77891   67.00000   52   99   79.00000   58.00000  26.6%  81.8  855s
 215426 78277   69.00000   37   96   79.00000   58.00000  26.6%  81.8  860s
 216606 78679   68.00000   44   84   79.00000   58.00000  26.6%  81.9  865s
 217684 79089 infeasible   58        79.00000   58.00000  26.6%  82.0  870s
 218848 79487 infeasible   55        79.00000   58.00000  26.6%  82.1  875s
 219756 79761   73.00000   59  113   79.00000   58.00000  26.6%  82.2  880s
 220729 80085   61.57143   52   95   79.00000   58.00000  26.6%  82.3  885s
 221888 80488 infeasible   51        79.00000   58.00000  26.6%  82.3  890s
 223034 80876   64.00000   52   94   79.00000   58.00000  26.6%  82.4  895s
 224121 81281   75.00000   41   85   79.00000   58.00000  26.6%  82.5  900s
 225103 81636   69.00000   51   65   79.00000   58.00000  26.6%  82.6  905s
 226168 81999 infeasible   50        79.00000   58.00000  26.6%  82.7  910s
 227261 82327 infeasible   54        79.00000   58.00000  26.6%  82.8  915s
 228351 82694 infeasible   53        79.00000   58.00000  26.6%  82.9  920s
 229323 83047 infeasible   60        79.00000   58.00000  26.6%  83.0  925s
 230186 83321 infeasible   59        79.00000   58.00000  26.6%  83.2  930s
 231046 83590 infeasible   57        79.00000   58.00000  26.6%  83.3  935s
 232036 83905   67.00000   57  104   79.00000   58.00000  26.6%  83.4  940s
 233139 84285   61.00000   58   86   79.00000   58.00000  26.6%  83.4  945s
 234070 84580   78.00000   50   93   79.00000   58.30769  26.2%  83.6  950s
 234999 84862 infeasible   43        79.00000   58.81818  25.5%  83.7  955s
 236226 85227 infeasible   62        79.00000   59.00000  25.3%  83.7  960s
 237663 85677 infeasible   53        79.00000   59.00000  25.3%  83.7  965s
 239072 86078   69.00000   52   79   79.00000   59.00000  25.3%  83.6  970s
 240222 86347   59.00000   42   75   79.00000   59.00000  25.3%  83.6  975s
 241515 86733   73.00000   46   79   79.00000   59.00000  25.3%  83.6  980s
 242862 87115   75.00000   47   60   79.00000   59.00000  25.3%  83.6  985s
 244272 87431     cutoff   55        79.00000   59.00000  25.3%  83.5  990s
 245458 87697   76.00000   44   71   79.00000   59.00000  25.3%  83.6  995s
 246723 88023   70.00000   39   69   79.00000   59.00000  25.3%  83.6 1000s
 247741 88258 infeasible   65        79.00000   59.00000  25.3%  83.6 1005s
 249161 88672 infeasible   55        79.00000   59.00000  25.3%  83.6 1010s
 250296 88913 infeasible   42        79.00000   59.00000  25.3%  83.6 1015s
*250407 82050              76      78.0000000   59.00000  24.4%  83.6 1015s
 250740 82124 infeasible   48        78.00000   59.00000  24.4%  83.7 1020s
 251415 82213   63.00000   47   81   78.00000   59.00000  24.4%  83.8 1025s
 252545 82509   70.00000   48   94   78.00000   59.00000  24.4%  83.9 1030s
 253828 82753 infeasible   52        78.00000   59.00000  24.4%  83.9 1035s
 254684 82930 infeasible   53        78.00000   59.00000  24.4%  84.0 1040s
 255789 83169 infeasible   47        78.00000   59.00000  24.4%  84.1 1045s
 256901 83337 infeasible   58        78.00000   59.00000  24.4%  84.1 1050s
 257604 83469   70.00000   49   88   78.00000   59.00000  24.4%  84.2 1055s
 258874 83718 infeasible   46        78.00000   59.00000  24.4%  84.2 1060s
 260012 83972 infeasible   59        78.00000   59.00000  24.4%  84.3 1065s
 261094 84178   62.00000   56   79   78.00000   59.00000  24.4%  84.3 1070s
 262308 84398 infeasible   49        78.00000   59.00000  24.4%  84.3 1075s
 263246 84567   71.00000   53   99   78.00000   59.00000  24.4%  84.4 1080s
 264254 84805 infeasible   51        78.00000   59.00000  24.4%  84.5 1085s
 265262 85024   62.00000   48  101   78.00000   59.00000  24.4%  84.6 1090s
 266185 85258   65.00000   49   84   78.00000   59.00000  24.4%  84.7 1095s
 267151 85497 infeasible   46        78.00000   59.00000  24.4%  84.8 1100s
 268291 85743   69.00000   54   73   78.00000   59.00000  24.4%  84.9 1105s
 269490 86018   77.00000   66   76   78.00000   59.00000  24.4%  84.9 1110s
 270486 86192 infeasible   53        78.00000   59.00000  24.4%  84.9 1115s
 271520 86363   70.00000   45   78   78.00000   59.00000  24.4%  85.0 1120s
 272598 86614   70.00000   52   77   78.00000   59.00000  24.4%  85.1 1125s
 273609 86819   72.00000   46   82   78.00000   59.00000  24.4%  85.2 1130s
 274477 86999 infeasible   48        78.00000   59.00000  24.4%  85.3 1135s
 275530 87179 infeasible   54        78.00000   59.00000  24.4%  85.3 1140s
 276419 87343 infeasible   56        78.00000   59.00000  24.4%  85.4 1145s
 277277 87529   64.00000   47  104   78.00000   59.00000  24.4%  85.6 1150s
 278090 87646 infeasible   57        78.00000   59.00000  24.4%  85.7 1155s
 278820 87823   64.00000   53   96   78.00000   59.00000  24.4%  85.9 1160s
 279583 87976 infeasible   47        78.00000   59.00000  24.4%  86.1 1165s
 280281 88098 infeasible   51        78.00000   59.00000  24.4%  86.2 1170s
 280823 88191 infeasible   44        78.00000   59.00000  24.4%  86.5 1175s
 281592 88291   67.00000   62   78   78.00000   59.35294  23.9%  86.6 1180s
 282728 88422 infeasible   41        78.00000   60.00000  23.1%  86.6 1185s
 284027 88581   60.00000   44   41   78.00000   60.00000  23.1%  86.6 1190s
 285020 88684   67.00000   46   63   78.00000   60.00000  23.1%  86.7 1195s
 286386 88863 infeasible   49        78.00000   60.00000  23.1%  86.6 1200s
 287636 89026   70.00000   42   47   78.00000   60.00000  23.1%  86.6 1205s
 288696 89126 infeasible   61        78.00000   60.00000  23.1%  86.6 1210s
 289817 89249   67.00000   52   50   78.00000   60.00000  23.1%  86.7 1215s
 290836 89458 infeasible   55        78.00000   60.00000  23.1%  86.7 1220s
 292132 89727   72.00000   50   73   78.00000   60.00000  23.1%  86.7 1225s
 293229 89951 infeasible   49        78.00000   60.00000  23.1%  86.7 1230s
 294167 90091 infeasible   43        78.00000   60.00000  23.1%  86.8 1235s
 295318 90322 infeasible   44        78.00000   60.00000  23.1%  86.8 1240s
 296279 90449   63.38462   49   72   78.00000   60.00000  23.1%  86.9 1245s
 297442 90638 infeasible   56        78.00000   60.00000  23.1%  86.9 1250s
H297601 90623                      78.0000000   60.00000  23.1%  86.9 1250s
 297938 90615   71.00000   36   81   78.00000   60.00000  23.1%  87.0 1255s
 298650 90700   67.00000   43   71   78.00000   60.00000  23.1%  87.0 1260s
 299430 90853   67.00000   46   56   78.00000   60.00000  23.1%  87.1 1265s
 300689 91058   73.00000   50   62   78.00000   60.00000  23.1%  87.1 1270s
 301657 91229 infeasible   43        78.00000   60.00000  23.1%  87.1 1275s
 302829 91455   71.00000   57   90   78.00000   60.00000  23.1%  87.1 1280s
 303995 91686 infeasible   57        78.00000   60.00000  23.1%  87.1 1285s
 305186 91825 infeasible   56        78.00000   60.00000  23.1%  87.1 1290s
 306094 91964 infeasible   54        78.00000   60.00000  23.1%  87.2 1295s
 307333 92108 infeasible   47        78.00000   60.00000  23.1%  87.2 1300s
 308519 92286 infeasible   57        78.00000   60.00000  23.1%  87.2 1305s
 309525 92487 infeasible   67        78.00000   60.00000  23.1%  87.2 1310s
 310318 92641 infeasible   55        78.00000   60.00000  23.1%  87.3 1315s
 311181 92751 infeasible   49        78.00000   60.84000  22.0%  87.4 1320s
 312497 92953   70.00000   53   63   78.00000   61.00000  21.8%  87.3 1325s
 313703 93134   72.00000   38   84   78.00000   61.00000  21.8%  87.3 1330s
 315007 93275   61.00000   45   65   78.00000   61.00000  21.8%  87.3 1335s
 316215 93540     cutoff   46        78.00000   61.00000  21.8%  87.3 1340s
 317459 93680 infeasible   42        78.00000   61.00000  21.8%  87.3 1345s
 318624 93803 infeasible   45        78.00000   61.00000  21.8%  87.3 1350s
 319709 93913   61.00000   41   86   78.00000   61.00000  21.8%  87.4 1355s
 320880 94069   72.00000   44   70   78.00000   61.00000  21.8%  87.4 1360s
 322114 94280   70.00000   56   74   78.00000   61.00000  21.8%  87.4 1365s
 323054 94384 infeasible   43        78.00000   61.00000  21.8%  87.5 1370s
 324171 94557   61.00000   40   97   78.00000   61.00000  21.8%  87.5 1375s
 325477 94797   61.00000   52   82   78.00000   61.00000  21.8%  87.5 1380s
 326499 94888   75.00000   54   46   78.00000   61.00000  21.8%  87.5 1385s
 327726 95149   63.00000   49   93   78.00000   61.00000  21.8%  87.5 1390s
 329000 95442   75.00000   43   36   78.00000   61.00000  21.8%  87.5 1395s
 330237 95672   75.00000   57   48   78.00000   61.00000  21.8%  87.5 1400s
 331317 95875   61.00000   41  101   78.00000   61.00000  21.8%  87.5 1405s
 332317 96055 infeasible   46        78.00000   61.00000  21.8%  87.6 1410s
 333562 96279 infeasible   56        78.00000   61.00000  21.8%  87.5 1415s
 334953 96591 infeasible   44        78.00000   61.00000  21.8%  87.5 1420s
 336066 96874 infeasible   43        78.00000   61.00000  21.8%  87.5 1425s
 337274 97079 infeasible   42        78.00000   61.00000  21.8%  87.5 1430s
 338580 97336   75.00000   53   87   78.00000   61.00000  21.8%  87.5 1435s
 339843 97605   68.00000   44   38   78.00000   61.00000  21.8%  87.5 1440s
 341046 97818 infeasible   54        78.00000   61.00000  21.8%  87.5 1445s
 342126 98042   61.00000   48   96   78.00000   61.00000  21.8%  87.5 1450s
 343322 98354   69.00000   36   63   78.00000   61.00000  21.8%  87.5 1455s
 344243 98583   71.00000   55   72   78.00000   61.00000  21.8%  87.6 1460s
 345306 98814   61.00000   47   78   78.00000   61.00000  21.8%  87.6 1465s
 346311 98988 infeasible   55        78.00000   61.00000  21.8%  87.7 1470s
 347515 99190     cutoff   59        78.00000   61.00000  21.8%  87.7 1475s
 348582 99427   61.00000   46   68   78.00000   61.00000  21.8%  87.7 1480s
 349732 99641   72.00000   46   62   78.00000   61.00000  21.8%  87.7 1485s
 350854 99944 infeasible   56        78.00000   61.00000  21.8%  87.7 1490s
 351962 100242 infeasible   35        78.00000   61.00000  21.8%  87.7 1495s
 353034 100502 infeasible   54        78.00000   61.00000  21.8%  87.8 1500s
 354162 100765   75.00000   53   81   78.00000   61.00000  21.8%  87.8 1505s
 355302 100990   71.00000   41   67   78.00000   61.00000  21.8%  87.8 1510s
 356373 101224 infeasible   47        78.00000   61.00000  21.8%  87.9 1515s
 357356 101432 infeasible   67        78.00000   61.00000  21.8%  87.9 1520s
 358512 101673   72.00000   48   55   78.00000   61.00000  21.8%  87.9 1525s
 359322 101786 infeasible   48        78.00000   61.00000  21.8%  88.0 1530s
 360268 102002   69.00000   41   99   78.00000   61.00000  21.8%  88.1 1535s
 361503 102363 infeasible   57        78.00000   61.00000  21.8%  88.1 1540s
 362561 102584   61.00000   40   67   78.00000   61.00000  21.8%  88.1 1545s
 363564 102770 infeasible   51        78.00000   61.00000  21.8%  88.1 1550s
 364725 102988   75.00000   51   71   78.00000   61.00000  21.8%  88.1 1555s
 365564 103128   61.00000   46   96   78.00000   61.00000  21.8%  88.2 1560s
 366664 103352   73.00000   57   59   78.00000   61.00000  21.8%  88.2 1565s
 367719 103662 infeasible   46        78.00000   61.00000  21.8%  88.2 1570s
 368858 103895   61.00000   49   65   78.00000   61.00000  21.8%  88.3 1575s
 369935 104080 infeasible   50        78.00000   61.00000  21.8%  88.3 1580s
 371211 104368 infeasible   53        78.00000   61.00000  21.8%  88.3 1585s
 372196 104568   64.04762   55   80   78.00000   61.00000  21.8%  88.3 1590s
 373190 104770   68.00000   58  111   78.00000   61.00000  21.8%  88.4 1595s
 374171 104938   63.00000   50   65   78.00000   61.00000  21.8%  88.4 1600s
 375178 105156 infeasible   48        78.00000   61.00000  21.8%  88.5 1605s
 376148 105353   75.00000   51   59   78.00000   61.00000  21.8%  88.5 1610s
 377248 105576 infeasible   55        78.00000   61.00000  21.8%  88.5 1615s
 378344 105814     cutoff   53        78.00000   61.00000  21.8%  88.5 1620s
 379270 106000   70.00000   47  101   78.00000   61.00000  21.8%  88.6 1625s
 380166 106172   72.00000   42   47   78.00000   61.00000  21.8%  88.6 1630s
 381258 106389 infeasible   43        78.00000   61.00000  21.8%  88.7 1635s
 382433 106641   67.00000   44   81   78.00000   61.00000  21.8%  88.6 1640s
 383662 106933   74.00000   52   69   78.00000   61.00000  21.8%  88.6 1645s
 384667 107113   68.00000   55   82   78.00000   61.00000  21.8%  88.7 1650s
 385662 107288   61.00000   45   92   78.00000   61.00000  21.8%  88.7 1655s
 386729 107506   64.00000   42   66   78.00000   61.00000  21.8%  88.7 1660s
 387617 107674 infeasible   56        78.00000   61.00000  21.8%  88.8 1665s
 388858 107950 infeasible   42        78.00000   61.00000  21.8%  88.7 1670s
 390081 108245   75.00000   37   74   78.00000   61.00000  21.8%  88.7 1675s
 391186 108504 infeasible   50        78.00000   61.00000  21.8%  88.8 1680s
 392180 108707   67.00000   49   78   78.00000   61.00000  21.8%  88.8 1685s
 393103 108874   72.00000   47   71   78.00000   61.00000  21.8%  88.8 1690s
 394165 109104 infeasible   54        78.00000   61.00000  21.8%  88.9 1695s
 395362 109318   61.00000   40   72   78.00000   61.00000  21.8%  88.9 1700s
 396402 109445 infeasible   49        78.00000   61.00000  21.8%  88.9 1705s
 397470 109641   61.00000   44   73   78.00000   61.00000  21.8%  88.9 1710s
 398497 109779   64.00000   52  111   78.00000   61.00000  21.8%  89.0 1715s
 399384 109908 infeasible   54        78.00000   61.00000  21.8%  89.0 1720s
 400487 110118   67.00000   45   56   78.00000   61.00000  21.8%  89.0 1725s
 401807 110422 infeasible   41        78.00000   61.00000  21.8%  89.0 1730s
 402770 110620 infeasible   50        78.00000   61.00000  21.8%  89.1 1735s
 404014 110881 infeasible   52        78.00000   61.00000  21.8%  89.0 1740s
 405152 111170   76.00000   49   55   78.00000   61.00000  21.8%  89.0 1745s
 406241 111469 infeasible   49        78.00000   61.00000  21.8%  89.1 1750s
 407400 111730   67.00000   49   82   78.00000   61.00000  21.8%  89.0 1755s
 408475 111976   69.00000   45   85   78.00000   61.00000  21.8%  89.1 1760s
 409637 112221   73.00000   42   64   78.00000   61.00000  21.8%  89.1 1765s
 410592 112417 infeasible   50        78.00000   61.00000  21.8%  89.1 1770s
 411524 112548 infeasible   59        78.00000   61.00000  21.8%  89.2 1775s
 412468 112728   64.00000   44   80   78.00000   61.00000  21.8%  89.2 1780s
 413577 112994 infeasible   60        78.00000   61.00000  21.8%  89.2 1785s
 414646 113197   64.00000   49   74   78.00000   61.00000  21.8%  89.2 1790s
 415619 113359   75.00000   53   86   78.00000   61.00000  21.8%  89.3 1795s

Cutting planes:
  Gomory: 6
  Cover: 9
  Implied bound: 10
  Projected implied bound: 3
  Clique: 2
  MIR: 10
  Flow cover: 25
  RLT: 32
  BQP: 5

Explored 416612 nodes (37232776 simplex iterations) in 1800.00 seconds (1530.59 work units)
Thread count was 1 (of 96 available processors)

Solution count 10: 78 78 79 ... 83

Time limit reached
Best objective 7.799999999210e+01, best bound 6.100000000000e+01, gap 21.7949%
WARNING: Loading a SolverResults object with an 'aborted' status, but
    containing a solution

Instance 18_2, formulation tres, reform hull:
  Rect 0: x = 20.00, y = 13.00
  Rect 1: x = 44.00, y = 11.00
  Rect 2: x = 47.00, y = 5.00
  Rect 3: x = 36.00, y = 14.00
  Rect 4: x = 0.00, y = 14.00
  Rect 5: x = 59.00, y = 7.00
  Rect 6: x = 6.00, y = 14.00
  Rect 7: x = 21.00, y = 14.00
  Rect 8: x = 54.00, y = 14.00
  Rect 9: x = 47.00, y = 10.00
  Rect 10: x = 54.00, y = 9.00
  Rect 11: x = 67.00, y = 14.00
  Rect 12: x = 0.00, y = 2.00
  Rect 13: x = 36.00, y = 10.00
  Rect 14: x = 52.00, y = 14.00
  Rect 15: x = 50.00, y = 14.00
  Rect 16: x = 67.00, y = 7.00
  Rect 17: x = 20.00, y = 7.00
  → saved figures to strip_figures/18_2_tres_hull.png and strip_figures/18_2_tres_hull.pdf
Set parameter TokenServer to value "mooring.ecn.purdue.edu"
Read LP format model from file /tmp/tmpi4vyr8uz.pyomo.lp
Reading time = 0.00 seconds
x650: 784 rows, 650 columns, 4270 nonzeros
Set parameter TimeLimit to value 1800
Set parameter Threads to value 1
Gurobi Optimizer version 11.0.0 build v11.0.0rc2 (linux64 - "Oracle Linux Server 9.6")

CPU model: AMD EPYC 7643 48-Core Processor, instruction set [SSE2|AVX|AVX2]
Thread count: 48 physical cores, 96 logical processors, using up to 1 threads

Optimize a model with 784 rows, 650 columns and 4270 nonzeros
Model fingerprint: 0x8aeeb023
Variable types: 38 continuous, 612 integer (612 binary)
Coefficient statistics:
  Matrix range     [1e+00, 1e+02]
  Objective range  [1e+00, 1e+00]
  Bounds range     [1e+00, 1e+02]
  RHS range        [1e+00, 2e+01]
Presolve removed 223 rows and 224 columns
Presolve time: 0.00s
Presolved: 561 rows, 426 columns, 2248 nonzeros
Variable types: 36 continuous, 390 integer (390 binary)
Found heuristic solution: objective 126.0000000
Found heuristic solution: objective 124.0000000

Root relaxation: objective 3.000000e+01, 220 iterations, 0.00 seconds (0.00 work units)

    Nodes    |    Current Node    |     Objective Bounds      |     Work
 Expl Unexpl |  Obj  Depth IntInf | Incumbent    BestBd   Gap | It/Node Time

     0     0   30.00000    0   43  124.00000   30.00000  75.8%     -    0s
H    0     0                     100.0000000   30.00000  70.0%     -    0s
     0     0   33.00000    0   77  100.00000   33.00000  67.0%     -    0s
     0     0   33.00000    0   63  100.00000   33.00000  67.0%     -    0s
     0     0   33.31111    0   76  100.00000   33.31111  66.7%     -    0s
H    0     0                      98.0000000   33.33333  66.0%     -    0s
     0     0   33.33333    0   80   98.00000   33.33333  66.0%     -    0s
     0     0   33.47422    0   76   98.00000   33.47422  65.8%     -    0s
     0     0   37.00000    0   58   98.00000   37.00000  62.2%     -    0s
     0     0   37.00000    0   62   98.00000   37.00000  62.2%     -    0s
     0     0   37.00000    0   70   98.00000   37.00000  62.2%     -    0s
     0     0   43.00000    0   63   98.00000   43.00000  56.1%     -    0s
     0     0   43.00000    0   65   98.00000   43.00000  56.1%     -    0s
     0     0   43.00000    0   56   98.00000   43.00000  56.1%     -    0s
     0     0   43.00000    0   51   98.00000   43.00000  56.1%     -    0s
     0     0   43.00000    0   54   98.00000   43.00000  56.1%     -    0s
     0     0   43.00000    0   24   98.00000   43.00000  56.1%     -    0s
     0     0   43.00000    0   36   98.00000   43.00000  56.1%     -    0s
     0     0   43.00000    0   21   98.00000   43.00000  56.1%     -    0s
     0     0   43.00000    0   34   98.00000   43.00000  56.1%     -    0s
     0     0   43.00000    0   25   98.00000   43.00000  56.1%     -    0s
     0     0   43.00000    0   53   98.00000   43.00000  56.1%     -    0s
     0     0   43.00000    0   30   98.00000   43.00000  56.1%     -    0s
     0     0   43.00000    0   30   98.00000   43.00000  56.1%     -    0s
     0     2   43.00000    0   30   98.00000   43.00000  56.1%     -    0s
H   52    48                      95.0000000   43.00000  54.7%  12.6    0s
H   78    70                      94.0000000   43.00000  54.3%  10.1    0s
H  130   108                      90.0000000   43.00000  52.2%   7.8    0s
H  156   131                      88.0000000   43.00000  51.1%   7.8    0s
H  297   234                      87.9999550   43.00000  51.1%   8.1    0s
H  408   321                      86.0000000   43.00000  50.0%   7.7    0s
H  767   547                      85.0000000   43.00000  49.4%  24.9    1s
H  793   531                      85.0000000   43.00000  49.4%  28.8    1s
H 1071   660                      84.0000000   43.00000  48.8%  30.8    2s
H 1233   667                      82.0000000   43.00000  47.6%  30.3    2s
H 1237   636                      81.0000000   43.00000  46.9%  30.3    2s
H 1462   602                      80.0000000   43.00000  46.2%  31.6    3s
H 1809   740                      80.0000000   43.00000  46.2%  34.6    4s
  1996   845 infeasible   43        80.00000   43.00000  46.2%  34.9    5s
  2809  1239   43.13333   23  134   80.00000   43.00000  46.2%  43.1   10s
  3938  1691   68.00000   35   98   80.00000   43.00000  46.2%  47.2   15s
  4576  1938   46.00000   28  148   80.00000   43.00000  46.2%  52.0   20s
  5365  2239   43.00000   20  172   80.00000   43.00000  46.2%  57.1   25s
  6008  2500   43.00000   24  171   80.00000   43.00000  46.2%  60.3   30s
  6545  2674   43.00000   27  146   80.00000   43.00000  46.2%  62.8   35s
  7187  2884   43.00000   25   90   80.00000   43.00000  46.2%  65.6   40s
  7618  3044   48.59487   26  151   80.00000   43.00000  46.2%  66.6   45s
  8425  3397   43.19088   26  160   80.00000   43.00000  46.2%  68.7   50s
  9346  3764   43.66318   24  153   80.00000   43.00000  46.2%  68.1   55s
 10006  4040   43.00000   25   90   80.00000   43.00000  46.2%  68.7   60s
 10592  4247   51.00000   28   99   80.00000   43.00000  46.2%  68.8   65s
 11480  4547   76.00000   32   47   80.00000   43.00380  46.2%  69.0   70s
 12111  4797   67.00000   36  109   80.00000   43.03429  46.2%  68.8   75s
 13306  5262     cutoff   42        80.00000   43.17717  46.0%  68.3   80s
 14043  5566   67.00000   32   95   80.00000   43.38754  45.8%  68.3   85s
*14276  5446              63      79.0000000   43.42930  45.0%  68.0   86s
 15116  5711   73.00000   33   51   79.00000   43.67559  44.7%  67.8   90s
 16172  6033   57.00000   34   89   79.00000   44.00000  44.3%  68.1   95s
 17243  6341   44.20000   23  180   79.00000   44.09091  44.2%  68.6  100s
 18387  6752 infeasible   36        79.00000   44.40698  43.8%  68.9  105s
 19524  7167 infeasible   34        79.00000   44.57143  43.6%  69.1  110s
 20665  7478   59.00000   30   52   79.00000   45.00000  43.0%  69.4  115s
 21878  7791   45.06452   23  153   79.00000   45.06452  43.0%  69.5  120s
 23118  8127   51.61290   28  143   79.00000   45.72364  42.1%  69.5  125s
 24403  8490   46.11588   30  101   79.00000   46.00000  41.8%  69.4  130s
 25611  8776 infeasible   33        79.00000   46.00000  41.8%  69.4  135s
 26636  9064   49.03028   28  155   79.00000   46.00000  41.8%  69.5  140s
 27769  9399   46.00000   23  154   79.00000   46.00000  41.8%  69.5  145s
 28967  9765 infeasible   33        79.00000   46.00000  41.8%  69.6  150s
 30149 10089   48.00000   29  125   79.00000   46.00000  41.8%  69.6  155s
 31338 10421 infeasible   37        79.00000   46.01163  41.8%  69.7  160s
*31507 10469              45      79.0000000   46.01163  41.8%  69.8  160s
 32431 10664   47.00000   30  111   79.00000   46.01163  41.8%  70.0  165s
 33573 10950 infeasible   35        79.00000   46.01408  41.8%  70.0  170s
 34836 11326   51.00000   24  131   79.00000   46.01522  41.8%  69.9  175s
 36030 11583   51.79518   32  122   79.00000   46.02548  41.7%  70.2  180s
 37450 11994   47.47402   34  137   79.00000   46.09091  41.7%  70.0  185s
 38883 12375   51.00000   32  107   79.00000   46.10000  41.6%  69.7  190s
 40122 12718   49.23965   28  154   79.00000   46.37408  41.3%  69.7  195s
 41508 13115 infeasible   48        79.00000   46.51306  41.1%  69.6  200s
 42875 13446   70.00000   36   83   79.00000   46.68305  40.9%  69.5  205s
 44273 13762   52.00000   32  113   79.00000   47.00000  40.5%  69.4  210s
 45603 14064   47.00000   29  119   79.00000   47.00000  40.5%  69.5  215s
*46293 13809              66      78.0000000   47.00000  39.7%  69.5  217s
 46915 13909 infeasible   43        78.00000   47.00000  39.7%  69.6  220s
 47992 14112   49.00000   30  131   78.00000   47.00000  39.7%  69.9  225s
 49200 14362   54.00000   32  128   78.00000   47.00000  39.7%  70.1  230s
 50512 14635   56.00000   24  131   78.00000   47.00000  39.7%  70.2  235s
 51850 14901   48.02500   32  114   78.00000   47.26826  39.4%  70.2  240s
 53197 15176   68.00000   32   92   78.00000   47.77465  38.8%  70.2  245s
 54500 15425   57.00000   41   85   78.00000   48.00000  38.5%  70.2  250s
 55691 15644   48.00000   34  137   78.00000   48.00000  38.5%  70.4  255s
*56071 15718              49      78.0000000   48.00000  38.5%  70.4  256s
 56848 15841   48.00000   28  118   78.00000   48.00000  38.5%  70.6  260s
 58045 16041   48.00000   32  135   78.00000   48.00000  38.5%  70.6  265s
 59372 16337   53.00000   28  113   78.00000   48.00000  38.5%  70.6  270s
 60557 16584   59.00000   33  106   78.00000   48.00000  38.5%  70.7  275s
 61850 16848   55.68066   31  146   78.00000   48.00000  38.5%  70.7  280s
 62984 17038   58.00000   34  117   78.00000   48.00000  38.5%  70.9  285s
 64369 17324   52.65061   27  167   78.00000   48.00000  38.5%  70.8  290s
 65589 17505   48.00000   29  123   78.00000   48.00000  38.5%  70.9  295s
 66868 17780   53.00000   28   86   78.00000   48.00000  38.5%  71.0  300s
 68291 18143   69.00000   43   62   78.00000   48.00000  38.5%  70.9  305s
 69349 18376   58.00000   34   98   78.00000   48.16901  38.2%  70.9  310s
 70790 18650   67.00000   36   93   78.00000   48.37752  38.0%  70.7  315s
 72242 18940 infeasible   35        78.00000   48.69506  37.6%  70.6  320s
 73683 19226   56.00000   30  127   78.00000   49.00000  37.2%  70.6  325s
 74942 19458 infeasible   35        78.00000   49.00000  37.2%  70.6  330s
 76269 19703   58.00000   39   71   78.00000   49.00000  37.2%  70.6  335s
 77420 19894   54.00000   33  116   78.00000   49.00000  37.2%  70.7  340s
 78729 20101   57.00000   30   92   78.00000   49.00000  37.2%  70.7  345s
 79840 20312   51.00000   31  136   78.00000   49.00000  37.2%  70.7  350s
 80939 20504   62.00000   36   88   78.00000   49.00000  37.2%  70.8  355s
 82011 20721 infeasible   40        78.00000   49.00000  37.2%  70.8  360s
 83156 20971   50.26644   31  129   78.00000   49.00000  37.2%  70.8  365s
 84252 21148   57.00000   28  119   78.00000   49.00000  37.2%  70.9  370s
 85344 21344   54.00000   32  119   78.00000   49.00000  37.2%  70.9  375s
 86447 21544   52.00000   26  128   78.00000   49.00000  37.2%  71.0  380s
 87639 21790   57.00000   35   85   78.00000   49.00000  37.2%  70.9  385s
 88877 22063 infeasible   41        78.00000   49.00000  37.2%  70.9  390s
 90017 22291 infeasible   39        78.00000   49.00000  37.2%  71.0  395s
 91015 22492   55.00000   26  132   78.00000   49.00000  37.2%  71.0  400s
 92262 22771   51.36721   33  146   78.00000   49.04762  37.1%  71.0  405s
 93531 22997   56.22222   33  117   78.00000   49.20519  36.9%  70.9  410s
 94718 23207   52.30725   33  128   78.00000   49.44595  36.6%  70.9  415s
 95981 23468   65.00000   37   70   78.00000   49.63953  36.4%  70.8  420s
 97286 23711   74.00000   40   53   78.00000   49.83554  36.1%  70.7  425s
 98472 23867   65.00000   39   66   78.00000   50.00000  35.9%  70.7  430s
 99620 24002   50.00000   30  133   78.00000   50.00000  35.9%  70.7  435s
 100746 24143   50.21681   27  139   78.00000   50.00000  35.9%  70.7  440s
 101801 24292   53.36842   31  121   78.00000   50.00000  35.9%  70.8  445s
 102917 24445   62.00000   38   83   78.00000   50.00000  35.9%  70.9  450s
 103997 24601   59.00000   36  140   78.00000   50.00000  35.9%  70.9  455s
 105036 24743 infeasible   29        78.00000   50.00000  35.9%  71.0  460s
 106160 24912   58.00000   29  123   78.00000   50.00000  35.9%  71.0  465s
 107225 25096 infeasible   35        78.00000   50.07393  35.8%  71.0  470s
 108492 25343 infeasible   38        78.00000   50.27586  35.5%  71.0  475s
 109712 25554   57.00000   29  110   78.00000   50.48936  35.3%  70.9  480s
 110989 25738   60.00000   32   98   78.00000   50.74419  34.9%  70.8  485s
 112294 25915   57.00000   28  116   78.00000   51.00000  34.6%  70.8  490s
 113421 26071   70.00000   35   71   78.00000   51.00000  34.6%  70.8  495s
 114478 26196   59.00000   30  127   78.00000   51.00000  34.6%  70.8  500s
 115608 26322     cutoff   37        78.00000   51.00000  34.6%  70.8  505s
 116769 26480   66.00000   30   87   78.00000   51.00000  34.6%  70.9  510s
 117912 26595 infeasible   40        78.00000   51.00000  34.6%  70.9  515s
 119197 26757   59.00000   30  118   78.00000   51.00000  34.6%  70.8  520s
 120644 26974 infeasible   40        78.00000   51.00000  34.6%  70.7  525s
 121846 27129   63.00000   25  120   78.00000   51.00000  34.6%  70.7  530s
 123034 27328   57.56522   31  126   78.00000   51.00000  34.6%  70.8  535s
 124252 27501   53.00000   38  108   78.00000   51.00000  34.6%  70.8  540s
 125509 27682   51.00000   28  127   78.00000   51.00000  34.6%  70.7  545s
 126723 27886 infeasible   44        78.00000   51.00000  34.6%  70.7  550s
 127958 28049   51.00000   39  141   78.00000   51.00000  34.6%  70.7  555s
 129088 28213   55.00000   30  157   78.00000   51.00000  34.6%  70.7  560s
 130260 28426   65.00000   35   71   78.00000   51.00000  34.6%  70.7  565s
 131463 28595   51.00000   40  127   78.00000   51.00000  34.6%  70.7  570s
 132485 28745   56.27273   35   84   78.00000   51.00000  34.6%  70.8  575s
 133586 28907   64.00000   32  100   78.00000   51.00000  34.6%  70.8  580s
 134593 29036 infeasible   35        78.00000   51.00000  34.6%  70.9  585s
 135815 29194   57.67606   31  107   78.00000   51.00000  34.6%  70.9  590s
 137070 29374   54.00000   29  121   78.00000   51.00000  34.6%  70.8  595s
 138032 29508 infeasible   38        78.00000   51.00000  34.6%  70.9  600s
 139289 29759   51.33857   29  114   78.00000   51.00000  34.6%  70.8  607s
 140020 29866 infeasible   42        78.00000   51.00000  34.6%  70.8  610s
 141337 30056 infeasible   38        78.00000   51.12000  34.5%  70.7  615s
 142641 30208   57.00000   37  107   78.00000   51.27876  34.3%  70.7  620s
 143974 30447   59.00000   26  110   78.00000   51.45455  34.0%  70.6  625s
 145302 30582   57.00000   33   89   78.00000   51.64286  33.8%  70.6  630s
 146555 30764   65.01163   38   59   78.00000   51.85333  33.5%  70.6  635s
 147683 30901   52.00000   34  123   78.00000   52.00000  33.3%  70.6  640s
 148790 31008   64.00000   30   65   78.00000   52.00000  33.3%  70.7  645s
 149796 31141   57.00000   32  113   78.00000   52.00000  33.3%  70.8  650s
 150859 31254   70.00000   38   67   78.00000   52.00000  33.3%  70.8  655s
 151943 31358   68.00000   34   82   78.00000   52.00000  33.3%  70.9  660s
 153070 31515   77.00000   45   56   78.00000   52.00000  33.3%  70.9  665s
 154210 31631 infeasible   30        78.00000   52.00000  33.3%  70.9  670s
 155477 31810   52.81481   26  129   78.00000   52.00000  33.3%  70.9  675s
 156654 31910   60.00000   34  103   78.00000   52.00000  33.3%  70.9  680s
 157783 32042   60.00000   33   73   78.00000   52.00000  33.3%  70.9  685s
 159085 32212 infeasible   31        78.00000   52.00000  33.3%  70.9  690s
 160196 32402   57.00000   38   96   78.00000   52.00000  33.3%  70.9  695s
 161399 32579   52.00000   31  105   78.00000   52.00000  33.3%  70.9  700s
 162475 32741 infeasible   38        78.00000   52.00000  33.3%  70.9  705s
 163676 32913   53.88786   30  132   78.00000   52.00000  33.3%  70.9  710s
 164570 33104   57.00000   30  104   78.00000   52.00000  33.3%  70.9  715s
 165827 33318   56.00000   32  126   78.00000   52.00000  33.3%  70.9  720s
 167263 33604     cutoff   39        78.00000   52.00000  33.3%  70.8  725s
 168661 33869 infeasible   39        78.00000   52.00000  33.3%  70.7  730s
 169998 34078   53.45124   27  139   78.00000   52.16531  33.1%  70.7  735s
 171342 34265   62.00000   32   78   78.00000   52.29819  33.0%  70.7  740s
 172753 34469 infeasible   32        78.00000   52.41860  32.8%  70.6  745s
 174054 34651   68.00000   40   68   78.00000   52.62153  32.5%  70.6  750s
 175216 34759 infeasible   43        78.00000   52.86486  32.2%  70.6  755s
 176382 34863   65.00000   31  105   78.00000   53.00000  32.1%  70.6  760s
 177535 34954   58.00000   31  105   78.00000   53.00000  32.1%  70.6  765s
 178714 35043   55.00000   31  112   78.00000   53.00000  32.1%  70.7  770s
 179751 35120   53.00000   29  115   78.00000   53.00000  32.1%  70.7  775s
 180793 35214   62.00000   33  108   78.00000   53.00000  32.1%  70.7  780s
 181959 35292   53.81928   32  129   78.00000   53.00000  32.1%  70.7  785s
 183198 35431 infeasible   36        78.00000   53.00000  32.1%  70.7  790s
 184328 35542   66.00000   39   95   78.00000   53.00000  32.1%  70.7  795s
 185387 35630   53.00000   30  119   78.00000   53.00000  32.1%  70.8  800s
 186570 35730 infeasible   37        78.00000   53.00000  32.1%  70.8  805s
 187734 35825   55.10989   41  127   78.00000   53.00000  32.1%  70.9  810s
 189014 35950   65.00000   33  115   78.00000   53.00000  32.1%  70.9  815s
 190439 36112   53.75000   29  131   78.00000   53.17647  31.8%  70.9  820s
 191945 36293   54.28203   29  120   78.00000   53.46280  31.5%  70.8  825s
 193537 36509   55.72062   32  102   78.00000   53.74784  31.1%  70.7  830s
 195009 36719   72.00000   36   73   78.00000   54.00000  30.8%  70.7  835s
 196277 36817   60.00000   39   67   78.00000   54.00000  30.8%  70.7  840s
 197340 36906   62.00000   31  115   78.00000   54.00000  30.8%  70.7  845s
 198521 37056   71.00000   34  114   78.00000   54.00000  30.8%  70.7  850s
 199818 37214   64.00000   36   85   78.00000   54.00000  30.8%  70.7  855s
 200832 37346   68.00000   34   58   78.00000   54.00000  30.8%  70.7  860s
 201021 37349   61.13793   31   91   78.00000   54.00000  30.8%  70.7  865s
 202029 37412   64.00000   33   75   78.00000   54.00000  30.8%  70.7  870s
 203298 37523   67.00000   40   51   78.00000   54.00000  30.8%  70.8  875s
 204437 37587   63.00000   37   92   78.00000   54.00000  30.8%  70.7  880s
 205790 37712   54.00000   31  120   78.00000   54.00000  30.8%  70.7  885s
 206763 37780   54.00000   32  109   78.00000   54.00000  30.8%  70.7  890s
 207972 37883   60.00000   37   89   78.00000   54.00000  30.8%  70.7  895s
 209412 38063   59.00000   30   84   78.00000   54.00000  30.8%  70.7  900s
 210906 38268   73.00000   38   49   78.00000   54.00000  30.8%  70.6  905s
 212145 38371   55.26389   37  118   78.00000   54.00000  30.8%  70.6  910s
 213462 38517   59.67606   37   68   78.00000   54.00000  30.8%  70.6  915s
 214607 38636 infeasible   39        78.00000   54.00000  30.8%  70.6  920s
 215835 38775   71.00000   36   53   78.00000   54.00000  30.8%  70.6  925s
 217134 38897   57.00000   32  132   78.00000   54.00000  30.8%  70.6  930s
 217957 38988   54.00000   32   97   78.00000   54.00000  30.8%  70.6  935s
 219236 39130   74.00000   38   88   78.00000   54.00000  30.8%  70.6  940s
 220516 39276 infeasible   37        78.00000   54.00000  30.8%  70.6  945s
 221906 39447   57.00000   31   83   78.00000   54.00000  30.8%  70.6  950s
 223141 39598   54.00000   35  109   78.00000   54.00000  30.8%  70.6  955s
 224442 39726   59.00000   30  117   78.00000   54.00000  30.8%  70.6  960s
 225759 39875   54.00000   31  120   78.00000   54.00000  30.8%  70.6  965s
 227051 40034   55.46154   34  107   78.00000   54.00000  30.8%  70.5  970s
 228239 40118   57.00000   32  113   78.00000   54.00000  30.8%  70.6  975s
 229614 40277   75.00000   34   42   78.00000   54.00000  30.8%  70.5  980s
 231011 40476   54.00000   32  116   78.00000   54.00000  30.8%  70.5  985s
 232254 40649   70.00000   35   97   78.00000   54.00000  30.8%  70.5  990s
 233505 40771   65.00000   35   93   78.00000   54.00000  30.8%  70.5  995s
 234538 40926   59.00000   31  112   78.00000   54.00000  30.8%  70.5 1000s
 235836 41055 infeasible   34        78.00000   54.00000  30.8%  70.5 1005s
 237254 41250 infeasible   44        78.00000   54.00000  30.8%  70.4 1010s
 238614 41452 infeasible   39        78.00000   54.00000  30.8%  70.4 1015s
 239915 41602   54.00000   33   86   78.00000   54.00000  30.8%  70.4 1020s
 241039 41711 infeasible   38        78.00000   54.00000  30.8%  70.4 1025s
 242376 41866   57.00000   31  107   78.00000   54.00000  30.8%  70.4 1030s
 243780 42023   63.00000   36  105   78.00000   54.00000  30.8%  70.4 1035s
 245244 42217   60.00000   29   87   78.00000   54.00000  30.8%  70.4 1040s
 246615 42411 infeasible   35        78.00000   54.00000  30.8%  70.4 1045s
 247431 42546   54.00000   31  137   78.00000   54.00000  30.8%  70.4 1050s
 248772 42714 infeasible   30        78.00000   54.00000  30.8%  70.3 1055s
 250059 42881   65.00000   36  104   78.00000   54.01205  30.8%  70.3 1060s
 251455 43043 infeasible   33        78.00000   54.12000  30.6%  70.3 1065s
 252782 43201   70.02857   29   59   78.00000   54.18390  30.5%  70.3 1070s
 254202 43351   71.00000   34   93   78.00000   54.33333  30.3%  70.3 1075s
 255660 43531 infeasible   35        78.00000   54.41860  30.2%  70.2 1080s
 257160 43675   65.00000   31   78   78.00000   54.52632  30.1%  70.2 1085s
 258662 43828   61.00000   32   71   78.00000   54.67606  29.9%  70.1 1090s
 260130 43972   69.00000   35   88   78.00000   54.77465  29.8%  70.1 1095s
 261535 44139 infeasible   31        78.00000   54.92308  29.6%  70.1 1100s
 262845 44287 infeasible   37        78.00000   55.00000  29.5%  70.0 1105s
 264134 44377 infeasible   36        78.00000   55.00000  29.5%  70.1 1110s
 265584 44553   61.00000   38   46   78.00000   55.00000  29.5%  70.0 1115s
 266894 44703   58.27907   41   98   78.00000   55.00000  29.5%  70.0 1120s
 268110 44779 infeasible   34        78.00000   55.00000  29.5%  70.0 1125s
 269327 44871   69.00000   38   59   78.00000   55.00000  29.5%  70.0 1130s
 270586 44990 infeasible   44        78.00000   55.00000  29.5%  70.0 1135s
 271678 45061 infeasible   44        78.00000   55.00000  29.5%  70.1 1140s
 272965 45230   74.00000   40   59   78.00000   55.00000  29.5%  70.1 1145s
 274064 45325 infeasible   28        78.00000   55.00000  29.5%  70.1 1150s
 275274 45391     cutoff   36        78.00000   55.00000  29.5%  70.1 1155s
 276639 45546   64.00000   37  123   78.00000   55.00000  29.5%  70.1 1160s
 278046 45726   77.00000   53   32   78.00000   55.00000  29.5%  70.0 1165s
 278700 45813   57.00000   36  134   78.00000   55.00000  29.5%  70.0 1172s
 279370 45898 infeasible   37        78.00000   55.00000  29.5%  70.0 1175s
 280628 46029   57.00000   38  118   78.00000   55.00000  29.5%  70.0 1180s
 281927 46167   58.00000   34  114   78.00000   55.00000  29.5%  70.0 1185s
 283482 46391 infeasible   38        78.00000   55.00000  29.5%  70.0 1190s
 284938 46570   55.00000   36  137   78.00000   55.00000  29.5%  69.9 1195s
 286143 46666   55.00000   35  117   78.00000   55.00000  29.5%  70.0 1200s
 287329 46786   55.00000   33  104   78.00000   55.00000  29.5%  70.0 1205s
 288671 46936 infeasible   33        78.00000   55.00000  29.5%  69.9 1210s
 289963 47092 infeasible   32        78.00000   55.00000  29.5%  69.9 1215s
 291419 47244   61.36842   29  134   78.00000   55.00000  29.5%  69.9 1220s
 292729 47373 infeasible   36        78.00000   55.00000  29.5%  69.9 1225s
 293919 47467   66.00000   35   92   78.00000   55.00000  29.5%  69.9 1230s
 295379 47650   69.00000   42   60   78.00000   55.00000  29.5%  69.9 1235s
 296684 47816   61.00000   41   84   78.00000   55.00000  29.5%  69.8 1240s
 297985 47974   73.00000   39   57   78.00000   55.00000  29.5%  69.9 1245s
 299408 48158   65.00000   39   85   78.00000   55.00000  29.5%  69.8 1250s
 300745 48294   66.00000   35   98   78.00000   55.00000  29.5%  69.8 1255s
 302200 48455   55.00000   31  125   78.00000   55.00000  29.5%  69.8 1260s
 303614 48653   68.00000   39   70   78.00000   55.03846  29.4%  69.8 1265s
 305102 48828   57.00000   31  146   78.00000   55.12676  29.3%  69.7 1270s
 306554 48969 infeasible   30        78.00000   55.15979  29.3%  69.7 1275s
 307901 49119   72.00000   38   70   78.00000   55.24186  29.2%  69.7 1280s
 309208 49269   62.46049   33   83   78.00000   55.40278  29.0%  69.7 1285s
 310712 49440   63.00000   36   76   78.00000   55.51163  28.8%  69.6 1290s
 312253 49593   75.04651   45   29   78.00000   55.67391  28.6%  69.6 1295s
 313743 49717   58.00000   38  125   78.00000   55.84615  28.4%  69.5 1300s
 315263 49903   77.00000   35   61   78.00000   56.00000  28.2%  69.5 1305s
 316519 50009   56.00000   31  133   78.00000   56.00000  28.2%  69.5 1310s
 317739 50063   64.00000   32   96   78.00000   56.00000  28.2%  69.5 1315s
 318939 50136 infeasible   34        78.00000   56.00000  28.2%  69.5 1320s
 320021 50216 infeasible   29        78.00000   56.00000  28.2%  69.6 1325s
 321273 50301   56.00000   41  102   78.00000   56.00000  28.2%  69.6 1330s
 322553 50364   63.00000   36   33   78.00000   56.00000  28.2%  69.6 1335s
 323948 50455   62.00000   34   98   78.00000   56.00000  28.2%  69.6 1340s
 325061 50497   65.00000   42  103   78.00000   56.00000  28.2%  69.6 1345s
 326416 50600   56.67606   32  123   78.00000   56.00000  28.2%  69.6 1350s
 327627 50684   67.00000   36   58   78.00000   56.00000  28.2%  69.6 1355s
 328958 50840   59.00000   40   76   78.00000   56.00000  28.2%  69.6 1360s
 330152 50922   59.00000   34   92   78.00000   56.00000  28.2%  69.6 1365s
 331393 51033 infeasible   31        78.00000   56.00000  28.2%  69.6 1370s
 332556 51103 infeasible   31        78.00000   56.00000  28.2%  69.6 1375s
 333960 51238 infeasible   35        78.00000   56.00000  28.2%  69.6 1380s
 335277 51395   64.05634   30  116   78.00000   56.00000  28.2%  69.6 1385s
 336383 51471     cutoff   42        78.00000   56.00000  28.2%  69.6 1390s
 337664 51578   59.00000   37   68   78.00000   56.00000  28.2%  69.6 1395s
 338908 51676   75.00000   42   66   78.00000   56.00000  28.2%  69.6 1400s
 340221 51789 infeasible   33        78.00000   56.00000  28.2%  69.6 1405s
 341029 51867   57.32075   34   89   78.00000   56.00000  28.2%  69.7 1410s
 342476 52021 infeasible   35        78.00000   56.00000  28.2%  69.6 1415s
 343810 52130 infeasible   40        78.00000   56.00000  28.2%  69.6 1420s
 345076 52206 infeasible   36        78.00000   56.00000  28.2%  69.6 1425s
 346348 52300   67.00000   45   51   78.00000   56.00000  28.2%  69.6 1430s
 347548 52435   64.00000   37   66   78.00000   56.00000  28.2%  69.6 1435s
 348750 52535   56.00000   36   80   78.00000   56.00000  28.2%  69.7 1440s
 349838 52632   61.53913   32  121   78.00000   56.00000  28.2%  69.7 1445s
 351168 52765   68.00000   38   64   78.00000   56.00000  28.2%  69.6 1450s
 352624 52889   59.00000   37   97   78.00000   56.00000  28.2%  69.6 1455s
 353944 53005   65.00000   34  118   78.00000   56.00000  28.2%  69.6 1460s
 355283 53162 infeasible   38        78.00000   56.00000  28.2%  69.6 1465s
 356479 53253   72.00000   42   49   78.00000   56.00000  28.2%  69.6 1470s
 357903 53431   67.00000   41   67   78.00000   56.00000  28.2%  69.6 1475s
 359150 53575   75.00000   36   57   78.00000   56.00000  28.2%  69.6 1480s
 360594 53721 infeasible   38        78.00000   56.00000  28.2%  69.6 1485s
 361946 53815 infeasible   28        78.00000   56.00000  28.2%  69.6 1490s
 363250 53940   56.00000   30  127   78.00000   56.00000  28.2%  69.6 1495s
 364761 54137 infeasible   32        78.00000   56.04000  28.2%  69.5 1500s
 366313 54233   59.00000   47   60   78.00000   56.08872  28.1%  69.5 1505s
 367743 54351   61.00000   38  119   78.00000   56.16901  28.0%  69.5 1510s
 368934 54485   70.00000   37   61   78.00000   56.27069  27.9%  69.4 1515s
 370129 54561 infeasible   38        78.00000   56.38554  27.7%  69.4 1520s
 371722 54697 infeasible   31        78.00000   56.48837  27.6%  69.4 1525s
 373042 54805   63.00000   38  101   78.00000   56.59663  27.4%  69.3 1530s
 374516 54937   69.00000   35   40   78.00000   56.74419  27.3%  69.3 1535s
 376032 55042   63.00000   29  115   78.00000   56.87687  27.1%  69.3 1540s
 377334 55083   72.00000   40   70   78.00000   57.00000  26.9%  69.3 1545s
 378043 55149   70.00000   45   77   78.00000   57.00000  26.9%  69.3 1550s
 379206 55194   57.00000   37  105   78.00000   57.00000  26.9%  69.3 1555s
 380355 55225   71.00000   36   66   78.00000   57.00000  26.9%  69.3 1560s
 381612 55266   70.00000   35   75   78.00000   57.00000  26.9%  69.3 1565s
 382775 55338 infeasible   43        78.00000   57.00000  26.9%  69.4 1570s
 383878 55436   57.00000   33  116   78.00000   57.00000  26.9%  69.4 1575s
 385060 55486 infeasible   33        78.00000   57.00000  26.9%  69.4 1580s
 386335 55559   59.49276   37   89   78.00000   57.00000  26.9%  69.4 1585s
 387602 55615   57.00000   34   93   78.00000   57.00000  26.9%  69.4 1590s
 388836 55675   63.00000   39  111   78.00000   57.00000  26.9%  69.4 1595s
 390155 55721   57.00000   35  134   78.00000   57.00000  26.9%  69.4 1600s
 391216 55771 infeasible   43        78.00000   57.00000  26.9%  69.4 1605s
 392480 55861 infeasible   40        78.00000   57.00000  26.9%  69.4 1610s
 393647 55885 infeasible   35        78.00000   57.00000  26.9%  69.5 1615s
 394947 55977   70.00000   39   39   78.00000   57.00000  26.9%  69.5 1620s
 396115 55976 infeasible   38        78.00000   57.00000  26.9%  69.5 1625s
 397407 56062   59.00000   32  126   78.00000   57.00000  26.9%  69.5 1630s
 398630 56080   59.00000   37   67   78.00000   57.00000  26.9%  69.5 1635s
 399921 56137   70.00000   35   75   78.00000   57.00000  26.9%  69.5 1640s
 401170 56246   62.00000   34   99   78.00000   57.00000  26.9%  69.5 1645s
 402421 56375 infeasible   36        78.00000   57.00000  26.9%  69.5 1650s
 403257 56429   59.00000   31   89   78.00000   57.00000  26.9%  69.5 1655s
 404482 56505 infeasible   39        78.00000   57.00000  26.9%  69.5 1660s
 405570 56508   73.00000   37   39   78.00000   57.00000  26.9%  69.6 1665s
 406865 56568 infeasible   34        78.00000   57.00000  26.9%  69.6 1670s
 407885 56614   70.00000   36   48   78.00000   57.00000  26.9%  69.6 1675s
 409094 56661   57.00000   35  114   78.00000   57.00000  26.9%  69.6 1680s
 410170 56701   57.00000   24  138   78.00000   57.00000  26.9%  69.6 1685s
 411452 56782   71.00000   32   50   78.00000   57.00000  26.9%  69.6 1690s
 412752 56846   63.00000   33   76   78.00000   57.00000  26.9%  69.6 1695s
 413826 56899   60.00000   34   85   78.00000   57.00000  26.9%  69.6 1700s
 415053 56934 infeasible   38        78.00000   57.00000  26.9%  69.6 1705s
 416325 57022 infeasible   32        78.00000   57.00000  26.9%  69.6 1710s
 417370 57035 infeasible   37        78.00000   57.00000  26.9%  69.7 1715s
 418016 57103   60.00000   36  109   78.00000   57.00000  26.9%  69.7 1720s
 419117 57143   69.00000   37   64   78.00000   57.00000  26.9%  69.7 1725s
 420194 57171   70.00000   33  105   78.00000   57.00000  26.9%  69.7 1730s
 421250 57213   65.42857   34   90   78.00000   57.00000  26.9%  69.7 1735s
 422290 57274   61.00000   36  132   78.00000   57.00000  26.9%  69.7 1740s
 423397 57366 infeasible   43        78.00000   57.00000  26.9%  69.7 1745s
 424434 57399   69.00000   44   67   78.00000   57.00000  26.9%  69.7 1750s
 425480 57478   66.00000   36   78   78.00000   57.00000  26.9%  69.8 1755s
 426441 57539   58.00000   36   98   78.00000   57.00000  26.9%  69.8 1760s
 427559 57620   70.00000   38   92   78.00000   57.00000  26.9%  69.8 1765s
 428081 57642 infeasible   32        78.00000   57.00000  26.9%  69.8 1770s
 429282 57746   57.00000   33  136   78.00000   57.00000  26.9%  69.8 1775s
 430540 57854 infeasible   42        78.00000   57.00000  26.9%  69.7 1780s
 431660 57891   73.00000   29   56   78.00000   57.00000  26.9%  69.7 1785s
 432724 57952   77.00000   37   46   78.00000   57.00000  26.9%  69.7 1790s
 433750 57971   62.00000   32   83   78.00000   57.00000  26.9%  69.8 1795s

Cutting planes:
  Gomory: 100
  Cover: 576
  Implied bound: 246
  Clique: 143
  MIR: 746
  Mixing: 239
  StrongCG: 16
  Flow cover: 3178
  GUB cover: 15
  Inf proof: 52
  RLT: 164
  Relax-and-lift: 123
  BQP: 11
  PSD: 18

Explored 434850 nodes (30344307 simplex iterations) in 1800.00 seconds (2278.14 work units)
Thread count was 1 (of 96 available processors)

Solution count 10: 78 78 79 ... 85

Time limit reached
Best objective 7.799999999210e+01, best bound 5.700000000000e+01, gap 26.9231%
WARNING: Loading a SolverResults object with an 'aborted' status, but
    containing a solution

Instance 18_2, formulation reagg, reform MIP:
  Rect 0: x = 48.00, y = 14.00
  Rect 1: x = 45.00, y = 11.00
  Rect 2: x = 25.00, y = 5.00
  Rect 3: x = 34.00, y = 14.00
  Rect 4: x = 0.00, y = 12.00
  Rect 5: x = 6.00, y = 7.00
  Rect 6: x = 64.00, y = 12.00
  Rect 7: x = 49.00, y = 14.00
  Rect 8: x = 6.00, y = 12.00
  Rect 9: x = 34.00, y = 11.00
  Rect 10: x = 68.00, y = 14.00
  Rect 11: x = 19.00, y = 14.00
  Rect 12: x = 0.00, y = 14.00
  Rect 13: x = 37.00, y = 10.00
  Rect 14: x = 30.00, y = 14.00
  Rect 15: x = 32.00, y = 13.00
  Rect 16: x = 14.00, y = 7.00
  Rect 17: x = 48.00, y = 8.00
  → saved figures to strip_figures/18_2_reagg_MIP.png and strip_figures/18_2_reagg_MIP.pdf
Set parameter TokenServer to value "mooring.ecn.purdue.edu"
Read LP format model from file /tmp/tmppjhx9k7r.pyomo.lp
Reading time = 0.00 seconds
x650: 784 rows, 650 columns, 4270 nonzeros
Set parameter TimeLimit to value 1800
Set parameter Threads to value 1
Gurobi Optimizer version 11.0.0 build v11.0.0rc2 (linux64 - "Oracle Linux Server 9.6")

CPU model: AMD EPYC 7643 48-Core Processor, instruction set [SSE2|AVX|AVX2]
Thread count: 48 physical cores, 96 logical processors, using up to 1 threads

Optimize a model with 784 rows, 650 columns and 4270 nonzeros
Model fingerprint: 0x63a8e247
Variable types: 38 continuous, 612 integer (612 binary)
Coefficient statistics:
  Matrix range     [1e+00, 1e+02]
  Objective range  [1e+00, 1e+00]
  Bounds range     [1e+00, 1e+02]
  RHS range        [1e+00, 2e+01]
Presolve removed 223 rows and 224 columns
Presolve time: 0.00s
Presolved: 561 rows, 426 columns, 2170 nonzeros
Variable types: 36 continuous, 390 integer (390 binary)
Found heuristic solution: objective 149.0000000

Root relaxation: objective 3.000000e+01, 236 iterations, 0.00 seconds (0.00 work units)

    Nodes    |    Current Node    |     Objective Bounds      |     Work
 Expl Unexpl |  Obj  Depth IntInf | Incumbent    BestBd   Gap | It/Node Time

     0     0   30.00000    0   55  149.00000   30.00000  79.9%     -    0s
H    0     0                     141.0000000   30.00000  78.7%     -    0s
     0     0   33.00000    0   86  141.00000   33.00000  76.6%     -    0s
     0     0   33.00000    0   86  141.00000   33.00000  76.6%     -    0s
     0     0   34.10345    0  135  141.00000   34.10345  75.8%     -    0s
     0     0   34.10345    0  119  141.00000   34.10345  75.8%     -    0s
     0     0   36.14286    0  108  141.00000   36.14286  74.4%     -    0s
     0     0   36.14286    0   90  141.00000   36.14286  74.4%     -    0s
     0     0   37.00000    0   87  141.00000   37.00000  73.8%     -    0s
     0     0   37.00000    0   79  141.00000   37.00000  73.8%     -    0s
     0     0   37.00000    0   85  141.00000   37.00000  73.8%     -    0s
H    0     0                     100.0000000   37.00000  63.0%     -    0s
     0     0   37.00000    0   84  100.00000   37.00000  63.0%     -    0s
     0     0   37.00000    0   46  100.00000   37.00000  63.0%     -    0s
     0     0   37.00000    0   74  100.00000   37.00000  63.0%     -    0s
     0     0   37.00000    0   65  100.00000   37.00000  63.0%     -    0s
     0     0   37.00000    0   93  100.00000   37.00000  63.0%     -    0s
     0     0   37.00000    0   50  100.00000   37.00000  63.0%     -    0s
     0     0   37.00000    0   50  100.00000   37.00000  63.0%     -    0s
H    0     0                      92.0000000   37.00000  59.8%     -    0s
     0     2   37.00000    0   50   92.00000   37.00000  59.8%     -    0s
H   26    25                      90.0000000   37.00000  58.9%  22.4    0s
H  635   426                      88.0000000   41.55172  52.8%  12.5    0s
H  637   405                      87.0000000   43.00000  50.6%  12.5    0s
H  637   385                      86.0000000   43.00000  50.0%  12.5    0s
H  643   369                      85.0000000   43.00000  49.4%  12.4    0s
H  828   439                      84.0000000   43.00000  48.8%  22.3    1s
*  878   436              80      81.0000000   43.00000  46.9%  21.3    1s
H 1593   682                      80.0000000   43.00000  46.2%  18.9    1s
H 1892   869                      80.0000000   43.00000  46.2%  18.5    2s
  3916  1920   46.00000   27   65   80.00000   43.00000  46.2%  22.4    5s
  6617  3143   43.50000   25   95   80.00000   43.11111  46.1%  26.8   10s
 10092  4625   45.40278   21  134   80.00000   45.00000  43.7%  27.3   15s
 12001  5481   56.00000   26   53   80.00000   46.00000  42.5%  27.6   20s
 15316  6779   46.00000   25  129   80.00000   46.00000  42.5%  28.0   25s
 18939  8278   54.00000   29   98   80.00000   46.01724  42.5%  28.2   30s
 22489  9610   52.00000   26  102   80.00000   47.00000  41.2%  28.6   35s
 26085 10936 infeasible   33        80.00000   48.00000  40.0%  28.9   40s
 29276 12049   48.00000   30  125   80.00000   48.00000  40.0%  29.3   45s
 32625 13281   77.00000   36   35   80.00000   49.00000  38.7%  29.3   50s
*33481 13176              59      79.0000000   49.00000  38.0%  29.4   51s
H34481 12819                      78.0000000   49.00000  37.2%  29.5   53s
 35047 12924 infeasible   32        78.00000   49.00000  37.2%  29.8   55s
 37060 13340   71.00000   37   61   78.00000   49.00000  37.2%  30.6   60s
 39798 14055   62.00000   43   71   78.00000   50.00000  35.9%  31.1   65s
 42427 14726 infeasible   42        78.00000   50.00000  35.9%  31.3   70s
H44180 15060                      78.0000000   50.00000  35.9%  31.7   74s
 44497 15102   61.00000   40   64   78.00000   50.27907  35.5%  31.9   75s
 46991 15712   51.00000   33  105   78.00000   51.00000  34.6%  32.3   80s
 49673 16317   64.00000   33   89   78.00000   51.00000  34.6%  32.6   85s
 52474 16882   57.00000   31  109   78.00000   51.00000  34.6%  32.7   90s
 55358 17549   60.00000   34   91   78.00000   52.00000  33.3%  32.8   95s
 58079 18133   52.00000   27   62   78.00000   52.00000  33.3%  33.0  100s
 61710 19006   70.00000   33   74   78.00000   53.00000  32.1%  32.9  105s
 64903 19706 infeasible   37        78.00000   53.00000  32.1%  33.0  110s
 67403 20045 infeasible   35        78.00000   53.00000  32.1%  33.4  115s
 70135 20508   61.00000   30   48   78.00000   54.00000  30.8%  33.7  120s
 73108 21142   62.00000   35   67   78.00000   54.00000  30.8%  33.8  125s
 76121 21804 infeasible   40        78.00000   54.00000  30.8%  33.9  130s
 78889 22431   56.00000   31  102   78.00000   54.00000  30.8%  34.0  135s
 81620 22938   63.00000   33   45   78.00000   54.00000  30.8%  34.2  140s
 84484 23451   54.00000   30   93   78.00000   54.00000  30.8%  34.3  145s
 86961 23845 infeasible   33        78.00000   54.84000  29.7%  34.4  150s
 90060 24358 infeasible   36        78.00000   55.00000  29.5%  34.4  155s
 92472 24788 infeasible   34        78.00000   55.00000  29.5%  34.5  160s
 95500 25385   55.00000   25   58   78.00000   55.00000  29.5%  34.6  165s
 97709 25692   64.00000   30   92   78.00000   56.00000  28.2%  34.8  170s
 100792 26281   60.00000   29  101   78.00000   56.00000  28.2%  34.8  175s
 103628 26804   59.00000   37   76   78.00000   56.00000  28.2%  34.9  180s
 106550 27393   67.00000   37   71   78.00000   56.00000  28.2%  35.0  185s
 109568 27990   56.00000   29  105   78.00000   56.00000  28.2%  35.0  190s
 111997 28464 infeasible   36        78.00000   56.00000  28.2%  35.1  195s
 114738 28993   56.00000   35   88   78.00000   56.00000  28.2%  35.2  200s
 117591 29680   56.12644   30   94   78.00000   56.00000  28.2%  35.1  205s
 119400 29961   59.00000   33   94   78.00000   56.00000  28.2%  35.3  210s
 121995 30470 infeasible   35        78.00000   56.00000  28.2%  35.4  215s
 124315 30714   56.00000   34   95   78.00000   56.00000  28.2%  35.6  220s
 127324 31357   56.26609   26   92   78.00000   56.00000  28.2%  35.5  225s
 130402 32043   68.00000   32   86   78.00000   56.55172  27.5%  35.5  230s
 132828 32305   57.00000   30   60   78.00000   57.00000  26.9%  35.6  235s
 135506 32739 infeasible   36        78.00000   57.00000  26.9%  35.7  240s
 137971 33166   62.00000   39   69   78.00000   57.00000  26.9%  35.8  245s
 140305 33466 infeasible   34        78.00000   57.00000  26.9%  35.9  250s
 142985 33963   64.00000   31   58   78.00000   57.00000  26.9%  36.0  255s
 145698 34389   59.00000   33   98   78.00000   57.00000  26.9%  36.0  260s
 148217 34847   63.00000   33   96   78.00000   57.00000  26.9%  36.1  265s
 151093 35286   65.00000   32   63   78.00000   57.00000  26.9%  36.1  270s
 153148 35508   75.00000   27   46   78.00000   57.00000  26.9%  36.2  275s
 155923 35873 infeasible   36        78.00000   57.00000  26.9%  36.3  280s
 158281 36206 infeasible   38        78.00000   57.00000  26.9%  36.3  285s
 161173 36718   76.00000   50   32   78.00000   57.00000  26.9%  36.3  290s
 163976 37142   65.00000   39   64   78.00000   57.00000  26.9%  36.4  295s
 166840 37608   72.00000   50   68   78.00000   57.05263  26.9%  36.4  300s
 169387 37946   62.00000   36   85   78.00000   58.00000  25.6%  36.5  305s
 171803 38255   76.00000   45   69   78.00000   58.00000  25.6%  36.6  310s
 174280 38533   75.00000   36   77   78.00000   58.00000  25.6%  36.6  315s
 176592 38824   64.00000   36   94   78.00000   58.00000  25.6%  36.7  320s
 178941 39089   58.00000   34   74   78.00000   58.00000  25.6%  36.7  325s
 180706 39268   58.00000   32   61   78.00000   58.00000  25.6%  36.8  330s
 183096 39463 infeasible   35        78.00000   58.00000  25.6%  36.9  335s
 185761 39782   73.00000   42   52   78.00000   58.00000  25.6%  36.9  340s
 188598 40174 infeasible   31        78.00000   58.00000  25.6%  36.9  345s
 190835 40398   70.00000   37   91   78.00000   58.00000  25.6%  36.9  350s
 193075 40615 infeasible   33        78.00000   58.97674  24.4%  37.0  355s
 195792 40956 infeasible   34        78.00000   59.00000  24.4%  37.0  360s
 198563 41280   70.00000   45   66   78.00000   59.00000  24.4%  37.0  365s
 200667 41374 infeasible   31        78.00000   59.00000  24.4%  37.1  370s
 202270 41444   60.00000   33   64   78.00000   59.00000  24.4%  37.3  375s
 204581 41562 infeasible   42        78.00000   59.00000  24.4%  37.3  380s
 206692 41657   69.00000   34   52   78.00000   59.00000  24.4%  37.4  385s
 209340 41947   64.00000   33   58   78.00000   59.00000  24.4%  37.4  390s
 212427 42336 infeasible   44        78.00000   59.00000  24.4%  37.4  395s
 215072 42580   67.00000   35   76   78.00000   59.00000  24.4%  37.4  400s
 217693 42815 infeasible   40        78.00000   59.00000  24.4%  37.4  405s
 220169 43039   77.00000   35   56   78.00000   59.00000  24.4%  37.4  410s
 223173 43445   59.00000   38   95   78.00000   59.00000  24.4%  37.4  415s
 225845 43729   59.00000   31   77   78.00000   59.00000  24.4%  37.4  420s
 227781 43900   62.00000   33   62   78.00000   59.00000  24.4%  37.5  425s
 229847 43944   68.00000   28   49   78.00000   59.00000  24.4%  37.6  430s
 232300 44151   63.00000   39   79   78.00000   59.00000  24.4%  37.6  435s
 234477 44332   75.00000   41   58   78.00000   59.00000  24.4%  37.7  440s
 237016 44535 infeasible   32        78.00000   59.00000  24.4%  37.7  445s
 239568 44796     cutoff   46        78.00000   59.00000  24.4%  37.8  450s
 242211 45033   69.00000   40   78   78.00000   59.00000  24.4%  37.8  455s
 244906 45255   62.00000   34   58   78.00000   59.00000  24.4%  37.8  460s
 247357 45343   67.00000   35   82   78.00000   59.00000  24.4%  37.8  465s
 250154 45591 infeasible   32        78.00000   59.00000  24.4%  37.8  470s
 252387 45694   65.00000   36   78   78.00000   59.00000  24.4%  37.9  475s
 254506 45863 infeasible   38        78.00000   59.00000  24.4%  38.0  480s
 257143 45984   59.00000   34   93   78.00000   59.00000  24.4%  38.0  485s
 259487 46105   59.00000   41  106   78.00000   59.00000  24.4%  38.1  490s
 261269 46263   61.77649   31  108   78.00000   59.00000  24.4%  38.1  495s
 263166 46330   66.00000   32   58   78.00000   59.00000  24.4%  38.2  500s
 265354 46382   69.00000   34   67   78.00000   59.00000  24.4%  38.2  505s
 267818 46601 infeasible   39        78.00000   59.00000  24.4%  38.2  510s
 270140 46703   60.00000   40   85   78.00000   59.00000  24.4%  38.2  515s
 272676 46942 infeasible   41        78.00000   59.00000  24.4%  38.3  520s
 275377 47200 infeasible   40        78.00000   59.00000  24.4%  38.3  525s
 278508 47609   70.00000   39   59   78.00000   59.00000  24.4%  38.2  530s
 281128 47850 infeasible   39        78.00000   59.05000  24.3%  38.2  535s
 283505 47908   59.57143   42   66   78.00000   59.57143  23.6%  38.2  540s
 285719 47906   60.00000   35   86   78.00000   60.00000  23.1%  38.3  545s
 288085 47881   62.00000   32   62   78.00000   60.00000  23.1%  38.3  550s
 290297 47752   73.00000   37   55   78.00000   60.00000  23.1%  38.4  555s
 292230 47846 infeasible   38        78.00000   60.00000  23.1%  38.5  560s
 294067 47843 infeasible   33        78.00000   60.00000  23.1%  38.5  565s
 296109 47727 infeasible   36        78.00000   60.00000  23.1%  38.6  570s
 298354 47773   68.00000   37   67   78.00000   60.00000  23.1%  38.6  575s
 300198 47799   68.00000   34   39   78.00000   60.00000  23.1%  38.7  580s
 302592 47847 infeasible   34        78.00000   60.00000  23.1%  38.7  585s
 304798 47810 infeasible   34        78.00000   60.00000  23.1%  38.7  590s
 307103 47730   67.00000   37   36   78.00000   60.00000  23.1%  38.8  595s
 309645 47749   66.00000   28   62   78.00000   60.00000  23.1%  38.8  600s
 312145 47864   70.00000   39   56   78.00000   60.00000  23.1%  38.8  605s
 314491 47939 infeasible   25        78.00000   60.00000  23.1%  38.8  610s
 316215 47937   69.00000   34   67   78.00000   60.00000  23.1%  38.9  615s
 318363 47863   72.00000   38   58   78.00000   60.00000  23.1%  38.9  620s
 320395 47739   70.00000   35   64   78.00000   61.00000  21.8%  39.0  625s
 322450 47578 infeasible   40        78.00000   61.00000  21.8%  39.1  630s
 324465 47370   72.00000   32   61   78.00000   61.00000  21.8%  39.2  635s
 326614 47341   61.00000   29   65   78.00000   61.00000  21.8%  39.2  640s
 328419 47297   61.00000   27   71   78.00000   61.00000  21.8%  39.2  645s
 330439 47182   61.00000   48   89   78.00000   61.00000  21.8%  39.3  650s
 332466 47008   65.00000   39   60   78.00000   61.00000  21.8%  39.4  655s
 334686 47005 infeasible   39        78.00000   61.00000  21.8%  39.4  660s
 336817 46918 infeasible   48        78.00000   61.00000  21.8%  39.5  665s
 338859 46763 infeasible   34        78.00000   61.00000  21.8%  39.6  670s
 340857 46680   62.00000   40  102   78.00000   61.00000  21.8%  39.6  675s
 342995 46624 infeasible   32        78.00000   61.00000  21.8%  39.7  680s
 344878 46569 infeasible   37        78.00000   61.00000  21.8%  39.7  685s
 346966 46490   61.00000   39   59   78.00000   61.00000  21.8%  39.8  690s
 348807 46301 infeasible   36        78.00000   62.00000  20.5%  39.8  695s
 350654 46201 infeasible   37        78.00000   62.00000  20.5%  39.9  700s
 352658 46067     cutoff   44        78.00000   62.00000  20.5%  40.0  705s
 354468 45894 infeasible   35        78.00000   62.00000  20.5%  40.0  710s
 356647 45739 infeasible   46        78.00000   62.00000  20.5%  40.1  715s
 358732 45582 infeasible   34        78.00000   62.00000  20.5%  40.1  720s
 360779 45401   62.00000   32   54   78.00000   62.00000  20.5%  40.2  725s
 362461 45388     cutoff   44        78.00000   62.00000  20.5%  40.2  730s
 364282 45345   64.00000   30   81   78.00000   62.00000  20.5%  40.3  735s
 366305 45357   63.00000   35   71   78.00000   62.00000  20.5%  40.3  740s
 368253 45223 infeasible   42        78.00000   62.00000  20.5%  40.4  745s
 370314 45099   66.00000   42   70   78.00000   62.00000  20.5%  40.4  750s
 372314 44961   75.00000   37   70   78.00000   62.00000  20.5%  40.5  755s
 374371 44894   62.00000   33   60   78.00000   62.00000  20.5%  40.5  760s
 376418 44771   62.00000   30   85   78.00000   62.00000  20.5%  40.6  765s
 378462 44627   62.00000   33   74   78.00000   62.00000  20.5%  40.6  770s
 380436 44462 infeasible   31        78.00000   62.00000  20.5%  40.7  775s
 382575 44363 infeasible   50        78.00000   62.00000  20.5%  40.7  780s
 384636 44162 infeasible   34        78.00000   63.00000  19.2%  40.8  785s
 386700 43853   63.00000   37   84   78.00000   63.00000  19.2%  40.8  790s
 388641 43545 infeasible   27        78.00000   63.00000  19.2%  40.9  795s
 390621 43305   63.00000   43   61   78.00000   63.00000  19.2%  40.9  800s
 392613 43131   70.00000   33   77   78.00000   63.00000  19.2%  41.0  805s
 394148 42980 infeasible   38        78.00000   63.00000  19.2%  41.0  810s
 396399 42916 infeasible   45        78.00000   63.00000  19.2%  41.0  815s
 398067 42754 infeasible   35        78.00000   63.00000  19.2%  41.1  820s
 400278 42619   63.00000   34   65   78.00000   63.00000  19.2%  41.1  825s
 402205 42463   64.60000   39   61   78.00000   64.00000  17.9%  41.1  830s
 404177 42116 infeasible   44        78.00000   64.00000  17.9%  41.2  835s
 406022 41874   64.00000   33   92   78.00000   64.00000  17.9%  41.3  840s
 408035 41593 infeasible   31        78.00000   64.00000  17.9%  41.3  845s
 410038 41444   68.00000   35   63   78.00000   64.00000  17.9%  41.4  850s
 411917 41245   64.00000   41   56   78.00000   64.00000  17.9%  41.5  855s
 413816 41099 infeasible   39        78.00000   64.00000  17.9%  41.5  860s
 415701 40791 infeasible   37        78.00000   64.00000  17.9%  41.6  865s
 417794 40662 infeasible   41        78.00000   64.00000  17.9%  41.6  870s
 419621 40439 infeasible   37        78.00000   64.00000  17.9%  41.7  875s
 421496 40163 infeasible   35        78.00000   64.00000  17.9%  41.7  880s
 423474 39872   67.00000   30   72   78.00000   64.04444  17.9%  41.8  885s
 425194 39641   77.00000   36   22   78.00000   65.00000  16.7%  41.9  890s
 426550 39554   65.00000   36   89   78.00000   65.00000  16.7%  42.0  895s
 428569 39267     cutoff   40        78.00000   65.00000  16.7%  42.0  900s
 430779 38932 infeasible   41        78.00000   65.00000  16.7%  42.0  905s
 432826 38585 infeasible   45        78.00000   65.00000  16.7%  42.1  910s
 434860 38312 infeasible   34        78.00000   65.00000  16.7%  42.1  915s
 436833 38017   65.00000   37   82   78.00000   65.00000  16.7%  42.2  920s
 438908 37879 infeasible   32        78.00000   65.00000  16.7%  42.2  925s
 440926 37631   67.00000   45   77   78.00000   65.00000  16.7%  42.2  930s
 442964 37368 infeasible   42        78.00000   65.00000  16.7%  42.3  935s
 445025 37109   65.00000   36   81   78.00000   65.00000  16.7%  42.3  940s
 447119 36861   67.00000   46   56   78.00000   65.00000  16.7%  42.4  945s
 449113 36604 infeasible   41        78.00000   65.00000  16.7%  42.4  950s
 451114 36415 infeasible   33        78.00000   65.00000  16.7%  42.4  955s
 453379 36279   70.00000   38   65   78.00000   65.00000  16.7%  42.4  960s
 455259 36143 infeasible   44        78.00000   65.00000  16.7%  42.5  965s
 457434 35953   65.00000   31   50   78.00000   65.00000  16.7%  42.5  970s
 459359 35701 infeasible   38        78.00000   65.00000  16.7%  42.5  975s
 461445 35491 infeasible   36        78.00000   65.00000  16.7%  42.6  980s
 463561 35429   68.00000   37   81   78.00000   65.00000  16.7%  42.6  985s
 465424 35034 infeasible   40        78.00000   66.00000  15.4%  42.6  990s
 467450 34687     cutoff   44        78.00000   66.00000  15.4%  42.7  995s
 469673 34486 infeasible   36        78.00000   66.00000  15.4%  42.7 1000s
 471805 34220   67.00000   37   80   78.00000   66.00000  15.4%  42.7 1005s
 473800 33922 infeasible   42        78.00000   66.00000  15.4%  42.8 1010s
 475905 33604 infeasible   37        78.00000   66.00000  15.4%  42.8 1015s
*476622 33590              53      77.9999995   66.00000  15.4%  42.8 1016s
 478104 33509 infeasible   37        78.00000   66.00000  15.4%  42.8 1020s
 480269 33330     cutoff   38        78.00000   66.57143  14.7%  42.8 1025s
 481963 33125   75.00000   36   60   78.00000   67.00000  14.1%  42.9 1030s
 483891 32728   67.00000   32   89   78.00000   67.00000  14.1%  42.9 1035s
 486001 32372 infeasible   36        78.00000   67.00000  14.1%  43.0 1040s
 488210 32103   68.00000   35   68   78.00000   67.00000  14.1%  43.0 1045s
 490207 31721   73.00000   41   59   78.00000   67.00000  14.1%  43.0 1050s
 492223 31457 infeasible   35        78.00000   67.00000  14.1%  43.1 1055s
 494453 31195   67.00000   34   70   78.00000   67.00000  14.1%  43.1 1060s
 496459 30996   69.00000   33   47   78.00000   67.00000  14.1%  43.1 1065s
 498372 30948 infeasible   41        78.00000   67.00000  14.1%  43.1 1070s
 500555 30861 infeasible   39        78.00000   67.00000  14.1%  43.2 1075s
 502654 30643 infeasible   43        78.00000   67.00000  14.1%  43.2 1080s
 504405 30442   67.10000   36   69   78.00000   67.00000  14.1%  43.2 1085s
 506690 30287   75.00000   28   56   78.00000   67.00000  14.1%  43.2 1090s
 508707 30052 infeasible   47        78.00000   67.00000  14.1%  43.3 1095s
 510966 29817 infeasible   37        78.00000   67.00000  14.1%  43.3 1100s
 512708 29564   71.00000   31   63   78.00000   67.00000  14.1%  43.3 1105s
 514881 29285 infeasible   35        78.00000   67.00000  14.1%  43.4 1110s
 516807 29072   70.00000   52   65   78.00000   67.00000  14.1%  43.4 1115s
 518857 28847   69.00000   33   81   78.00000   67.00000  14.1%  43.4 1120s
 520816 28550 infeasible   42        78.00000   67.00000  14.1%  43.5 1125s
 523125 28372   77.00000   41   46   78.00000   67.00000  14.1%  43.5 1130s
 525335 28022 infeasible   40        78.00000   67.00000  14.1%  43.5 1135s
 527620 27802 infeasible   37        78.00000   67.00000  14.1%  43.5 1140s
 529692 27374 infeasible   32        78.00000   68.00000  12.8%  43.6 1145s
 531380 27030 infeasible   46        78.00000   68.00000  12.8%  43.6 1150s
 533328 26589   76.00000   37   58   78.00000   68.00000  12.8%  43.7 1155s
 535409 26134 infeasible   37        78.00000   68.00000  12.8%  43.7 1160s
 537650 25733 infeasible   33        78.00000   68.00000  12.8%  43.7 1165s
 539758 25268 infeasible   40        78.00000   68.00000  12.8%  43.8 1170s
 541971 24933   75.00000   34   67   78.00000   68.00000  12.8%  43.8 1175s
 544019 24563 infeasible   33        78.00000   68.00000  12.8%  43.8 1180s
 546322 24230 infeasible   33        78.00000   68.00000  12.8%  43.8 1185s
 548164 23829   70.00000   40   66   78.00000   69.00000  11.5%  43.9 1190s
 550224 23331   77.00000   39   29   78.00000   69.00000  11.5%  43.9 1195s
 552340 22786   75.00000   39   50   78.00000   69.00000  11.5%  44.0 1200s
 554618 22457   69.00000   42   81   78.00000   69.00000  11.5%  44.0 1205s
 556623 22035   71.00000   38  109   78.00000   69.00000  11.5%  44.0 1210s
 558823 21704 infeasible   39        78.00000   70.00000  10.3%  44.0 1215s
 561042 21275 infeasible   35        78.00000   70.00000  10.3%  44.1 1220s
 562976 20685   70.00000   46   51   78.00000   70.00000  10.3%  44.1 1225s
 565356 20112   72.00000   51   64   78.00000   70.00000  10.3%  44.1 1230s
*566012 19965              45      77.9999995   70.00000  10.3%  44.1 1231s
 567414 19708   70.00000   32   66   78.00000   70.00000  10.3%  44.1 1235s
 569809 19289   73.00000   45   73   78.00000   70.00000  10.3%  44.2 1240s
 571802 18923   70.00000   40   92   78.00000   70.00000  10.3%  44.2 1245s
 574097 18444 infeasible   40        78.00000   70.00000  10.3%  44.2 1250s
 576319 17894 infeasible   37        78.00000   70.00000  10.3%  44.2 1255s
 578507 17500 infeasible   34        78.00000   70.00000  10.3%  44.2 1260s
 580300 17164 infeasible   35        78.00000   70.00000  10.3%  44.3 1265s
 582257 16859   76.00000   35   59   78.00000   70.00000  10.3%  44.3 1270s
 584583 16498 infeasible   39        78.00000   70.00000  10.3%  44.3 1275s
 586981 16042   70.00000   35   54   78.00000   70.00000  10.3%  44.3 1280s
 589407 15669   70.00000   42   82   78.00000   70.00000  10.3%  44.3 1285s
 591895 15340 infeasible   54        78.00000   70.00000  10.3%  44.3 1290s
 594241 14976   70.40000   35   52   78.00000   70.40000  9.74%  44.3 1295s
 596544 14055   71.00000   38   47   78.00000   71.00000  8.97%  44.3 1300s
 598996 13245   71.00000   44   56   78.00000   71.00000  8.97%  44.3 1305s
 601325 12501   72.00000   30   69   78.00000   72.00000  7.69%  44.3 1310s
 603652 11679     cutoff   36        78.00000   73.00000  6.41%  44.4 1315s
 605910 11099 infeasible   35        78.00000   73.00000  6.41%  44.4 1320s
 608512 10703 infeasible   38        78.00000   73.00000  6.41%  44.4 1325s
 611312 10396   75.00000   41   29   78.00000   74.00000  5.13%  44.3 1330s
 614336 10052 infeasible   28        78.00000   74.00000  5.13%  44.3 1335s
 617258  9795 infeasible   50        78.00000   74.00000  5.13%  44.2 1340s
 619960  9507   77.00000   47   15   78.00000   74.00000  5.13%  44.2 1345s
 622671  8733 infeasible   33        78.00000   75.00000  3.85%  44.2 1350s
 624965  7986   75.00000   52   39   78.00000   75.00000  3.85%  44.2 1355s
 627634  7103 infeasible   43        78.00000   76.00000  2.56%  44.2 1360s
 630101  6408   76.00000   48   57   78.00000   76.00000  2.56%  44.2 1365s
*634975  5866              40      77.9999994   77.00000  1.28%  44.0 1369s
 635001  5859 infeasible   38        78.00000   77.00000  1.28%  44.0 1370s
*639532  5315              46      77.9999992   77.00000  1.28%  43.7 1374s
 640535  5156   77.00000   49    9   78.00000   77.00000  1.28%  43.7 1375s
 646892  4573     cutoff   44        78.00000   77.00000  1.28%  43.4 1380s
 653396  3957   77.14286   42   24   78.00000   77.00000  1.28%  43.1 1385s
 659426  3435   77.00000   35   10   78.00000   77.00000  1.28%  42.8 1390s
 665017  2986   77.00000   44    7   78.00000   77.00000  1.28%  42.5 1395s
 671334  2635   77.00000   52   12   78.00000   77.00000  1.28%  42.2 1400s
 677522  2303   77.00000   43   37   78.00000   77.00000  1.28%  42.0 1405s
 682875  1953   77.00000   51    3   78.00000   77.00000  1.28%  41.8 1410s
 688031  1520   77.00000   58   19   78.00000   77.00000  1.28%  41.6 1415s
 693351  1104   77.00000   45   29   78.00000   77.00000  1.28%  41.4 1420s
*694039  1071              40      77.9999991   77.00000  1.28%  41.4 1421s
 697742   819   77.00000   44   14   78.00000   77.00000  1.28%  41.2 1425s
*700954   570              45      77.9999990   77.00000  1.28%  41.1 1428s
 702996   461   77.00000   50    6   78.00000   77.00000  1.28%  41.0 1430s

Cutting planes:
  Gomory: 38
  Cover: 518
  Implied bound: 315
  Clique: 33
  MIR: 192
  Mixing: 1
  StrongCG: 5
  Flow cover: 455
  Inf proof: 389
  Zero half: 1
  RLT: 76
  Relax-and-lift: 49
  BQP: 1
  PSD: 1

Explored 707082 nodes (28933091 simplex iterations) in 1434.52 seconds (1379.78 work units)
Thread count was 1 (of 96 available processors)

Solution count 10: 78 78 78 ... 80

Optimal solution found (tolerance 1.00e-04)
Best objective 7.800000000000e+01, best bound 7.800000000000e+01, gap 0.0000%

Instance 18_2, formulation reagg_tres, reform MIP:
  Rect 0: x = 34.00, y = 11.00
  Rect 1: x = 46.00, y = 11.00
  Rect 2: x = 26.00, y = 5.00
  Rect 3: x = 34.00, y = 14.00
  Rect 4: x = 0.00, y = 12.00
  Rect 5: x = 18.00, y = 7.00
  Rect 6: x = 49.00, y = 12.00
  Rect 7: x = 63.00, y = 14.00
  Rect 8: x = 17.00, y = 12.00
  Rect 9: x = 35.00, y = 10.00
  Rect 10: x = 18.00, y = 14.00
  Rect 11: x = 7.00, y = 7.00
  Rect 12: x = 48.00, y = 14.00
  Rect 13: x = 38.00, y = 10.00
  Rect 14: x = 30.00, y = 14.00
  Rect 15: x = 32.00, y = 14.00
  Rect 16: x = 6.00, y = 14.00
  Rect 17: x = 6.00, y = 7.00
  → saved figures to strip_figures/18_2_reagg_tres_MIP.png and strip_figures/18_2_reagg_tres_MIP.pdf
Set parameter TokenServer to value "mooring.ecn.purdue.edu"
Read LP format model from file /tmp/tmpdcpnurf3.pyomo.lp
Reading time = 0.00 seconds
x650: 2008 rows, 650 columns, 4933 nonzeros
Set parameter TimeLimit to value 1800
Set parameter Threads to value 1
Gurobi Optimizer version 11.0.0 build v11.0.0rc2 (linux64 - "Oracle Linux Server 9.6")

CPU model: AMD EPYC 7643 48-Core Processor, instruction set [SSE2|AVX|AVX2]
Thread count: 48 physical cores, 96 logical processors, using up to 1 threads

Optimize a model with 2008 rows, 650 columns and 4933 nonzeros
Model fingerprint: 0xc64b0b89
Variable types: 38 continuous, 612 integer (612 binary)
Coefficient statistics:
  Matrix range     [1e+00, 2e+02]
  Objective range  [1e+00, 1e+00]
  Bounds range     [1e+00, 2e+02]
  RHS range        [1e+00, 2e+02]
Presolve removed 1516 rows and 298 columns
Presolve time: 0.00s
Presolved: 492 rows, 352 columns, 1514 nonzeros
Variable types: 31 continuous, 321 integer (321 binary)
Found heuristic solution: objective 111.0000000

Root relaxation: objective 3.300000e+01, 215 iterations, 0.00 seconds (0.00 work units)

    Nodes    |    Current Node    |     Objective Bounds      |     Work
 Expl Unexpl |  Obj  Depth IntInf | Incumbent    BestBd   Gap | It/Node Time

     0     0   33.00000    0   44  111.00000   33.00000  70.3%     -    0s
     0     0   33.46230    0  102  111.00000   33.46230  69.9%     -    0s
     0     0   44.61111    0   95  111.00000   44.61111  59.8%     -    0s
     0     0   44.61111    0   95  111.00000   44.61111  59.8%     -    0s
     0     0   44.74379    0   54  111.00000   44.74379  59.7%     -    0s
H    0     0                     106.0000000   46.40776  56.2%     -    0s
H    0     0                     100.0000000   46.40776  53.6%     -    0s
     0     0   46.40776    0   63  100.00000   46.40776  53.6%     -    0s
     0     0   46.40776    0   65  100.00000   46.40776  53.6%     -    0s
H    0     0                      97.0000000   46.40776  52.2%     -    0s
     0     0   46.40776    0   75   97.00000   46.40776  52.2%     -    0s
     0     0   46.40776    0   76   97.00000   46.40776  52.2%     -    0s
     0     0   46.40776    0   71   97.00000   46.40776  52.2%     -    0s
H    0     0                      97.0000000   46.40776  52.2%     -    0s
     0     0   46.40776    0   88   97.00000   46.40776  52.2%     -    0s
     0     0   46.40776    0   92   97.00000   46.40776  52.2%     -    0s
     0     0   46.40776    0   55   97.00000   46.40776  52.2%     -    0s
H    0     0                      96.0000000   46.40776  51.7%     -    0s
     0     0   46.40776    0   64   96.00000   46.40776  51.7%     -    0s
     0     0   46.40776    0   49   96.00000   46.40776  51.7%     -    0s
     0     0   46.40776    0   60   96.00000   46.40776  51.7%     -    0s
     0     0   46.40776    0   40   96.00000   46.40776  51.7%     -    0s
     0     0   46.40776    0   41   96.00000   46.40776  51.7%     -    0s
     0     0   46.40776    0   43   96.00000   46.40776  51.7%     -    0s
H    0     0                      92.0000000   46.40776  49.6%     -    0s
     0     0   46.40776    0   42   92.00000   46.40776  49.6%     -    0s
     0     0   46.40776    0   42   92.00000   46.40776  49.6%     -    0s
     0     0   46.40776    0   42   92.00000   46.40776  49.6%     -    0s
     0     2   46.40776    0   42   92.00000   46.40776  49.6%     -    0s
H  104    85                      91.0000000   46.40776  49.0%   8.3    0s
H  208   181                      91.0000000   47.71375  47.6%   9.9    0s
H  576   449                      90.0000000   51.35370  42.9%   9.3    0s
H  576   426                      90.0000000   51.35370  42.9%   9.3    0s
H  618   432                      89.0000000   51.35370  42.3%  16.3    0s
H  696   460                      87.0000000   51.35370  41.0%  15.4    0s
* 1128   604              71      86.0000000   51.35370  40.3%  15.3    1s
* 1249   643              73      85.0000000   51.35370  39.6%  14.8    1s
* 1253   591              75      84.0000000   51.35370  38.9%  14.8    1s
* 1986   824              64      80.0000000   56.12324  29.8%  14.9    1s
* 2231   852              51      79.0000000   58.11321  26.4%  14.9    1s
H 4230  2050                      79.0000000   62.24867  21.2%  16.0    3s
  6804  3423   68.17574   17   86   79.00000   65.00000  17.7%  16.4    5s
*11475  5484              54      78.0000000   66.30260  15.0%  16.3    9s
H12475  5944                      78.0000000   67.00000  14.1%  16.4   10s
*14156  4514              47      77.0000000   67.00000  13.0%  16.9   11s
H14760  4692                      77.0000000   67.00000  13.0%  17.2   12s
 18620  6212 infeasible   38        77.00000   67.21001  12.7%  17.9   15s
 24663  8503     cutoff   27        77.00000   68.01780  11.7%  18.7   20s
 30740 10789   72.00000   26   51   77.00000   69.00000  10.4%  19.2   25s
 36446 12627   72.00000   24   63   77.00000   69.03297  10.3%  19.9   30s
 42166 14610 infeasible   38        77.00000   69.10976  10.2%  20.4   35s
 47809 16474 infeasible   41        77.00000   69.92857  9.18%  20.8   40s
 53423 18326   72.00000   35   38   77.00000   70.00000  9.09%  21.1   45s
 58581 19921   75.00000   33   75   77.00000   70.00000  9.09%  21.4   50s
 63517 21504   72.00000   33   66   77.00000   70.00000  9.09%  21.8   55s
 68691 23274   72.00000   31   30   77.00000   70.04396  9.03%  22.1   60s
 73524 24909   72.00000   32   71   77.00000   70.04444  9.03%  22.5   65s
 78682 26650   75.00000   33   71   77.00000   70.08333  8.98%  22.7   70s
 83692 28242   72.00000   26   63   77.00000   70.18477  8.85%  22.9   75s
 88536 29717   70.32212   26   80   77.00000   70.32212  8.67%  23.2   80s
 93978 31557   72.00000   37   40   77.00000   70.70000  8.18%  23.2   85s
 99339 33102   71.00000   33   51   77.00000   71.00000  7.79%  23.3   90s
 104638 34626   73.00000   59   24   77.00000   71.01099  7.78%  23.4   95s
 109726 35750   72.00000   42   57   77.00000   71.01299  7.78%  23.5  100s
 115333 37530   72.00000   26   42   77.00000   71.04586  7.73%  23.5  105s
 120477 38844   73.00000   32   62   77.00000   71.13333  7.62%  23.5  110s
 125805 40332     cutoff   29        77.00000   72.00000  6.49%  23.6  115s
 130181 41420   72.00000   38   39   77.00000   72.00000  6.49%  23.9  120s
 134823 42022 infeasible   41        77.00000   72.00000  6.49%  24.0  125s
 139253 42778 infeasible   30        77.00000   72.00000  6.49%  24.2  130s
 143928 43608 infeasible   45        77.00000   72.00000  6.49%  24.3  135s
 148784 44393     cutoff   29        77.00000   72.00000  6.49%  24.4  140s
 153490 45151   72.00000   37   58   77.00000   72.00000  6.49%  24.5  145s
 158400 45893   72.00000   41   66   77.00000   72.00000  6.49%  24.6  150s
 162919 46606   72.00000   43   33   77.00000   72.00000  6.49%  24.7  155s
 167852 47291 infeasible   47        77.00000   72.00000  6.49%  24.7  160s
 172871 48242 infeasible   53        77.00000   72.00000  6.49%  24.8  165s
 177072 48777   72.00000   39   43   77.00000   72.00000  6.49%  24.9  170s
 181696 49325   72.00000   38   84   77.00000   72.00000  6.49%  25.0  175s
 186533 49686 infeasible   39        77.00000   72.00000  6.49%  25.0  180s
 191234 50251 infeasible   60        77.00000   72.00000  6.49%  25.1  185s
 195725 50835   72.00000   35   46   77.00000   72.00000  6.49%  25.2  190s
 199960 51469   75.00000   34   53   77.00000   72.00000  6.49%  25.3  195s
 204232 52106   72.00000   42   28   77.00000   72.00000  6.49%  25.4  200s
 209185 52863 infeasible   33        77.00000   72.00000  6.49%  25.4  205s
 214426 53808   72.00000   49   46   77.00000   72.00000  6.49%  25.4  210s
 219217 54480   76.00000   41   40   77.00000   72.00000  6.49%  25.4  215s
 223405 54846   72.00000   31   43   77.00000   72.00000  6.49%  25.5  220s
 228043 55417   75.00000   40   51   77.00000   72.00000  6.49%  25.6  225s
 232733 55800     cutoff   47        77.00000   72.00000  6.49%  25.6  230s
 237440 56453   72.00000   46   38   77.00000   72.00000  6.49%  25.6  235s
 242461 57406   72.00000   48   43   77.00000   72.00000  6.49%  25.6  240s
 246903 57762   75.00000   44   27   77.00000   72.00000  6.49%  25.7  245s
 251638 58145   72.00000   46   41   77.00000   72.00000  6.49%  25.8  250s
 256202 58654 infeasible   45        77.00000   72.00000  6.49%  25.8  255s
 260491 59057 infeasible   45        77.00000   72.00000  6.49%  25.9  260s
 264905 59665   74.00000   38   33   77.00000   72.00000  6.49%  25.9  265s
 269685 60362   75.00000   44   25   77.00000   72.00000  6.49%  25.9  270s
 274771 60977   75.07692   32   33   77.00000   72.00000  6.49%  25.9  275s
 279557 61603 infeasible   43        77.00000   72.00000  6.49%  25.9  280s
 284089 61912   74.00000   43   40   77.00000   72.00000  6.49%  26.0  285s
 289419 62283   72.00000   42   62   77.00000   72.00000  6.49%  26.0  290s
 294670 62961   75.00000   35   29   77.00000   72.00000  6.49%  26.1  295s
 299821 63377   72.00000   47   45   77.00000   72.00000  6.49%  26.1  300s
 304833 63973 infeasible   45        77.00000   72.00000  6.49%  26.2  305s
 310324 64405   76.00000   45   34   77.00000   72.00000  6.49%  26.2  310s
 315395 64860   72.00000   29   60   77.00000   72.00000  6.49%  26.2  315s
 320382 65347 infeasible   38        77.00000   72.00000  6.49%  26.3  320s
 325717 65816   72.00000   29   34   77.00000   72.00000  6.49%  26.3  325s
 330881 66253   74.00000   31   95   77.00000   72.00000  6.49%  26.3  330s
 336138 66849 infeasible   44        77.00000   72.00000  6.49%  26.4  335s
 340955 67509   72.00000   38   49   77.00000   72.00000  6.49%  26.4  340s
 345477 68256   72.00000   36   75   77.00000   72.00000  6.49%  26.4  345s
 350825 68922   76.00000   31   45   77.00000   72.00000  6.49%  26.4  350s
 356143 69593 infeasible   59        77.00000   72.00000  6.49%  26.5  355s
 361762 70168   72.00000   46   31   77.00000   72.00000  6.49%  26.5  360s
 366980 70801   72.00000   44   30   77.00000   72.00000  6.49%  26.5  365s
 372082 71235   74.00000   42   33   77.00000   72.00000  6.49%  26.5  370s
 376936 71682     cutoff   59        77.00000   72.00000  6.49%  26.6  375s
 381887 71978     cutoff   39        77.00000   72.00000  6.49%  26.6  380s
 386924 72378 infeasible   37        77.00000   72.00000  6.49%  26.6  385s
 391793 72755   72.00000   27   59   77.00000   72.00000  6.49%  26.7  390s
 397000 73297   72.00000   36   65   77.00000   72.00000  6.49%  26.6  395s
 402336 73723   72.00000   32   73   77.00000   72.00000  6.49%  26.7  400s
 407730 74180 infeasible   40        77.00000   72.00000  6.49%  26.7  405s
 412777 74611 infeasible   38        77.00000   72.00000  6.49%  26.7  410s
 417891 75173 infeasible   39        77.00000   72.00000  6.49%  26.7  415s
 423357 75834   72.00000   32   54   77.00000   72.00000  6.49%  26.7  420s
 428304 76366   72.00000   43   26   77.00000   72.00000  6.49%  26.7  425s
 433606 76704   72.00000   28   47   77.00000   72.00000  6.49%  26.8  430s
 438712 77280   72.00000   50   31   77.00000   72.00000  6.49%  26.8  435s
 444072 77761   72.00000   39   65   77.00000   72.00000  6.49%  26.8  440s
H446885 78021                      77.0000000   72.00000  6.49%  26.8  442s
H446911 78014                      76.9999998   72.00000  6.49%  26.8  442s
 448252 78111 infeasible   46        77.00000   72.00000  6.49%  26.8  445s
 453263 78540   72.00000   32   57   77.00000   72.00000  6.49%  26.9  450s
 458775 78788 infeasible   51        77.00000   72.00000  6.49%  26.8  455s
 463890 79324 infeasible   44        77.00000   72.00000  6.49%  26.9  460s
 469431 79759   72.00000   45   61   77.00000   72.00000  6.49%  26.9  465s
 474546 80227   72.00000   41   66   77.00000   72.00000  6.49%  26.9  470s
 479127 80692 infeasible   52        77.00000   72.00000  6.49%  26.9  475s
 483964 81049   72.00000   28   49   77.00000   72.00000  6.49%  27.0  480s
 489126 81658   72.00000   50   40   77.00000   72.00000  6.49%  27.0  485s
 494467 81952   73.00000   51   40   77.00000   72.00000  6.49%  27.0  490s
 499554 82343   73.00000   54   56   77.00000   72.00000  6.49%  27.0  495s
 504994 82725   72.00000   29   49   77.00000   72.00000  6.49%  27.0  500s
 510244 83073 infeasible   48        77.00000   72.00000  6.49%  27.0  505s
 514815 83152   72.00000   42   67   77.00000   72.00000  6.49%  27.1  510s
 520155 83348 infeasible   47        77.00000   72.00000  6.49%  27.1  515s
 525053 83641 infeasible   36        77.00000   72.00000  6.49%  27.1  520s
 530150 83909 infeasible   58        77.00000   72.00000  6.49%  27.1  525s
 535188 84287   76.00000   37   35   77.00000   72.00000  6.49%  27.1  530s
 540648 84589 infeasible   39        77.00000   72.00000  6.49%  27.1  535s
 545666 84940   76.00000   50   32   77.00000   72.00000  6.49%  27.1  540s
 550668 85401   72.00000   35   61   77.00000   72.00000  6.49%  27.1  545s
H552689 85513                      76.9999998   72.00000  6.49%  27.1  546s
 555586 85774   75.00000   33   40   77.00000   72.00000  6.49%  27.1  550s
 560194 86102 infeasible   73        77.00000   72.00000  6.49%  27.2  555s
 565125 86393   72.00000   53   50   77.00000   72.00000  6.49%  27.2  560s
 570269 86459 infeasible   67        77.00000   72.00000  6.49%  27.2  565s
 575640 86842   72.00000   47   33   77.00000   72.00000  6.49%  27.2  570s
 580747 87142   72.00000   44   69   77.00000   72.00000  6.49%  27.2  575s
 586162 87462 infeasible   38        77.00000   72.00000  6.49%  27.2  580s
 591502 87946 infeasible   58        77.00000   72.00000  6.49%  27.2  585s
 596490 88347 infeasible   45        77.00000   72.00000  6.49%  27.2  590s
 601601 88765   72.00000   35   31   77.00000   72.00000  6.49%  27.3  595s
 606332 89067   72.00000   53   29   77.00000   72.00000  6.49%  27.3  600s
 611687 89558   76.00000   49   37   77.00000   72.00000  6.49%  27.3  605s
 616820 89901   76.00000   35   35   77.00000   72.00000  6.49%  27.3  610s
 620998 90160   75.00000   42   45   77.00000   72.00000  6.49%  27.3  615s
 625112 90405   72.00000   52   35   77.00000   72.00000  6.49%  27.3  620s
 629168 90639   72.00000   44   35   77.00000   72.00000  6.49%  27.3  625s
 633085 90785   72.00000   43   36   77.00000   72.00000  6.49%  27.3  630s
 637051 90825 infeasible   47        77.00000   72.00000  6.49%  27.3  635s
 641085 90999 infeasible   53        77.00000   72.00000  6.49%  27.4  640s
 645078 91197 infeasible   50        77.00000   72.00000  6.49%  27.4  645s
 649132 91367 infeasible   35        77.00000   72.00000  6.49%  27.4  650s
 653260 91530 infeasible   46        77.00000   72.00000  6.49%  27.4  655s
 657097 91885 infeasible   54        77.00000   72.00000  6.49%  27.4  660s
 660925 92147 infeasible   44        77.00000   72.00000  6.49%  27.4  665s
 664893 92349   72.00000   42   38   77.00000   72.00000  6.49%  27.4  670s
 668768 92577 infeasible   48        77.00000   72.00000  6.49%  27.5  675s
 672575 92811     cutoff   47        77.00000   72.00000  6.49%  27.5  680s
 676514 93015   72.00000   48   26   77.00000   72.00000  6.49%  27.5  685s
 680157 93318 infeasible   39        77.00000   72.00000  6.49%  27.5  690s
 683860 93661   75.26667   36   27   77.00000   72.00000  6.49%  27.5  695s
 687976 93875   74.00000   33   35   77.00000   72.00000  6.49%  27.5  700s
 692043 94141   72.00000   45   39   77.00000   72.00000  6.49%  27.5  705s
 695777 94419 infeasible   45        77.00000   72.00000  6.49%  27.6  710s
 699708 94743   72.00000   42   35   77.00000   72.00000  6.49%  27.6  715s
 703553 95108   72.00000   35   45   77.00000   72.00000  6.49%  27.6  720s
 707231 95307   72.00000   46   20   77.00000   72.00000  6.49%  27.6  725s
 711119 95610   72.00000   42   46   77.00000   72.00000  6.49%  27.6  730s
 715320 95812   72.00000   47   37   77.00000   72.00000  6.49%  27.6  735s
 718969 95947   76.00000   34   30   77.00000   72.00000  6.49%  27.6  740s
 722811 96082   73.00000   48   24   77.00000   72.00000  6.49%  27.6  745s
 726624 96355   72.00000   31   67   77.00000   72.00000  6.49%  27.7  750s
 730290 96733   72.50000   38   45   77.00000   72.00000  6.49%  27.7  755s
 734013 96874 infeasible   40        77.00000   72.00000  6.49%  27.7  760s
 737768 97110 infeasible   63        77.00000   72.00000  6.49%  27.7  765s
 741766 97296   72.00000   50   29   77.00000   72.00000  6.49%  27.7  770s
 745763 97673   72.00000   45   82   77.00000   72.00000  6.49%  27.7  775s
 749513 97928   75.00000   49   24   77.00000   72.00000  6.49%  27.8  780s
 753698 98352   72.00000   47   32   77.00000   72.00000  6.49%  27.8  785s
 757406 98657   72.00000   31   61   77.00000   72.00000  6.49%  27.8  790s
*759539 98922              52      76.9999997   72.00000  6.49%  27.8  792s
 760781 99050   72.00000   34   52   77.00000   72.00000  6.49%  27.8  795s
 764220 99162   72.00000   39   40   77.00000   72.00000  6.49%  27.8  800s
 767980 99287   72.00000   32   74   77.00000   72.00000  6.49%  27.8  805s
 772036 99609 infeasible   40        77.00000   72.00000  6.49%  27.8  810s
 776020 99941   72.00000   36   78   77.00000   72.00000  6.49%  27.8  815s
 779758 100207   72.00000   42   34   77.00000   72.00000  6.49%  27.8  820s
 783770 100429   72.00000   36   34   77.00000   72.00000  6.49%  27.9  825s
 787714 100677 infeasible   41        77.00000   72.00000  6.49%  27.9  830s
 791605 100955   72.00000   43   47   77.00000   72.00000  6.49%  27.9  835s
 795606 101193   72.00000   39   32   77.00000   72.00000  6.49%  27.9  840s
 799676 101650   72.00000   38   52   77.00000   72.00000  6.49%  27.9  845s
 803588 101850   72.00000   28   73   77.00000   72.00000  6.49%  27.9  850s
 806846 102076   72.00000   42   35   77.00000   72.00000  6.49%  27.9  855s
 810381 102264 infeasible   42        77.00000   72.00000  6.49%  28.0  860s
 814509 102531   73.10000   38   52   77.00000   72.00000  6.49%  28.0  865s
 818375 102790   75.00000   32   58   77.00000   72.00000  6.49%  28.0  870s
 822378 103019   72.00000   37   27   77.00000   72.00000  6.49%  28.0  875s
 826202 103171   76.00000   40   27   77.00000   72.00000  6.49%  28.0  880s
 830104 103428   72.00000   43   47   77.00000   72.00000  6.49%  28.0  885s
 833531 103621   75.00000   47   51   77.00000   72.00000  6.49%  28.0  890s
 837527 103862   72.00000   40   69   77.00000   72.00000  6.49%  28.0  895s
 841431 104049   76.07692   43   38   77.00000   72.00000  6.49%  28.0  900s
 845315 104275 infeasible   60        77.00000   72.00000  6.49%  28.1  905s
 849039 104480   72.00000   53   66   77.00000   72.00000  6.49%  28.1  910s
 852762 104733 infeasible   49        77.00000   72.00000  6.49%  28.1  915s
 856805 104929   72.00000   39   26   77.00000   72.00000  6.49%  28.1  920s
 860706 105199 infeasible   46        77.00000   72.00000  6.49%  28.1  925s
 864579 105761   76.00000   56   31   77.00000   72.00000  6.49%  28.1  930s
 868490 106068   72.00000   44   76   77.00000   72.00000  6.49%  28.1  935s
 872213 106200 infeasible   57        77.00000   72.00000  6.49%  28.1  940s
 876074 106441   75.00000   43   37   77.00000   72.00000  6.49%  28.1  945s
 880015 106700   76.00000   53   28   77.00000   72.00000  6.49%  28.1  950s
 883971 106861   72.00000   48   41   77.00000   72.00000  6.49%  28.1  955s
 887478 106979   72.00000   33   34   77.00000   72.00000  6.49%  28.2  960s
 891173 107250 infeasible   47        77.00000   72.00000  6.49%  28.2  965s
 894963 107466   72.00000   39   38   77.00000   72.00000  6.49%  28.2  970s
 898424 107575 infeasible   50        77.00000   72.00000  6.49%  28.2  975s
 902335 107730   72.00000   36   40   77.00000   72.00000  6.49%  28.2  980s
 906045 107957   72.00000   42   36   77.00000   72.00000  6.49%  28.2  985s
 909939 108176 infeasible   44        77.00000   72.00000  6.49%  28.2  990s
 913589 108265     cutoff   39        77.00000   72.00000  6.49%  28.2  995s
 917601 108425   72.00000   41   49   77.00000   72.00000  6.49%  28.2 1000s
 921241 108586 infeasible   41        77.00000   72.00000  6.49%  28.3 1005s
 925020 108753 infeasible   40        77.00000   72.00000  6.49%  28.3 1010s
 928918 108890   72.00000   34   39   77.00000   72.00000  6.49%  28.3 1015s
 932610 109068   72.00000   45   70   77.00000   72.00000  6.49%  28.3 1020s
 936341 109200 infeasible   52        77.00000   72.00000  6.49%  28.3 1025s
 939869 109366   74.00000   48   29   77.00000   72.00000  6.49%  28.3 1030s
 943421 109493   72.00000   44   61   77.00000   72.00000  6.49%  28.3 1035s
 946748 109614   72.00000   48   38   77.00000   72.00000  6.49%  28.4 1040s
 950360 109650   75.00000   41   39   77.00000   72.00000  6.49%  28.4 1045s
 954229 109776 infeasible   54        77.00000   72.00000  6.49%  28.4 1050s
 958623 110129   72.00000   39   32   77.00000   72.00000  6.49%  28.4 1055s
 962455 110266   72.00000   44   37   77.00000   72.00000  6.49%  28.4 1060s
 966040 110387   72.00000   39   23   77.00000   72.00000  6.49%  28.4 1065s
 970289 110583 infeasible   40        77.00000   72.00000  6.49%  28.4 1070s
 974734 110772   73.00000   34   50   77.00000   72.00000  6.49%  28.4 1075s
 979069 110913 infeasible   44        77.00000   72.00000  6.49%  28.4 1080s
 982754 111052   72.00000   37   90   77.00000   72.00000  6.49%  28.5 1085s
 986588 111372 infeasible   46        77.00000   72.00000  6.49%  28.5 1090s
 990897 111630 infeasible   45        77.00000   72.00000  6.49%  28.5 1095s
 995281 111945 infeasible   52        77.00000   72.00000  6.49%  28.5 1100s
 999617 112155 infeasible   39        77.00000   72.00000  6.49%  28.5 1105s
 1004075 112386 infeasible   37        77.00000   72.00000  6.49%  28.5 1110s
 1008412 112761   72.00000   38   38   77.00000   72.00000  6.49%  28.5 1115s
 1013103 113081     cutoff   60        77.00000   72.00000  6.49%  28.5 1120s
 1017411 113298     cutoff   40        77.00000   72.00000  6.49%  28.5 1125s
 1021587 113458   72.00000   62   33   77.00000   72.00000  6.49%  28.5 1130s
 1026048 113636 infeasible   41        77.00000   72.00000  6.49%  28.5 1135s
 1030574 113935 infeasible   56        77.00000   72.00000  6.49%  28.5 1140s
 1034953 114094   72.00000   41   63   77.00000   72.00000  6.49%  28.5 1145s
 1039018 114531 infeasible   57        77.00000   72.00000  6.49%  28.6 1150s
 1042660 114580   72.00000   42   60   77.00000   72.00000  6.49%  28.6 1155s
 1046783 114682 infeasible   44        77.00000   72.00000  6.49%  28.6 1160s
 1050830 114867 infeasible   47        77.00000   72.00000  6.49%  28.6 1165s
 1055281 115021 infeasible   44        77.00000   72.00000  6.49%  28.6 1170s
 1059599 115254   76.00000   39   31   77.00000   72.00000  6.49%  28.6 1175s
 1063573 115425 infeasible   50        77.00000   72.00000  6.49%  28.6 1180s
 1067703 115834   72.00000   30   57   77.00000   72.00000  6.49%  28.6 1185s
 1072055 116019 infeasible   53        77.00000   72.00000  6.49%  28.7 1190s
 1075988 116318   72.00000   37   48   77.00000   72.00000  6.49%  28.7 1195s
 1079810 116584   75.00000   52   28   77.00000   72.00000  6.49%  28.7 1200s
 1084018 116938 infeasible   53        77.00000   72.00000  6.49%  28.7 1205s
 1088159 117295   72.00000   51   37   77.00000   72.00000  6.49%  28.7 1210s
 1092898 117620   72.00000   52   33   77.00000   72.00000  6.49%  28.7 1215s
 1097320 117758 infeasible   47        77.00000   72.00000  6.49%  28.7 1220s
 1101642 118014 infeasible   51        77.00000   72.00000  6.49%  28.7 1225s
 1105908 118276   72.00000   51   34   77.00000   72.00000  6.49%  28.7 1230s
 1110248 118467   72.00000   25   45   77.00000   72.00000  6.49%  28.7 1235s
 1114551 118852 infeasible   42        77.00000   72.00000  6.49%  28.7 1240s
 1118582 119207   76.00000   37   27   77.00000   72.00000  6.49%  28.7 1245s
 1122843 119598   75.00000   40   38   77.00000   72.00000  6.49%  28.8 1250s
 1127142 119824 infeasible   45        77.00000   72.00000  6.49%  28.8 1255s
 1131100 120021 infeasible   45        77.00000   72.00000  6.49%  28.8 1260s
 1135351 120161 infeasible   46        77.00000   72.00000  6.49%  28.8 1265s
 1139535 120308   72.00000   45   36   77.00000   72.00000  6.49%  28.8 1270s
 1143593 120473   74.00000   25   35   77.00000   72.00000  6.49%  28.8 1275s
 1147625 120644   73.00000   43   52   77.00000   72.00000  6.49%  28.8 1280s
 1151815 120940     cutoff   58        77.00000   72.00000  6.49%  28.8 1285s
 1155430 121241 infeasible   51        77.00000   72.00000  6.49%  28.8 1290s
 1159770 121489   76.00000   37   40   77.00000   72.00000  6.49%  28.8 1295s
 1164161 121731   72.00000   35   59   77.00000   72.00000  6.49%  28.8 1300s
 1168682 122073     cutoff   30        77.00000   72.00000  6.49%  28.8 1305s
 1172582 122175 infeasible   50        77.00000   72.00000  6.49%  28.9 1310s
 1176611 122410   72.00000   37   43   77.00000   72.00000  6.49%  28.9 1315s
 1180826 122712   72.00000   43   73   77.00000   72.00000  6.49%  28.9 1320s
 1184825 122873 infeasible   48        77.00000   72.00000  6.49%  28.9 1325s
 1189136 123194   72.00000   35   52   77.00000   72.00000  6.49%  28.9 1330s
 1193013 123366 infeasible   42        77.00000   72.00000  6.49%  28.9 1335s
 1196512 123479   75.00000   50   40   77.00000   72.00000  6.49%  28.9 1340s
 1200603 123660   72.00000   48   37   77.00000   72.00000  6.49%  29.0 1345s
 1205251 123966   75.00000   42   21   77.00000   72.00000  6.49%  29.0 1350s
 1208790 124057   72.00000   49   30   77.00000   72.00000  6.49%  29.0 1355s
 1212839 124194   74.00000   55   41   77.00000   72.00000  6.49%  29.0 1360s
 1217170 124347   75.00000   38   28   77.00000   72.00000  6.49%  29.0 1365s
 1221495 124425 infeasible   44        77.00000   72.00000  6.49%  29.0 1370s
 1225886 124500     cutoff   52        77.00000   72.00000  6.49%  29.0 1375s
 1230026 124577 infeasible   62        77.00000   72.00000  6.49%  29.0 1380s
 1234366 124672   72.00000   33   31   77.00000   72.00000  6.49%  29.0 1385s
 1238598 124828 infeasible   43        77.00000   72.00000  6.49%  29.0 1390s
 1242871 125032 infeasible   56        77.00000   72.00000  6.49%  29.0 1395s
 1246925 125189   72.00000   35   47   77.00000   72.00000  6.49%  29.0 1400s
 1251008 125364 infeasible   45        77.00000   72.00000  6.49%  29.0 1405s
 1255096 125524 infeasible   52        77.00000   72.00000  6.49%  29.1 1410s
 1259234 125657 infeasible   54        77.00000   72.00000  6.49%  29.1 1415s
 1263084 125665 infeasible   47        77.00000   72.00000  6.49%  29.1 1420s
 1266687 125773   72.00000   51   38   77.00000   72.00000  6.49%  29.1 1425s
 1270504 125879 infeasible   42        77.00000   72.00000  6.49%  29.1 1430s
 1275046 126069 infeasible   64        77.00000   72.00000  6.49%  29.1 1435s
 1279459 126187     cutoff   49        77.00000   72.00000  6.49%  29.1 1440s
 1283547 126437     cutoff   48        77.00000   72.00000  6.49%  29.1 1445s
 1287455 126620 infeasible   42        77.00000   72.00000  6.49%  29.1 1450s
 1291543 126825   72.00000   45   50   77.00000   72.00000  6.49%  29.1 1455s
 1295472 126910   72.00000   48   27   77.00000   72.00000  6.49%  29.2 1460s
 1299170 127019   72.00000   41   40   77.00000   72.00000  6.49%  29.2 1465s
 1302858 127098   72.00000   40   33   77.00000   72.00000  6.49%  29.2 1470s
 1306967 127250   75.00000   38   67   77.00000   72.00000  6.49%  29.2 1475s
 1311114 127592 infeasible   40        77.00000   72.00000  6.49%  29.2 1480s
 1315148 127734   72.00000   43   39   77.00000   72.00000  6.49%  29.2 1485s
 1319065 127891 infeasible   43        77.00000   72.00000  6.49%  29.2 1490s
 1322855 128019   72.00000   35   50   77.00000   72.00000  6.49%  29.2 1495s
 1326922 128178 infeasible   41        77.00000   72.00000  6.49%  29.3 1500s
 1331038 128261   72.00000   64   36   77.00000   72.00000  6.49%  29.3 1505s
 1335234 128372 infeasible   31        77.00000   72.00000  6.49%  29.3 1510s
 1339129 128416   72.00000   36   37   77.00000   72.00000  6.49%  29.3 1515s
 1343247 128575   76.00000   43   41   77.00000   72.00000  6.49%  29.3 1520s
 1347215 128686   76.00000   48   39   77.00000   72.00000  6.49%  29.3 1525s
 1351265 128783 infeasible   38        77.00000   72.00000  6.49%  29.3 1530s
 1355577 129001 infeasible   32        77.00000   72.00000  6.49%  29.3 1535s
 1359581 129030   72.00000   45   38   77.00000   72.00000  6.49%  29.3 1540s
 1363394 129131 infeasible   39        77.00000   72.00000  6.49%  29.3 1545s
 1367318 129229   72.00000   31   48   77.00000   72.00000  6.49%  29.4 1550s
 1371273 129294 infeasible   45        77.00000   72.00000  6.49%  29.4 1555s
 1375108 129420     cutoff   36        77.00000   72.00000  6.49%  29.4 1560s
 1379557 129676   72.00000   50   40   77.00000   72.00000  6.49%  29.4 1565s
 1384099 129922   75.00000   33   60   77.00000   72.00000  6.49%  29.4 1570s
 1388057 130128   72.00000   44   55   77.00000   72.00000  6.49%  29.4 1575s
 1392286 130350 infeasible   38        77.00000   72.00000  6.49%  29.4 1580s
 1396350 130617 infeasible   45        77.00000   72.00000  6.49%  29.4 1585s
 1399877 130709   72.00000   46   54   77.00000   72.00000  6.49%  29.4 1590s
 1403872 130915     cutoff   34        77.00000   72.00000  6.49%  29.4 1595s
 1407942 131146 infeasible   43        77.00000   72.00000  6.49%  29.4 1600s
 1412043 131268   76.00000   39   13   77.00000   72.00000  6.49%  29.4 1605s
 1416064 131337 infeasible   28        77.00000   72.00000  6.49%  29.4 1610s
 1419949 131565   72.00000   50   39   77.00000   72.00000  6.49%  29.4 1615s
 1423883 131729   72.00000   38   33   77.00000   72.00000  6.49%  29.4 1620s
 1428171 131918 infeasible   38        77.00000   72.00000  6.49%  29.4 1625s
 1432523 132185   75.00000   48   19   77.00000   72.00000  6.49%  29.5 1630s
 1436789 132347   72.00000   35   47   77.00000   72.00000  6.49%  29.5 1635s
 1440646 132400     cutoff   62        77.00000   72.00000  6.49%  29.5 1640s
 1444840 132669   72.00000   36   69   77.00000   72.00000  6.49%  29.5 1645s
 1448600 132781   72.00000   32   52   77.00000   72.00000  6.49%  29.5 1650s
 1452495 132914   72.00000   41   58   77.00000   72.00000  6.49%  29.5 1655s
 1456831 133118   75.00000   49   30   77.00000   72.00000  6.49%  29.5 1660s
 1461009 133299   72.00000   34   44   77.00000   72.00000  6.49%  29.5 1665s
 1465291 133460   73.00000   36   37   77.00000   72.00000  6.49%  29.5 1670s
 1470110 133723 infeasible   44        77.00000   72.00000  6.49%  29.5 1675s
 1473726 133855 infeasible   49        77.00000   72.00000  6.49%  29.5 1680s
 1477738 134021   72.00000   40   32   77.00000   72.00000  6.49%  29.5 1685s
 1481831 134168 infeasible   36        77.00000   72.00000  6.49%  29.5 1690s
 1485908 134405   72.00000   44   30   77.00000   72.00000  6.49%  29.5 1695s
 1489862 134646 infeasible   55        77.00000   72.00000  6.49%  29.5 1700s
 1493988 134701   74.00000   28   65   77.00000   72.00000  6.49%  29.5 1705s
 1498341 134980 infeasible   39        77.00000   72.00000  6.49%  29.6 1710s
 1502391 135213 infeasible   53        77.00000   72.00000  6.49%  29.6 1715s
 1505882 135315 infeasible   45        77.00000   72.00000  6.49%  29.6 1720s
 1509970 135497   72.00000   43   53   77.00000   72.00000  6.49%  29.6 1725s
 1514281 135743   72.00000   46   42   77.00000   72.00000  6.49%  29.6 1730s
 1517887 135946 infeasible   40        77.00000   72.00000  6.49%  29.6 1735s
 1522194 136247 infeasible   41        77.00000   72.00000  6.49%  29.6 1740s
 1526325 136519   72.00000   38   47   77.00000   72.00000  6.49%  29.6 1745s
 1530437 136721   72.00000   36   36   77.00000   72.00000  6.49%  29.6 1750s
 1534688 136934   72.00000   40   58   77.00000   72.00000  6.49%  29.6 1755s
 1538165 137061   72.00000   30   52   77.00000   72.00000  6.49%  29.6 1760s
 1542163 137232 infeasible   49        77.00000   72.00000  6.49%  29.6 1765s
 1546399 137293   72.00000   36   42   77.00000   72.00000  6.49%  29.6 1770s
 1550659 137331   72.00000   39   63   77.00000   72.00000  6.49%  29.6 1775s
 1554849 137538   72.00000   27   72   77.00000   72.00000  6.49%  29.6 1780s
 1558700 137645   72.00000   43   47   77.00000   72.00000  6.49%  29.7 1785s
 1562812 137831   72.00000   37   46   77.00000   72.00000  6.49%  29.7 1790s
 1567442 138123   72.00000   33   35   77.00000   72.00000  6.49%  29.7 1795s

Cutting planes:
  Learned: 3
  Gomory: 56
  Cover: 247
  Implied bound: 141
  Clique: 32
  MIR: 120
  Mixing: 4
  Flow cover: 259
  Inf proof: 151
  Zero half: 5
  RLT: 35
  Relax-and-lift: 13
  PSD: 1

Explored 1572000 nodes (46637853 simplex iterations) in 1800.00 seconds (1751.74 work units)
Thread count was 1 (of 96 available processors)

Solution count 10: 77 77 77 ... 79

Time limit reached
Best objective 7.699999972793e+01, best bound 7.200000000000e+01, gap 6.4935%
WARNING: Loading a SolverResults object with an 'aborted' status, but
    containing a solution

Instance 18_3, formulation altered, reform bigm:
  Rect 0: x = 41.00, y = 2.00
  Rect 1: x = 42.00, y = 6.00
  Rect 2: x = 27.00, y = 12.00
  Rect 3: x = 65.00, y = 10.00
  Rect 4: x = 49.00, y = 12.00
  Rect 5: x = 27.00, y = 3.00
  Rect 6: x = 12.00, y = 11.00
  Rect 7: x = 63.00, y = 10.00
  Rect 8: x = 13.00, y = 12.00
  Rect 9: x = 49.00, y = 8.00
  Rect 10: x = 42.00, y = 12.00
  Rect 11: x = 25.00, y = 12.00
  Rect 12: x = 60.00, y = 6.00
  Rect 13: x = 0.00, y = 11.00
  Rect 14: x = 11.00, y = 12.00
  Rect 15: x = 49.00, y = 10.00
  Rect 16: x = 59.00, y = 12.00
  Rect 17: x = 16.00, y = 11.00
  → saved figures to strip_figures/18_3_altered_bigm.png and strip_figures/18_3_altered_bigm.pdf
Set parameter TokenServer to value "mooring.ecn.purdue.edu"
Read LP format model from file /tmp/tmplj0yv0hq.pyomo.lp
Reading time = 0.01 seconds
x3098: 6292 rows, 3098 columns, 16459 nonzeros
Set parameter TimeLimit to value 1800
Set parameter Threads to value 1
Gurobi Optimizer version 11.0.0 build v11.0.0rc2 (linux64 - "Oracle Linux Server 9.6")

CPU model: AMD EPYC 7643 48-Core Processor, instruction set [SSE2|AVX|AVX2]
Thread count: 48 physical cores, 96 logical processors, using up to 1 threads

Optimize a model with 6292 rows, 3098 columns and 16459 nonzeros
Model fingerprint: 0x32f9daea
Variable types: 2486 continuous, 612 integer (612 binary)
Coefficient statistics:
  Matrix range     [1e+00, 2e+02]
  Objective range  [1e+00, 1e+00]
  Bounds range     [1e+00, 2e+02]
  RHS range        [1e+00, 2e+01]
Presolve removed 3094 rows and 1481 columns
Presolve time: 0.03s
Presolved: 3198 rows, 1617 columns, 8492 nonzeros
Variable types: 1296 continuous, 321 integer (321 binary)
Found heuristic solution: objective 171.0000000
Found heuristic solution: objective 161.0000000
Found heuristic solution: objective 159.0000000

Root relaxation: objective 3.300000e+01, 776 iterations, 0.01 seconds (0.02 work units)

    Nodes    |    Current Node    |     Objective Bounds      |     Work
 Expl Unexpl |  Obj  Depth IntInf | Incumbent    BestBd   Gap | It/Node Time

     0     0   33.00000    0   69  159.00000   33.00000  79.2%     -    0s
H    0     0                     138.0000000   33.00000  76.1%     -    0s
     0     0   33.00000    0  120  138.00000   33.00000  76.1%     -    0s
H    0     0                     127.0000000   33.00000  74.0%     -    0s
     0     0   33.00000    0  112  127.00000   33.00000  74.0%     -    0s
     0     0   33.00000    0  101  127.00000   33.00000  74.0%     -    0s
     0     0   33.00000    0  113  127.00000   33.00000  74.0%     -    0s
     0     0   33.00000    0   89  127.00000   33.00000  74.0%     -    0s
H    0     0                     126.0000000   33.00000  73.8%     -    0s
     0     0   33.00000    0  116  126.00000   33.00000  73.8%     -    0s
     0     0   33.00000    0  116  126.00000   33.00000  73.8%     -    0s
     0     0   33.00000    0   92  126.00000   33.00000  73.8%     -    0s
     0     2   33.00000    0   84  126.00000   33.00000  73.8%     -    0s
H  104    95                     112.0000000   33.00000  70.5%  87.4    1s
H  135   123                     106.0000000   33.00000  68.9%  73.0    1s
H  577   456                     105.0000000   33.94458  67.7%  49.6    3s
   589   464  100.00000   60  147  105.00000   35.24985  66.4%  48.6    5s
H  593   443                     104.0000000   38.75065  62.7%  48.3    5s
   633   471   88.00000   64   48  104.00000   44.85956  56.9%   225   10s
H  731   512                     103.0000000   44.89613  56.4%   233   12s
H  758   507                     102.0000000   44.89613  56.0%   225   12s
H  785   503                      99.0000000   44.89613  54.7%   218   12s
H  858   518                      97.0000000   44.95753  53.7%   205   13s
H  920   534                      93.0000000   44.95753  51.7%   193   13s
*  960   521             107      87.0000000   44.95753  48.3%   186   13s
  1263   664   82.00000   66   54   87.00000   45.00000  48.3%   157   15s
* 2336  1317              95      86.0000000   53.00000  38.4%   107   18s
* 2604  1434              99      85.0000000   53.00000  37.6%   102   18s
H 3221  1881                      85.0000000   53.00000  37.6%  90.6   20s
* 3480  1965              93      84.0000000   54.00000  35.7%  87.8   20s
  5521  3294   82.00000   34   62   84.00000   56.00000  33.3%  71.5   25s
  7615  4656 infeasible   61        84.00000   56.00000  33.3%  66.4   30s
* 8797  5402              80      84.0000000   56.00000  33.3%  65.5   33s
  9503  5862   65.00000   37   94   84.00000   56.00000  33.3%  64.4   35s
*10175  5981              77      83.0000000   56.00000  32.5%  64.0   36s
 10202  6000   82.00000   59    8   83.00000   56.00000  32.5%  63.9   43s
H10510  6192                      83.0000000   57.00000  31.3%  63.7   44s
 10832  6379   68.00000   34   67   83.00000   57.00000  31.3%  63.2   45s
*12192  6864              96      82.0000000   59.00000  28.0%  61.6   48s
 13140  7449   70.00000   41   80   82.00000   61.00000  25.6%  60.8   50s
H13490  7321                      81.0000000   61.00000  24.7%  60.4   50s
H13690  7086                      80.0000000   61.00000  23.8%  60.3   51s
 14711  7548   72.00000   36   72   80.00000   63.00000  21.2%  61.2   55s
*16582  8130              83      79.0000000   65.00000  17.7%  60.4   59s
 16925  8320   76.00000   62   53   79.00000   65.00000  17.7%  60.2   60s
 19092  9496   71.00000   57   62   79.00000   65.00000  17.7%  59.8   65s
 21494 10757   71.00000   70   40   79.00000   65.00000  17.7%  58.6   70s
 24303 12052   76.00000   85   37   79.00000   65.00000  17.7%  56.4   75s
 26881 13329   77.00000   68   40   79.00000   65.00000  17.7%  55.2   80s
 28948 14391   70.00000   45   59   79.00000   65.00000  17.7%  55.5   85s
H29006 14418                      79.0000000   65.00000  17.7%  55.5   85s
 30934 15536   70.00000   51   63   79.00000   65.00000  17.7%  55.2   90s
 33461 16736 infeasible   73        79.00000   65.00000  17.7%  54.4   95s
 35600 17740   65.00000   47   40   79.00000   65.00000  17.7%  54.5  100s
 37818 18773 infeasible   77        79.00000   65.00000  17.7%  54.4  105s
 39976 19513   65.00000   54   47   79.00000   65.00000  17.7%  54.4  110s
 42190 20491   68.00000   54   47   79.00000   65.00000  17.7%  54.4  115s
 44246 21086   66.00000   64   39   79.00000   65.00000  17.7%  54.5  120s
 46355 21711 infeasible   53        79.00000   65.00000  17.7%  54.6  125s
 49508 23418   78.00000   58   23   79.00000   65.00000  17.7%  53.5  130s
 52145 24683   78.00000   74   23   79.00000   65.00000  17.7%  53.0  135s
 54521 25835   71.00000   52   69   79.00000   65.00000  17.7%  52.8  140s
 57519 27450 infeasible   64        79.00000   65.00000  17.7%  51.8  145s
 60511 28748   70.00000   54   50   79.00000   65.00000  17.7%  51.1  150s
 63126 30223   65.00000   52   45   79.00000   65.00000  17.7%  50.9  155s
 65281 31266   76.08333   58   36   79.00000   65.00000  17.7%  50.6  160s
 67660 32267   70.00000   69   42   79.00000   65.00000  17.7%  50.3  165s
 70390 33490   77.00000   59   37   79.00000   65.00000  17.7%  49.9  170s
 72832 34738 infeasible   63        79.00000   65.00000  17.7%  49.7  175s
 75136 35921 infeasible   74        79.00000   65.00000  17.7%  49.7  180s
 77462 36858 infeasible   57        79.00000   65.00000  17.7%  49.6  185s
 80430 38309   72.00000   71   34   79.00000   65.00000  17.7%  49.2  190s
 82988 39324   69.00000   86   36   79.00000   65.00000  17.7%  49.0  195s
 85447 40013   72.00000   69   34   79.00000   65.00000  17.7%  48.8  200s
 88319 40890   72.00000   69   34   79.00000   65.00000  17.7%  48.4  205s
 90993 42103   66.00000   71   44   79.00000   65.00000  17.7%  48.1  210s
 94382 44005 infeasible   62        79.00000   65.00000  17.7%  47.5  215s
 97154 45562   73.00000   65   24   79.00000   65.00000  17.7%  47.2  220s
 99759 46620 infeasible   63        79.00000   65.00000  17.7%  47.1  225s
 102520 47743   76.00000   68   36   79.00000   65.00000  17.7%  46.9  230s
 104618 48359   76.00000   72   37   79.00000   65.00000  17.7%  47.0  235s
 106999 49479   75.00000   65   29   79.00000   65.00000  17.7%  47.1  240s
 109173 50609   68.00000   53   60   79.00000   65.00000  17.7%  47.2  245s
 111295 51647 infeasible   80        79.00000   65.00000  17.7%  47.4  250s
 113712 52718   78.00000   60   28   79.00000   65.00000  17.7%  47.3  255s
 115755 53475   69.00000   66   49   79.00000   65.00000  17.7%  47.4  260s
 117966 54452   74.00000   57   74   79.00000   65.00000  17.7%  47.6  265s
 120304 55512   77.00000   80   29   79.00000   65.00000  17.7%  47.5  270s
 122959 56842 infeasible   63        79.00000   65.00000  17.7%  47.4  275s
 125330 58043   70.00000   60   51   79.00000   65.00000  17.7%  47.4  280s
 127928 59271 infeasible   69        79.00000   65.00000  17.7%  47.3  285s
 130412 60417   65.00000   57   38   79.00000   65.00000  17.7%  47.2  290s
 133842 61581     cutoff   69        79.00000   65.00000  17.7%  46.7  295s
 136676 62667   65.00000   65   38   79.00000   65.00000  17.7%  46.2  300s
 138932 63463   71.00000   67   36   79.00000   65.00000  17.7%  46.3  305s
 140995 64359 infeasible   74        79.00000   65.00000  17.7%  46.4  310s
 143152 65348   73.00000   52   64   79.00000   65.00000  17.7%  46.4  315s
 145533 66463   69.00000   74   52   79.00000   65.00000  17.7%  46.5  320s
 148038 67741   71.00000   67   50   79.00000   65.00000  17.7%  46.5  325s
 150378 69059   75.00000   64   40   79.00000   65.00000  17.7%  46.5  330s
 152364 69833   68.00000   68   45   79.00000   65.00000  17.7%  46.7  335s
 154322 70631   77.00000   72   21   79.00000   65.00000  17.7%  46.7  340s
 156811 72006     cutoff   45        79.00000   65.00000  17.7%  46.7  345s
 159581 73437   76.00000   64   25   79.00000   65.00000  17.7%  46.6  350s
 163273 75152   68.00000   76   36   79.00000   65.00000  17.7%  46.1  355s
*164213 68095              99      78.0000000   65.00000  16.7%  46.0  356s
 165985 68800 infeasible   72        78.00000   65.00000  16.7%  45.8  360s
 168773 70096 infeasible   66        78.00000   65.00000  16.7%  45.7  365s
 170765 70806 infeasible   64        78.00000   65.00000  16.7%  45.8  370s
 173090 71671   72.00000   56   45   78.00000   65.00000  16.7%  45.8  375s
 175709 72600   65.00000   70   48   78.00000   65.00000  16.7%  45.7  380s
H176572 72874                      78.0000000   65.00000  16.7%  45.7  381s
 177796 73329   65.00000   71   58   78.00000   65.00000  16.7%  45.7  385s
 180453 74243   75.00000   77   36   78.00000   65.00000  16.7%  45.6  390s
 182749 75059   70.00000   70   38   78.00000   65.00000  16.7%  45.6  395s
 185362 76030   68.00000   71   53   78.00000   65.00000  16.7%  45.6  400s
 187708 76864 infeasible   69        78.00000   65.00000  16.7%  45.6  405s
 190353 77985   73.00000   73   36   78.00000   65.00000  16.7%  45.5  410s
 193018 78988   66.00000   82   47   78.00000   65.00000  16.7%  45.4  415s
 195475 79811 infeasible   79        78.00000   65.00000  16.7%  45.4  420s
 197942 80570   71.00000   76   44   78.00000   65.00000  16.7%  45.3  425s
 200610 81456   73.00000   81   30   78.00000   65.00000  16.7%  45.2  430s
 203089 82290 infeasible   78        78.00000   65.00000  16.7%  45.1  435s
 205822 83322   66.00000   61   45   78.00000   65.00000  16.7%  45.0  440s
 207961 84224   70.00000   75   53   78.00000   65.00000  16.7%  45.1  445s
 210174 85045   72.00000   67   39   78.00000   65.00000  16.7%  45.2  450s
 212520 86069 infeasible   68        78.00000   65.00000  16.7%  45.2  455s
 214632 86732   65.00000   72   55   78.00000   65.00000  16.7%  45.3  460s
 216794 87688   75.00000   88   22   78.00000   65.00000  16.7%  45.3  465s
 219002 88404 infeasible   81        78.00000   65.00000  16.7%  45.3  470s
 221292 88970   65.00000   75   47   78.00000   65.00000  16.7%  45.3  475s
 223372 89544   75.00000   81   14   78.00000   65.00000  16.7%  45.3  480s
 225534 90275   68.00000   64   34   78.00000   65.00000  16.7%  45.3  485s
 229029 91825 infeasible   71        78.00000   65.00000  16.7%  45.0  490s
 232286 93293   74.00000   68   24   78.00000   65.00000  16.7%  44.8  495s
 235202 94447   65.00000   57   47   78.00000   65.00000  16.7%  44.7  500s
 238425 95766   72.00000   69   40   78.00000   65.00000  16.7%  44.5  505s
 241600 97137 infeasible   66        78.00000   65.00000  16.7%  44.3  510s
 244033 98363   76.00000   46   40   78.00000   65.00000  16.7%  44.3  515s
 246657 99778   71.00000   65   52   78.00000   65.00000  16.7%  44.3  520s
 248889 100828   69.00000   83   49   78.00000   65.00000  16.7%  44.3  525s
 251492 101931   71.00000   59   48   78.00000   65.00000  16.7%  44.3  530s
 253913 103021   67.00000   63   38   78.00000   65.00000  16.7%  44.4  535s
 256660 104225 infeasible   56        78.00000   65.00000  16.7%  44.3  540s
 259031 105307   68.00000   59   51   78.00000   65.00000  16.7%  44.4  545s
 261566 106557   73.00000   72   30   78.00000   65.00000  16.7%  44.4  550s
 263948 107466 infeasible   50        78.00000   65.00000  16.7%  44.3  555s
 266390 108476   65.00000   46   68   78.00000   65.00000  16.7%  44.4  560s
 268483 109464   68.00000   44   54   78.00000   65.00000  16.7%  44.4  565s
 270393 110329 infeasible   71        78.00000   65.00000  16.7%  44.6  570s
 272438 111113   72.00000   65   45   78.00000   65.00000  16.7%  44.7  575s
 274023 111828   72.00000   51   42   78.00000   65.00000  16.7%  44.7  580s
 276160 112730   74.00000   50   58   78.00000   65.00000  16.7%  44.8  585s
 278477 113731   65.19084   63   53   78.00000   65.00000  16.7%  44.8  590s
 280682 114514   74.00000   63   53   78.00000   65.00000  16.7%  44.8  595s
 283657 115713   68.00000   68   61   78.00000   65.00000  16.7%  44.7  600s
 286322 116819   73.00000   56   46   78.00000   65.00000  16.7%  44.7  605s
 289471 117960   65.00000   56   45   78.00000   65.00000  16.7%  44.6  610s
 292931 119213   72.00000   62   30   78.00000   65.00000  16.7%  44.4  615s
 296118 120405   77.00000   74   12   78.00000   65.00000  16.7%  44.2  620s
 299823 121904   75.00000   65    9   78.00000   65.00000  16.7%  44.0  625s
 303240 123108   65.00000   60   48   78.00000   65.00000  16.7%  43.8  630s
 306486 124313   68.00000   57   52   78.00000   65.00000  16.7%  43.7  635s
 309892 125526   68.00000   63   41   78.00000   65.00000  16.7%  43.5  640s
 313449 126738   71.00000   54   38   78.00000   65.00000  16.7%  43.3  645s
 316649 128055 infeasible   66        78.00000   65.00000  16.7%  43.2  650s
 320095 129229   73.00000   62   19   78.00000   65.00000  16.7%  43.0  655s
 323429 130553   75.00000   55   32   78.00000   65.00000  16.7%  42.9  660s
 326697 131997   69.00000   59   27   78.00000   65.00000  16.7%  42.7  665s
 329788 133141   73.00000   66   26   78.00000   65.00000  16.7%  42.6  670s
 332055 134215   74.00000   67   39   78.00000   65.00000  16.7%  42.7  675s
 334194 135033 infeasible   63        78.00000   65.00000  16.7%  42.7  680s
 337005 136419   65.00000   39   64   78.00000   65.00000  16.7%  42.7  685s
 339186 137545   72.00000   66   45   78.00000   65.00000  16.7%  42.8  690s
 341272 138473   68.00000   71   55   78.00000   65.00000  16.7%  42.8  695s
 343483 139503   68.00000   58   36   78.00000   65.00000  16.7%  42.9  700s
 345418 140235   66.00000   74   59   78.00000   65.00000  16.7%  43.0  705s
 347826 141130   77.00000   65   22   78.00000   65.00000  16.7%  43.0  710s
 350619 142405   75.00000   62   22   78.00000   65.00000  16.7%  42.9  715s
 353390 143650   77.00000   68   34   78.00000   65.00000  16.7%  42.9  720s
 355624 144610   70.00000   40   83   78.00000   65.00000  16.7%  42.9  725s
 358110 145719   72.00000   72   29   78.00000   65.00000  16.7%  42.9  730s
 360639 146739   71.00000   73   48   78.00000   65.00000  16.7%  43.0  735s
 363136 147645 infeasible   66        78.00000   65.00000  16.7%  43.0  740s
 365107 148397   69.00000   55   58   78.00000   65.00000  16.7%  43.0  745s
 367442 149275   67.00000   72   47   78.00000   65.00000  16.7%  43.1  750s
 369557 150050 infeasible   63        78.00000   65.00000  16.7%  43.1  755s
 371305 150624   71.08333   74   50   78.00000   65.00000  16.7%  43.2  760s
 373520 151470   68.00000   72   48   78.00000   65.00000  16.7%  43.2  765s
 375311 152001   71.00000   51   47   78.00000   65.00000  16.7%  43.3  770s
 377678 152879   74.00000   75   22   78.00000   65.00000  16.7%  43.3  775s
 380246 153904   76.00000   59   59   78.00000   65.00000  16.7%  43.3  780s
 382366 154722   68.00000   59   55   78.00000   65.00000  16.7%  43.3  785s
 384831 155723   75.00000   68   34   78.00000   65.00000  16.7%  43.3  790s
 387540 156679   68.00000   62   52   78.00000   65.00000  16.7%  43.3  795s
 390389 157563   68.00000   64   38   78.00000   65.00000  16.7%  43.2  800s
 393337 158448   65.00000   70   43   78.00000   65.00000  16.7%  43.1  805s
 396186 159453   68.00000   72   44   78.00000   65.00000  16.7%  43.0  810s
 399237 160523   70.00000   68   39   78.00000   65.00000  16.7%  43.0  815s
 401915 161415   72.00000   60   48   78.00000   65.00000  16.7%  42.9  820s
 404652 162515   75.00000   63   45   78.00000   65.00000  16.7%  42.9  825s
 406631 163308   65.00000   75   51   78.00000   65.00000  16.7%  43.0  830s
 409375 164370   67.00000   78   41   78.00000   65.00000  16.7%  42.9  835s
 411512 165293   65.00000   52   70   78.00000   65.00000  16.7%  42.9  840s
 413392 166091   72.00000   55   47   78.00000   65.00000  16.7%  43.0  845s
 416519 167289   71.00000   67   55   78.00000   65.00000  16.7%  43.0  850s
 419660 168390   76.00000   69   26   78.00000   65.00000  16.7%  42.9  855s
 422670 169249 infeasible   61        78.00000   65.00000  16.7%  42.8  860s
 425112 170375 infeasible   62        78.00000   65.00000  16.7%  42.8  865s
 427149 171348   72.00000   55   75   78.00000   65.00000  16.7%  42.9  870s
 429946 172610   75.00000   53   19   78.00000   65.00000  16.7%  42.9  875s
 432579 173657 infeasible   58        78.00000   65.00000  16.7%  42.8  880s
 435025 174522 infeasible   61        78.00000   65.00000  16.7%  42.8  885s
 437330 175431   72.00000   66   74   78.00000   65.00000  16.7%  42.8  890s
 440462 176829 infeasible   75        78.00000   65.00000  16.7%  42.8  895s
 442434 177643   73.00000   64   35   78.00000   65.00000  16.7%  42.8  900s
 446033 178961   75.00000   67   17   78.00000   65.00000  16.7%  42.7  905s
 449431 180201   68.00000   63   49   78.00000   65.00000  16.7%  42.5  910s
 451854 181096   76.00000   67   44   78.00000   65.00000  16.7%  42.5  915s
 453934 181808   68.00000   60   61   78.00000   65.00000  16.7%  42.6  920s
 456673 182813 infeasible   66        78.00000   65.00000  16.7%  42.5  925s
 458916 183888   74.00000   51   41   78.00000   65.00000  16.7%  42.6  930s
 461659 185105   65.00000   55   63   78.00000   65.00000  16.7%  42.6  935s
 463708 185885   68.00000   66   53   78.00000   65.00000  16.7%  42.6  940s
 466139 186977 infeasible   65        78.00000   65.00000  16.7%  42.6  945s
 469757 188419 infeasible   62        78.00000   65.00000  16.7%  42.5  950s
 472682 189512 infeasible   66        78.00000   65.00000  16.7%  42.5  955s
 475502 190549 infeasible   75        78.00000   65.00000  16.7%  42.4  960s
 478545 191767   73.00000   71   52   78.00000   65.00000  16.7%  42.4  965s
 481654 192834   66.00000   62   38   78.00000   65.00000  16.7%  42.3  970s
 484473 194029   71.00000   64   53   78.00000   65.00000  16.7%  42.3  975s
 486525 195167 infeasible   62        78.00000   65.00000  16.7%  42.3  980s
 488380 195970   75.00000   65   22   78.00000   65.00000  16.7%  42.4  985s
 491299 197284   72.00000   61   35   78.00000   65.00000  16.7%  42.4  990s
 494654 198849     cutoff   84        78.00000   65.00000  16.7%  42.3  995s
 498415 200464   68.00000   48   49   78.00000   65.00000  16.7%  42.2 1000s
 501959 202010   76.00000   66   47   78.00000   65.00000  16.7%  42.1 1005s
 505296 203218   75.00000   67   18   78.00000   65.00000  16.7%  42.0 1010s
 507721 204225 infeasible   44        78.00000   65.00000  16.7%  42.0 1015s
 509539 205060   65.00000   69   57   78.00000   65.00000  16.7%  42.1 1020s
 511758 205981   72.00000   61   38   78.00000   65.00000  16.7%  42.1 1025s
 513649 206819 infeasible   60        78.00000   65.00000  16.7%  42.2 1030s
 515748 207634   74.00000   55   48   78.00000   65.00000  16.7%  42.2 1035s
 517803 208484   77.00000   65   18   78.00000   65.00000  16.7%  42.3 1040s
 520153 209529   77.00000   63   23   78.00000   65.00000  16.7%  42.3 1045s
 521749 209936 infeasible   76        78.00000   65.00000  16.7%  42.4 1050s
 523673 210712 infeasible   79        78.00000   65.00000  16.7%  42.5 1055s
 525466 211355 infeasible   67        78.00000   65.00000  16.7%  42.5 1060s
 527602 212162 infeasible   82        78.00000   65.00000  16.7%  42.6 1065s
 529477 212799 infeasible   74        78.00000   65.00000  16.7%  42.6 1070s
 531400 213608   72.00000   49   51   78.00000   65.00000  16.7%  42.7 1075s
 533330 214341 infeasible   59        78.00000   65.00000  16.7%  42.7 1080s
 535098 215061   67.00000   62   39   78.00000   65.00000  16.7%  42.8 1085s
 537452 216053   67.00000   57   49   78.00000   65.00000  16.7%  42.8 1090s
 539540 217018 infeasible   71        78.00000   65.00000  16.7%  42.8 1095s
 541933 218026 infeasible   66        78.00000   65.00000  16.7%  42.8 1100s
 544014 218813   70.00000   52   53   78.00000   65.00000  16.7%  42.9 1105s
 546150 219757   71.50000   64   57   78.00000   65.00000  16.7%  42.9 1110s
 548238 220586   76.00000   57   60   78.00000   65.00000  16.7%  42.9 1115s
 549766 221135 infeasible   67        78.00000   65.00000  16.7%  43.0 1120s
 552061 222116   68.00000   60   48   78.00000   65.00000  16.7%  43.0 1125s
 554787 223275   65.00000   56   59   78.00000   65.00000  16.7%  43.0 1130s
 557616 224449   70.00000   61   54   78.00000   65.00000  16.7%  43.0 1135s
 560244 225511   67.00000   48   61   78.00000   65.00000  16.7%  43.0 1140s
 562784 226568   77.00000   72   24   78.00000   65.00000  16.7%  43.0 1145s
 564799 227372   74.00000   68   17   78.00000   65.00000  16.7%  43.0 1150s
 567548 228628   75.00000   67   20   78.00000   65.00000  16.7%  43.0 1155s
 570322 229740 infeasible   66        78.00000   65.00000  16.7%  43.0 1160s
 573147 230844 infeasible   59        78.00000   65.00000  16.7%  42.9 1165s
 575900 231950   68.00000   54   58   78.00000   65.00000  16.7%  42.9 1170s
 578552 232740   72.00000   66   29   78.00000   65.00000  16.7%  42.9 1175s
 581016 233578   75.00000   57   55   78.00000   65.00000  16.7%  42.9 1180s
 583983 234760   74.00000   66   40   78.00000   65.00000  16.7%  42.9 1185s
 586501 235563   73.00000   71   31   78.00000   65.00000  16.7%  42.9 1190s
 588921 236426   70.00000   57   30   78.00000   65.00000  16.7%  42.9 1195s
 592008 237579   71.00000   59   44   78.00000   65.00000  16.7%  42.8 1200s
 594933 238692   76.00000   74   30   78.00000   65.00000  16.7%  42.8 1205s
 597501 239507   72.00000   64   50   78.00000   65.00000  16.7%  42.8 1210s
 600402 240535   68.00000   68   39   78.00000   65.00000  16.7%  42.8 1215s
 602732 241434   76.00000   57   37   78.00000   65.00000  16.7%  42.8 1220s
 605344 242404 infeasible   61        78.00000   65.00000  16.7%  42.7 1225s
 608402 243678   71.00000   54   34   78.00000   65.00000  16.7%  42.7 1230s
 611041 244804   71.00000   62   46   78.00000   65.00000  16.7%  42.7 1235s
 613354 245600 infeasible   62        78.00000   65.00000  16.7%  42.7 1240s
 615934 246745   65.00000   47   53   78.00000   65.00000  16.7%  42.7 1245s
 618976 248003   72.00000   58   48   78.00000   65.00000  16.7%  42.7 1250s
 620904 248721   72.00000   59   36   78.00000   65.00000  16.7%  42.7 1255s
 623729 249972 infeasible   67        78.00000   65.00000  16.7%  42.7 1260s
 626764 251180   73.00000   62   45   78.00000   65.00000  16.7%  42.6 1265s
 629731 252329   70.00000   58   40   78.00000   65.00000  16.7%  42.6 1270s
 632701 253373   72.00000   65   32   78.00000   65.00000  16.7%  42.6 1275s
 635927 254625   72.00000   70   28   78.00000   65.00000  16.7%  42.5 1280s
 638151 255489   65.00000   57   57   78.00000   65.00000  16.7%  42.5 1285s
 640980 256529   72.00000   56   35   78.00000   65.00000  16.7%  42.5 1290s
 643901 257558   70.00000   65   40   78.00000   65.00000  16.7%  42.5 1295s
 646291 258445   65.00000   48   67   78.00000   65.00000  16.7%  42.5 1300s
 648757 259677   76.00000   64   42   78.00000   65.00000  16.7%  42.5 1305s
 651609 261022 infeasible   65        78.00000   65.00000  16.7%  42.5 1310s
 654665 262098 infeasible   63        78.00000   65.00000  16.7%  42.5 1315s
 657768 263327   72.00000   57   51   78.00000   65.00000  16.7%  42.4 1320s
 660474 264313 infeasible   64        78.00000   65.00000  16.7%  42.4 1325s
 663570 265591   72.00000   46   48   78.00000   65.00000  16.7%  42.4 1330s
 666467 266908   65.00000   60   71   78.00000   65.00000  16.7%  42.4 1335s
 668681 267947   71.00000   58   62   78.00000   65.00000  16.7%  42.4 1340s
 670741 268948   73.00000   68   29   78.00000   65.00000  16.7%  42.4 1345s
 673787 270133   75.00000   64   26   78.00000   65.00000  16.7%  42.4 1350s
 677157 271386   75.00000   69   22   78.00000   65.00000  16.7%  42.3 1355s
 680164 272374 infeasible   73        78.00000   65.00000  16.7%  42.3 1360s
 682086 273166   75.00000   47   56   78.00000   65.00000  16.7%  42.3 1365s
 684077 273854   65.05263   65   66   78.00000   65.00000  16.7%  42.4 1370s
 685738 274474 infeasible   46        78.00000   65.00000  16.7%  42.4 1375s
 687596 275275   75.00000   48   87   78.00000   65.00000  16.7%  42.4 1380s
*689006 258862              83      77.0000000   65.00000  15.6%  42.5 1383s
 689308 259000   74.00000   53   79   77.00000   65.00000  15.6%  42.5 1385s
H690006 259360                      77.0000000   65.00000  15.6%  42.5 1386s
 691630 259909   68.00000   66   50   77.00000   65.00000  15.6%  42.5 1390s
 694104 260547 infeasible   76        77.00000   65.00000  15.6%  42.5 1395s
 696585 261399   65.00000   67   55   77.00000   65.00000  15.6%  42.5 1400s
 698937 262405 infeasible   66        77.00000   65.00000  15.6%  42.5 1405s
 701115 263238   74.00000   77   22   77.00000   65.00000  15.6%  42.6 1410s
 703423 263980   70.00000   67   61   77.00000   65.00000  15.6%  42.6 1415s
 705708 264725   68.00000   40   69   77.00000   65.00000  15.6%  42.6 1420s
 707347 265035   65.00000   57   37   77.00000   65.00000  15.6%  42.7 1425s
 709711 265905 infeasible   54        77.00000   65.00000  15.6%  42.7 1430s
 711984 266917   65.00000   56   67   77.00000   65.00000  15.6%  42.7 1435s
 714222 267690 infeasible   53        77.00000   65.00000  15.6%  42.7 1440s
 717418 268677   68.00000   64   37   77.00000   65.00000  15.6%  42.6 1445s
 720765 269755   65.00000   48   65   77.00000   65.00000  15.6%  42.6 1450s
 722779 270443   73.00000   57   43   77.00000   65.00000  15.6%  42.6 1455s
 725165 271317   73.00000   61   44   77.00000   65.00000  15.6%  42.6 1460s
 727427 272209   68.00000   63   50   77.00000   65.00000  15.6%  42.6 1465s
 729913 273137   75.00000   61   37   77.00000   65.00000  15.6%  42.6 1470s
 732347 273976   73.00000   55   50   77.00000   65.00000  15.6%  42.6 1475s
 733945 274638   71.08333   73   32   77.00000   65.00000  15.6%  42.6 1480s
 735729 275043   65.00000   67   58   77.00000   65.00000  15.6%  42.7 1485s
 737989 275663 infeasible   56        77.00000   65.00000  15.6%  42.7 1490s
 740128 276560 infeasible   59        77.00000   65.00000  15.6%  42.7 1495s
 742553 277437 infeasible   78        77.00000   65.00000  15.6%  42.7 1500s
 744998 278572 infeasible   63        77.00000   65.00000  15.6%  42.7 1505s
 747243 279495   68.00000   66   78   77.00000   65.00000  15.6%  42.8 1510s
 749218 280034 infeasible   68        77.00000   65.00000  15.6%  42.8 1515s
 751317 280825   70.00000   69   60   77.00000   65.00000  15.6%  42.9 1520s
 753345 281808   71.00000   53   52   77.00000   65.00000  15.6%  42.9 1525s
 755241 282557   68.00000   63   45   77.00000   65.00000  15.6%  42.9 1530s
 757562 283325   72.00000   36  101   77.00000   65.00000  15.6%  42.9 1535s
 759999 284209   68.00000   42   76   77.00000   65.00000  15.6%  42.9 1540s
 761736 284882 infeasible   48        77.00000   65.00000  15.6%  42.9 1545s
 764651 285989   68.00000   62   31   77.00000   65.00000  15.6%  42.9 1550s
 767454 287051 infeasible   73        77.00000   65.00000  15.6%  42.9 1555s
 770394 287791 infeasible   72        77.00000   65.00000  15.6%  42.9 1560s
 773147 288587 infeasible   68        77.00000   65.00000  15.6%  42.9 1565s
 775920 289348 infeasible   73        77.00000   65.00000  15.6%  42.8 1570s
 778088 289885   71.00000   63   21   77.00000   65.00000  15.6%  42.9 1575s
 780680 290594 infeasible   70        77.00000   65.00000  15.6%  42.9 1580s
 783281 291374 infeasible   65        77.00000   65.00000  15.6%  42.9 1585s
 785879 292191   65.00000   59   46   77.00000   65.00000  15.6%  42.9 1590s
 788237 292907 infeasible   60        77.00000   65.00000  15.6%  42.9 1595s
 790541 293617   75.00000   59   57   77.00000   65.00000  15.6%  42.9 1600s
 792922 294258   70.00000   56   34   77.00000   65.00000  15.6%  42.9 1605s
 795496 294954 infeasible   56        77.00000   65.00000  15.6%  42.9 1610s
 797999 295557 infeasible   71        77.00000   65.00000  15.6%  42.8 1615s
 800656 296458   74.00000   56   43   77.00000   65.00000  15.6%  42.8 1620s
 803160 297176   75.00000   63   47   77.00000   65.00000  15.6%  42.8 1625s
 805925 297867 infeasible   64        77.00000   65.00000  15.6%  42.8 1630s
 808156 298409   70.00000   64   21   77.00000   65.00000  15.6%  42.8 1635s
 810240 298740 infeasible   63        77.00000   65.00000  15.6%  42.8 1640s
 812265 299109 infeasible   61        77.00000   65.00000  15.6%  42.9 1645s
 814324 299442   72.00000   62   22   77.00000   65.00000  15.6%  42.9 1650s
 816641 300098 infeasible   62        77.00000   65.00000  15.6%  42.9 1655s
 819150 300742   71.00000   66   19   77.00000   65.00000  15.6%  42.9 1660s
 821562 301461   65.00000   60   55   77.00000   65.00000  15.6%  42.9 1665s
 823970 302258   75.00000   68   25   77.00000   65.00000  15.6%  42.9 1670s
 826047 302847 infeasible   63        77.00000   65.00000  15.6%  42.9 1675s
 828391 303642   75.00000   64   55   77.00000   65.00000  15.6%  42.9 1680s
 831150 304504   73.00000   71   16   77.00000   65.00000  15.6%  42.9 1685s
 833793 305476 infeasible   73        77.00000   65.00000  15.6%  42.9 1690s
 836428 306148   76.00000   76   11   77.00000   65.00000  15.6%  42.9 1695s
 839236 306982 infeasible   56        77.00000   65.00000  15.6%  42.8 1700s
 842008 307746   69.00000   68   32   77.00000   65.00000  15.6%  42.8 1705s
 844653 308551 infeasible   61        77.00000   65.00000  15.6%  42.8 1710s
 847139 309312   75.00000   63   24   77.00000   65.00000  15.6%  42.8 1715s
 849987 310066 infeasible   57        77.00000   65.00000  15.6%  42.8 1720s
 852458 310898   68.00000   58   41   77.00000   65.00000  15.6%  42.8 1725s
 854562 311550 infeasible   50        77.00000   65.00000  15.6%  42.8 1730s
 856996 312325   65.00000   54   57   77.00000   65.00000  15.6%  42.8 1735s
 859138 312925   75.07692   60   44   77.00000   65.00000  15.6%  42.8 1740s
 860851 313374   68.00000   61   57   77.00000   65.00000  15.6%  42.8 1745s
 863350 314229   75.00000   61   15   77.00000   65.00000  15.6%  42.8 1750s
 865884 314854 infeasible   63        77.00000   65.00000  15.6%  42.8 1755s
 868598 315539   75.07692   61   44   77.00000   65.00000  15.6%  42.8 1760s
 871243 316272 infeasible   59        77.00000   65.00000  15.6%  42.8 1765s
 873873 316950   72.07692   54   43   77.00000   65.00000  15.6%  42.8 1770s
 876930 317542 infeasible   56        77.00000   65.00000  15.6%  42.7 1775s
 879828 318200   73.00000   59   30   77.00000   65.00000  15.6%  42.7 1780s
 882578 318745 infeasible   58        77.00000   65.00000  15.6%  42.7 1785s
 885566 319425   70.00000   63   28   77.00000   65.00000  15.6%  42.6 1790s
 887689 320088   67.00000   62   35   77.00000   65.00000  15.6%  42.7 1795s

Cutting planes:
  Gomory: 1
  Cover: 10
  Implied bound: 7
  MIR: 21
  Flow cover: 103
  RLT: 55
  Relax-and-lift: 8

Explored 890208 nodes (37985385 simplex iterations) in 1800.00 seconds (1549.42 work units)
Thread count was 1 (of 96 available processors)

Solution count 10: 77 77 78 ... 83

Time limit reached
Best objective 7.699999999220e+01, best bound 6.500000000000e+01, gap 15.5844%
WARNING: Loading a SolverResults object with an 'aborted' status, but
    containing a solution

Instance 18_3, formulation altered, reform hull:
  Rect 0: x = 5.00, y = 12.00
  Rect 1: x = 5.00, y = 10.00
  Rect 2: x = 35.00, y = 9.00
  Rect 3: x = 23.00, y = 12.00
  Rect 4: x = 25.00, y = 2.00
  Rect 5: x = 35.00, y = 12.00
  Rect 6: x = 53.00, y = 11.00
  Rect 7: x = 22.00, y = 6.00
  Rect 8: x = 50.00, y = 12.00
  Rect 9: x = 7.00, y = 6.00
  Rect 10: x = 0.00, y = 5.00
  Rect 11: x = 55.00, y = 12.00
  Rect 12: x = 0.00, y = 12.00
  Rect 13: x = 66.00, y = 11.00
  Rect 14: x = 54.00, y = 12.00
  Rect 15: x = 7.00, y = 4.00
  Rect 16: x = 7.00, y = 2.00
  Rect 17: x = 57.00, y = 11.00
  → saved figures to strip_figures/18_3_altered_hull.png and strip_figures/18_3_altered_hull.pdf
Set parameter TokenServer to value "mooring.ecn.purdue.edu"
Read LP format model from file /tmp/tmpd3if5p0g.pyomo.lp
Reading time = 0.00 seconds
x650: 2008 rows, 650 columns, 4933 nonzeros
Set parameter TimeLimit to value 1800
Set parameter Threads to value 1
Gurobi Optimizer version 11.0.0 build v11.0.0rc2 (linux64 - "Oracle Linux Server 9.6")

CPU model: AMD EPYC 7643 48-Core Processor, instruction set [SSE2|AVX|AVX2]
Thread count: 48 physical cores, 96 logical processors, using up to 1 threads

Optimize a model with 2008 rows, 650 columns and 4933 nonzeros
Model fingerprint: 0xc64b0b89
Variable types: 38 continuous, 612 integer (612 binary)
Coefficient statistics:
  Matrix range     [1e+00, 2e+02]
  Objective range  [1e+00, 1e+00]
  Bounds range     [1e+00, 2e+02]
  RHS range        [1e+00, 2e+02]
Presolve removed 1516 rows and 298 columns
Presolve time: 0.00s
Presolved: 492 rows, 352 columns, 1514 nonzeros
Variable types: 31 continuous, 321 integer (321 binary)
Found heuristic solution: objective 111.0000000

Root relaxation: objective 3.300000e+01, 215 iterations, 0.00 seconds (0.00 work units)

    Nodes    |    Current Node    |     Objective Bounds      |     Work
 Expl Unexpl |  Obj  Depth IntInf | Incumbent    BestBd   Gap | It/Node Time

     0     0   33.00000    0   44  111.00000   33.00000  70.3%     -    0s
     0     0   33.46230    0  102  111.00000   33.46230  69.9%     -    0s
     0     0   44.61111    0   95  111.00000   44.61111  59.8%     -    0s
     0     0   44.61111    0   95  111.00000   44.61111  59.8%     -    0s
     0     0   44.74379    0   54  111.00000   44.74379  59.7%     -    0s
H    0     0                     106.0000000   46.40776  56.2%     -    0s
H    0     0                     100.0000000   46.40776  53.6%     -    0s
     0     0   46.40776    0   63  100.00000   46.40776  53.6%     -    0s
     0     0   46.40776    0   65  100.00000   46.40776  53.6%     -    0s
H    0     0                      97.0000000   46.40776  52.2%     -    0s
     0     0   46.40776    0   75   97.00000   46.40776  52.2%     -    0s
     0     0   46.40776    0   76   97.00000   46.40776  52.2%     -    0s
     0     0   46.40776    0   71   97.00000   46.40776  52.2%     -    0s
H    0     0                      97.0000000   46.40776  52.2%     -    0s
     0     0   46.40776    0   88   97.00000   46.40776  52.2%     -    0s
     0     0   46.40776    0   92   97.00000   46.40776  52.2%     -    0s
     0     0   46.40776    0   55   97.00000   46.40776  52.2%     -    0s
H    0     0                      96.0000000   46.40776  51.7%     -    0s
     0     0   46.40776    0   64   96.00000   46.40776  51.7%     -    0s
     0     0   46.40776    0   49   96.00000   46.40776  51.7%     -    0s
     0     0   46.40776    0   60   96.00000   46.40776  51.7%     -    0s
     0     0   46.40776    0   40   96.00000   46.40776  51.7%     -    0s
     0     0   46.40776    0   41   96.00000   46.40776  51.7%     -    0s
     0     0   46.40776    0   43   96.00000   46.40776  51.7%     -    0s
H    0     0                      92.0000000   46.40776  49.6%     -    0s
     0     0   46.40776    0   42   92.00000   46.40776  49.6%     -    0s
     0     0   46.40776    0   42   92.00000   46.40776  49.6%     -    0s
     0     0   46.40776    0   42   92.00000   46.40776  49.6%     -    0s
     0     2   46.40776    0   42   92.00000   46.40776  49.6%     -    0s
H  104    85                      91.0000000   46.40776  49.0%   8.3    0s
H  208   181                      91.0000000   47.71375  47.6%   9.9    0s
H  576   449                      90.0000000   51.35370  42.9%   9.3    0s
H  576   426                      90.0000000   51.35370  42.9%   9.3    0s
H  618   432                      89.0000000   51.35370  42.3%  16.3    0s
H  696   460                      87.0000000   51.35370  41.0%  15.4    0s
* 1128   604              71      86.0000000   51.35370  40.3%  15.3    1s
* 1249   643              73      85.0000000   51.35370  39.6%  14.8    1s
* 1253   591              75      84.0000000   51.35370  38.9%  14.8    1s
* 1986   824              64      80.0000000   56.12324  29.8%  14.9    1s
* 2231   852              51      79.0000000   58.11321  26.4%  14.9    1s
H 4230  2050                      79.0000000   62.24867  21.2%  16.0    3s
  6781  3410   70.00000   26   34   79.00000   65.00000  17.7%  16.4    5s
*11475  5484              54      78.0000000   66.30260  15.0%  16.3    9s
H12475  5944                      78.0000000   67.00000  14.1%  16.4   10s
*14156  4514              47      77.0000000   67.00000  13.0%  16.9   11s
H14760  4692                      77.0000000   67.00000  13.0%  17.2   12s
 18601  6203   72.00000   37   39   77.00000   67.21001  12.7%  17.9   15s
 24648  8498 infeasible   37        77.00000   68.01548  11.7%  18.7   20s
 30728 10787   76.00000   37   62   77.00000   69.00000  10.4%  19.2   25s
 36406 12615     cutoff   33        77.00000   69.02642  10.4%  19.9   30s
 42120 14602   74.00000   32   67   77.00000   69.10976  10.2%  20.4   35s
 47738 16448   72.00000   30   65   77.00000   69.86048  9.27%  20.8   40s
 53354 18292   72.00000   27   54   77.00000   70.00000  9.09%  21.1   45s
 58544 19918 infeasible   36        77.00000   70.00000  9.09%  21.4   50s
 63479 21488   72.00000   25   45   77.00000   70.00000  9.09%  21.8   55s
 68626 23262   72.00000   37   32   77.00000   70.04396  9.03%  22.1   60s
 73428 24873   72.00000   39   41   77.00000   70.04444  9.03%  22.5   65s
 78616 26638   76.00000   29   27   77.00000   70.08094  8.99%  22.7   70s
 83629 28209 infeasible   26        77.00000   70.18477  8.85%  22.9   75s
 88474 29719   72.00000   37   47   77.00000   70.32212  8.67%  23.2   80s
 93920 31525 infeasible   54        77.00000   70.68148  8.21%  23.2   85s
 99284 33087   71.01087   36   42   77.00000   71.00000  7.79%  23.3   90s
 104591 34597   72.00000   37   58   77.00000   71.01099  7.78%  23.4   95s
 109654 35731   72.00000   38   38   77.00000   71.01299  7.78%  23.5  100s
 115259 37521   71.08333   26   52   77.00000   71.04544  7.73%  23.5  105s
 120382 38801   72.00000   32   46   77.00000   71.12500  7.63%  23.5  110s
 125697 40295   72.00000   38   42   77.00000   72.00000  6.49%  23.6  115s
 130072 41413 infeasible   47        77.00000   72.00000  6.49%  23.8  120s
 134726 42012 infeasible   42        77.00000   72.00000  6.49%  24.0  125s
 139142 42740   72.00000   30   94   77.00000   72.00000  6.49%  24.2  130s
 143744 43566     cutoff   37        77.00000   72.00000  6.49%  24.3  135s
 148595 44355   72.00000   38   52   77.00000   72.00000  6.49%  24.4  140s
 153306 45122   72.00000   34   62   77.00000   72.00000  6.49%  24.5  145s
 158237 45867   72.00000   28   46   77.00000   72.00000  6.49%  24.6  150s
 162669 46572 infeasible   41        77.00000   72.00000  6.49%  24.7  155s
 167619 47282   72.00000   45   53   77.00000   72.00000  6.49%  24.7  160s
 172604 48240 infeasible   36        77.00000   72.00000  6.49%  24.8  165s
 176808 48712 infeasible   35        77.00000   72.00000  6.49%  24.9  170s
 181396 49317   72.00000   42   19   77.00000   72.00000  6.49%  25.0  175s
 186269 49657   75.00000   37   13   77.00000   72.00000  6.49%  25.0  180s
 190972 50205   76.00000   36   77   77.00000   72.00000  6.49%  25.1  185s
 195470 50805 infeasible   42        77.00000   72.00000  6.49%  25.2  190s
 199737 51408   72.00000   47   51   77.00000   72.00000  6.49%  25.3  195s
 203961 52054   72.00000   38   40   77.00000   72.00000  6.49%  25.4  200s
 208966 52842 infeasible   44        77.00000   72.00000  6.49%  25.4  205s
 214234 53790   72.00000   45   33   77.00000   72.00000  6.49%  25.3  210s
 218983 54449 infeasible   39        77.00000   72.00000  6.49%  25.4  215s
 223209 54846   72.00000   32   49   77.00000   72.00000  6.49%  25.5  220s
 227830 55392 infeasible   40        77.00000   72.00000  6.49%  25.6  225s
 232500 55770   72.00000   33   35   77.00000   72.00000  6.49%  25.6  230s
 237232 56433   72.00000   32   39   77.00000   72.00000  6.49%  25.6  235s
 242271 57385   74.00000   42   29   77.00000   72.00000  6.49%  25.6  240s
 246725 57739 infeasible   55        77.00000   72.00000  6.49%  25.7  245s
 251444 58111   74.00000   53   33   77.00000   72.00000  6.49%  25.8  250s
 256024 58633   72.00000   51   35   77.00000   72.00000  6.49%  25.8  255s
 260344 59049   72.00000   38   75   77.00000   72.00000  6.49%  25.9  260s
 264718 59658   72.00000   39   26   77.00000   72.00000  6.49%  25.9  265s
 269512 60332 infeasible   44        77.00000   72.00000  6.49%  25.9  270s
 274541 60974 infeasible   45        77.00000   72.00000  6.49%  25.9  275s
 279311 61536   76.00000   45   42   77.00000   72.00000  6.49%  25.9  280s
 283856 61877   72.00000   44   44   77.00000   72.00000  6.49%  26.0  285s
 289157 62232   75.00000   49   45   77.00000   72.00000  6.49%  26.0  290s
 294415 62930   72.00000   41   40   77.00000   72.00000  6.49%  26.1  295s
 299602 63363   72.00000   40   41   77.00000   72.00000  6.49%  26.1  300s
 304710 63950   76.00000   41   35   77.00000   72.00000  6.49%  26.2  305s
 310064 64394 infeasible   40        77.00000   72.00000  6.49%  26.2  310s
 315136 64861   76.00000   32   57   77.00000   72.00000  6.49%  26.2  315s
 320122 65323   72.00000   46   41   77.00000   72.00000  6.49%  26.3  320s
 325393 65767 infeasible   41        77.00000   72.00000  6.49%  26.3  325s
 330584 66226   72.00000   55   30   77.00000   72.00000  6.49%  26.3  330s
 335692 66805   72.00000   29   38   77.00000   72.00000  6.49%  26.4  335s
 340631 67440   72.00000   35   78   77.00000   72.00000  6.49%  26.4  340s
 345184 68252 infeasible   52        77.00000   72.00000  6.49%  26.4  345s
 350500 68877 infeasible   42        77.00000   72.00000  6.49%  26.4  350s
 355742 69556   72.00000   36   89   77.00000   72.00000  6.49%  26.5  355s
 361346 70105 infeasible   62        77.00000   72.00000  6.49%  26.5  360s
 366632 70756   74.00000   48   45   77.00000   72.00000  6.49%  26.5  365s
 371677 71181 infeasible   40        77.00000   72.00000  6.49%  26.5  370s
 376523 71647   72.00000   48   45   77.00000   72.00000  6.49%  26.6  375s
 381525 71950   72.00000   54   26   77.00000   72.00000  6.49%  26.6  380s
 386582 72371   72.00000   46   64   77.00000   72.00000  6.49%  26.6  385s
 391422 72710     cutoff   43        77.00000   72.00000  6.49%  26.6  390s
 396572 73283   72.00000   44   40   77.00000   72.00000  6.49%  26.6  395s
 401888 73696     cutoff   50        77.00000   72.00000  6.49%  26.7  400s
 407314 74125 infeasible   52        77.00000   72.00000  6.49%  26.7  405s
 412340 74580 infeasible   44        77.00000   72.00000  6.49%  26.7  410s
 417517 75069   72.00000   46   52   77.00000   72.00000  6.49%  26.7  415s
 422657 75772   72.00000   33   69   77.00000   72.00000  6.49%  26.7  420s
 427813 76328   72.00000   44   66   77.00000   72.00000  6.49%  26.7  425s
 433141 76664   72.00000   36   76   77.00000   72.00000  6.49%  26.8  430s
 438186 77222 infeasible   43        77.00000   72.00000  6.49%  26.8  435s
 443447 77736   72.00000   32   31   77.00000   72.00000  6.49%  26.8  440s
H446885 78021                      77.0000000   72.00000  6.49%  26.8  443s
H446911 78014                      76.9999998   72.00000  6.49%  26.8  443s
 447726 78110   72.00000   39   51   77.00000   72.00000  6.49%  26.8  445s
 452658 78502 infeasible   51        77.00000   72.00000  6.49%  26.9  450s
 458262 78782 infeasible   43        77.00000   72.00000  6.49%  26.8  455s
 463284 79275   72.00000   39   28   77.00000   72.00000  6.49%  26.9  460s
 468866 79722 infeasible   40        77.00000   72.00000  6.49%  26.9  465s
 474012 80176   72.00000   41   58   77.00000   72.00000  6.49%  26.9  470s
 478594 80648   72.00000   52   51   77.00000   72.00000  6.49%  26.9  475s
 483423 81028   72.00000   46   34   77.00000   72.00000  6.49%  27.0  480s
 488587 81622 infeasible   58        77.00000   72.00000  6.49%  27.0  485s
 493803 81901 infeasible   51        77.00000   72.00000  6.49%  27.0  490s
 498886 82301   72.00000   27   79   77.00000   72.00000  6.49%  27.0  495s
 504418 82699 infeasible   42        77.00000   72.00000  6.49%  27.0  500s
 509614 82996   72.00000   44   40   77.00000   72.00000  6.49%  27.0  505s
 514311 83144 infeasible   47        77.00000   72.00000  6.49%  27.0  510s
 519496 83319   72.00000   45   26   77.00000   72.00000  6.49%  27.1  515s
 524516 83641   73.00000   41   47   77.00000   72.00000  6.49%  27.1  520s
 529740 83891   76.00000   43   25   77.00000   72.00000  6.49%  27.1  525s
 534704 84223   76.00000   32   36   77.00000   72.00000  6.49%  27.1  530s
 540173 84590   72.00000   39   51   77.00000   72.00000  6.49%  27.1  535s
 545105 84885 infeasible   37        77.00000   72.00000  6.49%  27.1  540s
 550116 85317   75.00000   38   24   77.00000   72.00000  6.49%  27.1  545s
H552689 85513                      76.9999998   72.00000  6.49%  27.1  547s
 555028 85713   72.00000   32   21   77.00000   72.00000  6.49%  27.1  550s
 559618 86052   72.00000   45   46   77.00000   72.00000  6.49%  27.2  555s
 564736 86356 infeasible   49        77.00000   72.00000  6.49%  27.2  560s
 569743 86469   72.00000   63   11   77.00000   72.00000  6.49%  27.2  565s
 575129 86817   75.00000   52   50   77.00000   72.00000  6.49%  27.2  570s
 580313 87107 infeasible   43        77.00000   72.00000  6.49%  27.2  575s
 585672 87438   72.00000   37   31   77.00000   72.00000  6.49%  27.2  580s
 590968 87909   72.00000   51   44   77.00000   72.00000  6.49%  27.2  585s
 595968 88278   76.00000   50   24   77.00000   72.00000  6.49%  27.2  590s
 601088 88686 infeasible   41        77.00000   72.00000  6.49%  27.3  595s
 605788 89044   72.00000   41   65   77.00000   72.00000  6.49%  27.3  600s
 611154 89545   72.00000   51   26   77.00000   72.00000  6.49%  27.3  605s
 616244 89888   72.00000   44   36   77.00000   72.00000  6.49%  27.3  610s
 620613 90129 infeasible   53        77.00000   72.00000  6.49%  27.3  615s
 624699 90354   72.00000   33   50   77.00000   72.00000  6.49%  27.3  620s
 628782 90629 infeasible   47        77.00000   72.00000  6.49%  27.3  625s
 632743 90789 infeasible   53        77.00000   72.00000  6.49%  27.3  630s
 636601 90813   72.00000   58   39   77.00000   72.00000  6.49%  27.3  635s
 640650 90994   72.00000   54   39   77.00000   72.00000  6.49%  27.4  640s
 644611 91126 infeasible   52        77.00000   72.00000  6.49%  27.4  645s
 648706 91378 infeasible   41        77.00000   72.00000  6.49%  27.4  650s
 652753 91486 infeasible   51        77.00000   72.00000  6.49%  27.4  655s
 656765 91882 infeasible   46        77.00000   72.00000  6.49%  27.4  660s
 660515 92132   76.00000   41   35   77.00000   72.00000  6.49%  27.4  665s
 664479 92321   72.00000   40   46   77.00000   72.00000  6.49%  27.4  670s
 668251 92556 infeasible   52        77.00000   72.00000  6.49%  27.5  675s
 672162 92802 infeasible   46        77.00000   72.00000  6.49%  27.5  680s
 676139 93001   72.00000   46   40   77.00000   72.00000  6.49%  27.5  685s
 679792 93272 infeasible   46        77.00000   72.00000  6.49%  27.5  690s
 683362 93589   72.00000   41   47   77.00000   72.00000  6.49%  27.5  695s
 687568 93854 infeasible   43        77.00000   72.00000  6.49%  27.5  700s
 691516 94083 infeasible   41        77.00000   72.00000  6.49%  27.5  705s
 695291 94399   72.00000   43   39   77.00000   72.00000  6.49%  27.6  710s
 699212 94744   75.00000   37   40   77.00000   72.00000  6.49%  27.6  715s
 703091 95091   72.00000   35   83   77.00000   72.00000  6.49%  27.6  720s
 706768 95284 infeasible   51        77.00000   72.00000  6.49%  27.6  725s
 710638 95562     cutoff   51        77.00000   72.00000  6.49%  27.6  730s
 714785 95789 infeasible   45        77.00000   72.00000  6.49%  27.6  735s
 718506 95926   72.00000   41   42   77.00000   72.00000  6.49%  27.6  740s
 722250 96072   72.00000   39   51   77.00000   72.00000  6.49%  27.6  745s
 726025 96313 infeasible   35        77.00000   72.00000  6.49%  27.7  750s
 729894 96709   72.00000   47   53   77.00000   72.00000  6.49%  27.7  755s
 733516 96874   72.00000   46   42   77.00000   72.00000  6.49%  27.7  760s
 737159 97052   76.00000   35   67   77.00000   72.00000  6.49%  27.7  765s
 741251 97268 infeasible   49        77.00000   72.00000  6.49%  27.7  770s
 745229 97626   72.00000   31   53   77.00000   72.00000  6.49%  27.7  775s
 749005 97922   76.00000   30   34   77.00000   72.00000  6.49%  27.8  780s
 753142 98314 infeasible   45        77.00000   72.00000  6.49%  27.8  785s
 756893 98589   72.00000   26   63   77.00000   72.00000  6.49%  27.8  790s
*759539 98922              52      76.9999997   72.00000  6.49%  27.8  793s
 760324 99019 infeasible   44        77.00000   72.00000  6.49%  27.8  795s
 763971 99131 infeasible   42        77.00000   72.00000  6.49%  27.8  800s
 767570 99301   76.07692   48   47   77.00000   72.00000  6.49%  27.8  805s
 771469 99576 infeasible   43        77.00000   72.00000  6.49%  27.8  810s
 775544 99924   72.00000   41   36   77.00000   72.00000  6.49%  27.8  815s
 779369 100203     cutoff   43        77.00000   72.00000  6.49%  27.8  820s
 783294 100389   72.00000   27   68   77.00000   72.00000  6.49%  27.9  825s
 787346 100684   72.00000   42   45   77.00000   72.00000  6.49%  27.9  830s
 791072 100946   72.00000   42   55   77.00000   72.00000  6.49%  27.9  835s
 795069 101135 infeasible   33        77.00000   72.00000  6.49%  27.9  840s
 799237 101600 infeasible   48        77.00000   72.00000  6.49%  27.9  845s
 803068 101826   72.00000   43   34   77.00000   72.00000  6.49%  27.9  850s
 806336 102022 infeasible   48        77.00000   72.00000  6.49%  27.9  855s
 809865 102264   72.00000   41   37   77.00000   72.00000  6.49%  27.9  860s
 813898 102479   72.00000   32   37   77.00000   72.00000  6.49%  28.0  865s
 817781 102735 infeasible   30        77.00000   72.00000  6.49%  28.0  870s
 821796 102985   72.00000   36   79   77.00000   72.00000  6.49%  28.0  875s
 825638 103132 infeasible   44        77.00000   72.00000  6.49%  28.0  880s
 829538 103383 infeasible   40        77.00000   72.00000  6.49%  28.0  885s
 832983 103590 infeasible   35        77.00000   72.00000  6.49%  28.0  890s
 837025 103798   72.00000   35   39   77.00000   72.00000  6.49%  28.0  895s
 840854 104051   72.00000   50   30   77.00000   72.00000  6.49%  28.0  900s
 844701 104189 infeasible   38        77.00000   72.00000  6.49%  28.0  905s
 848515 104448   72.00000   55   33   77.00000   72.00000  6.49%  28.1  910s
 852123 104731   72.00000   44   29   77.00000   72.00000  6.49%  28.1  915s
 856218 104877   74.00000   36   33   77.00000   72.00000  6.49%  28.1  920s
 860104 105150   72.00000   44   39   77.00000   72.00000  6.49%  28.1  925s
 863914 105682   72.00000   47   51   77.00000   72.00000  6.49%  28.1  930s
 867841 106021 infeasible   36        77.00000   72.00000  6.49%  28.1  935s
 871449 106166 infeasible   42        77.00000   72.00000  6.49%  28.1  940s
 875381 106417 infeasible   37        77.00000   72.00000  6.49%  28.1  945s
 879288 106667   72.00000   38   39   77.00000   72.00000  6.49%  28.1  950s
 883143 106831   72.00000   42   56   77.00000   72.00000  6.49%  28.1  955s
 886777 106946 infeasible   53        77.00000   72.00000  6.49%  28.2  960s
 890432 107193     cutoff   36        77.00000   72.00000  6.49%  28.2  965s
 894307 107449   72.00000   46   54   77.00000   72.00000  6.49%  28.2  970s
 897742 107553   72.00000   29   63   77.00000   72.00000  6.49%  28.2  975s
 901608 107711   72.00000   30   57   77.00000   72.00000  6.49%  28.2  980s
 905282 107878   72.00000   34   37   77.00000   72.00000  6.49%  28.2  985s
 909184 108124   75.00000   46   26   77.00000   72.00000  6.49%  28.2  990s
 912884 108249   72.00000   42   51   77.00000   72.00000  6.49%  28.2  995s
 916924 108390 infeasible   42        77.00000   72.00000  6.49%  28.2 1000s
 920551 108562 infeasible   49        77.00000   72.00000  6.49%  28.3 1005s
 924211 108690 infeasible   44        77.00000   72.00000  6.49%  28.3 1010s
 928113 108874 infeasible   43        77.00000   72.00000  6.49%  28.3 1015s
 931806 109041 infeasible   48        77.00000   72.00000  6.49%  28.3 1020s
 935375 109189   72.00000   39   53   77.00000   72.00000  6.49%  28.3 1025s
 938990 109321   72.00000   47   29   77.00000   72.00000  6.49%  28.3 1030s
 942429 109419   74.00000   44   28   77.00000   72.00000  6.49%  28.3 1035s
 946146 109589   72.00000   44   52   77.00000   72.00000  6.49%  28.4 1040s
 949148 109657 infeasible   46        77.00000   72.00000  6.49%  28.4 1045s
 953075 109766   73.00000   45   33   77.00000   72.00000  6.49%  28.4 1050s
 957101 110019   75.00000   44   24   77.00000   72.00000  6.49%  28.4 1055s
 961258 110230 infeasible   41        77.00000   72.00000  6.49%  28.4 1060s
 964916 110389   72.00000   49   39   77.00000   72.00000  6.49%  28.4 1065s
 968743 110531   76.00000   31   46   77.00000   72.00000  6.49%  28.4 1070s
 973148 110702   74.00000   50   36   77.00000   72.00000  6.49%  28.4 1075s
 977382 110881   72.00000   33   41   77.00000   72.00000  6.49%  28.4 1080s
 981575 111045   75.00000   47   40   77.00000   72.00000  6.49%  28.5 1085s
 984880 111170     cutoff   41        77.00000   72.00000  6.49%  28.5 1090s
 988979 111514   72.00000   41   42   77.00000   72.00000  6.49%  28.5 1095s
 993334 111752   72.00000   32   57   77.00000   72.00000  6.49%  28.5 1100s
 997774 112100   72.00000   60   29   77.00000   72.00000  6.49%  28.5 1105s
 1001792 112226 infeasible   38        77.00000   72.00000  6.49%  28.5 1110s
 1006536 112575 infeasible   54        77.00000   72.00000  6.49%  28.5 1115s
 1010954 112885 infeasible   45        77.00000   72.00000  6.49%  28.5 1120s
 1015151 113205   72.00000   44   52   77.00000   72.00000  6.49%  28.5 1125s
 1019409 113393 infeasible   39        77.00000   72.00000  6.49%  28.5 1130s
 1023608 113501   76.00000   50   23   77.00000   72.00000  6.49%  28.5 1135s
 1028237 113778 infeasible   46        77.00000   72.00000  6.49%  28.5 1140s
 1032472 113958   74.00000   39   46   77.00000   72.00000  6.49%  28.5 1145s
 1036763 114354   72.00000   43   54   77.00000   72.00000  6.49%  28.5 1150s
 1040195 114517   72.00000   44   46   77.00000   72.00000  6.49%  28.6 1155s
 1044237 114623     cutoff   40        77.00000   72.00000  6.49%  28.6 1160s
 1048255 114764   72.00000   45   23   77.00000   72.00000  6.49%  28.6 1165s
 1052548 114939 infeasible   48        77.00000   72.00000  6.49%  28.6 1170s
 1056807 115160 infeasible   41        77.00000   72.00000  6.49%  28.6 1175s
 1060991 115290 infeasible   41        77.00000   72.00000  6.49%  28.6 1180s
 1064790 115492   72.00000   45   62   77.00000   72.00000  6.49%  28.6 1185s
 1069028 115885   72.00000   26   31   77.00000   72.00000  6.49%  28.6 1190s
 1073324 116091   76.25000   46   34   77.00000   72.00000  6.49%  28.7 1195s
 1077344 116394 infeasible   50        77.00000   72.00000  6.49%  28.7 1200s
 1080729 116616   72.00000   52   36   77.00000   72.00000  6.49%  28.7 1205s
 1085058 117032 infeasible   54        77.00000   72.00000  6.49%  28.7 1210s
 1089204 117411   74.00000   43   50   77.00000   72.00000  6.49%  28.7 1215s
 1093865 117621   72.00000   56   28   77.00000   72.00000  6.49%  28.7 1220s
 1098167 117789   72.00000   47   37   77.00000   72.00000  6.49%  28.7 1225s
 1102524 118047   72.00000   45   45   77.00000   72.00000  6.49%  28.7 1230s
 1106600 118308   72.00000   48   31   77.00000   72.00000  6.49%  28.7 1235s
 1110872 118532 infeasible   43        77.00000   72.00000  6.49%  28.7 1240s
 1115243 118893   76.00000   35   36   77.00000   72.00000  6.49%  28.7 1245s
 1119113 119229   72.00000   37   56   77.00000   72.00000  6.49%  28.7 1250s
 1123397 119613 infeasible   37        77.00000   72.00000  6.49%  28.8 1255s
 1127607 119868   72.00000   56   44   77.00000   72.00000  6.49%  28.8 1260s
 1131550 120024 infeasible   32        77.00000   72.00000  6.49%  28.8 1265s
 1135653 120168 infeasible   41        77.00000   72.00000  6.49%  28.8 1270s
 1139816 120324   72.00000   46   26   77.00000   72.00000  6.49%  28.8 1275s
 1143796 120496 infeasible   36        77.00000   72.00000  6.49%  28.8 1280s
 1147742 120643   74.00000   39   36   77.00000   72.00000  6.49%  28.8 1285s
 1152005 120958   72.00000   42   72   77.00000   72.00000  6.49%  28.8 1290s
 1155550 121244 infeasible   49        77.00000   72.00000  6.49%  28.8 1295s
 1159821 121496   72.00000   39   41   77.00000   72.00000  6.49%  28.8 1300s
 1164161 121731   72.00000   35   59   77.00000   72.00000  6.49%  28.8 1305s
 1168588 122073   72.00000   47   39   77.00000   72.00000  6.49%  28.8 1310s
 1172446 122162   72.00000   36   31   77.00000   72.00000  6.49%  28.9 1315s
 1176423 122408   72.00000   53   26   77.00000   72.00000  6.49%  28.9 1320s
 1180596 122705   75.00000   46   37   77.00000   72.00000  6.49%  28.9 1325s
 1184534 122868 infeasible   49        77.00000   72.00000  6.49%  28.9 1330s
 1188739 123166   75.00000   33   23   77.00000   72.00000  6.49%  28.9 1335s
 1192667 123370   72.00000   42   46   77.00000   72.00000  6.49%  28.9 1340s
 1196036 123447   76.00000   38   32   77.00000   72.00000  6.49%  28.9 1345s
 1200051 123587   74.00000   30   40   77.00000   72.00000  6.49%  29.0 1350s
 1204685 123925 infeasible   46        77.00000   72.00000  6.49%  29.0 1355s
 1208248 124050 infeasible   54        77.00000   72.00000  6.49%  29.0 1360s
 1212168 124124   72.00000   27   48   77.00000   72.00000  6.49%  29.0 1365s
 1216480 124294 infeasible   38        77.00000   72.00000  6.49%  29.0 1370s
 1220727 124425 infeasible   45        77.00000   72.00000  6.49%  29.0 1375s
 1225001 124496 infeasible   53        77.00000   72.00000  6.49%  29.0 1380s
 1229317 124535 infeasible   46        77.00000   72.00000  6.49%  29.0 1385s
 1233534 124665 infeasible   44        77.00000   72.00000  6.49%  29.0 1390s
 1237709 124815   75.00000   42   39   77.00000   72.00000  6.49%  29.0 1395s
 1241928 124993 infeasible   47        77.00000   72.00000  6.49%  29.0 1400s
 1245994 125112 infeasible   47        77.00000   72.00000  6.49%  29.0 1405s
 1250170 125301 infeasible   43        77.00000   72.00000  6.49%  29.0 1410s
 1253843 125481   72.00000   47   58   77.00000   72.00000  6.49%  29.1 1415s
 1258121 125658   72.00000   47   59   77.00000   72.00000  6.49%  29.1 1420s
 1262041 125676   72.00000   59   30   77.00000   72.00000  6.49%  29.1 1425s
 1265860 125776 infeasible   58        77.00000   72.00000  6.49%  29.1 1430s
 1269157 125849   72.00000   53   42   77.00000   72.00000  6.49%  29.1 1435s
 1273600 125987   72.00000   39   45   77.00000   72.00000  6.49%  29.1 1440s
 1277909 126122   75.00000   46   32   77.00000   72.00000  6.49%  29.1 1445s
 1282142 126376   74.00000   43   55   77.00000   72.00000  6.49%  29.1 1450s
 1286083 126570 infeasible   40        77.00000   72.00000  6.49%  29.1 1455s
 1290150 126812 infeasible   52        77.00000   72.00000  6.49%  29.1 1460s
 1293984 126878   72.00000   35   69   77.00000   72.00000  6.49%  29.2 1465s
 1297781 126947   76.00000   45   23   77.00000   72.00000  6.49%  29.2 1470s
 1301124 127034 infeasible   48        77.00000   72.00000  6.49%  29.2 1475s
 1305290 127150   75.00000   40   37   77.00000   72.00000  6.49%  29.2 1480s
 1309280 127456 infeasible   48        77.00000   72.00000  6.49%  29.2 1485s
 1313463 127728   72.00000   38   64   77.00000   72.00000  6.49%  29.2 1490s
 1317307 127857   75.00000   42   31   77.00000   72.00000  6.49%  29.2 1495s
 1321292 127916 infeasible   42        77.00000   72.00000  6.49%  29.2 1500s
 1325152 128145 infeasible   55        77.00000   72.00000  6.49%  29.3 1505s
 1328965 128273   72.00000   41   40   77.00000   72.00000  6.49%  29.3 1510s
 1333129 128286 infeasible   43        77.00000   72.00000  6.49%  29.3 1515s
 1337212 128424     cutoff   38        77.00000   72.00000  6.49%  29.3 1520s
 1341092 128480   72.00000   50   54   77.00000   72.00000  6.49%  29.3 1525s
 1345006 128588   72.00000   45   42   77.00000   72.00000  6.49%  29.3 1530s
 1348912 128691   72.00000   53   33   77.00000   72.00000  6.49%  29.3 1535s
 1353057 128917   75.00000   46   35   77.00000   72.00000  6.49%  29.3 1540s
 1357415 128987 infeasible   39        77.00000   72.00000  6.49%  29.3 1545s
 1361250 129036   75.00000   44   47   77.00000   72.00000  6.49%  29.3 1550s
 1364899 129162   76.00000   39   59   77.00000   72.00000  6.49%  29.3 1555s
 1368879 129251 infeasible   45        77.00000   72.00000  6.49%  29.4 1560s
 1372739 129334 infeasible   47        77.00000   72.00000  6.49%  29.4 1565s
 1376618 129527   74.00000   43   38   77.00000   72.00000  6.49%  29.4 1570s
 1381300 129793 infeasible   43        77.00000   72.00000  6.49%  29.4 1575s
 1385489 129959 infeasible   48        77.00000   72.00000  6.49%  29.4 1580s
 1389368 130174 infeasible   37        77.00000   72.00000  6.49%  29.4 1585s
 1393146 130394   72.00000   39   52   77.00000   72.00000  6.49%  29.4 1590s
 1397458 130661   72.00000   43   34   77.00000   72.00000  6.49%  29.4 1595s
 1401177 130719   72.00000   46   50   77.00000   72.00000  6.49%  29.4 1600s
 1404813 130979   72.00000   49   54   77.00000   72.00000  6.49%  29.4 1605s
 1408854 131172 infeasible   41        77.00000   72.00000  6.49%  29.4 1610s
 1413029 131273 infeasible   53        77.00000   72.00000  6.49%  29.4 1615s
 1416843 131378 infeasible   44        77.00000   72.00000  6.49%  29.4 1620s
 1420803 131586   72.00000   39   42   77.00000   72.00000  6.49%  29.4 1625s
 1424703 131750 infeasible   49        77.00000   72.00000  6.49%  29.4 1630s
 1428913 131964 infeasible   49        77.00000   72.00000  6.49%  29.5 1635s
 1433158 132182 infeasible   34        77.00000   72.00000  6.49%  29.5 1640s
 1437438 132380   72.00000   41   47   77.00000   72.00000  6.49%  29.5 1645s
 1441286 132423   72.00000   41   43   77.00000   72.00000  6.49%  29.5 1650s
 1445365 132702   72.00000   42   36   77.00000   72.00000  6.49%  29.5 1655s
 1448913 132805   74.00000   45   36   77.00000   72.00000  6.49%  29.5 1660s
 1453037 132947 infeasible   34        77.00000   72.00000  6.49%  29.5 1665s
 1457304 133156   76.00000   39   46   77.00000   72.00000  6.49%  29.5 1670s
 1461425 133334   72.00000   51   40   77.00000   72.00000  6.49%  29.5 1675s
 1465649 133461 infeasible   47        77.00000   72.00000  6.49%  29.5 1680s
 1470382 133731   72.00000   44   30   77.00000   72.00000  6.49%  29.5 1685s
 1473966 133865   72.00000   39   44   77.00000   72.00000  6.49%  29.5 1690s
 1477885 134024 infeasible   42        77.00000   72.00000  6.49%  29.5 1695s
 1481964 134183 infeasible   48        77.00000   72.00000  6.49%  29.5 1700s
 1486006 134410   74.10000   29   42   77.00000   72.00000  6.49%  29.5 1705s
 1489904 134636 infeasible   60        77.00000   72.00000  6.49%  29.5 1710s
 1493999 134704   72.00000   46   44   77.00000   72.00000  6.49%  29.5 1715s
 1498300 134979   72.00000   41   23   77.00000   72.00000  6.49%  29.6 1720s
 1502326 135216 infeasible   57        77.00000   72.00000  6.49%  29.6 1725s
 1505779 135319   72.00000   38   41   77.00000   72.00000  6.49%  29.6 1730s
 1509778 135480   72.00000   37   67   77.00000   72.00000  6.49%  29.6 1735s
 1514000 135692     cutoff   43        77.00000   72.00000  6.49%  29.6 1740s
 1517650 135940   72.00000   41   73   77.00000   72.00000  6.49%  29.6 1745s
 1521880 136261   72.00000   46   39   77.00000   72.00000  6.49%  29.6 1750s
 1525954 136499   72.00000   32   67   77.00000   72.00000  6.49%  29.6 1755s
 1530003 136685 infeasible   55        77.00000   72.00000  6.49%  29.6 1760s
 1534112 136916   72.00000   47   43   77.00000   72.00000  6.49%  29.6 1765s
 1537700 137061   75.00000   41   31   77.00000   72.00000  6.49%  29.6 1770s
 1541485 137190   72.00000   39   36   77.00000   72.00000  6.49%  29.6 1775s
 1545742 137290 infeasible   48        77.00000   72.00000  6.49%  29.6 1780s
 1549916 137323   72.00000   41   52   77.00000   72.00000  6.49%  29.6 1785s
 1553999 137468   72.00000   40   35   77.00000   72.00000  6.49%  29.6 1790s
 1557836 137629   72.00000   53   63   77.00000   72.00000  6.49%  29.7 1795s

Cutting planes:
  Learned: 3
  Gomory: 56
  Cover: 247
  Implied bound: 141
  Clique: 32
  MIR: 120
  Mixing: 4
  Flow cover: 259
  Inf proof: 151
  Zero half: 5
  RLT: 35
  Relax-and-lift: 13
  PSD: 1

Explored 1561859 nodes (46339444 simplex iterations) in 1800.00 seconds (1740.68 work units)
Thread count was 1 (of 96 available processors)

Solution count 10: 77 77 77 ... 79

Time limit reached
Best objective 7.699999972793e+01, best bound 7.200000000000e+01, gap 6.4935%
WARNING: Loading a SolverResults object with an 'aborted' status, but
    containing a solution

Instance 18_3, formulation tres, reform bigm:
  Rect 0: x = 41.00, y = 2.00
  Rect 1: x = 42.00, y = 6.00
  Rect 2: x = 27.00, y = 12.00
  Rect 3: x = 65.00, y = 10.00
  Rect 4: x = 49.00, y = 12.00
  Rect 5: x = 27.00, y = 3.00
  Rect 6: x = 12.00, y = 11.00
  Rect 7: x = 63.00, y = 10.00
  Rect 8: x = 13.00, y = 12.00
  Rect 9: x = 49.00, y = 8.00
  Rect 10: x = 42.00, y = 12.00
  Rect 11: x = 25.00, y = 12.00
  Rect 12: x = 60.00, y = 6.00
  Rect 13: x = 0.00, y = 11.00
  Rect 14: x = 11.00, y = 12.00
  Rect 15: x = 49.00, y = 10.00
  Rect 16: x = 59.00, y = 12.00
  Rect 17: x = 16.00, y = 11.00
  → saved figures to strip_figures/18_3_tres_bigm.png and strip_figures/18_3_tres_bigm.pdf
Set parameter TokenServer to value "mooring.ecn.purdue.edu"
Read LP format model from file /tmp/tmp4j6on6jh.pyomo.lp
Reading time = 0.01 seconds
x3098: 6292 rows, 3098 columns, 16459 nonzeros
Set parameter TimeLimit to value 1800
Set parameter Threads to value 1
Gurobi Optimizer version 11.0.0 build v11.0.0rc2 (linux64 - "Oracle Linux Server 9.6")

CPU model: AMD EPYC 7643 48-Core Processor, instruction set [SSE2|AVX|AVX2]
Thread count: 48 physical cores, 96 logical processors, using up to 1 threads

Optimize a model with 6292 rows, 3098 columns and 16459 nonzeros
Model fingerprint: 0x32f9daea
Variable types: 2486 continuous, 612 integer (612 binary)
Coefficient statistics:
  Matrix range     [1e+00, 2e+02]
  Objective range  [1e+00, 1e+00]
  Bounds range     [1e+00, 2e+02]
  RHS range        [1e+00, 2e+01]
Presolve removed 3094 rows and 1481 columns
Presolve time: 0.03s
Presolved: 3198 rows, 1617 columns, 8492 nonzeros
Variable types: 1296 continuous, 321 integer (321 binary)
Found heuristic solution: objective 171.0000000
Found heuristic solution: objective 161.0000000
Found heuristic solution: objective 159.0000000

Root relaxation: objective 3.300000e+01, 776 iterations, 0.01 seconds (0.02 work units)

    Nodes    |    Current Node    |     Objective Bounds      |     Work
 Expl Unexpl |  Obj  Depth IntInf | Incumbent    BestBd   Gap | It/Node Time

     0     0   33.00000    0   69  159.00000   33.00000  79.2%     -    0s
H    0     0                     138.0000000   33.00000  76.1%     -    0s
     0     0   33.00000    0  120  138.00000   33.00000  76.1%     -    0s
H    0     0                     127.0000000   33.00000  74.0%     -    0s
     0     0   33.00000    0  112  127.00000   33.00000  74.0%     -    0s
     0     0   33.00000    0  101  127.00000   33.00000  74.0%     -    0s
     0     0   33.00000    0  113  127.00000   33.00000  74.0%     -    0s
     0     0   33.00000    0   89  127.00000   33.00000  74.0%     -    0s
H    0     0                     126.0000000   33.00000  73.8%     -    0s
     0     0   33.00000    0  116  126.00000   33.00000  73.8%     -    0s
     0     0   33.00000    0  116  126.00000   33.00000  73.8%     -    0s
     0     0   33.00000    0   92  126.00000   33.00000  73.8%     -    0s
     0     2   33.00000    0   84  126.00000   33.00000  73.8%     -    0s
H  104    95                     112.0000000   33.00000  70.5%  87.4    1s
H  135   123                     106.0000000   33.00000  68.9%  73.0    1s
H  577   456                     105.0000000   33.94458  67.7%  49.6    3s
   589   464  100.00000   60  147  105.00000   35.24985  66.4%  48.6    5s
H  593   443                     104.0000000   38.75065  62.7%  48.3    5s
   633   471   88.00000   64   48  104.00000   44.85956  56.9%   225   10s
H  731   512                     103.0000000   44.89613  56.4%   233   12s
H  758   507                     102.0000000   44.89613  56.0%   225   12s
H  785   503                      99.0000000   44.89613  54.7%   218   12s
H  858   518                      97.0000000   44.95753  53.7%   205   13s
H  920   534                      93.0000000   44.95753  51.7%   193   13s
*  960   521             107      87.0000000   44.95753  48.3%   186   13s
  1271   670   82.00000   70   44   87.00000   45.00000  48.3%   157   15s
* 2336  1317              95      86.0000000   53.00000  38.4%   107   18s
* 2604  1434              99      85.0000000   53.00000  37.6%   102   18s
H 3221  1881                      85.0000000   53.00000  37.6%  90.6   20s
* 3480  1965              93      84.0000000   54.00000  35.7%  87.8   20s
  5532  3297 infeasible   40        84.00000   56.00000  33.3%  71.6   25s
  7628  4663   72.00000   45   81   84.00000   56.00000  33.3%  66.5   30s
* 8797  5402              80      84.0000000   56.00000  33.3%  65.5   33s
  9512  5871   73.00000   46   87   84.00000   56.00000  33.3%  64.4   35s
*10175  5981              77      83.0000000   56.00000  32.5%  64.0   36s
 10202  6000   82.00000   59    8   83.00000   56.00000  32.5%  63.9   43s
H10510  6192                      83.0000000   57.00000  31.3%  63.7   44s
 10861  6398   71.00000   37   59   83.00000   57.76190  30.4%  63.1   45s
*12192  6864              96      82.0000000   59.00000  28.0%  61.6   47s
 13163  7468   74.00000   61   40   82.00000   61.00000  25.6%  60.8   50s
H13490  7321                      81.0000000   61.00000  24.7%  60.4   50s
H13690  7086                      80.0000000   61.00000  23.8%  60.3   51s
 14715  7551   77.00000   38   55   80.00000   63.00000  21.2%  61.2   55s
*16582  8130              83      79.0000000   65.00000  17.7%  60.4   59s
 16946  8329   69.00000   47   58   79.00000   65.00000  17.7%  60.2   60s
 19106  9498   65.00000   38   62   79.00000   65.00000  17.7%  59.8   65s
 21504 10761 infeasible   74        79.00000   65.00000  17.7%  58.6   70s
 24344 12071   65.00000   68   51   79.00000   65.00000  17.7%  56.4   75s
 26915 13337 infeasible   51        79.00000   65.00000  17.7%  55.2   80s
 28949 14392   70.00000   46   55   79.00000   65.00000  17.7%  55.5   85s
H29006 14418                      79.0000000   65.00000  17.7%  55.5   85s
 30985 15575   77.00000   67   32   79.00000   65.00000  17.7%  55.2   90s
 33504 16736   78.00000   79   10   79.00000   65.00000  17.7%  54.4   95s
 35659 17777   68.00000   48   40   79.00000   65.00000  17.7%  54.5  100s
 37865 18780   78.00000   58   32   79.00000   65.00000  17.7%  54.4  105s
 40026 19529 infeasible   53        79.00000   65.00000  17.7%  54.5  110s
 42282 20553   74.00000   73   42   79.00000   65.00000  17.7%  54.4  115s
 44344 21104 infeasible   65        79.00000   65.00000  17.7%  54.5  120s
 46430 21740 infeasible   65        79.00000   65.00000  17.7%  54.6  125s
 49650 23463   72.00000   62   52   79.00000   65.00000  17.7%  53.4  130s
 52235 24716 infeasible   54        79.00000   65.00000  17.7%  53.0  135s
 54672 25922 infeasible   72        79.00000   65.00000  17.7%  52.7  140s
 57744 27570   76.00000   80   22   79.00000   65.00000  17.7%  51.7  145s
 60650 28839   78.00000   60   23   79.00000   65.00000  17.7%  51.1  150s
 63341 30347   65.00000   59   53   79.00000   65.00000  17.7%  50.8  155s
 65374 31307   74.08333   62   32   79.00000   65.00000  17.7%  50.6  160s
 67829 32329 infeasible   64        79.00000   65.00000  17.7%  50.2  165s
 70550 33592   65.00000   51   51   79.00000   65.00000  17.7%  49.9  170s
 72959 34797   67.00000   38   68   79.00000   65.00000  17.7%  49.7  175s
 75274 35988   73.00000   75   45   79.00000   65.00000  17.7%  49.7  180s
 77652 36977   70.00000   63   47   79.00000   65.00000  17.7%  49.6  185s
 80640 38390   72.00000   72   34   79.00000   65.00000  17.7%  49.2  190s
 83138 39353   72.00000   57   49   79.00000   65.00000  17.7%  49.0  195s
 85650 40068   70.00000   81   29   79.00000   65.00000  17.7%  48.8  200s
 88566 40983 infeasible   71        79.00000   65.00000  17.7%  48.3  205s
 91188 42189   66.00000   57   51   79.00000   65.00000  17.7%  48.1  210s
 94662 44164   74.30769   55   44   79.00000   65.00000  17.7%  47.5  215s
 97316 45642 infeasible   69        79.00000   65.00000  17.7%  47.2  220s
 99893 46641   65.00000   67   41   79.00000   65.00000  17.7%  47.1  225s
 102677 47793 infeasible   69        79.00000   65.00000  17.7%  46.9  230s
 104779 48437 infeasible   74        79.00000   65.00000  17.7%  47.0  235s
 107157 49561   77.00000   72   22   79.00000   65.00000  17.7%  47.1  240s
 109306 50677   71.00000   62   44   79.00000   65.00000  17.7%  47.2  245s
 111458 51737   73.00000   42   71   79.00000   65.00000  17.7%  47.4  250s
 113860 52803   67.00000   60   47   79.00000   65.00000  17.7%  47.3  255s
 115857 53489 infeasible   58        79.00000   65.00000  17.7%  47.4  260s
 118089 54521   71.00000   68   38   79.00000   65.00000  17.7%  47.6  265s
 120507 55595   78.00000   92   16   79.00000   65.00000  17.7%  47.5  270s
 123075 56889   68.00000   57   47   79.00000   65.00000  17.7%  47.4  275s
 125490 58138   78.00000   52   76   79.00000   65.00000  17.7%  47.4  280s
 128056 59311 infeasible   46        79.00000   65.00000  17.7%  47.3  285s
 130569 60484   73.00000   67   28   79.00000   65.00000  17.7%  47.2  290s
 134032 61679   65.00000   66   35   79.00000   65.00000  17.7%  46.7  295s
 136878 62741   72.00000   63   30   79.00000   65.00000  17.7%  46.2  300s
 139063 63516   78.00000   66   12   79.00000   65.00000  17.7%  46.3  305s
 141179 64442 infeasible   82        79.00000   65.00000  17.7%  46.4  310s
 143292 65411 infeasible   56        79.00000   65.00000  17.7%  46.5  315s
 145706 66576   70.00000   70   69   79.00000   65.00000  17.7%  46.5  320s
 148109 67757   75.00000   71   33   79.00000   65.00000  17.7%  46.5  325s
 150532 69105     cutoff   70        79.00000   65.00000  17.7%  46.5  330s
 152544 69879   78.00000   95    7   79.00000   65.00000  17.7%  46.7  335s
 154507 70728   75.00000   67   43   79.00000   65.00000  17.7%  46.7  340s
 157002 72094 infeasible   63        79.00000   65.00000  17.7%  46.7  345s
 159870 73614   76.00000   61   40   79.00000   65.00000  17.7%  46.5  350s
 163534 75199   65.00000   80   56   79.00000   65.00000  17.7%  46.1  355s
*164213 68095              99      78.0000000   65.00000  16.7%  46.0  356s
 166263 68920   67.00000   66   35   78.00000   65.00000  16.7%  45.8  360s
 169053 70209 infeasible   55        78.00000   65.00000  16.7%  45.7  365s
 171012 70903 infeasible   62        78.00000   65.00000  16.7%  45.8  370s
 173359 71766   74.00000   78   40   78.00000   65.00000  16.7%  45.8  375s
 175958 72687   71.00000   79   42   78.00000   65.00000  16.7%  45.7  380s
H176572 72874                      78.0000000   65.00000  16.7%  45.7  381s
 178010 73386 infeasible   77        78.00000   65.00000  16.7%  45.7  385s
 180671 74289   68.00000   75   51   78.00000   65.00000  16.7%  45.6  390s
 183020 75161 infeasible   69        78.00000   65.00000  16.7%  45.6  395s
 185602 76127 infeasible   78        78.00000   65.00000  16.7%  45.6  400s
 187983 76973   73.00000   76   46   78.00000   65.00000  16.7%  45.6  405s
 190604 78095 infeasible   87        78.00000   65.00000  16.7%  45.5  410s
 193293 79066   71.00000   75   39   78.00000   65.00000  16.7%  45.4  415s
 195791 79937   66.00000   84   44   78.00000   65.00000  16.7%  45.4  420s
 198243 80672   72.00000   80   44   78.00000   65.00000  16.7%  45.3  425s
 200892 81537 infeasible   79        78.00000   65.00000  16.7%  45.2  430s
 203423 82376   70.00000   78   47   78.00000   65.00000  16.7%  45.1  435s
 206159 83516   70.00000   55   66   78.00000   65.00000  16.7%  45.0  440s
 208175 84284   69.00000   85   45   78.00000   65.00000  16.7%  45.1  445s
 210524 85163 infeasible   75        78.00000   65.00000  16.7%  45.2  450s
 212756 86149 infeasible   77        78.00000   65.00000  16.7%  45.2  455s
 214970 86844   74.00000   74   42   78.00000   65.00000  16.7%  45.3  460s
 217079 87755 infeasible   78        78.00000   65.00000  16.7%  45.3  465s
 219218 88482   72.00000   81   53   78.00000   65.00000  16.7%  45.3  470s
 221591 89029   69.72222   79   28   78.00000   65.00000  16.7%  45.3  475s
 223706 89645   65.00000   76   53   78.00000   65.00000  16.7%  45.3  480s
 226006 90531   76.00000   77   10   78.00000   65.00000  16.7%  45.3  485s
 229667 92097   76.00000   79   12   78.00000   65.00000  16.7%  45.0  490s
 232740 93470   72.00000   48   49   78.00000   65.00000  16.7%  44.8  495s
 235775 94715 infeasible   74        78.00000   65.00000  16.7%  44.6  500s
 238947 95982   69.00000   76   41   78.00000   65.00000  16.7%  44.4  505s
 242164 97516   73.00000   60   61   78.00000   65.00000  16.7%  44.3  510s
 244447 98583 infeasible   57        78.00000   65.00000  16.7%  44.3  515s
 247193 100057   73.00000   64   71   78.00000   65.00000  16.7%  44.3  520s
 249206 100967   73.00000   49   63   78.00000   65.00000  16.7%  44.4  525s
 251948 102153 infeasible   63        78.00000   65.00000  16.7%  44.3  530s
 254369 103214 infeasible   64        78.00000   65.00000  16.7%  44.4  535s
 257008 104401   76.00000   53   49   78.00000   65.00000  16.7%  44.3  540s
 259412 105491   65.00000   57   68   78.00000   65.00000  16.7%  44.4  545s
 262014 106736   65.00000   68   42   78.00000   65.00000  16.7%  44.4  550s
 264383 107658   68.00000   69   66   78.00000   65.00000  16.7%  44.3  555s
 266859 108735   76.00000   78   45   78.00000   65.00000  16.7%  44.4  560s
 268815 109628   66.96000   49   47   78.00000   65.00000  16.7%  44.4  565s
 270753 110459   77.00000   64   48   78.00000   65.00000  16.7%  44.6  570s
 272844 111260 infeasible   70        78.00000   65.00000  16.7%  44.7  575s
 274411 111997 infeasible   57        78.00000   65.00000  16.7%  44.7  580s
 276585 112876   65.00000   56   52   78.00000   65.00000  16.7%  44.8  585s
 278858 113854   69.00000   63   63   78.00000   65.00000  16.7%  44.8  590s
 281256 114777   77.00000   93   26   78.00000   65.00000  16.7%  44.8  595s
 284085 115903 infeasible   64        78.00000   65.00000  16.7%  44.7  600s
 286849 117088   71.00000   58   33   78.00000   65.00000  16.7%  44.7  605s
 290184 118304   68.00000   52   49   78.00000   65.00000  16.7%  44.5  610s
 293546 119444   72.00000   48   24   78.00000   65.00000  16.7%  44.4  615s
 296871 120688 infeasible   73        78.00000   65.00000  16.7%  44.2  620s
 300138 122022 infeasible   68        78.00000   65.00000  16.7%  44.0  625s
 303810 123239   68.00000   63   55   78.00000   65.00000  16.7%  43.8  630s
 307199 124623   72.00000   67   26   78.00000   65.00000  16.7%  43.6  635s
 310530 125719   71.00000   60   36   78.00000   65.00000  16.7%  43.5  640s
 313923 126923   72.00000   58   27   78.00000   65.00000  16.7%  43.3  645s
 317387 128322   65.00000   62   44   78.00000   65.00000  16.7%  43.1  650s
 320570 129413 infeasible   57        78.00000   65.00000  16.7%  43.0  655s
 324093 130825 infeasible   59        78.00000   65.00000  16.7%  42.8  660s
 327517 132283   68.00000   62   37   78.00000   65.00000  16.7%  42.7  665s
 330129 133267     cutoff   69        78.00000   65.00000  16.7%  42.7  670s
 332461 134376 infeasible   78        78.00000   65.00000  16.7%  42.7  675s
 334884 135406   65.00000   55   50   78.00000   65.00000  16.7%  42.7  680s
 337658 136805 infeasible   69        78.00000   65.00000  16.7%  42.7  685s
 339608 137726   75.00000   60   66   78.00000   65.00000  16.7%  42.8  690s
 341767 138675   69.00000   79   62   78.00000   65.00000  16.7%  42.9  695s
 344000 139686   70.00000   77   63   78.00000   65.00000  16.7%  42.9  700s
 345999 140446   73.00000   77   42   78.00000   65.00000  16.7%  43.0  705s
 348458 141300 infeasible   88        78.00000   65.00000  16.7%  42.9  710s
 351315 142688   68.00000   63   45   78.00000   65.00000  16.7%  42.9  715s
 354023 143887   72.00000   50   45   78.00000   65.00000  16.7%  42.9  720s
 356118 144880   73.00000   74   40   78.00000   65.00000  16.7%  42.9  725s
 358710 146044   65.00000   51   56   78.00000   65.00000  16.7%  42.9  730s
 361130 146937   65.00000   54   74   78.00000   65.00000  16.7%  43.0  735s
 363727 147889 infeasible   60        78.00000   65.00000  16.7%  43.0  740s
 365539 148525 infeasible   64        78.00000   65.00000  16.7%  43.0  745s
 367894 149432 infeasible   72        78.00000   65.00000  16.7%  43.1  750s
 369945 150216   72.00000   59   34   78.00000   65.00000  16.7%  43.1  755s
 371866 150846 infeasible   78        78.00000   65.00000  16.7%  43.2  760s
 374052 151646 infeasible   58        78.00000   65.00000  16.7%  43.2  765s
 375810 152129   74.00000   69   48   78.00000   65.00000  16.7%  43.3  770s
 378177 153034 infeasible   70        78.00000   65.00000  16.7%  43.3  775s
 380692 154111 infeasible   60        78.00000   65.00000  16.7%  43.3  780s
 383059 155010   66.00000   53   73   78.00000   65.00000  16.7%  43.3  785s
 385353 155911 infeasible   75        78.00000   65.00000  16.7%  43.3  790s
 388300 156887   75.00000   72   34   78.00000   65.00000  16.7%  43.2  795s
 390938 157753 infeasible   73        78.00000   65.00000  16.7%  43.2  800s
 393905 158582   72.00000   67   44   78.00000   65.00000  16.7%  43.1  805s
 396941 159678   74.00000   59   30   78.00000   65.00000  16.7%  43.0  810s
 400044 160847   68.00000   62   53   78.00000   65.00000  16.7%  43.0  815s
 402609 161605   70.00000   71   45   78.00000   65.00000  16.7%  42.9  820s
 405115 162685   70.00000   43   61   78.00000   65.00000  16.7%  42.9  825s
 407389 163559   65.00000   63   60   78.00000   65.00000  16.7%  42.9  830s
 410186 164701   77.00000   78   29   78.00000   65.00000  16.7%  42.9  835s
 412021 165483   65.00000   70   40   78.00000   65.00000  16.7%  43.0  840s
 414117 166359   70.00000   48   60   78.00000   65.00000  16.7%  43.0  845s
 417192 167594   71.00000   71   27   78.00000   65.00000  16.7%  43.0  850s
 420581 168710   66.00000   60   51   78.00000   65.00000  16.7%  42.9  855s
 423422 169536   70.00000   43   58   78.00000   65.00000  16.7%  42.8  860s
 425511 170581   70.00000   50   48   78.00000   65.00000  16.7%  42.8  865s
 428053 171753   72.00000   61   46   78.00000   65.00000  16.7%  42.9  870s
 430593 172783 infeasible   50        78.00000   65.00000  16.7%  42.9  875s
 433202 173924   68.00000   55   45   78.00000   65.00000  16.7%  42.8  880s
 435567 174725 infeasible   74        78.00000   65.00000  16.7%  42.8  885s
 438071 175722   65.00000   50   52   78.00000   65.00000  16.7%  42.8  890s
 440944 177032 infeasible   47        78.00000   65.00000  16.7%  42.8  895s
 443563 178008   71.00000   68   27   78.00000   65.00000  16.7%  42.8  900s
 447236 179424 infeasible   65        78.00000   65.00000  16.7%  42.6  905s
 450608 180630   65.00000   75   48   78.00000   65.00000  16.7%  42.5  910s
 452369 181228 infeasible   69        78.00000   65.00000  16.7%  42.5  915s
 454747 182124   72.00000   65   45   78.00000   65.00000  16.7%  42.6  920s
 457457 183192   65.00000   46   58   78.00000   65.00000  16.7%  42.6  925s
 459876 184366   75.00000   62   40   78.00000   65.00000  16.7%  42.6  930s
 462181 185306   66.00000   63   56   78.00000   65.00000  16.7%  42.6  935s
 464505 186201   68.00000   47   61   78.00000   65.00000  16.7%  42.6  940s
 467245 187424   72.00000   70   26   78.00000   65.00000  16.7%  42.6  945s
 470702 188811   76.00000   77   35   78.00000   65.00000  16.7%  42.5  950s
 473512 189835   65.00000   58   48   78.00000   65.00000  16.7%  42.5  955s
 476380 190908   73.00000   69   37   78.00000   65.00000  16.7%  42.4  960s
 479669 192181 infeasible   69        78.00000   65.00000  16.7%  42.3  965s
 482610 193246 infeasible   68        78.00000   65.00000  16.7%  42.3  970s
 485317 194529   66.00000   56   57   78.00000   65.00000  16.7%  42.3  975s
 487101 195389   67.00000   57   67   78.00000   65.00000  16.7%  42.4  980s
 489171 196363   68.00000   42   75   78.00000   65.00000  16.7%  42.4  985s
 492266 197789   76.00000   59   50   78.00000   65.00000  16.7%  42.4  990s
 496287 199534 infeasible   71        78.00000   65.00000  16.7%  42.2  995s
 499749 201026   74.00000   73   18   78.00000   65.00000  16.7%  42.2 1000s
 503326 202575 infeasible   70        78.00000   65.00000  16.7%  42.1 1005s
 506551 203809   77.00000   86   16   78.00000   65.00000  16.7%  42.0 1010s
 508395 204595   76.00000   72   22   78.00000   65.00000  16.7%  42.0 1015s
 510285 205334   77.00000   69   27   78.00000   65.00000  16.7%  42.1 1020s
 512449 206316 infeasible   64        78.00000   65.00000  16.7%  42.2 1025s
 514455 207098 infeasible   59        78.00000   65.00000  16.7%  42.2 1030s
 516560 207974 infeasible   55        78.00000   65.00000  16.7%  42.3 1035s
 518687 208928 infeasible   54        78.00000   65.00000  16.7%  42.3 1040s
 520812 209776   66.00000   66   56   78.00000   65.00000  16.7%  42.4 1045s
 522543 210317 infeasible   63        78.00000   65.00000  16.7%  42.4 1050s
 524489 211002   65.00000   56   59   78.00000   65.00000  16.7%  42.5 1055s
 526254 211635   72.00000   73   39   78.00000   65.00000  16.7%  42.6 1060s
 528302 212369   72.00000   69   43   78.00000   65.00000  16.7%  42.6 1065s
 530251 213178 infeasible   81        78.00000   65.00000  16.7%  42.6 1070s
 532182 213913 infeasible   69        78.00000   65.00000  16.7%  42.7 1075s
 533893 214536 infeasible   66        78.00000   65.00000  16.7%  42.7 1080s
 535917 215400   73.00000   66   40   78.00000   65.00000  16.7%  42.8 1085s
 538332 216519   75.00000   49   65   78.00000   65.00000  16.7%  42.8 1090s
 540475 217436   77.00000   58   26   78.00000   65.00000  16.7%  42.8 1095s
 542921 218389   75.00000   59   31   78.00000   65.00000  16.7%  42.8 1100s
 545069 219332   75.00000   66   65   78.00000   65.00000  16.7%  42.9 1105s
 546946 220037   70.00000   66   55   78.00000   65.00000  16.7%  42.9 1110s
 548924 220899 infeasible   72        78.00000   65.00000  16.7%  43.0 1115s
 550553 221357   65.00000   31   77   78.00000   65.00000  16.7%  43.0 1120s
 553269 222618   76.00000   48   42   78.00000   65.00000  16.7%  43.0 1125s
 556018 223853 infeasible   68        78.00000   65.00000  16.7%  43.0 1130s
 558772 224875   74.08333   68   15   78.00000   65.00000  16.7%  43.0 1135s
 561315 225969 infeasible   68        78.00000   65.00000  16.7%  43.0 1140s
 563907 226986   77.00000   69   33   78.00000   65.00000  16.7%  43.0 1145s
 565973 227925   77.00000   57   37   78.00000   65.00000  16.7%  43.0 1150s
 568597 229046 infeasible   85        78.00000   65.00000  16.7%  43.0 1155s
 571564 230245 infeasible   67        78.00000   65.00000  16.7%  43.0 1160s
 574354 231356   73.00000   54   40   78.00000   65.00000  16.7%  42.9 1165s
 577048 232319 infeasible   83        78.00000   65.00000  16.7%  42.9 1170s
 579677 233072 infeasible   57        78.00000   65.00000  16.7%  42.9 1175s
 582216 234051   72.00000   67   50   78.00000   65.00000  16.7%  42.9 1180s
 584861 235082   72.00000   56   36   78.00000   65.00000  16.7%  42.9 1185s
 587117 235759 infeasible   70        78.00000   65.00000  16.7%  42.9 1190s
 590233 236885 infeasible   61        78.00000   65.00000  16.7%  42.8 1195s
 593072 237959   65.00000   55   70   78.00000   65.00000  16.7%  42.8 1200s
 596066 239122   75.00000   65   18   78.00000   65.00000  16.7%  42.8 1205s
 598490 239806   75.00000   67   47   78.00000   65.00000  16.7%  42.8 1210s
 601271 240887   75.00000   58   47   78.00000   65.00000  16.7%  42.8 1215s
 603645 241811   69.00000   78   47   78.00000   65.00000  16.7%  42.8 1220s
 606337 242863   65.00000   48   48   78.00000   65.00000  16.7%  42.7 1225s
 609418 244159   73.00000   60   55   78.00000   65.00000  16.7%  42.7 1230s
 611724 245035 infeasible   70        78.00000   65.00000  16.7%  42.7 1235s
 614204 245976   65.00000   47   68   78.00000   65.00000  16.7%  42.7 1240s
 616989 247184 infeasible   69        78.00000   65.00000  16.7%  42.7 1245s
 619239 248086   65.00000   54   43   78.00000   65.00000  16.7%  42.7 1250s
 621943 249171   69.00000   65   24   78.00000   65.00000  16.7%  42.7 1255s
 624860 250394 infeasible   67        78.00000   65.00000  16.7%  42.7 1260s
 627743 251578   70.00000   61   47   78.00000   65.00000  16.7%  42.6 1265s
 630803 252722 infeasible   73        78.00000   65.00000  16.7%  42.6 1270s
 633687 253770   74.00000   74   37   78.00000   65.00000  16.7%  42.6 1275s
 636303 254709 infeasible   55        78.00000   65.00000  16.7%  42.6 1280s
 639163 255865   76.00000   81   24   78.00000   65.00000  16.7%  42.5 1285s
 642088 256848 infeasible   73        78.00000   65.00000  16.7%  42.5 1290s
 644720 257868 infeasible   67        78.00000   65.00000  16.7%  42.5 1295s
 647214 258867   65.00000   56   68   78.00000   65.00000  16.7%  42.5 1300s
 649695 260202   77.00000   58   52   78.00000   65.00000  16.7%  42.5 1305s
 652616 261365   68.00000   74   39   78.00000   65.00000  16.7%  42.5 1310s
 655634 262431   73.00000   62   61   78.00000   65.00000  16.7%  42.5 1315s
 658925 263731 infeasible   76        78.00000   65.00000  16.7%  42.4 1320s
 661491 264755   68.00000   57   46   78.00000   65.00000  16.7%  42.4 1325s
 664687 266088   77.00000   68   47   78.00000   65.00000  16.7%  42.4 1330s
 667454 267316   68.00000   55   66   78.00000   65.00000  16.7%  42.4 1335s
 669469 268301   71.00000   46   66   78.00000   65.00000  16.7%  42.4 1340s
 671830 269460 infeasible   65        78.00000   65.00000  16.7%  42.4 1345s
 675125 270589 infeasible   67        78.00000   65.00000  16.7%  42.4 1350s
 678507 271857 infeasible   65        78.00000   65.00000  16.7%  42.3 1355s
 680866 272658 infeasible   69        78.00000   65.00000  16.7%  42.3 1360s
 682878 273505   70.00000   48   77   78.00000   65.00000  16.7%  42.3 1365s
 684725 274019 infeasible   77        78.00000   65.00000  16.7%  42.4 1370s
 686342 274761   69.00000   80   61   78.00000   65.00000  16.7%  42.4 1375s
 688391 275559   65.00000   49   87   78.00000   65.00000  16.7%  42.5 1380s
*689006 258862              83      77.0000000   65.00000  15.6%  42.5 1381s
H690006 259360                      77.0000000   65.00000  15.6%  42.5 1384s
 690192 259431 infeasible   61        77.00000   65.00000  15.6%  42.5 1385s
 692632 260144   70.00000   69   31   77.00000   65.00000  15.6%  42.5 1390s
 695070 260789   65.00000   66   48   77.00000   65.00000  15.6%  42.5 1395s
 697454 261659 infeasible   79        77.00000   65.00000  15.6%  42.5 1400s
 699839 262722   73.00000   69   36   77.00000   65.00000  15.6%  42.5 1405s
 702157 263586 infeasible   83        77.00000   65.00000  15.6%  42.6 1410s
 704271 264271   70.00000   61   55   77.00000   65.00000  15.6%  42.6 1415s
 706438 264924   65.00000   51   54   77.00000   65.00000  15.6%  42.6 1420s
 708414 265356   75.00000   48   54   77.00000   65.00000  15.6%  42.6 1425s
 710760 266384   73.00000   60   28   77.00000   65.00000  15.6%  42.7 1430s
 712963 267244   72.00000   54   33   77.00000   65.00000  15.6%  42.7 1435s
 715574 268167   72.00000   65   23   77.00000   65.00000  15.6%  42.7 1440s
 718872 269030   73.00000   62   37   77.00000   65.00000  15.6%  42.6 1445s
 721503 270014   70.00000   57   37   77.00000   65.00000  15.6%  42.6 1450s
 723341 270573   66.00000   56   60   77.00000   65.00000  15.6%  42.6 1455s
 726018 271623 infeasible   73        77.00000   65.00000  15.6%  42.6 1460s
 728598 272656   70.00000   56   59   77.00000   65.00000  15.6%  42.6 1465s
 730851 273457   72.00000   47   76   77.00000   65.00000  15.6%  42.6 1470s
 732952 274261   75.00000   58   50   77.00000   65.00000  15.6%  42.6 1475s
 734510 274740   65.00000   69   59   77.00000   65.00000  15.6%  42.7 1480s
 736494 275208   65.00000   79   53   77.00000   65.00000  15.6%  42.7 1485s
 738979 276099   65.00000   55   79   77.00000   65.00000  15.6%  42.7 1490s
 741215 276894   66.47059   58   46   77.00000   65.00000  15.6%  42.7 1495s
 743572 277928   73.00000   58   35   77.00000   65.00000  15.6%  42.8 1500s
 746193 279073 infeasible   68        77.00000   65.00000  15.6%  42.7 1505s
 748024 279745   67.00000   64   42   77.00000   65.00000  15.6%  42.8 1510s
 749997 280342   74.00000   51   59   77.00000   65.00000  15.6%  42.8 1515s
 752285 281296   76.00000   57   47   77.00000   65.00000  15.6%  42.9 1520s
 754350 282255   75.00000   82   17   77.00000   65.00000  15.6%  42.9 1525s
 756260 282905   71.00000   58   30   77.00000   65.00000  15.6%  42.9 1530s
 758425 283603   70.00000   58   46   77.00000   65.00000  15.6%  42.9 1535s
 760680 284488   68.00000   52   45   77.00000   65.00000  15.6%  42.9 1540s
 762980 285327   68.00000   60   40   77.00000   65.00000  15.6%  42.9 1545s
 765761 286407 infeasible   51        77.00000   65.00000  15.6%  42.9 1550s
 768760 287395   65.00000   58   55   77.00000   65.00000  15.6%  42.9 1555s
 771666 288171   74.00000   60   46   77.00000   65.00000  15.6%  42.9 1560s
 774280 288861 infeasible   62        77.00000   65.00000  15.6%  42.9 1565s
 776673 289510 infeasible   64        77.00000   65.00000  15.6%  42.9 1570s
 779157 290181 infeasible   63        77.00000   65.00000  15.6%  42.9 1575s
 782069 291026 infeasible   70        77.00000   65.00000  15.6%  42.8 1580s
 784439 291688   71.00000   70   29   77.00000   65.00000  15.6%  42.9 1585s
 786887 292454   75.00000   63   13   77.00000   65.00000  15.6%  42.9 1590s
 789166 293212 infeasible   66        77.00000   65.00000  15.6%  42.9 1595s
 791623 293930   72.00000   53   64   77.00000   65.00000  15.6%  42.9 1600s
 794011 294523 infeasible   65        77.00000   65.00000  15.6%  42.9 1605s
 796675 295234   75.00000   65   40   77.00000   65.00000  15.6%  42.8 1610s
 799322 296014   68.00000   52   50   77.00000   65.00000  15.6%  42.8 1615s
 801800 296842   65.00000   57   34   77.00000   65.00000  15.6%  42.8 1620s
 804376 297499   70.00000   75   20   77.00000   65.00000  15.6%  42.8 1625s
 807060 298184   71.00000   64   16   77.00000   65.00000  15.6%  42.8 1630s
 809076 298559 infeasible   64        77.00000   65.00000  15.6%  42.8 1635s
 811201 298947 infeasible   64        77.00000   65.00000  15.6%  42.9 1640s
 813233 299288   69.00000   64   67   77.00000   65.00000  15.6%  42.9 1645s
 815348 299687   68.00000   49   86   77.00000   65.00000  15.6%  42.9 1650s
 817893 300451 infeasible   66        77.00000   65.00000  15.6%  42.9 1655s
 820279 301020   65.00000   65   40   77.00000   65.00000  15.6%  42.9 1660s
 822768 301848   65.00000   60   62   77.00000   65.00000  15.6%  42.9 1665s
 824966 302556   74.00000   78   26   77.00000   65.00000  15.6%  42.9 1670s
 827164 303200   68.00000   60   48   77.00000   65.00000  15.6%  42.9 1675s
 829654 303893   70.00000   61   36   77.00000   65.00000  15.6%  42.9 1680s
 832430 304988   75.00000   63   25   77.00000   65.00000  15.6%  42.9 1685s
 834936 305786   70.00000   65   28   77.00000   65.00000  15.6%  42.9 1690s
 837714 306554   65.00000   56   46   77.00000   65.00000  15.6%  42.8 1695s
 840418 307295   65.00000   62   43   77.00000   65.00000  15.6%  42.8 1700s
 843033 308098   65.00000   50   65   77.00000   65.00000  15.6%  42.8 1705s
 845991 308908 infeasible   62        77.00000   65.00000  15.6%  42.8 1710s
 848445 309644   68.00000   69   37   77.00000   65.00000  15.6%  42.8 1715s
 851178 310481   71.00000   65   19   77.00000   65.00000  15.6%  42.8 1720s
 853365 311142 infeasible   59        77.00000   65.00000  15.6%  42.8 1725s
 855739 311954   75.07692   66   27   77.00000   65.00000  15.6%  42.8 1730s
 858082 312575   66.00000   63   60   77.00000   65.00000  15.6%  42.8 1735s
 859899 313133   65.00000   57   50   77.00000   65.00000  15.6%  42.8 1740s
 862027 313771 infeasible   56        77.00000   65.00000  15.6%  42.8 1745s
 864684 314603   68.00000   57   37   77.00000   65.00000  15.6%  42.8 1750s
 867057 315101   68.00000   59   77   77.00000   65.00000  15.6%  42.8 1755s
 869900 315917   72.07692   55   37   77.00000   65.00000  15.6%  42.8 1760s
 872417 316566 infeasible   56        77.00000   65.00000  15.6%  42.8 1765s
 875413 317363   68.00000   56   38   77.00000   65.00000  15.6%  42.7 1770s
 878324 317871   65.00000   58   37   77.00000   65.00000  15.6%  42.7 1775s
 881040 318454 infeasible   57        77.00000   65.00000  15.6%  42.7 1780s
 884048 319086   65.00000   53   47   77.00000   65.00000  15.6%  42.7 1785s
 886631 319794   70.07692   60   52   77.00000   65.00000  15.6%  42.6 1790s
 888890 320370   65.00000   51   44   77.00000   65.00000  15.6%  42.7 1795s

Cutting planes:
  Gomory: 1
  Cover: 10
  Implied bound: 7
  MIR: 21
  Flow cover: 103
  RLT: 55
  Relax-and-lift: 8

Explored 891285 nodes (38028388 simplex iterations) in 1800.00 seconds (1551.48 work units)
Thread count was 1 (of 96 available processors)

Solution count 10: 77 77 78 ... 83

Time limit reached
Best objective 7.699999999220e+01, best bound 6.500000000000e+01, gap 15.5844%
WARNING: Loading a SolverResults object with an 'aborted' status, but
    containing a solution

Instance 18_3, formulation tres, reform hull:
  Rect 0: x = 5.00, y = 12.00
  Rect 1: x = 5.00, y = 10.00
  Rect 2: x = 35.00, y = 9.00
  Rect 3: x = 23.00, y = 12.00
  Rect 4: x = 25.00, y = 2.00
  Rect 5: x = 35.00, y = 12.00
  Rect 6: x = 53.00, y = 11.00
  Rect 7: x = 22.00, y = 6.00
  Rect 8: x = 50.00, y = 12.00
  Rect 9: x = 7.00, y = 6.00
  Rect 10: x = 0.00, y = 5.00
  Rect 11: x = 55.00, y = 12.00
  Rect 12: x = 0.00, y = 12.00
  Rect 13: x = 66.00, y = 11.00
  Rect 14: x = 54.00, y = 12.00
  Rect 15: x = 7.00, y = 4.00
  Rect 16: x = 7.00, y = 2.00
  Rect 17: x = 57.00, y = 11.00
  → saved figures to strip_figures/18_3_tres_hull.png and strip_figures/18_3_tres_hull.pdf
Set parameter TokenServer to value "mooring.ecn.purdue.edu"
Read LP format model from file /tmp/tmpilvc7l1c.pyomo.lp
Reading time = 0.00 seconds
x650: 784 rows, 650 columns, 4168 nonzeros
Set parameter TimeLimit to value 1800
Set parameter Threads to value 1
Gurobi Optimizer version 11.0.0 build v11.0.0rc2 (linux64 - "Oracle Linux Server 9.6")

CPU model: AMD EPYC 7643 48-Core Processor, instruction set [SSE2|AVX|AVX2]
Thread count: 48 physical cores, 96 logical processors, using up to 1 threads

Optimize a model with 784 rows, 650 columns and 4168 nonzeros
Model fingerprint: 0x0a5867fd
Variable types: 38 continuous, 612 integer (612 binary)
Coefficient statistics:
  Matrix range     [1e+00, 2e+02]
  Objective range  [1e+00, 1e+00]
  Bounds range     [1e+00, 2e+02]
  RHS range        [1e+00, 2e+01]
Presolve removed 292 rows and 298 columns
Presolve time: 0.00s
Presolved: 492 rows, 352 columns, 1922 nonzeros
Variable types: 31 continuous, 321 integer (321 binary)
Found heuristic solution: objective 155.0000000
Found heuristic solution: objective 110.0000000

Root relaxation: objective 3.300000e+01, 218 iterations, 0.00 seconds (0.00 work units)

    Nodes    |    Current Node    |     Objective Bounds      |     Work
 Expl Unexpl |  Obj  Depth IntInf | Incumbent    BestBd   Gap | It/Node Time

     0     0   33.00000    0   39  110.00000   33.00000  70.0%     -    0s
H    0     0                     101.0000000   33.00000  67.3%     -    0s
     0     0   42.31944    0   96  101.00000   42.31944  58.1%     -    0s
     0     0   46.06944    0   96  101.00000   46.06944  54.4%     -    0s
     0     0   46.06944    0   57  101.00000   46.06944  54.4%     -    0s
H    0     0                      96.0000000   46.06944  52.0%     -    0s
     0     0   46.06944    0   55   96.00000   46.06944  52.0%     -    0s
     0     0   46.06944    0   55   96.00000   46.06944  52.0%     -    0s
     0     0   46.06944    0   62   96.00000   46.06944  52.0%     -    0s
     0     0   46.06944    0   61   96.00000   46.06944  52.0%     -    0s
     0     0   46.06944    0   59   96.00000   46.06944  52.0%     -    0s
     0     0   46.06944    0   59   96.00000   46.06944  52.0%     -    0s
     0     0   46.06944    0   56   96.00000   46.06944  52.0%     -    0s
H    0     0                      85.0000000   46.06944  45.8%     -    0s
     0     0   46.06944    0   58   85.00000   46.06944  45.8%     -    0s
     0     0   46.06944    0   55   85.00000   46.06944  45.8%     -    0s
     0     0   46.06944    0   64   85.00000   46.06944  45.8%     -    0s
     0     0   46.06944    0   62   85.00000   46.06944  45.8%     -    0s
     0     0   46.06944    0   60   85.00000   46.06944  45.8%     -    0s
     0     0   46.06944    0   49   85.00000   46.06944  45.8%     -    0s
H    0     0                      85.0000000   46.06944  45.8%     -    0s
     0     2   46.06944    0   49   85.00000   46.06944  45.8%     -    0s
H  612   431                      84.0000000   52.03671  38.1%   9.8    0s
H  678   441                      84.0000000   52.03671  38.1%  15.1    0s
* 2243  1160              55      83.0000000   59.00000  28.9%  14.7    1s
* 2334  1007              57      79.0000000   59.26406  25.0%  14.5    1s
H 2490  1092                      79.0000000   59.85714  24.2%  14.5    1s
H 2889  1220                      78.0000000   65.00000  16.7%  14.7    2s
H 3657  1644                      78.0000000   65.00000  16.7%  15.1    2s
  6594  3077   75.00000   51   26   78.00000   65.26385  16.3%  16.9    5s
 11866  5710   73.00000   33   38   78.00000   66.23781  15.1%  17.9   10s
 17657  8165   75.00000   33   52   78.00000   68.00000  12.8%  19.1   15s
*18046  7316              54      77.0000000   68.00000  11.7%  19.2   15s
H23416  9515                      77.0000000   68.06529  11.6%  19.9   19s
 23546  9561   72.00000   34   50   77.00000   68.07432  11.6%  19.9   20s
 28441 11316   71.05263   40   67   77.00000   68.24546  11.4%  20.6   25s
 33474 12799   72.00000   26   47   77.00000   69.00000  10.4%  21.6   30s
 39323 14573 infeasible   40        77.00000   69.11765  10.2%  21.7   35s
 45126 16466   69.92857   29   71   77.00000   69.92857  9.18%  21.9   40s
 52029 18519   72.00000   38   40   77.00000   70.00000  9.09%  21.7   45s
 58875 20497   70.04150   26   79   77.00000   70.00000  9.09%  21.6   50s
 65206 22342 infeasible   34        77.00000   70.00000  9.09%  21.7   55s
 71790 24221   74.00000   36   47   77.00000   70.00000  9.09%  21.6   60s
 77830 25950   74.04706   36   41   77.00000   70.00000  9.09%  21.6   65s
 84885 27844   74.00000   36   48   77.00000   70.00000  9.09%  21.5   70s
 91490 29956 infeasible   43        77.00000   70.00000  9.09%  21.4   75s
 97391 31679   76.00000   36   54   77.00000   70.00000  9.09%  21.6   80s
 102806 33315   70.02875   33   59   77.00000   70.02703  9.06%  21.7   85s
 108569 35116   72.00000   32   69   77.00000   70.04032  9.04%  21.8   90s
 114314 36784 infeasible   40        77.00000   70.04706  9.03%  21.8   95s
 119673 38241   72.00000   28   73   77.00000   70.04762  9.03%  21.8  100s
 124980 39612     cutoff   42        77.00000   70.05405  9.02%  21.8  105s
 129982 41120   72.00000   29   51   77.00000   70.15026  8.90%  21.9  110s
 135859 42932   72.00000   33   32   77.00000   70.80000  8.05%  21.9  115s
 142052 44761   72.00000   34   60   77.00000   71.00000  7.79%  21.8  120s
 148011 46412   72.00000   41   47   77.00000   71.00000  7.79%  21.7  125s
 153538 47992   72.00000   39   65   77.00000   71.00000  7.79%  21.7  130s
 159880 49625   75.00000   44   39   77.00000   71.00000  7.79%  21.6  135s
 165446 51102 infeasible   35        77.00000   71.00000  7.79%  21.5  140s
 171037 52290   71.00000   35   37   77.00000   71.00000  7.79%  21.6  145s
 176347 53618   71.01176   32   44   77.00000   71.01176  7.78%  21.6  150s
 181546 54661   71.02381   36   31   77.00000   71.01176  7.78%  21.7  155s
 186508 55487   71.02381   53   63   77.00000   71.01176  7.78%  21.8  160s
 191976 56413 infeasible   43        77.00000   71.01176  7.78%  21.9  165s
 197317 57332   71.02041   50   31   77.00000   71.01176  7.78%  21.9  170s
 203037 58555   75.00000   26   83   77.00000   71.01176  7.78%  21.9  175s
 207536 59578   76.00000   42   45   77.00000   71.01176  7.78%  22.0  180s
 212424 60545   72.00000   52   49   77.00000   71.01176  7.78%  22.1  185s
 217209 61447   72.00000   40   34   77.00000   71.01176  7.78%  22.2  190s
 222515 62852   76.00000   38   28   77.00000   71.01176  7.78%  22.3  195s
 228667 64561 infeasible   39        77.00000   71.01240  7.78%  22.2  200s
 234684 66068 infeasible   40        77.00000   71.01316  7.78%  22.2  205s
 239551 67115   75.00000   38   27   77.00000   71.01316  7.78%  22.3  210s
 244547 68273 infeasible   44        77.00000   71.01316  7.78%  22.4  215s
 249465 69485   72.00000   38   44   77.00000   71.01429  7.77%  22.4  220s
 254823 70949   76.00000   38   39   77.00000   71.01786  7.77%  22.4  225s
 260636 72411   76.00000   49   64   77.00000   71.02381  7.76%  22.4  230s
 266060 73643     cutoff   44        77.00000   71.03571  7.75%  22.5  235s
 271553 74972 infeasible   33        77.00000   71.05263  7.72%  22.5  240s
 275519 75683 infeasible   42        77.00000   71.05263  7.72%  22.6  245s
 279352 76531 infeasible   38        77.00000   71.05263  7.72%  22.8  250s
 283834 77474 infeasible   43        77.00000   71.05263  7.72%  22.9  255s
 287847 78087 infeasible   46        77.00000   71.05263  7.72%  23.0  260s
 292166 78967   72.00000   54   41   77.00000   71.05263  7.72%  23.1  265s
 297011 79832 infeasible   51        77.00000   71.05263  7.72%  23.2  270s
 301573 80689   76.00000   43   56   77.00000   71.05263  7.72%  23.3  275s
 305987 81787 infeasible   50        77.00000   71.05952  7.71%  23.3  280s
 311921 83207   72.00000   36   45   77.00000   71.08333  7.68%  23.3  285s
 318050 84798 infeasible   36        77.00000   71.11765  7.64%  23.3  290s
 323821 86160   76.00000   52   15   77.00000   71.17105  7.57%  23.3  295s
 329376 87366   76.00000   62   21   77.00000   71.18823  7.55%  23.3  300s
 335308 88303 infeasible   48        77.00000   71.18823  7.55%  23.2  305s
 340765 89218 infeasible   46        77.00000   71.18823  7.55%  23.2  310s
 345563 89738 infeasible   60        77.00000   71.18823  7.55%  23.3  315s
 350585 90297   71.18823   55   36   77.00000   71.18823  7.55%  23.3  320s
 355932 91176   71.18823   52   38   77.00000   71.18823  7.55%  23.2  325s
 360790 91715   76.00000   53   19   77.00000   71.18823  7.55%  23.3  330s
 365620 92409 infeasible   42        77.00000   71.18823  7.55%  23.3  335s
 370940 93229   72.00000   41   38   77.00000   71.18823  7.55%  23.3  340s
 375670 93983   72.00000   42   55   77.00000   71.18823  7.55%  23.4  345s
 380547 94533   72.00000   51   35   77.00000   71.18823  7.55%  23.4  350s
 384814 95045 infeasible   74        77.00000   71.18823  7.55%  23.4  355s
 389600 95539   71.18823   48   38   77.00000   71.18823  7.55%  23.4  360s
 394963 96128 infeasible   38        77.00000   71.18823  7.55%  23.4  365s
 399292 96492   72.00000   46   55   77.00000   71.18823  7.55%  23.5  370s
 404943 97389 infeasible   40        77.00000   71.18823  7.55%  23.5  375s
 410354 98254   72.00000   54   27   77.00000   71.25455  7.46%  23.5  380s
 415657 99137   73.00000   46   63   77.00000   71.29762  7.41%  23.5  385s
 420510 99954   71.46429   52   38   77.00000   71.46429  7.19%  23.5  390s
 426050 100781     cutoff   48        77.00000   71.64286  6.96%  23.5  395s
 431725 101711   72.00000   47   60   77.00000   71.94048  6.57%  23.5  400s
 436240 101989 infeasible   48        77.00000   72.00000  6.49%  23.5  405s
 441774 102163   72.00000   31   64   77.00000   72.00000  6.49%  23.5  410s
 446992 102209   74.00000   33   26   77.00000   72.00000  6.49%  23.5  415s
 451725 102344   72.00000   37   39   77.00000   72.00000  6.49%  23.5  420s
 456773 102306   72.00000   54   20   77.00000   72.00000  6.49%  23.5  425s
 461349 102393   72.00000   54   32   77.00000   72.00000  6.49%  23.5  430s
 466473 102384     cutoff   43        77.00000   72.00000  6.49%  23.6  435s
 471482 102753   72.00000   35   48   77.00000   72.00000  6.49%  23.6  440s
 475970 102842 infeasible   54        77.00000   72.00000  6.49%  23.6  445s
 480865 103006   75.00000   30   45   77.00000   72.00000  6.49%  23.7  450s
 485527 102940     cutoff   33        77.00000   72.00000  6.49%  23.7  455s
 490293 103121   72.00000   34   41   77.00000   72.00000  6.49%  23.7  460s
 494792 103289 infeasible   58        77.00000   72.00000  6.49%  23.7  465s
 499673 103439   72.00000   37   49   77.00000   72.00000  6.49%  23.8  470s
 504733 103689   72.00000   38   47   77.00000   72.00000  6.49%  23.8  475s
 509915 103875   76.00000   36   40   77.00000   72.00000  6.49%  23.8  480s
 514676 104007     cutoff   59        77.00000   72.00000  6.49%  23.8  485s
 519384 104018   72.00000   46   39   77.00000   72.00000  6.49%  23.9  490s
 524784 104241 infeasible   47        77.00000   72.00000  6.49%  23.9  495s
 529311 104453   74.00000   35   66   77.00000   72.00000  6.49%  23.9  500s
 534210 104736   72.00000   50   31   77.00000   72.00000  6.49%  23.9  505s
 538944 104878 infeasible   38        77.00000   72.00000  6.49%  24.0  510s
 543947 105205   72.00000   43   21   77.00000   72.00000  6.49%  24.0  515s
 549015 105535 infeasible   55        77.00000   72.00000  6.49%  24.0  520s
 553959 105668 infeasible   59        77.00000   72.00000  6.49%  24.0  525s
 559125 105802 infeasible   38        77.00000   72.00000  6.49%  24.0  530s
 563745 105902 infeasible   48        77.00000   72.00000  6.49%  24.0  535s
 568315 106055   72.00000   42   29   77.00000   72.00000  6.49%  24.1  540s
 573243 106495 infeasible   50        77.00000   72.00000  6.49%  24.1  545s
 578015 106800   73.00000   42   68   77.00000   72.00000  6.49%  24.1  550s
 582840 107050   72.00000   45   50   77.00000   72.00000  6.49%  24.1  555s
 587452 107254 infeasible   47        77.00000   72.00000  6.49%  24.2  560s
 592078 107454   72.00000   32   82   77.00000   72.00000  6.49%  24.2  565s
 596624 107556   72.00000   40   25   77.00000   72.00000  6.49%  24.2  570s
 601615 107746   75.00000   48   32   77.00000   72.00000  6.49%  24.2  575s
 606853 108040   76.00000   54    5   77.00000   72.00000  6.49%  24.3  580s
 612690 108189 infeasible   57        77.00000   72.00000  6.49%  24.3  585s
 618328 108417   72.00000   50   36   77.00000   72.00000  6.49%  24.3  590s
 624260 108577 infeasible   50        77.00000   72.00000  6.49%  24.3  595s
 630203 108918   72.00000   47   25   77.00000   72.00000  6.49%  24.3  600s
 635697 109096   72.00000   56   34   77.00000   72.00000  6.49%  24.3  605s
 641101 109231   72.00000   50   49   77.00000   72.00000  6.49%  24.3  610s
 646883 109352     cutoff   37        77.00000   72.00000  6.49%  24.3  615s
 652148 109540   72.00000   35   21   77.00000   72.00000  6.49%  24.3  620s
 657982 109837   72.00000   43   31   77.00000   72.00000  6.49%  24.4  625s
 663598 110241     cutoff   42        77.00000   72.00000  6.49%  24.4  630s
 669198 110687   72.00000   37   63   77.00000   72.00000  6.49%  24.4  635s
 674782 110936   72.00000   35   24   77.00000   72.00000  6.49%  24.4  640s
 680848 111274   72.00000   49   34   77.00000   72.00000  6.49%  24.4  645s
 685959 111627   72.00000   34   40   77.00000   72.00000  6.49%  24.4  650s
 691543 111964   72.00000   48   30   77.00000   72.00000  6.49%  24.4  655s
 696994 112281   72.00000   44   71   77.00000   72.00000  6.49%  24.5  660s
 702177 112681   72.00000   40   53   77.00000   72.00000  6.49%  24.5  665s
 707944 112919 infeasible   47        77.00000   72.00000  6.49%  24.5  670s
 713834 113211   72.00000   37   72   77.00000   72.00000  6.49%  24.5  675s
 719521 113538 infeasible   46        77.00000   72.00000  6.49%  24.5  680s
 725461 113705 infeasible   67        77.00000   72.00000  6.49%  24.5  685s
 730945 113813   72.00000   37   41   77.00000   72.00000  6.49%  24.5  690s
 736096 113872   72.00000   27   38   77.00000   72.00000  6.49%  24.5  695s
 741440 114053     cutoff   48        77.00000   72.00000  6.49%  24.5  700s
 747366 114317   73.00000   41   34   77.00000   72.00000  6.49%  24.5  705s
 752796 114506 infeasible   43        77.00000   72.00000  6.49%  24.6  710s
 758684 114775   72.00000   39   22   77.00000   72.00000  6.49%  24.6  715s
 764407 114944     cutoff   57        77.00000   72.00000  6.49%  24.6  720s
 770284 115175 infeasible   65        77.00000   72.00000  6.49%  24.6  725s
 775538 115360   72.00000   41   33   77.00000   72.00000  6.49%  24.6  730s
 781253 115535   75.00000   45   18   77.00000   72.00000  6.49%  24.6  735s
 786857 115832   72.00000   48   36   77.00000   72.00000  6.49%  24.6  740s
 791909 115991   72.00000   48   36   77.00000   72.00000  6.49%  24.6  745s
 797038 116251 infeasible   48        77.00000   72.00000  6.49%  24.6  750s
 802417 116653 infeasible   41        77.00000   72.00000  6.49%  24.6  755s
 808111 117011   74.00000   39   57   77.00000   72.00000  6.49%  24.7  760s
 813798 117356   75.00000   52   32   77.00000   72.00000  6.49%  24.7  765s
 819913 117753   72.00000   35   29   77.00000   72.00000  6.49%  24.7  770s
 826193 118091   72.00000   50   45   77.00000   72.00000  6.49%  24.7  775s
 831763 118269   72.00000   34   28   77.00000   72.00000  6.49%  24.7  780s
 837553 118647 infeasible   40        77.00000   72.00000  6.49%  24.7  785s
 842587 118903   72.00000   47   27   77.00000   72.00000  6.49%  24.7  790s
 848336 119202   72.00000   46   18   77.00000   72.00000  6.49%  24.7  795s
 853770 119541   72.00000   30   38   77.00000   72.00000  6.49%  24.7  800s
 859607 119885   72.00000   47   32   77.00000   72.00000  6.49%  24.7  805s
 865544 120132   72.00000   50   31   77.00000   72.00000  6.49%  24.7  810s
 870598 120147 infeasible   48        77.00000   72.00000  6.49%  24.7  815s
 876309 120337   72.00000   42   27   77.00000   72.00000  6.49%  24.7  820s
 881843 120471 infeasible   47        77.00000   72.00000  6.49%  24.8  825s
 887479 120716   72.00000   61   23   77.00000   72.00000  6.49%  24.7  830s
 892908 120807     cutoff   43        77.00000   72.00000  6.49%  24.8  835s
 898638 121020   72.00000   35   49   77.00000   72.00000  6.49%  24.8  840s
 904025 121283 infeasible   54        77.00000   72.00000  6.49%  24.8  845s
 909671 121468 infeasible   40        77.00000   72.00000  6.49%  24.8  850s
 915436 121830   76.00000   34   21   77.00000   72.00000  6.49%  24.8  855s
 920558 122195   72.00000   41   41   77.00000   72.00000  6.49%  24.8  860s
 925985 122466   72.00000   54   26   77.00000   72.00000  6.49%  24.8  865s
 930945 122599 infeasible   71        77.00000   72.00000  6.49%  24.8  870s
 936345 122735   72.00000   65   32   77.00000   72.00000  6.49%  24.8  875s
 942402 122886   72.00000   54   39   77.00000   72.00000  6.49%  24.8  880s
 947779 122907 infeasible   47        77.00000   72.00000  6.49%  24.8  885s
 953986 123044 infeasible   49        77.00000   72.00000  6.49%  24.8  890s
 960044 123416   75.00000   41   24   77.00000   72.00000  6.49%  24.8  895s
 965599 123541 infeasible   38        77.00000   72.00000  6.49%  24.8  900s
 971073 123727   75.00000   40   28   77.00000   72.00000  6.49%  24.8  905s
 976503 123834 infeasible   43        77.00000   72.00000  6.49%  24.8  910s
 982094 123994   72.00000   34   57   77.00000   72.00000  6.49%  24.8  915s
 987941 124424 infeasible   43        77.00000   72.00000  6.49%  24.8  920s
 993669 124809   74.00000   31   49   77.00000   72.00000  6.49%  24.9  925s
 999283 125087   72.00000   36   30   77.00000   72.00000  6.49%  24.9  930s
 1004971 125520 infeasible   35        77.00000   72.00000  6.49%  24.9  935s
 1010217 125980   72.00000   34   36   77.00000   72.00000  6.49%  24.9  940s
H1012418 126094                      76.9999992   72.00000  6.49%  24.9  941s
 1015719 126338   72.00000   45   24   77.00000   72.00000  6.49%  24.9  945s
 1021812 126701 infeasible   34        77.00000   72.00000  6.49%  24.9  950s
 1027429 127181 infeasible   47        77.00000   72.00000  6.49%  24.9  955s
 1032722 127492   74.00000   34   13   77.00000   72.00000  6.49%  24.9  960s
 1038760 127774 infeasible   48        77.00000   72.00000  6.49%  24.9  965s
 1044154 128050 infeasible   48        77.00000   72.00000  6.49%  24.9  970s
 1049621 128074   72.00000   48   53   77.00000   72.00000  6.49%  24.9  975s
 1054942 128080   72.00000   43   25   77.00000   72.00000  6.49%  24.9  980s
 1060172 128239   72.00000   38   46   77.00000   72.00000  6.49%  24.9  985s
 1065852 128424 infeasible   42        77.00000   72.00000  6.49%  24.9  990s
 1070907 128534   72.00000   45   22   77.00000   72.00000  6.49%  24.9  995s
 1076232 128586   72.00000   39   36   77.00000   72.00000  6.49%  25.0 1000s
 1081437 128672 infeasible   43        77.00000   72.00000  6.49%  25.0 1005s
 1086427 128722 infeasible   49        77.00000   72.00000  6.49%  25.0 1010s
 1091869 128754 infeasible   55        77.00000   72.00000  6.49%  25.0 1015s
 1096806 128762   72.00000   51   59   77.00000   72.00000  6.49%  25.0 1020s
 1102009 128935   75.00000   41   33   77.00000   72.00000  6.49%  25.0 1025s
 1107489 129169     cutoff   54        77.00000   72.00000  6.49%  25.0 1030s
 1112828 129393   72.00000   50   38   77.00000   72.00000  6.49%  25.1 1035s
 1118330 129500 infeasible   40        77.00000   72.00000  6.49%  25.1 1040s
 1123434 129756   72.00000   43   57   77.00000   72.00000  6.49%  25.1 1045s
 1128909 129989 infeasible   50        77.00000   72.00000  6.49%  25.1 1050s
 1134384 130101 infeasible   62        77.00000   72.00000  6.49%  25.1 1055s
 1140427 130273 infeasible   65        77.00000   72.00000  6.49%  25.1 1060s
 1145832 130521   72.00000   50   34   77.00000   72.00000  6.49%  25.1 1065s
 1150904 130611   72.00000   50   37   77.00000   72.00000  6.49%  25.1 1070s
 1155976 130696   76.00000   57   26   77.00000   72.00000  6.49%  25.1 1075s
 1161149 130849   75.00000   57   22   77.00000   72.00000  6.49%  25.1 1080s
 1166191 131038   73.00000   48   24   77.00000   72.00000  6.49%  25.1 1085s
 1171591 131319   72.00000   48   24   77.00000   72.00000  6.49%  25.1 1090s
 1177149 131791 infeasible   38        77.00000   72.00000  6.49%  25.1 1095s
 1182475 132253   72.00000   31   76   77.00000   72.00000  6.49%  25.1 1100s
 1188040 132542   76.04762   53   27   77.00000   72.00000  6.49%  25.1 1105s
 1193896 132959 infeasible   59        77.00000   72.00000  6.49%  25.1 1110s
 1198967 133313   72.00000   46   26   77.00000   72.00000  6.49%  25.2 1115s
 1204439 133588   76.00000   37   43   77.00000   72.00000  6.49%  25.2 1120s
 1210040 133803 infeasible   30        77.00000   72.00000  6.49%  25.2 1125s
 1215041 134080 infeasible   60        77.00000   72.00000  6.49%  25.2 1130s
 1220756 134422 infeasible   61        77.00000   72.00000  6.49%  25.2 1135s
 1225942 134685 infeasible   40        77.00000   72.00000  6.49%  25.2 1140s
 1231157 135003 infeasible   54        77.00000   72.00000  6.49%  25.2 1145s
 1236622 135302 infeasible   51        77.00000   72.00000  6.49%  25.2 1150s
 1241824 135538   72.00000   53   21   77.00000   72.00000  6.49%  25.2 1155s
 1246730 135784 infeasible   39        77.00000   72.00000  6.49%  25.3 1160s
 1252263 136045   72.00000   36   57   77.00000   72.00000  6.49%  25.3 1165s
 1258002 136294   75.00000   36   29   77.00000   72.00000  6.49%  25.3 1170s
 1263623 136586 infeasible   47        77.00000   72.00000  6.49%  25.3 1175s
 1268831 136751   72.00000   33   71   77.00000   72.00000  6.49%  25.3 1180s
 1273379 136943 infeasible   57        77.00000   72.00000  6.49%  25.3 1185s
 1278360 137270 infeasible   53        77.00000   72.00000  6.49%  25.3 1190s
 1284004 137496   75.00000   55   12   77.00000   72.00000  6.49%  25.3 1195s
 1289206 137612   76.00000   44   10   77.00000   72.00000  6.49%  25.3 1200s
 1294645 137813 infeasible   43        77.00000   72.00000  6.49%  25.3 1205s
 1300368 138194   72.00000   39   43   77.00000   72.00000  6.49%  25.3 1210s
 1305915 138391   72.00000   53   36   77.00000   72.00000  6.49%  25.3 1215s
 1311479 138721   73.00000   46   35   77.00000   72.00000  6.49%  25.3 1220s
 1316261 138932     cutoff   47        77.00000   72.00000  6.49%  25.3 1225s
 1320650 139057   72.00000   30   54   77.00000   72.00000  6.49%  25.3 1230s
 1324978 139193 infeasible   49        77.00000   72.00000  6.49%  25.3 1235s
 1328896 139426   72.00000   41   31   77.00000   72.00000  6.49%  25.3 1240s
 1333061 139624 infeasible   46        77.00000   72.00000  6.49%  25.4 1245s
 1337155 139772   72.00000   42   30   77.00000   72.00000  6.49%  25.4 1250s
 1341100 139880     cutoff   69        77.00000   72.00000  6.49%  25.4 1255s
 1345306 140118   72.00000   41   31   77.00000   72.00000  6.49%  25.4 1260s
 1348909 140388 infeasible   47        77.00000   72.00000  6.49%  25.4 1265s
 1352739 140454 infeasible   42        77.00000   72.00000  6.49%  25.4 1270s
 1356484 140583   72.00000   53   36   77.00000   72.00000  6.49%  25.4 1275s
 1360668 140833   72.00000   51   23   77.00000   72.00000  6.49%  25.4 1280s
 1364902 140849 infeasible   49        77.00000   72.00000  6.49%  25.4 1285s
 1369014 141012 infeasible   47        77.00000   72.00000  6.49%  25.4 1290s
 1373261 141160   75.00000   54   26   77.00000   72.00000  6.49%  25.4 1295s
 1377278 141350   72.00000   42   31   77.00000   72.00000  6.49%  25.5 1300s
 1381370 141484   72.00000   51   23   77.00000   72.00000  6.49%  25.5 1305s
 1385731 141753 infeasible   39        77.00000   72.00000  6.49%  25.5 1310s
 1389685 141950   72.00000   42   25   77.00000   72.00000  6.49%  25.5 1315s
 1393561 142137   76.00000   47   33   77.00000   72.00000  6.49%  25.5 1320s
 1397757 142432   72.00000   39   47   77.00000   72.00000  6.49%  25.5 1325s
 1401850 142622   72.00000   52   28   77.00000   72.00000  6.49%  25.5 1330s
 1405959 142868   74.00000   29   63   77.00000   72.00000  6.49%  25.5 1335s
 1410235 143104   73.00000   37   31   77.00000   72.00000  6.49%  25.5 1340s
 1414347 143276 infeasible   46        77.00000   72.00000  6.49%  25.5 1345s
 1418469 143521   76.00000   42   17   77.00000   72.00000  6.49%  25.5 1350s
 1422917 143883 infeasible   48        77.00000   72.00000  6.49%  25.5 1355s
 1427209 144147   72.00000   35   55   77.00000   72.00000  6.49%  25.5 1360s
 1431217 144396     cutoff   45        77.00000   72.00000  6.49%  25.6 1365s
 1435332 144704 infeasible   47        77.00000   72.00000  6.49%  25.6 1370s
 1439308 145102   72.00000   41   38   77.00000   72.00000  6.49%  25.6 1375s
 1443419 145412 infeasible   36        77.00000   72.00000  6.49%  25.6 1380s
 1447675 145710 infeasible   49        77.00000   72.00000  6.49%  25.6 1385s
 1451859 145801   72.00000   42   41   77.00000   72.00000  6.49%  25.6 1390s
H1452576 145801                      76.9999985   72.00000  6.49%  25.6 1391s
 1455246 145867   72.00000   45   24   77.00000   72.00000  6.49%  25.6 1395s
 1458736 145844   76.00000   43   21   77.00000   72.00000  6.49%  25.6 1400s
 1462876 145927   72.00000   43   32   77.00000   72.00000  6.49%  25.6 1405s
 1466868 145946 infeasible   54        77.00000   72.00000  6.49%  25.6 1410s
 1470560 145975 infeasible   44        77.00000   72.00000  6.49%  25.6 1415s
 1474202 146062     cutoff   50        77.00000   72.00000  6.49%  25.7 1420s
 1477934 146180   72.00000   44   33   77.00000   72.00000  6.49%  25.7 1425s
 1481141 146264   72.00000   47   34   77.00000   72.00000  6.49%  25.7 1430s
 1484874 146269   72.00000   44   57   77.00000   72.00000  6.49%  25.7 1435s
 1488583 146335   72.00000   45   49   77.00000   72.00000  6.49%  25.7 1440s
*1488981 146305              52      76.9999985   72.00000  6.49%  25.7 1440s
 1492816 146408 infeasible   59        77.00000   72.00000  6.49%  25.7 1445s
 1497639 146552     cutoff   60        77.00000   72.00000  6.49%  25.7 1450s
 1501908 146701   72.00000   54   44   77.00000   72.00000  6.49%  25.7 1455s
 1505895 146787     cutoff   47        77.00000   72.00000  6.49%  25.7 1460s
 1509507 146756     cutoff   34        77.00000   72.00000  6.49%  25.8 1465s
 1513051 146826 infeasible   40        77.00000   72.00000  6.49%  25.8 1470s
 1516621 146927   73.00000   50   39   77.00000   72.00000  6.49%  25.8 1475s
 1520392 146938   72.00000   54   21   77.00000   72.00000  6.49%  25.8 1480s
 1524299 147103   73.00000   44   49   77.00000   72.00000  6.49%  25.8 1485s
 1528038 147166 infeasible   45        77.00000   72.00000  6.49%  25.8 1490s
 1531581 147192 infeasible   40        77.00000   72.00000  6.49%  25.8 1495s
 1534882 147223 infeasible   53        77.00000   72.00000  6.49%  25.8 1500s
 1538209 147251   72.00000   51   46   77.00000   72.00000  6.49%  25.9 1505s
 1541603 147344   72.00000   51   38   77.00000   72.00000  6.49%  25.9 1510s
 1544748 147399   72.00000   45   61   77.00000   72.00000  6.49%  25.9 1515s
 1547884 147391     cutoff   44        77.00000   72.00000  6.49%  25.9 1520s
 1551567 147361   72.00000   46   55   77.00000   72.00000  6.49%  25.9 1525s
 1555369 147421 infeasible   54        77.00000   72.00000  6.49%  25.9 1530s
 1559540 147494   72.00000   45   20   77.00000   72.00000  6.49%  25.9 1535s
 1564095 147511   72.00000   53   34   77.00000   72.00000  6.49%  25.9 1540s
 1568652 147565 infeasible   50        77.00000   72.00000  6.49%  25.9 1545s
 1572629 147624 infeasible   50        77.00000   72.00000  6.49%  25.9 1550s
 1576963 147701   72.00000   51   35   77.00000   72.00000  6.49%  25.9 1555s
 1581197 147723   72.00000   41   27   77.00000   72.00000  6.49%  25.9 1560s
 1585481 147796   72.00000   43   27   77.00000   72.00000  6.49%  25.9 1565s
 1589273 147814 infeasible   38        77.00000   72.00000  6.49%  25.9 1570s
 1592699 147867   76.00000   35   35   77.00000   72.00000  6.49%  25.9 1575s
 1596334 147860   72.00000   47   49   77.00000   72.00000  6.49%  25.9 1580s
 1600194 147880   72.00000   54   41   77.00000   72.00000  6.49%  25.9 1585s
 1604090 147891   72.00000   37   33   77.00000   72.00000  6.49%  26.0 1590s
 1607905 147973 infeasible   56        77.00000   72.00000  6.49%  26.0 1595s
 1612242 147999 infeasible   41        77.00000   72.00000  6.49%  26.0 1600s
 1616382 148063   72.00000   48   45   77.00000   72.00000  6.49%  26.0 1605s
 1620457 148111 infeasible   46        77.00000   72.00000  6.49%  26.0 1610s
 1624495 148148   72.00000   47   44   77.00000   72.00000  6.49%  26.0 1615s
 1628558 148226 infeasible   53        77.00000   72.00000  6.49%  26.0 1620s
 1632699 148221 infeasible   54        77.00000   72.00000  6.49%  26.0 1625s
 1636602 148255   72.00000   43   42   77.00000   72.00000  6.49%  26.0 1630s
 1640242 148335   72.00000   38   31   77.00000   72.00000  6.49%  26.0 1635s
 1643895 148349   72.00000   47   22   77.00000   72.00000  6.49%  26.0 1640s
 1647016 148323   72.00000   49   57   77.00000   72.00000  6.49%  26.0 1645s
 1650688 148394   72.00000   43   37   77.00000   72.00000  6.49%  26.0 1650s
 1654397 148406   72.00000   46   36   77.00000   72.00000  6.49%  26.0 1655s
 1658088 148455   72.00000   44   46   77.00000   72.00000  6.49%  26.0 1660s
 1662183 148484   74.00000   49   25   77.00000   72.00000  6.49%  26.0 1665s
 1665921 148555   72.00000   48   33   77.00000   72.00000  6.49%  26.0 1670s
 1668859 148543 infeasible   56        77.00000   72.00000  6.49%  26.1 1675s
 1671945 148563   72.00000   49   30   77.00000   72.00000  6.49%  26.1 1680s
 1675397 148543   73.00000   45   52   77.00000   72.00000  6.49%  26.1 1685s
 1679211 148630 infeasible   58        77.00000   72.00000  6.49%  26.1 1690s
 1683497 148808   74.25000   46   18   77.00000   72.00000  6.49%  26.1 1695s
 1687592 148899   76.00000   35   72   77.00000   72.00000  6.49%  26.1 1700s
 1692195 149036   75.00000   41   40   77.00000   72.00000  6.49%  26.1 1705s
 1696856 149218   72.00000   47   61   77.00000   72.00000  6.49%  26.1 1710s
 1701384 149368 infeasible   49        77.00000   72.00000  6.49%  26.1 1715s
 1705616 149468 infeasible   40        77.00000   72.00000  6.49%  26.1 1720s
 1709085 149676   72.00000   42   47   77.00000   72.00000  6.49%  26.1 1725s
 1712389 149705   72.00000   52   25   77.00000   72.00000  6.49%  26.1 1730s
 1715334 149751     cutoff   48        77.00000   72.00000  6.49%  26.1 1735s
 1718142 149802 infeasible   55        77.00000   72.00000  6.49%  26.2 1740s
 1721192 149848 infeasible   51        77.00000   72.00000  6.49%  26.2 1745s
 1724430 149855     cutoff   41        77.00000   72.00000  6.49%  26.2 1750s
 1727714 149863 infeasible   48        77.00000   72.00000  6.49%  26.2 1755s
 1731477 150010   72.00000   49   32   77.00000   72.00000  6.49%  26.2 1760s
 1734998 150033   72.00000   40   51   77.00000   72.00000  6.49%  26.2 1765s
 1738964 150070   72.00000   35   45   77.00000   72.00000  6.49%  26.2 1770s
 1742530 150139   72.00000   39   38   77.00000   72.00000  6.49%  26.2 1775s
 1745984 150235   72.00000   45   37   77.00000   72.00000  6.49%  26.2 1780s
 1749268 150211 infeasible   39        77.00000   72.00000  6.49%  26.3 1785s
 1753196 150399   72.00000   60   25   77.00000   72.00000  6.49%  26.3 1790s
 1756837 150459   72.00000   63   50   77.00000   72.00000  6.49%  26.3 1795s

Cutting planes:
  Learned: 3
  Gomory: 46
  Cover: 291
  Implied bound: 177
  Clique: 17
  MIR: 122
  Mixing: 1
  StrongCG: 1
  Flow cover: 196
  GUB cover: 1
  Inf proof: 125
  Zero half: 2
  RLT: 24
  Relax-and-lift: 7

Explored 1760836 nodes (46267705 simplex iterations) in 1800.00 seconds (1759.74 work units)
Thread count was 1 (of 96 available processors)

Solution count 10: 77 77 77 ... 83

Time limit reached
Warning: max constraint violation (1.5156e-06) exceeds tolerance
Best objective 7.699999848440e+01, best bound 7.200000000000e+01, gap 6.4935%
WARNING: Loading a SolverResults object with an 'aborted' status, but
    containing a solution

Instance 18_3, formulation reagg, reform MIP:
  Rect 0: x = 49.00, y = 12.00
  Rect 1: x = 56.00, y = 4.00
  Rect 2: x = 0.00, y = 9.00
  Rect 3: x = 39.00, y = 10.00
  Rect 4: x = 39.00, y = 12.00
  Rect 5: x = 0.00, y = 12.00
  Rect 6: x = 76.00, y = 11.00
  Rect 7: x = 51.00, y = 10.00
  Rect 8: x = 15.00, y = 12.00
  Rect 9: x = 52.00, y = 10.00
  Rect 10: x = 67.00, y = 12.00
  Rect 11: x = 74.00, y = 12.00
  Rect 12: x = 51.00, y = 6.00
  Rect 13: x = 18.00, y = 11.00
  Rect 14: x = 38.00, y = 12.00
  Rect 15: x = 52.00, y = 8.00
  Rect 16: x = 56.00, y = 6.00
  Rect 17: x = 29.00, y = 11.00
  → saved figures to strip_figures/18_3_reagg_MIP.png and strip_figures/18_3_reagg_MIP.pdf
Set parameter TokenServer to value "mooring.ecn.purdue.edu"
Read LP format model from file /tmp/tmpbhv9bjx5.pyomo.lp
Reading time = 0.00 seconds
x650: 784 rows, 650 columns, 4168 nonzeros
Set parameter TimeLimit to value 1800
Set parameter Threads to value 1
Gurobi Optimizer version 11.0.0 build v11.0.0rc2 (linux64 - "Oracle Linux Server 9.6")

CPU model: AMD EPYC 7643 48-Core Processor, instruction set [SSE2|AVX|AVX2]
Thread count: 48 physical cores, 96 logical processors, using up to 1 threads

Optimize a model with 784 rows, 650 columns and 4168 nonzeros
Model fingerprint: 0x73420a28
Variable types: 38 continuous, 612 integer (612 binary)
Coefficient statistics:
  Matrix range     [1e+00, 2e+02]
  Objective range  [1e+00, 1e+00]
  Bounds range     [1e+00, 2e+02]
  RHS range        [1e+00, 2e+01]
Presolve removed 292 rows and 298 columns
Presolve time: 0.00s
Presolved: 492 rows, 352 columns, 1867 nonzeros
Variable types: 31 continuous, 321 integer (321 binary)
Found heuristic solution: objective 171.0000000
Found heuristic solution: objective 159.0000000

Root relaxation: objective 3.300000e+01, 198 iterations, 0.00 seconds (0.00 work units)

    Nodes    |    Current Node    |     Objective Bounds      |     Work
 Expl Unexpl |  Obj  Depth IntInf | Incumbent    BestBd   Gap | It/Node Time

     0     0   33.00000    0   41  159.00000   33.00000  79.2%     -    0s
H    0     0                      99.0000000   33.00000  66.7%     -    0s
     0     0   43.80669    0   78   99.00000   43.80669  55.8%     -    0s
H    0     0                      92.0000000   46.59394  49.4%     -    0s
     0     0   46.59394    0   78   92.00000   46.59394  49.4%     -    0s
     0     0   46.59394    0   84   92.00000   46.59394  49.4%     -    0s
     0     0   47.22754    0   76   92.00000   47.22754  48.7%     -    0s
     0     0   47.22754    0   76   92.00000   47.22754  48.7%     -    0s
     0     0   47.22754    0   63   92.00000   47.22754  48.7%     -    0s
H    0     0                      89.0000000   47.22754  46.9%     -    0s
     0     0   47.22754    0   55   89.00000   47.22754  46.9%     -    0s
     0     0   47.22754    0   54   89.00000   47.22754  46.9%     -    0s
     0     0   47.22754    0   61   89.00000   47.22754  46.9%     -    0s
     0     0   47.22754    0   60   89.00000   47.22754  46.9%     -    0s
     0     0   47.22754    0   61   89.00000   47.22754  46.9%     -    0s
     0     0   47.22754    0   50   89.00000   47.22754  46.9%     -    0s
H    0     0                      86.0000000   47.22754  45.1%     -    0s
     0     0   47.22754    0   49   86.00000   47.22754  45.1%     -    0s
     0     0   47.22754    0   53   86.00000   47.22754  45.1%     -    0s
     0     0   47.22754    0   58   86.00000   47.22754  45.1%     -    0s
     0     0   47.22754    0   64   86.00000   47.22754  45.1%     -    0s
     0     0   47.22754    0   64   86.00000   47.22754  45.1%     -    0s
H    0     0                      85.0000000   47.22754  44.4%     -    0s
     0     2   47.23334    0   45   85.00000   47.23334  44.4%     -    0s
H   78    60                      85.0000000   47.23334  44.4%  12.3    0s
*  427   299              72      84.0000000   52.25159  37.8%  11.3    0s
* 2141  1036              48      82.0000000   59.45166  27.5%  19.9    2s
H 2173  1024                      81.0000000   59.49419  26.6%  19.8    2s
* 2618  1231              49      80.0000000   60.03869  25.0%  19.8    2s
* 2650  1125              42      79.0000000   60.25689  23.7%  19.8    2s
H 2757  1161                      79.0000000   60.40066  23.5%  19.9    2s
  5396  2404     cutoff   38        79.00000   64.33668  18.6%  20.2    5s
 10202  4756   78.00000   37   32   79.00000   65.72630  16.8%  20.7   11s
 14145  6527 infeasible   27        79.00000   67.00000  15.2%  21.2   15s
 19284  8889   72.00000   27   64   79.00000   67.82919  14.1%  21.3   20s
 24809 11268 infeasible   35        79.00000   68.06581  13.8%  21.2   25s
*26485  9833              51      78.0000000   68.11814  12.7%  21.1   26s
 28844 10739 infeasible   40        78.00000   68.27316  12.5%  21.6   30s
*29751  9180              47      77.0000000   68.34575  11.2%  21.6   31s
 32927 10231   72.00000   24   76   77.00000   68.91870  10.5%  22.1   35s
 37005 11651   72.00000   33   33   77.00000   69.31940  10.0%  22.7   40s
 40989 12985 infeasible   26        77.00000   70.00000  9.09%  23.2   45s
H42116 13346                      77.0000000   70.00000  9.09%  23.2   46s
 44623 14102   72.00000   22   39   77.00000   70.00000  9.09%  23.4   50s
 48803 15518 infeasible   31        77.00000   70.00000  9.09%  23.7   55s
 51959 16581   70.08212   20  100   77.00000   70.02245  9.06%  24.2   60s
 55880 17972   70.06897   24   90   77.00000   70.03686  9.04%  24.4   65s
 60216 19530 infeasible   30        77.00000   70.06396  9.01%  24.5   70s
 64541 21032   72.00000   24   71   77.00000   70.10471  8.95%  24.6   75s
 69137 22597 infeasible   40        77.00000   70.19048  8.84%  24.6   80s
 73596 24039   72.00000   33   69   77.00000   70.44578  8.51%  24.6   85s
 77978 25414   70.75904   27   44   77.00000   70.75904  8.11%  24.7   90s
 82308 26578   70.93976   21   35   77.00000   70.93976  7.87%  24.8   95s
 87025 27985     cutoff   48        77.00000   71.00000  7.79%  24.8  100s
 91690 29314 infeasible   35        77.00000   71.00000  7.79%  24.7  105s
 96227 30486   71.00000   35   58   77.00000   71.00000  7.79%  24.7  110s
 100837 31845   76.00000   35   53   77.00000   71.00000  7.79%  24.6  115s
 105786 33147   73.00000   31   39   77.00000   71.00000  7.79%  24.5  120s
 109924 34307   74.00000   28   42   77.00000   71.00000  7.79%  24.4  125s
 114392 35466   72.00000   48   42   77.00000   71.00000  7.79%  24.4  130s
 118436 36434 infeasible   28        77.00000   71.00000  7.79%  24.4  135s
 123068 37494   72.00000   35   58   77.00000   71.00000  7.79%  24.3  140s
 127038 38424     cutoff   41        77.00000   71.00000  7.79%  24.4  145s
 131578 39605   71.00000   37   51   77.00000   71.00000  7.79%  24.4  150s
 136445 40920   73.00000   31   54   77.00000   71.00000  7.79%  24.3  155s
 140552 41836   72.00000   26   55   77.00000   71.00000  7.79%  24.3  160s
 144918 42826   71.00000   45   35   77.00000   71.00000  7.79%  24.3  165s
 149276 43988 infeasible   34        77.00000   71.00000  7.79%  24.2  170s
 153540 44911 infeasible   33        77.00000   71.00000  7.79%  24.3  175s
 157551 45869   72.00000   35   67   77.00000   71.00000  7.79%  24.3  180s
 161566 46805   72.00000   41   40   77.00000   71.01111  7.78%  24.4  185s
 166060 47934 infeasible   27        77.00000   71.01190  7.78%  24.4  190s
 169988 49000   71.01572   21   59   77.00000   71.01235  7.78%  24.5  195s
 174554 50033   73.00000   32   51   77.00000   71.01282  7.78%  24.5  200s
 178689 51188   72.00000   47   33   77.00000   71.01379  7.77%  24.5  205s
 183413 52510   73.00000   32   24   77.00000   71.01417  7.77%  24.5  210s
 187947 53690   71.01470   23   71   77.00000   71.01470  7.77%  24.5  215s
 192339 55034   72.00000   35   39   77.00000   71.01515  7.77%  24.5  220s
 196350 55913   75.00000   31   56   77.00000   71.01583  7.77%  24.5  225s
 199937 56637   75.00000   33   38   77.00000   71.01698  7.77%  24.6  230s
 204167 57814 infeasible   38        77.00000   71.01841  7.77%  24.6  235s
 208769 59118 infeasible   24        77.00000   71.01887  7.77%  24.6  240s
 213019 60190   76.00000   33   32   77.00000   71.01887  7.77%  24.6  245s
 216983 61084   76.00000   37   39   77.00000   71.01887  7.77%  24.6  250s
 220881 61933 infeasible   43        77.00000   71.01887  7.77%  24.6  255s
 224814 63009   75.00000   22   57   77.00000   71.01887  7.77%  24.6  260s
 227812 63586   75.00000   35   45   77.00000   71.01887  7.77%  24.7  265s
 232267 64669   76.00000   32   55   77.00000   71.01961  7.77%  24.7  270s
 236781 65796   74.00000   25   44   77.00000   71.02042  7.77%  24.7  275s
 241306 66889   72.00000   37   40   77.00000   71.02283  7.76%  24.6  280s
 245647 67933   76.00000   40   22   77.00000   71.02564  7.76%  24.6  285s
 249882 68923   72.00000   40   40   77.00000   71.02632  7.76%  24.6  290s
 254122 69911 infeasible   31        77.00000   71.02778  7.76%  24.6  295s
 258606 70904   71.03030   36   55   77.00000   71.03030  7.75%  24.6  300s
 263328 71997   72.00000   48   45   77.00000   71.03431  7.75%  24.6  305s
 268053 73278   72.00000   42   31   77.00000   71.03571  7.75%  24.5  310s
 272077 74023   71.03731   25  104   77.00000   71.03731  7.74%  24.6  315s
 276658 75043 infeasible   39        77.00000   71.04211  7.74%  24.5  320s
 281279 76220     cutoff   34        77.00000   71.04762  7.73%  24.5  325s
 285288 77224   72.00000   30   82   77.00000   71.05128  7.73%  24.5  330s
 289528 78114   76.00000   34   47   77.00000   71.05263  7.72%  24.5  335s
 294032 79265   76.00000   38   27   77.00000   71.06250  7.71%  24.5  340s
 298596 80475   75.00000   27   26   77.00000   71.07692  7.69%  24.5  345s
 302629 81397     cutoff   34        77.00000   71.08974  7.68%  24.5  350s
 307102 82536   71.10000   28   55   77.00000   71.10000  7.66%  24.5  355s
 311344 83504   72.00000   35   52   77.00000   71.11905  7.64%  24.5  360s
 315186 84139   72.00000   40   36   77.00000   71.14103  7.61%  24.5  365s
 319468 84984 infeasible   35        77.00000   71.19048  7.54%  24.6  370s
 322920 85452   72.00000   26   30   77.00000   71.20000  7.53%  24.6  375s
 326954 86255   71.26506   22   85   77.00000   71.26506  7.45%  24.7  380s
 330965 87016   75.00000   32   38   77.00000   71.34940  7.34%  24.7  385s
 333647 87349 infeasible   37        77.00000   71.36145  7.32%  24.8  390s
 338079 88225   72.00000   38   39   77.00000   71.39759  7.28%  24.8  395s
 342437 89066 infeasible   44        77.00000   71.44578  7.21%  24.8  400s
 346962 89563   71.44578   50   54   77.00000   71.44578  7.21%  24.7  405s
 351726 90236   76.00000   34   40   77.00000   71.45783  7.20%  24.7  410s
 355427 90782   71.48193   34   37   77.00000   71.48193  7.17%  24.7  415s
 359740 91617     cutoff   37        77.00000   71.48193  7.17%  24.7  420s
 363465 92073   71.49398   41   53   77.00000   71.49398  7.15%  24.8  425s
 367482 92724   71.51807   48   48   77.00000   71.51807  7.12%  24.8  430s
 371781 93513   72.00000   38   64   77.00000   71.51807  7.12%  24.8  435s
 375600 94068 infeasible   29        77.00000   71.55422  7.07%  24.8  440s
 379123 94441   71.55422   25   57   77.00000   71.55422  7.07%  24.8  445s
 382281 94717   74.16667   39   43   77.00000   71.55422  7.07%  24.9  450s
 385629 94997 infeasible   29        77.00000   71.55422  7.07%  24.9  455s
 389177 95492   73.00000   34   31   77.00000   71.59036  7.03%  25.0  460s
 392796 96016 infeasible   37        77.00000   71.62651  6.98%  25.0  465s
 396885 96479   76.00000   47   10   77.00000   71.65060  6.95%  25.0  470s
 400846 96833 infeasible   42        77.00000   71.74699  6.82%  25.0  475s
 404620 97165   72.00000   40   38   77.00000   72.00000  6.49%  25.1  480s
 408605 97353   72.00000   38   53   77.00000   72.00000  6.49%  25.1  485s
 412614 97497 infeasible   32        77.00000   72.00000  6.49%  25.1  490s
 416555 97648   72.00000   33   33   77.00000   72.00000  6.49%  25.1  495s
 419825 97657 infeasible   43        77.00000   72.00000  6.49%  25.1  500s
 423078 97896   74.00000   33   47   77.00000   72.00000  6.49%  25.2  505s
 426973 98166   72.10714   42   28   77.00000   72.00000  6.49%  25.2  510s
 430712 98369   72.00000   27   50   77.00000   72.00000  6.49%  25.2  515s
 433991 98806 infeasible   34        77.00000   72.00000  6.49%  25.2  520s
 437765 99026   72.00000   34   29   77.00000   72.00000  6.49%  25.3  525s
 441383 99082   72.00000   24   31   77.00000   72.00000  6.49%  25.3  530s
 445281 99502 infeasible   33        77.00000   72.00000  6.49%  25.3  535s
 449071 99785 infeasible   34        77.00000   72.00000  6.49%  25.4  540s
 452865 100291   72.00000   31   32   77.00000   72.00000  6.49%  25.4  545s
 456549 100732 infeasible   49        77.00000   72.00000  6.49%  25.5  550s
 460171 100940   72.00000   28   24   77.00000   72.00000  6.49%  25.5  555s
 463935 101281 infeasible   42        77.00000   72.00000  6.49%  25.5  560s
 467641 101452   72.00000   37   40   77.00000   72.00000  6.49%  25.6  565s
 471273 101591   72.00000   56   37   77.00000   72.00000  6.49%  25.6  570s
 474595 101698 infeasible   44        77.00000   72.00000  6.49%  25.6  575s
 477858 101902   73.00000   42   54   77.00000   72.00000  6.49%  25.7  580s
 481259 102074   72.00000   37   39   77.00000   72.00000  6.49%  25.7  585s
 484922 102308   76.00000   34   40   77.00000   72.00000  6.49%  25.7  590s
 488236 102553 infeasible   32        77.00000   72.00000  6.49%  25.8  595s
 492247 102984   72.00000   43   29   77.00000   72.00000  6.49%  25.8  600s
 496062 103295   72.00000   40   42   77.00000   72.00000  6.49%  25.8  605s
 499498 103427 infeasible   31        77.00000   72.00000  6.49%  25.9  610s
 503134 103734   72.00000   39   37   77.00000   72.00000  6.49%  25.9  615s
 506394 103957 infeasible   39        77.00000   72.00000  6.49%  26.0  620s
 509582 104265   72.00000   47   43   77.00000   72.00000  6.49%  26.0  625s
 513170 104489   76.00000   38   33   77.00000   72.00000  6.49%  26.0  630s
 516495 104742 infeasible   37        77.00000   72.00000  6.49%  26.1  635s
 519587 104899   72.00000   35   29   77.00000   72.00000  6.49%  26.1  640s
 523185 105130   76.00000   33   37   77.00000   72.00000  6.49%  26.2  645s
 526385 105125   72.00000   39   32   77.00000   72.00000  6.49%  26.2  650s
 529734 105181   72.00000   37   37   77.00000   72.00000  6.49%  26.2  655s
 533117 105209   72.00000   39   35   77.00000   72.00000  6.49%  26.3  660s
 536857 105426 infeasible   38        77.00000   72.00000  6.49%  26.3  665s
 540038 105700   72.00000   39   27   77.00000   72.00000  6.49%  26.3  670s
 543652 105920   72.00000   34   30   77.00000   72.00000  6.49%  26.4  675s
 547475 106242   75.00000   34   54   77.00000   72.00000  6.49%  26.4  680s
 550827 106376 infeasible   41        77.00000   72.00000  6.49%  26.4  685s
 554338 106669   72.00000   27   42   77.00000   72.00000  6.49%  26.4  690s
 558058 107068 infeasible   42        77.00000   72.00000  6.49%  26.5  695s
 561378 107267 infeasible   36        77.00000   72.00000  6.49%  26.5  700s
 564691 107584   72.00000   35   60   77.00000   72.00000  6.49%  26.5  705s
 567897 107753   72.00000   45   47   77.00000   72.00000  6.49%  26.6  710s
 571410 108158 infeasible   39        77.00000   72.00000  6.49%  26.6  715s
 574638 108333   72.00000   33   61   77.00000   72.00000  6.49%  26.6  720s
 578028 108580   72.00000   30   42   77.00000   72.00000  6.49%  26.7  725s
 582020 108967   72.00000   35   36   77.00000   72.00000  6.49%  26.7  730s
 585565 109218 infeasible   36        77.00000   72.00000  6.49%  26.7  735s
 589090 109389 infeasible   27        77.00000   72.00000  6.49%  26.7  740s
 591754 109431   75.00000   36   34   77.00000   72.00000  6.49%  26.8  745s
 594767 109463 infeasible   51        77.00000   72.00000  6.49%  26.8  750s
 597926 109701   72.00000   38   32   77.00000   72.00000  6.49%  26.9  755s
 601335 109867 infeasible   36        77.00000   72.00000  6.49%  26.9  760s
 604923 110139   72.00000   38   27   77.00000   72.00000  6.49%  26.9  765s
 608813 110493   72.00000   44   38   77.00000   72.00000  6.49%  26.9  770s
 612051 110731 infeasible   43        77.00000   72.00000  6.49%  27.0  775s
 615870 111030   72.00000   37   27   77.00000   72.00000  6.49%  27.0  780s
 619757 111292 infeasible   33        77.00000   72.00000  6.49%  27.0  785s
 623070 111549   72.00000   39   36   77.00000   72.00000  6.49%  27.0  790s
 626731 111766   72.00000   29   63   77.00000   72.00000  6.49%  27.0  795s
 629708 112029   72.00000   36   42   77.00000   72.00000  6.49%  27.1  800s
 633014 112100   76.00000   30   31   77.00000   72.00000  6.49%  27.1  805s
 636885 112412   72.00000   42   46   77.00000   72.00000  6.49%  27.1  810s
 640511 112504   72.00000   28   42   77.00000   72.00000  6.49%  27.1  815s
 643993 112523   75.06250   36   30   77.00000   72.00000  6.49%  27.1  820s
 647479 112539   74.00000   33   46   77.00000   72.00000  6.49%  27.2  825s
 651186 112797 infeasible   31        77.00000   72.00000  6.49%  27.2  830s
 654617 113047   72.00000   39   41   77.00000   72.00000  6.49%  27.2  835s
 658231 113312   72.00000   36   20   77.00000   72.00000  6.49%  27.2  840s
 661766 113655   72.00000   45   48   77.00000   72.00000  6.49%  27.2  845s
 665189 113940 infeasible   37        77.00000   72.00000  6.49%  27.3  850s
 668438 114115 infeasible   45        77.00000   72.00000  6.49%  27.3  855s
 671914 114285   72.00000   35   26   77.00000   72.00000  6.49%  27.3  860s
 675317 114511   72.00000   34   46   77.00000   72.00000  6.49%  27.3  865s
 678839 114682 infeasible   37        77.00000   72.00000  6.49%  27.4  870s
 682377 114891   72.00000   32   27   77.00000   72.00000  6.49%  27.4  875s
 686006 115046   72.00000   39   55   77.00000   72.00000  6.49%  27.4  880s
 689337 115080 infeasible   36        77.00000   72.00000  6.49%  27.4  885s
 692681 115225     cutoff   27        77.00000   72.00000  6.49%  27.4  890s
 695967 115420   73.00000   39   51   77.00000   72.00000  6.49%  27.5  895s
 698972 115542 infeasible   43        77.00000   72.00000  6.49%  27.5  900s
 702462 115721   72.00000   37   44   77.00000   72.00000  6.49%  27.5  905s
 705886 115898   76.00000   37   40   77.00000   72.00000  6.49%  27.5  910s
 709302 116070   72.00000   43   50   77.00000   72.00000  6.49%  27.6  915s
 712312 116149   72.00000   38   45   77.00000   72.00000  6.49%  27.6  920s
 715076 116293   76.00000   45   32   77.00000   72.00000  6.49%  27.6  925s
 718058 116351   72.00000   32   36   77.00000   72.00000  6.49%  27.6  930s
 721063 116418 infeasible   38        77.00000   72.00000  6.49%  27.7  935s
 724235 116469   76.00000   31   35   77.00000   72.00000  6.49%  27.7  940s
 727830 116717   72.00000   43   62   77.00000   72.00000  6.49%  27.7  945s
 730953 116838   73.00000   34   45   77.00000   72.00000  6.49%  27.8  950s
 734404 117031   75.00000   29   32   77.00000   72.00000  6.49%  27.8  955s
 737573 117077 infeasible   38        77.00000   72.00000  6.49%  27.8  960s
 741212 117213 infeasible   42        77.00000   72.00000  6.49%  27.8  965s
 744430 117451   72.00000   38   46   77.00000   72.00000  6.49%  27.9  970s
 747648 117627   76.00000   30   21   77.00000   72.00000  6.49%  27.9  975s
 751123 117772   72.00000   42   40   77.00000   72.00000  6.49%  27.9  980s
 754041 117863   76.00000   38   23   77.00000   72.00000  6.49%  27.9  985s
 757227 117954   76.00000   38   32   77.00000   72.00000  6.49%  28.0  990s
 760480 118091   72.00000   29   46   77.00000   72.00000  6.49%  28.0  995s
 763927 118253 infeasible   47        77.00000   72.00000  6.49%  28.0 1000s
 766937 118340   74.00000   34   36   77.00000   72.00000  6.49%  28.0 1005s
 770307 118560   76.00000   48   27   77.00000   72.00000  6.49%  28.1 1010s
 773672 118726   72.00000   36   35   77.00000   72.00000  6.49%  28.1 1015s
 777055 118920 infeasible   47        77.00000   72.00000  6.49%  28.1 1020s
 780593 119098   72.00000   36   51   77.00000   72.00000  6.49%  28.1 1025s
 784024 119222 infeasible   46        77.00000   72.00000  6.49%  28.1 1030s
 787467 119319 infeasible   34        77.00000   72.00000  6.49%  28.1 1035s
 790613 119466 infeasible   37        77.00000   72.00000  6.49%  28.2 1040s
 794107 119567   72.00000   38   56   77.00000   72.00000  6.49%  28.2 1045s
 798078 119848   72.00000   28   45   77.00000   72.00000  6.49%  28.2 1050s
 801525 119941   72.00000   28   53   77.00000   72.00000  6.49%  28.2 1055s
 804534 120109 infeasible   34        77.00000   72.00000  6.49%  28.2 1060s
H806842 120206                      77.0000000   72.00000  6.49%  28.2 1063s
 807572 120189   75.00000   37   37   77.00000   72.00000  6.49%  28.2 1065s
 810946 120218 infeasible   37        77.00000   72.00000  6.49%  28.2 1070s
 814067 120287     cutoff   41        77.00000   72.00000  6.49%  28.2 1075s
 817858 120444 infeasible   39        77.00000   72.00000  6.49%  28.3 1080s
 821486 120623   72.00000   30   42   77.00000   72.00000  6.49%  28.3 1085s
 824878 120737   72.00000   43   42   77.00000   72.00000  6.49%  28.3 1090s
 827925 120860   72.00000   41   27   77.00000   72.00000  6.49%  28.3 1095s
 831490 120985 infeasible   43        77.00000   72.00000  6.49%  28.3 1100s
 835682 121521   76.00000   43   13   77.00000   72.00000  6.49%  28.3 1105s
 839441 121710   72.00000   44   52   77.00000   72.00000  6.49%  28.3 1110s
 842750 121870     cutoff   38        77.00000   72.00000  6.49%  28.4 1115s
 846044 121955   75.00000   36   57   77.00000   72.00000  6.49%  28.4 1120s
 849523 122240   76.00000   38   31   77.00000   72.00000  6.49%  28.4 1125s
 853171 122445   74.00000   44   41   77.00000   72.00000  6.49%  28.4 1130s
 856672 122604 infeasible   43        77.00000   72.00000  6.49%  28.4 1135s
 860160 122896 infeasible   44        77.00000   72.00000  6.49%  28.4 1140s
 863864 123103   75.00000   31   42   77.00000   72.00000  6.49%  28.4 1145s
 867574 123278 infeasible   33        77.00000   72.00000  6.49%  28.4 1150s
 870996 123478   72.00000   38   40   77.00000   72.00000  6.49%  28.4 1155s
 874453 123691   72.00000   35   35   77.00000   72.00000  6.49%  28.4 1160s
 877962 123893     cutoff   36        77.00000   72.00000  6.49%  28.4 1165s
 881061 123978 infeasible   36        77.00000   72.00000  6.49%  28.5 1170s
 884352 124095   72.00000   31   48   77.00000   72.00000  6.49%  28.5 1175s
 887468 124145   72.00000   43   41   77.00000   72.00000  6.49%  28.5 1180s
 890567 124247 infeasible   42        77.00000   72.00000  6.49%  28.5 1185s
 893950 124390   72.00000   39   41   77.00000   72.00000  6.49%  28.5 1190s
 897068 124376   72.00000   36   56   77.00000   72.00000  6.49%  28.6 1195s
 900134 124534   72.00000   47   34   77.00000   72.00000  6.49%  28.6 1200s
 903429 124597   72.00000   33   36   77.00000   72.00000  6.49%  28.6 1205s
 906750 124689   72.00000   34   53   77.00000   72.00000  6.49%  28.6 1210s
 909887 124750 infeasible   39        77.00000   72.00000  6.49%  28.6 1215s
 913349 124781     cutoff   39        77.00000   72.00000  6.49%  28.6 1220s
 916688 124872   72.00000   38   47   77.00000   72.00000  6.49%  28.6 1225s
 919602 124926   72.00000   39   50   77.00000   72.00000  6.49%  28.7 1230s
 922807 124994 infeasible   36        77.00000   72.00000  6.49%  28.7 1235s
 926239 125300 infeasible   42        77.00000   72.00000  6.49%  28.7 1240s
 929274 125443   72.00000   33   33   77.00000   72.00000  6.49%  28.7 1245s
 932562 125464 infeasible   35        77.00000   72.00000  6.49%  28.7 1250s
 935959 125586 infeasible   41        77.00000   72.00000  6.49%  28.7 1255s
 939285 125702 infeasible   29        77.00000   72.00000  6.49%  28.7 1260s
 942711 125848   72.00000   35   37   77.00000   72.00000  6.49%  28.8 1265s
 946125 125937   72.00000   48   30   77.00000   72.00000  6.49%  28.8 1270s
 949234 126026 infeasible   37        77.00000   72.00000  6.49%  28.8 1275s
 952370 126057   72.00000   35   43   77.00000   72.00000  6.49%  28.8 1280s
 955726 126178 infeasible   45        77.00000   72.00000  6.49%  28.8 1285s
 959394 126413 infeasible   33        77.00000   72.00000  6.49%  28.8 1290s
 962564 126624   72.00000   41   48   77.00000   72.00000  6.49%  28.8 1295s
 966414 126896   75.00000   39   29   77.00000   72.00000  6.49%  28.8 1300s
 969546 126993   72.00000   41   39   77.00000   72.00000  6.49%  28.9 1305s
 972706 127074   72.00000   27   31   77.00000   72.00000  6.49%  28.9 1310s
 975709 127185 infeasible   36        77.00000   72.00000  6.49%  28.9 1315s
 978868 127323   74.00000   37   39   77.00000   72.00000  6.49%  28.9 1320s
 982447 127486 infeasible   43        77.00000   72.00000  6.49%  28.9 1325s
 986076 127719   72.00000   32   57   77.00000   72.00000  6.49%  28.9 1330s
 989346 127905   72.00000   36   31   77.00000   72.00000  6.49%  28.9 1335s
 992762 128057 infeasible   39        77.00000   72.00000  6.49%  28.9 1340s
 995866 128130 infeasible   39        77.00000   72.00000  6.49%  28.9 1345s
 999253 128301   72.00000   39   34   77.00000   72.00000  6.49%  29.0 1350s
 1002231 128383   72.00000   42   26   77.00000   72.00000  6.49%  29.0 1355s
 1005492 128509   72.00000   39   57   77.00000   72.00000  6.49%  29.0 1360s
 1008875 128673   72.00000   27   38   77.00000   72.00000  6.49%  29.0 1365s
 1012330 128800   72.00000   37   34   77.00000   72.00000  6.49%  29.0 1370s
 1015710 128910   72.00000   37   44   77.00000   72.00000  6.49%  29.0 1375s
 1019044 129041   72.00000   45   39   77.00000   72.00000  6.49%  29.0 1380s
 1022006 129109 infeasible   36        77.00000   72.00000  6.49%  29.1 1385s
 1025386 129322   72.00000   35   37   77.00000   72.00000  6.49%  29.1 1390s
 1028979 129573   72.00000   44   45   77.00000   72.00000  6.49%  29.1 1395s
 1031925 129669 infeasible   35        77.00000   72.00000  6.49%  29.1 1400s
 1035177 129764   72.00000   35   32   77.00000   72.00000  6.49%  29.1 1405s
 1038570 129887 infeasible   46        77.00000   72.00000  6.49%  29.1 1410s
 1041574 130037   74.00000   37   32   77.00000   72.00000  6.49%  29.1 1415s
 1044767 130175   72.00000   26   44   77.00000   72.00000  6.49%  29.2 1420s
 1047997 130306 infeasible   35        77.00000   72.00000  6.49%  29.2 1425s
 1051465 130548   72.00000   30   51   77.00000   72.00000  6.49%  29.2 1430s
 1055058 130711   75.00000   42   41   77.00000   72.00000  6.49%  29.2 1435s
 1058812 130829   72.00000   27   44   77.00000   72.00000  6.49%  29.2 1440s
 1061808 130811   72.00000   30   47   77.00000   72.00000  6.49%  29.2 1445s
 1065526 130957   72.00000   33   41   77.00000   72.00000  6.49%  29.2 1450s
 1069096 131107   72.00000   42   37   77.00000   72.00000  6.49%  29.2 1455s
*1071031 131153              42      76.9999990   72.00000  6.49%  29.2 1457s
 1071976 131227 infeasible   37        77.00000   72.00000  6.49%  29.2 1460s
 1075160 131347   75.50602   32   39   77.00000   72.00000  6.49%  29.2 1465s
 1078190 131425   74.00000   41   19   77.00000   72.00000  6.49%  29.2 1470s
 1081160 131584   72.00000   48   30   77.00000   72.00000  6.49%  29.2 1475s
 1083982 131693   76.00000   36   46   77.00000   72.00000  6.49%  29.3 1480s
 1087437 131799   74.00000   37   35   77.00000   72.00000  6.49%  29.3 1485s
 1090698 131911   76.00000   40   32   77.00000   72.00000  6.49%  29.3 1490s
 1094431 132095   72.00000   32   41   77.00000   72.00000  6.49%  29.3 1495s
 1098064 132286   72.00000   38   44   77.00000   72.00000  6.49%  29.3 1500s
 1101802 132512 infeasible   34        77.00000   72.00000  6.49%  29.3 1505s
 1105748 132720   72.00000   34   48   77.00000   72.00000  6.49%  29.3 1510s
H1108137 132733                      76.9999980   72.00000  6.49%  29.3 1514s
 1108325 132730 infeasible   35        77.00000   72.00000  6.49%  29.3 1515s
H1108465 132738                      76.9999980   72.00000  6.49%  29.3 1515s
 1111280 132824   74.00000   33   59   77.00000   72.00000  6.49%  29.3 1520s
 1114594 132916   72.00000   39   21   77.00000   72.00000  6.49%  29.3 1525s
 1117849 133081 infeasible   42        77.00000   72.00000  6.49%  29.3 1530s
 1121292 133251 infeasible   48        77.00000   72.00000  6.49%  29.3 1535s
 1125421 133442   73.08333   38   35   77.00000   72.00000  6.49%  29.3 1540s
 1128841 133521 infeasible   35        77.00000   72.00000  6.49%  29.3 1545s
 1132775 133749 infeasible   36        77.00000   72.00000  6.49%  29.3 1550s
 1136407 133916   72.00000   35   31   77.00000   72.00000  6.49%  29.3 1555s
 1140005 133998   72.00000   34   63   77.00000   72.00000  6.49%  29.4 1560s
 1143495 134085 infeasible   35        77.00000   72.00000  6.49%  29.4 1565s
 1146682 134101 infeasible   53        77.00000   72.00000  6.49%  29.4 1570s
 1150456 134217 infeasible   36        77.00000   72.00000  6.49%  29.4 1575s
 1153561 134366   76.00000   33   45   77.00000   72.00000  6.49%  29.4 1580s
 1157001 134384   76.00000   37   33   77.00000   72.00000  6.49%  29.4 1585s
 1160130 134346   72.00000   39   45   77.00000   72.00000  6.49%  29.4 1590s
 1162787 134348     cutoff   47        77.00000   72.00000  6.49%  29.4 1595s
 1165749 134373   72.00000   29   46   77.00000   72.00000  6.49%  29.4 1600s
 1168881 134350 infeasible   41        77.00000   72.00000  6.49%  29.5 1605s
 1171611 134307 infeasible   46        77.00000   72.00000  6.49%  29.5 1610s
 1174715 134343 infeasible   36        77.00000   72.00000  6.49%  29.5 1615s
 1177553 134379   74.00000   39   17   77.00000   72.00000  6.49%  29.5 1620s
 1180549 134314   76.00000   40   42   77.00000   72.00000  6.49%  29.5 1625s
 1183506 134290   72.00000   44   37   77.00000   72.00000  6.49%  29.5 1630s
 1186539 134229 infeasible   38        77.00000   72.00000  6.49%  29.5 1635s
 1189510 134158 infeasible   34        77.00000   72.00000  6.49%  29.6 1640s
 1192997 134242 infeasible   37        77.00000   72.00000  6.49%  29.6 1645s
 1195530 134305 infeasible   25        77.00000   72.00000  6.49%  29.6 1650s
 1198356 134338 infeasible   37        77.00000   72.00000  6.49%  29.6 1655s
 1201004 134325   73.00000   34   34   77.00000   72.00000  6.49%  29.6 1660s
 1204126 134410 infeasible   39        77.00000   72.00000  6.49%  29.6 1665s
 1207174 134481 infeasible   37        77.00000   72.00000  6.49%  29.7 1670s
 1210102 134487   72.00000   33   49   77.00000   72.00000  6.49%  29.7 1675s
 1213339 134535   76.00000   42   45   77.00000   72.00000  6.49%  29.7 1680s
 1216772 134646   75.00000   49   39   77.00000   72.00000  6.49%  29.7 1685s
 1219805 134581   73.03571   38   52   77.00000   72.00000  6.49%  29.7 1690s
 1223139 134550   72.00000   30   67   77.00000   72.00000  6.49%  29.7 1695s
 1226621 134653 infeasible   48        77.00000   72.00000  6.49%  29.7 1700s
 1229794 134761   76.00000   37   22   77.00000   72.00000  6.49%  29.7 1705s
 1233071 134720   72.00000   28   44   77.00000   72.00000  6.49%  29.7 1710s
 1235873 134722 infeasible   39        77.00000   72.00000  6.49%  29.8 1715s
 1238697 134716 infeasible   37        77.00000   72.00000  6.49%  29.8 1720s
 1241769 134695 infeasible   43        77.00000   72.00000  6.49%  29.8 1725s
 1244825 134710   76.10000   37   29   77.00000   72.00000  6.49%  29.8 1730s
 1247575 134741 infeasible   41        77.00000   72.00000  6.49%  29.8 1735s
 1250089 134788   72.00000   40   34   77.00000   72.00000  6.49%  29.8 1740s
 1253170 134811 infeasible   44        77.00000   72.00000  6.49%  29.8 1745s
 1256185 134830   73.00000   29   33   77.00000   72.00000  6.49%  29.8 1750s
 1258899 134742   72.00000   33   45   77.00000   72.00000  6.49%  29.9 1755s
 1261943 134806   73.00000   39   31   77.00000   72.00000  6.49%  29.9 1760s
 1265049 134805   72.00000   35   30   77.00000   72.00000  6.49%  29.9 1765s
 1268279 134828     cutoff   34        77.00000   72.00000  6.49%  29.9 1770s
 1271391 134837 infeasible   38        77.00000   72.00000  6.49%  29.9 1775s
 1274549 134920   72.00000   30   22   77.00000   72.00000  6.49%  29.9 1780s
 1277648 134936   72.00000   38   51   77.00000   72.00000  6.49%  29.9 1785s
 1280779 135088 infeasible   44        77.00000   72.00000  6.49%  30.0 1790s
 1283816 135098   76.00000   39   32   77.00000   72.00000  6.49%  30.0 1795s

Cutting planes:
  Learned: 2
  Gomory: 47
  Cover: 286
  Implied bound: 203
  Clique: 21
  MIR: 144
  StrongCG: 4
  Flow cover: 328
  GUB cover: 2
  Inf proof: 343
  RLT: 7
  Relax-and-lift: 18

Explored 1286865 nodes (38582993 simplex iterations) in 1800.00 seconds (1704.87 work units)
Thread count was 1 (of 96 available processors)

Solution count 10: 77 77 77 ... 80

Time limit reached
Best objective 7.699999803256e+01, best bound 7.200000000000e+01, gap 6.4935%
WARNING: Loading a SolverResults object with an 'aborted' status, but
    containing a solution

Instance 18_3, formulation reagg_tres, reform MIP:
  Rect 0: x = 44.00, y = 2.00
  Rect 1: x = 44.00, y = 6.00
  Rect 2: x = 3.00, y = 9.00
  Rect 3: x = 27.00, y = 10.00
  Rect 4: x = 45.00, y = 12.00
  Rect 5: x = 3.00, y = 12.00
  Rect 6: x = 63.00, y = 11.00
  Rect 7: x = 53.00, y = 10.00
  Rect 8: x = 0.00, y = 12.00
  Rect 9: x = 39.00, y = 10.00
  Rect 10: x = 55.00, y = 12.00
  Rect 11: x = 64.00, y = 12.00
  Rect 12: x = 39.00, y = 6.00
  Rect 13: x = 66.00, y = 11.00
  Rect 14: x = 62.00, y = 12.00
  Rect 15: x = 39.00, y = 8.00
  Rect 16: x = 27.00, y = 12.00
  Rect 17: x = 18.00, y = 11.00
  → saved figures to strip_figures/18_3_reagg_tres_MIP.png and strip_figures/18_3_reagg_tres_MIP.pdf
Set parameter TokenServer to value "mooring.ecn.purdue.edu"
Read LP format model from file /tmp/tmpi86nel34.pyomo.lp
Reading time = 0.00 seconds
x650: 2008 rows, 650 columns, 4933 nonzeros
Set parameter TimeLimit to value 1800
Set parameter Threads to value 1
Gurobi Optimizer version 11.0.0 build v11.0.0rc2 (linux64 - "Oracle Linux Server 9.6")

CPU model: AMD EPYC 7643 48-Core Processor, instruction set [SSE2|AVX|AVX2]
Thread count: 48 physical cores, 96 logical processors, using up to 1 threads

Optimize a model with 2008 rows, 650 columns and 4933 nonzeros
Model fingerprint: 0x5cbcf253
Variable types: 38 continuous, 612 integer (612 binary)
Coefficient statistics:
  Matrix range     [1e+00, 2e+02]
  Objective range  [1e+00, 1e+00]
  Bounds range     [1e+00, 1e+02]
  RHS range        [1e+00, 1e+02]
Presolve removed 1363 rows and 140 columns
Presolve time: 0.00s
Presolved: 645 rows, 510 columns, 2024 nonzeros
Variable types: 36 continuous, 474 integer (474 binary)
Found heuristic solution: objective 107.0000000

Root relaxation: objective 2.800000e+01, 242 iterations, 0.00 seconds (0.00 work units)

    Nodes    |    Current Node    |     Objective Bounds      |     Work
 Expl Unexpl |  Obj  Depth IntInf | Incumbent    BestBd   Gap | It/Node Time

     0     0   28.00000    0   35  107.00000   28.00000  73.8%     -    0s
H    0     0                      82.0000000   28.00000  65.9%     -    0s
     0     0   39.08696    0  146   82.00000   39.08696  52.3%     -    0s
     0     0   42.69565    0  132   82.00000   42.69565  47.9%     -    0s
     0     0   42.69565    0  132   82.00000   42.69565  47.9%     -    0s
     0     0   42.97545    0  155   82.00000   42.97545  47.6%     -    0s
     0     0   44.57896    0  151   82.00000   44.57896  45.6%     -    0s
     0     0   44.57896    0  194   82.00000   44.57896  45.6%     -    0s
     0     0   44.57896    0  180   82.00000   44.57896  45.6%     -    0s
     0     0   44.57896    0  176   82.00000   44.57896  45.6%     -    0s
     0     0   44.57896    0  176   82.00000   44.57896  45.6%     -    0s
     0     0   44.57896    0  159   82.00000   44.57896  45.6%     -    0s
     0     0   44.57896    0  124   82.00000   44.57896  45.6%     -    0s
     0     0   44.57896    0  146   82.00000   44.57896  45.6%     -    0s
     0     0   44.57896    0  135   82.00000   44.57896  45.6%     -    0s
     0     0   44.57896    0  117   82.00000   44.57896  45.6%     -    0s
H    0     0                      80.0000000   44.57896  44.3%     -    0s
     0     0   44.57896    0  124   80.00000   44.57896  44.3%     -    0s
     0     0   44.57896    0  149   80.00000   44.57896  44.3%     -    0s
     0     0   44.57896    0  171   80.00000   44.57896  44.3%     -    0s
     0     0   44.57896    0  160   80.00000   44.57896  44.3%     -    0s
     0     0   44.57896    0   35   80.00000   44.57896  44.3%     -    0s
     0     2   44.75035    0   35   80.00000   44.75035  44.1%     -    0s
*  224   129              86      79.0000000   46.26220  41.4%   9.7    0s
*  343   203              80      78.0000000   46.93072  39.8%   8.7    0s
*  770   416              49      78.0000000   47.84058  38.7%  13.9    0s
  3867   941   73.00000   24   82   78.00000   63.52174  18.6%  25.5    5s
  7182  1331     cutoff   20        78.00000   69.00000  11.5%  30.3   10s
 10644  1318 infeasible   24        78.00000   69.00000  11.5%  30.7   15s
 14414  1146   69.00000   25  106   78.00000   69.00000  11.5%  30.1   20s
 18199   975     cutoff   27        78.00000   69.00000  11.5%  30.3   25s
 22198   783   69.00000   23   55   78.00000   69.00000  11.5%  30.1   30s
 25255   688     cutoff   29        78.00000   69.00000  11.5%  30.1   35s
 27840   441   69.00000   27   70   78.00000   69.00000  11.5%  30.7   40s

Cutting planes:
  Gomory: 19
  Cover: 130
  Implied bound: 57
  Clique: 29
  MIR: 43
  StrongCG: 4
  Flow cover: 60
  Inf proof: 19
  RLT: 23
  Relax-and-lift: 9
  BQP: 1

Explored 30626 nodes (960699 simplex iterations) in 44.68 seconds (40.65 work units)
Thread count was 1 (of 96 available processors)

Solution count 7: 78 78 78 ... 107

Optimal solution found (tolerance 1.00e-04)
Best objective 7.800000000000e+01, best bound 7.800000000000e+01, gap 0.0000%

Instance 18_4, formulation altered, reform bigm:
  Rect 0: x = 0.00, y = 14.00
  Rect 1: x = 21.00, y = 14.00
  Rect 2: x = 35.00, y = 14.00
  Rect 3: x = 37.00, y = 14.00
  Rect 4: x = 13.00, y = 1.00
  Rect 5: x = 2.00, y = 1.00
  Rect 6: x = 73.00, y = 14.00
  Rect 7: x = 31.00, y = 8.00
  Rect 8: x = 13.00, y = 14.00
  Rect 9: x = 44.00, y = 14.00
  Rect 10: x = 0.00, y = 5.00
  Rect 11: x = 53.00, y = 14.00
  Rect 12: x = 50.00, y = 2.00
  Rect 13: x = 21.00, y = 8.00
  Rect 14: x = 59.00, y = 14.00
  Rect 15: x = 4.00, y = 2.00
  Rect 16: x = 44.00, y = 5.00
  Rect 17: x = 0.00, y = 1.00
  → saved figures to strip_figures/18_4_altered_bigm.png and strip_figures/18_4_altered_bigm.pdf
Set parameter TokenServer to value "mooring.ecn.purdue.edu"
Read LP format model from file /tmp/tmpqrnk1e2i.pyomo.lp
Reading time = 0.01 seconds
x3098: 6292 rows, 3098 columns, 16527 nonzeros
Set parameter TimeLimit to value 1800
Set parameter Threads to value 1
Gurobi Optimizer version 11.0.0 build v11.0.0rc2 (linux64 - "Oracle Linux Server 9.6")

CPU model: AMD EPYC 7643 48-Core Processor, instruction set [SSE2|AVX|AVX2]
Thread count: 48 physical cores, 96 logical processors, using up to 1 threads

Optimize a model with 6292 rows, 3098 columns and 16527 nonzeros
Model fingerprint: 0x44cf5899
Variable types: 2486 continuous, 612 integer (612 binary)
Coefficient statistics:
  Matrix range     [1e+00, 1e+02]
  Objective range  [1e+00, 1e+00]
  Bounds range     [1e+00, 1e+02]
  RHS range        [1e+00, 2e+01]
Presolve removed 1895 rows and 692 columns
Presolve time: 0.03s
Presolved: 4397 rows, 2406 columns, 11586 nonzeros
Variable types: 1932 continuous, 474 integer (474 binary)
Found heuristic solution: objective 149.0000000

Root relaxation: objective 2.800000e+01, 1144 iterations, 0.03 seconds (0.03 work units)

    Nodes    |    Current Node    |     Objective Bounds      |     Work
 Expl Unexpl |  Obj  Depth IntInf | Incumbent    BestBd   Gap | It/Node Time

     0     0   28.00000    0  141  149.00000   28.00000  81.2%     -    0s
     0     0   28.00000    0  204  149.00000   28.00000  81.2%     -    0s
H    0     0                     108.0000000   28.00000  74.1%     -    0s
     0     0   28.00000    0  185  108.00000   28.00000  74.1%     -    0s
     0     0   28.00000    0   96  108.00000   28.00000  74.1%     -    0s
     0     0   28.00000    0   96  108.00000   28.00000  74.1%     -    0s
     0     0   28.00000    0   63  108.00000   28.00000  74.1%     -    0s
H    0     0                     107.0000000   28.00000  73.8%     -    0s
     0     0   28.00000    0   93  107.00000   28.00000  73.8%     -    0s
     0     0   28.03896    0  127  107.00000   28.03896  73.8%     -    0s
H    0     0                     105.0000000   28.03896  73.3%     -    0s
     0     0   28.03896    0  167  105.00000   28.03896  73.3%     -    0s
     0     0   28.12305    0  208  105.00000   28.12305  73.2%     -    0s
H    0     0                     104.0000000   28.25785  72.8%     -    0s
     0     0   28.25785    0  197  104.00000   28.25785  72.8%     -    0s
     0     0   28.26168    0  207  104.00000   28.26168  72.8%     -    1s
     0     0   28.40000    0  199  104.00000   28.40000  72.7%     -    1s
     0     0   28.40000    0  193  104.00000   28.40000  72.7%     -    1s
H    0     0                      96.0000000   28.50000  70.3%     -    1s
     0     0   28.50000    0  193   96.00000   28.50000  70.3%     -    1s
     0     0   28.50000    0  195   96.00000   28.50000  70.3%     -    1s
     0     0   28.50000    0  184   96.00000   28.50000  70.3%     -    1s
     0     0   28.50000    0  119   96.00000   28.50000  70.3%     -    1s
     0     0   28.50000    0  139   96.00000   28.50000  70.3%     -    1s
     0     0   28.50000    0  125   96.00000   28.50000  70.3%     -    1s
     0     0   28.50000    0  146   96.00000   28.50000  70.3%     -    1s
     0     0   28.50000    0  110   96.00000   28.50000  70.3%     -    1s
     0     0   28.50000    0  105   96.00000   28.50000  70.3%     -    1s
     0     2   29.00000    0  105   96.00000   29.00000  69.8%     -    2s
H   27    27                      95.0000000   29.00000  69.5%   128    2s
H  108   104                      93.0000000   29.00000  68.8%  54.6    2s
H  130   126                      91.0000000   29.00000  68.1%  48.6    2s
H  135   129                      88.0000000   29.00000  67.0%  47.6    2s
H  156    97                      82.0000000   29.00000  64.6%  50.7    2s
H  540   413                      82.0000000   29.28788  64.3%  58.7    3s
   570   438   70.00000   20  163   82.00000   29.28788  64.3%  58.0    5s
*  803   537              73      81.0000000   40.00000  50.6%  94.3    8s
*  809   512              76      80.0000000   40.00000  50.0%  93.7    8s
*  818   444              81      79.0000000   40.00000  49.4%  92.8    8s
*  943   425              78      78.0000000   40.00000  48.7%  89.6    9s
  1010   456   69.00000   30   84   78.00000   40.00000  48.7%  89.8   10s
H 1093   465                      78.0000000   40.00000  48.7%  93.9   10s
  1534   535   47.00000   19  131   78.00000   41.00000  47.4%   101   15s
  2087   651 infeasible   28        78.00000   46.00000  41.0%   108   20s
  2653   780   59.00000   27  101   78.00000   47.00000  39.7%   111   25s
  3249   915   61.00000   27  112   78.00000   48.00000  38.5%   116   30s
  3947  1104   50.00000   21  106   78.00000   49.00000  37.2%   115   35s
  4379  1183 infeasible   28        78.00000   49.00000  37.2%   119   40s
  5006  1269   69.00000   25   66   78.00000   50.00000  35.9%   121   45s
  5658  1370 infeasible   26        78.00000   50.00000  35.9%   122   50s
  6048  1437 infeasible   30        78.00000   50.00000  35.9%   125   55s
  6657  1504   69.00000   28  102   78.00000   51.00000  34.6%   127   60s
H 6894  1531                      78.0000000   52.00000  33.3%   127   62s
  7228  1575   55.16100   21   85   78.00000   54.00000  30.8%   128   65s
  7708  1606 infeasible   28        78.00000   54.00000  30.8%   129   70s
  8268  1642   54.00000   23  108   78.00000   54.00000  30.8%   130   75s
  9057  1757   60.00000   21   72   78.00000   55.00000  29.5%   128   80s
  9815  1866   55.00000   25  104   78.00000   55.00000  29.5%   127   85s
 10202  1934   64.00000   28   89   78.00000   55.00000  29.5%   127   98s
 10418  1961   69.00000   29  104   78.00000   55.00000  29.5%   127  100s
 10993  2024   69.00000   35  103   78.00000   55.00000  29.5%   129  105s
 11529  2105 infeasible   33        78.00000   55.00000  29.5%   130  110s
 12223  2186   73.00000   35   56   78.00000   56.00000  28.2%   130  115s
 13128  2304   68.00000   29   57   78.00000   56.00000  28.2%   129  120s
 13876  2392   69.00000   27   73   78.00000   56.00000  28.2%   128  125s
 14552  2484 infeasible   30        78.00000   56.00000  28.2%   128  130s
 15317  2590   73.00000   33   74   78.00000   56.00000  28.2%   128  135s
 16024  2674   64.00000   22  130   78.00000   56.00000  28.2%   129  140s
 16645  2766 infeasible   35        78.00000   56.00000  28.2%   129  145s
 17249  2844   70.00000   24   85   78.00000   57.00000  26.9%   130  150s
 18021  2953 infeasible   27        78.00000   57.00000  26.9%   130  155s
 18780  3076   57.00000   24  122   78.00000   57.00000  26.9%   130  160s
 19269  3156   58.00000   27  117   78.00000   57.00000  26.9%   131  165s
 19885  3259   69.00000   29  104   78.00000   57.00000  26.9%   132  170s
 20619  3306   64.00000   23   88   78.00000   58.00000  25.6%   131  175s
 21413  3365   70.00000   27   77   78.00000   58.00000  25.6%   130  180s
 22058  3416 infeasible   29        78.00000   58.00000  25.6%   130  185s
 22768  3462   61.00000   29   84   78.00000   58.00000  25.6%   130  190s
 23466  3525   64.00000   25   85   78.00000   58.00000  25.6%   129  195s
 24061  3563   64.00000   30   98   78.00000   58.00000  25.6%   130  200s
 24510  3584   63.00000   26   91   78.00000   58.00000  25.6%   131  205s
 25033  3587   64.00000   27  104   78.00000   58.04762  25.6%   132  210s
 25610  3575   59.00000   22  102   78.00000   59.00000  24.4%   132  215s
 26193  3518   63.00000   25   82   78.00000   60.00000  23.1%   133  220s
 26763  3463 infeasible   26        78.00000   60.00000  23.1%   134  225s
 27303  3386   61.00000   34  106   78.00000   61.00000  21.8%   135  230s
 27873  3326   63.00000   25   84   78.00000   62.00000  20.5%   135  235s
 28378  3292   63.00000   27   60   78.00000   63.00000  19.2%   136  240s
 28941  3264 infeasible   26        78.00000   63.00000  19.2%   136  245s
 29614  3207   71.00000   26   92   78.00000   63.00000  19.2%   136  250s
 30202  3151   64.00000   36   88   78.00000   63.00000  19.2%   137  255s
 30756  3073 infeasible   27        78.00000   63.00000  19.2%   137  260s
 31326  3026   73.00000   34  101   78.00000   63.00000  19.2%   138  265s
 31849  2948 infeasible   27        78.00000   64.00000  17.9%   138  270s
 32733  2788   69.00000   24   59   78.00000   64.00000  17.9%   137  275s
 33551  2681   73.00000   32   68   78.00000   64.00000  17.9%   137  280s
 34353  2571     cutoff   28        78.00000   64.00000  17.9%   136  285s
 35125  2484   64.00000   29   77   78.00000   64.00000  17.9%   135  290s
 35839  2373 infeasible   25        78.00000   64.00000  17.9%   135  295s
 36575  2290   64.00000   36   81   78.00000   64.00000  17.9%   134  300s
 37244  2194   64.00000   25   73   78.00000   64.00000  17.9%   134  305s
 37945  2108   64.00000   28   81   78.00000   64.00000  17.9%   134  310s
 38632  2035   73.00000   33   77   78.00000   64.00000  17.9%   134  315s
 39276  1920   69.00000   27   81   78.00000   64.00000  17.9%   134  320s
 39936  1815   73.00000   34   86   78.00000   64.00000  17.9%   134  325s
 40480  1725   73.00000   28  108   78.00000   64.00000  17.9%   135  330s
 40938  1641 infeasible   24        78.00000   64.00000  17.9%   135  335s
 41567  1498   73.00000   35   82   78.00000   65.00000  16.7%   135  340s
 42213  1268   73.00000   31   89   78.00000   67.00000  14.1%   136  345s
 42927  1078 infeasible   29        78.00000   68.00000  12.8%   136  350s
 43484   754   69.00000   26  108   78.00000   69.00000  11.5%   137  355s
 44092   478   73.00000   33   67   78.00000   73.00000  6.41%   137  360s
 44905   178   73.00000   35  100   78.00000   73.00000  6.41%   136  365s

Cutting planes:
  Gomory: 6
  Cover: 206
  Implied bound: 228
  Clique: 7
  MIR: 61
  Flow cover: 306
  Inf proof: 7
  Zero half: 1
  Network: 2
  RLT: 67
  Relax-and-lift: 12
  BQP: 2

Explored 45129 nodes (6148120 simplex iterations) in 365.86 seconds (332.96 work units)
Thread count was 1 (of 96 available processors)

Solution count 10: 78 78 79 ... 93

Optimal solution found (tolerance 1.00e-04)
Best objective 7.800000000000e+01, best bound 7.800000000000e+01, gap 0.0000%

Instance 18_4, formulation altered, reform hull:
  Rect 0: x = 22.00, y = 10.00
  Rect 1: x = 35.00, y = 7.00
  Rect 2: x = 13.00, y = 5.00
  Rect 3: x = 49.00, y = 4.00
  Rect 4: x = 15.00, y = 1.00
  Rect 5: x = 5.00, y = 1.00
  Rect 6: x = 0.00, y = 14.00
  Rect 7: x = 45.00, y = 13.00
  Rect 8: x = 5.00, y = 13.00
  Rect 9: x = 13.00, y = 14.00
  Rect 10: x = 58.00, y = 14.00
  Rect 11: x = 58.00, y = 10.00
  Rect 12: x = 62.00, y = 14.00
  Rect 13: x = 35.00, y = 14.00
  Rect 14: x = 64.00, y = 12.00
  Rect 15: x = 49.00, y = 6.00
  Rect 16: x = 15.00, y = 5.00
  Rect 17: x = 5.00, y = 14.00
  → saved figures to strip_figures/18_4_altered_hull.png and strip_figures/18_4_altered_hull.pdf
Set parameter TokenServer to value "mooring.ecn.purdue.edu"
Read LP format model from file /tmp/tmp1ojejg33.pyomo.lp
Reading time = 0.00 seconds
x650: 2008 rows, 650 columns, 4933 nonzeros
Set parameter TimeLimit to value 1800
Set parameter Threads to value 1
Gurobi Optimizer version 11.0.0 build v11.0.0rc2 (linux64 - "Oracle Linux Server 9.6")

CPU model: AMD EPYC 7643 48-Core Processor, instruction set [SSE2|AVX|AVX2]
Thread count: 48 physical cores, 96 logical processors, using up to 1 threads

Optimize a model with 2008 rows, 650 columns and 4933 nonzeros
Model fingerprint: 0x5cbcf253
Variable types: 38 continuous, 612 integer (612 binary)
Coefficient statistics:
  Matrix range     [1e+00, 2e+02]
  Objective range  [1e+00, 1e+00]
  Bounds range     [1e+00, 1e+02]
  RHS range        [1e+00, 1e+02]
Presolve removed 1363 rows and 140 columns
Presolve time: 0.00s
Presolved: 645 rows, 510 columns, 2024 nonzeros
Variable types: 36 continuous, 474 integer (474 binary)
Found heuristic solution: objective 107.0000000

Root relaxation: objective 2.800000e+01, 242 iterations, 0.00 seconds (0.00 work units)

    Nodes    |    Current Node    |     Objective Bounds      |     Work
 Expl Unexpl |  Obj  Depth IntInf | Incumbent    BestBd   Gap | It/Node Time

     0     0   28.00000    0   35  107.00000   28.00000  73.8%     -    0s
H    0     0                      82.0000000   28.00000  65.9%     -    0s
     0     0   39.08696    0  146   82.00000   39.08696  52.3%     -    0s
     0     0   42.69565    0  132   82.00000   42.69565  47.9%     -    0s
     0     0   42.69565    0  132   82.00000   42.69565  47.9%     -    0s
     0     0   42.97545    0  155   82.00000   42.97545  47.6%     -    0s
     0     0   44.57896    0  151   82.00000   44.57896  45.6%     -    0s
     0     0   44.57896    0  194   82.00000   44.57896  45.6%     -    0s
     0     0   44.57896    0  180   82.00000   44.57896  45.6%     -    0s
     0     0   44.57896    0  176   82.00000   44.57896  45.6%     -    0s
     0     0   44.57896    0  176   82.00000   44.57896  45.6%     -    0s
     0     0   44.57896    0  159   82.00000   44.57896  45.6%     -    0s
     0     0   44.57896    0  124   82.00000   44.57896  45.6%     -    0s
     0     0   44.57896    0  146   82.00000   44.57896  45.6%     -    0s
     0     0   44.57896    0  135   82.00000   44.57896  45.6%     -    0s
     0     0   44.57896    0  117   82.00000   44.57896  45.6%     -    0s
H    0     0                      80.0000000   44.57896  44.3%     -    0s
     0     0   44.57896    0  124   80.00000   44.57896  44.3%     -    0s
     0     0   44.57896    0  149   80.00000   44.57896  44.3%     -    0s
     0     0   44.57896    0  171   80.00000   44.57896  44.3%     -    0s
     0     0   44.57896    0  160   80.00000   44.57896  44.3%     -    0s
     0     0   44.57896    0   35   80.00000   44.57896  44.3%     -    0s
     0     2   44.75035    0   35   80.00000   44.75035  44.1%     -    0s
*  224   129              86      79.0000000   46.26220  41.4%   9.7    0s
*  343   203              80      78.0000000   46.93072  39.8%   8.7    0s
*  770   416              49      78.0000000   47.84058  38.7%  13.9    0s
  3867   941   73.00000   24   82   78.00000   63.52174  18.6%  25.5    5s
  7099  1336   73.00000   28   74   78.00000   69.00000  11.5%  30.4   10s
 10578  1332   69.00000   28  102   78.00000   69.00000  11.5%  30.6   15s
 14274  1149   69.00000   24   67   78.00000   69.00000  11.5%  30.2   20s
 18040   990   69.00000   30   86   78.00000   69.00000  11.5%  30.3   25s
 22010   793   72.00000   28  100   78.00000   69.00000  11.5%  30.1   30s
 25255   688     cutoff   29        78.00000   69.00000  11.5%  30.1   36s
 27669   468 infeasible   22        78.00000   69.00000  11.5%  30.6   40s
 30561    64 infeasible   36        78.00000   74.00000  5.13%  31.3   45s

Cutting planes:
  Gomory: 19
  Cover: 130
  Implied bound: 57
  Clique: 29
  MIR: 43
  StrongCG: 4
  Flow cover: 60
  Inf proof: 19
  RLT: 23
  Relax-and-lift: 9
  BQP: 1

Explored 30626 nodes (960699 simplex iterations) in 45.04 seconds (40.65 work units)
Thread count was 1 (of 96 available processors)

Solution count 7: 78 78 78 ... 107

Optimal solution found (tolerance 1.00e-04)
Best objective 7.800000000000e+01, best bound 7.800000000000e+01, gap 0.0000%

Instance 18_4, formulation tres, reform bigm:
  Rect 0: x = 0.00, y = 14.00
  Rect 1: x = 21.00, y = 14.00
  Rect 2: x = 35.00, y = 14.00
  Rect 3: x = 37.00, y = 14.00
  Rect 4: x = 13.00, y = 1.00
  Rect 5: x = 2.00, y = 1.00
  Rect 6: x = 73.00, y = 14.00
  Rect 7: x = 31.00, y = 8.00
  Rect 8: x = 13.00, y = 14.00
  Rect 9: x = 44.00, y = 14.00
  Rect 10: x = 0.00, y = 5.00
  Rect 11: x = 53.00, y = 14.00
  Rect 12: x = 50.00, y = 2.00
  Rect 13: x = 21.00, y = 8.00
  Rect 14: x = 59.00, y = 14.00
  Rect 15: x = 4.00, y = 2.00
  Rect 16: x = 44.00, y = 5.00
  Rect 17: x = 0.00, y = 1.00
  → saved figures to strip_figures/18_4_tres_bigm.png and strip_figures/18_4_tres_bigm.pdf
Set parameter TokenServer to value "mooring.ecn.purdue.edu"
Read LP format model from file /tmp/tmp7j5nvo69.pyomo.lp
Reading time = 0.01 seconds
x3098: 6292 rows, 3098 columns, 16527 nonzeros
Set parameter TimeLimit to value 1800
Set parameter Threads to value 1
Gurobi Optimizer version 11.0.0 build v11.0.0rc2 (linux64 - "Oracle Linux Server 9.6")

CPU model: AMD EPYC 7643 48-Core Processor, instruction set [SSE2|AVX|AVX2]
Thread count: 48 physical cores, 96 logical processors, using up to 1 threads

Optimize a model with 6292 rows, 3098 columns and 16527 nonzeros
Model fingerprint: 0x44cf5899
Variable types: 2486 continuous, 612 integer (612 binary)
Coefficient statistics:
  Matrix range     [1e+00, 1e+02]
  Objective range  [1e+00, 1e+00]
  Bounds range     [1e+00, 1e+02]
  RHS range        [1e+00, 2e+01]
Presolve removed 1895 rows and 692 columns
Presolve time: 0.03s
Presolved: 4397 rows, 2406 columns, 11586 nonzeros
Variable types: 1932 continuous, 474 integer (474 binary)
Found heuristic solution: objective 149.0000000

Root relaxation: objective 2.800000e+01, 1144 iterations, 0.03 seconds (0.03 work units)

    Nodes    |    Current Node    |     Objective Bounds      |     Work
 Expl Unexpl |  Obj  Depth IntInf | Incumbent    BestBd   Gap | It/Node Time

     0     0   28.00000    0  141  149.00000   28.00000  81.2%     -    0s
     0     0   28.00000    0  204  149.00000   28.00000  81.2%     -    0s
H    0     0                     108.0000000   28.00000  74.1%     -    0s
     0     0   28.00000    0  185  108.00000   28.00000  74.1%     -    0s
     0     0   28.00000    0   96  108.00000   28.00000  74.1%     -    0s
     0     0   28.00000    0   96  108.00000   28.00000  74.1%     -    0s
     0     0   28.00000    0   63  108.00000   28.00000  74.1%     -    0s
H    0     0                     107.0000000   28.00000  73.8%     -    0s
     0     0   28.00000    0   93  107.00000   28.00000  73.8%     -    0s
     0     0   28.03896    0  127  107.00000   28.03896  73.8%     -    0s
H    0     0                     105.0000000   28.03896  73.3%     -    0s
     0     0   28.03896    0  167  105.00000   28.03896  73.3%     -    0s
     0     0   28.12305    0  208  105.00000   28.12305  73.2%     -    0s
H    0     0                     104.0000000   28.25785  72.8%     -    0s
     0     0   28.25785    0  197  104.00000   28.25785  72.8%     -    0s
     0     0   28.26168    0  207  104.00000   28.26168  72.8%     -    1s
     0     0   28.40000    0  199  104.00000   28.40000  72.7%     -    1s
     0     0   28.40000    0  193  104.00000   28.40000  72.7%     -    1s
H    0     0                      96.0000000   28.50000  70.3%     -    1s
     0     0   28.50000    0  193   96.00000   28.50000  70.3%     -    1s
     0     0   28.50000    0  195   96.00000   28.50000  70.3%     -    1s
     0     0   28.50000    0  184   96.00000   28.50000  70.3%     -    1s
     0     0   28.50000    0  119   96.00000   28.50000  70.3%     -    1s
     0     0   28.50000    0  139   96.00000   28.50000  70.3%     -    1s
     0     0   28.50000    0  125   96.00000   28.50000  70.3%     -    1s
     0     0   28.50000    0  146   96.00000   28.50000  70.3%     -    1s
     0     0   28.50000    0  110   96.00000   28.50000  70.3%     -    1s
     0     0   28.50000    0  105   96.00000   28.50000  70.3%     -    1s
     0     2   29.00000    0  105   96.00000   29.00000  69.8%     -    2s
H   27    27                      95.0000000   29.00000  69.5%   128    2s
H  108   104                      93.0000000   29.00000  68.8%  54.6    2s
H  130   126                      91.0000000   29.00000  68.1%  48.6    2s
H  135   129                      88.0000000   29.00000  67.0%  47.6    2s
H  156    97                      82.0000000   29.00000  64.6%  50.7    2s
H  540   413                      82.0000000   29.28788  64.3%  58.7    3s
   570   438   70.00000   20  163   82.00000   29.28788  64.3%  58.0    5s
*  803   537              73      81.0000000   40.00000  50.6%  94.3    8s
*  809   512              76      80.0000000   40.00000  50.0%  93.7    8s
*  818   444              81      79.0000000   40.00000  49.4%  92.8    8s
*  943   425              78      78.0000000   40.00000  48.7%  89.6    9s
  1010   456   69.00000   30   84   78.00000   40.00000  48.7%  89.8   10s
H 1093   465                      78.0000000   40.00000  48.7%  93.9   10s
  1538   538   51.00000   23  120   78.00000   41.00000  47.4%   101   15s
  2089   653   69.00000   29   94   78.00000   46.00000  41.0%   108   20s
  2659   778   47.00000   19  150   78.00000   47.00000  39.7%   111   25s
  3262   918   49.00000   18  102   78.00000   48.00000  38.5%   116   30s
  3959  1108   64.24375   27   76   78.00000   49.00000  37.2%   115   35s
  4383  1183   54.00000   26  125   78.00000   49.00000  37.2%   119   40s
  5017  1270   64.00000   24   63   78.00000   50.00000  35.9%   120   45s
  5665  1369 infeasible   26        78.00000   50.00000  35.9%   122   50s
  6055  1439     cutoff   34        78.00000   50.00000  35.9%   125   55s
  6662  1505   68.00000   26  100   78.00000   51.26829  34.3%   127   60s
H 6894  1531                      78.0000000   52.00000  33.3%   127   62s
  7230  1577   71.00000   23   84   78.00000   54.00000  30.8%   128   65s
  7712  1608   56.00000   23   95   78.00000   54.00000  30.8%   129   70s
  8276  1646 infeasible   30        78.00000   54.00000  30.8%   130   75s
  9063  1757 infeasible   23        78.00000   55.00000  29.5%   128   80s
  9822  1871 infeasible   32        78.00000   55.00000  29.5%   127   85s
 10202  1934   64.00000   28   89   78.00000   55.00000  29.5%   127   98s
 10427  1962   69.00000   33  110   78.00000   55.00000  29.5%   127  100s
 11006  2023 infeasible   29        78.00000   55.00000  29.5%   129  105s
 11542  2106 infeasible   25        78.00000   55.00000  29.5%   130  110s
 12245  2186   64.00000   24   64   78.00000   56.00000  28.2%   130  115s
 13137  2303 infeasible   31        78.00000   56.00000  28.2%   129  120s
 13883  2391 infeasible   29        78.00000   56.00000  28.2%   128  125s
 14562  2490   64.00000   31   93   78.00000   56.00000  28.2%   128  130s
 15331  2592 infeasible   32        78.00000   56.00000  28.2%   128  135s
 16037  2677   56.00000   23  115   78.00000   56.00000  28.2%   129  140s
 16662  2767 infeasible   32        78.00000   56.00000  28.2%   129  145s
 17276  2849     cutoff   30        78.00000   57.00000  26.9%   130  150s
 18030  2952   57.00000   22  110   78.00000   57.00000  26.9%   130  155s
 18791  3081   77.00000   29   98   78.00000   57.00000  26.9%   130  160s
 19283  3158 infeasible   33        78.00000   57.00000  26.9%   131  165s
 19894  3258 infeasible   30        78.00000   57.00000  26.9%   132  170s
 20633  3307   73.00000   25   78   78.00000   58.00000  25.6%   131  175s
 21427  3371   73.00000   27   66   78.00000   58.00000  25.6%   130  180s
 22072  3418 infeasible   28        78.00000   58.00000  25.6%   130  185s
 22781  3465 infeasible   32        78.00000   58.00000  25.6%   130  190s
 23477  3528   69.00000   29   83   78.00000   58.00000  25.6%   129  195s
 24073  3559 infeasible   30        78.00000   58.00000  25.6%   130  200s
 24518  3582   63.00000   29  107   78.00000   58.00000  25.6%   131  205s
 25044  3584 infeasible   25        78.00000   58.04762  25.6%   132  210s
 25620  3575 infeasible   24        78.00000   59.00000  24.4%   132  215s
 26210  3521 infeasible   24        78.00000   60.00000  23.1%   133  220s
 26776  3465   73.00000   26   76   78.00000   60.00000  23.1%   134  225s
 27313  3386     cutoff   30        78.00000   61.00000  21.8%   135  230s
 27884  3323 infeasible   27        78.00000   62.00000  20.5%   135  235s
 28394  3292     cutoff   30        78.00000   63.00000  19.2%   136  240s
 28953  3267   67.00000   26   86   78.00000   63.00000  19.2%   136  245s
 29622  3203   63.00000   24   91   78.00000   63.00000  19.2%   136  250s
 30212  3151   64.00000   35   72   78.00000   63.00000  19.2%   137  255s
 30760  3073   73.00000   25  103   78.00000   63.00000  19.2%   137  260s
 31335  3019   63.00000   26  118   78.00000   63.00000  19.2%   138  265s
 31866  2943   69.00000   29   48   78.00000   64.00000  17.9%   138  270s
 32750  2781     cutoff   27        78.00000   64.00000  17.9%   137  275s
 33565  2679   73.00000   31   62   78.00000   64.00000  17.9%   137  280s
 34375  2569   69.00000   28   75   78.00000   64.00000  17.9%   136  285s
 35139  2481 infeasible   28        78.00000   64.00000  17.9%   135  290s
 35859  2373     cutoff   34        78.00000   64.00000  17.9%   135  295s
 36592  2285   71.00000   31   94   78.00000   64.00000  17.9%   134  300s
 37267  2192     cutoff   35        78.00000   64.00000  17.9%   134  305s
 37968  2105   73.00000   26   74   78.00000   64.00000  17.9%   134  310s
 38650  2033   73.00000   31   90   78.00000   64.00000  17.9%   134  315s
 39293  1912     cutoff   33        78.00000   64.00000  17.9%   134  320s
 39948  1812   73.00000   28   92   78.00000   64.00000  17.9%   134  325s
 40489  1722 infeasible   24        78.00000   64.00000  17.9%   135  330s
 40951  1644   73.00000   26  108   78.00000   64.00000  17.9%   135  335s
 41581  1496   66.00000   22   96   78.00000   65.00000  16.7%   135  340s
 42238  1265   67.00000   28   69   78.00000   67.00000  14.1%   136  345s
 42938  1067 infeasible   28        78.00000   68.26316  12.5%   136  350s
 43497   743     cutoff   33        78.00000   69.00000  11.5%   137  355s
 44092   478   73.00000   33   67   78.00000   73.00000  6.41%   137  360s
 44905   178   73.00000   35  100   78.00000   73.00000  6.41%   136  365s

Cutting planes:
  Gomory: 6
  Cover: 206
  Implied bound: 228
  Clique: 7
  MIR: 61
  Flow cover: 306
  Inf proof: 7
  Zero half: 1
  Network: 2
  RLT: 67
  Relax-and-lift: 12
  BQP: 2

Explored 45129 nodes (6148120 simplex iterations) in 365.74 seconds (332.96 work units)
Thread count was 1 (of 96 available processors)

Solution count 10: 78 78 79 ... 93

Optimal solution found (tolerance 1.00e-04)
Best objective 7.800000000000e+01, best bound 7.800000000000e+01, gap 0.0000%

Instance 18_4, formulation tres, reform hull:
  Rect 0: x = 22.00, y = 10.00
  Rect 1: x = 35.00, y = 7.00
  Rect 2: x = 13.00, y = 5.00
  Rect 3: x = 49.00, y = 4.00
  Rect 4: x = 15.00, y = 1.00
  Rect 5: x = 5.00, y = 1.00
  Rect 6: x = 0.00, y = 14.00
  Rect 7: x = 45.00, y = 13.00
  Rect 8: x = 5.00, y = 13.00
  Rect 9: x = 13.00, y = 14.00
  Rect 10: x = 58.00, y = 14.00
  Rect 11: x = 58.00, y = 10.00
  Rect 12: x = 62.00, y = 14.00
  Rect 13: x = 35.00, y = 14.00
  Rect 14: x = 64.00, y = 12.00
  Rect 15: x = 49.00, y = 6.00
  Rect 16: x = 15.00, y = 5.00
  Rect 17: x = 5.00, y = 14.00
  → saved figures to strip_figures/18_4_tres_hull.png and strip_figures/18_4_tres_hull.pdf
Set parameter TokenServer to value "mooring.ecn.purdue.edu"
Read LP format model from file /tmp/tmp8syof_t0.pyomo.lp
Reading time = 0.00 seconds
x650: 784 rows, 650 columns, 4270 nonzeros
Set parameter TimeLimit to value 1800
Set parameter Threads to value 1
Gurobi Optimizer version 11.0.0 build v11.0.0rc2 (linux64 - "Oracle Linux Server 9.6")

CPU model: AMD EPYC 7643 48-Core Processor, instruction set [SSE2|AVX|AVX2]
Thread count: 48 physical cores, 96 logical processors, using up to 1 threads

Optimize a model with 784 rows, 650 columns and 4270 nonzeros
Model fingerprint: 0xb73799f4
Variable types: 38 continuous, 612 integer (612 binary)
Coefficient statistics:
  Matrix range     [1e+00, 1e+02]
  Objective range  [1e+00, 1e+00]
  Bounds range     [1e+00, 1e+02]
  RHS range        [1e+00, 2e+01]
Presolve removed 139 rows and 140 columns
Presolve time: 0.00s
Presolved: 645 rows, 510 columns, 2798 nonzeros
Variable types: 36 continuous, 474 integer (474 binary)
Found heuristic solution: objective 107.0000000

Root relaxation: objective 2.800000e+01, 269 iterations, 0.00 seconds (0.00 work units)

    Nodes    |    Current Node    |     Objective Bounds      |     Work
 Expl Unexpl |  Obj  Depth IntInf | Incumbent    BestBd   Gap | It/Node Time

     0     0   28.00000    0   37  107.00000   28.00000  73.8%     -    0s
H    0     0                      93.0000000   28.00000  69.9%     -    0s
H    0     0                      82.0000000   28.00000  65.9%     -    0s
     0     0   42.69565    0   56   82.00000   42.69565  47.9%     -    0s
     0     0   42.89855    0   56   82.00000   42.89855  47.7%     -    0s
     0     0   43.02651    0   66   82.00000   43.02651  47.5%     -    0s
     0     0   44.65551    0   72   82.00000   44.65551  45.5%     -    0s
     0     0   44.65551    0   73   82.00000   44.65551  45.5%     -    0s
     0     0   44.65551    0   65   82.00000   44.65551  45.5%     -    0s
     0     0   44.65551    0   67   82.00000   44.65551  45.5%     -    0s
     0     0   44.65551    0   67   82.00000   44.65551  45.5%     -    0s
     0     0   44.65551    0   65   82.00000   44.65551  45.5%     -    0s
     0     0   44.65551    0   57   82.00000   44.65551  45.5%     -    0s
     0     0   44.65551    0   63   82.00000   44.65551  45.5%     -    0s
     0     0   44.65551    0   66   82.00000   44.65551  45.5%     -    0s
     0     0   44.65551    0   67   82.00000   44.65551  45.5%     -    0s
     0     0   44.65551    0   64   82.00000   44.65551  45.5%     -    0s
     0     0   44.65551    0   60   82.00000   44.65551  45.5%     -    0s
     0     0   44.65551    0   72   82.00000   44.65551  45.5%     -    0s
     0     0   44.65551    0   65   82.00000   44.65551  45.5%     -    0s
     0     0   44.65551    0   54   82.00000   44.65551  45.5%     -    0s
     0     0   44.65551    0   54   82.00000   44.65551  45.5%     -    0s
     0     0   44.65551    0   49   82.00000   44.65551  45.5%     -    0s
     0     0   44.65551    0   58   82.00000   44.65551  45.5%     -    0s
     0     0   44.65551    0   59   82.00000   44.65551  45.5%     -    0s
     0     0   44.65551    0   56   82.00000   44.65551  45.5%     -    0s
     0     0   44.65551    0   66   82.00000   44.65551  45.5%     -    0s
     0     0   44.65551    0   61   82.00000   44.65551  45.5%     -    0s
     0     0   44.65551    0   66   82.00000   44.65551  45.5%     -    0s
     0     0   44.65551    0   53   82.00000   44.65551  45.5%     -    0s
     0     0   44.65551    0   57   82.00000   44.65551  45.5%     -    0s
     0     0   44.65551    0   58   82.00000   44.65551  45.5%     -    0s
     0     0   44.65551    0   34   82.00000   44.65551  45.5%     -    0s
H    0     0                      82.0000000   44.65551  45.5%     -    0s
     0     2   44.65551    0   32   82.00000   44.65551  45.5%     -    0s
H   43    40                      78.0000000   44.82847  42.5%  14.3    0s
H 1842   496                      78.0000000   57.92794  25.7%  18.1    2s
  4177   945   69.00000   24   84   78.00000   64.00000  17.9%  22.6    5s
  7951  1172   70.29021   34   79   78.00000   69.00000  11.5%  25.5   10s
 12277  1002   69.00000   23   94   78.00000   69.00000  11.5%  26.1   15s
 16101   800   69.00000   25   90   78.00000   69.00000  11.5%  27.4   20s
 18537   708   69.00000   27   70   78.00000   69.00000  11.5%  27.5   25s
 23093   608   69.00000   25   85   78.00000   69.00000  11.5%  27.0   30s
 27366   354   69.00000   32   77   78.00000   69.00000  11.5%  27.8   35s

Cutting planes:
  Learned: 1
  Gomory: 19
  Cover: 101
  Implied bound: 85
  Clique: 16
  MIR: 41
  StrongCG: 1
  Flow cover: 83
  Inf proof: 6
  RLT: 13
  Relax-and-lift: 14

Explored 30153 nodes (861019 simplex iterations) in 38.45 seconds (34.32 work units)
Thread count was 1 (of 96 available processors)

Solution count 6: 78 78 82 ... 107

Optimal solution found (tolerance 1.00e-04)
Best objective 7.799999999210e+01, best bound 7.799999999210e+01, gap 0.0000%

Instance 18_4, formulation reagg, reform MIP:
  Rect 0: x = 0.00, y = 14.00
  Rect 1: x = 32.00, y = 8.00
  Rect 2: x = 11.00, y = 5.00
  Rect 3: x = 46.00, y = 5.00
  Rect 4: x = 59.00, y = 4.00
  Rect 5: x = 76.00, y = 5.00
  Rect 6: x = 27.00, y = 14.00
  Rect 7: x = 32.00, y = 14.00
  Rect 8: x = 64.00, y = 14.00
  Rect 9: x = 55.00, y = 14.00
  Rect 10: x = 55.00, y = 5.00
  Rect 11: x = 72.00, y = 14.00
  Rect 12: x = 59.00, y = 2.00
  Rect 13: x = 45.00, y = 14.00
  Rect 14: x = 13.00, y = 14.00
  Rect 15: x = 13.00, y = 2.00
  Rect 16: x = 0.00, y = 4.00
  Rect 17: x = 22.00, y = 1.00
  → saved figures to strip_figures/18_4_reagg_MIP.png and strip_figures/18_4_reagg_MIP.pdf
Set parameter TokenServer to value "mooring.ecn.purdue.edu"
Read LP format model from file /tmp/tmplogjv8h7.pyomo.lp
Reading time = 0.00 seconds
x650: 784 rows, 650 columns, 4270 nonzeros
Set parameter TimeLimit to value 1800
Set parameter Threads to value 1
Gurobi Optimizer version 11.0.0 build v11.0.0rc2 (linux64 - "Oracle Linux Server 9.6")

CPU model: AMD EPYC 7643 48-Core Processor, instruction set [SSE2|AVX|AVX2]
Thread count: 48 physical cores, 96 logical processors, using up to 1 threads

Optimize a model with 784 rows, 650 columns and 4270 nonzeros
Model fingerprint: 0x90f18395
Variable types: 38 continuous, 612 integer (612 binary)
Coefficient statistics:
  Matrix range     [1e+00, 1e+02]
  Objective range  [1e+00, 1e+00]
  Bounds range     [1e+00, 1e+02]
  RHS range        [1e+00, 2e+01]
Presolve removed 139 rows and 140 columns
Presolve time: 0.00s
Presolved: 645 rows, 510 columns, 2694 nonzeros
Variable types: 36 continuous, 474 integer (474 binary)
Found heuristic solution: objective 149.0000000
Found heuristic solution: objective 147.0000000

Root relaxation: objective 2.800000e+01, 268 iterations, 0.00 seconds (0.00 work units)

    Nodes    |    Current Node    |     Objective Bounds      |     Work
 Expl Unexpl |  Obj  Depth IntInf | Incumbent    BestBd   Gap | It/Node Time

     0     0   28.00000    0   43  147.00000   28.00000  81.0%     -    0s
H    0     0                      83.0000000   28.00000  66.3%     -    0s
     0     0   30.09859    0  111   83.00000   30.09859  63.7%     -    0s
     0     0   38.60957    0  113   83.00000   38.60957  53.5%     -    0s
     0     0   38.60957    0  113   83.00000   38.60957  53.5%     -    0s
     0     0   42.11589    0  107   83.00000   42.11589  49.3%     -    0s
     0     0   42.89863    0  104   83.00000   42.89863  48.3%     -    0s
     0     0   42.89863    0  104   83.00000   42.89863  48.3%     -    0s
     0     0   42.90083    0   79   83.00000   42.90083  48.3%     -    0s
H    0     0                      82.0000000   43.79972  46.6%     -    0s
     0     0   43.79972    0   84   82.00000   43.79972  46.6%     -    0s
     0     0   43.79972    0   72   82.00000   43.79972  46.6%     -    0s
     0     0   43.79972    0   87   82.00000   43.79972  46.6%     -    0s
     0     0   43.79972    0   82   82.00000   43.79972  46.6%     -    0s
     0     0   43.79972    0   89   82.00000   43.79972  46.6%     -    0s
     0     0   43.79972    0   97   82.00000   43.79972  46.6%     -    0s
     0     0   43.79972    0  101   82.00000   43.79972  46.6%     -    0s
     0     0   43.79972    0  122   82.00000   43.79972  46.6%     -    0s
     0     0   43.79972    0  106   82.00000   43.79972  46.6%     -    0s
     0     0   43.79972    0  108   82.00000   43.79972  46.6%     -    0s
     0     0   43.79972    0  122   82.00000   43.79972  46.6%     -    0s
     0     0   43.79972    0  123   82.00000   43.79972  46.6%     -    0s
     0     0   43.79972    0  107   82.00000   43.79972  46.6%     -    0s
     0     0   43.79972    0  107   82.00000   43.79972  46.6%     -    0s
     0     0   43.79972    0  102   82.00000   43.79972  46.6%     -    0s
     0     0   43.79972    0  109   82.00000   43.79972  46.6%     -    0s
     0     0   43.85023    0   94   82.00000   43.85023  46.5%     -    0s
     0     0   43.89452    0   91   82.00000   43.89452  46.5%     -    0s
     0     0   43.92119    0  104   82.00000   43.92119  46.4%     -    0s
     0     0   43.92521    0  101   82.00000   43.92521  46.4%     -    0s
     0     0   43.93392    0  103   82.00000   43.93392  46.4%     -    0s
     0     0   43.93392    0  105   82.00000   43.93392  46.4%     -    0s
     0     0   44.00964    0  163   82.00000   44.00964  46.3%     -    0s
     0     0   44.12148    0  159   82.00000   44.12148  46.2%     -    0s
     0     0   44.12898    0  126   82.00000   44.12898  46.2%     -    0s
     0     0   44.12918    0  121   82.00000   44.12918  46.2%     -    0s
     0     0   44.17185    0  106   82.00000   44.17185  46.1%     -    0s
     0     0   44.18048    0   98   82.00000   44.18048  46.1%     -    0s
     0     0   44.25472    0  105   82.00000   44.25472  46.0%     -    0s
     0     0   44.25645    0   86   82.00000   44.25645  46.0%     -    0s
     0     0   44.28195    0   76   82.00000   44.28195  46.0%     -    0s
     0     0   44.28215    0   83   82.00000   44.28215  46.0%     -    0s
     0     0   44.29943    0  179   82.00000   44.29943  46.0%     -    0s
     0     0   44.29973    0  133   82.00000   44.29973  46.0%     -    0s
     0     0   44.35295    0   84   82.00000   44.35295  45.9%     -    0s
     0     0   44.35295    0   32   82.00000   44.35295  45.9%     -    0s
     0     2   44.51253    0   27   82.00000   44.51253  45.7%     -    0s
H  668   428                      81.0000000   50.58985  37.5%  10.6    0s
H  721   441                      80.0000000   50.58985  36.8%  20.2    0s
*  783   424              69      79.0000000   50.58985  36.0%  19.2    1s
*  784   379              69      78.0000000   50.58985  35.1%  19.2    1s
H 3682  1380                      78.0000000   62.55082  19.8%  24.6    4s
  3844  1421   69.00000   18   54   78.00000   62.91875  19.3%  24.8    5s
  7395  2315   69.00000   29   93   78.00000   64.43103  17.4%  27.0   10s
 10202  2736     cutoff   28        78.00000   69.00000  11.5%  28.3   16s
 13064  2720   70.00000   25   97   78.00000   69.00000  11.5%  27.2   20s
*14820  2759              50      77.9999991   69.00000  11.5%  26.8   22s
 16854  2739   69.00000   24   74   78.00000   69.00000  11.5%  26.7   25s
 20277  2570   73.00000   28   83   78.00000   69.00000  11.5%  27.3   30s
 24262  2441   69.00000   31   80   78.00000   69.00000  11.5%  27.3   35s
 27564  2366   70.92857   43   46   78.00000   69.00000  11.5%  27.5   40s
 31262  2273   73.00000   28   95   78.00000   69.00000  11.5%  27.5   45s
 34696  2081     cutoff   36        78.00000   69.00000  11.5%  27.9   50s
 38226  1966   72.00000   35   69   78.00000   69.00000  11.5%  28.3   55s
 42726  1982   73.00000   34  116   78.00000   69.00000  11.5%  27.9   60s
 46252  1721   73.00000   28   53   78.00000   69.00000  11.5%  28.0   65s
 49978  1656 infeasible   33        78.00000   69.00000  11.5%  28.0   70s
 53957  1561   69.00000   23  100   78.00000   69.00000  11.5%  27.9   75s
 56996  1397 infeasible   31        78.00000   69.00000  11.5%  28.1   80s
 60071  1267     cutoff   37        78.00000   69.00000  11.5%  28.3   85s
 64025  1165   69.00000   34   72   78.00000   69.00000  11.5%  28.3   90s
 67791   275   73.44000   23   76   78.00000   73.00000  6.41%  28.1   95s

Cutting planes:
  Gomory: 21
  Cover: 84
  Implied bound: 114
  Clique: 3
  MIR: 66
  Flow cover: 105
  Inf proof: 58
  RLT: 11
  Relax-and-lift: 5

Explored 68338 nodes (1922152 simplex iterations) in 95.63 seconds (82.13 work units)
Thread count was 1 (of 96 available processors)

Solution count 10: 78 78 78 ... 147

Optimal solution found (tolerance 1.00e-04)
Best objective 7.800000000000e+01, best bound 7.800000000000e+01, gap 0.0000%

Instance 18_4, formulation reagg_tres, reform MIP:
  Rect 0: x = 9.00, y = 9.00
  Rect 1: x = 29.00, y = 6.00
  Rect 2: x = 27.00, y = 5.00
  Rect 3: x = 49.00, y = 4.00
  Rect 4: x = 0.00, y = 14.00
  Rect 5: x = 29.00, y = 7.00
  Rect 6: x = 22.00, y = 14.00
  Rect 7: x = 27.00, y = 14.00
  Rect 8: x = 70.00, y = 9.00
  Rect 9: x = 0.00, y = 9.00
  Rect 10: x = 43.00, y = 4.00
  Rect 11: x = 50.00, y = 9.00
  Rect 12: x = 50.00, y = 14.00
  Rect 13: x = 40.00, y = 14.00
  Rect 14: x = 56.00, y = 12.00
  Rect 15: x = 0.00, y = 11.00
  Rect 16: x = 43.00, y = 8.00
  Rect 17: x = 27.00, y = 7.00
  → saved figures to strip_figures/18_4_reagg_tres_MIP.png and strip_figures/18_4_reagg_tres_MIP.pdf
Set parameter TokenServer to value "mooring.ecn.purdue.edu"
Read LP format model from file /tmp/tmptp0dwvyx.pyomo.lp
Reading time = 0.00 seconds
x650: 2008 rows, 650 columns, 4933 nonzeros
Set parameter TimeLimit to value 1800
Set parameter Threads to value 1
Gurobi Optimizer version 11.0.0 build v11.0.0rc2 (linux64 - "Oracle Linux Server 9.6")

CPU model: AMD EPYC 7643 48-Core Processor, instruction set [SSE2|AVX|AVX2]
Thread count: 48 physical cores, 96 logical processors, using up to 1 threads

Optimize a model with 2008 rows, 650 columns and 4933 nonzeros
Model fingerprint: 0x583e5010
Variable types: 38 continuous, 612 integer (612 binary)
Coefficient statistics:
  Matrix range     [1e+00, 2e+02]
  Objective range  [1e+00, 1e+00]
  Bounds range     [1e+00, 2e+02]
  RHS range        [1e+00, 2e+02]
Presolve removed 1447 rows and 224 columns
Presolve time: 0.00s
Presolved: 561 rows, 426 columns, 1744 nonzeros
Variable types: 36 continuous, 390 integer (390 binary)
Found heuristic solution: objective 114.0000000

Root relaxation: objective 3.000000e+01, 221 iterations, 0.00 seconds (0.00 work units)

    Nodes    |    Current Node    |     Objective Bounds      |     Work
 Expl Unexpl |  Obj  Depth IntInf | Incumbent    BestBd   Gap | It/Node Time

     0     0   30.00000    0   37  114.00000   30.00000  73.7%     -    0s
H    0     0                     100.0000000   30.00000  70.0%     -    0s
H    0     0                      92.0000000   30.00000  67.4%     -    0s
     0     0   41.68571    0   84   92.00000   41.68571  54.7%     -    0s
     0     0   42.54286    0   88   92.00000   42.54286  53.8%     -    0s
     0     0   42.54286    0  106   92.00000   42.54286  53.8%     -    0s
     0     0   43.56761    0   97   92.00000   43.56761  52.6%     -    0s
     0     0   43.56761    0   65   92.00000   43.56761  52.6%     -    0s
     0     0   43.56761    0   77   92.00000   43.56761  52.6%     -    0s
     0     0   43.56761    0   80   92.00000   43.56761  52.6%     -    0s
     0     0   43.56761    0   83   92.00000   43.56761  52.6%     -    0s
H    0     0                      91.0000000   43.65115  52.0%     -    0s
     0     0   43.65115    0   73   91.00000   43.65115  52.0%     -    0s
     0     0   43.65115    0   68   91.00000   43.65115  52.0%     -    0s
     0     0   43.65115    0   63   91.00000   43.65115  52.0%     -    0s
     0     0   43.65115    0   65   91.00000   43.65115  52.0%     -    0s
     0     0   43.65115    0   67   91.00000   43.65115  52.0%     -    0s
     0     0   43.65115    0   66   91.00000   43.65115  52.0%     -    0s
     0     0   43.65115    0  102   91.00000   43.65115  52.0%     -    0s
     0     0   43.65115    0   82   91.00000   43.65115  52.0%     -    0s
     0     0   43.65115    0  122   91.00000   43.65115  52.0%     -    0s
     0     0   43.65115    0   38   91.00000   43.65115  52.0%     -    0s
     0     2   43.65115    0   36   91.00000   43.65115  52.0%     -    0s
H  188   140                      90.0000000   44.57681  50.5%   9.0    0s
H  217   168                      90.0000000   44.57681  50.5%   8.8    0s
*  284   193              86      87.0000000   44.57681  48.8%   8.2    0s
H  315   190                      85.0000000   44.57681  47.6%   7.7    0s
H  734   443                      85.0000000   48.53595  42.9%  17.0    0s
H  980   531                      84.9999993   49.07025  42.3%  16.4    0s
* 1267   590              55      84.0000000   50.41378  40.0%  15.7    1s
* 1499   591              55      83.0000000   52.78000  36.4%  16.7    1s
  4482  1423   61.00000   18   97   83.00000   60.41210  27.2%  24.2    5s
  8423  2214 infeasible   25        83.00000   63.07692  24.0%  28.4   10s
 10213  2521   68.00000   21   49   83.00000   63.41176  23.6%  29.6   15s
 10306  2583   70.00000   23   48   83.00000   63.41176  23.6%  29.3   20s
H10414  2497                      83.0000000   63.41176  23.6%  32.8   22s
 11532  2548 infeasible   41        83.00000   63.41176  23.6%  32.7   25s
 14459  2178   70.00000   36   43   83.00000   66.11765  20.3%  34.2   30s
 17654  1577   76.00000   39   95   83.00000   68.05714  18.0%  35.6   35s
 20453  1830   70.00000   38   99   83.00000   68.21256  17.8%  36.6   40s
 23563  2183   70.00000   35   95   83.00000   70.00000  15.7%  37.6   45s
 27087  2411 infeasible   44        83.00000   70.00000  15.7%  38.4   50s
 30573  2644 infeasible   49        83.00000   70.00000  15.7%  38.8   55s
 33601  2779   80.00000   39   78   83.00000   70.00000  15.7%  39.4   60s
 36300  2955   80.00000   37   42   83.00000   70.00000  15.7%  39.9   65s
 38811  3064 infeasible   41        83.00000   70.00000  15.7%  40.2   70s
 41623  3185     cutoff   43        83.00000   70.00000  15.7%  40.4   75s
 44880  3359 infeasible   43        83.00000   70.00000  15.7%  40.5   80s
 48065  3519   70.00000   39   85   83.00000   70.00000  15.7%  40.9   85s
 51416  3631 infeasible   46        83.00000   70.00000  15.7%  41.0   90s
 54443  3774   70.11765   42  108   83.00000   70.00000  15.7%  41.2   95s
 57739  4004   70.00000   39  111   83.00000   70.00000  15.7%  41.4  100s
 61099  4316   70.00000   33   97   83.00000   70.00000  15.7%  41.5  105s
 64117  4388   70.00000   40  106   83.00000   70.00000  15.7%  41.9  110s
 67184  4613     cutoff   44        83.00000   70.00000  15.7%  42.1  115s
 70007  4770   70.00000   37  101   83.00000   70.00000  15.7%  42.4  120s
 73246  4924   70.00000   38   88   83.00000   70.00000  15.7%  42.6  125s
 76404  5150   76.00000   38   73   83.00000   70.00000  15.7%  42.5  130s
 79975  5423   70.00000   40   77   83.00000   70.00000  15.7%  42.5  135s
 83621  5726   79.50000   38   73   83.00000   70.00000  15.7%  42.4  140s
 86463  5838   76.00000   44   76   83.00000   70.00000  15.7%  42.4  145s
 89119  6037 infeasible   46        83.00000   70.00000  15.7%  42.5  150s
 91891  6107   74.00000   44   83   83.00000   70.00000  15.7%  42.5  155s
 94885  6327   81.00000   43   69   83.00000   70.00000  15.7%  42.5  160s
 97410  6430 infeasible   40        83.00000   70.00000  15.7%  42.6  165s
 99563  6491   72.00000   45  113   83.00000   70.00000  15.7%  42.8  170s
 102026  6513   76.00000   48   81   83.00000   70.00000  15.7%  43.0  175s
 104742  6657   70.00000   35  100   83.00000   70.00000  15.7%  43.1  180s
 107363  6640 infeasible   44        83.00000   70.38889  15.2%  43.3  185s
 110120  6414 infeasible   40        83.00000   72.00000  13.3%  43.5  190s
 112628  6312 infeasible   39        83.00000   72.00000  13.3%  43.6  195s
 115384  6206   77.00000   41  107   83.00000   72.00000  13.3%  43.7  200s
 118610  6127   76.00000   47   79   83.00000   72.00000  13.3%  43.7  205s
 121685  5990   76.00000   42   62   83.00000   74.00000  10.8%  43.7  210s
 124627  5867 infeasible   45        83.00000   74.00000  10.8%  43.7  215s
 128118  5686 infeasible   43        83.00000   74.00000  10.8%  43.7  220s
 131761  5496   76.72222   44   33   83.00000   74.00000  10.8%  43.6  225s
 135327  5276   77.00000   44   86   83.00000   74.00000  10.8%  43.6  230s
 138608  4963 infeasible   46        83.00000   76.00000  8.43%  43.6  235s
 141474  4448   78.00000   48  102   83.00000   76.00000  8.43%  43.7  240s
 144722  3915   81.00000   51   86   83.00000   76.00000  8.43%  43.8  245s
 147962  3423 infeasible   46        83.00000   76.00000  8.43%  43.9  250s
 151310  2880   77.05882   43  111   83.00000   77.00000  7.23%  43.9  255s
 154869  2565   81.04819   45   47   83.00000   77.04819  7.17%  43.8  260s
 157889  2094 infeasible   41        83.00000   79.00000  4.82%  43.9  265s
 160981  1562 infeasible   42        83.00000   80.00000  3.61%  44.0  270s
 164406   671 infeasible   41        83.00000   81.00000  2.41%  43.9  275s

Cutting planes:
  Learned: 1
  Gomory: 31
  Cover: 247
  Implied bound: 104
  Clique: 51
  MIR: 178
  Mixing: 3
  StrongCG: 1
  Flow cover: 661
  Inf proof: 68
  RLT: 53
  Relax-and-lift: 28

Explored 166686 nodes (7328327 simplex iterations) in 278.67 seconds (278.29 work units)
Thread count was 1 (of 96 available processors)

Solution count 10: 83 83 83 ... 90

Optimal solution found (tolerance 1.00e-04)
Best objective 8.300000000000e+01, best bound 8.300000000000e+01, gap 0.0000%

Instance 18_5, formulation altered, reform bigm:
  Rect 0: x = 48.00, y = 1.00
  Rect 1: x = 0.00, y = 15.00
  Rect 2: x = 59.00, y = 15.00
  Rect 3: x = 59.00, y = 5.00
  Rect 4: x = 70.00, y = 2.00
  Rect 5: x = 26.00, y = 7.00
  Rect 6: x = 59.00, y = 3.00
  Rect 7: x = 22.00, y = 15.00
  Rect 8: x = 37.00, y = 15.00
  Rect 9: x = 81.00, y = 15.00
  Rect 10: x = 40.00, y = 15.00
  Rect 11: x = 0.00, y = 5.00
  Rect 12: x = 74.00, y = 15.00
  Rect 13: x = 26.00, y = 15.00
  Rect 14: x = 48.00, y = 15.00
  Rect 15: x = 39.00, y = 15.00
  Rect 16: x = 33.00, y = 6.00
  Rect 17: x = 11.00, y = 15.00
  → saved figures to strip_figures/18_5_altered_bigm.png and strip_figures/18_5_altered_bigm.pdf
Set parameter TokenServer to value "mooring.ecn.purdue.edu"
Read LP format model from file /tmp/tmp0_qa43hk.pyomo.lp
Reading time = 0.01 seconds
x3098: 6292 rows, 3098 columns, 16527 nonzeros
Set parameter TimeLimit to value 1800
Set parameter Threads to value 1
Gurobi Optimizer version 11.0.0 build v11.0.0rc2 (linux64 - "Oracle Linux Server 9.6")

CPU model: AMD EPYC 7643 48-Core Processor, instruction set [SSE2|AVX|AVX2]
Thread count: 48 physical cores, 96 logical processors, using up to 1 threads

Optimize a model with 6292 rows, 3098 columns and 16527 nonzeros
Model fingerprint: 0x7665e3aa
Variable types: 2486 continuous, 612 integer (612 binary)
Coefficient statistics:
  Matrix range     [1e+00, 2e+02]
  Objective range  [1e+00, 1e+00]
  Bounds range     [1e+00, 2e+02]
  RHS range        [1e+00, 2e+01]
Presolve removed 2323 rows and 1060 columns
Presolve time: 0.03s
Presolved: 3969 rows, 2038 columns, 10448 nonzeros
Variable types: 1648 continuous, 390 integer (390 binary)
Found heuristic solution: objective 150.0000000

Root relaxation: objective 3.000000e+01, 970 iterations, 0.02 seconds (0.03 work units)

    Nodes    |    Current Node    |     Objective Bounds      |     Work
 Expl Unexpl |  Obj  Depth IntInf | Incumbent    BestBd   Gap | It/Node Time

     0     0   30.00000    0   75  150.00000   30.00000  80.0%     -    0s
H    0     0                     129.0000000   30.00000  76.7%     -    0s
     0     0   30.00000    0  121  129.00000   30.00000  76.7%     -    0s
     0     0   30.00000    0  126  129.00000   30.00000  76.7%     -    0s
     0     0   30.00000    0  110  129.00000   30.00000  76.7%     -    0s
H    0     0                     119.0000000   30.00000  74.8%     -    0s
     0     0   30.00000    0  121  119.00000   30.00000  74.8%     -    0s
     0     0   30.00000    0  101  119.00000   30.00000  74.8%     -    0s
     0     0   30.00000    0  124  119.00000   30.00000  74.8%     -    0s
     0     0   30.00000    0  111  119.00000   30.00000  74.8%     -    0s
     0     0   30.00000    0   90  119.00000   30.00000  74.8%     -    0s
H    0     0                     114.0000000   30.00000  73.7%     -    0s
     0     2   30.00000    0   81  114.00000   30.00000  73.7%     -    0s
H   27    25                     113.0000000   30.01679  73.4%  89.5    1s
*  130   114              99     100.0000000   30.01679  70.0%  34.5    1s
*  273   227             110      94.0000000   30.01679  68.1%  33.7    1s
*  394   314              92      92.0000000   31.75000  65.5%  32.6    1s
H  487   342                      87.0000000   31.75000  63.5%  36.5    2s
H  500   317                      85.0000000   31.75000  62.6%  35.9    2s
   854   509   52.00000   17   66   85.00000   41.00000  51.8%  61.0    5s
* 1835   814              61      85.0000000   48.00000  43.5%  61.3    8s
* 2119   857              75      83.0000000   48.00000  42.2%  61.3    9s
  2170   882 infeasible   35        83.00000   48.00000  42.2%  60.7   10s
H 2812  1180                      83.0000000   52.00000  37.3%  64.5   12s
  3625  1591   70.00000   27   60   83.00000   52.00000  37.3%  63.3   15s
  4701  2114   75.00000   27   49   83.00000   52.00000  37.3%  65.8   20s
  5809  2547   63.00000   25   62   83.00000   54.00000  34.9%  70.4   25s
  7051  2936   72.00000   30   80   83.00000   55.00000  33.7%  71.0   30s
  8023  3241   74.00000   32   63   83.00000   56.00000  32.5%  74.9   35s
  9102  3565   71.00000   27   56   83.00000   58.00000  30.1%  76.0   40s
 10202  3937   74.00000   32   44   83.00000   59.00000  28.9%  75.6   51s
 11214  4233   59.00000   21   60   83.00000   59.00000  28.9%  74.6   55s
 12434  4590   72.00000   25   82   83.00000   59.00000  28.9%  76.4   60s
 13826  4986   74.00000   23   45   83.00000   62.00000  25.3%  76.0   65s
 15171  5393   72.00000   37   71   83.00000   63.00000  24.1%  76.3   70s
 16685  5914   77.00000   29   87   83.00000   63.00000  24.1%  75.2   75s
 18341  6471   76.00000   31   59   83.00000   63.00000  24.1%  74.4   80s
 19958  6930 infeasible   32        83.00000   63.00000  24.1%  74.2   85s
 21446  7418   79.00000   32   60   83.00000   63.00000  24.1%  74.4   90s
 22897  7865 infeasible   36        83.00000   63.00000  24.1%  74.5   95s
 24496  8309   79.00000   41   91   83.00000   63.00000  24.1%  74.2  100s
 25996  8765     cutoff   31        83.00000   63.00000  24.1%  74.3  105s
 27350  9189 infeasible   34        83.00000   63.00000  24.1%  74.7  110s
 28758  9628   76.00000   32   63   83.00000   63.00000  24.1%  75.2  115s
 30106  9985   77.00000   26   57   83.00000   63.00000  24.1%  75.5  120s
 31500 10380 infeasible   30        83.00000   63.00000  24.1%  75.9  125s
 32771 10782 infeasible   24        83.00000   63.00000  24.1%  76.4  130s
 34034 11131   76.00000   25   54   83.00000   63.00000  24.1%  77.0  135s
 35322 11503   73.00000   26   65   83.00000   63.00000  24.1%  77.2  140s
 36554 11862   70.00000   26   67   83.00000   63.00000  24.1%  77.6  145s
 37540 12128   70.00000   29   72   83.00000   63.00000  24.1%  78.2  150s
 38689 12458 infeasible   30        83.00000   63.00000  24.1%  78.8  155s
 39946 12823 infeasible   32        83.00000   63.00000  24.1%  79.2  160s
 41179 13173   79.00000   29   98   83.00000   63.00000  24.1%  79.6  165s
 42245 13430 infeasible   27        83.00000   63.00000  24.1%  80.2  170s
 43385 13668 infeasible   27        83.00000   65.00000  21.7%  80.3  175s
 44880 14009   72.00000   28   78   83.00000   65.00000  21.7%  80.2  180s
 46344 14373 infeasible   34        83.00000   65.00000  21.7%  80.3  185s
 47845 14673 infeasible   38        83.00000   65.00000  21.7%  80.2  190s
 49197 14979 infeasible   38        83.00000   65.00000  21.7%  80.4  195s
 50531 15273 infeasible   38        83.00000   65.00000  21.7%  80.6  200s
 51584 15464   72.00000   29   64   83.00000   65.00000  21.7%  80.8  205s
 52742 15648   72.00000   26   67   83.00000   65.00000  21.7%  81.2  210s
 53699 15792 infeasible   38        83.00000   65.00000  21.7%  81.8  215s
 54930 16033   73.00000   30   54   83.00000   66.00000  20.5%  81.9  220s
 56261 16290 infeasible   31        83.00000   66.00000  20.5%  82.1  225s
 57582 16575 infeasible   27        83.00000   66.00000  20.5%  82.3  230s
 58775 16862   79.00000   19   92   83.00000   66.00000  20.5%  82.7  235s
 59809 17086   76.00000   30   64   83.00000   66.00000  20.5%  82.9  240s
 60954 17312 infeasible   33        83.00000   66.00000  20.5%  83.2  245s
 62069 17530 infeasible   35        83.00000   66.00000  20.5%  83.7  250s
 63167 17771 infeasible   33        83.00000   66.00000  20.5%  83.9  255s
 64181 17941 infeasible   31        83.00000   66.00000  20.5%  84.2  260s
 65360 18089   73.06667   31   63   83.00000   66.06667  20.4%  84.4  265s
 66468 18258   69.00000   23   35   83.00000   67.00000  19.3%  84.4  270s
 67829 18533 infeasible   35        83.00000   67.00000  19.3%  84.2  275s
 69256 18802   74.00000   25   46   83.00000   67.00000  19.3%  83.9  280s
 70792 19133 infeasible   25        83.00000   67.00000  19.3%  83.7  285s
 72273 19359   74.00000   27   85   83.00000   67.00000  19.3%  83.6  290s
 73809 19695   69.00000   28   61   83.00000   67.00000  19.3%  83.4  295s
 74859 19850   76.00000   32   62   83.00000   67.00000  19.3%  83.7  300s
 76108 20037   67.00000   22   62   83.00000   67.00000  19.3%  83.7  305s
 77364 20249   72.00000   40   68   83.00000   67.00000  19.3%  83.8  310s
 78380 20395     cutoff   25        83.00000   67.00000  19.3%  83.8  315s
 79464 20514   75.00000   28   60   83.00000   68.00000  18.1%  84.1  320s
 80603 20647   68.00000   26   55   83.00000   68.00000  18.1%  84.4  325s
 81656 20782 infeasible   31        83.00000   68.00000  18.1%  84.7  330s
 82787 20810 infeasible   36        83.00000   69.00000  16.9%  84.9  335s
 84434 21088 infeasible   28        83.00000   69.00000  16.9%  84.6  340s
 86107 21354   76.00000   25   38   83.00000   69.00000  16.9%  84.3  345s
 87616 21589   69.00000   27   41   83.00000   69.00000  16.9%  84.1  350s
 89434 21965   78.00000   30   77   83.00000   69.00000  16.9%  83.7  355s
 90731 22234   76.00000   44   85   83.00000   69.00000  16.9%  83.6  360s
 92251 22494 infeasible   30        83.00000   69.00000  16.9%  83.4  365s
 93694 22748 infeasible   33        83.00000   69.00000  16.9%  83.3  370s
 95030 22959 infeasible   30        83.00000   69.00000  16.9%  83.3  375s
 95942 23053 infeasible   34        83.00000   69.00000  16.9%  83.3  380s
 97116 23224 infeasible   24        83.00000   69.00000  16.9%  83.4  385s
 98211 23361   79.00000   37   99   83.00000   69.00000  16.9%  83.6  390s
 99283 23456 infeasible   33        83.00000   69.00000  16.9%  83.8  395s
 100466 23572   76.00000   27   72   83.00000   69.00000  16.9%  83.9  400s
 101160 23551 infeasible   24        83.00000   69.50000  16.3%  84.1  405s
 103079 24043   77.30769   27   53   83.00000   70.00000  15.7%  83.6  410s
 104681 24325   76.00000   46   67   83.00000   70.00000  15.7%  83.4  415s
 106144 24596 infeasible   33        83.00000   70.00000  15.7%  83.2  420s
 107747 24960   79.00000   33   75   83.00000   70.00000  15.7%  83.1  425s
 109463 25349   70.00000   34   71   83.00000   70.00000  15.7%  82.9  430s
 111285 25773   70.00000   27   40   83.00000   70.00000  15.7%  82.6  435s
 112962 26151 infeasible   28        83.00000   70.00000  15.7%  82.4  440s
 114666 26570 infeasible   31        83.00000   70.00000  15.7%  82.3  445s
 116155 26853   74.00000   33   72   83.00000   70.00000  15.7%  82.3  450s
 117753 27151   77.00000   31   47   83.00000   70.00000  15.7%  82.2  455s
 119325 27567   75.00000   36   39   83.00000   70.00000  15.7%  82.0  460s
 120969 27932   78.00000   30   70   83.00000   70.00000  15.7%  81.8  465s
 122431 28229 infeasible   30        83.00000   70.00000  15.7%  81.7  470s
 124054 28608 infeasible   32        83.00000   70.00000  15.7%  81.6  475s
 125578 28925   70.00000   22   46   83.00000   70.00000  15.7%  81.5  480s
 127102 29272 infeasible   31        83.00000   70.00000  15.7%  81.4  485s
 128545 29506   79.00000   43   72   83.00000   70.00000  15.7%  81.5  490s
 129500 29648 infeasible   33        83.00000   70.00000  15.7%  81.5  495s
 130760 29876   76.00000   33   51   83.00000   70.00000  15.7%  81.5  500s
 132568 30275   79.00000   28   45   83.00000   70.00000  15.7%  81.2  505s
 134166 30579 infeasible   32        83.00000   70.00000  15.7%  81.1  510s
 135571 30837   79.00000   38   92   83.00000   70.00000  15.7%  81.0  515s
 137110 31162   70.00000   35   67   83.00000   70.00000  15.7%  80.9  520s
 138572 31409   76.00000   35   77   83.00000   70.00000  15.7%  81.0  525s
 140087 31705   77.00000   32   73   83.00000   70.00000  15.7%  80.9  530s
 141381 31901   76.00000   33   43   83.00000   70.00000  15.7%  80.9  535s
 142898 32171 infeasible   34        83.00000   70.00000  15.7%  80.9  540s
 144582 32504 infeasible   30        83.00000   70.00000  15.7%  80.7  545s
 145980 32770   81.66667   34   81   83.00000   70.00000  15.7%  80.6  550s
 147247 32949 infeasible   32        83.00000   70.00000  15.7%  80.6  555s
 148737 33307 infeasible   30        83.00000   70.00000  15.7%  80.6  560s
 150374 33654   72.00000   33   73   83.00000   70.00000  15.7%  80.5  565s
 151814 33927   70.00000   27   50   83.00000   70.00000  15.7%  80.5  570s
 153217 34178 infeasible   30        83.00000   70.00000  15.7%  80.5  575s
 154606 34410 infeasible   30        83.00000   70.00000  15.7%  80.5  580s
 156042 34707 infeasible   38        83.00000   70.00000  15.7%  80.5  585s
 157447 34940   76.00000   24   47   83.00000   70.00000  15.7%  80.4  590s
 158854 35199 infeasible   35        83.00000   70.00000  15.7%  80.5  595s
 160408 35458   79.00000   34   84   83.00000   70.00000  15.7%  80.3  600s
 161865 35723 infeasible   36        83.00000   70.00000  15.7%  80.3  605s
 163040 35972 infeasible   42        83.00000   70.00000  15.7%  80.4  610s
 164096 36166   79.00000   33   55   83.00000   70.00000  15.7%  80.4  615s
 165104 36330 infeasible   28        83.00000   70.00000  15.7%  80.6  620s
 166339 36503   79.00000   31   81   83.00000   70.00000  15.7%  80.6  625s
 167715 36740     cutoff   29        83.00000   70.00000  15.7%  80.7  630s
 169127 36992   77.00000   27   61   83.00000   70.00000  15.7%  80.7  635s
 170343 37208 infeasible   33        83.00000   70.00000  15.7%  80.7  640s
 171665 37406   79.00000   31   81   83.00000   70.00000  15.7%  80.8  645s
 172991 37664   77.00000   33   79   83.00000   70.00000  15.7%  80.8  650s
 174192 37842   78.00000   31   58   83.00000   70.00000  15.7%  80.9  655s
 175061 37953 infeasible   31        83.00000   70.00000  15.7%  81.0  660s
 176530 38188 infeasible   36        83.00000   70.00000  15.7%  81.0  665s
 177766 38368 infeasible   27        83.00000   70.00000  15.7%  81.0  670s
 178936 38563   70.00000   27   69   83.00000   70.00000  15.7%  81.1  675s
 179989 38730   79.00000   24   47   83.00000   70.00000  15.7%  81.2  680s
 180939 38858 infeasible   41        83.00000   70.00000  15.7%  81.4  685s
 182219 39078   72.00000   35   71   83.00000   70.00000  15.7%  81.4  690s
 183524 39255 infeasible   29        83.00000   70.00000  15.7%  81.5  695s
 184922 39525   77.00000   24   88   83.00000   70.00000  15.7%  81.5  700s
 186324 39742 infeasible   26        83.00000   70.00000  15.7%  81.5  705s
 187539 39948   77.00000   33   71   83.00000   70.00000  15.7%  81.6  710s
 188882 40175   70.00000   29   62   83.00000   70.00000  15.7%  81.5  715s
 190041 40365   79.00000   35   54   83.00000   70.00000  15.7%  81.6  720s
 190724 40467 infeasible   37        83.00000   70.00000  15.7%  81.6  725s
 191610 40576 infeasible   32        83.00000   70.00000  15.7%  81.7  730s
 193030 40776   70.00000   25   54   83.00000   70.00000  15.7%  81.7  735s
 194391 40995   76.00000   28   64   83.00000   70.00000  15.7%  81.7  740s
 195540 41178   72.00000   39   72   83.00000   70.00000  15.7%  81.8  745s
 196651 41306   79.00000   33   62   83.00000   70.00000  15.7%  81.9  750s
 197934 41484 infeasible   23        83.00000   70.00000  15.7%  81.9  755s
 199191 41728   77.00000   33   98   83.00000   70.00000  15.7%  82.0  760s
 200527 41947   77.00000   36   75   83.00000   70.00000  15.7%  82.0  765s
 201717 42103 infeasible   36        83.00000   70.00000  15.7%  82.0  770s
 202841 42264 infeasible   32        83.00000   70.00000  15.7%  82.1  775s
 204157 42483 infeasible   26        83.00000   70.00000  15.7%  82.1  780s
 205353 42623   73.00000   43  102   83.00000   70.00000  15.7%  82.2  785s
 206808 42843   79.00000   35   95   83.00000   70.00000  15.7%  82.1  790s
 208261 43086 infeasible   37        83.00000   70.00000  15.7%  82.1  795s
 209218 43239 infeasible   36        83.00000   70.00000  15.7%  82.1  800s
 210532 43415 infeasible   23        83.00000   70.00000  15.7%  82.2  805s
 211775 43655   81.00000   38   52   83.00000   70.00000  15.7%  82.2  810s
 213028 43783 infeasible   26        83.00000   70.00000  15.7%  82.2  815s
 214352 43952 infeasible   34        83.00000   70.00000  15.7%  82.2  820s
 215738 44151 infeasible   28        83.00000   70.00000  15.7%  82.2  825s
 216956 44323 infeasible   42        83.00000   70.00000  15.7%  82.2  830s
 217955 44434   77.00000   27   67   83.00000   70.00000  15.7%  82.3  835s
 218983 44542   70.00000   29   69   83.00000   70.00000  15.7%  82.4  840s
 220197 44714 infeasible   35        83.00000   70.00000  15.7%  82.5  845s
 221411 44853   79.00000   35   69   83.00000   70.00000  15.7%  82.5  850s
 222506 45013   79.00000   34   77   83.00000   70.00000  15.7%  82.6  855s
 223690 45196 infeasible   36        83.00000   70.00000  15.7%  82.5  860s
 224959 45367   77.00000   33   73   83.00000   70.00000  15.7%  82.5  865s
 226143 45500   79.00000   29   68   83.00000   70.00000  15.7%  82.6  870s
 227463 45639   79.00000   43   82   83.00000   70.00000  15.7%  82.6  875s
 228618 45768   70.00000   40   77   83.00000   70.00000  15.7%  82.6  880s
 229500 45871   77.00000   35   84   83.00000   70.00000  15.7%  82.7  885s
 230810 46030 infeasible   32        83.00000   70.00000  15.7%  82.7  890s
 232012 46172   73.16667   35   85   83.00000   70.00000  15.7%  82.7  895s
 233350 46315   79.00000   37   87   83.00000   70.00000  15.7%  82.7  900s
 234615 46459 infeasible   37        83.00000   70.00000  15.7%  82.7  905s
 236069 46601   76.00000   36   77   83.00000   70.00000  15.7%  82.6  910s
 237159 46693   77.00000   37   86   83.00000   70.00000  15.7%  82.6  915s
 238800 46894   77.00000   39   84   83.00000   70.00000  15.7%  82.4  920s
 240100 46980   81.00000   43   77   83.00000   70.00000  15.7%  82.4  925s
 241625 47174   77.50000   32   85   83.00000   70.00000  15.7%  82.2  930s
 243233 47390 infeasible   34        83.00000   70.30769  15.3%  82.2  935s
 244864 47616 infeasible   33        83.00000   70.84211  14.6%  82.0  940s
 246264 47594 infeasible   39        83.00000   71.00000  14.5%  82.0  945s
 247395 47570   81.00000   36   84   83.00000   71.06667  14.4%  82.0  950s
 248813 47700   76.00000   30   77   83.00000   71.72222  13.6%  82.0  955s
 250556 47824   79.00000   37   87   83.00000   72.00000  13.3%  81.9  960s
 251588 47866   80.06667   36   70   83.00000   72.00000  13.3%  81.9  965s
 253182 47899 infeasible   28        83.00000   72.00000  13.3%  81.8  970s
 254882 48062   78.00000   28   54   83.00000   72.00000  13.3%  81.7  975s
 256435 48178   79.00000   35   51   83.00000   72.00000  13.3%  81.6  980s
 258137 48298   72.00000   27   43   83.00000   72.00000  13.3%  81.5  985s
 259898 48471 infeasible   31        83.00000   72.00000  13.3%  81.4  990s
 261688 48638 infeasible   32        83.00000   72.00000  13.3%  81.3  995s
 262882 48701   79.00000   32   49   83.00000   72.00000  13.3%  81.3 1000s
 264533 48790   72.00000   36   71   83.00000   72.00000  13.3%  81.2 1005s
 266205 48908   72.00000   28   62   83.00000   72.00000  13.3%  81.1 1010s
 267617 49031   76.00000   34   72   83.00000   72.00000  13.3%  81.1 1015s
 269222 49091   72.00000   27   56   83.00000   72.00000  13.3%  81.0 1020s
 270760 49248 infeasible   40        83.00000   72.00000  13.3%  81.0 1025s
 271924 49300   79.00000   33   53   83.00000   72.00000  13.3%  81.0 1030s
 273605 49460 infeasible   32        83.00000   72.00000  13.3%  80.9 1035s
 275173 49600   79.00000   28   41   83.00000   72.00000  13.3%  80.8 1040s
 276825 49687   79.00000   29   80   83.00000   72.00000  13.3%  80.8 1045s
 278394 49810   72.00000   36   53   83.00000   72.00000  13.3%  80.7 1050s
 279537 49851 infeasible   34        83.00000   72.00000  13.3%  80.8 1055s
 281048 49989 infeasible   27        83.00000   72.00000  13.3%  80.7 1060s
 282342 50120 infeasible   32        83.00000   72.00000  13.3%  80.7 1065s
 283908 50255   72.00000   28   54   83.00000   72.00000  13.3%  80.7 1070s
 285349 50287   74.00000   35   70   83.00000   72.00000  13.3%  80.6 1075s
 286809 50356 infeasible   37        83.00000   72.00000  13.3%  80.5 1080s
 288362 50488   74.00000   29   38   83.00000   72.00000  13.3%  80.5 1085s
 289851 50649 infeasible   29        83.00000   72.00000  13.3%  80.5 1090s
 291536 50839   73.00000   33   44   83.00000   72.00000  13.3%  80.4 1095s
 293056 50958   72.00000   35   70   83.00000   72.00000  13.3%  80.4 1100s
 294616 51068   79.00000   33   84   83.00000   72.00000  13.3%  80.3 1105s
 295991 51082   79.00000   35   66   83.00000   72.00000  13.3%  80.3 1110s
 297613 51150   79.00000   29  117   83.00000   72.00000  13.3%  80.2 1115s
 299016 51231   77.00000   32   52   83.00000   72.00000  13.3%  80.2 1120s
 299985 51296   79.00000   31   48   83.00000   72.00000  13.3%  80.2 1125s
 301449 51436   79.00000   38   59   83.00000   72.00000  13.3%  80.2 1130s
 302917 51555   79.00000   32   52   83.00000   72.00000  13.3%  80.2 1135s
 304260 51670 infeasible   33        83.00000   72.00000  13.3%  80.2 1140s
 305715 51828   76.00000   36   42   83.00000   72.00000  13.3%  80.1 1145s
 306994 51912   79.00000   33   78   83.00000   72.00000  13.3%  80.1 1150s
 308387 51953   72.00000   28   67   83.00000   72.00000  13.3%  80.1 1155s
 310070 52051   72.00000   31   60   83.00000   72.00000  13.3%  80.0 1160s
 311561 52144   74.00000   39   69   83.00000   72.00000  13.3%  80.0 1165s
 313085 52283   72.00000   36   60   83.00000   72.00000  13.3%  80.0 1170s
 314653 52383 infeasible   38        83.00000   72.00000  13.3%  79.9 1175s
 316318 52534   79.00000   38   84   83.00000   72.00000  13.3%  79.8 1180s
 317402 52575 infeasible   33        83.00000   72.00000  13.3%  79.8 1185s
 318871 52747   79.00000   40   69   83.00000   72.00000  13.3%  79.8 1190s
 320440 52880   81.00000   35   83   83.00000   72.00000  13.3%  79.8 1195s
 321918 52951   72.00000   34   61   83.00000   72.00000  13.3%  79.8 1200s
 323446 53078   74.00000   40   56   83.00000   72.00000  13.3%  79.7 1205s
 324882 53146   72.00000   34   59   83.00000   72.00000  13.3%  79.7 1210s
 326164 53191 infeasible   35        83.00000   72.00000  13.3%  79.7 1215s
 327528 53203 infeasible   42        83.00000   72.00000  13.3%  79.7 1220s
 328896 53263   81.00000   31   86   83.00000   72.00000  13.3%  79.7 1225s
 330308 53335 infeasible   25        83.00000   72.00000  13.3%  79.7 1230s
 331597 53375   79.00000   35   52   83.00000   72.00000  13.3%  79.7 1235s
 332782 53474   79.00000   29   85   83.00000   72.00000  13.3%  79.7 1240s
 334328 53587   79.00000   28   77   83.00000   72.00000  13.3%  79.7 1245s
 335884 53714 infeasible   33        83.00000   72.00000  13.3%  79.6 1250s
 337332 53843 infeasible   40        83.00000   72.00000  13.3%  79.6 1255s
 338750 53913   79.00000   40   49   83.00000   72.00000  13.3%  79.6 1260s
 340373 53992   79.00000   36   71   83.00000   72.00000  13.3%  79.6 1265s
 341821 54035   72.00000   33   72   83.00000   72.00000  13.3%  79.5 1270s
 343293 54098 infeasible   33        83.00000   72.00000  13.3%  79.5 1275s
 344809 54161 infeasible   31        83.00000   72.00000  13.3%  79.5 1280s
 346166 54213 infeasible   31        83.00000   72.00000  13.3%  79.5 1285s
 346918 54208   74.00000   31   98   83.00000   72.00000  13.3%  79.5 1290s
 348194 54218 infeasible   27        83.00000   72.00000  13.3%  79.6 1295s
 349527 54324   79.00000   38   99   83.00000   72.00000  13.3%  79.6 1300s
 350907 54421   76.00000   34   62   83.00000   72.00000  13.3%  79.6 1305s
 351991 54459   79.00000   36   88   83.00000   72.00000  13.3%  79.7 1310s
 353239 54506 infeasible   32        83.00000   72.00000  13.3%  79.7 1315s
 354490 54575   79.00000   37   67   83.00000   72.00000  13.3%  79.7 1320s
 356103 54683   79.00000   38   81   83.00000   72.00000  13.3%  79.6 1325s
 357465 54742   72.00000   32   64   83.00000   72.00000  13.3%  79.6 1330s
 358854 54816   79.00000   35   71   83.00000   72.00000  13.3%  79.6 1335s
 360337 54873   77.00000   38   91   83.00000   72.00000  13.3%  79.6 1340s
 361774 54889   79.00000   38   65   83.00000   72.00000  13.3%  79.6 1345s
 363258 54881   81.00000   31   85   83.00000   72.00000  13.3%  79.6 1350s
 364507 54917 infeasible   28        83.00000   72.00000  13.3%  79.6 1355s
 365705 54983 infeasible   33        83.00000   72.00000  13.3%  79.6 1360s
 366894 55021   79.00000   43   65   83.00000   72.00000  13.3%  79.6 1365s
 368188 55110   75.00000   35   75   83.00000   72.00000  13.3%  79.7 1370s
 369387 55133   79.00000   30   79   83.00000   72.00000  13.3%  79.7 1375s
 370418 55195   72.00000   32   66   83.00000   72.00000  13.3%  79.7 1380s
 371466 55248   79.00000   37   75   83.00000   72.00000  13.3%  79.8 1385s
 372823 55301   72.00000   41   66   83.00000   72.00000  13.3%  79.8 1390s
H372976 55291                      83.0000000   72.00000  13.3%  79.8 1391s
 373409 55286     cutoff   42        83.00000   72.00000  13.3%  79.8 1395s
 374378 55338   73.00000   41   69   83.00000   72.00000  13.3%  79.8 1400s
 375748 55405 infeasible   42        83.00000   72.00000  13.3%  79.8 1405s
 377275 55445   72.00000   34   62   83.00000   72.00000  13.3%  79.8 1410s
 378614 55459   72.00000   32   87   83.00000   72.00000  13.3%  79.8 1415s
 379990 55500   81.00000   49   85   83.00000   72.00000  13.3%  79.8 1420s
 381280 55543   72.00000   31   75   83.00000   72.00000  13.3%  79.8 1425s
 382724 55633 infeasible   38        83.00000   72.00000  13.3%  79.8 1430s
 384054 55685   72.00000   33  105   83.00000   72.00000  13.3%  79.8 1435s
 385337 55741   79.00000   39   70   83.00000   72.00000  13.3%  79.8 1440s
 386540 55788 infeasible   37        83.00000   72.00000  13.3%  79.9 1445s
 387805 55835     cutoff   39        83.00000   72.00000  13.3%  79.9 1450s
 389156 55856 infeasible   40        83.00000   72.00000  13.3%  79.9 1455s
 390522 55896   72.00000   42   86   83.00000   72.00000  13.3%  79.8 1460s
 392174 55960 infeasible   43        83.00000   72.00000  13.3%  79.8 1465s
 393333 55996 infeasible   38        83.00000   72.00000  13.3%  79.8 1470s
 394659 56026   79.00000   33   92   83.00000   72.00000  13.3%  79.8 1475s
 396037 56083   72.00000   30   66   83.00000   72.00000  13.3%  79.8 1480s
 397446 56146   73.94444   33   69   83.00000   72.00000  13.3%  79.8 1485s
 398767 56156   77.00000   34   81   83.00000   72.00000  13.3%  79.8 1490s
 400306 56165 infeasible   33        83.00000   72.00000  13.3%  79.8 1495s
 401548 56190 infeasible   30        83.00000   72.00000  13.3%  79.8 1500s
 402849 56237 infeasible   34        83.00000   72.00000  13.3%  79.8 1505s
 404062 56312 infeasible   37        83.00000   72.00000  13.3%  79.8 1510s
 405483 56345   72.00000   32   84   83.00000   72.00000  13.3%  79.7 1515s
 406568 56351   79.00000   36   95   83.00000   72.00000  13.3%  79.7 1520s
 408129 56379   79.00000   34   69   83.00000   72.00000  13.3%  79.6 1525s
 409548 56390   75.00000   35   98   83.00000   72.00000  13.3%  79.6 1530s
 411219 56391   79.00000   41   87   83.00000   72.00000  13.3%  79.5 1535s
 412855 56410 infeasible   38        83.00000   72.00000  13.3%  79.4 1540s
 414559 56459 infeasible   35        83.00000   72.00000  13.3%  79.3 1545s
 416209 56450   81.00000   39   87   83.00000   72.00000  13.3%  79.2 1550s
 417736 56421   77.00000   33  105   83.00000   72.00000  13.3%  79.2 1555s
 419293 56467     cutoff   39        83.00000   72.00000  13.3%  79.1 1560s
 420753 56587   77.00000   27   54   83.00000   72.72222  12.4%  79.1 1565s
 422179 56751   75.00000   25   47   83.00000   73.00000  12.0%  79.0 1570s
 423444 56871 infeasible   41        83.00000   73.00000  12.0%  79.0 1575s
 424417 56823   76.00000   23   38   83.00000   73.00000  12.0%  79.1 1580s
 425850 56894   76.00000   28   42   83.00000   73.00000  12.0%  79.1 1585s
 427305 56923 infeasible   32        83.00000   73.00000  12.0%  79.1 1590s
 428502 56918 infeasible   37        83.00000   73.00000  12.0%  79.1 1595s
 429817 56861   73.00000   24   57   83.00000   73.00000  12.0%  79.1 1600s
 431182 56892   80.06667   43   92   83.00000   73.00000  12.0%  79.1 1605s
 432187 56859 infeasible   36        83.00000   73.00000  12.0%  79.2 1610s
 433062 56813 infeasible   33        83.00000   73.00000  12.0%  79.2 1615s
 434387 56697 infeasible   32        83.00000   73.00000  12.0%  79.2 1620s
 435784 56629 infeasible   33        83.00000   73.30769  11.7%  79.2 1625s
 437410 56678 infeasible   33        83.00000   74.00000  10.8%  79.2 1630s
 438715 56633   78.00000   31   59   83.00000   74.00000  10.8%  79.2 1635s
 440427 56679   79.00000   37   63   83.00000   74.00000  10.8%  79.1 1640s
 441883 56690   74.00000   21   34   83.00000   74.00000  10.8%  79.1 1645s
 443664 56801   74.00000   34   42   83.00000   74.00000  10.8%  79.0 1650s
 445462 56834   81.00000   31   42   83.00000   74.00000  10.8%  79.0 1655s
 446532 56849   74.00000   29   60   83.00000   74.00000  10.8%  79.0 1660s
 448198 56881   79.00000   39   78   83.00000   74.00000  10.8%  78.9 1665s
 449921 56913   76.00000   27   37   83.00000   74.00000  10.8%  78.9 1670s
 451212 56951 infeasible   33        83.00000   74.00000  10.8%  78.9 1675s
 452785 56900   79.00000   33   51   83.00000   74.00000  10.8%  78.9 1680s
 454357 56917   79.00000   34   57   83.00000   74.00000  10.8%  78.9 1685s
 455979 56898     cutoff   40        83.00000   74.00000  10.8%  78.8 1690s
 457536 56978   79.00000   37   82   83.00000   74.00000  10.8%  78.8 1695s
 459201 56962     cutoff   40        83.00000   74.00000  10.8%  78.8 1700s
 460527 56961   79.00000   29   84   83.00000   74.00000  10.8%  78.7 1705s
 462031 56926   76.00000   37   98   83.00000   74.00000  10.8%  78.7 1710s
 463657 56960   79.00000   37   90   83.00000   74.00000  10.8%  78.7 1715s
 465015 56921     cutoff   39        83.00000   74.00000  10.8%  78.7 1720s
 466672 56836   74.00000   34   77   83.00000   74.00000  10.8%  78.6 1725s
 467901 56810   81.00000   38   65   83.00000   74.00000  10.8%  78.6 1730s
 468956 56755 infeasible   34        83.00000   74.00000  10.8%  78.7 1735s
 470483 56652   79.00000   32   71   83.00000   74.00000  10.8%  78.7 1740s
 472099 56605   79.00000   37   85   83.00000   74.00000  10.8%  78.6 1745s
 473521 56613   74.00000   31   46   83.00000   74.00000  10.8%  78.6 1750s
 474980 56598   79.00000   33   67   83.00000   74.00000  10.8%  78.6 1755s
 476448 56558 infeasible   33        83.00000   74.00000  10.8%  78.6 1760s
 477939 56568 infeasible   30        83.00000   74.00000  10.8%  78.6 1765s
 479382 56570   79.00000   41   60   83.00000   74.00000  10.8%  78.6 1770s
 480528 56552   74.00000   38   64   83.00000   74.00000  10.8%  78.6 1775s
 481859 56468 infeasible   30        83.00000   74.00000  10.8%  78.6 1780s
 483355 56356   74.00000   26   72   83.00000   74.00000  10.8%  78.6 1785s
 484638 56302   79.00000   31   75   83.00000   74.00000  10.8%  78.6 1790s
 486034 56208   79.00000   34   64   83.00000   74.00000  10.8%  78.5 1795s

Cutting planes:
  Cover: 6
  Implied bound: 3
  MIR: 8
  Flow cover: 8
  RLT: 10
  Relax-and-lift: 3

Explored 487523 nodes (38296132 simplex iterations) in 1800.00 seconds (1559.32 work units)
Thread count was 1 (of 96 available processors)

Solution count 10: 83 83 83 ... 113

Time limit reached
Best objective 8.299999998320e+01, best bound 7.400000000000e+01, gap 10.8434%
WARNING: Loading a SolverResults object with an 'aborted' status, but
    containing a solution

Instance 18_5, formulation altered, reform hull:
  Rect 0: x = 72.00, y = 1.00
  Rect 1: x = 11.00, y = 11.00
  Rect 2: x = 22.00, y = 15.00
  Rect 3: x = 23.00, y = 5.00
  Rect 4: x = 38.00, y = 15.00
  Rect 5: x = 61.00, y = 8.00
  Rect 6: x = 26.00, y = 3.00
  Rect 7: x = 68.00, y = 15.00
  Rect 8: x = 11.00, y = 15.00
  Rect 9: x = 44.00, y = 13.00
  Rect 10: x = 48.00, y = 15.00
  Rect 11: x = 54.00, y = 8.00
  Rect 12: x = 37.00, y = 13.00
  Rect 13: x = 56.00, y = 15.00
  Rect 14: x = 0.00, y = 15.00
  Rect 15: x = 67.00, y = 12.00
  Rect 16: x = 46.00, y = 6.00
  Rect 17: x = 72.00, y = 15.00
  → saved figures to strip_figures/18_5_altered_hull.png and strip_figures/18_5_altered_hull.pdf
Set parameter TokenServer to value "mooring.ecn.purdue.edu"
Read LP format model from file /tmp/tmpp5ueyqd9.pyomo.lp
Reading time = 0.00 seconds
x650: 2008 rows, 650 columns, 4933 nonzeros
Set parameter TimeLimit to value 1800
Set parameter Threads to value 1
Gurobi Optimizer version 11.0.0 build v11.0.0rc2 (linux64 - "Oracle Linux Server 9.6")

CPU model: AMD EPYC 7643 48-Core Processor, instruction set [SSE2|AVX|AVX2]
Thread count: 48 physical cores, 96 logical processors, using up to 1 threads

Optimize a model with 2008 rows, 650 columns and 4933 nonzeros
Model fingerprint: 0x583e5010
Variable types: 38 continuous, 612 integer (612 binary)
Coefficient statistics:
  Matrix range     [1e+00, 2e+02]
  Objective range  [1e+00, 1e+00]
  Bounds range     [1e+00, 2e+02]
  RHS range        [1e+00, 2e+02]
Presolve removed 1447 rows and 224 columns
Presolve time: 0.00s
Presolved: 561 rows, 426 columns, 1744 nonzeros
Variable types: 36 continuous, 390 integer (390 binary)
Found heuristic solution: objective 114.0000000

Root relaxation: objective 3.000000e+01, 221 iterations, 0.00 seconds (0.00 work units)

    Nodes    |    Current Node    |     Objective Bounds      |     Work
 Expl Unexpl |  Obj  Depth IntInf | Incumbent    BestBd   Gap | It/Node Time

     0     0   30.00000    0   37  114.00000   30.00000  73.7%     -    0s
H    0     0                     100.0000000   30.00000  70.0%     -    0s
H    0     0                      92.0000000   30.00000  67.4%     -    0s
     0     0   41.68571    0   84   92.00000   41.68571  54.7%     -    0s
     0     0   42.54286    0   88   92.00000   42.54286  53.8%     -    0s
     0     0   42.54286    0  106   92.00000   42.54286  53.8%     -    0s
     0     0   43.56761    0   97   92.00000   43.56761  52.6%     -    0s
     0     0   43.56761    0   65   92.00000   43.56761  52.6%     -    0s
     0     0   43.56761    0   77   92.00000   43.56761  52.6%     -    0s
     0     0   43.56761    0   80   92.00000   43.56761  52.6%     -    0s
     0     0   43.56761    0   83   92.00000   43.56761  52.6%     -    0s
H    0     0                      91.0000000   43.65115  52.0%     -    0s
     0     0   43.65115    0   73   91.00000   43.65115  52.0%     -    0s
     0     0   43.65115    0   68   91.00000   43.65115  52.0%     -    0s
     0     0   43.65115    0   63   91.00000   43.65115  52.0%     -    0s
     0     0   43.65115    0   65   91.00000   43.65115  52.0%     -    0s
     0     0   43.65115    0   67   91.00000   43.65115  52.0%     -    0s
     0     0   43.65115    0   66   91.00000   43.65115  52.0%     -    0s
     0     0   43.65115    0  102   91.00000   43.65115  52.0%     -    0s
     0     0   43.65115    0   82   91.00000   43.65115  52.0%     -    0s
     0     0   43.65115    0  122   91.00000   43.65115  52.0%     -    0s
     0     0   43.65115    0   38   91.00000   43.65115  52.0%     -    0s
     0     2   43.65115    0   36   91.00000   43.65115  52.0%     -    0s
H  188   140                      90.0000000   44.57681  50.5%   9.0    0s
H  217   168                      90.0000000   44.57681  50.5%   8.8    0s
*  284   193              86      87.0000000   44.57681  48.8%   8.2    0s
H  315   190                      85.0000000   44.57681  47.6%   7.7    0s
H  734   443                      85.0000000   48.53595  42.9%  17.0    0s
H  980   531                      84.9999993   49.07025  42.3%  16.4    0s
* 1267   590              55      84.0000000   50.41378  40.0%  15.7    1s
* 1499   591              55      83.0000000   52.78000  36.4%  16.7    1s
  4498  1429   72.00000   27   82   83.00000   60.42353  27.2%  24.3    5s
  8454  2217 infeasible   28        83.00000   63.08235  24.0%  28.4   10s
 10215  2522   72.00000   33   53   83.00000   63.41176  23.6%  29.6   15s
 10307  2583   72.00000   27   45   83.00000   63.41176  23.6%  29.3   20s
H10414  2497                      83.0000000   63.41176  23.6%  32.8   22s
 11550  2548   81.00000   39   74   83.00000   63.41176  23.6%  32.7   25s
 14523  2164   70.00000   39  100   83.00000   66.50000  19.9%  34.2   30s
 17711  1554 infeasible   38        83.00000   68.06250  18.0%  35.6   35s
 20551  1850   81.00000   34   78   83.00000   68.22857  17.8%  36.6   40s
 23672  2189   74.00000   37   93   83.00000   70.00000  15.7%  37.7   45s
 27191  2419   72.00000   42   59   83.00000   70.00000  15.7%  38.4   50s
 30708  2659 infeasible   43        83.00000   70.00000  15.7%  38.7   55s
 33690  2788   79.00000   44   96   83.00000   70.00000  15.7%  39.5   60s
 36404  2964   79.00000   35   65   83.00000   70.00000  15.7%  39.9   65s
 38901  3062   81.00000   45   95   83.00000   70.00000  15.7%  40.2   70s
 41742  3193   76.00000   38  122   83.00000   70.00000  15.7%  40.4   75s
 45088  3376   74.00000   47   60   83.00000   70.00000  15.7%  40.5   80s
 48209  3524   81.04819   48  105   83.00000   70.00000  15.7%  40.9   85s
 51632  3656   81.00000   43   71   83.00000   70.00000  15.7%  41.0   90s
 54640  3788   70.00000   38   92   83.00000   70.00000  15.7%  41.2   95s
 57932  4037     cutoff   52        83.00000   70.00000  15.7%  41.4  100s
 61289  4321   70.00000   42   48   83.00000   70.00000  15.7%  41.5  105s
 64321  4416   70.00000   33   96   83.00000   70.00000  15.7%  41.9  110s
 67347  4612   80.00000   45   99   83.00000   70.00000  15.7%  42.2  115s
 70237  4779   74.00000   41   69   83.00000   70.00000  15.7%  42.4  120s
 73425  4929   70.00000   41   95   83.00000   70.00000  15.7%  42.6  125s
 76654  5194   70.00000   37   99   83.00000   70.00000  15.7%  42.5  130s
 80178  5430 infeasible   47        83.00000   70.00000  15.7%  42.5  135s
 83822  5745 infeasible   40        83.00000   70.00000  15.7%  42.4  140s
 86652  5835     cutoff   49        83.00000   70.00000  15.7%  42.4  145s
 89370  6046 infeasible   45        83.00000   70.00000  15.7%  42.4  150s
 92109  6117   76.00000   48   74   83.00000   70.00000  15.7%  42.5  155s
 95134  6336   74.00000   41   79   83.00000   70.00000  15.7%  42.5  160s
 97625  6441   82.00000   41   87   83.00000   70.00000  15.7%  42.6  165s
 99752  6491     cutoff   36        83.00000   70.00000  15.7%  42.9  170s
 102276  6516 infeasible   48        83.00000   70.00000  15.7%  43.0  175s
 104966  6664   79.00000   40  124   83.00000   70.00000  15.7%  43.2  180s
 107641  6624 infeasible   40        83.00000   70.77778  14.7%  43.3  185s
 110379  6404   76.00000   43  104   83.00000   72.00000  13.3%  43.5  190s
 112907  6300 infeasible   43        83.00000   72.00000  13.3%  43.6  195s
 115636  6197   79.00000   39  106   83.00000   72.00000  13.3%  43.7  200s
 118928  6119   81.00000   39   81   83.00000   72.04819  13.2%  43.7  205s
 122097  5978     cutoff   42        83.00000   74.00000  10.8%  43.7  210s
 125007  5822     cutoff   47        83.00000   74.00000  10.8%  43.6  215s
 128490  5659   79.00000   49  107   83.00000   74.00000  10.8%  43.7  220s
 132088  5464     cutoff   49        83.00000   74.00000  10.8%  43.6  225s
 135691  5260   77.45783   38  108   83.00000   74.00000  10.8%  43.6  230s
 138954  4905   81.00000   36   90   83.00000   76.00000  8.43%  43.6  235s
 141765  4395   76.00000   41  104   83.00000   76.00000  8.43%  43.7  240s
 145013  3848   76.00000   39   95   83.00000   76.00000  8.43%  43.8  245s
 148297  3362   81.04819   44   96   83.00000   76.00000  8.43%  43.9  250s
 151616  2844 infeasible   38        83.00000   77.00000  7.23%  43.9  255s
 155165  2552 infeasible   44        83.00000   77.06557  7.15%  43.8  260s
 158104  2061 infeasible   38        83.00000   79.00000  4.82%  43.9  265s
 161308  1495 infeasible   42        83.00000   80.00000  3.61%  44.0  270s
 164681   602   81.00000   44   64   83.00000   81.00000  2.41%  43.9  275s

Cutting planes:
  Learned: 1
  Gomory: 31
  Cover: 247
  Implied bound: 104
  Clique: 51
  MIR: 178
  Mixing: 3
  StrongCG: 1
  Flow cover: 661
  Inf proof: 68
  RLT: 53
  Relax-and-lift: 28

Explored 166686 nodes (7328327 simplex iterations) in 278.26 seconds (278.29 work units)
Thread count was 1 (of 96 available processors)

Solution count 10: 83 83 83 ... 90

Optimal solution found (tolerance 1.00e-04)
Best objective 8.300000000000e+01, best bound 8.300000000000e+01, gap 0.0000%

Instance 18_5, formulation tres, reform bigm:
  Rect 0: x = 48.00, y = 1.00
  Rect 1: x = 0.00, y = 15.00
  Rect 2: x = 59.00, y = 15.00
  Rect 3: x = 59.00, y = 5.00
  Rect 4: x = 70.00, y = 2.00
  Rect 5: x = 26.00, y = 7.00
  Rect 6: x = 59.00, y = 3.00
  Rect 7: x = 22.00, y = 15.00
  Rect 8: x = 37.00, y = 15.00
  Rect 9: x = 81.00, y = 15.00
  Rect 10: x = 40.00, y = 15.00
  Rect 11: x = 0.00, y = 5.00
  Rect 12: x = 74.00, y = 15.00
  Rect 13: x = 26.00, y = 15.00
  Rect 14: x = 48.00, y = 15.00
  Rect 15: x = 39.00, y = 15.00
  Rect 16: x = 33.00, y = 6.00
  Rect 17: x = 11.00, y = 15.00
  → saved figures to strip_figures/18_5_tres_bigm.png and strip_figures/18_5_tres_bigm.pdf
Set parameter TokenServer to value "mooring.ecn.purdue.edu"
Read LP format model from file /tmp/tmpyxp65n6e.pyomo.lp
Reading time = 0.01 seconds
x3098: 6292 rows, 3098 columns, 16527 nonzeros
Set parameter TimeLimit to value 1800
Set parameter Threads to value 1
Gurobi Optimizer version 11.0.0 build v11.0.0rc2 (linux64 - "Oracle Linux Server 9.6")

CPU model: AMD EPYC 7643 48-Core Processor, instruction set [SSE2|AVX|AVX2]
Thread count: 48 physical cores, 96 logical processors, using up to 1 threads

Optimize a model with 6292 rows, 3098 columns and 16527 nonzeros
Model fingerprint: 0x7665e3aa
Variable types: 2486 continuous, 612 integer (612 binary)
Coefficient statistics:
  Matrix range     [1e+00, 2e+02]
  Objective range  [1e+00, 1e+00]
  Bounds range     [1e+00, 2e+02]
  RHS range        [1e+00, 2e+01]
Presolve removed 2323 rows and 1060 columns
Presolve time: 0.03s
Presolved: 3969 rows, 2038 columns, 10448 nonzeros
Variable types: 1648 continuous, 390 integer (390 binary)
Found heuristic solution: objective 150.0000000

Root relaxation: objective 3.000000e+01, 970 iterations, 0.02 seconds (0.03 work units)

    Nodes    |    Current Node    |     Objective Bounds      |     Work
 Expl Unexpl |  Obj  Depth IntInf | Incumbent    BestBd   Gap | It/Node Time

     0     0   30.00000    0   75  150.00000   30.00000  80.0%     -    0s
H    0     0                     129.0000000   30.00000  76.7%     -    0s
     0     0   30.00000    0  121  129.00000   30.00000  76.7%     -    0s
     0     0   30.00000    0  126  129.00000   30.00000  76.7%     -    0s
     0     0   30.00000    0  110  129.00000   30.00000  76.7%     -    0s
H    0     0                     119.0000000   30.00000  74.8%     -    0s
     0     0   30.00000    0  121  119.00000   30.00000  74.8%     -    0s
     0     0   30.00000    0  101  119.00000   30.00000  74.8%     -    0s
     0     0   30.00000    0  124  119.00000   30.00000  74.8%     -    0s
     0     0   30.00000    0  111  119.00000   30.00000  74.8%     -    0s
     0     0   30.00000    0   90  119.00000   30.00000  74.8%     -    0s
H    0     0                     114.0000000   30.00000  73.7%     -    0s
     0     2   30.00000    0   81  114.00000   30.00000  73.7%     -    0s
H   27    25                     113.0000000   30.01679  73.4%  89.5    1s
*  130   114              99     100.0000000   30.01679  70.0%  34.5    1s
*  273   227             110      94.0000000   30.01679  68.1%  33.7    1s
*  394   314              92      92.0000000   31.75000  65.5%  32.6    1s
H  487   342                      87.0000000   31.75000  63.5%  36.5    2s
H  500   317                      85.0000000   31.75000  62.6%  35.9    2s
   854   509   52.00000   17   66   85.00000   41.00000  51.8%  61.0    5s
* 1835   814              61      85.0000000   48.00000  43.5%  61.3    8s
* 2119   857              75      83.0000000   48.00000  42.2%  61.3    9s
  2170   882 infeasible   35        83.00000   48.00000  42.2%  60.7   10s
H 2812  1180                      83.0000000   52.00000  37.3%  64.5   12s
  3621  1589   70.00000   24   52   83.00000   52.00000  37.3%  63.3   15s
  4693  2107   65.22727   19   55   83.00000   52.00000  37.3%  65.9   20s
  5809  2547   63.00000   25   62   83.00000   54.00000  34.9%  70.4   25s
  7044  2929   56.00000   23   61   83.00000   55.00000  33.7%  71.0   30s
  8020  3242   74.00000   33   99   83.00000   56.00000  32.5%  74.8   35s
  9094  3561   71.00000   26   56   83.00000   58.00000  30.1%  76.1   40s
 10202  3937   74.00000   32   44   83.00000   59.00000  28.9%  75.6   51s
 11223  4242   76.00000   30   92   83.00000   59.00000  28.9%  74.6   55s
 12434  4590   72.00000   25   82   83.00000   59.00000  28.9%  76.4   60s
 13826  4986   74.00000   23   45   83.00000   62.00000  25.3%  76.0   65s
 15171  5393   72.00000   37   71   83.00000   63.00000  24.1%  76.3   70s
 16703  5916   79.00000   33   56   83.00000   63.00000  24.1%  75.2   75s
 18362  6482 infeasible   35        83.00000   63.00000  24.1%  74.4   80s
 19981  6947 infeasible   37        83.00000   63.00000  24.1%  74.2   85s
 21500  7446   79.00000   37   53   83.00000   63.00000  24.1%  74.3   90s
 22914  7872   72.00000   34   57   83.00000   63.00000  24.1%  74.5   95s
 24542  8311   69.00000   32   52   83.00000   63.00000  24.1%  74.2  100s
 26008  8765     cutoff   33        83.00000   63.00000  24.1%  74.3  105s
 27373  9194   63.00000   24   60   83.00000   63.00000  24.1%  74.7  110s
 28802  9636   72.00000   28   48   83.00000   63.00000  24.1%  75.1  115s
 30132  9989   69.00000   23   61   83.00000   63.00000  24.1%  75.5  120s
 31539 10403   78.00000   35   52   83.00000   63.00000  24.1%  75.8  125s
 32805 10794   79.00000   30   63   83.00000   63.00000  24.1%  76.4  130s
 34061 11129 infeasible   27        83.00000   63.00000  24.1%  77.0  135s
 35359 11514   74.23529   34   58   83.00000   63.00000  24.1%  77.2  140s
 36589 11876   77.00000   32   66   83.00000   63.00000  24.1%  77.6  145s
 37576 12144   79.23529   38   76   83.00000   63.00000  24.1%  78.2  150s
 38718 12462   63.00000   27   71   83.00000   63.00000  24.1%  78.8  155s
 39969 12830   72.00000   29   67   83.00000   63.00000  24.1%  79.3  160s
 41218 13188   79.00000   26   72   83.00000   63.00000  24.1%  79.6  165s
 42280 13441   77.00000   30   80   83.00000   63.00000  24.1%  80.2  170s
 43420 13677   65.00000   23   45   83.00000   65.00000  21.7%  80.3  175s
 44908 14011 infeasible   33        83.00000   65.00000  21.7%  80.3  180s
 46395 14386     cutoff   34        83.00000   65.00000  21.7%  80.3  185s
 47910 14685   72.00000   27   61   83.00000   65.00000  21.7%  80.2  190s
 49283 15020 infeasible   37        83.00000   65.00000  21.7%  80.4  195s
 50572 15279 infeasible   32        83.00000   65.00000  21.7%  80.6  200s
 51618 15472   76.00000   32   90   83.00000   65.00000  21.7%  80.8  205s
 52802 15657   78.00000   27   71   83.00000   65.00000  21.7%  81.2  210s
 53750 15806 infeasible   25        83.00000   65.00000  21.7%  81.8  215s
 54982 16043   72.00000   31   66   83.00000   66.00000  20.5%  81.9  220s
 56284 16287   77.00000   36   66   83.00000   66.00000  20.5%  82.1  225s
 57616 16573     cutoff   28        83.00000   66.00000  20.5%  82.3  230s
 58822 16876 infeasible   27        83.00000   66.00000  20.5%  82.7  235s
 59843 17086   66.00000   22   57   83.00000   66.00000  20.5%  82.9  240s
 61000 17320 infeasible   29        83.00000   66.00000  20.5%  83.2  245s
 62101 17540   68.00000   28   65   83.00000   66.00000  20.5%  83.7  250s
 63186 17768   79.00000   35  101   83.00000   66.00000  20.5%  84.0  255s
 64211 17947 infeasible   37        83.00000   66.00000  20.5%  84.2  260s
 65406 18091   79.30769   31   67   83.00000   66.30769  20.1%  84.4  265s
 66534 18272   76.00000   30   63   83.00000   67.00000  19.3%  84.4  270s
 67910 18571   74.00000   27   49   83.00000   67.00000  19.3%  84.1  275s
 69287 18804 infeasible   25        83.00000   67.00000  19.3%  83.9  280s
 70840 19135   74.00000   34   62   83.00000   67.00000  19.3%  83.7  285s
 72302 19362   74.00000   32   50   83.00000   67.00000  19.3%  83.6  290s
 73876 19715 infeasible   33        83.00000   67.00000  19.3%  83.4  295s
 74931 19864   74.00000   30   64   83.00000   67.00000  19.3%  83.7  300s
 76192 20076   78.00000   31   64   83.00000   67.00000  19.3%  83.7  305s
 77412 20244 infeasible   27        83.00000   67.00000  19.3%  83.8  310s
 78423 20398   74.00000   30   78   83.00000   67.00000  19.3%  83.8  315s
 79519 20517 infeasible   30        83.00000   68.00000  18.1%  84.1  320s
 80633 20647 infeasible   33        83.00000   68.00000  18.1%  84.4  325s
 81701 20783   68.00000   31   72   83.00000   68.00000  18.1%  84.7  330s
 82842 20823   69.00000   25   60   83.00000   69.00000  16.9%  84.9  335s
 84503 21091 infeasible   32        83.00000   69.00000  16.9%  84.6  340s
 86148 21357 infeasible   32        83.00000   69.00000  16.9%  84.4  345s
 87688 21613   76.00000   33   28   83.00000   69.00000  16.9%  84.1  350s
 89496 21984 infeasible   29        83.00000   69.00000  16.9%  83.7  355s
 90805 22250   73.00000   37   50   83.00000   69.00000  16.9%  83.5  360s
 92334 22512   69.00000   28   78   83.00000   69.00000  16.9%  83.4  365s
 93758 22766   76.00000   36   95   83.00000   69.00000  16.9%  83.3  370s
 95079 22960 infeasible   35        83.00000   69.00000  16.9%  83.3  375s
 95965 23062   76.00000   32   92   83.00000   69.00000  16.9%  83.3  380s
 97153 23225 infeasible   29        83.00000   69.00000  16.9%  83.4  385s
 98233 23362 infeasible   35        83.00000   69.00000  16.9%  83.6  390s
 99302 23463   78.00000   40   62   83.00000   69.00000  16.9%  83.8  395s
 100488 23578 infeasible   35        83.00000   69.00000  16.9%  83.9  400s
 101164 23549 infeasible   25        83.00000   69.50000  16.3%  84.1  405s
 103082 24046   80.06667   30   78   83.00000   70.00000  15.7%  83.6  410s
 104681 24325   76.00000   46   67   83.00000   70.00000  15.7%  83.4  415s
 106141 24597 infeasible   33        83.00000   70.00000  15.7%  83.2  420s
 107732 24953   79.00000   35   79   83.00000   70.00000  15.7%  83.1  425s
 109453 25347 infeasible   33        83.00000   70.00000  15.7%  82.9  430s
 111258 25773   76.00000   23   73   83.00000   70.00000  15.7%  82.6  435s
 112920 26147 infeasible   36        83.00000   70.00000  15.7%  82.4  440s
 114614 26553   77.00000   30   62   83.00000   70.00000  15.7%  82.3  445s
 116118 26853     cutoff   39        83.00000   70.00000  15.7%  82.3  450s
 117700 27124 infeasible   29        83.00000   70.00000  15.7%  82.2  455s
 119266 27543   70.30769   28   41   83.00000   70.00000  15.7%  82.0  460s
 120913 27908   71.00000   25   45   83.00000   70.00000  15.7%  81.8  465s
 122413 28227 infeasible   27        83.00000   70.00000  15.7%  81.7  470s
 123979 28592 infeasible   37        83.00000   70.00000  15.7%  81.6  475s
 125522 28917 infeasible   32        83.00000   70.00000  15.7%  81.5  480s
 127021 29253 infeasible   30        83.00000   70.00000  15.7%  81.5  485s
 128488 29491   70.00000   30   85   83.00000   70.00000  15.7%  81.5  490s
 129459 29637 infeasible   35        83.00000   70.00000  15.7%  81.5  495s
 130675 29858   70.00000   27   61   83.00000   70.00000  15.7%  81.5  500s
 132495 30269 infeasible   34        83.00000   70.00000  15.7%  81.2  505s
 134136 30577 infeasible   30        83.00000   70.00000  15.7%  81.1  510s
 135470 30821 infeasible   33        83.00000   70.00000  15.7%  81.0  515s
 137050 31148   79.00000   37   56   83.00000   70.00000  15.7%  80.9  520s
 138518 31403 infeasible   31        83.00000   70.00000  15.7%  80.9  525s
 140031 31692   72.00000   30   58   83.00000   70.00000  15.7%  80.9  530s
 141282 31881   76.00000   38   90   83.00000   70.00000  15.7%  80.9  535s
 142814 32154 infeasible   43        83.00000   70.00000  15.7%  80.9  540s
 144469 32479   70.00000   25   44   83.00000   70.00000  15.7%  80.7  545s
 145968 32764   74.00000   27   44   83.00000   70.00000  15.7%  80.6  550s
 147021 32922 infeasible   39        83.00000   70.00000  15.7%  80.7  555s
 148555 33259   72.00000   34   53   83.00000   70.00000  15.7%  80.6  560s
 150108 33606 infeasible   37        83.00000   70.00000  15.7%  80.6  565s
 151587 33892   70.00000   32   71   83.00000   70.00000  15.7%  80.5  570s
 152967 34143 infeasible   40        83.00000   70.00000  15.7%  80.5  575s
 154311 34340   73.00000   39   55   83.00000   70.00000  15.7%  80.5  580s
 155684 34635   70.00000   33   56   83.00000   70.00000  15.7%  80.5  585s
 157182 34913 infeasible   33        83.00000   70.00000  15.7%  80.4  590s
 158441 35108   77.00000   28   60   83.00000   70.00000  15.7%  80.5  595s
 160005 35386 infeasible   32        83.00000   70.00000  15.7%  80.4  600s
 161379 35660 infeasible   40        83.00000   70.00000  15.7%  80.3  605s
 162530 35838   76.00000   36   67   83.00000   70.00000  15.7%  80.4  610s
 163624 36059   79.00000   33   84   83.00000   70.00000  15.7%  80.4  615s
 164612 36252 infeasible   32        83.00000   70.00000  15.7%  80.5  620s
 165825 36433 infeasible   31        83.00000   70.00000  15.7%  80.6  625s
 167123 36668 infeasible   30        83.00000   70.00000  15.7%  80.7  630s
 168423 36863   79.00000   31   85   83.00000   70.00000  15.7%  80.7  635s
 169812 37131 infeasible   27        83.00000   70.00000  15.7%  80.7  640s
 170963 37300 infeasible   41        83.00000   70.00000  15.7%  80.8  645s
 172274 37542   77.00000   34   55   83.00000   70.00000  15.7%  80.8  650s
 173468 37748 infeasible   33        83.00000   70.00000  15.7%  80.9  655s
 174633 37910   70.00000   38   65   83.00000   70.00000  15.7%  81.0  660s
 175615 38072 infeasible   28        83.00000   70.00000  15.7%  81.0  665s
 176974 38250   79.00000   32   66   83.00000   70.00000  15.7%  81.0  670s
 178191 38451   79.00000   35   72   83.00000   70.00000  15.7%  81.0  675s
 179310 38635 infeasible   27        83.00000   70.00000  15.7%  81.1  680s
 180362 38795 infeasible   36        83.00000   70.00000  15.7%  81.2  685s
 181329 38937   77.00000   32   75   83.00000   70.00000  15.7%  81.3  690s
 182508 39110   70.44444   29   74   83.00000   70.00000  15.7%  81.4  695s
 183840 39319   70.00000   25   62   83.00000   70.00000  15.7%  81.5  700s
 185193 39562 infeasible   32        83.00000   70.00000  15.7%  81.5  705s
 186561 39785   79.00000   28   89   83.00000   70.00000  15.7%  81.5  710s
 187772 39970   79.00000   35   72   83.00000   70.00000  15.7%  81.6  715s
 188986 40188   72.00000   32   71   83.00000   70.00000  15.7%  81.5  720s
 190204 40388 infeasible   47        83.00000   70.00000  15.7%  81.6  725s
 190821 40480   70.00000   34   85   83.00000   70.00000  15.7%  81.6  730s
 191767 40608 infeasible   26        83.00000   70.00000  15.7%  81.7  735s
 193164 40805 infeasible   32        83.00000   70.00000  15.7%  81.7  740s
 194450 41008   77.00000   27   62   83.00000   70.00000  15.7%  81.7  745s
 195561 41183 infeasible   45        83.00000   70.00000  15.7%  81.8  750s
 196682 41310 infeasible   33        83.00000   70.00000  15.7%  81.9  755s
 197934 41484 infeasible   23        83.00000   70.00000  15.7%  81.9  760s
 199182 41725 infeasible   33        83.00000   70.00000  15.7%  81.9  765s
 200490 41936 infeasible   31        83.00000   70.00000  15.7%  81.9  770s
 201590 42087 infeasible   40        83.00000   70.00000  15.7%  82.1  775s
 202775 42245 infeasible   30        83.00000   70.00000  15.7%  82.1  780s
 204050 42463   76.00000   33   57   83.00000   70.00000  15.7%  82.1  785s
 205186 42593   73.00000   41   59   83.00000   70.00000  15.7%  82.2  790s
 206620 42798   74.00000   34   71   83.00000   70.00000  15.7%  82.1  795s
 208049 43034   73.00000   30   59   83.00000   70.00000  15.7%  82.1  800s
 209047 43211   72.00000   36   77   83.00000   70.00000  15.7%  82.1  805s
 210321 43403   74.72222   35   87   83.00000   70.00000  15.7%  82.2  810s
 211684 43651   77.00000   26   65   83.00000   70.00000  15.7%  82.2  815s
 212826 43771   76.00000   30   62   83.00000   70.00000  15.7%  82.2  820s
 213982 43901   77.00000   29   64   83.00000   70.00000  15.7%  82.2  825s
 215460 44112   76.00000   36   65   83.00000   70.00000  15.7%  82.1  830s
 216641 44279   79.00000   31   73   83.00000   70.00000  15.7%  82.2  835s
 217671 44415 infeasible   37        83.00000   70.00000  15.7%  82.3  840s
 218539 44461 infeasible   40        83.00000   70.00000  15.7%  82.4  845s
 219822 44697 infeasible   35        83.00000   70.00000  15.7%  82.4  850s
 220978 44812   72.00000   35   84   83.00000   70.00000  15.7%  82.5  855s
 222137 44959 infeasible   36        83.00000   70.00000  15.7%  82.5  860s
 223141 45106   79.00000   40   80   83.00000   70.00000  15.7%  82.6  865s
 224427 45291   79.00000   29   71   83.00000   70.00000  15.7%  82.5  870s
 225689 45458   72.00000   33   86   83.00000   70.00000  15.7%  82.6  875s
 226832 45580   79.00000   40   66   83.00000   70.00000  15.7%  82.6  880s
 228191 45747   81.00000   41  101   83.00000   70.00000  15.7%  82.6  885s
 229084 45815   79.00000   32   65   83.00000   70.00000  15.7%  82.7  890s
 230113 45937   70.00000   32   83   83.00000   70.00000  15.7%  82.7  895s
 231405 46083 infeasible   40        83.00000   70.00000  15.7%  82.7  900s
 232769 46276 infeasible   29        83.00000   70.00000  15.7%  82.7  905s
 233933 46378   70.00000   33   82   83.00000   70.00000  15.7%  82.7  910s
 235351 46569 infeasible   40        83.00000   70.00000  15.7%  82.6  915s
 236578 46638 infeasible   32        83.00000   70.00000  15.7%  82.6  920s
 237809 46797 infeasible   37        83.00000   70.00000  15.7%  82.5  925s
 239235 46923   77.00000   35   82   83.00000   70.00000  15.7%  82.4  930s
 240712 47089   70.00000   29  107   83.00000   70.00000  15.7%  82.3  935s
 242155 47230 infeasible   33        83.00000   70.23529  15.4%  82.2  940s
 243775 47483   81.00000   40   47   83.00000   70.30769  15.3%  82.1  945s
 245315 47611 infeasible   30        83.00000   71.00000  14.5%  82.0  950s
 246433 47583 infeasible   31        83.00000   71.00000  14.5%  82.0  955s
 247784 47601   80.06667   34   64   83.00000   71.06667  14.4%  82.0  960s
 249264 47741   80.06667   41   50   83.00000   72.00000  13.3%  82.0  965s
 250909 47835 infeasible   34        83.00000   72.00000  13.3%  81.9  970s
 251864 47863   74.00000   40   83   83.00000   72.00000  13.3%  81.8  975s
 253437 47922 infeasible   29        83.00000   72.00000  13.3%  81.8  980s
 255100 48062   72.00000   28   57   83.00000   72.00000  13.3%  81.7  985s
 256672 48202   79.00000   41  102   83.00000   72.00000  13.3%  81.6  990s
 258341 48333   78.00000   33   44   83.00000   72.00000  13.3%  81.5  995s
 260059 48489   72.00000   30   58   83.00000   72.00000  13.3%  81.4 1000s
 261804 48652   72.00000   30   69   83.00000   72.00000  13.3%  81.3 1005s
 262941 48703 infeasible   31        83.00000   72.00000  13.3%  81.3 1010s
 264592 48799   79.00000   39   74   83.00000   72.00000  13.3%  81.2 1015s
 266222 48912   77.00000   32   67   83.00000   72.00000  13.3%  81.1 1020s
 267617 49031   76.00000   34   72   83.00000   72.00000  13.3%  81.1 1025s
 269186 49094   76.00000   35   39   83.00000   72.00000  13.3%  81.0 1030s
 270706 49253   77.00000   31   60   83.00000   72.00000  13.3%  81.0 1035s
 271855 49301   79.00000   31   34   83.00000   72.00000  13.3%  80.9 1040s
 273443 49440   73.50000   31   42   83.00000   72.00000  13.3%  80.9 1045s
 274992 49603   79.00000   33   87   83.00000   72.00000  13.3%  80.9 1050s
 276536 49660   81.66667   36   51   83.00000   72.00000  13.3%  80.8 1055s
 278155 49792   72.00000   41   67   83.00000   72.00000  13.3%  80.7 1060s
 279314 49835     cutoff   36        83.00000   72.00000  13.3%  80.7 1065s
 280720 49939   79.00000   29   59   83.00000   72.00000  13.3%  80.8 1070s
 281984 50089 infeasible   26        83.00000   72.00000  13.3%  80.7 1075s
 283560 50230 infeasible   32        83.00000   72.00000  13.3%  80.7 1080s
 284872 50290   72.00000   31   82   83.00000   72.00000  13.3%  80.6 1085s
 286400 50321 infeasible   31        83.00000   72.00000  13.3%  80.6 1090s
 287955 50476   74.00000   34   77   83.00000   72.00000  13.3%  80.5 1095s
 289365 50595 infeasible   31        83.00000   72.00000  13.3%  80.5 1100s
 290942 50766   72.00000   25   67   83.00000   72.00000  13.3%  80.4 1105s
 292543 50925 infeasible   27        83.00000   72.00000  13.3%  80.4 1110s
 294073 51046   78.00000   31   75   83.00000   72.00000  13.3%  80.3 1115s
 295365 51088 infeasible   37        83.00000   72.00000  13.3%  80.3 1120s
 297034 51128   73.00000   31   62   83.00000   72.00000  13.3%  80.2 1125s
 298465 51197   81.00000   45   70   83.00000   72.00000  13.3%  80.2 1130s
 299411 51268 infeasible   26        83.00000   72.00000  13.3%  80.2 1135s
 300782 51387   72.00000   39   75   83.00000   72.00000  13.3%  80.2 1140s
 302252 51510 infeasible   38        83.00000   72.00000  13.3%  80.2 1145s
 303735 51615   73.00000   27   47   83.00000   72.00000  13.3%  80.1 1150s
 304980 51758   77.50000   34   60   83.00000   72.00000  13.3%  80.1 1155s
 306376 51875 infeasible   33        83.00000   72.00000  13.3%  80.1 1160s
 307578 51927   79.00000   29   92   83.00000   72.00000  13.3%  80.1 1165s
 309152 52003 infeasible   33        83.00000   72.00000  13.3%  80.1 1170s
 310814 52107 infeasible   33        83.00000   72.00000  13.3%  80.0 1175s
 312117 52188   79.00000   40   86   83.00000   72.00000  13.3%  80.0 1180s
 313628 52325 infeasible   34        83.00000   72.00000  13.3%  80.0 1185s
 315233 52421   79.00000   31   94   83.00000   72.00000  13.3%  79.9 1190s
 316885 52571   72.00000   28   54   83.00000   72.00000  13.3%  79.8 1195s
 317841 52609 infeasible   31        83.00000   72.00000  13.3%  79.8 1200s
 319342 52795 infeasible   30        83.00000   72.00000  13.3%  79.8 1205s
 320910 52916 infeasible   40        83.00000   72.00000  13.3%  79.8 1210s
 322280 52953 infeasible   29        83.00000   72.00000  13.3%  79.8 1215s
 323775 53071   78.00000   30   44   83.00000   72.00000  13.3%  79.7 1220s
 325187 53171 infeasible   38        83.00000   72.00000  13.3%  79.7 1225s
 326384 53195   72.00000   31   61   83.00000   72.00000  13.3%  79.7 1230s
 327809 53233   79.00000   30   55   83.00000   72.00000  13.3%  79.6 1235s
 329103 53281 infeasible   35        83.00000   72.00000  13.3%  79.7 1240s
 330486 53348   72.00000   33   58   83.00000   72.00000  13.3%  79.7 1245s
 331827 53410     cutoff   40        83.00000   72.00000  13.3%  79.7 1250s
 332885 53477   72.00000   32   86   83.00000   72.00000  13.3%  79.7 1255s
 334429 53591   79.00000   33   81   83.00000   72.00000  13.3%  79.7 1260s
 335998 53738   72.00000   35   55   83.00000   72.00000  13.3%  79.6 1265s
 337381 53840 infeasible   31        83.00000   72.00000  13.3%  79.6 1270s
 338776 53913   75.00000   39   67   83.00000   72.00000  13.3%  79.6 1275s
 340373 53992   79.00000   36   71   83.00000   72.00000  13.3%  79.6 1280s
 341778 54031   78.00000   36   58   83.00000   72.00000  13.3%  79.5 1285s
 343238 54100   75.00000   33   68   83.00000   72.00000  13.3%  79.5 1290s
 344714 54163 infeasible   26        83.00000   72.00000  13.3%  79.5 1295s
 346081 54200 infeasible   29        83.00000   72.00000  13.3%  79.5 1300s
 346836 54209 infeasible   32        83.00000   72.00000  13.3%  79.5 1305s
 348025 54210   79.00000   41   48   83.00000   72.00000  13.3%  79.6 1310s
 349364 54308   72.00000   34   60   83.00000   72.00000  13.3%  79.6 1315s
 350713 54388   72.00000   32   59   83.00000   72.00000  13.3%  79.6 1320s
 351814 54455 infeasible   36        83.00000   72.00000  13.3%  79.6 1325s
 353021 54509   72.00000   37   68   83.00000   72.00000  13.3%  79.7 1330s
 354237 54551 infeasible   33        83.00000   72.00000  13.3%  79.7 1335s
 355710 54657   79.00000   39   85   83.00000   72.00000  13.3%  79.7 1340s
 357278 54742   77.00000   38   83   83.00000   72.00000  13.3%  79.6 1345s
 358468 54813   72.00000   32   67   83.00000   72.00000  13.3%  79.6 1350s
 359929 54873   74.00000   31   94   83.00000   72.00000  13.3%  79.6 1355s
 361403 54877   76.00000   35   65   83.00000   72.00000  13.3%  79.6 1360s
 362830 54871   72.00000   28   78   83.00000   72.00000  13.3%  79.6 1365s
 364076 54938 infeasible   30        83.00000   72.00000  13.3%  79.6 1370s
 365242 54974 infeasible   33        83.00000   72.00000  13.3%  79.6 1375s
 366494 55021   75.76923   36   72   83.00000   72.00000  13.3%  79.6 1380s
 367636 55071   81.00000   44   86   83.00000   72.00000  13.3%  79.6 1385s
 368893 55110   77.00000   38   96   83.00000   72.00000  13.3%  79.7 1390s
 369936 55168   72.00000   30   52   83.00000   72.00000  13.3%  79.7 1395s
 370881 55210 infeasible   41        83.00000   72.00000  13.3%  79.7 1400s
 372113 55280 infeasible   32        83.00000   72.00000  13.3%  79.8 1405s
H372976 55291                      83.0000000   72.00000  13.3%  79.8 1408s
 373046 55297 infeasible   32        83.00000   72.00000  13.3%  79.8 1410s
 373718 55298   81.00000   41   49   83.00000   72.00000  13.3%  79.8 1415s
 374980 55392 infeasible   39        83.00000   72.00000  13.3%  79.8 1420s
 376359 55423   74.00000   37  102   83.00000   72.00000  13.3%  79.8 1425s
 377884 55452   79.00000   35   73   83.00000   72.00000  13.3%  79.8 1430s
 379128 55457   79.00000   32   69   83.00000   72.00000  13.3%  79.8 1435s
 380511 55519   72.00000   35   81   83.00000   72.00000  13.3%  79.8 1440s
 381810 55562 infeasible   41        83.00000   72.00000  13.3%  79.8 1445s
 383160 55661   79.00000   38   73   83.00000   72.00000  13.3%  79.8 1450s
 384562 55703 infeasible   32        83.00000   72.00000  13.3%  79.8 1455s
 385652 55751   79.84211   43   95   83.00000   72.00000  13.3%  79.8 1460s
 386889 55798   72.00000   33   88   83.00000   72.00000  13.3%  79.9 1465s
 388141 55844   74.00000   36   89   83.00000   72.00000  13.3%  79.9 1470s
 389455 55857   79.00000   41   76   83.00000   72.00000  13.3%  79.9 1475s
 390857 55906   79.00000   34   63   83.00000   72.00000  13.3%  79.8 1480s
 392375 55964   79.00000   31  100   83.00000   72.00000  13.3%  79.8 1485s
 393634 56014 infeasible   27        83.00000   72.00000  13.3%  79.8 1490s
 394851 56031 infeasible   31        83.00000   72.00000  13.3%  79.8 1495s
 396195 56087 infeasible   33        83.00000   72.00000  13.3%  79.8 1500s
 397576 56158   78.72222   38   83   83.00000   72.00000  13.3%  79.8 1505s
 398861 56149   74.00000   34   72   83.00000   72.00000  13.3%  79.8 1510s
 400378 56161   79.00000   39   74   83.00000   72.00000  13.3%  79.8 1515s
 401642 56200 infeasible   36        83.00000   72.00000  13.3%  79.8 1520s
 402866 56234   75.00000   37   95   83.00000   72.00000  13.3%  79.8 1525s
 404048 56312   72.00000   34   84   83.00000   72.00000  13.3%  79.8 1530s
 405457 56347   78.00000   35   94   83.00000   72.00000  13.3%  79.7 1535s
 406469 56339 infeasible   37        83.00000   72.00000  13.3%  79.7 1540s
 408009 56366   79.00000   42   90   83.00000   72.00000  13.3%  79.7 1545s
 409387 56384   81.00000   37   77   83.00000   72.00000  13.3%  79.6 1550s
 411053 56404 infeasible   29        83.00000   72.00000  13.3%  79.5 1555s
 412650 56391 infeasible   35        83.00000   72.00000  13.3%  79.4 1560s
 414289 56461   79.00000   30   91   83.00000   72.00000  13.3%  79.3 1565s
 415933 56438   72.00000   33   87   83.00000   72.00000  13.3%  79.2 1570s
 417430 56436   74.00000   33   94   83.00000   72.00000  13.3%  79.2 1575s
 418960 56477   72.00000   30   68   83.00000   72.00000  13.3%  79.1 1580s
 420468 56574 infeasible   34        83.00000   72.30769  12.9%  79.1 1585s
 421727 56681   75.00000   24   50   83.00000   73.00000  12.0%  79.1 1590s
 423240 56858   73.00000   28   85   83.00000   73.00000  12.0%  79.0 1595s
 423983 56839   76.00000   33   74   83.00000   73.00000  12.0%  79.1 1600s
 425419 56864 infeasible   23        83.00000   73.00000  12.0%  79.1 1605s
 426756 56882   76.00000   21   47   83.00000   73.00000  12.0%  79.1 1610s
 428065 56943 infeasible   36        83.00000   73.00000  12.0%  79.1 1615s
 429362 56918   77.00000   40   57   83.00000   73.00000  12.0%  79.1 1620s
 430653 56923   78.00000   32   50   83.00000   73.00000  12.0%  79.1 1625s
 431740 56886 infeasible   34        83.00000   73.00000  12.0%  79.1 1630s
 432566 56852 infeasible   32        83.00000   73.00000  12.0%  79.2 1635s
 433705 56775 infeasible   28        83.00000   73.00000  12.0%  79.3 1640s
 435117 56693   73.06667   38   66   83.00000   73.06667  12.0%  79.2 1645s
 436491 56642 infeasible   28        83.00000   74.00000  10.8%  79.2 1650s
 438153 56679   74.00000   32   64   83.00000   74.00000  10.8%  79.2 1655s
 439434 56672   79.00000   35   41   83.00000   74.00000  10.8%  79.1 1660s
 441019 56653   74.00000   29   38   83.00000   74.00000  10.8%  79.1 1665s
 442548 56745   74.00000   26   67   83.00000   74.00000  10.8%  79.1 1670s
 444192 56803   79.00000   33   81   83.00000   74.00000  10.8%  79.0 1675s
 445810 56839   74.00000   25   48   83.00000   74.00000  10.8%  79.0 1680s
 446999 56866     cutoff   41        83.00000   74.00000  10.8%  79.0 1685s
 448610 56910   79.00000   39   79   83.00000   74.00000  10.8%  78.9 1690s
 450064 56918   74.00000   31   52   83.00000   74.00000  10.8%  78.9 1695s
 451503 56941   74.00000   33   79   83.00000   74.00000  10.8%  78.9 1700s
 453050 56893   74.00000   32   48   83.00000   74.00000  10.8%  78.9 1705s
 454615 56886 infeasible   29        83.00000   74.00000  10.8%  78.8 1710s
 456143 56891 infeasible   27        83.00000   74.00000  10.8%  78.8 1715s
 457688 56979 infeasible   34        83.00000   74.00000  10.8%  78.8 1720s
 459242 56956   79.00000   39  101   83.00000   74.00000  10.8%  78.8 1725s
 460573 56952 infeasible   33        83.00000   74.00000  10.8%  78.7 1730s
 462071 56932   76.00000   33   60   83.00000   74.00000  10.8%  78.7 1735s
 463654 56962   74.00000   28   69   83.00000   74.00000  10.8%  78.7 1740s
 464954 56915   77.00000   28   73   83.00000   74.00000  10.8%  78.7 1745s
 466592 56853   74.00000   35   73   83.00000   74.00000  10.8%  78.6 1750s
 467901 56810   81.00000   38   65   83.00000   74.00000  10.8%  78.6 1755s
 468805 56764   74.00000   33   56   83.00000   74.00000  10.8%  78.7 1760s
 470293 56681   76.00000   33   78   83.00000   74.00000  10.8%  78.7 1765s
 471866 56627   76.00000   31   78   83.00000   74.00000  10.8%  78.6 1770s
 473284 56606   79.00000   28   69   83.00000   74.00000  10.8%  78.6 1775s
 474718 56605   79.00000   34   83   83.00000   74.00000  10.8%  78.6 1780s
 476130 56573 infeasible   37        83.00000   74.00000  10.8%  78.6 1785s
 477532 56558   74.00000   33   63   83.00000   74.00000  10.8%  78.6 1790s
 479025 56570 infeasible   30        83.00000   74.00000  10.8%  78.6 1795s

Cutting planes:
  Cover: 6
  Implied bound: 3
  MIR: 8
  Flow cover: 8
  RLT: 10
  Relax-and-lift: 3

Explored 480237 nodes (37756332 simplex iterations) in 1800.00 seconds (1536.55 work units)
Thread count was 1 (of 96 available processors)

Solution count 10: 83 83 83 ... 113

Time limit reached
Best objective 8.299999998320e+01, best bound 7.400000000000e+01, gap 10.8434%
WARNING: Loading a SolverResults object with an 'aborted' status, but
    containing a solution

Instance 18_5, formulation tres, reform hull:
  Rect 0: x = 72.00, y = 1.00
  Rect 1: x = 11.00, y = 11.00
  Rect 2: x = 22.00, y = 15.00
  Rect 3: x = 23.00, y = 5.00
  Rect 4: x = 38.00, y = 15.00
  Rect 5: x = 61.00, y = 8.00
  Rect 6: x = 26.00, y = 3.00
  Rect 7: x = 68.00, y = 15.00
  Rect 8: x = 11.00, y = 15.00
  Rect 9: x = 44.00, y = 13.00
  Rect 10: x = 48.00, y = 15.00
  Rect 11: x = 54.00, y = 8.00
  Rect 12: x = 37.00, y = 13.00
  Rect 13: x = 56.00, y = 15.00
  Rect 14: x = 0.00, y = 15.00
  Rect 15: x = 67.00, y = 12.00
  Rect 16: x = 46.00, y = 6.00
  Rect 17: x = 72.00, y = 15.00
  → saved figures to strip_figures/18_5_tres_hull.png and strip_figures/18_5_tres_hull.pdf
Set parameter TokenServer to value "mooring.ecn.purdue.edu"
Read LP format model from file /tmp/tmp_wm7yo_p.pyomo.lp
Reading time = 0.00 seconds
x650: 784 rows, 650 columns, 4270 nonzeros
Set parameter TimeLimit to value 1800
Set parameter Threads to value 1
Gurobi Optimizer version 11.0.0 build v11.0.0rc2 (linux64 - "Oracle Linux Server 9.6")

CPU model: AMD EPYC 7643 48-Core Processor, instruction set [SSE2|AVX|AVX2]
Thread count: 48 physical cores, 96 logical processors, using up to 1 threads

Optimize a model with 784 rows, 650 columns and 4270 nonzeros
Model fingerprint: 0x880d5c66
Variable types: 38 continuous, 612 integer (612 binary)
Coefficient statistics:
  Matrix range     [1e+00, 1e+02]
  Objective range  [1e+00, 1e+00]
  Bounds range     [1e+00, 1e+02]
  RHS range        [1e+00, 2e+01]
Presolve removed 223 rows and 224 columns
Presolve time: 0.00s
Presolved: 561 rows, 426 columns, 2308 nonzeros
Variable types: 36 continuous, 390 integer (390 binary)
Found heuristic solution: objective 132.0000000
Found heuristic solution: objective 116.0000000

Root relaxation: objective 3.000000e+01, 254 iterations, 0.00 seconds (0.00 work units)

    Nodes    |    Current Node    |     Objective Bounds      |     Work
 Expl Unexpl |  Obj  Depth IntInf | Incumbent    BestBd   Gap | It/Node Time

     0     0   30.00000    0   37  116.00000   30.00000  74.1%     -    0s
H    0     0                     106.0000000   30.00000  71.7%     -    0s
     0     0   36.61818    0   52  106.00000   36.61818  65.5%     -    0s
H    0     0                     106.0000000   38.69952  63.5%     -    0s
     0     0   38.69952    0   52  106.00000   38.69952  63.5%     -    0s
     0     0   43.44169    0   39  106.00000   43.44169  59.0%     -    0s
H    0     0                     105.0000000   43.80114  58.3%     -    0s
     0     0   43.80114    0   35  105.00000   43.80114  58.3%     -    0s
     0     0   43.80114    0   38  105.00000   43.80114  58.3%     -    0s
H    0     0                     103.0000000   44.03003  57.3%     -    0s
H    0     0                     101.0000000   44.03003  56.4%     -    0s
H    0     0                      96.0000000   44.03003  54.1%     -    0s
     0     0   44.03003    0   36   96.00000   44.03003  54.1%     -    0s
     0     0   44.03003    0   36   96.00000   44.03003  54.1%     -    0s
     0     0   44.03003    0   45   96.00000   44.03003  54.1%     -    0s
H    0     0                      94.0000000   44.05036  53.1%     -    0s
     0     0   44.05036    0   41   94.00000   44.05036  53.1%     -    0s
     0     0   44.05036    0   40   94.00000   44.05036  53.1%     -    0s
     0     0   44.05036    0   40   94.00000   44.05036  53.1%     -    0s
     0     0   44.05036    0   36   94.00000   44.05036  53.1%     -    0s
     0     0   44.05036    0   56   94.00000   44.05036  53.1%     -    0s
     0     0   44.05036    0   50   94.00000   44.05036  53.1%     -    0s
     0     0   44.05036    0   45   94.00000   44.05036  53.1%     -    0s
     0     0   44.05036    0   38   94.00000   44.05036  53.1%     -    0s
     0     0   44.05036    0   42   94.00000   44.05036  53.1%     -    0s
     0     0   44.05036    0   42   94.00000   44.05036  53.1%     -    0s
H    0     0                      87.0000000   44.05036  49.4%     -    0s
     0     2   44.05036    0   36   87.00000   44.05036  49.4%     -    0s
H  213   159                      86.0000000   46.04575  46.5%   8.7    0s
*  471   282              60      85.0000000   47.42016  44.2%   8.1    0s
H 2631   941                      85.0000000   60.08000  29.3%  18.2    2s
H 2991  1041                      84.0000000   61.01088  27.4%  18.5    2s
* 3226   919              64      83.0000000   61.13251  26.3%  18.2    3s
  4833  1297   70.00000   23   61   83.00000   62.70886  24.4%  22.3    5s
H 7091  1721                      83.0000000   64.22619  22.6%  25.5    7s
H 7803  1814                      83.0000000   65.00000  21.7%  26.1    8s
  8741  1933   79.00000   27   95   83.00000   65.65113  20.9%  27.0   10s
 11106  2270   72.00000   20   59   83.00000   68.00000  18.1%  28.5   15s
 14868  2758   77.00000   20   57   83.00000   68.00000  18.1%  29.4   20s
 19356  3376 infeasible   35        83.00000   68.04706  18.0%  30.0   25s
 24229  3981   74.00000   32  104   83.00000   68.04878  18.0%  29.4   30s
 28302  4433   71.00000   30   54   83.00000   68.30769  17.7%  30.0   35s
 31893  4722 infeasible   26        83.00000   70.00000  15.7%  30.4   40s
 35692  5038   74.00000   34  109   83.00000   70.00000  15.7%  30.6   45s
 43872  4660   70.00000   36   26   83.00000   70.00000  15.7%  27.7   50s
 58167  4472 infeasible   47        83.00000   70.00000  15.7%  24.3   55s
 71056  5817   76.00000   40   55   83.00000   70.00000  15.7%  22.3   60s
 85603  7449 infeasible   44        83.00000   70.00000  15.7%  20.8   65s
 99609  9229   74.00000   44   24   83.00000   70.00000  15.7%  19.8   70s
 114328 10931     cutoff   44        83.00000   70.00000  15.7%  18.9   75s
 127273 11989 infeasible   40        83.00000   70.00000  15.7%  18.3   80s
 139433 12896 infeasible   40        83.00000   70.00000  15.7%  17.9   85s
 152511 13828 infeasible   43        83.00000   70.00000  15.7%  17.4   90s
 166272 14948   81.00000   47   78   83.00000   70.00000  15.7%  17.1   95s
 180316 15532     cutoff   44        83.00000   70.04819  15.6%  16.7  100s
 195437 16037   72.00000   45   33   83.00000   72.00000  13.3%  16.4  105s
 212040 16624   76.72222   52   41   83.00000   74.00000  10.8%  16.0  110s
 228462 17583     cutoff   51        83.00000   74.00000  10.8%  15.7  115s
 243762 17338   74.00000   47   56   83.00000   74.00000  10.8%  15.6  120s
 259413 16292   82.00000   53   64   83.00000   76.00000  8.43%  15.4  125s
 275249 15544   81.00000   48   75   83.00000   76.00000  8.43%  15.2  130s
 290328 14361 infeasible   56        83.00000   76.00000  8.43%  15.1  135s
 305506 11853 infeasible   49        83.00000   76.00000  8.43%  15.0  140s
 317494  8626 infeasible   37        83.00000   77.00000  7.23%  14.9  145s
*323539  6491              87      82.9999993   78.00000  6.02%  14.8  147s
 330143  4451 infeasible   43        83.00000   80.00000  3.61%  14.7  150s

Cutting planes:
  Gomory: 5
  Cover: 19
  Clique: 8
  MIR: 11
  Flow cover: 7
  Inf proof: 7
  Relax-and-lift: 2

Explored 338590 nodes (4948717 simplex iterations) in 153.02 seconds (132.04 work units)
Thread count was 1 (of 96 available processors)

Solution count 10: 83 83 83 ... 87

Optimal solution found (tolerance 1.00e-04)
Best objective 8.300000000000e+01, best bound 8.300000000000e+01, gap 0.0000%

Instance 18_5, formulation reagg, reform MIP:
  Rect 0: x = 23.00, y = 1.00
  Rect 1: x = 35.00, y = 13.00
  Rect 2: x = 20.00, y = 11.00
  Rect 3: x = 20.00, y = 13.00
  Rect 4: x = 13.00, y = 15.00
  Rect 5: x = 61.00, y = 7.00
  Rect 6: x = 35.00, y = 3.00
  Rect 7: x = 57.00, y = 15.00
  Rect 8: x = 62.00, y = 11.00
  Rect 9: x = 0.00, y = 13.00
  Rect 10: x = 75.00, y = 15.00
  Rect 11: x = 23.00, y = 15.00
  Rect 12: x = 13.00, y = 12.00
  Rect 13: x = 64.00, y = 15.00
  Rect 14: x = 46.00, y = 14.00
  Rect 15: x = 61.00, y = 15.00
  Rect 16: x = 68.00, y = 6.00
  Rect 17: x = 2.00, y = 15.00
  → saved figures to strip_figures/18_5_reagg_MIP.png and strip_figures/18_5_reagg_MIP.pdf
Set parameter TokenServer to value "mooring.ecn.purdue.edu"
Read LP format model from file /tmp/tmpzrydidbj.pyomo.lp
Reading time = 0.00 seconds
x650: 784 rows, 650 columns, 4270 nonzeros
Set parameter TimeLimit to value 1800
Set parameter Threads to value 1
Gurobi Optimizer version 11.0.0 build v11.0.0rc2 (linux64 - "Oracle Linux Server 9.6")

CPU model: AMD EPYC 7643 48-Core Processor, instruction set [SSE2|AVX|AVX2]
Thread count: 48 physical cores, 96 logical processors, using up to 1 threads

Optimize a model with 784 rows, 650 columns and 4270 nonzeros
Model fingerprint: 0x38248a16
Variable types: 38 continuous, 612 integer (612 binary)
Coefficient statistics:
  Matrix range     [1e+00, 1e+02]
  Objective range  [1e+00, 1e+00]
  Bounds range     [1e+00, 1e+02]
  RHS range        [1e+00, 2e+01]
Presolve removed 223 rows and 224 columns
Presolve time: 0.00s
Presolved: 561 rows, 426 columns, 2232 nonzeros
Variable types: 36 continuous, 390 integer (390 binary)
Found heuristic solution: objective 150.0000000
Found heuristic solution: objective 149.0000000

Root relaxation: objective 3.000000e+01, 235 iterations, 0.00 seconds (0.00 work units)

    Nodes    |    Current Node    |     Objective Bounds      |     Work
 Expl Unexpl |  Obj  Depth IntInf | Incumbent    BestBd   Gap | It/Node Time

     0     0   30.00000    0   44  149.00000   30.00000  79.9%     -    0s
     0     0   39.33549    0  103  149.00000   39.33549  73.6%     -    0s
     0     0   40.18571    0  103  149.00000   40.18571  73.0%     -    0s
     0     0   40.18571    0  103  149.00000   40.18571  73.0%     -    0s
     0     0   40.90339    0  112  149.00000   40.90339  72.5%     -    0s
H    0     0                     147.0000000   41.81009  71.6%     -    0s
     0     0   41.81009    0  113  147.00000   41.81009  71.6%     -    0s
     0     0   41.81009    0  101  147.00000   41.81009  71.6%     -    0s
H    0     0                     109.0000000   42.01309  61.5%     -    0s
     0     0   42.01309    0  108  109.00000   42.01309  61.5%     -    0s
     0     0   42.01309    0  108  109.00000   42.01309  61.5%     -    0s
     0     0   42.04993    0  109  109.00000   42.04993  61.4%     -    0s
     0     0   42.32037    0  112  109.00000   42.32037  61.2%     -    0s
     0     0   42.32037    0  108  109.00000   42.32037  61.2%     -    0s
     0     0   42.32037    0  107  109.00000   42.32037  61.2%     -    0s
     0     0   42.32037    0  127  109.00000   42.32037  61.2%     -    0s
     0     0   42.32037    0  126  109.00000   42.32037  61.2%     -    0s
     0     0   42.32037    0  127  109.00000   42.32037  61.2%     -    0s
     0     0   42.32037    0  129  109.00000   42.32037  61.2%     -    0s
     0     0   42.56258    0  113  109.00000   42.56258  61.0%     -    0s
     0     0   42.56970    0  121  109.00000   42.56970  60.9%     -    0s
     0     0   42.59480    0  118  109.00000   42.59480  60.9%     -    0s
H    0     0                     106.0000000   42.59480  59.8%     -    0s
     0     0   42.59802    0  118  106.00000   42.59802  59.8%     -    0s
     0     0   42.72908    0  111  106.00000   42.72908  59.7%     -    0s
     0     0   42.83484    0  112  106.00000   42.83484  59.6%     -    0s
     0     0   42.88348    0  112  106.00000   42.88348  59.5%     -    0s
     0     0   42.94101    0  114  106.00000   42.94101  59.5%     -    0s
     0     0   42.96811    0  122  106.00000   42.96811  59.5%     -    0s
     0     0   42.97408    0  114  106.00000   42.97408  59.5%     -    0s
     0     0   42.97408    0  114  106.00000   42.97408  59.5%     -    0s
     0     0   43.05798    0  112  106.00000   43.05798  59.4%     -    0s
     0     0   43.07303    0  117  106.00000   43.07303  59.4%     -    0s
     0     0   43.07371    0  116  106.00000   43.07371  59.4%     -    0s
     0     0   43.12274    0  113  106.00000   43.12274  59.3%     -    0s
     0     0   43.12436    0  113  106.00000   43.12436  59.3%     -    0s
     0     0   43.16964    0  110  106.00000   43.16964  59.3%     -    0s
     0     0   43.16964    0   37  106.00000   43.16964  59.3%     -    0s
H    0     0                     102.0000000   43.16964  57.7%     -    0s
H    0     0                     102.0000000   43.16964  57.7%     -    0s
     0     2   43.18407    0   35  102.00000   43.18407  57.7%     -    0s
H   27    27                     100.0000000   43.18407  56.8%  21.3    0s
H  135    91                     100.0000000   43.68131  56.3%  10.2    0s
*  249   174              93      99.0000000   43.68131  55.9%   7.7    0s
H  632   425                      97.0000000   47.24453  51.3%   8.2    0s
H  638   407                      92.0000000   47.48810  48.4%   8.1    0s
H  660   400                      89.0000000   49.56586  44.3%   7.9    0s
*  768   437              59      88.0000000   51.49816  41.5%  20.1    1s
*  772   400              62      87.0000000   51.49816  40.8%  20.0    1s
*  892   435              71      86.0000000   51.50852  40.1%  20.4    1s
*  894   382              72      85.0000000   51.50852  39.4%  20.4    1s
* 1308   472              50      84.0000000   54.58167  35.0%  21.0    1s
* 1547   450              55      83.0000000   56.30100  32.2%  21.4    2s
  3599  1196   62.72196   18   63   83.00000   62.72196  24.4%  25.6    5s
  6506  1909 infeasible   26        83.00000   64.40000  22.4%  31.1   10s
  8909  2313   76.00000   29   83   83.00000   66.76923  19.6%  34.5   15s
 10746  2686 infeasible   26        83.00000   68.00000  18.1%  35.5   20s
 13884  3213   81.00000   29   56   83.00000   68.10811  17.9%  36.2   25s
 16601  3509   76.00000   21   56   83.00000   70.00000  15.7%  37.5   30s
 19622  3891 infeasible   28        83.00000   70.00000  15.7%  37.8   35s
 22286  4136 infeasible   28        83.00000   70.00000  15.7%  38.8   40s
 24822  4388   80.45455   30   53   83.00000   70.00000  15.7%  39.9   45s
H26471  4371                      83.0000000   70.00000  15.7%  40.2   49s
 26757  4395   70.00000   30   60   83.00000   70.00000  15.7%  40.1   50s
*27964  4075              58      82.9999991   70.00000  15.7%  40.0   52s
 29510  3841 infeasible   40        83.00000   70.00000  15.7%  39.9   55s
 32254  3337   70.00000   41   54   83.00000   70.00000  15.7%  40.0   60s
 34706  2856 infeasible   37        83.00000   70.00000  15.7%  40.1   65s
 37308  2298 infeasible   31        83.00000   70.00000  15.7%  40.1   70s
 39968  2476   76.00000   37   81   83.00000   70.00000  15.7%  40.4   75s
 42464  2694   70.00000   38   30   83.00000   70.00000  15.7%  40.7   80s
 45290  2943   81.00000   45   54   83.00000   70.00000  15.7%  40.9   85s
 47939  3146 infeasible   40        83.00000   70.00000  15.7%  41.2   90s
 50394  3338 infeasible   45        83.00000   70.00000  15.7%  41.6   95s
 52907  3519   78.00000   38   51   83.00000   70.00000  15.7%  42.0  100s
 55598  3658   72.00000   43   78   83.00000   70.00000  15.7%  42.2  105s
 58099  3756   79.00000   37   56   83.00000   70.00000  15.7%  42.4  110s
 60803  3851   72.00000   41   61   83.00000   70.00000  15.7%  42.6  115s
 62867  3915   70.00000   34   68   83.00000   70.00000  15.7%  42.8  120s
 65382  3977     cutoff   43        83.00000   70.00000  15.7%  43.0  125s
 67782  4031   70.00000   41   46   83.00000   70.00000  15.7%  43.2  130s
 70273  4018     cutoff   39        83.00000   70.00000  15.7%  43.3  135s
 72867  4093   70.00000   38   65   83.00000   70.00000  15.7%  43.5  140s
 75530  4164   70.00000   36   46   83.00000   70.00000  15.7%  43.5  145s
 77803  4213   72.00000   36   55   83.00000   70.00000  15.7%  43.6  150s
 80196  4280   70.00000   36   66   83.00000   70.00000  15.7%  43.8  155s
 82366  4332   70.00000   45   73   83.00000   70.00000  15.7%  44.0  160s
 84550  4380 infeasible   41        83.00000   70.00000  15.7%  44.1  165s
 86965  4374 infeasible   42        83.00000   70.00000  15.7%  44.2  170s
 89423  4383   80.00000   39   53   83.00000   70.00000  15.7%  44.4  175s
 91674  4415   80.00000   34   45   83.00000   70.00000  15.7%  44.5  180s
 94203  4487   80.00000   39   93   83.00000   70.00000  15.7%  44.5  185s
 96509  4519 infeasible   43        83.00000   70.00000  15.7%  44.6  190s
 98850  4608   70.00000   38   78   83.00000   70.00000  15.7%  44.6  195s
 101005  4628 infeasible   41        83.00000   70.00000  15.7%  44.7  200s
 103423  4693   70.00000   38   36   83.00000   70.00000  15.7%  44.7  205s
 105798  4686   81.00000   40   66   83.00000   70.00000  15.7%  44.8  210s
 108248  4643   70.00000   35   58   83.00000   70.00000  15.7%  44.8  215s
 110677  4669   70.00000   39   65   83.00000   70.00000  15.7%  44.9  220s
 113311  4754 infeasible   40        83.00000   70.00000  15.7%  44.8  225s
 115945  4842   77.00000   41   73   83.00000   70.00000  15.7%  44.8  230s
 118306  4853   76.00000   39   52   83.00000   70.00000  15.7%  44.8  235s
 120504  4923   81.00000   42   46   83.00000   70.26556  15.3%  44.9  240s
 123135  4834   74.59036   36   46   83.00000   72.00000  13.3%  44.8  245s
 126029  4770 infeasible   41        83.00000   72.00000  13.3%  44.7  250s
 128555  4564   76.00000   38   55   83.00000   72.00000  13.3%  44.7  255s
 131059  4406   80.45455   47   64   83.00000   72.00000  13.3%  44.7  260s
 133388  4218   81.00000   34   50   83.00000   73.72222  11.2%  44.7  265s
 136016  4032   74.00000   39   50   83.00000   74.00000  10.8%  44.8  270s
 138770  3721   74.00000   38   52   83.00000   74.00000  10.8%  44.8  275s
 141305  3375   74.00000   39   55   83.00000   74.00000  10.8%  44.8  280s
 143687  3089   74.00000   34   62   83.00000   74.00000  10.8%  44.9  285s
 146476  2515   81.00000   40   67   83.00000   76.00000  8.43%  44.8  290s
 148579  2170   81.00000   44   59   83.00000   77.00000  7.23%  44.8  295s
 151641  1617   79.00000   40   44   83.00000   79.00000  4.82%  44.7  300s
 154841  1030     cutoff   48        83.00000   81.00000  2.41%  44.5  305s
 158129   296 infeasible   43        83.00000   81.00000  2.41%  44.1  310s

Cutting planes:
  Gomory: 25
  Cover: 185
  Implied bound: 159
  Clique: 6
  MIR: 174
  Mixing: 17
  StrongCG: 17
  Flow cover: 825
  Inf proof: 101
  Zero half: 2
  RLT: 16
  Relax-and-lift: 14
  BQP: 1
  PSD: 1

Explored 158984 nodes (7008205 simplex iterations) in 311.35 seconds (293.94 work units)
Thread count was 1 (of 96 available processors)

Solution count 10: 83 83 83 ... 89

Optimal solution found (tolerance 1.00e-04)
Best objective 8.300000000000e+01, best bound 8.300000000000e+01, gap 0.0000%

Instance 18_5, formulation reagg_tres, reform MIP:
  Rect 0: x = 28.00, y = 15.00
  Rect 1: x = 72.00, y = 10.00
  Rect 2: x = 33.00, y = 10.00
  Rect 3: x = 33.00, y = 12.00
  Rect 4: x = 72.00, y = 15.00
  Rect 5: x = 0.00, y = 15.00
  Rect 6: x = 72.00, y = 12.00
  Rect 7: x = 68.00, y = 15.00
  Rect 8: x = 20.00, y = 4.00
  Rect 9: x = 66.00, y = 13.00
  Rect 10: x = 14.00, y = 9.00
  Rect 11: x = 7.00, y = 9.00
  Rect 12: x = 48.00, y = 12.00
  Rect 13: x = 0.00, y = 7.00
  Rect 14: x = 55.00, y = 14.00
  Rect 15: x = 20.00, y = 8.00
  Rect 16: x = 7.00, y = 15.00
  Rect 17: x = 22.00, y = 14.00
  → saved figures to strip_figures/18_5_reagg_tres_MIP.png and strip_figures/18_5_reagg_tres_MIP.pdf
Benchmark finished. Results written to results_strip/benchmark_results_datnzig_extended_job5.json
