['19_1', '19_2', '19_3', '19_4', '19_5']
Set parameter TokenServer to value "mooring.ecn.purdue.edu"
Read LP format model from file /tmp/tmp46233suf.pyomo.lp
Reading time = 0.00 seconds
x724: 2243 rows, 724 columns, 5511 nonzeros
Set parameter TimeLimit to value 1800
Set parameter Threads to value 1
Gurobi Optimizer version 11.0.0 build v11.0.0rc2 (linux64 - "Oracle Linux Server 9.6")

CPU model: AMD EPYC 7643 48-Core Processor, instruction set [SSE2|AVX|AVX2]
Thread count: 48 physical cores, 96 logical processors, using up to 1 threads

Optimize a model with 2243 rows, 724 columns and 5511 nonzeros
Model fingerprint: 0xa3a60eac
Variable types: 40 continuous, 684 integer (684 binary)
Coefficient statistics:
  Matrix range     [1e+00, 2e+02]
  Objective range  [1e+00, 1e+00]
  Bounds range     [1e+00, 2e+02]
  RHS range        [1e+00, 2e+02]
Presolve removed 1687 rows and 322 columns
Presolve time: 0.00s
Presolved: 556 rows, 402 columns, 1714 nonzeros
Variable types: 36 continuous, 366 integer (366 binary)
Found heuristic solution: objective 188.0000000
Found heuristic solution: objective 186.0000000
Found heuristic solution: objective 181.0000000

Root relaxation: objective 3.200000e+01, 211 iterations, 0.00 seconds (0.00 work units)

    Nodes    |    Current Node    |     Objective Bounds      |     Work
 Expl Unexpl |  Obj  Depth IntInf | Incumbent    BestBd   Gap | It/Node Time

     0     0   32.00000    0   71  181.00000   32.00000  82.3%     -    0s
H    0     0                     179.0000000   32.00000  82.1%     -    0s
     0     0   58.83000    0  104  179.00000   58.83000  67.1%     -    0s
H    0     0                     173.0000000   59.82000  65.4%     -    0s
H    0     0                     163.0000000   59.82000  63.3%     -    0s
H    0     0                     154.0000000   59.82000  61.2%     -    0s
     0     0   59.82000    0   96  154.00000   59.82000  61.2%     -    0s
     0     0   60.07405    0  108  154.00000   60.07405  61.0%     -    0s
     0     0   61.29442    0  101  154.00000   61.29442  60.2%     -    0s
     0     0   61.29442    0  103  154.00000   61.29442  60.2%     -    0s
     0     0   61.29442    0  101  154.00000   61.29442  60.2%     -    0s
H    0     0                     147.0000000   61.29442  58.3%     -    0s
     0     0   61.29442    0  103  147.00000   61.29442  58.3%     -    0s
     0     0   61.29442    0  108  147.00000   61.29442  58.3%     -    0s
     0     0   61.29442    0  113  147.00000   61.29442  58.3%     -    0s
     0     0   61.29442    0  112  147.00000   61.29442  58.3%     -    0s
     0     0   61.58421    0  112  147.00000   61.58421  58.1%     -    0s
     0     0   61.60321    0  113  147.00000   61.60321  58.1%     -    0s
     0     0   61.60358    0  103  147.00000   61.60358  58.1%     -    0s
     0     0   61.60423    0  109  147.00000   61.60423  58.1%     -    0s
H    0     0                     143.0000000   61.68500  56.9%     -    0s
     0     0   61.68500    0  106  143.00000   61.68500  56.9%     -    0s
     0     0   61.68500    0  111  143.00000   61.68500  56.9%     -    0s
     0     0   61.68500    0   62  143.00000   61.68500  56.9%     -    0s
H    0     0                     140.0000000   61.68500  55.9%     -    0s
H    0     0                     136.0000000   61.68500  54.6%     -    0s
     0     2   61.68500    0   62  136.00000   61.68500  54.6%     -    0s
H   52    42                     136.0000000   61.68500  54.6%  14.8    0s
*   94    66              67     134.0000000   61.68500  54.0%  12.3    0s
*  334   264              95     133.0000000   62.24165  53.2%  10.1    0s
H  598   428                     130.0000000   62.59543  51.8%  10.7    0s
H  603   409                     128.0000000   63.19179  50.6%  10.6    0s
H  624   401                     127.0000000   63.67029  49.9%  10.2    1s
* 1050   572              85     125.0000000   64.14744  48.7%  19.5    2s
* 2407  1183              62     124.0000000   67.69494  45.4%  20.6    3s
  3811  1984  109.00000   28   81  124.00000   70.22827  43.4%  22.3    5s
* 7034  3789              50     123.0000000   72.78590  40.8%  22.9    8s
  8112  4356  118.00000   35   44  123.00000   73.83933  40.0%  23.9   10s
H 8126  4352                     123.0000000   73.83933  40.0%  23.9   10s
 10203  5366  111.00000   33   62  123.00000   75.16033  38.9%  25.5   15s
 10330  5451  100.00000   51   35  123.00000   75.16033  38.9%  26.2   20s
 13681  6335  121.00000   56   30  123.00000   76.14642  38.1%  26.7   25s
 16773  6806   81.24077   31   59  123.00000   79.51840  35.4%  27.4   30s
 20904  7438 infeasible   51       123.00000   82.19644  33.2%  28.0   35s
 24974  7995  118.00000   51   29  123.00000   83.64393  32.0%  28.3   40s
 28994  9302     cutoff   50       123.00000   85.17088  30.8%  28.5   45s
 33155 11164  118.00000   43   55  123.00000   86.23077  29.9%  28.5   50s
 37114 12911   90.76038   34   97  123.00000   87.06805  29.2%  28.5   55s
 41175 14730   94.29940   41   77  123.00000   87.98633  28.5%  28.6   60s
 45138 16382 infeasible   41       123.00000   88.69231  27.9%  28.7   65s
 49355 18213   98.51163   34   42  123.00000   89.20833  27.5%  28.8   70s
 54223 20287  100.00000   51   29  123.00000   89.87989  26.9%  28.7   75s
 58893 22146   92.39655   40   69  123.00000   90.36066  26.5%  28.7   80s
 62961 23785  108.00000   57   63  123.00000   90.76923  26.2%  28.7   85s
 67110 25185   92.72340   33   78  123.00000   91.00000  26.0%  28.8   90s
 71861 26950 infeasible   54       123.00000   91.51220  25.6%  28.8   95s
 76281 28506  111.00000   46   58  123.00000   91.74645  25.4%  28.9  100s
 80792 30036   91.96429   36   82  123.00000   91.96429  25.2%  29.0  105s
 85364 31671  118.00000   55   36  123.00000   92.15714  25.1%  29.0  110s
 89135 33014  114.00000   47   38  123.00000   92.28952  25.0%  29.1  115s
 93509 34408   92.39655   45   37  123.00000   92.39655  24.9%  29.2  120s
 97565 35546  119.00000   42   59  123.00000   92.39655  24.9%  29.3  125s
 100697 36502  114.00000   47   58  123.00000   92.39655  24.9%  29.5  130s
 103744 37274  118.00000   57   42  123.00000   92.39655  24.9%  29.6  135s
 106748 38070  118.00000   56   66  123.00000   92.39655  24.9%  29.8  140s
 109687 38763 infeasible   54       123.00000   92.39655  24.9%  29.9  145s
 112860 39422 infeasible   52       123.00000   92.39655  24.9%  30.0  150s
 115893 40074  121.00000   62   27  123.00000   92.39655  24.9%  30.1  155s
 119107 40741  100.00000   44   72  123.00000   92.39655  24.9%  30.1  160s
 121820 41351  114.00000   60   60  123.00000   92.39655  24.9%  30.2  165s
*123911 41830              67     122.0000000   92.39655  24.3%  30.3  168s
 124786 42045  100.00000   54   18  122.00000   92.39655  24.3%  30.3  170s
 127440 42610 infeasible   45       122.00000   92.39655  24.3%  30.4  175s
 130672 43352 infeasible   46       122.00000   92.39655  24.3%  30.5  180s
 133447 43965 infeasible   58       122.00000   92.39655  24.3%  30.7  185s
 136714 44742 infeasible   50       122.00000   92.39655  24.3%  30.8  190s
 140344 45542   92.39655   46   77  122.00000   92.39655  24.3%  30.8  195s
 144057 46308  115.00000   48   65  122.00000   92.50000  24.2%  30.9  200s
 147502 47106  114.00000   55   10  122.00000   92.50000  24.2%  30.9  205s
 151568 48216  119.00000   58   50  122.00000   92.50000  24.2%  31.0  210s
 155480 49110  103.00000   52   69  122.00000   92.50000  24.2%  30.9  215s
 159005 49926 infeasible   52       122.00000   92.50000  24.2%  31.0  220s
 162712 50819  106.00000   51   40  122.00000   92.50000  24.2%  31.0  225s
 166600 51741  111.00000   49   68  122.00000   92.50000  24.2%  31.0  230s
 170173 52552  102.00000   44   43  122.00000   92.50000  24.2%  31.0  235s
 173131 53135   96.25000   50   69  122.00000   92.50000  24.2%  31.1  240s
 177089 54059   97.75000   45   76  122.00000   92.50000  24.2%  31.1  245s
 180818 54878  103.00000   45   65  122.00000   92.50000  24.2%  31.1  250s
 184610 55669  118.00000   54   71  122.00000   92.50000  24.2%  31.2  255s
H187619 56437                     122.0000000   92.53333  24.2%  31.2  260s
 190425 57211  118.00000   43   42  122.00000   92.57746  24.1%  31.2  265s
 193991 58025   94.00000   39   74  122.00000   92.64516  24.1%  31.2  270s
 197866 59087  118.00000   47   58  122.00000   92.65306  24.1%  31.2  275s
 201836 60007  100.00000   51   69  122.00000   92.72340  24.0%  31.2  280s
 205528 60954  118.00000   60   40  122.00000   92.80000  23.9%  31.2  285s
 209181 61796 infeasible   55       122.00000   92.80000  23.9%  31.2  290s
 212875 62710  105.00000   46   70  122.00000   92.91747  23.8%  31.3  295s
 216621 63617  103.00000   40   40  122.00000   93.00000  23.8%  31.3  300s
 219836 64397  114.00000   49   69  122.00000   93.02500  23.7%  31.4  305s
 223601 65264  100.00000   44   63  122.00000   93.13158  23.7%  31.4  310s
 226659 65912   95.45000   36   75  122.00000   93.14737  23.6%  31.4  315s
 230427 66778  106.00000   49   62  122.00000   93.25000  23.6%  31.4  320s
 234309 67917  111.00000   47   35  122.00000   93.37828  23.5%  31.4  325s
 237497 68852  118.00000   40   50  122.00000   93.43738  23.4%  31.5  330s
 241448 70093 infeasible   47       122.00000   93.50184  23.4%  31.5  335s
 245308 71244 infeasible   49       122.00000   93.53846  23.3%  31.5  340s
 248907 72050  100.00000   38   57  122.00000   93.55831  23.3%  31.5  345s
 252363 73105  100.00000   37   60  122.00000   93.77604  23.1%  31.6  350s
 256172 74187  121.00000   56   56  122.00000   94.00000  23.0%  31.6  355s
 259433 74751  107.00000   51   67  122.00000   94.00000  23.0%  31.6  360s
 262740 75307  102.00000   51   72  122.00000   94.00000  23.0%  31.6  365s
 266337 76147  104.00000   44   33  122.00000   94.15385  22.8%  31.7  370s
 270126 77156  118.00000   40   24  122.00000   94.42276  22.6%  31.7  375s
 274005 78528 infeasible   50       122.00000   94.57843  22.5%  31.7  380s
 277393 79248  101.00000   45   37  122.00000   94.75000  22.3%  31.7  385s
 281050 80156  107.00000   46   50  122.00000   95.00000  22.1%  31.7  390s
 284424 80511  107.00000   49   58  122.00000   95.00000  22.1%  31.8  395s
 288084 81188  109.00000   44   59  122.00000   95.32934  21.9%  31.8  400s
 291367 82005  118.00000   62   40  122.00000   95.50000  21.7%  31.8  405s
 295534 83156  103.00000   49   61  122.00000   95.55672  21.7%  31.8  410s
 299293 84407 infeasible   54       122.00000   95.63446  21.6%  31.8  415s
 302703 85469   96.96970   36   55  122.00000   95.81162  21.5%  31.8  420s
 306124 86254  102.00000   40   52  122.00000   96.00000  21.3%  31.9  425s
 309622 87115  118.00000   61   62  122.00000   96.00000  21.3%  31.9  430s
 312842 87849 infeasible   51       122.00000   96.00000  21.3%  31.9  435s
 316606 88914   96.18605   35   68  122.00000   96.00820  21.3%  31.9  440s
 320949 90325  118.00000   51   32  122.00000   96.13008  21.2%  31.9  445s
 325413 91893   97.33333   40   20  122.00000   96.14679  21.2%  31.9  450s
 330177 93588 infeasible   47       122.00000   96.19512  21.2%  31.8  455s
 334375 95092  118.00000   50   41  122.00000   96.21302  21.1%  31.8  460s
 339003 96597 infeasible   49       122.00000   96.21918  21.1%  31.7  465s
 343912 98383   96.22367   41   58  122.00000   96.22367  21.1%  31.7  470s
 347911 99791 infeasible   42       122.00000   96.24242  21.1%  31.6  475s
 352527 101069   96.94118   39   73  122.00000   96.25000  21.1%  31.6  480s
 356448 102344  117.00000   50   67  122.00000   96.27119  21.1%  31.6  485s
 360864 103871  100.00000   35   40  122.00000   96.30189  21.1%  31.6  490s
 364873 105146  119.00000   65   35  122.00000   96.37791  21.0%  31.6  495s
 369347 106518 infeasible   49       122.00000   96.50000  20.9%  31.5  500s
 373410 107569  118.00000   45   58  122.00000   96.50000  20.9%  31.6  505s
 377237 108415  100.00000   52   15  122.00000   96.50000  20.9%  31.6  510s
 380436 109124  110.00000   55   41  122.00000   96.50000  20.9%  31.6  515s
 384023 109884  103.00000   57   38  122.00000   96.50000  20.9%  31.7  520s
 388062 110792   96.50000   44   68  122.00000   96.50000  20.9%  31.7  525s
 392026 111638  121.00000   50   55  122.00000   96.50000  20.9%  31.7  530s
 395589 112534 infeasible   53       122.00000   96.50000  20.9%  31.7  535s
 398811 113270  110.83333   45   28  122.00000   96.50000  20.9%  31.8  540s
 402444 114016   96.50000   44   39  122.00000   96.50000  20.9%  31.8  545s
 406474 114772  100.00000   40   66  122.00000   96.50000  20.9%  31.8  550s
 410552 115637 infeasible   54       122.00000   96.50000  20.9%  31.9  555s
 414668 116421   96.50000   41   58  122.00000   96.50000  20.9%  31.9  560s
 418643 117304  102.00000   46   38  122.00000   96.50000  20.9%  31.9  565s
 422793 118326  119.00000   57   21  122.00000   96.50000  20.9%  31.9  570s
 426919 119301  101.00000   50   63  122.00000   96.50000  20.9%  31.9  575s
 429978 119913 infeasible   54       122.00000   96.50000  20.9%  31.9  580s
 434370 120946  100.00000   41   65  122.00000   96.50000  20.9%  31.9  585s
 438820 121867 infeasible   59       122.00000   96.50000  20.9%  31.9  590s
 442764 122480  115.00000   48   52  122.00000   96.50000  20.9%  31.9  595s
 446587 123128 infeasible   54       122.00000   96.50000  20.9%  31.9  600s
 450711 123938 infeasible   43       122.00000   96.50000  20.9%  31.9  605s
 454716 124638  100.00000   47   59  122.00000   96.50000  20.9%  31.9  610s
 458816 125442  118.00000   56   54  122.00000   96.50000  20.9%  31.9  615s
 462612 126280  100.00000   44   20  122.00000   96.50000  20.9%  32.0  620s
 466565 127186 infeasible   58       122.00000   96.50000  20.9%  31.9  625s
 470440 127950 infeasible   50       122.00000   96.50000  20.9%  32.0  630s
 474819 128991  115.00000   51   60  122.00000   96.51581  20.9%  32.0  635s
 478379 130178  118.00000   54   71  122.00000   96.59813  20.8%  31.9  640s
 481998 131139  121.00000   52   35  122.00000   96.74282  20.7%  31.9  645s
 486296 132402 infeasible   64       122.00000   96.88889  20.6%  32.0  650s
 490867 134092  118.00000   50   23  122.00000   96.88889  20.6%  32.0  655s
 495425 135753  100.00000   46   52  122.00000   96.88889  20.6%  31.9  660s
 500148 137418  119.00000   44   42  122.00000   96.88889  20.6%  31.9  665s
 504815 139026 infeasible   46       122.00000   96.88889  20.6%  31.9  670s
 509400 140615  100.00000   44   48  122.00000   96.91429  20.6%  31.9  675s
 512713 141326 infeasible   55       122.00000   97.00000  20.5%  31.9  680s
 516767 142143  116.00000   46   57  122.00000   97.00000  20.5%  31.9  685s
 520780 142897  119.00000   57   72  122.00000   97.00000  20.5%  32.0  690s
 524510 143680  118.00000   46   34  122.00000   97.00000  20.5%  32.0  695s
 528071 144492  107.00000   39   56  122.00000   97.00000  20.5%  32.0  700s
 532329 145348  120.00000   55   35  122.00000   97.10526  20.4%  32.0  705s
 536686 146501  121.00000   52   36  122.00000   97.37705  20.2%  32.0  710s
 540687 147416 infeasible   60       122.00000   97.37705  20.2%  31.9  715s
 544891 148411 infeasible   45       122.00000   97.66667  19.9%  32.0  720s
 548366 148975 infeasible   56       122.00000   97.66667  19.9%  32.0  725s
 552731 149868  118.00000   53   51  122.00000   97.75000  19.9%  32.0  730s
 556700 150596     cutoff   49       122.00000   98.00000  19.7%  32.0  735s
 560706 151258  107.00000   49   54  122.00000   98.00000  19.7%  32.0  740s
 564761 151974 infeasible   48       122.00000   98.00000  19.7%  32.0  745s
 568373 152805  100.00000   44   79  122.00000   98.25000  19.5%  32.0  750s
 571874 153289  118.00000   49   55  122.00000   98.25000  19.5%  32.0  755s
 575513 153995 infeasible   52       122.00000   98.50000  19.3%  32.0  760s
 579685 154755  114.13008   56   69  122.00000   98.66667  19.1%  32.0  765s
 583647 155397  119.00000   53   32  122.00000   99.00000  18.9%  32.1  770s
 587764 155991  100.00000   41   46  122.00000   99.00000  18.9%  32.1  775s
 591494 156540  100.00000   47   64  122.00000   99.00000  18.9%  32.1  780s
 595401 157183   99.00000   49   52  122.00000   99.00000  18.9%  32.1  785s
 599666 157950  107.00000   41   69  122.00000   99.02597  18.8%  32.1  790s
 603924 159188 infeasible   58       122.00000   99.25000  18.6%  32.1  795s
 607949 160022 infeasible   53       122.00000   99.25000  18.6%  32.1  800s
 612283 160839  104.00000   53   58  122.00000   99.25000  18.6%  32.1  805s
 616432 161745  100.00000   56   74  122.00000   99.25000  18.6%  32.1  810s
 620608 162539  118.00000   49   56  122.00000   99.41667  18.5%  32.1  815s
 623918 162972  118.00000   54   51  122.00000   99.41667  18.5%  32.1  820s
 627995 163580  103.00000   45   62  122.00000   99.66667  18.3%  32.1  825s
 631873 164356  109.00000   55   65  122.00000  100.00000  18.0%  32.1  830s
 636011 165552 infeasible   54       122.00000  100.00000  18.0%  32.2  835s
 640088 166752  100.00000   41   25  122.00000  100.00000  18.0%  32.2  840s
 644214 167954  118.00000   44   47  122.00000  100.00000  18.0%  32.2  845s
 648171 169102  110.00000   42   38  122.00000  100.00000  18.0%  32.2  850s
 651533 170218 infeasible   56       122.00000  100.00000  18.0%  32.2  855s
 655553 171425  118.00000   53   36  122.00000  100.00000  18.0%  32.2  860s
 659353 172458  104.00000   48   22  122.00000  100.00000  18.0%  32.3  865s
 662825 173503 infeasible   53       122.00000  100.00000  18.0%  32.3  870s
 666939 174779  100.00000   41   64  122.00000  100.00000  18.0%  32.3  875s
 671016 175913 infeasible   58       122.00000  100.00000  18.0%  32.3  880s
 675273 177130  110.00000   50   53  122.00000  100.00000  18.0%  32.3  885s
 679222 178150 infeasible   59       122.00000  100.00000  18.0%  32.3  890s
 682888 179187  118.00000   56   23  122.00000  100.00000  18.0%  32.3  895s
 687036 180377  111.00000   47   40  122.00000  100.00000  18.0%  32.3  900s
 690353 181451  100.00000   41   59  122.00000  100.00000  18.0%  32.3  905s
 694601 182664  119.00000   54   42  122.00000  100.00000  18.0%  32.4  910s
 698621 183816  118.00000   51   37  122.00000  100.00000  18.0%  32.4  915s
 702445 184807  111.00000   54   39  122.00000  100.00000  18.0%  32.4  920s
 706203 185913  103.00000   46   54  122.00000  100.00000  18.0%  32.4  925s
 708979 186567  100.00000   44   50  122.00000  100.00000  18.0%  32.5  930s
 711746 187108  100.00000   45   42  122.00000  100.00000  18.0%  32.5  935s
 714653 187786 infeasible   50       122.00000  100.00000  18.0%  32.5  940s
 716955 188321  106.00000   45   52  122.00000  100.00000  18.0%  32.6  945s
 719709 188945  121.00000   64   42  122.00000  100.00000  18.0%  32.6  950s
 722616 189671 infeasible   48       122.00000  100.00000  18.0%  32.6  955s
 725460 190390  104.00000   50   55  122.00000  100.00000  18.0%  32.7  960s
 727818 190939 infeasible   53       122.00000  100.00000  18.0%  32.7  965s
 730411 191652 infeasible   52       122.00000  100.00000  18.0%  32.7  970s
 733237 192516 infeasible   54       122.00000  100.00000  18.0%  32.8  975s
 735496 193036  100.00000   53   42  122.00000  100.00000  18.0%  32.8  980s
 738309 193709  100.00000   48   64  122.00000  100.00000  18.0%  32.8  985s
 740948 194309  103.00000   51   50  122.00000  100.00000  18.0%  32.9  990s
 743800 195042  100.00000   44   56  122.00000  100.00000  18.0%  32.9  995s
 746585 195567  100.00000   42   12  122.00000  100.00000  18.0%  32.9 1000s
 749068 196198  114.00000   48   50  122.00000  100.00000  18.0%  33.0 1005s
 751711 196740 infeasible   53       122.00000  100.00000  18.0%  33.0 1010s
 754404 197402 infeasible   49       122.00000  100.00000  18.0%  33.0 1015s
 757021 197925  117.00000   49   40  122.00000  100.00000  18.0%  33.1 1020s
 759840 198494  107.00000   52   67  122.00000  100.00000  18.0%  33.1 1025s
 762448 198963 infeasible   51       122.00000  100.00000  18.0%  33.1 1030s
 764875 199577  118.00000   44   46  122.00000  100.00000  18.0%  33.2 1035s
 767698 200223  100.00000   47   32  122.00000  100.00000  18.0%  33.2 1040s
 770093 200705 infeasible   64       122.00000  100.00000  18.0%  33.2 1045s
 773036 201304  100.00000   43   10  122.00000  100.00000  18.0%  33.3 1050s
 775765 201832  103.00000   57   39  122.00000  100.00000  18.0%  33.3 1055s
 778466 202469  100.00000   51   35  122.00000  100.00000  18.0%  33.3 1060s
 781264 203110  103.00000   44   58  122.00000  100.00000  18.0%  33.4 1065s
 784105 203684 infeasible   53       122.00000  100.00000  18.0%  33.4 1070s
 786764 204225  118.00000   54   59  122.00000  100.00000  18.0%  33.4 1075s
 789413 204818  106.00000   41   13  122.00000  100.00000  18.0%  33.5 1080s
 792047 205455  102.00000   48   49  122.00000  100.00000  18.0%  33.5 1085s
 794799 206080  118.00000   56   59  122.00000  100.00000  18.0%  33.5 1090s
 796853 206532  121.00000   50   40  122.00000  100.00000  18.0%  33.5 1095s
 799759 207333  100.00000   48   63  122.00000  100.00000  18.0%  33.6 1100s
 802434 208114  100.00000   53   14  122.00000  100.00000  18.0%  33.6 1105s
 805162 208671 infeasible   61       122.00000  100.00000  18.0%  33.6 1110s
 807741 209143  114.00000   51   45  122.00000  100.00000  18.0%  33.7 1115s
 810053 209643 infeasible   54       122.00000  100.00000  18.0%  33.7 1120s
 812710 210117  107.00000   46   45  122.00000  100.00000  18.0%  33.8 1125s
 815575 210633  119.00000   61    9  122.00000  100.00000  18.0%  33.8 1130s
 817709 210990  118.00000   57   37  122.00000  100.00000  18.0%  33.8 1135s
 819982 211472  103.00000   52   42  122.00000  100.00000  18.0%  33.9 1140s
 822800 212054     cutoff   44       122.00000  100.00000  18.0%  33.9 1145s
 825348 212546  107.00000   44   70  122.00000  100.00000  18.0%  33.9 1150s
 828132 213170  119.00000   63   70  122.00000  100.00000  18.0%  34.0 1155s
 830959 213749  103.00000   52   37  122.00000  100.00000  18.0%  34.0 1160s
 833735 214321  120.00000   56    9  122.00000  100.00000  18.0%  34.0 1165s
 836526 214901 infeasible   57       122.00000  100.00000  18.0%  34.0 1170s
 839096 215527 infeasible   62       122.00000  100.00000  18.0%  34.0 1175s
 841805 216099 infeasible   56       122.00000  100.00000  18.0%  34.1 1180s
 844569 216637  103.00000   45   22  122.00000  100.00000  18.0%  34.1 1185s
 847534 217164  120.00000   53   38  122.00000  100.00000  18.0%  34.1 1190s
 850192 217722 infeasible   48       122.00000  100.00000  18.0%  34.1 1195s
 852643 218330 infeasible   58       122.00000  100.00000  18.0%  34.2 1200s
 855173 218920 infeasible   48       122.00000  100.00000  18.0%  34.2 1205s
 857839 219458  100.00000   42   11  122.00000  100.00000  18.0%  34.2 1210s
 860566 220039  102.00000   50   69  122.00000  100.00000  18.0%  34.2 1215s
 863263 220588  118.00000   51   61  122.00000  100.00000  18.0%  34.3 1220s
 865770 221112  115.00000   47   64  122.00000  100.00000  18.0%  34.3 1225s
 867857 221403  103.00000   47   50  122.00000  100.00000  18.0%  34.4 1230s
 870512 221960 infeasible   50       122.00000  100.00000  18.0%  34.4 1235s
 872926 222416  111.00000   58   11  122.00000  100.00000  18.0%  34.4 1240s
 875597 222991  118.00000   51   60  122.00000  100.00000  18.0%  34.4 1245s
 878287 223503  118.00000   49   33  122.00000  100.00000  18.0%  34.5 1250s
 880919 223961  100.00000   52   18  122.00000  100.00000  18.0%  34.5 1255s
 883197 224350 infeasible   52       122.00000  100.00000  18.0%  34.5 1260s
 885408 224824  100.00000   45   67  122.00000  100.00000  18.0%  34.6 1265s
 888287 225513  100.00000   41   52  122.00000  100.00000  18.0%  34.6 1270s
 890849 225996  118.00000   50   49  122.00000  100.00000  18.0%  34.6 1275s
 893552 226558  100.00000   49   69  122.00000  100.00000  18.0%  34.7 1280s
 895824 227106  114.00000   51   71  122.00000  100.00000  18.0%  34.7 1285s
 898636 227751  121.00000   54   32  122.00000  100.00000  18.0%  34.7 1290s
 901425 228447  103.00000   48   31  122.00000  100.00000  18.0%  34.7 1295s
 904338 228974  105.00000   52   18  122.00000  100.00000  18.0%  34.7 1300s
 907091 229469  100.00000   54   62  122.00000  100.00000  18.0%  34.7 1305s
 909790 230022  114.00000   50   50  122.00000  100.00000  18.0%  34.8 1310s
 912395 230441 infeasible   49       122.00000  100.00000  18.0%  34.8 1315s
 915037 230894  100.00000   50   38  122.00000  100.00000  18.0%  34.8 1320s
 916986 231213  103.00000   50   47  122.00000  100.00000  18.0%  34.9 1325s
 919536 231637  104.00000   47   65  122.00000  100.00000  18.0%  34.9 1330s
 922123 232198 infeasible   48       122.00000  100.00000  18.0%  34.9 1335s
 924328 232704  117.00000   48   36  122.00000  100.00000  18.0%  34.9 1340s
 926832 233209  114.00000   53   75  122.00000  100.00000  18.0%  35.0 1345s
 929641 233734 infeasible   48       122.00000  100.00000  18.0%  35.0 1350s
 932817 234474  100.00000   51   63  122.00000  100.00000  18.0%  35.0 1355s
 935429 234915  100.00000   51   13  122.00000  100.00000  18.0%  35.0 1360s
 937904 235388  114.94118   60   73  122.00000  100.00000  18.0%  35.0 1365s
 940600 235949 infeasible   64       122.00000  100.00000  18.0%  35.1 1370s
 943220 236311 infeasible   59       122.00000  100.00000  18.0%  35.1 1375s
 945466 236736  104.00000   47   63  122.00000  100.00000  18.0%  35.1 1380s
 948288 237217  100.00000   47   29  122.00000  100.00000  18.0%  35.1 1385s
 950749 237600  103.00000   48   69  122.00000  100.00000  18.0%  35.2 1390s
 953360 238031  110.00000   49   74  122.00000  100.00000  18.0%  35.2 1395s
 956138 238597  115.00000   54   58  122.00000  100.00000  18.0%  35.2 1400s
 958762 239089  114.00000   45   40  122.00000  100.00000  18.0%  35.3 1405s
 961059 239550  115.00000   49   48  122.00000  100.00000  18.0%  35.3 1410s
 963309 239947 infeasible   53       122.00000  100.00000  18.0%  35.3 1415s
 966047 240418  100.00000   47   74  122.00000  100.00000  18.0%  35.3 1420s
 968765 241026  100.00000   52   76  122.00000  100.00000  18.0%  35.3 1425s
 971408 241490  114.00000   62   17  122.00000  100.00000  18.0%  35.4 1430s
 974204 242094 infeasible   51       122.00000  100.00000  18.0%  35.4 1435s
 976563 242531 infeasible   58       122.00000  100.00000  18.0%  35.4 1440s
 979103 243069  118.00000   39   15  122.00000  100.00000  18.0%  35.5 1445s
 981688 243593 infeasible   56       122.00000  100.00000  18.0%  35.5 1450s
 984167 244026 infeasible   49       122.00000  100.00000  18.0%  35.5 1455s
 986496 244437  114.00000   53   54  122.00000  100.00000  18.0%  35.5 1460s
 989377 245087  100.00000   54   16  122.00000  100.00000  18.0%  35.5 1465s
 992403 245730  115.00000   47   35  122.00000  100.00000  18.0%  35.5 1470s
 995723 246475  100.00000   52   52  122.00000  100.00000  18.0%  35.6 1475s
 999070 247194  118.00000   62   38  122.00000  100.00000  18.0%  35.6 1480s
 1001521 247808 infeasible   55       122.00000  100.00000  18.0%  35.6 1485s
 1005044 248662  100.00000   46   61  122.00000  100.00000  18.0%  35.6 1490s
 1008632 249577  100.00000   44   60  122.00000  100.00000  18.0%  35.6 1495s
 1011808 250250  105.00000   49   68  122.00000  100.00000  18.0%  35.6 1500s
 1015083 250916  100.00000   49   16  122.00000  100.00000  18.0%  35.6 1505s
 1018388 251671 infeasible   52       122.00000  100.00000  18.0%  35.6 1510s
 1021690 252542 infeasible   54       122.00000  100.00000  18.0%  35.6 1515s
 1025116 253429  116.00000   54   55  122.00000  100.00000  18.0%  35.6 1520s
 1027584 253821  103.00000   47   12  122.00000  100.00000  18.0%  35.6 1525s
 1030673 254508  118.00000   50   60  122.00000  100.00000  18.0%  35.6 1530s
 1034031 255182  115.00000   49   64  122.00000  100.00000  18.0%  35.6 1535s
 1037092 255764 infeasible   59       122.00000  100.00000  18.0%  35.7 1540s
 1040406 256433 infeasible   54       122.00000  100.00000  18.0%  35.7 1545s
 1043692 257046  121.00000   55   49  122.00000  100.00000  18.0%  35.7 1550s
 1047018 257618  100.00000   49   45  122.00000  100.00000  18.0%  35.7 1555s
 1050392 258198  121.00000   53   35  122.00000  100.00000  18.0%  35.7 1560s
 1053614 259056  100.00000   42   55  122.00000  100.00000  18.0%  35.7 1565s
 1056509 259657  118.00000   47   46  122.00000  100.00000  18.0%  35.7 1570s
 1059896 260364  115.00000   49   40  122.00000  100.00000  18.0%  35.7 1575s
 1063023 260992  118.00000   53   42  122.00000  100.00000  18.0%  35.7 1580s
 1066137 261492  104.00000   50   64  122.00000  100.00000  18.0%  35.7 1585s
 1069149 262075 infeasible   59       122.00000  100.00000  18.0%  35.7 1590s
 1072455 262765  121.00000   62   47  122.00000  100.00000  18.0%  35.7 1595s
 1075417 263327 infeasible   57       122.00000  100.00000  18.0%  35.7 1600s
 1078526 263913  105.83178   52   58  122.00000  100.00000  18.0%  35.7 1605s
 1081710 264644 infeasible   52       122.00000  100.00000  18.0%  35.8 1610s
 1084876 265249  100.00000   49   21  122.00000  100.00000  18.0%  35.8 1615s
 1087616 265904  100.00000   46   26  122.00000  100.00000  18.0%  35.8 1620s
 1090745 266641  120.00000   58   53  122.00000  100.00000  18.0%  35.8 1625s
 1094096 267368  100.00000   49   54  122.00000  100.00000  18.0%  35.8 1630s
 1097658 268297  118.00000   62   50  122.00000  100.00000  18.0%  35.8 1635s
 1100937 269018  100.00000   49   40  122.00000  100.00000  18.0%  35.8 1640s
 1104193 269682 infeasible   46       122.00000  100.00000  18.0%  35.8 1645s
 1107235 270369  103.00000   49   76  122.00000  100.00000  18.0%  35.8 1650s
 1110533 271139  100.00000   43   10  122.00000  100.00000  18.0%  35.8 1655s
 1113531 271612 infeasible   48       122.00000  100.00000  18.0%  35.8 1660s
 1116714 272122  103.00000   51   16  122.00000  100.00000  18.0%  35.8 1665s
 1119479 272741  100.00000   54   51  122.00000  100.00000  18.0%  35.8 1670s
 1122839 273472  115.00000   57   53  122.00000  100.00000  18.0%  35.9 1675s
 1126002 274204  102.00000   50   11  122.00000  100.00000  18.0%  35.9 1680s
 1129341 274860 infeasible   55       122.00000  100.00000  18.0%  35.9 1685s
 1132746 275624  100.00000   42   45  122.00000  100.00000  18.0%  35.9 1690s
 1136054 276393 infeasible   55       122.00000  100.00000  18.0%  35.9 1695s
 1139539 277199 infeasible   62       122.00000  100.00000  18.0%  35.9 1700s
 1142252 277847  100.00000   52   21  122.00000  100.00000  18.0%  35.9 1705s
 1145214 278428  103.00000   44   54  122.00000  100.00000  18.0%  35.9 1710s
 1148681 279179 infeasible   61       122.00000  100.00000  18.0%  35.9 1715s
 1151994 279781  100.00000   48   55  122.00000  100.00000  18.0%  35.9 1720s
 1155141 280291 infeasible   56       122.00000  100.00000  18.0%  35.9 1725s
 1158456 280889  118.00000   61   56  122.00000  100.00000  18.0%  35.9 1730s
 1161281 281476  111.00000   48   60  122.00000  100.00000  18.0%  35.9 1735s
 1164528 282112  117.00000   49   57  122.00000  100.00000  18.0%  35.9 1740s
 1167735 282696  100.00000   53   22  122.00000  100.00000  18.0%  35.9 1745s
 1170858 283205  119.00000   60   23  122.00000  100.00000  18.0%  35.9 1750s
 1174134 283827  102.00000   45   25  122.00000  100.00000  18.0%  36.0 1755s
 1177207 284451 infeasible   51       122.00000  100.00000  18.0%  36.0 1760s
 1179845 285046  114.00000   49   68  122.00000  100.00000  18.0%  36.0 1765s
 1182964 285639  100.00000   46   43  122.00000  100.00000  18.0%  36.0 1770s
 1186220 286429  118.00000   51   62  122.00000  100.00000  18.0%  36.0 1775s
 1189711 287307 infeasible   52       122.00000  100.00000  18.0%  36.0 1780s
 1193166 288197 infeasible   59       122.00000  100.00000  18.0%  36.0 1785s
 1196683 288936  100.00000   46   57  122.00000  100.00000  18.0%  36.0 1790s
 1199985 289719  110.00000   51   57  122.00000  100.00000  18.0%  36.0 1795s

Cutting planes:
  Gomory: 39
  Cover: 237
  Implied bound: 121
  Clique: 22
  MIR: 185
  Mixing: 30
  StrongCG: 7
  Flow cover: 1135
  Inf proof: 249
  Zero half: 2
  RLT: 22
  Relax-and-lift: 18

Explored 1202691 nodes (43338183 simplex iterations) in 1800.00 seconds (1917.94 work units)
Thread count was 1 (of 96 available processors)

Solution count 10: 122 122 123 ... 133

Time limit reached
Best objective 1.219999999877e+02, best bound 1.000000000000e+02, gap 18.0328%
WARNING: Loading a SolverResults object with an 'aborted' status, but
    containing a solution

Instance 19_1, formulation altered, reform bigm:
  Rect 0: x = 85.00, y = 5.00
  Rect 1: x = 97.00, y = 12.00
  Rect 2: x = 75.00, y = 12.00
  Rect 3: x = 57.00, y = 12.00
  Rect 4: x = 14.00, y = 12.00
  Rect 5: x = 79.00, y = 12.00
  Rect 6: x = 0.00, y = 1.00
  Rect 7: x = 42.00, y = 5.00
  Rect 8: x = 0.00, y = 12.00
  Rect 9: x = 62.00, y = 12.00
  Rect 10: x = 79.00, y = 6.00
  Rect 11: x = 51.00, y = 3.00
  Rect 12: x = 67.00, y = 4.00
  Rect 13: x = 69.00, y = 2.00
  Rect 14: x = 9.00, y = 1.00
  Rect 15: x = 30.00, y = 12.00
  Rect 16: x = 23.00, y = 12.00
  Rect 17: x = 42.00, y = 12.00
  Rect 18: x = 113.00, y = 12.00
  → saved figures to strip_figures/19_1_altered_bigm.png and strip_figures/19_1_altered_bigm.pdf
Set parameter TokenServer to value "mooring.ecn.purdue.edu"
Read LP format model from file /tmp/tmp3khgvg58.pyomo.lp
Reading time = 0.01 seconds
x3460: 7031 rows, 3460 columns, 18399 nonzeros
Set parameter TimeLimit to value 1800
Set parameter Threads to value 1
Gurobi Optimizer version 11.0.0 build v11.0.0rc2 (linux64 - "Oracle Linux Server 9.6")

CPU model: AMD EPYC 7643 48-Core Processor, instruction set [SSE2|AVX|AVX2]
Thread count: 48 physical cores, 96 logical processors, using up to 1 threads

Optimize a model with 7031 rows, 3460 columns and 18399 nonzeros
Model fingerprint: 0x2909ab94
Variable types: 2776 continuous, 684 integer (684 binary)
Coefficient statistics:
  Matrix range     [1e+00, 2e+02]
  Objective range  [1e+00, 1e+00]
  Bounds range     [1e+00, 2e+02]
  RHS range        [1e+00, 2e+01]
Presolve removed 3427 rows and 1634 columns
Presolve time: 0.04s
Presolved: 3604 rows, 1826 columns, 9580 nonzeros
Variable types: 1460 continuous, 366 integer (366 binary)
Found heuristic solution: objective 186.0000000

Root relaxation: objective 3.200000e+01, 890 iterations, 0.02 seconds (0.02 work units)

    Nodes    |    Current Node    |     Objective Bounds      |     Work
 Expl Unexpl |  Obj  Depth IntInf | Incumbent    BestBd   Gap | It/Node Time

     0     0   32.00000    0  129  186.00000   32.00000  82.8%     -    0s
H    0     0                     183.0000000   32.00000  82.5%     -    0s
     0     0   32.00000    0  207  183.00000   32.00000  82.5%     -    0s
H    0     0                     173.0000000   32.00000  81.5%     -    0s
     0     0   32.00000    0  209  173.00000   32.00000  81.5%     -    0s
     0     0   32.00000    0  123  173.00000   32.00000  81.5%     -    0s
     0     0   32.00000    0  129  173.00000   32.00000  81.5%     -    0s
     0     0   32.00000    0  126  173.00000   32.00000  81.5%     -    0s
     0     0   32.00000    0  155  173.00000   32.00000  81.5%     -    0s
     0     0   32.00000    0  152  173.00000   32.00000  81.5%     -    0s
     0     0   32.00000    0  141  173.00000   32.00000  81.5%     -    0s
H    0     0                     164.0000000   32.00000  80.5%     -    1s
     0     2   32.00000    0  121  164.00000   32.00000  80.5%     -    1s
H   81    68                     161.0000000   34.62903  78.5%  60.5    1s
H  135   110                     154.0000000   34.62903  77.5%  43.5    1s
H  162   132                     145.0000000   34.62903  76.1%  37.8    1s
*  173   139             129     139.0000000   34.62903  75.1%  35.6    1s
H  700   538                     138.0000000   41.04055  70.3%  57.4    4s
H  705   502                     136.0000000   41.04055  69.8%  57.0    4s
H  867   567                     131.0000000   41.04055  68.7%  55.4    4s
   875   560   43.00000   11  103  131.00000   41.04055  68.7%  55.5    5s
H  882   542                     131.0000000   41.04055  68.7%  55.8    5s
* 1348   712              72     130.0000000   41.04055  68.4%  55.1    6s
H 1381   705                     130.0000000   44.00000  66.2%  56.4    6s
* 1907  1040              85     129.0000000   45.00000  65.1%  53.4    7s
H 1985  1077                     127.0000000   46.00000  63.8%  53.1    8s
* 2522  1449              64     125.0000000   46.00000  63.2%  51.9    9s
  2651  1542   82.00000   22   87  125.00000   46.00000  63.2%  52.0   10s
  4408  2755   65.00000   25   76  125.00000   51.00000  59.2%  53.4   15s
H 4434  2776                     125.0000000   51.00000  59.2%  53.4   15s
  6115  3872   81.00000   22   64  125.00000   53.00000  57.6%  55.0   20s
  7701  4909  111.00000   37   64  125.00000   55.00000  56.0%  55.9   25s
* 8802  5522              59     124.0000000   55.00000  55.6%  56.2   28s
  9461  5987  111.00000   42   87  124.00000   55.00000  55.6%  56.1   30s
H 9802  6208                     124.0000000   56.00000  54.8%  56.0   30s
 10203  6462   71.00000   24  141  124.00000   56.00000  54.8%  55.9   38s
 10218  6472   95.00000   39  141  124.00000   56.00000  54.8%  55.9   40s
 10417  6577  110.00000   71   67  124.00000   56.00000  54.8%  57.9   45s
 11013  6853   77.00000   41   61  124.00000   56.00000  54.8%  58.5   50s
 12057  7342   89.00000   43   80  124.00000   56.00000  54.8%  58.8   55s
 13823  7999 infeasible   58       124.00000   56.00000  54.8%  57.7   60s
 15694  8654  110.00000   53   53  124.00000   56.00000  54.8%  56.4   65s
 17741  9441     cutoff   81       124.00000   56.00000  54.8%  55.3   70s
*19767  9798              66     123.0000000   56.00000  54.5%  54.5   74s
 19853  9827 infeasible   75       123.00000   56.00000  54.5%  54.4   75s
 21664 10459   74.00000   38   92  123.00000   56.00000  54.5%  53.3   80s
 23465 11033 infeasible   52       123.00000   56.00000  54.5%  52.8   85s
 25385 11647  101.00000   45   81  123.00000   57.00000  53.7%  52.6   90s
 27739 12422 infeasible   64       123.00000   58.00000  52.8%  51.6   95s
 29919 13590  115.00000   88   27  123.00000   59.00000  52.0%  51.2  100s
 31908 14864   95.00000   44   66  123.00000   59.00000  52.0%  51.0  105s
H32128 15016                     123.0000000   59.75862  51.4%  51.0  106s
 33917 16241 infeasible   54       123.00000   60.00000  51.2%  50.4  110s
 36057 17629  100.00000   44   66  123.00000   60.00000  51.2%  50.3  115s
 38132 18953  112.00000   66   50  123.00000   61.00000  50.4%  50.1  120s
 40259 20238   94.00000   41   67  123.00000   61.00000  50.4%  49.6  125s
 42275 21571  110.00000   76   33  123.00000   61.00000  50.4%  49.5  130s
 44627 23150   77.00000   39   70  123.00000   61.00000  50.4%  49.1  135s
 46720 24468   68.00000   40   95  123.00000   62.00000  49.6%  49.0  140s
 49018 25918   82.00000   40   99  123.00000   63.00000  48.8%  48.7  145s
 51060 27212  106.00000   55   49  123.00000   64.00000  48.0%  48.7  150s
 52976 28368  109.00000   45   61  123.00000   65.00000  47.2%  48.8  155s
 55244 29759   83.00000   38   58  123.00000   66.00000  46.3%  48.6  160s
 57441 31089  105.00000   60   54  123.00000   66.00000  46.3%  48.5  165s
 59794 32548   69.28000   41   91  123.00000   66.00000  46.3%  48.2  170s
 61688 33790   78.00000   40   79  123.00000   66.00000  46.3%  48.4  175s
 63686 35092   88.00000   40   64  123.00000   67.00000  45.5%  48.3  180s
 66267 36647  113.00000   48   48  123.00000   67.00000  45.5%  48.0  185s
 67991 37762   95.00000   42   66  123.00000   67.00000  45.5%  47.9  190s
 70470 39379   69.00000   39   71  123.00000   67.00000  45.5%  47.6  195s
 72808 40880  114.00000   83   49  123.00000   67.00000  45.5%  47.4  200s
 74977 42247  102.00000   45   70  123.00000   67.00000  45.5%  47.4  205s
 77041 43484   74.00000   38  104  123.00000   67.00000  45.5%  47.4  210s
 79037 44661 infeasible   46       123.00000   68.00000  44.7%  47.3  215s
 81295 46036  101.00000   57   51  123.00000   68.00000  44.7%  47.3  220s
 83750 47528   68.00000   40   75  123.00000   68.00000  44.7%  47.1  225s
 86190 49068   86.00000   43   82  123.00000   68.00000  44.7%  46.9  230s
 88422 50456  115.00000   52   62  123.00000   68.00000  44.7%  46.9  235s
 90598 51820  102.00000   47   70  123.00000   68.00000  44.7%  46.8  240s
 92530 53004 infeasible   63       123.00000   68.00000  44.7%  46.7  245s
 94571 54288  110.00000   51   96  123.00000   68.00000  44.7%  46.8  250s
 96755 55554   81.00000   42   77  123.00000   69.00000  43.9%  46.8  255s
 98878 56765  113.00000   63   33  123.00000   69.00000  43.9%  46.7  260s
 101280 58238   95.00000   48   57  123.00000   69.00000  43.9%  46.5  265s
 103310 59378  105.00000   54   69  123.00000   69.00000  43.9%  46.5  270s
 105670 60762   93.00000   51   68  123.00000   69.00000  43.9%  46.3  275s
 107772 61975  102.00000   64   56  123.00000   69.00000  43.9%  46.4  280s
 110220 63477  110.00000   49   57  123.00000   69.00000  43.9%  46.2  285s
 112587 64906 infeasible   54       123.00000   69.00000  43.9%  46.1  290s
 114470 65963 infeasible   49       123.00000   70.00000  43.1%  46.1  295s
 117064 67440  102.00000   48   56  123.00000   70.00000  43.1%  45.9  300s
 119331 68792 infeasible   50       123.00000   70.00000  43.1%  45.8  305s
 121400 69923   83.00000   46   67  123.00000   70.00000  43.1%  45.8  310s
 123621 71232 infeasible   54       123.00000   70.00000  43.1%  45.8  315s
 126103 72637  102.00000   51   54  123.00000   70.00000  43.1%  45.7  320s
 128228 73839   76.00000   42   73  123.00000   70.00000  43.1%  45.6  325s
 130345 75028   81.00000   37   79  123.00000   70.00000  43.1%  45.6  330s
 132455 76293   71.00000   44   74  123.00000   70.00000  43.1%  45.6  335s
 134438 77414   83.00000   46   74  123.00000   70.00000  43.1%  45.6  340s
 136206 78419  104.00000   55   82  123.00000   70.00000  43.1%  45.6  345s
 138192 79529   90.00000   40   75  123.00000   70.00000  43.1%  45.7  350s
 140266 80694   82.00000   43   89  123.00000   70.00000  43.1%  45.7  355s
 142625 82076  113.00000   58   65  123.00000   70.00000  43.1%  45.7  360s
 144793 83249 infeasible   54       123.00000   71.00000  42.3%  45.7  365s
 147398 84727   71.00000   41   78  123.00000   71.00000  42.3%  45.5  370s
 149464 85873  111.00000   60   66  123.00000   71.00000  42.3%  45.5  375s
 151342 86884  109.00000   46   56  123.00000   71.00000  42.3%  45.5  380s
 153570 88110  107.00000   53   39  123.00000   71.00000  42.3%  45.5  385s
 155986 89447 infeasible   67       123.00000   71.00000  42.3%  45.4  390s
 158216 90659  114.00000   61   52  123.00000   71.00000  42.3%  45.3  395s
 160253 91809   90.00000   46   86  123.00000   71.00000  42.3%  45.3  400s
 161739 92660 infeasible   63       123.00000   72.00000  41.5%  45.4  405s
 164066 93918 infeasible   68       123.00000   72.00000  41.5%  45.4  410s
 166173 95031  101.00000   55   68  123.00000   72.00000  41.5%  45.3  415s
 168434 96314 infeasible   44       123.00000   72.00000  41.5%  45.3  420s
 170364 97362  105.00000   55   73  123.00000   72.00000  41.5%  45.4  425s
 172461 98582  109.28571   45   74  123.00000   72.00000  41.5%  45.4  430s
 174927 99986  104.00000   44   49  123.00000   73.00000  40.7%  45.3  435s
 176911 101102   96.00000   45   85  123.00000   73.00000  40.7%  45.3  440s
 178719 102111 infeasible   41       123.00000   73.00000  40.7%  45.3  445s
 180978 103386   85.00000   50   67  123.00000   73.00000  40.7%  45.3  450s
 182822 104409   80.00000   45   64  123.00000   73.00000  40.7%  45.3  455s
 185029 105681  114.00000   54   43  123.00000   73.00000  40.7%  45.3  460s
 186911 106681  114.00000   68   43  123.00000   73.00000  40.7%  45.3  465s
 188719 107658 infeasible   55       123.00000   73.00000  40.7%  45.4  470s
 191045 108952  111.00000   53   59  123.00000   73.00000  40.7%  45.4  475s
 193267 110202 infeasible   58       123.00000   73.00000  40.7%  45.3  480s
 195336 111329  115.00000   66   62  123.00000   73.00000  40.7%  45.3  485s
 197190 112326   76.00000   40   72  123.00000   73.00000  40.7%  45.4  490s
 199418 113578  105.00000   56   65  123.00000   73.00000  40.7%  45.4  495s
 201252 114588  108.00000   56   65  123.00000   73.00000  40.7%  45.3  500s
 203243 115733   97.00000   44   62  123.00000   73.00000  40.7%  45.4  505s
 205136 116745 infeasible   49       123.00000   73.00000  40.7%  45.4  510s
 207091 117886   95.00000   45   68  123.00000   73.00000  40.7%  45.4  515s
 208911 118943   94.00000   52   64  123.00000   73.00000  40.7%  45.4  520s
 211107 120259   82.00000   49   71  123.00000   73.00000  40.7%  45.4  525s
 213385 121656 infeasible   43       123.00000   73.00000  40.7%  45.3  530s
 215635 123109   98.00000   41   76  123.00000   73.00000  40.7%  45.3  535s
 217572 124173 infeasible   48       123.00000   73.00000  40.7%  45.3  540s
 219442 125305 infeasible   59       123.00000   73.00000  40.7%  45.4  545s
 221260 126375  106.00000   56   45  123.00000   73.00000  40.7%  45.4  550s
 222997 127300 infeasible   44       123.00000   73.00000  40.7%  45.4  555s
 224847 128385  114.00000   49   81  123.00000   73.00000  40.7%  45.5  560s
 226754 129494   73.00000   39  102  123.00000   73.00000  40.7%  45.5  565s
 228319 130342  106.00000   48   60  123.00000   74.00000  39.8%  45.6  570s
 230469 131495  114.00000   51   46  123.00000   74.00000  39.8%  45.6  575s
 232735 132703  114.00000   65   41  123.00000   74.00000  39.8%  45.5  580s
 234697 133771   77.00000   42   84  123.00000   74.00000  39.8%  45.6  585s
 236665 134778 infeasible   71       123.00000   74.00000  39.8%  45.6  590s
 238446 135732   91.00000   42   45  123.00000   74.00000  39.8%  45.6  595s
 240633 137007   83.00000   40   68  123.00000   74.00000  39.8%  45.6  600s
 242487 138038 infeasible   61       123.00000   74.00000  39.8%  45.6  605s
 244704 139337  105.00000   54   49  123.00000   74.00000  39.8%  45.6  610s
 246604 140373  110.00000   52   71  123.00000   74.00000  39.8%  45.7  615s
 248711 141516 infeasible   72       123.00000   74.00000  39.8%  45.7  620s
 250371 142356 infeasible   49       123.00000   74.00000  39.8%  45.7  625s
 252033 143252  102.00000   40   68  123.00000   74.00000  39.8%  45.8  630s
 254368 144461   99.00000   47   78  123.00000   74.00000  39.8%  45.7  635s
 256244 145511  105.00000   52   84  123.00000   74.00000  39.8%  45.7  640s
 258200 146680  108.00000   48   60  123.00000   74.00000  39.8%  45.8  645s
 259767 147578  104.00000   72   55  123.00000   74.00000  39.8%  45.8  650s
 262087 148830 infeasible   59       123.00000   74.00000  39.8%  45.8  655s
 263780 149685   78.00000   42   84  123.00000   74.00000  39.8%  45.8  660s
 265719 150827  102.00000   44   63  123.00000   74.00000  39.8%  45.8  665s
 267730 151885 infeasible   63       123.00000   74.00000  39.8%  45.8  670s
 269679 153047  102.00000   60   72  123.00000   74.00000  39.8%  45.8  675s
 271345 153956   93.00000   43   77  123.00000   75.00000  39.0%  45.8  680s
 273627 155213  119.00000   76   35  123.00000   75.00000  39.0%  45.8  685s
 275648 156264 infeasible   47       123.00000   75.00000  39.0%  45.8  690s
 277900 157469  103.00000   53   52  123.00000   75.00000  39.0%  45.8  695s
 280053 158710  104.00000   37   71  123.00000   75.00000  39.0%  45.8  700s
 282293 159946  104.00000   48   59  123.00000   75.00000  39.0%  45.7  705s
 284293 161024  101.00000   54   72  123.00000   75.00000  39.0%  45.8  710s
 286040 162003  113.00000   65   40  123.00000   75.00000  39.0%  45.7  715s
 288263 163231  117.00000   63   56  123.00000   75.00000  39.0%  45.7  720s
 290300 164434 infeasible   58       123.00000   75.00000  39.0%  45.7  725s
 291996 165364 infeasible   53       123.00000   75.04348  39.0%  45.8  730s
 294220 166613  106.00000   59   45  123.00000   76.00000  38.2%  45.8  735s
 296575 167860  118.00000   83   77  123.00000   76.00000  38.2%  45.7  740s
 298619 168994  112.00000   53   79  123.00000   76.00000  38.2%  45.7  745s
 300415 169899  107.00000   44   59  123.00000   76.00000  38.2%  45.7  750s
 302136 170726  110.00000   60   59  123.00000   76.00000  38.2%  45.8  755s
 303993 171581  108.00000   48   53  123.00000   76.00000  38.2%  45.8  760s
 306338 172672 infeasible   47       123.00000   76.00000  38.2%  45.8  765s
 308338 173711   88.00000   37   65  123.00000   76.00000  38.2%  45.8  770s
 310218 174656 infeasible   52       123.00000   76.00000  38.2%  45.8  775s
 311901 175487 infeasible   46       123.00000   76.00000  38.2%  45.8  780s
 313599 176364   89.00000   50   75  123.00000   76.00000  38.2%  45.8  785s
 315630 177342  105.00000   46   61  123.00000   76.00000  38.2%  45.8  790s
 317775 178487  114.00000   69   54  123.00000   76.00000  38.2%  45.8  795s
 319643 179460   86.00000   43   79  123.00000   76.00000  38.2%  45.8  800s
 321569 180507  103.00000   47   78  123.00000   76.00000  38.2%  45.9  805s
 323296 181331 infeasible   60       123.00000   76.00000  38.2%  45.9  810s
 325185 182267  111.00000   49   59  123.00000   76.00000  38.2%  45.9  815s
 326805 183129 infeasible   74       123.00000   76.00000  38.2%  46.0  820s
 328016 183778  114.00000   55   57  123.00000   76.08696  38.1%  46.0  825s
 329818 184743  113.00000   51   51  123.00000   77.00000  37.4%  46.1  830s
 331714 185711 infeasible   49       123.00000   77.00000  37.4%  46.1  835s
 333652 186662 infeasible   54       123.00000   77.00000  37.4%  46.1  840s
 335620 187662   98.00000   48   46  123.00000   77.00000  37.4%  46.1  845s
 337667 188671  114.00000   52   47  123.00000   77.00000  37.4%  46.1  850s
 339247 189450  104.00000   40   55  123.00000   77.00000  37.4%  46.1  855s
 340938 190386 infeasible   49       123.00000   77.00000  37.4%  46.2  860s
 343000 191446 infeasible   45       123.00000   77.00000  37.4%  46.2  865s
 345023 192536  106.00000   61   64  123.00000   77.00000  37.4%  46.2  870s
 346978 193476  105.00000   59   69  123.00000   77.00000  37.4%  46.2  875s
 348521 194266  107.84211   55   50  123.00000   77.00000  37.4%  46.3  880s
 350533 195345 infeasible   57       123.00000   77.00000  37.4%  46.3  885s
 351962 196133  102.00000   59   70  123.00000   77.00000  37.4%  46.3  890s
 353824 197156 infeasible   53       123.00000   77.00000  37.4%  46.4  895s
 355914 198350  112.00000   55   50  123.00000   77.00000  37.4%  46.4  900s
 358066 199469 infeasible   55       123.00000   77.00000  37.4%  46.4  905s
 360018 200586  106.00000   51   65  123.00000   77.00000  37.4%  46.4  910s
 362137 201760  114.00000   53   60  123.00000   77.00000  37.4%  46.4  915s
 363907 202710  100.14286   45   69  123.00000   77.00000  37.4%  46.4  920s
 365292 203489 infeasible   76       123.00000   77.00000  37.4%  46.5  925s
 367109 204391  108.00000   75   49  123.00000   77.00000  37.4%  46.5  930s
 369117 205491  104.00000   43   73  123.00000   77.00000  37.4%  46.5  935s
 371394 206640 infeasible   48       123.00000   77.00000  37.4%  46.5  940s
 372985 207433 infeasible   60       123.00000   77.00000  37.4%  46.5  945s
 374756 208367  104.00000   47   95  123.00000   77.00000  37.4%  46.5  950s
 376489 209172  105.00000   49   70  123.00000   77.00000  37.4%  46.6  955s
 377869 209864   92.00000   46   86  123.00000   77.00000  37.4%  46.6  960s
 379493 210717   92.00000   41   47  123.00000   78.00000  36.6%  46.7  965s
 381564 211795   92.00000   36   55  123.00000   78.00000  36.6%  46.7  970s
 383406 212743  110.00000   47   39  123.00000   78.00000  36.6%  46.7  975s
 384885 213547  106.00000   54   71  123.00000   78.00000  36.6%  46.7  980s
 386995 214667  110.00000   63   54  123.00000   78.00000  36.6%  46.7  985s
 389348 215960 infeasible   58       123.00000   78.00000  36.6%  46.7  990s
 391399 216992  109.00000   48   56  123.00000   78.00000  36.6%  46.7  995s
 393487 217992  111.00000   54   41  123.00000   78.00000  36.6%  46.7 1000s
 395205 218792  119.00000   66   53  123.00000   78.00000  36.6%  46.7 1005s
 397229 219845  106.00000   59   69  123.00000   78.00000  36.6%  46.7 1010s
 399094 220792 infeasible   59       123.00000   78.00000  36.6%  46.7 1015s
 401196 221872 infeasible   46       123.00000   78.00000  36.6%  46.7 1020s
 402963 222827 infeasible   49       123.00000   78.00000  36.6%  46.7 1025s
 404883 223845 infeasible   60       123.00000   78.00000  36.6%  46.7 1030s
 406398 224620 infeasible   60       123.00000   78.00000  36.6%  46.8 1035s
 408562 225817  111.00000   65   40  123.00000   78.00000  36.6%  46.7 1040s
 410900 227134  108.00000   53   66  123.00000   78.00000  36.6%  46.7 1045s
 413010 228271   90.00000   44   77  123.00000   78.00000  36.6%  46.7 1050s
 414615 229194   94.00000   43   73  123.00000   78.00000  36.6%  46.7 1055s
 416403 230228  114.00000   58   62  123.00000   78.00000  36.6%  46.8 1060s
 418335 231332   94.14286   49   70  123.00000   78.14286  36.5%  46.8 1065s
 419710 232001 infeasible   45       123.00000   79.00000  35.8%  46.8 1070s
 421727 233064   90.00000   47   59  123.00000   79.00000  35.8%  46.8 1075s
 423935 234149 infeasible   48       123.00000   79.00000  35.8%  46.8 1080s
 425874 235274  104.00000   59   63  123.00000   79.00000  35.8%  46.8 1085s
 427581 236060 infeasible   54       123.00000   79.00000  35.8%  46.8 1090s
 429415 236896 infeasible   65       123.00000   79.00000  35.8%  46.9 1095s
 431657 238081  106.00000   48   66  123.00000   79.00000  35.8%  46.8 1100s
 433489 239008  107.00000   54   64  123.00000   79.00000  35.8%  46.8 1105s
 435650 240148  102.00000   53   58  123.00000   79.00000  35.8%  46.8 1110s
 437404 241036  111.00000   58   54  123.00000   79.00000  35.8%  46.9 1115s
 439446 242106  107.00000   74   51  123.00000   79.00000  35.8%  46.9 1120s
 441183 243094  114.00000   55   57  123.00000   79.00000  35.8%  46.9 1125s
 442931 244050  110.00000   75   39  123.00000   79.00000  35.8%  46.9 1130s
 444894 245116 infeasible   66       123.00000   79.00000  35.8%  46.9 1135s
 446926 246173  107.00000   51   72  123.00000   79.00000  35.8%  46.9 1140s
 448618 246953   83.00000   37   69  123.00000   79.00000  35.8%  46.9 1145s
 450459 247912  114.00000   51   69  123.00000   79.00000  35.8%  46.9 1150s
 452169 248790 infeasible   46       123.00000   79.00000  35.8%  47.0 1155s
 454010 249762  109.00000   38   76  123.00000   79.00000  35.8%  47.0 1160s
 455910 250803   95.00000   46   66  123.00000   79.38462  35.5%  47.0 1165s
 457721 251703  108.00000   78   35  123.00000   80.00000  35.0%  47.0 1170s
 459704 252706 infeasible   63       123.00000   80.00000  35.0%  47.0 1175s
 462034 254033  104.00000   40   52  123.00000   80.00000  35.0%  47.0 1180s
 464084 255036 infeasible   61       123.00000   80.00000  35.0%  47.0 1185s
 465855 256005   92.00000   42   56  123.00000   80.00000  35.0%  47.0 1190s
 467733 257030  107.00000   53   56  123.00000   80.00000  35.0%  47.0 1195s
 469607 258009 infeasible   45       123.00000   80.00000  35.0%  47.0 1200s
 471744 259175  111.00000   82   48  123.00000   80.00000  35.0%  47.0 1205s
 473752 260223 infeasible   63       123.00000   80.00000  35.0%  47.0 1210s
 475597 261090 infeasible   52       123.00000   80.00000  35.0%  47.0 1215s
 477868 262358 infeasible   59       123.00000   80.00000  35.0%  47.0 1220s
 479770 263306 infeasible   53       123.00000   80.00000  35.0%  47.0 1225s
 482109 264531 infeasible   46       123.00000   80.00000  35.0%  47.0 1230s
 483721 265369   97.00000   48   47  123.00000   80.00000  35.0%  47.0 1235s
 485787 266468  101.00000   54   65  123.00000   80.00000  35.0%  47.0 1240s
 487796 267541  107.00000   49   48  123.00000   80.00000  35.0%  47.0 1245s
 489972 268686 infeasible   48       123.00000   80.00000  35.0%  47.0 1250s
 491594 269486   83.00000   41   71  123.00000   80.00000  35.0%  47.0 1255s
 492846 270184  103.00000   53   57  123.00000   80.00000  35.0%  47.1 1260s
 494933 271272  103.00000   59   76  123.00000   80.00000  35.0%  47.1 1265s
 496826 272287 infeasible   82       123.00000   80.00000  35.0%  47.1 1270s
 498924 273369 infeasible   48       123.00000   80.00000  35.0%  47.1 1275s
 501016 274528 infeasible   66       123.00000   80.00000  35.0%  47.1 1280s
 502685 275429  106.00000   57   69  123.00000   80.00000  35.0%  47.1 1285s
 504661 276429   90.00000   43   80  123.00000   80.00000  35.0%  47.1 1290s
 506725 277416  105.00000   56   61  123.00000   80.00000  35.0%  47.1 1295s
 508328 278215   90.00000   49   67  123.00000   80.00000  35.0%  47.1 1300s
 510121 279147 infeasible   53       123.00000   80.00000  35.0%  47.1 1305s
 512027 280141   94.00000   44   79  123.00000   80.00000  35.0%  47.1 1310s
 513972 281116 infeasible   44       123.00000   80.00000  35.0%  47.2 1315s
 516130 282351   92.00000   39   71  123.00000   80.00000  35.0%  47.2 1320s
 517904 283264  110.00000   61   51  123.00000   80.00000  35.0%  47.2 1325s
 519851 284246 infeasible   48       123.00000   80.00000  35.0%  47.2 1330s
 521771 285242  116.00000   45   58  123.00000   80.00000  35.0%  47.2 1335s
 523700 286260 infeasible   84       123.00000   80.00000  35.0%  47.2 1340s
 525839 287423   94.71429   45   78  123.00000   80.00000  35.0%  47.2 1345s
 527264 288112  102.00000   44   81  123.00000   80.00000  35.0%  47.2 1350s
 529172 289231 infeasible   48       123.00000   80.00000  35.0%  47.2 1355s
 531289 290442 infeasible   52       123.00000   80.00000  35.0%  47.2 1360s
 532997 291311  117.00000   78   16  123.00000   80.00000  35.0%  47.2 1365s
 534135 291910  102.00000   66   69  123.00000   80.00000  35.0%  47.3 1370s
 536039 292893 infeasible   70       123.00000   80.00000  35.0%  47.3 1375s
 537823 293903  114.00000   77   32  123.00000   80.00000  35.0%  47.3 1380s
 539553 294796  106.00000   54   70  123.00000   80.09091  34.9%  47.3 1385s
 541295 295579  105.00000   63   31  123.00000   81.00000  34.1%  47.4 1390s
 543380 296640 infeasible   51       123.00000   81.00000  34.1%  47.3 1395s
 545567 297731   94.00000   37   56  123.00000   81.00000  34.1%  47.3 1400s
 547514 298786   90.00000   40   63  123.00000   81.00000  34.1%  47.3 1405s
 549701 299843   94.00000   51   65  123.00000   81.00000  34.1%  47.3 1410s
 551688 300884  114.00000   56   55  123.00000   81.00000  34.1%  47.3 1415s
 553789 302001   98.00000   52   60  123.00000   81.00000  34.1%  47.3 1420s
 555803 303015 infeasible   45       123.00000   81.00000  34.1%  47.3 1425s
 556975 303577  111.00000   50   73  123.00000   81.00000  34.1%  47.3 1430s
 559008 304562   99.00000   53   48  123.00000   81.00000  34.1%  47.4 1435s
 560922 305614 infeasible   57       123.00000   81.00000  34.1%  47.4 1440s
 563076 306636  113.00000   65   46  123.00000   81.00000  34.1%  47.4 1445s
 565293 307815 infeasible   59       123.00000   81.00000  34.1%  47.4 1450s
 567164 308681 infeasible   53       123.00000   81.00000  34.1%  47.4 1455s
 569119 309700 infeasible   53       123.00000   81.00000  34.1%  47.4 1460s
 571178 310668 infeasible   54       123.00000   81.00000  34.1%  47.4 1465s
 573131 311613 infeasible   56       123.00000   81.00000  34.1%  47.4 1470s
 574748 312291  102.00000   56   84  123.00000   81.00000  34.1%  47.4 1475s
 577077 313541  103.00000   87   45  123.00000   81.00000  34.1%  47.3 1480s
 579353 314786 infeasible   45       123.00000   81.00000  34.1%  47.3 1485s
 581225 315763 infeasible   50       123.00000   81.00000  34.1%  47.3 1490s
 583419 316761  113.00000   56   54  123.00000   81.00000  34.1%  47.3 1495s
 585100 317650 infeasible   50       123.00000   81.00000  34.1%  47.3 1500s
 586325 318230  113.00000   44   63  123.00000   81.00000  34.1%  47.3 1505s
 588512 319362   90.00000   42   74  123.00000   81.00000  34.1%  47.3 1510s
 590562 320429  102.00000   48   67  123.00000   81.00000  34.1%  47.3 1515s
 592713 321467   94.00000   39   71  123.00000   81.00000  34.1%  47.3 1520s
 594957 322740  103.00000   53   52  123.00000   81.00000  34.1%  47.3 1525s
 597105 323866 infeasible   54       123.00000   81.00000  34.1%  47.3 1530s
 599233 325036  102.00000   44   66  123.00000   81.00000  34.1%  47.2 1535s
 601264 325988  111.00000   61   47  123.00000   81.00000  34.1%  47.2 1540s
 603555 327361 infeasible   70       123.00000   81.00000  34.1%  47.2 1545s
 605995 328611 infeasible   74       123.00000   81.00000  34.1%  47.2 1550s
 607939 329734 infeasible   62       123.00000   81.00000  34.1%  47.2 1555s
 609793 330660 infeasible   73       123.00000   81.00000  34.1%  47.2 1560s
 611762 331563  111.00000   52   63  123.00000   81.00000  34.1%  47.2 1565s
 613628 332527  105.00000   52   86  123.00000   81.00000  34.1%  47.2 1570s
 614988 333199  114.00000   49   58  123.00000   81.45000  33.8%  47.2 1575s
 616731 334156  101.00000   52   40  123.00000   82.00000  33.3%  47.2 1580s
 618916 335316 infeasible   54       123.00000   82.00000  33.3%  47.2 1585s
 620902 336411  105.00000   62   57  123.00000   82.00000  33.3%  47.2 1590s
 622937 337449  102.00000   46   62  123.00000   82.00000  33.3%  47.2 1595s
 624973 338493  115.00000   54   42  123.00000   82.00000  33.3%  47.2 1600s
 626703 339365  113.00000   61   47  123.00000   82.00000  33.3%  47.2 1605s
 628804 340493   98.00000   42   61  123.00000   82.00000  33.3%  47.2 1610s
 630913 341629  114.00000   46   51  123.00000   82.00000  33.3%  47.2 1615s
 633110 342828  110.00000   64   58  123.00000   82.00000  33.3%  47.2 1620s
 634906 343827 infeasible   67       123.00000   82.00000  33.3%  47.2 1625s
 636937 344901  114.00000   54   44  123.00000   82.00000  33.3%  47.2 1630s
 639394 346241  106.00000   41   53  123.00000   82.00000  33.3%  47.2 1635s
 641507 347399  111.00000   63   56  123.00000   82.00000  33.3%  47.2 1640s
 643808 348589  107.00000   49   50  123.00000   82.00000  33.3%  47.2 1645s
 645872 349721  105.00000   56   59  123.00000   82.00000  33.3%  47.2 1650s
 647797 350703 infeasible   51       123.00000   82.00000  33.3%  47.2 1655s
 649934 351847  110.00000   60   62  123.00000   82.00000  33.3%  47.2 1660s
 652114 353041   83.00000   38   67  123.00000   82.00000  33.3%  47.2 1665s
 654272 354126   94.00000   46   53  123.00000   82.00000  33.3%  47.1 1670s
 655845 354934 infeasible   49       123.00000   82.00000  33.3%  47.2 1675s
 657875 356057  100.00000   42   56  123.00000   82.00000  33.3%  47.2 1680s
 659892 357126   90.00000   48   71  123.00000   82.00000  33.3%  47.2 1685s
 662043 358289  110.00000   64   56  123.00000   82.00000  33.3%  47.2 1690s
 663823 359333   82.00000   47   60  123.00000   82.00000  33.3%  47.2 1695s
 665648 360315 infeasible   58       123.00000   82.00000  33.3%  47.1 1700s
 667563 361366 infeasible   50       123.00000   82.00000  33.3%  47.1 1705s
 669790 362602 infeasible   65       123.00000   82.00000  33.3%  47.1 1710s
 671869 363640   90.00000   44   60  123.00000   82.00000  33.3%  47.1 1715s
 674133 364873  107.00000   46   60  123.00000   82.00000  33.3%  47.1 1720s
 676273 366059  106.00000   54   69  123.00000   82.00000  33.3%  47.1 1725s
 678361 367167 infeasible   53       123.00000   82.00000  33.3%  47.1 1730s
 680557 368380 infeasible   48       123.00000   82.00000  33.3%  47.1 1735s
 682496 369475   98.00000   43   58  123.00000   82.00000  33.3%  47.1 1740s
 684579 370572 infeasible   54       123.00000   82.00000  33.3%  47.1 1745s
 686679 371697 infeasible   56       123.00000   82.00000  33.3%  47.1 1750s
 688409 372653  110.00000   47   51  123.00000   82.00000  33.3%  47.1 1755s
 691061 374123   82.00000   37   64  123.00000   82.00000  33.3%  47.1 1760s
 693284 375341  110.00000   90   26  123.00000   82.00000  33.3%  47.0 1765s
 695673 376658  103.00000   50   42  123.00000   82.00000  33.3%  47.0 1770s
 697843 377847 infeasible   48       123.00000   82.00000  33.3%  47.0 1775s
 699944 378941 infeasible   47       123.00000   82.00000  33.3%  47.0 1780s
 701553 379842  101.00000   50   69  123.00000   82.00000  33.3%  47.0 1785s
 703438 380976  101.00000   46   60  123.00000   82.00000  33.3%  47.0 1790s
 705429 382069   98.00000   41   74  123.00000   82.00000  33.3%  47.0 1795s

Cutting planes:
  Gomory: 6
  Cover: 7
  Implied bound: 13
  Projected implied bound: 3
  Clique: 5
  MIR: 9
  Flow cover: 30
  Zero half: 2
  RLT: 23
  BQP: 3
  PSD: 1

Explored 707161 nodes (33276894 simplex iterations) in 1800.00 seconds (1539.51 work units)
Thread count was 1 (of 96 available processors)

Solution count 10: 123 123 123 ... 130

Time limit reached
Best objective 1.229999999876e+02, best bound 8.200000000000e+01, gap 33.3333%
WARNING: Loading a SolverResults object with an 'aborted' status, but
    containing a solution

Instance 19_1, formulation altered, reform hull:
  Rect 0: x = 13.00, y = 5.00
  Rect 1: x = 107.00, y = 12.00
  Rect 2: x = 77.00, y = 10.00
  Rect 3: x = 73.00, y = 9.00
  Rect 4: x = 45.00, y = 11.00
  Rect 5: x = 83.00, y = 6.00
  Rect 6: x = 31.00, y = 12.00
  Rect 7: x = 89.00, y = 11.00
  Rect 8: x = 31.00, y = 11.00
  Rect 9: x = 0.00, y = 8.00
  Rect 10: x = 25.00, y = 4.00
  Rect 11: x = 0.00, y = 12.00
  Rect 12: x = 81.00, y = 9.00
  Rect 13: x = 73.00, y = 12.00
  Rect 14: x = 40.00, y = 12.00
  Rect 15: x = 54.00, y = 12.00
  Rect 16: x = 66.00, y = 11.00
  Rect 17: x = 16.00, y = 12.00
  Rect 18: x = 98.00, y = 12.00
  → saved figures to strip_figures/19_1_altered_hull.png and strip_figures/19_1_altered_hull.pdf
Set parameter TokenServer to value "mooring.ecn.purdue.edu"
Read LP format model from file /tmp/tmpng3n0o47.pyomo.lp
Reading time = 0.00 seconds
x724: 2243 rows, 724 columns, 5511 nonzeros
Set parameter TimeLimit to value 1800
Set parameter Threads to value 1
Gurobi Optimizer version 11.0.0 build v11.0.0rc2 (linux64 - "Oracle Linux Server 9.6")

CPU model: AMD EPYC 7643 48-Core Processor, instruction set [SSE2|AVX|AVX2]
Thread count: 48 physical cores, 96 logical processors, using up to 1 threads

Optimize a model with 2243 rows, 724 columns and 5511 nonzeros
Model fingerprint: 0xa3a60eac
Variable types: 40 continuous, 684 integer (684 binary)
Coefficient statistics:
  Matrix range     [1e+00, 2e+02]
  Objective range  [1e+00, 1e+00]
  Bounds range     [1e+00, 2e+02]
  RHS range        [1e+00, 2e+02]
Presolve removed 1687 rows and 322 columns
Presolve time: 0.00s
Presolved: 556 rows, 402 columns, 1714 nonzeros
Variable types: 36 continuous, 366 integer (366 binary)
Found heuristic solution: objective 188.0000000
Found heuristic solution: objective 186.0000000
Found heuristic solution: objective 181.0000000

Root relaxation: objective 3.200000e+01, 211 iterations, 0.00 seconds (0.00 work units)

    Nodes    |    Current Node    |     Objective Bounds      |     Work
 Expl Unexpl |  Obj  Depth IntInf | Incumbent    BestBd   Gap | It/Node Time

     0     0   32.00000    0   71  181.00000   32.00000  82.3%     -    0s
H    0     0                     179.0000000   32.00000  82.1%     -    0s
     0     0   58.83000    0  104  179.00000   58.83000  67.1%     -    0s
H    0     0                     173.0000000   59.82000  65.4%     -    0s
H    0     0                     163.0000000   59.82000  63.3%     -    0s
H    0     0                     154.0000000   59.82000  61.2%     -    0s
     0     0   59.82000    0   96  154.00000   59.82000  61.2%     -    0s
     0     0   60.07405    0  108  154.00000   60.07405  61.0%     -    0s
     0     0   61.29442    0  101  154.00000   61.29442  60.2%     -    0s
     0     0   61.29442    0  103  154.00000   61.29442  60.2%     -    0s
     0     0   61.29442    0  101  154.00000   61.29442  60.2%     -    0s
H    0     0                     147.0000000   61.29442  58.3%     -    0s
     0     0   61.29442    0  103  147.00000   61.29442  58.3%     -    0s
     0     0   61.29442    0  108  147.00000   61.29442  58.3%     -    0s
     0     0   61.29442    0  113  147.00000   61.29442  58.3%     -    0s
     0     0   61.29442    0  112  147.00000   61.29442  58.3%     -    0s
     0     0   61.58421    0  112  147.00000   61.58421  58.1%     -    0s
     0     0   61.60321    0  113  147.00000   61.60321  58.1%     -    0s
     0     0   61.60358    0  103  147.00000   61.60358  58.1%     -    0s
     0     0   61.60423    0  109  147.00000   61.60423  58.1%     -    0s
H    0     0                     143.0000000   61.68500  56.9%     -    0s
     0     0   61.68500    0  106  143.00000   61.68500  56.9%     -    0s
     0     0   61.68500    0  111  143.00000   61.68500  56.9%     -    0s
     0     0   61.68500    0   62  143.00000   61.68500  56.9%     -    0s
H    0     0                     140.0000000   61.68500  55.9%     -    0s
H    0     0                     136.0000000   61.68500  54.6%     -    0s
     0     2   61.68500    0   62  136.00000   61.68500  54.6%     -    0s
H   52    42                     136.0000000   61.68500  54.6%  14.8    0s
*   94    66              67     134.0000000   61.68500  54.0%  12.3    0s
*  334   264              95     133.0000000   62.24165  53.2%  10.1    0s
H  598   428                     130.0000000   62.59543  51.8%  10.7    0s
H  603   409                     128.0000000   63.19179  50.6%  10.6    0s
H  624   401                     127.0000000   63.67029  49.9%  10.2    1s
* 1050   572              85     125.0000000   64.14744  48.7%  19.5    2s
* 2407  1183              62     124.0000000   67.69494  45.4%  20.6    3s
  3799  1976  105.00000   25   76  124.00000   70.22827  43.4%  22.3    5s
* 7034  3789              50     123.0000000   72.78590  40.8%  22.9    8s
  8104  4350  103.00000   28   56  123.00000   73.83933  40.0%  23.9   10s
H 8126  4352                     123.0000000   73.83933  40.0%  23.9   10s
 10203  5366  111.00000   33   62  123.00000   75.16033  38.9%  25.5   15s
 10321  5445  100.00000   46   19  123.00000   75.16033  38.9%  26.2   20s
 13681  6335  121.00000   56   30  123.00000   76.14642  38.1%  26.7   25s
 16760  6807  111.00000   46   38  123.00000   79.45771  35.4%  27.4   30s
 20887  7439   99.00000   46   31  123.00000   82.19644  33.2%  28.0   35s
 24941  7987  105.00000   38   56  123.00000   83.63556  32.0%  28.3   40s
 28963  9283   91.72973   37   80  123.00000   85.17088  30.8%  28.5   45s
 33147 11162  107.00000   40   61  123.00000   86.23077  29.9%  28.5   50s
 37081 12906  120.00000   55   22  123.00000   87.06684  29.2%  28.5   55s
 41133 14706  100.00000   38   43  123.00000   87.98428  28.5%  28.6   60s
 45105 16371 infeasible   47       123.00000   88.68132  27.9%  28.7   65s
 49292 18192  118.00000   43   17  123.00000   89.19767  27.5%  28.8   70s
 54116 20233  119.00000   45   29  123.00000   89.84970  27.0%  28.7   75s
 58802 22107 infeasible   55       123.00000   90.36066  26.5%  28.7   80s
 62821 23724 infeasible   50       123.00000   90.74512  26.2%  28.7   85s
 66967 25148   92.01250   35   78  123.00000   91.00000  26.0%  28.7   90s
 71683 26884   96.50000   46   64  123.00000   91.51220  25.6%  28.8   95s
 76102 28431  100.00000   38   65  123.00000   91.73077  25.4%  28.9  100s
 80589 29953 infeasible   47       123.00000   91.96429  25.2%  29.0  105s
 85169 31583  118.00000   41   36  123.00000   92.15479  25.1%  29.0  110s
 88953 32944   92.28952   39   57  123.00000   92.28952  25.0%  29.1  115s
 93326 34363  114.00000   57   70  123.00000   92.39655  24.9%  29.2  120s
 97455 35534 infeasible   64       123.00000   92.39655  24.9%  29.3  125s
 100551 36438 infeasible   61       123.00000   92.39655  24.9%  29.5  130s
 103561 37215 infeasible   62       123.00000   92.39655  24.9%  29.6  135s
 106569 38031  111.00000   53   49  123.00000   92.39655  24.9%  29.8  140s
 109516 38724  100.00000   45   60  123.00000   92.39655  24.9%  29.9  145s
 112717 39395 infeasible   55       123.00000   92.39655  24.9%  30.0  150s
 115765 40042   92.39655   52   82  123.00000   92.39655  24.9%  30.1  155s
 118976 40718 infeasible   49       123.00000   92.39655  24.9%  30.1  160s
 121683 41308   94.75000   49   75  123.00000   92.39655  24.9%  30.2  165s
*123911 41830              67     122.0000000   92.39655  24.3%  30.3  168s
 124629 42000  106.00000   53   41  122.00000   92.39655  24.3%  30.3  170s
 127270 42556   94.63617   45   85  122.00000   92.39655  24.3%  30.4  175s
 130510 43316  107.00000   55   42  122.00000   92.39655  24.3%  30.5  180s
 133286 43938  118.00000   49   37  122.00000   92.39655  24.3%  30.6  185s
 136498 44664 infeasible   60       122.00000   92.39655  24.3%  30.8  190s
 140139 45517  107.00000   50   56  122.00000   92.39655  24.3%  30.8  195s
 143846 46269  103.00000   55   23  122.00000   92.50000  24.2%  30.9  200s
 147285 47031  107.00000   46   45  122.00000   92.50000  24.2%  30.9  205s
 151369 48163  115.00000   55    7  122.00000   92.50000  24.2%  30.9  210s
 155233 49051  103.00000   45   72  122.00000   92.50000  24.2%  30.9  215s
 158759 49852  118.00000   45   65  122.00000   92.50000  24.2%  31.0  220s
 162657 50802   93.51572   52   75  122.00000   92.50000  24.2%  31.0  225s
 166397 51694 infeasible   60       122.00000   92.50000  24.2%  31.0  230s
 170011 52522  118.00000   49   77  122.00000   92.50000  24.2%  31.0  235s
 172953 53108  112.00000   45   63  122.00000   92.50000  24.2%  31.1  240s
 176813 53987 infeasible   55       122.00000   92.50000  24.2%  31.1  245s
 180568 54828   92.50000   43   77  122.00000   92.50000  24.2%  31.1  250s
 184347 55606   95.00000   42   45  122.00000   92.50000  24.2%  31.2  255s
H187619 56437                     122.0000000   92.53333  24.2%  31.2  260s
 190119 57105   99.00000   48   56  122.00000   92.56089  24.1%  31.2  265s
 193689 57931  104.00000   47   64  122.00000   92.63256  24.1%  31.2  270s
 197561 59010 infeasible   58       122.00000   92.65306  24.1%  31.2  275s
 201537 59950 infeasible   48       122.00000   92.72340  24.0%  31.2  280s
 205279 60885  110.00000   52   48  122.00000   92.80000  23.9%  31.2  285s
 208849 61715  100.00000   50   53  122.00000   92.80000  23.9%  31.2  290s
 212577 62618 infeasible   53       122.00000   92.89844  23.9%  31.3  295s
 216361 63561  115.00000   45   32  122.00000   93.00000  23.8%  31.3  300s
 219545 64318  100.00000   43   66  122.00000   93.00169  23.8%  31.3  305s
 223324 65197  101.00000   46   78  122.00000   93.13158  23.7%  31.4  310s
 226372 65843  100.00000   41   60  122.00000   93.14286  23.7%  31.4  315s
 230137 66738  106.00000   59   28  122.00000   93.25000  23.6%  31.4  320s
 233959 67813  115.00000   42   51  122.00000   93.36170  23.5%  31.4  325s
 237185 68737  103.00000   52   61  122.00000   93.42388  23.4%  31.5  330s
 241126 70027  102.00000   43   53  122.00000   93.50184  23.4%  31.5  335s
 245015 71169  114.00000   44   43  122.00000   93.53846  23.3%  31.5  340s
 248591 71975 infeasible   51       122.00000   93.55682  23.3%  31.5  345s
 252091 73031  104.00000   39   60  122.00000   93.76000  23.1%  31.6  350s
 255866 74103 infeasible   51       122.00000   93.96471  23.0%  31.6  355s
 259131 74691 infeasible   54       122.00000   94.00000  23.0%  31.6  360s
 262453 75242 infeasible   49       122.00000   94.00000  23.0%  31.6  365s
 266049 76065  113.00000   47   46  122.00000   94.14213  22.8%  31.7  370s
 269859 77079 infeasible   46       122.00000   94.37815  22.6%  31.7  375s
 273767 78456 infeasible   53       122.00000   94.53204  22.5%  31.7  380s
 277135 79211  103.00000   51   71  122.00000   94.75000  22.3%  31.7  385s
 280819 80115  100.00000   37   62  122.00000   94.98246  22.1%  31.7  390s
 284175 80490  118.00000   46   76  122.00000   95.00000  22.1%  31.8  395s
 287836 81114  104.00000   47   29  122.00000   95.26729  21.9%  31.8  400s
 291114 81958  118.00000   55   32  122.00000   95.50000  21.7%  31.8  405s
 295191 83035  100.00000   46   23  122.00000   95.55394  21.7%  31.8  410s
 299020 84307  102.00000   43   27  122.00000   95.62492  21.6%  31.8  415s
 302479 85417  101.00000   43   74  122.00000   95.75439  21.5%  31.8  420s
 305887 86209  115.00000   51   43  122.00000   96.00000  21.3%  31.8  425s
 309421 87094 infeasible   52       122.00000   96.00000  21.3%  31.9  430s
 312568 87795   96.68421   46   64  122.00000   96.00000  21.3%  31.9  435s
 316394 88816   96.21333   32   88  122.00000   96.00433  21.3%  31.9  440s
 320636 90205  100.00000   42   53  122.00000   96.13008  21.2%  31.9  445s
 325148 91808  103.00000   43   69  122.00000   96.14286  21.2%  31.9  450s
 329887 93508   96.24793   37   67  122.00000   96.19360  21.2%  31.8  455s
 334097 94978   98.05333   35   67  122.00000   96.20779  21.1%  31.8  460s
 338705 96525  100.00000   38   56  122.00000   96.21918  21.1%  31.7  465s
 343553 98258  108.00000   46   23  122.00000   96.22367  21.1%  31.7  470s
 347644 99691  110.00000   48   66  122.00000   96.23881  21.1%  31.6  475s
 352192 101003 infeasible   56       122.00000   96.25000  21.1%  31.6  480s
 356190 102248  100.00000   38   39  122.00000   96.27119  21.1%  31.6  485s
 360600 103783  118.00000   51   27  122.00000   96.30038  21.1%  31.6  490s
 364589 105046  119.00000   52   24  122.00000   96.37209  21.0%  31.6  495s
 369137 106476  100.00000   43    8  122.00000   96.50000  20.9%  31.5  500s
 373132 107519   96.50000   47   28  122.00000   96.50000  20.9%  31.6  505s
 377021 108367   96.50000   56   70  122.00000   96.50000  20.9%  31.6  510s
 380363 109093  104.00000   45   44  122.00000   96.50000  20.9%  31.6  515s
 383811 109826  118.00000   54   44  122.00000   96.50000  20.9%  31.7  520s
 387760 110722  114.00000   57   81  122.00000   96.50000  20.9%  31.7  525s
 391726 111593  119.00000   53   52  122.00000   96.50000  20.9%  31.7  530s
 395368 112483  118.00000   59   39  122.00000   96.50000  20.9%  31.7  535s
 398580 113215   96.50000   40   30  122.00000   96.50000  20.9%  31.8  540s
 402182 113972   96.50000   41   69  122.00000   96.50000  20.9%  31.8  545s
 406221 114733  114.00000   52   65  122.00000   96.50000  20.9%  31.8  550s
 410292 115575 infeasible   65       122.00000   96.50000  20.9%  31.9  555s
 414398 116393 infeasible   48       122.00000   96.50000  20.9%  31.9  560s
 418369 117268   97.66667   48   60  122.00000   96.50000  20.9%  31.9  565s
 422501 118256  118.00000   51    6  122.00000   96.50000  20.9%  31.9  570s
 426919 119301  101.00000   50   63  122.00000   96.50000  20.9%  31.9  576s
 429671 119882  106.00000   51   61  122.00000   96.50000  20.9%  31.9  580s
 434023 120850  118.00000   57   61  122.00000   96.50000  20.9%  31.9  585s
 438492 121764   96.50000   52   64  122.00000   96.50000  20.9%  31.9  590s
 442492 122454   96.50000   45   49  122.00000   96.50000  20.9%  31.9  595s
 446245 123020   96.50000   48   83  122.00000   96.50000  20.9%  31.9  600s
 450419 123884     cutoff   53       122.00000   96.50000  20.9%  31.9  605s
 454426 124608  100.00000   48   62  122.00000   96.50000  20.9%  31.9  610s
 458523 125397  100.00000   47   36  122.00000   96.50000  20.9%  31.9  615s
 462587 126275 infeasible   50       122.00000   96.50000  20.9%  32.0  620s
 466267 127146  100.00000   50   65  122.00000   96.50000  20.9%  31.9  625s
 470159 127889  108.00000   49   59  122.00000   96.50000  20.9%  32.0  630s
 474540 128937  119.00000   56   31  122.00000   96.51226  20.9%  32.0  635s
 478074 130089 infeasible   58       122.00000   96.58836  20.8%  31.9  640s
 481835 131095  119.00000   46   44  122.00000   96.73239  20.7%  31.9  645s
 485956 132258  100.00000   44    9  122.00000   96.88889  20.6%  32.0  650s
 490519 133912 infeasible   58       122.00000   96.88889  20.6%  32.0  655s
 495107 135651  100.00000   35   64  122.00000   96.88889  20.6%  31.9  660s
 499808 137316  118.00000   49   28  122.00000   96.88889  20.6%  31.9  665s
 504460 138902  100.00000   43   64  122.00000   96.88889  20.6%  31.9  670s
 509048 140491 infeasible   61       122.00000   96.88889  20.6%  31.9  675s
 512378 141250  118.00000   61   35  122.00000   97.00000  20.5%  31.9  680s
 516464 142100  106.00000   55   64  122.00000   97.00000  20.5%  31.9  685s
 520464 142846  118.00000   53   55  122.00000   97.00000  20.5%  32.0  690s
 524184 143576  100.00000   44   43  122.00000   97.00000  20.5%  32.0  695s
 527772 144427   97.56250   42   67  122.00000   97.00000  20.5%  32.0  700s
 532033 145274  100.00000   45   80  122.00000   97.10345  20.4%  32.0  705s
 536331 146400 infeasible   44       122.00000   97.35294  20.2%  32.0  710s
 540343 147343  118.00000   61   61  122.00000   97.37705  20.2%  31.9  715s
 544611 148388  109.00000   51   15  122.00000   97.66667  19.9%  31.9  720s
 548294 148962  100.00000   51   54  122.00000   97.66667  19.9%  32.0  725s
 552375 149807  100.00000   44   69  122.00000   97.75000  19.9%  32.0  730s
 556393 150542 infeasible   62       122.00000   98.00000  19.7%  32.0  735s
 560379 151218  119.00000   59   41  122.00000   98.00000  19.7%  32.0  740s
 564404 151883  100.00000   45   67  122.00000   98.00000  19.7%  32.0  745s
 568373 152805  100.00000   44   79  122.00000   98.25000  19.5%  32.0  750s
 571753 153250  100.00000   55   49  122.00000   98.25000  19.5%  32.0  755s
 575163 153927  103.00000   54   55  122.00000   98.50000  19.3%  32.0  760s
 579321 154699 infeasible   53       122.00000   98.66667  19.1%  32.0  765s
 583251 155338 infeasible   54       122.00000   99.00000  18.9%  32.1  770s
 587382 155921  100.00000   45   60  122.00000   99.00000  18.9%  32.1  775s
 591468 156536 infeasible   52       122.00000   99.00000  18.9%  32.1  780s
 595022 157132 infeasible   57       122.00000   99.00000  18.9%  32.1  785s
 599236 157848  111.00000   47   50  122.00000   99.02588  18.8%  32.1  790s
 603469 159090  100.00000   40   24  122.00000   99.25000  18.6%  32.1  795s
 607536 159925  119.00000   50   36  122.00000   99.25000  18.6%  32.1  800s
 611848 160743  118.00000   60   47  122.00000   99.25000  18.6%  32.1  805s
 616070 161684 infeasible   57       122.00000   99.25000  18.6%  32.1  810s
 620220 162481  103.00000   44   41  122.00000   99.41667  18.5%  32.1  815s
 623512 162921 infeasible   47       122.00000   99.41667  18.5%  32.1  820s
 627606 163491  105.00000   48   70  122.00000   99.57843  18.4%  32.1  825s
 631508 164302 infeasible   41       122.00000  100.00000  18.0%  32.1  830s
 635647 165414 infeasible   53       122.00000  100.00000  18.0%  32.2  835s
 639718 166624  100.00000   41   22  122.00000  100.00000  18.0%  32.2  840s
 643896 167844 infeasible   48       122.00000  100.00000  18.0%  32.2  845s
 647806 169035 infeasible   47       122.00000  100.00000  18.0%  32.2  850s
 651206 170099  103.00000   42   55  122.00000  100.00000  18.0%  32.2  855s
 655191 171296 infeasible   54       122.00000  100.00000  18.0%  32.2  860s
 659044 172412  105.00000   45   62  122.00000  100.00000  18.0%  32.3  865s
 662467 173409  100.00000   49   48  122.00000  100.00000  18.0%  32.3  870s
 666571 174675  100.00000   51   62  122.00000  100.00000  18.0%  32.3  875s
 670628 175763 infeasible   52       122.00000  100.00000  18.0%  32.3  880s
 674930 177071  118.00000   51   68  122.00000  100.00000  18.0%  32.3  885s
 678856 178049  105.00000   45   49  122.00000  100.00000  18.0%  32.3  890s
 682493 179044  100.00000   45   17  122.00000  100.00000  18.0%  32.3  895s
 686626 180260  100.00000   45   45  122.00000  100.00000  18.0%  32.3  900s
 689911 181338  100.00000   46   50  122.00000  100.00000  18.0%  32.4  905s
 694188 182565  118.00000   57   57  122.00000  100.00000  18.0%  32.4  910s
 698249 183730  100.00000   44   56  122.00000  100.00000  18.0%  32.4  915s
 702008 184718  113.00000   49   39  122.00000  100.00000  18.0%  32.4  920s
 705889 185817  118.00000   59   46  122.00000  100.00000  18.0%  32.4  925s
 708642 186482  103.00000   47   46  122.00000  100.00000  18.0%  32.4  930s
 711393 187031  102.00000   50   50  122.00000  100.00000  18.0%  32.5  935s
 714309 187720 infeasible   46       122.00000  100.00000  18.0%  32.5  940s
 716606 188217  100.00000   44   62  122.00000  100.00000  18.0%  32.6  945s
 719355 188837  118.00000   57   52  122.00000  100.00000  18.0%  32.6  950s
 722225 189564  118.00000   44   58  122.00000  100.00000  18.0%  32.6  955s
 725085 190281 infeasible   57       122.00000  100.00000  18.0%  32.7  960s
 727468 190887  103.00000   52   26  122.00000  100.00000  18.0%  32.7  965s
 730036 191527  103.00000   51   49  122.00000  100.00000  18.0%  32.7  970s
 732849 192430 infeasible   46       122.00000  100.00000  18.0%  32.8  975s
 735095 192911  100.00000   40   31  122.00000  100.00000  18.0%  32.8  980s
 737951 193615  114.00000   51   58  122.00000  100.00000  18.0%  32.8  985s
 740583 194212  104.00000   45   45  122.00000  100.00000  18.0%  32.9  990s
 743450 194957 infeasible   51       122.00000  100.00000  18.0%  32.9  995s
 746197 195449  103.00000   51   52  122.00000  100.00000  18.0%  32.9 1000s
 748988 196192  101.00000   46   28  122.00000  100.00000  18.0%  33.0 1005s
 751287 196662 infeasible   51       122.00000  100.00000  18.0%  33.0 1010s
 754091 197323 infeasible   60       122.00000  100.00000  18.0%  33.0 1015s
 756678 197852  109.00000   51   63  122.00000  100.00000  18.0%  33.1 1020s
 759506 198445  112.00000   64   54  122.00000  100.00000  18.0%  33.1 1025s
 762081 198880  121.00000   59   40  122.00000  100.00000  18.0%  33.1 1030s
 764707 199525  100.00000   43   39  122.00000  100.00000  18.0%  33.2 1035s
 767322 200157  105.00000   48   54  122.00000  100.00000  18.0%  33.2 1040s
 769724 200634  114.00000   45   57  122.00000  100.00000  18.0%  33.2 1045s
 772675 201233  118.00000   54   46  122.00000  100.00000  18.0%  33.3 1050s
 775418 201759  114.00000   53   67  122.00000  100.00000  18.0%  33.3 1055s
 778091 202370 infeasible   43       122.00000  100.00000  18.0%  33.3 1060s
 780890 203036 infeasible   52       122.00000  100.00000  18.0%  33.4 1065s
 783696 203612  110.00000   46   17  122.00000  100.00000  18.0%  33.4 1070s
 786378 204135  118.00000   52   44  122.00000  100.00000  18.0%  33.4 1075s
 789011 204750  119.00000   48   56  122.00000  100.00000  18.0%  33.5 1080s
 791661 205343 infeasible   51       122.00000  100.00000  18.0%  33.5 1085s
 794477 206020  102.00000   47   72  122.00000  100.00000  18.0%  33.5 1090s
 796453 206446  113.00000   47   69  122.00000  100.00000  18.0%  33.5 1095s
 799383 207237 infeasible   52       122.00000  100.00000  18.0%  33.6 1100s
 802090 208034 infeasible   52       122.00000  100.00000  18.0%  33.6 1105s
 804753 208551  110.00000   54   51  122.00000  100.00000  18.0%  33.6 1110s
 807379 209083 infeasible   57       122.00000  100.00000  18.0%  33.7 1115s
 809718 209576 infeasible   59       122.00000  100.00000  18.0%  33.7 1120s
 812324 210037  102.00000   44   52  122.00000  100.00000  18.0%  33.8 1125s
 815258 210578 infeasible   45       122.00000  100.00000  18.0%  33.8 1130s
 817343 210922  118.00000   55   31  122.00000  100.00000  18.0%  33.8 1135s
 819566 211372 infeasible   49       122.00000  100.00000  18.0%  33.8 1140s
 822446 212010  100.00000   41   14  122.00000  100.00000  18.0%  33.9 1145s
 824993 212479  118.00000   61   52  122.00000  100.00000  18.0%  33.9 1150s
 827703 213043  105.00000   48   55  122.00000  100.00000  18.0%  34.0 1155s
 830589 213647 infeasible   55       122.00000  100.00000  18.0%  34.0 1160s
 833351 214231  118.00000   53   40  122.00000  100.00000  18.0%  34.0 1165s
 836134 214793  100.00000   35   63  122.00000  100.00000  18.0%  34.0 1170s
 838734 215479 infeasible   57       122.00000  100.00000  18.0%  34.0 1175s
 841449 215987 infeasible   52       122.00000  100.00000  18.0%  34.1 1180s
 844176 216568 infeasible   49       122.00000  100.00000  18.0%  34.1 1185s
 847144 217046  109.00000   52   21  122.00000  100.00000  18.0%  34.1 1190s
 849912 217670  104.00000   54   86  122.00000  100.00000  18.0%  34.1 1195s
 852385 218264  100.00000   48   41  122.00000  100.00000  18.0%  34.2 1200s
 854776 218827  103.00000   53   54  122.00000  100.00000  18.0%  34.2 1205s
 857441 219394  114.00000   57   62  122.00000  100.00000  18.0%  34.2 1210s
 860232 220005  111.00000   51   36  122.00000  100.00000  18.0%  34.2 1215s
 862905 220508 infeasible   60       122.00000  100.00000  18.0%  34.3 1220s
 865451 221020  100.00000   45   66  122.00000  100.00000  18.0%  34.3 1225s
 867498 221324  103.00000   47   25  122.00000  100.00000  18.0%  34.4 1230s
 870138 221890 infeasible   51       122.00000  100.00000  18.0%  34.4 1235s
 872526 222362 infeasible   50       122.00000  100.00000  18.0%  34.4 1240s
 875306 222948  100.00000   44   50  122.00000  100.00000  18.0%  34.4 1245s
 877940 223440 infeasible   55       122.00000  100.00000  18.0%  34.5 1250s
 880531 223889  100.00000   47   48  122.00000  100.00000  18.0%  34.5 1255s
 882811 224282 infeasible   51       122.00000  100.00000  18.0%  34.5 1260s
 885058 224738 infeasible   48       122.00000  100.00000  18.0%  34.6 1265s
 887942 225447  118.00000   61   62  122.00000  100.00000  18.0%  34.6 1270s
 890502 225904 infeasible   50       122.00000  100.00000  18.0%  34.6 1275s
 893228 226488 infeasible   76       122.00000  100.00000  18.0%  34.7 1280s
 895505 227065  117.00000   63   32  122.00000  100.00000  18.0%  34.7 1285s
 898300 227641  100.00000   43   13  122.00000  100.00000  18.0%  34.7 1290s
 901161 228395  103.12195   51   40  122.00000  100.00000  18.0%  34.7 1295s
 903935 228895  118.00000   47   38  122.00000  100.00000  18.0%  34.7 1300s
 906754 229432 infeasible   60       122.00000  100.00000  18.0%  34.7 1305s
 909535 229987  114.00000   52   15  122.00000  100.00000  18.0%  34.8 1310s
 912094 230404 infeasible   51       122.00000  100.00000  18.0%  34.8 1315s
 914721 230856 infeasible   62       122.00000  100.00000  18.0%  34.8 1320s
 916674 231178 infeasible   55       122.00000  100.00000  18.0%  34.9 1325s
 919240 231596  100.00000   43   13  122.00000  100.00000  18.0%  34.9 1330s
 921895 232144  100.00000   45   67  122.00000  100.00000  18.0%  34.9 1335s
 924055 232649  100.00000   43   36  122.00000  100.00000  18.0%  34.9 1340s
 926470 233132  103.00000   49   18  122.00000  100.00000  18.0%  35.0 1345s
 929265 233644  114.00000   54   49  122.00000  100.00000  18.0%  35.0 1350s
 932469 234416 infeasible   67       122.00000  100.00000  18.0%  35.0 1355s
 935177 234884 infeasible   49       122.00000  100.00000  18.0%  35.0 1360s
 937639 235339 infeasible   54       122.00000  100.00000  18.0%  35.0 1365s
 940298 235894  109.00000   47   49  122.00000  100.00000  18.0%  35.1 1370s
 942878 236243 infeasible   63       122.00000  100.00000  18.0%  35.1 1375s
 945170 236708  100.00000   47   52  122.00000  100.00000  18.0%  35.1 1380s
 947956 237151  111.00000   49   63  122.00000  100.00000  18.0%  35.1 1385s
 950462 237545  100.00000   44   53  122.00000  100.00000  18.0%  35.2 1390s
 953120 238001 infeasible   50       122.00000  100.00000  18.0%  35.2 1395s
 955799 238532 infeasible   57       122.00000  100.00000  18.0%  35.2 1400s
 958472 239001 infeasible   55       122.00000  100.00000  18.0%  35.3 1405s
 960765 239488  100.00000   43   49  122.00000  100.00000  18.0%  35.3 1410s
 963017 239909  118.00000   50   67  122.00000  100.00000  18.0%  35.3 1415s
 965719 240370  103.00000   41   65  122.00000  100.00000  18.0%  35.3 1420s
 968377 240918  118.00000   61   26  122.00000  100.00000  18.0%  35.3 1425s
 971045 241403 infeasible   47       122.00000  100.00000  18.0%  35.4 1430s
 973844 242004 infeasible   57       122.00000  100.00000  18.0%  35.4 1435s
 976253 242485  114.00000   56   53  122.00000  100.00000  18.0%  35.4 1440s
 978797 243003  100.00000   47   64  122.00000  100.00000  18.0%  35.5 1445s
 981455 243562  115.00000   52   58  122.00000  100.00000  18.0%  35.5 1450s
 983799 243988 infeasible   54       122.00000  100.00000  18.0%  35.5 1455s
 986137 244372 infeasible   46       122.00000  100.00000  18.0%  35.5 1460s
 988930 244977 infeasible   45       122.00000  100.00000  18.0%  35.5 1465s
 991908 245640  105.00000   55   69  122.00000  100.00000  18.0%  35.5 1470s
 995218 246336  115.00000   51   42  122.00000  100.00000  18.0%  35.6 1475s
 998600 247050  118.00000   55   32  122.00000  100.00000  18.0%  35.6 1480s
 1001064 247675  103.00000   46   15  122.00000  100.00000  18.0%  35.6 1485s
 1004556 248492  100.00000   42   17  122.00000  100.00000  18.0%  35.6 1490s
 1008195 249480 infeasible   47       122.00000  100.00000  18.0%  35.6 1495s
 1011359 250133  100.00000   40   62  122.00000  100.00000  18.0%  35.6 1500s
 1014665 250784  100.00000   43   50  122.00000  100.00000  18.0%  35.6 1505s
 1017969 251607 infeasible   45       122.00000  100.00000  18.0%  35.6 1510s
 1021287 252447  100.00000   44   23  122.00000  100.00000  18.0%  35.6 1515s
 1024723 253354  109.00000   50   53  122.00000  100.00000  18.0%  35.6 1520s
 1027407 253794  107.00000   49   58  122.00000  100.00000  18.0%  35.6 1525s
 1030316 254413  114.00000   62   55  122.00000  100.00000  18.0%  35.6 1530s
 1033678 255119  110.00000   49   19  122.00000  100.00000  18.0%  35.6 1535s
 1036694 255718  115.00000   49   23  122.00000  100.00000  18.0%  35.7 1540s
 1039999 256358  114.00000   51   38  122.00000  100.00000  18.0%  35.7 1545s
 1043339 256987 infeasible   42       122.00000  100.00000  18.0%  35.7 1550s
 1046621 257529  114.00000   52   13  122.00000  100.00000  18.0%  35.7 1555s
 1050043 258103  107.00000   46   12  122.00000  100.00000  18.0%  35.7 1560s
 1053286 259006  118.00000   53   68  122.00000  100.00000  18.0%  35.7 1565s
 1056164 259576  114.00000   44   72  122.00000  100.00000  18.0%  35.7 1570s
 1059538 260336  111.00000   46   44  122.00000  100.00000  18.0%  35.7 1575s
 1062641 260898  100.00000   47   53  122.00000  100.00000  18.0%  35.7 1580s
 1065787 261447  118.00000   51   63  122.00000  100.00000  18.0%  35.7 1585s
 1068800 261998  100.00000   46   18  122.00000  100.00000  18.0%  35.7 1590s
 1072162 262742  111.00000   55   34  122.00000  100.00000  18.0%  35.7 1595s
 1075075 263243  121.00000   54   42  122.00000  100.00000  18.0%  35.7 1600s
 1078211 263848  103.00000   47   64  122.00000  100.00000  18.0%  35.7 1605s
 1081389 264581  100.00000   48   29  122.00000  100.00000  18.0%  35.8 1610s
 1084583 265182  118.00000   55   45  122.00000  100.00000  18.0%  35.8 1615s
 1087399 265849 infeasible   56       122.00000  100.00000  18.0%  35.8 1620s
 1090452 266570  118.00000   51   42  122.00000  100.00000  18.0%  35.8 1625s
 1093776 267300  100.00000   44   17  122.00000  100.00000  18.0%  35.8 1630s
 1097306 268225  100.00000   52   50  122.00000  100.00000  18.0%  35.8 1635s
 1100600 268937  100.00000   46   28  122.00000  100.00000  18.0%  35.8 1640s
 1103875 269612  118.00000   51   74  122.00000  100.00000  18.0%  35.8 1645s
 1106907 270271 infeasible   47       122.00000  100.00000  18.0%  35.8 1650s
 1110234 271072 infeasible   55       122.00000  100.00000  18.0%  35.8 1655s
 1113204 271549  108.00000   48   55  122.00000  100.00000  18.0%  35.8 1660s
 1116405 272070  118.00000   54   61  122.00000  100.00000  18.0%  35.8 1665s
 1119314 272696  118.00000   54   47  122.00000  100.00000  18.0%  35.8 1670s
 1122534 273390  100.00000   51   29  122.00000  100.00000  18.0%  35.9 1675s
 1125766 274190  103.80000   51   73  122.00000  100.00000  18.0%  35.9 1680s
 1129079 274804  100.00000   40   38  122.00000  100.00000  18.0%  35.9 1685s
 1132485 275579  104.00000   45   35  122.00000  100.00000  18.0%  35.9 1690s
 1135771 276334 infeasible   49       122.00000  100.00000  18.0%  35.9 1695s
 1139278 277143 infeasible   64       122.00000  100.00000  18.0%  35.9 1700s
 1141995 277792  100.00000   46   17  122.00000  100.00000  18.0%  35.9 1705s
 1144932 278387 infeasible   58       122.00000  100.00000  18.0%  35.9 1710s
 1148450 279130 infeasible   53       122.00000  100.00000  18.0%  35.9 1715s
 1151782 279788  104.00000   52   72  122.00000  100.00000  18.0%  35.9 1720s
 1154911 280234 infeasible   47       122.00000  100.00000  18.0%  35.9 1725s
 1158186 280837  121.00000   62   40  122.00000  100.00000  18.0%  35.9 1730s
 1161069 281444  105.00000   50   31  122.00000  100.00000  18.0%  35.9 1735s
 1164263 282047  118.00000   60   66  122.00000  100.00000  18.0%  35.9 1740s
 1167509 282658 infeasible   50       122.00000  100.00000  18.0%  35.9 1745s
 1170569 283166 infeasible   48       122.00000  100.00000  18.0%  35.9 1750s
 1173926 283773 infeasible   48       122.00000  100.00000  18.0%  36.0 1755s
 1177010 284430  118.00000   56   60  122.00000  100.00000  18.0%  36.0 1760s
 1179617 284982  100.00000   53   40  122.00000  100.00000  18.0%  36.0 1765s
 1182964 285639  100.00000   46   43  122.00000  100.00000  18.0%  36.0 1770s
 1185984 286391  112.00000   55   50  122.00000  100.00000  18.0%  36.0 1775s
 1189477 287263  118.00000   59   57  122.00000  100.00000  18.0%  36.0 1780s
 1192924 288135  103.00000   51   42  122.00000  100.00000  18.0%  36.0 1785s
 1196461 288880 infeasible   50       122.00000  100.00000  18.0%  36.0 1790s
 1199800 289676 infeasible   50       122.00000  100.00000  18.0%  36.0 1795s

Cutting planes:
  Gomory: 39
  Cover: 237
  Implied bound: 121
  Clique: 22
  MIR: 185
  Mixing: 30
  StrongCG: 7
  Flow cover: 1135
  Inf proof: 249
  Zero half: 2
  RLT: 22
  Relax-and-lift: 18

Explored 1202510 nodes (43330535 simplex iterations) in 1800.00 seconds (1917.60 work units)
Thread count was 1 (of 96 available processors)

Solution count 10: 122 122 123 ... 133

Time limit reached
Best objective 1.219999999877e+02, best bound 1.000000000000e+02, gap 18.0328%
WARNING: Loading a SolverResults object with an 'aborted' status, but
    containing a solution

Instance 19_1, formulation tres, reform bigm:
  Rect 0: x = 85.00, y = 5.00
  Rect 1: x = 97.00, y = 12.00
  Rect 2: x = 75.00, y = 12.00
  Rect 3: x = 57.00, y = 12.00
  Rect 4: x = 14.00, y = 12.00
  Rect 5: x = 79.00, y = 12.00
  Rect 6: x = 0.00, y = 1.00
  Rect 7: x = 42.00, y = 5.00
  Rect 8: x = 0.00, y = 12.00
  Rect 9: x = 62.00, y = 12.00
  Rect 10: x = 79.00, y = 6.00
  Rect 11: x = 51.00, y = 3.00
  Rect 12: x = 67.00, y = 4.00
  Rect 13: x = 69.00, y = 2.00
  Rect 14: x = 9.00, y = 1.00
  Rect 15: x = 30.00, y = 12.00
  Rect 16: x = 23.00, y = 12.00
  Rect 17: x = 42.00, y = 12.00
  Rect 18: x = 113.00, y = 12.00
  → saved figures to strip_figures/19_1_tres_bigm.png and strip_figures/19_1_tres_bigm.pdf
Set parameter TokenServer to value "mooring.ecn.purdue.edu"
Read LP format model from file /tmp/tmpnu1bkbhk.pyomo.lp
Reading time = 0.01 seconds
x3460: 7031 rows, 3460 columns, 18399 nonzeros
Set parameter TimeLimit to value 1800
Set parameter Threads to value 1
Gurobi Optimizer version 11.0.0 build v11.0.0rc2 (linux64 - "Oracle Linux Server 9.6")

CPU model: AMD EPYC 7643 48-Core Processor, instruction set [SSE2|AVX|AVX2]
Thread count: 48 physical cores, 96 logical processors, using up to 1 threads

Optimize a model with 7031 rows, 3460 columns and 18399 nonzeros
Model fingerprint: 0x2909ab94
Variable types: 2776 continuous, 684 integer (684 binary)
Coefficient statistics:
  Matrix range     [1e+00, 2e+02]
  Objective range  [1e+00, 1e+00]
  Bounds range     [1e+00, 2e+02]
  RHS range        [1e+00, 2e+01]
Presolve removed 3427 rows and 1634 columns
Presolve time: 0.04s
Presolved: 3604 rows, 1826 columns, 9580 nonzeros
Variable types: 1460 continuous, 366 integer (366 binary)
Found heuristic solution: objective 186.0000000

Root relaxation: objective 3.200000e+01, 890 iterations, 0.02 seconds (0.02 work units)

    Nodes    |    Current Node    |     Objective Bounds      |     Work
 Expl Unexpl |  Obj  Depth IntInf | Incumbent    BestBd   Gap | It/Node Time

     0     0   32.00000    0  129  186.00000   32.00000  82.8%     -    0s
H    0     0                     183.0000000   32.00000  82.5%     -    0s
     0     0   32.00000    0  207  183.00000   32.00000  82.5%     -    0s
H    0     0                     173.0000000   32.00000  81.5%     -    0s
     0     0   32.00000    0  209  173.00000   32.00000  81.5%     -    0s
     0     0   32.00000    0  123  173.00000   32.00000  81.5%     -    0s
     0     0   32.00000    0  129  173.00000   32.00000  81.5%     -    0s
     0     0   32.00000    0  126  173.00000   32.00000  81.5%     -    0s
     0     0   32.00000    0  155  173.00000   32.00000  81.5%     -    0s
     0     0   32.00000    0  152  173.00000   32.00000  81.5%     -    0s
     0     0   32.00000    0  141  173.00000   32.00000  81.5%     -    0s
H    0     0                     164.0000000   32.00000  80.5%     -    1s
     0     2   32.00000    0  121  164.00000   32.00000  80.5%     -    1s
H   81    68                     161.0000000   34.62903  78.5%  60.5    1s
H  135   110                     154.0000000   34.62903  77.5%  43.5    1s
H  162   132                     145.0000000   34.62903  76.1%  37.8    1s
*  173   139             129     139.0000000   34.62903  75.1%  35.6    1s
H  700   538                     138.0000000   41.04055  70.3%  57.4    4s
H  705   502                     136.0000000   41.04055  69.8%  57.0    4s
H  867   567                     131.0000000   41.04055  68.7%  55.4    5s
H  882   542                     131.0000000   41.04055  68.7%  55.8    5s
* 1348   712              72     130.0000000   41.04055  68.4%  55.1    6s
H 1381   705                     130.0000000   44.00000  66.2%  56.4    6s
* 1907  1040              85     129.0000000   45.00000  65.1%  53.4    7s
H 1985  1077                     127.0000000   46.00000  63.8%  53.1    8s
* 2522  1449              64     125.0000000   46.00000  63.2%  51.9    9s
  2648  1539   82.00000   19   87  125.00000   46.00000  63.2%  51.9   10s
  4405  2756 infeasible   56       125.00000   51.00000  59.2%  53.3   15s
H 4434  2776                     125.0000000   51.00000  59.2%  53.4   15s
  6115  3872   81.00000   22   64  125.00000   53.00000  57.6%  55.0   20s
  7701  4909  111.00000   37   64  125.00000   55.00000  56.0%  55.9   25s
* 8802  5522              59     124.0000000   55.00000  55.6%  56.2   28s
  9450  5976   72.00000   31   89  124.00000   55.00000  55.6%  56.1   30s
H 9802  6208                     124.0000000   56.00000  54.8%  56.0   30s
 10203  6462   71.00000   24  141  124.00000   56.00000  54.8%  55.9   38s
 10218  6472   95.00000   39  141  124.00000   56.00000  54.8%  55.9   40s
 10411  6573  114.00000   68   56  124.00000   56.00000  54.8%  57.9   45s
 11013  6853   77.00000   41   61  124.00000   56.00000  54.8%  58.5   50s
 12054  7340   85.00000   43   77  124.00000   56.00000  54.8%  58.7   55s
 13821  8002 infeasible   59       124.00000   56.00000  54.8%  57.6   60s
 15686  8648  102.00000   45   63  124.00000   56.00000  54.8%  56.4   65s
 17729  9445  120.00000   78   45  124.00000   56.00000  54.8%  55.3   70s
*19767  9798              66     123.0000000   56.00000  54.5%  54.5   74s
 19846  9831  115.00000   73   59  123.00000   56.00000  54.5%  54.4   75s
 21661 10457   63.00000   35   86  123.00000   56.00000  54.5%  53.3   80s
 23448 11033   97.00000   39   51  123.00000   56.00000  54.5%  52.8   85s
 25380 11645   85.00000   40   86  123.00000   57.00000  53.7%  52.6   90s
 27739 12422 infeasible   64       123.00000   58.00000  52.8%  51.6   95s
 29919 13590  115.00000   88   27  123.00000   59.00000  52.0%  51.2  100s
 31918 14874  114.68182   54   52  123.00000   59.00000  52.0%  51.0  105s
H32128 15016                     123.0000000   59.75862  51.4%  51.0  106s
 33931 16251   95.00000   48   54  123.00000   60.00000  51.2%  50.4  110s
 36079 17651  109.00000   66   59  123.00000   60.00000  51.2%  50.3  115s
 38132 18953  112.00000   66   50  123.00000   61.00000  50.4%  50.1  120s
 40276 20242   74.00000   39   79  123.00000   61.00000  50.4%  49.6  125s
 42289 21577  101.00000   44   99  123.00000   61.00000  50.4%  49.5  130s
 44659 23182  114.00000   54   52  123.00000   61.00000  50.4%  49.1  135s
 46757 24505  112.00000   72   65  123.00000   62.00000  49.6%  49.0  140s
 49038 25938  102.00000   51   67  123.00000   63.00000  48.8%  48.8  145s
 51079 27221   73.00000   36   62  123.00000   64.00000  48.0%  48.7  150s
 53054 28424 infeasible   75       123.00000   65.00000  47.2%  48.8  155s
 55301 29810  118.00000   90   37  123.00000   66.00000  46.3%  48.6  160s
 57521 31135  110.00000   60   59  123.00000   66.00000  46.3%  48.5  165s
 59826 32567 infeasible   48       123.00000   66.00000  46.3%  48.3  170s
 61757 33849  111.00000   58   60  123.00000   66.00000  46.3%  48.4  175s
 63750 35136 infeasible   46       123.00000   67.00000  45.5%  48.3  180s
 66335 36679 infeasible   52       123.00000   67.00000  45.5%  48.0  185s
 68084 37814  110.00000   47   47  123.00000   67.00000  45.5%  47.8  190s
 70554 39442 infeasible   59       123.00000   67.00000  45.5%  47.6  195s
 72832 40880 infeasible   56       123.00000   67.00000  45.5%  47.4  200s
 75042 42284   80.72000   36   81  123.00000   67.00000  45.5%  47.4  205s
 77130 43542   73.00000   38  101  123.00000   67.00000  45.5%  47.4  210s
 79112 44706  106.00000   50   71  123.00000   68.00000  44.7%  47.3  215s
 81381 46088 infeasible   58       123.00000   68.00000  44.7%  47.3  220s
 83852 47590   95.71429   47   62  123.00000   68.00000  44.7%  47.0  225s
 86290 49122  110.00000   59   52  123.00000   68.00000  44.7%  46.9  230s
 88490 50498  101.00000   49   63  123.00000   68.00000  44.7%  46.9  235s
 90682 51867  107.00000   58   41  123.00000   68.00000  44.7%  46.8  240s
 92623 53063  107.00000   55   70  123.00000   68.00000  44.7%  46.7  245s
 94626 54307 infeasible   45       123.00000   68.00000  44.7%  46.8  250s
 96896 55651  114.00000   48   50  123.00000   69.00000  43.9%  46.7  255s
 98993 56838   94.00000   46   58  123.00000   69.00000  43.9%  46.6  260s
 101362 58291   76.00000   42   73  123.00000   69.00000  43.9%  46.5  265s
 103437 59448  108.00000   54   60  123.00000   69.00000  43.9%  46.4  270s
 105742 60800 infeasible   49       123.00000   69.00000  43.9%  46.4  275s
 107847 61998   88.00000   34   81  123.00000   69.00000  43.9%  46.4  280s
 110317 63543  105.00000   42   62  123.00000   69.00000  43.9%  46.2  285s
 112589 64908   80.00000   39   79  123.00000   69.00000  43.9%  46.1  290s
 114621 66039  114.00000   66   30  123.00000   70.00000  43.1%  46.0  295s
 117180 67526  110.00000   59   44  123.00000   70.00000  43.1%  45.9  300s
 119421 68831  103.00000   51   39  123.00000   70.00000  43.1%  45.8  305s
 121491 69989  102.00000   56   64  123.00000   70.00000  43.1%  45.8  310s
 123728 71281 infeasible   59       123.00000   70.00000  43.1%  45.8  315s
 126201 72688 infeasible   53       123.00000   70.00000  43.1%  45.7  320s
 128284 73865  102.00000   49   59  123.00000   70.00000  43.1%  45.6  325s
 130394 75045   83.00000   42   62  123.00000   70.00000  43.1%  45.6  330s
 132478 76316  114.00000   67   80  123.00000   70.00000  43.1%  45.6  335s
 134438 77414   83.00000   46   74  123.00000   70.00000  43.1%  45.6  340s
 136265 78446  117.00000   59   51  123.00000   70.00000  43.1%  45.6  345s
 138273 79583  106.00000   44   71  123.00000   70.00000  43.1%  45.7  350s
 140341 80743   77.00000   40   92  123.00000   70.00000  43.1%  45.7  355s
 142681 82109  120.00000   65   36  123.00000   70.00000  43.1%  45.7  360s
 144859 83281  102.00000   42   55  123.00000   71.00000  42.3%  45.7  365s
 147485 84783   74.00000   37   74  123.00000   71.00000  42.3%  45.5  370s
 149507 85888 infeasible   52       123.00000   71.00000  42.3%  45.5  375s
 151377 86895 infeasible   46       123.00000   71.00000  42.3%  45.5  380s
 153675 88179  102.00000   42   51  123.00000   71.00000  42.3%  45.4  385s
 156080 89514   90.00000   41   67  123.00000   71.00000  42.3%  45.4  390s
 158291 90696  113.00000   59   71  123.00000   71.00000  42.3%  45.3  395s
 160253 91809   90.00000   46   86  123.00000   71.00000  42.3%  45.3  400s
 161759 92665  113.00000   48   56  123.00000   72.00000  41.5%  45.4  405s
 164130 93942   86.00000   46   80  123.00000   72.00000  41.5%  45.4  410s
 166222 95064 infeasible   53       123.00000   72.00000  41.5%  45.3  415s
 168501 96338 infeasible   49       123.00000   72.00000  41.5%  45.3  420s
 170401 97387  108.00000   52   63  123.00000   72.00000  41.5%  45.4  425s
 172497 98604  102.00000   48   62  123.00000   72.00000  41.5%  45.4  430s
 175014 100040   74.00000   39   70  123.00000   73.00000  40.7%  45.3  435s
 176935 101116   98.00000   41   52  123.00000   73.00000  40.7%  45.3  440s
 178765 102127  107.00000   47   50  123.00000   73.00000  40.7%  45.3  445s
 181023 103419 infeasible   55       123.00000   73.00000  40.7%  45.3  450s
 182866 104439  102.00000   53   70  123.00000   73.00000  40.7%  45.3  455s
 185068 105696  102.00000   52   65  123.00000   73.00000  40.7%  45.3  460s
 186938 106686 infeasible   43       123.00000   73.00000  40.7%  45.4  465s
 188754 107669  110.00000   50   92  123.00000   73.00000  40.7%  45.4  470s
 191096 108964   98.00000   43   70  123.00000   73.00000  40.7%  45.4  475s
 193305 110220  110.00000   45   74  123.00000   73.00000  40.7%  45.3  480s
 195357 111330 infeasible   51       123.00000   73.00000  40.7%  45.3  485s
 197242 112361 infeasible   68       123.00000   73.00000  40.7%  45.4  490s
 199477 113613 infeasible   74       123.00000   73.00000  40.7%  45.4  495s
 201281 114603   95.00000   44   79  123.00000   73.00000  40.7%  45.3  500s
 203250 115740   94.00000   45   62  123.00000   73.00000  40.7%  45.4  505s
 205149 116750 infeasible   48       123.00000   73.00000  40.7%  45.4  510s
 207121 117906  108.00000   57   59  123.00000   73.00000  40.7%  45.4  515s
 208959 118961   82.00000   45   78  123.00000   73.00000  40.7%  45.4  520s
 211135 120287  109.00000   77   64  123.00000   73.00000  40.7%  45.4  525s
 213424 121680   93.00000   50   79  123.00000   73.00000  40.7%  45.3  530s
 215673 123133  108.00000   46   48  123.00000   73.00000  40.7%  45.3  535s
 217618 124199   80.00000   44   80  123.00000   73.00000  40.7%  45.3  540s
 219462 125323   94.00000   47   80  123.00000   73.00000  40.7%  45.4  545s
 221328 126419   84.22727   40   85  123.00000   73.00000  40.7%  45.4  550s
 223046 127333   82.00000   44   83  123.00000   73.00000  40.7%  45.4  555s
 224925 128439 infeasible   51       123.00000   73.00000  40.7%  45.5  560s
 226781 129509 infeasible   57       123.00000   73.00000  40.7%  45.6  565s
 228392 130383 infeasible   49       123.00000   74.00000  39.8%  45.6  570s
 230556 131540  114.00000   69   60  123.00000   74.00000  39.8%  45.6  575s
 232872 132787   92.00000   45   66  123.00000   74.00000  39.8%  45.5  580s
 234753 133789  106.00000   47   64  123.00000   74.00000  39.8%  45.6  585s
 236762 134828 infeasible   50       123.00000   74.00000  39.8%  45.6  590s
 238581 135831  111.00000   71   42  123.00000   74.00000  39.8%  45.6  595s
 240766 137105  110.00000   57   46  123.00000   74.00000  39.8%  45.6  600s
 242634 138144  114.00000   50   65  123.00000   74.00000  39.8%  45.6  605s
 244824 139422  114.00000   82   50  123.00000   74.00000  39.8%  45.6  610s
 246770 140419 infeasible   44       123.00000   74.00000  39.8%  45.7  615s
 248829 141578  104.00000   46   81  123.00000   74.00000  39.8%  45.7  620s
 250514 142455 infeasible   56       123.00000   74.00000  39.8%  45.7  625s
 252224 143327   75.00000   37   73  123.00000   74.00000  39.8%  45.7  630s
 254543 144553   86.00000   39   85  123.00000   74.00000  39.8%  45.7  635s
 256273 145533  115.00000   59   79  123.00000   74.00000  39.8%  45.8  640s
 258296 146739  114.00000   61   66  123.00000   74.00000  39.8%  45.8  645s
 260003 147700 infeasible   63       123.00000   74.00000  39.8%  45.8  650s
 262302 148924  105.00000   52   72  123.00000   74.00000  39.8%  45.8  655s
 263963 149803  114.00000   59   62  123.00000   74.00000  39.8%  45.8  660s
 265864 150872   94.00000   42   86  123.00000   74.00000  39.8%  45.8  665s
 267891 151988  112.00000   70   62  123.00000   74.00000  39.8%  45.8  670s
 269828 153128 infeasible   58       123.00000   74.00000  39.8%  45.8  675s
 271563 154059  102.00000   44   48  123.00000   75.00000  39.0%  45.8  680s
 273870 155328   84.00000   48   55  123.00000   75.00000  39.0%  45.8  685s
 275849 156349 infeasible   50       123.00000   75.00000  39.0%  45.8  690s
 278117 157614   99.00000   45   60  123.00000   75.00000  39.0%  45.8  695s
 280239 158814  112.00000   54   68  123.00000   75.00000  39.0%  45.8  700s
 282467 160040  102.00000   47   62  123.00000   75.00000  39.0%  45.7  705s
 284558 161186   75.00000   39   72  123.00000   75.00000  39.0%  45.7  710s
 286205 162069 infeasible   65       123.00000   75.00000  39.0%  45.8  715s
 288450 163324  102.00000   61   56  123.00000   75.00000  39.0%  45.7  720s
 290406 164488  102.00000   60   64  123.00000   75.00000  39.0%  45.7  725s
 292164 165458   77.00000   42   76  123.00000   75.53846  38.6%  45.8  730s
 294404 166719   76.00000   39   60  123.00000   76.00000  38.2%  45.8  735s
 296764 167966  102.00000   39   68  123.00000   76.00000  38.2%  45.7  740s
 298798 169058  113.00000   52   41  123.00000   76.00000  38.2%  45.7  745s
 300581 169957 infeasible   41       123.00000   76.00000  38.2%  45.8  750s
 302228 170760  110.00000   47   65  123.00000   76.00000  38.2%  45.8  755s
 304165 171665  106.00000   50   52  123.00000   76.00000  38.2%  45.8  760s
 306502 172757  107.00000   54   51  123.00000   76.00000  38.2%  45.8  765s
 308529 173817  115.00000   79   22  123.00000   76.00000  38.2%  45.7  770s
 310312 174696  102.00000   43   61  123.00000   76.00000  38.2%  45.8  775s
 312030 175534   76.00000   44   73  123.00000   76.00000  38.2%  45.8  780s
 313687 176415 infeasible   62       123.00000   76.00000  38.2%  45.8  785s
 315714 177362   79.24000   37   76  123.00000   76.00000  38.2%  45.8  790s
 317877 178547  102.00000   52   38  123.00000   76.00000  38.2%  45.8  795s
 319735 179520  111.00000   63   46  123.00000   76.00000  38.2%  45.8  800s
 321569 180507  103.00000   47   78  123.00000   76.00000  38.2%  45.9  805s
 323366 181373 infeasible   53       123.00000   76.00000  38.2%  45.9  810s
 325251 182301 infeasible   55       123.00000   76.00000  38.2%  45.9  815s
 326858 183168  106.00000   66   36  123.00000   76.00000  38.2%  46.0  820s
 328020 183780 infeasible   57       123.00000   76.08696  38.1%  46.0  825s
 329854 184774  102.00000   80   25  123.00000   77.00000  37.4%  46.1  830s
 331716 185709 infeasible   47       123.00000   77.00000  37.4%  46.1  835s
 333670 186672   98.00000   43   63  123.00000   77.00000  37.4%  46.1  840s
 335632 187664   77.00000   44   69  123.00000   77.00000  37.4%  46.1  845s
 337669 188669 infeasible   53       123.00000   77.00000  37.4%  46.1  850s
 339247 189450  104.00000   40   55  123.00000   77.00000  37.4%  46.1  855s
 340950 190394   92.00000   48   55  123.00000   77.00000  37.4%  46.2  860s
 343005 191449  109.00000   40   63  123.00000   77.00000  37.4%  46.2  865s
 345030 192539 infeasible   67       123.00000   77.00000  37.4%  46.2  870s
 346984 193482  114.00000   65   86  123.00000   77.00000  37.4%  46.2  875s
 348521 194266  107.84211   55   50  123.00000   77.00000  37.4%  46.3  880s
 350535 195345 infeasible   57       123.00000   77.00000  37.4%  46.3  885s
 351967 196136 infeasible   59       123.00000   77.00000  37.4%  46.3  890s
 353827 197157  107.00000   53   52  123.00000   77.00000  37.4%  46.4  895s
 355923 198349 infeasible   58       123.00000   77.00000  37.4%  46.4  900s
 358066 199469 infeasible   55       123.00000   77.00000  37.4%  46.4  905s
 360018 200586  106.00000   51   65  123.00000   77.00000  37.4%  46.4  910s
 362133 201756  114.00000   49   67  123.00000   77.00000  37.4%  46.4  915s
 363897 202708  113.00000   54   76  123.00000   77.00000  37.4%  46.4  920s
 365252 203457   92.00000   41  101  123.00000   77.00000  37.4%  46.5  925s
 367049 204345  106.00000   40   60  123.00000   77.00000  37.4%  46.5  930s
 369090 205479 infeasible   57       123.00000   77.00000  37.4%  46.5  935s
 371328 206624  114.00000   56   57  123.00000   77.00000  37.4%  46.5  940s
 372946 207416  104.00000   61   65  123.00000   77.00000  37.4%  46.5  945s
 374704 208335   95.00000   51   65  123.00000   77.00000  37.4%  46.5  950s
 376445 209147 infeasible   48       123.00000   77.00000  37.4%  46.6  955s
 377841 209845  105.00000   54  106  123.00000   77.00000  37.4%  46.6  960s
 379475 210712  114.00000   53   52  123.00000   78.00000  36.6%  46.7  965s
 381557 211794 infeasible   48       123.00000   78.00000  36.6%  46.7  970s
 383406 212743  110.00000   47   39  123.00000   78.00000  36.6%  46.7  975s
 384878 213546  104.00000   51   42  123.00000   78.00000  36.6%  46.7  980s
 386957 214640  117.00000   48   62  123.00000   78.00000  36.6%  46.7  985s
 389327 215947 infeasible   61       123.00000   78.00000  36.6%  46.7  990s
 391369 216976  106.00000   50   61  123.00000   78.00000  36.6%  46.7  995s
 393448 217981  111.00000   56   42  123.00000   78.00000  36.6%  46.7 1000s
 395177 218771  105.00000   49   68  123.00000   78.00000  36.6%  46.7 1005s
 397191 219819   94.00000   40   67  123.00000   78.00000  36.6%  46.7 1010s
 399060 220766 infeasible   63       123.00000   78.00000  36.6%  46.7 1015s
 401145 221863 infeasible   50       123.00000   78.00000  36.6%  46.7 1020s
 402951 222823 infeasible   48       123.00000   78.00000  36.6%  46.7 1025s
 404854 223834 infeasible   82       123.00000   78.00000  36.6%  46.7 1030s
 406365 224601 infeasible   56       123.00000   78.00000  36.6%  46.8 1035s
 408467 225751   98.00000   46   64  123.00000   78.00000  36.6%  46.7 1040s
 410842 227100  105.00000   61   68  123.00000   78.00000  36.6%  46.7 1045s
 412983 228270 infeasible   53       123.00000   78.00000  36.6%  46.7 1050s
 414549 229154  114.00000   58   59  123.00000   78.00000  36.6%  46.7 1055s
 416323 230184  104.00000   68   66  123.00000   78.00000  36.6%  46.8 1060s
 418324 231323 infeasible   77       123.00000   78.14286  36.5%  46.8 1065s
 419633 231972   97.00000   49   61  123.00000   78.76000  36.0%  46.8 1070s
 421659 233022 infeasible   44       123.00000   79.00000  35.8%  46.8 1075s
 423834 234109  102.00000   57   41  123.00000   79.00000  35.8%  46.8 1080s
 425770 235218   94.00000   44   59  123.00000   79.00000  35.8%  46.8 1085s
 427504 236019 infeasible   62       123.00000   79.00000  35.8%  46.8 1090s
 429359 236866  111.00000   67   39  123.00000   79.00000  35.8%  46.8 1095s
 431580 238042 infeasible   61       123.00000   79.00000  35.8%  46.8 1100s
 433400 238971  114.00000   53   54  123.00000   79.00000  35.8%  46.8 1105s
 435571 240098 infeasible   56       123.00000   79.00000  35.8%  46.8 1110s
 437277 240944  107.00000   47   62  123.00000   79.00000  35.8%  46.9 1115s
 439347 242049   94.00000   42   80  123.00000   79.00000  35.8%  46.9 1120s
 441052 243007  105.00000   50   62  123.00000   79.00000  35.8%  46.9 1125s
 442776 243957 infeasible   71       123.00000   79.00000  35.8%  46.9 1130s
 444726 245046  107.00000   65   68  123.00000   79.00000  35.8%  46.9 1135s
 446755 246080 infeasible   78       123.00000   79.00000  35.8%  46.9 1140s
 448417 246910  111.00000   72   60  123.00000   79.00000  35.8%  46.9 1145s
 450286 247858 infeasible   56       123.00000   79.00000  35.8%  46.9 1150s
 451997 248699   85.00000   40   85  123.00000   79.00000  35.8%  47.0 1155s
 453860 249686     cutoff   66       123.00000   79.00000  35.8%  47.0 1160s
 455783 250739   93.00000   45   66  123.00000   79.14286  35.7%  47.0 1165s
 457441 251528 infeasible   44       123.00000   80.00000  35.0%  47.0 1170s
 459493 252613 infeasible   59       123.00000   80.00000  35.0%  47.0 1175s
 461736 253851 infeasible   78       123.00000   80.00000  35.0%  47.0 1180s
 463815 254874  101.00000   46   57  123.00000   80.00000  35.0%  47.0 1185s
 465813 255979  103.00000   58   98  123.00000   80.00000  35.0%  47.0 1190s
 467470 256878  105.00000   55   67  123.00000   80.00000  35.0%  47.0 1195s
 469440 257949 infeasible   58       123.00000   80.00000  35.0%  47.0 1200s
 471402 258968  106.00000   50   59  123.00000   80.00000  35.0%  47.0 1205s
 473554 260133  110.00000   50   52  123.00000   80.00000  35.0%  47.0 1210s
 475321 261002 infeasible   88       123.00000   80.00000  35.0%  47.0 1215s
 477517 262159  104.00000   48   89  123.00000   80.00000  35.0%  47.0 1220s
 479517 263171 infeasible   51       123.00000   80.00000  35.0%  47.0 1225s
 481783 264377 infeasible   54       123.00000   80.00000  35.0%  47.0 1230s
 483408 265231 infeasible   48       123.00000   80.00000  35.0%  47.0 1235s
 485484 266295  111.00000   51   68  123.00000   80.00000  35.0%  47.0 1240s
 487483 267378  111.00000   60   62  123.00000   80.00000  35.0%  47.0 1245s
 489623 268489 infeasible   46       123.00000   80.00000  35.0%  47.0 1250s
 491287 269325  102.00000   46   59  123.00000   80.00000  35.0%  47.0 1255s
 492510 269978 infeasible   55       123.00000   80.00000  35.0%  47.1 1260s
 494608 271079 infeasible   61       123.00000   80.00000  35.0%  47.1 1265s
 496533 272119 infeasible   68       123.00000   80.00000  35.0%  47.1 1270s
 498560 273144  111.00000   56   42  123.00000   80.00000  35.0%  47.1 1275s
 500627 274311  111.00000   70   49  123.00000   80.00000  35.0%  47.1 1280s
 502365 275240     cutoff   66       123.00000   80.00000  35.0%  47.1 1285s
 504262 276213   92.00000   49   82  123.00000   80.00000  35.0%  47.1 1290s
 506376 277265 infeasible   69       123.00000   80.00000  35.0%  47.1 1295s
 508236 278171   96.00000   49   67  123.00000   80.00000  35.0%  47.1 1300s
 509777 278949 infeasible   55       123.00000   80.00000  35.0%  47.1 1305s
 511696 279964  114.00000   60   53  123.00000   80.00000  35.0%  47.1 1310s
 513654 280932 infeasible   57       123.00000   80.00000  35.0%  47.2 1315s
 515773 282163  105.00000   47   70  123.00000   80.00000  35.0%  47.1 1320s
 517783 283203 infeasible   57       123.00000   80.00000  35.0%  47.2 1325s
 519492 284092  111.00000   54   58  123.00000   80.00000  35.0%  47.2 1330s
 521362 285052   92.00000   44   78  123.00000   80.00000  35.0%  47.2 1335s
 523306 286027 infeasible   66       123.00000   80.00000  35.0%  47.2 1340s
 525560 287318   89.00000   48   85  123.00000   80.00000  35.0%  47.2 1345s
 526947 287958   89.00000   44   88  123.00000   80.00000  35.0%  47.2 1350s
 528879 289078   85.80645   50   84  123.00000   80.00000  35.0%  47.2 1355s
 530849 290171  111.00000   50   75  123.00000   80.00000  35.0%  47.2 1360s
 532628 291079 infeasible   76       123.00000   80.00000  35.0%  47.2 1365s
 533753 291711 infeasible   52       123.00000   80.00000  35.0%  47.3 1370s
 535645 292694  102.00000   55   75  123.00000   80.00000  35.0%  47.3 1375s
 537446 293666 infeasible   46       123.00000   80.00000  35.0%  47.3 1380s
 539175 294620  118.50000   45   72  123.00000   80.00000  35.0%  47.3 1385s
 540891 295376 infeasible   52       123.00000   81.00000  34.1%  47.3 1390s
 542852 296366  106.00000   58   54  123.00000   81.00000  34.1%  47.3 1395s
 545194 297547   87.00000   40   64  123.00000   81.00000  34.1%  47.3 1400s
 546971 298508   93.00000   50   53  123.00000   81.00000  34.1%  47.3 1405s
 549087 299502   82.00000   42   56  123.00000   81.00000  34.1%  47.3 1410s
 551293 300691  111.00000   59   61  123.00000   81.00000  34.1%  47.3 1415s
 553390 301828 infeasible   63       123.00000   81.00000  34.1%  47.3 1420s
 555343 302789 infeasible   63       123.00000   81.00000  34.1%  47.3 1425s
 556565 303333  105.00000   56   52  123.00000   81.00000  34.1%  47.3 1430s
 558565 304363  102.00000   50   62  123.00000   81.00000  34.1%  47.3 1435s
 560481 305340 infeasible   57       123.00000   81.00000  34.1%  47.4 1440s
 562496 306326  105.00000   51   59  123.00000   81.00000  34.1%  47.4 1445s
 564714 307504  109.00000   54   62  123.00000   81.00000  34.1%  47.4 1450s
 566814 308487  102.00000   64   63  123.00000   81.00000  34.1%  47.4 1455s
 568637 309503 infeasible   44       123.00000   81.00000  34.1%  47.3 1460s
 570697 310440 infeasible   56       123.00000   81.00000  34.1%  47.3 1465s
 572633 311398  107.00000   52   49  123.00000   81.00000  34.1%  47.4 1470s
 574278 312057  107.00000   50   63  123.00000   81.00000  34.1%  47.4 1475s
 576413 313159  104.00000   48   59  123.00000   81.00000  34.1%  47.3 1480s
 578784 314444   95.00000   47   64  123.00000   81.00000  34.1%  47.3 1485s
 580748 315498 infeasible   73       123.00000   81.00000  34.1%  47.3 1490s
 582948 316553   88.00000   44   84  123.00000   81.00000  34.1%  47.3 1495s
 584618 317395   94.00000   45   65  123.00000   81.00000  34.1%  47.3 1500s
 586014 318078 infeasible   51       123.00000   81.00000  34.1%  47.3 1505s
 587895 319008 infeasible   52       123.00000   81.00000  34.1%  47.3 1510s
 590092 320204  106.00000   52   92  123.00000   81.00000  34.1%  47.3 1515s
 592123 321192  107.00000   62   59  123.00000   81.00000  34.1%  47.3 1520s
 594480 322442   86.00000   43   78  123.00000   81.00000  34.1%  47.3 1525s
 596605 323612 infeasible   64       123.00000   81.00000  34.1%  47.2 1530s
 598601 324656   90.00000   44   74  123.00000   81.00000  34.1%  47.3 1535s
 600630 325705 infeasible   48       123.00000   81.00000  34.1%  47.2 1540s
 602860 326952 infeasible   79       123.00000   81.00000  34.1%  47.2 1545s
 605167 328171   90.00000   45   74  123.00000   81.00000  34.1%  47.2 1550s
 607248 329350   90.00000   49   62  123.00000   81.00000  34.1%  47.2 1555s
 609193 330358  106.00000   44   76  123.00000   81.00000  34.1%  47.2 1560s
 611038 331131 infeasible   58       123.00000   81.00000  34.1%  47.2 1565s
 613072 332275  114.00000   54   77  123.00000   81.00000  34.1%  47.2 1570s
 614515 332977 infeasible   59       123.00000   81.33333  33.9%  47.2 1575s
 616182 333864 infeasible   57       123.00000   82.00000  33.3%  47.2 1580s
 618223 334961 infeasible   62       123.00000   82.00000  33.3%  47.2 1585s
 620271 336059 infeasible   47       123.00000   82.00000  33.3%  47.2 1590s
 622321 337164 infeasible   57       123.00000   82.00000  33.3%  47.2 1595s
 624359 338199  114.00000   54   44  123.00000   82.00000  33.3%  47.2 1600s
 626066 339051   99.00000   42   59  123.00000   82.00000  33.3%  47.2 1605s
 628216 340197  114.00000   79   67  123.00000   82.00000  33.3%  47.2 1610s
 630232 341305 infeasible   51       123.00000   82.00000  33.3%  47.2 1615s
 632411 342391  113.00000   76   43  123.00000   82.00000  33.3%  47.2 1620s
 634163 343427  109.00000   53   51  123.00000   82.00000  33.3%  47.2 1625s
 636178 344543  106.00000   68   52  123.00000   82.00000  33.3%  47.2 1630s
 638618 345852   94.00000   44   52  123.00000   82.00000  33.3%  47.2 1635s
 640930 347084  110.00000   65   61  123.00000   82.00000  33.3%  47.2 1640s
 643036 348230 infeasible   49       123.00000   82.00000  33.3%  47.2 1645s
 645269 349385 infeasible   61       123.00000   82.00000  33.3%  47.2 1650s
 647352 350474 infeasible   67       123.00000   82.00000  33.3%  47.2 1655s
 649205 351456  115.00000   65   44  123.00000   82.00000  33.3%  47.2 1660s
 651486 352704  115.90909   48   55  123.00000   82.00000  33.3%  47.2 1665s
 653469 353711   98.00000   37   81  123.00000   82.00000  33.3%  47.1 1670s
 655341 354663   82.00000   42   66  123.00000   82.00000  33.3%  47.2 1675s
 657352 355783  113.00000   54   54  123.00000   82.00000  33.3%  47.1 1680s
 659213 356782  107.00000   44   68  123.00000   82.00000  33.3%  47.2 1685s
 661250 357826   98.00000   46   57  123.00000   82.00000  33.3%  47.2 1690s
 663494 359159   89.00000   51   54  123.00000   82.00000  33.3%  47.2 1695s
 664987 359983  103.00000   46   63  123.00000   82.00000  33.3%  47.2 1700s
 666882 361010 infeasible   62       123.00000   82.00000  33.3%  47.1 1705s
 669011 362219 infeasible   62       123.00000   82.00000  33.3%  47.1 1710s
 671193 363297 infeasible   61       123.00000   82.00000  33.3%  47.1 1715s
 673350 364465  111.00000   74   38  123.00000   82.00000  33.3%  47.1 1720s
 675518 365643   98.00000   51   61  123.00000   82.00000  33.3%  47.1 1725s
 677554 366706 infeasible   77       123.00000   82.00000  33.3%  47.1 1730s
 679781 367955 infeasible   67       123.00000   82.00000  33.3%  47.1 1735s
 682086 369256 infeasible   51       123.00000   82.00000  33.3%  47.1 1740s
 683839 370164 infeasible   51       123.00000   82.00000  33.3%  47.1 1745s
 685951 371308  112.00000   53   63  123.00000   82.00000  33.3%  47.1 1750s
 687709 372264 infeasible   66       123.00000   82.00000  33.3%  47.1 1755s
 689984 373611  107.00000   58   61  123.00000   82.00000  33.3%  47.1 1760s
 692277 374773  101.00000   66   66  123.00000   82.00000  33.3%  47.1 1765s
 694904 376323  102.50000   47   54  123.00000   82.00000  33.3%  47.0 1770s
 697014 377359 infeasible   63       123.00000   82.00000  33.3%  47.0 1775s
 699268 378620 infeasible   41       123.00000   82.00000  33.3%  47.0 1780s
 701222 379656   83.00000   49   70  123.00000   82.00000  33.3%  47.0 1785s
 702786 380607 infeasible   59       123.00000   82.00000  33.3%  47.0 1790s
 704637 381629  114.00000   56   64  123.00000   82.00000  33.3%  47.0 1795s

Cutting planes:
  Gomory: 6
  Cover: 7
  Implied bound: 13
  Projected implied bound: 3
  Clique: 5
  MIR: 9
  Flow cover: 30
  Zero half: 2
  RLT: 23
  BQP: 3
  PSD: 1

Explored 706445 nodes (33242279 simplex iterations) in 1800.00 seconds (1537.93 work units)
Thread count was 1 (of 96 available processors)

Solution count 10: 123 123 123 ... 130

Time limit reached
Best objective 1.229999999876e+02, best bound 8.200000000000e+01, gap 33.3333%
WARNING: Loading a SolverResults object with an 'aborted' status, but
    containing a solution

Instance 19_1, formulation tres, reform hull:
  Rect 0: x = 13.00, y = 5.00
  Rect 1: x = 107.00, y = 12.00
  Rect 2: x = 77.00, y = 10.00
  Rect 3: x = 73.00, y = 9.00
  Rect 4: x = 45.00, y = 11.00
  Rect 5: x = 83.00, y = 6.00
  Rect 6: x = 31.00, y = 12.00
  Rect 7: x = 89.00, y = 11.00
  Rect 8: x = 31.00, y = 11.00
  Rect 9: x = 0.00, y = 8.00
  Rect 10: x = 25.00, y = 4.00
  Rect 11: x = 0.00, y = 12.00
  Rect 12: x = 81.00, y = 9.00
  Rect 13: x = 73.00, y = 12.00
  Rect 14: x = 40.00, y = 12.00
  Rect 15: x = 54.00, y = 12.00
  Rect 16: x = 66.00, y = 11.00
  Rect 17: x = 16.00, y = 12.00
  Rect 18: x = 98.00, y = 12.00
  → saved figures to strip_figures/19_1_tres_hull.png and strip_figures/19_1_tres_hull.pdf
Set parameter TokenServer to value "mooring.ecn.purdue.edu"
Read LP format model from file /tmp/tmpz21g1r7p.pyomo.lp
Reading time = 0.00 seconds
x724: 875 rows, 724 columns, 4665 nonzeros
Set parameter TimeLimit to value 1800
Set parameter Threads to value 1
Gurobi Optimizer version 11.0.0 build v11.0.0rc2 (linux64 - "Oracle Linux Server 9.6")

CPU model: AMD EPYC 7643 48-Core Processor, instruction set [SSE2|AVX|AVX2]
Thread count: 48 physical cores, 96 logical processors, using up to 1 threads

Optimize a model with 875 rows, 724 columns and 4665 nonzeros
Model fingerprint: 0x5a08d137
Variable types: 40 continuous, 684 integer (684 binary)
Coefficient statistics:
  Matrix range     [1e+00, 2e+02]
  Objective range  [1e+00, 1e+00]
  Bounds range     [1e+00, 2e+02]
  RHS range        [1e+00, 2e+01]
Presolve removed 319 rows and 322 columns
Presolve time: 0.00s
Presolved: 556 rows, 402 columns, 2160 nonzeros
Variable types: 36 continuous, 366 integer (366 binary)
Found heuristic solution: objective 174.0000000
Found heuristic solution: objective 156.0000000

Root relaxation: objective 3.200000e+01, 241 iterations, 0.00 seconds (0.00 work units)

    Nodes    |    Current Node    |     Objective Bounds      |     Work
 Expl Unexpl |  Obj  Depth IntInf | Incumbent    BestBd   Gap | It/Node Time

     0     0   32.00000    0   74  156.00000   32.00000  79.5%     -    0s
H    0     0                     149.0000000   32.00000  78.5%     -    0s
     0     0   55.84470    0   81  149.00000   55.84470  62.5%     -    0s
H    0     0                     148.0000000   57.99790  60.8%     -    0s
     0     0   57.99790    0   81  148.00000   57.99790  60.8%     -    0s
     0     0   58.59984    0   80  148.00000   58.59984  60.4%     -    0s
H    0     0                     147.0000000   60.80758  58.6%     -    0s
H    0     0                     141.0000000   60.80758  56.9%     -    0s
     0     0   60.80758    0   82  141.00000   60.80758  56.9%     -    0s
     0     0   60.80758    0   77  141.00000   60.80758  56.9%     -    0s
     0     0   60.80758    0   80  141.00000   60.80758  56.9%     -    0s
     0     0   60.80758    0   72  141.00000   60.80758  56.9%     -    0s
     0     0   60.80758    0   71  141.00000   60.80758  56.9%     -    0s
     0     0   60.80758    0   72  141.00000   60.80758  56.9%     -    0s
     0     0   60.80758    0   78  141.00000   60.80758  56.9%     -    0s
     0     0   60.80758    0   74  141.00000   60.80758  56.9%     -    0s
     0     0   60.80758    0   78  141.00000   60.80758  56.9%     -    0s
     0     0   60.80758    0   66  141.00000   60.80758  56.9%     -    0s
     0     0   60.80758    0   67  141.00000   60.80758  56.9%     -    0s
     0     0   60.80758    0   62  141.00000   60.80758  56.9%     -    0s
     0     0   60.80758    0   53  141.00000   60.80758  56.9%     -    0s
H    0     0                     133.0000000   60.80758  54.3%     -    0s
     0     2   60.80758    0   53  133.00000   60.80758  54.3%     -    0s
H  591   440                     132.0000000   61.36407  53.5%   7.3    0s
H  616   434                     128.0000000   63.39355  50.5%   7.0    0s
H  622   415                     126.0000000   63.48325  49.6%   6.9    0s
H  858   527                     126.0000000   65.88200  47.7%  16.3    1s
*  909   521              77     125.0000000   65.88200  47.3%  15.9    1s
H 1150   610                     125.0000000   66.15226  47.1%  17.0    1s
* 1189   590              75     124.0000000   66.15226  46.7%  16.8    1s
  4144  2387 infeasible   45       124.00000   73.91897  40.4%  22.3    5s
* 6763  3820              68     123.0000000   75.71135  38.4%  24.8    9s
  7318  4143  115.00000   47  108  123.00000   76.18150  38.1%  25.1   10s
 10095  5609   82.31764   27  148  123.00000   77.79683  36.8%  27.4   15s
 10245  5692  107.00000   33   52  123.00000   77.87182  36.7%  27.3   20s
 10320  5742  109.45000   41   49  123.00000   77.87182  36.7%  27.1   25s
H10359  5477                     123.0000000   77.87182  36.7%  27.0   27s
 11562  5872  118.00000   61   34  123.00000   77.87182  36.7%  28.4   30s
 15712  6664 infeasible   62       123.00000   77.87182  36.7%  28.3   35s
 19382  7240  115.00000   54   38  123.00000   79.12240  35.7%  28.8   40s
 23312  7812   92.79012   39   86  123.00000   80.40294  34.6%  29.2   45s
 27242  8391   84.25829   39   34  123.00000   81.45471  33.8%  29.5   50s
 31126 10115 infeasible   55       123.00000   82.75226  32.7%  29.8   55s
 35144 11749  100.00000   42   18  123.00000   83.94427  31.8%  30.1   60s
 39360 13506  121.00000   56   17  123.00000   84.92369  31.0%  30.1   65s
 43760 15524   87.75908   40   36  123.00000   85.86108  30.2%  30.2   70s
 48054 17479   93.76623   43   42  123.00000   86.78787  29.4%  30.2   75s
 52770 19634  118.00000   54   41  123.00000   87.55526  28.8%  30.1   80s
 57403 21600  118.00000   65   81  123.00000   88.22410  28.3%  30.0   85s
 61941 23568   93.76000   43   22  123.00000   88.92501  27.7%  30.0   90s
 66438 25490  115.00000   49   43  123.00000   89.17073  27.5%  30.0   95s
 71412 27619  115.00000   51   49  123.00000   89.71285  27.1%  29.9  100s
 75984 29594  108.00000   47   68  123.00000   90.15187  26.7%  29.9  105s
 80759 31711  103.00000   48   21  123.00000   90.57955  26.4%  29.9  110s
 84487 33123   92.16327   44   78  123.00000   90.92852  26.1%  29.9  115s
 87735 34193 infeasible   52       123.00000   91.14286  25.9%  30.0  120s
 91462 35558  112.00000   56   66  123.00000   91.57895  25.5%  30.0  125s
 95190 36846  114.00000   47   82  123.00000   91.84486  25.3%  30.1  130s
 98667 38105     cutoff   61       123.00000   92.00000  25.2%  30.2  135s
 102206 39386  114.00000   55   39  123.00000   92.00000  25.2%  30.2  140s
 105420 40450 infeasible   57       123.00000   92.13824  25.1%  30.3  145s
 108679 41615  100.00000   45   14  123.00000   92.25441  25.0%  30.4  150s
 112133 42830 infeasible   66       123.00000   92.31818  24.9%  30.5  155s
 115292 43923  119.00000   58   36  123.00000   92.36364  24.9%  30.5  160s
 118974 45083     cutoff   51       123.00000   92.42911  24.9%  30.5  165s
 122936 46515   95.20000   41  110  123.00000   92.53691  24.8%  30.5  170s
 126813 47966  100.00000   43   87  123.00000   92.67606  24.7%  30.5  175s
 130891 49497  114.00000   52   30  123.00000   92.76123  24.6%  30.4  180s
 134746 50695 infeasible   55       123.00000   92.87898  24.5%  30.5  185s
 138557 52004  102.00000   49   87  123.00000   93.00000  24.4%  30.5  190s
 142211 53156 infeasible   54       123.00000   93.05351  24.3%  30.5  195s
 146379 54634  100.00000   49   38  123.00000   93.25960  24.2%  30.5  200s
 150592 56120 infeasible   54       123.00000   93.33333  24.1%  30.5  205s
 154747 57501  115.00000   47   58  123.00000   93.44954  24.0%  30.5  210s
 158693 58767 infeasible   56       123.00000   93.60432  23.9%  30.5  215s
 162317 59967  109.00000   54   30  123.00000   93.76000  23.8%  30.5  220s
 165908 61224 infeasible   62       123.00000   93.93017  23.6%  30.5  225s
 170106 62433   96.10791   42   77  123.00000   94.00000  23.6%  30.5  230s
 173908 63878  114.00000   50   81  123.00000   94.11009  23.5%  30.5  235s
 177639 65353  114.00000   51   43  123.00000   94.11650  23.5%  30.5  240s
 181921 66922 infeasible   49       123.00000   94.14118  23.5%  30.5  245s
 186161 68336 infeasible   71       123.00000   94.16018  23.4%  30.5  250s
 190418 69787  118.00000   56   86  123.00000   94.18321  23.4%  30.4  255s
 194539 71004  115.00000   62   44  123.00000   94.20588  23.4%  30.4  260s
 198678 72273  114.00000   55   49  123.00000   94.23077  23.4%  30.4  265s
 202007 73346 infeasible   57       123.00000   94.26087  23.4%  30.4  270s
 206182 74645 infeasible   60       123.00000   94.26087  23.4%  30.5  275s
 210325 75837 infeasible   58       123.00000   94.26087  23.4%  30.4  280s
 214454 77078     cutoff   53       123.00000   94.33333  23.3%  30.4  285s
 218228 78146 infeasible   54       123.00000   94.35501  23.3%  30.4  290s
 222310 79387 infeasible   56       123.00000   94.42857  23.2%  30.4  295s
 226218 80427 infeasible   62       123.00000   94.42857  23.2%  30.5  300s
 230182 81451 infeasible   53       123.00000   94.48870  23.2%  30.5  305s
 233863 82548  121.00000   62   25  123.00000   94.52941  23.1%  30.4  310s
 238001 83609  118.00000   50   19  123.00000   94.66667  23.0%  30.4  315s
 241962 84830  114.50000   59   28  123.00000   94.82192  22.9%  30.5  320s
 245857 85936  118.00000   61   38  123.00000   94.92308  22.8%  30.5  325s
 249488 86720  118.00000   66   40  123.00000   95.00000  22.8%  30.5  330s
 253504 87751 infeasible   55       123.00000   95.00000  22.8%  30.6  335s
 257472 88599 infeasible   48       123.00000   95.00000  22.8%  30.5  340s
 261280 89398  119.00000   54   28  123.00000   95.03630  22.7%  30.5  345s
 265550 90581 infeasible   64       123.00000   95.20000  22.6%  30.5  350s
 269613 91634  114.00000   56   10  123.00000   95.20000  22.6%  30.5  355s
 273818 92655  119.00000   54   28  123.00000   95.20000  22.6%  30.5  360s
 277936 93685  103.00000   54   55  123.00000   95.20000  22.6%  30.5  365s
 281860 94675  117.00000   54   44  123.00000   95.20000  22.6%  30.5  370s
 286088 95919  118.00000   61   78  123.00000   95.34154  22.5%  30.4  375s
 289405 96936 infeasible   59       123.00000   95.50254  22.4%  30.4  380s
 293300 98009  118.00000   57   58  123.00000   95.63580  22.2%  30.5  385s
 297622 99393  114.00000   48   18  123.00000   95.87231  22.1%  30.5  390s
 301778 100727  100.00000   44   10  123.00000   96.00000  22.0%  30.5  395s
 305150 101727   96.00000   47   20  123.00000   96.00000  22.0%  30.5  400s
 308851 102782  110.00000   50   50  123.00000   96.00000  22.0%  30.6  405s
 312732 103888  121.00000   73   38  123.00000   96.00000  22.0%  30.6  410s
 316769 105068 infeasible   57       123.00000   96.00000  22.0%  30.6  415s
 320829 106258 infeasible   62       123.00000   96.00000  22.0%  30.6  420s
 324804 107318  114.00000   58   21  123.00000   96.00000  22.0%  30.7  425s
 328237 108468  109.00000   47   14  123.00000   96.00000  22.0%  30.7  430s
 331962 109776 infeasible   66       123.00000   96.00000  22.0%  30.7  435s
 336275 111085   96.00000   51   18  123.00000   96.00000  22.0%  30.8  440s
 340781 112549 infeasible   62       123.00000   96.00000  22.0%  30.8  445s
 345405 114081  118.00000   54   32  123.00000   96.00000  22.0%  30.8  450s
 349937 115502  119.00000   58   40  123.00000   96.00000  22.0%  30.8  455s
 354743 117094  118.00000   52   90  123.00000   96.00000  22.0%  30.8  460s
 359378 118633 infeasible   49       123.00000   96.00000  22.0%  30.9  465s
 363300 119929  101.00000   51   20  123.00000   96.00000  22.0%  30.9  470s
 367489 121207 infeasible   48       123.00000   96.00000  22.0%  30.9  475s
 372279 122742 infeasible   49       123.00000   96.00000  22.0%  30.9  480s
 376965 124255   96.00000   43   72  123.00000   96.00000  22.0%  30.9  485s
 381700 125833  118.00000   70   32  123.00000   96.00000  22.0%  30.9  490s
 385808 127171 infeasible   63       123.00000   96.00000  22.0%  31.0  495s
 390078 128374  118.00000   61   85  123.00000   96.00000  22.0%  31.0  500s
 394822 129845  111.00000   50   65  123.00000   96.00000  22.0%  31.0  505s
 399541 131371  104.00000   50   16  123.00000   96.00000  22.0%  31.0  510s
 403884 132694  106.00000   50   17  123.00000   96.00000  22.0%  31.0  515s
 408356 134226  118.00000   66   78  123.00000   96.00000  22.0%  31.0  520s
 412565 135594 infeasible   71       123.00000   96.00000  22.0%  31.1  525s
 417245 137064  118.00000   52   26  123.00000   96.00000  22.0%  31.1  530s
 421833 138573   96.00000   54   30  123.00000   96.00000  22.0%  31.1  535s
 426602 140009 infeasible   60       123.00000   96.00000  22.0%  31.1  540s
 429802 141084  118.00000   56  101  123.00000   96.00000  22.0%  31.1  545s
 434313 142614   96.00000   53   50  123.00000   96.00000  22.0%  31.1  550s
 439120 144321   96.00000   48   15  123.00000   96.00000  22.0%  31.1  555s
 443894 146006   99.00000   53   59  123.00000   96.00000  22.0%  31.2  560s
 448532 147435  118.00000   52   89  123.00000   96.00000  22.0%  31.2  565s
 453226 148970 infeasible   56       123.00000   96.00000  22.0%  31.2  570s
 457371 150316  107.00000   53   88  123.00000   96.00000  22.0%  31.2  575s
 461488 151666  118.00000   60   41  123.00000   96.00000  22.0%  31.2  580s
 466174 153090  117.00000   60   84  123.00000   96.00000  22.0%  31.2  585s
 470795 154590  121.00000   56   42  123.00000   96.00000  22.0%  31.2  590s
 475586 156103   96.00000   51   45  123.00000   96.00000  22.0%  31.2  595s
 480192 157461  121.00000   62   93  123.00000   96.00000  22.0%  31.2  600s
 484307 158786  118.00000   67   71  123.00000   96.00000  22.0%  31.2  605s
 489095 160263  107.00000   51   32  123.00000   96.00000  22.0%  31.2  610s
 493996 161791 infeasible   66       123.00000   96.00000  22.0%  31.2  615s
 498599 163117 infeasible   63       123.00000   96.00000  22.0%  31.2  620s
 503014 164354 infeasible   53       123.00000   96.00000  22.0%  31.2  625s
 507208 165625 infeasible   68       123.00000   96.00000  22.0%  31.2  630s
 511972 167109  110.00000   53   44  123.00000   96.00000  22.0%  31.2  635s
 516580 168498 infeasible   57       123.00000   96.00000  22.0%  31.2  640s
 521287 169729   96.00000   52   89  123.00000   96.00000  22.0%  31.2  645s
 526015 171158  104.00000   54   92  123.00000   96.00000  22.0%  31.1  650s
 530182 172378     cutoff   63       123.00000   96.00000  22.0%  31.1  655s
 534886 173960  102.00000   50   73  123.00000   96.00000  22.0%  31.1  660s
 538924 175109  118.00000   51   43  123.00000   96.00000  22.0%  31.1  665s
 543617 176428 infeasible   53       123.00000   96.00000  22.0%  31.1  670s
 547589 177595  118.00000   56   75  123.00000   96.00000  22.0%  31.1  675s
 552248 179068 infeasible   61       123.00000   96.00000  22.0%  31.1  680s
 556976 180481  114.00000   47   20  123.00000   96.00000  22.0%  31.1  685s
 561902 181920  114.00000   58   84  123.00000   96.00000  22.0%  31.1  690s
 566980 183518 infeasible   56       123.00000   96.00000  22.0%  31.0  695s
 571216 184755 infeasible   59       123.00000   96.00000  22.0%  31.0  700s
 576045 186106  118.00000   54   75  123.00000   96.00000  22.0%  31.0  705s
 580655 187522 infeasible   55       123.00000   96.00000  22.0%  31.0  710s
 585533 188931 infeasible   62       123.00000   96.00000  22.0%  31.0  715s
 589587 190052 infeasible   64       123.00000   96.00000  22.0%  30.9  720s
 593821 191108 infeasible   56       123.00000   96.00000  22.0%  30.9  725s
 598658 192610  101.00000   47   96  123.00000   96.00000  22.0%  30.9  730s
 603490 194092 infeasible   58       123.00000   96.00000  22.0%  30.9  735s
 608216 195559   96.00000   43  103  123.00000   96.00000  22.0%  30.9  740s
 612845 196885 infeasible   52       123.00000   96.00000  22.0%  30.9  745s
 616831 198060  122.00000   61   29  123.00000   96.00000  22.0%  30.9  750s
 621608 199390   96.00000   47   58  123.00000   96.00000  22.0%  30.9  755s
 626379 200779  105.00000   51   49  123.00000   96.00000  22.0%  30.9  760s
 631065 202164 infeasible   54       123.00000   96.00000  22.0%  30.8  765s
 635900 203728  118.00000   58   47  123.00000   96.00000  22.0%  30.8  770s
 640296 204974  103.00000   57   79  123.00000   96.00000  22.0%  30.8  775s
 644961 206330 infeasible   62       123.00000   96.00000  22.0%  30.8  780s
 649610 207841  100.00000   50   86  123.00000   96.00000  22.0%  30.8  785s
 653650 208939   98.33333   53   88  123.00000   96.00000  22.0%  30.8  790s
 657586 210145  118.00000   52   32  123.00000   96.00000  22.0%  30.8  795s
 662273 211564 infeasible   62       123.00000   96.00000  22.0%  30.8  800s
 666834 213145   96.18182   52   68  123.00000   96.01744  21.9%  30.8  805s
 671206 214534   96.50000   47   23  123.00000   96.04923  21.9%  30.8  810s
 675867 216154  118.00000   57   29  123.00000   96.06250  21.9%  30.8  815s
 680430 217785   96.13744   43   63  123.00000   96.07080  21.9%  30.8  820s
 684218 219234  119.00000   60   57  123.00000   96.08427  21.9%  30.8  825s
 688914 220887  100.00000   45   38  123.00000   96.10127  21.9%  30.8  830s
 693260 222424  114.00000   48   59  123.00000   96.10811  21.9%  30.8  835s
 697725 223970  121.00000   64   82  123.00000   96.12358  21.9%  30.8  840s
 701871 225397   96.80000   39   53  123.00000   96.13008  21.8%  30.8  845s
 706480 227059 infeasible   63       123.00000   96.13008  21.8%  30.8  850s
 711204 228737  118.00000   56   69  123.00000   96.13793  21.8%  30.8  855s
 715672 230248  105.00000   52   15  123.00000   96.14286  21.8%  30.8  860s
 719964 231665 infeasible   53       123.00000   96.14679  21.8%  30.9  865s
 724684 233225 infeasible   61       123.00000   96.15257  21.8%  30.9  870s
 729272 234723  114.00000   60   61  123.00000   96.16667  21.8%  30.9  875s
 733871 236224 infeasible   61       123.00000   96.18182  21.8%  30.9  880s
 737744 237615  119.00000   66   23  123.00000   96.18182  21.8%  30.9  885s
 742046 239071  110.00000   49   97  123.00000   96.18182  21.8%  30.9  890s
 746523 240436   96.18182   55  108  123.00000   96.18182  21.8%  30.9  895s
 750477 241865 infeasible   58       123.00000   96.18182  21.8%  30.9  900s
 755108 243548  119.00000   62   31  123.00000   96.18182  21.8%  30.9  905s
 759121 244890  100.00000   50   46  123.00000   96.18182  21.8%  30.9  910s
 761392 245745  105.00000   54   99  123.00000   96.18182  21.8%  30.9  915s
 761788 245837   96.18182   49   60  123.00000   96.18182  21.8%  30.9  920s
 766351 247618  120.00000   62   64  123.00000   96.18182  21.8%  30.8  925s
 770432 249007 infeasible   51       123.00000   96.18182  21.8%  30.8  930s
 775169 250723 infeasible   60       123.00000   96.18391  21.8%  30.8  935s
 778045 251686 infeasible   55       123.00000   96.19048  21.8%  30.8  940s
 780558 252439  104.00000   50   54  123.00000   96.19048  21.8%  30.8  945s
 781842 252873  100.00000   48   23  123.00000   96.19048  21.8%  30.9  950s
 783471 253400  115.00000   52   32  123.00000   96.19048  21.8%  30.9  955s
H785636 254076                     122.9999996   96.19048  21.8%  30.9  959s
 786121 254237  103.00000   45   61  123.00000   96.19048  21.8%  30.9  960s
 788462 255082  100.00000   51   38  123.00000   96.19048  21.8%  30.9  965s
 791799 256044 infeasible   53       123.00000   96.19048  21.8%  30.9  970s
 795163 257074  105.00000   44   98  123.00000   96.19048  21.8%  30.9  975s
 798163 257989 infeasible   54       123.00000   96.19753  21.8%  30.9  980s
 801530 258899  110.00000   60   91  123.00000   96.19802  21.8%  30.9  985s
*801746 258220              75     122.0000000   96.19863  21.1%  30.9  985s
 804626 258943  108.00000   59   26  122.00000   96.20000  21.1%  30.9  990s
 807885 259790 infeasible   53       122.00000   96.20637  21.1%  31.0  995s
 810484 260531  114.00000   57   28  122.00000   96.20779  21.1%  31.0 1000s
 813811 261410  100.00000   44   18  122.00000   96.21333  21.1%  31.0 1005s
 816980 262394  115.00000   55   21  122.00000   96.21333  21.1%  31.0 1010s
 820416 263383   96.23031   45  100  122.00000   96.21434  21.1%  31.0 1015s
 823249 264242   96.76923   45   66  122.00000   96.21622  21.1%  31.0 1020s
 826621 265214  114.00000   47    9  122.00000   96.22222  21.1%  31.0 1025s
 829819 265992  110.00000   53   83  122.00000   96.22222  21.1%  31.1 1030s
 833009 266957 infeasible   62       122.00000   96.22222  21.1%  31.1 1035s
 836195 268002 infeasible   51       122.00000   96.22263  21.1%  31.1 1040s
 838514 268684  114.00000   57   79  122.00000   96.22535  21.1%  31.1 1045s
 840168 269062  118.00000   55   36  122.00000   96.22535  21.1%  31.1 1050s
 842464 269696   97.50000   43   44  122.00000   96.22560  21.1%  31.1 1055s
 844780 270415  100.00000   44   99  122.00000   96.22770  21.1%  31.1 1060s
 846107 270786  114.00000   44   82  122.00000   96.22857  21.1%  31.2 1065s
 846151 270802   97.77778   46   31  122.00000   96.22857  21.1%  31.2 1071s
 847955 271314 infeasible   61       122.00000   96.22857  21.1%  31.2 1075s
 851167 272278   96.66667   43   68  122.00000   96.22857  21.1%  31.2 1080s
 854078 273221   96.23368   49   69  122.00000   96.23368  21.1%  31.2 1085s
 857468 274141  118.00000   63   22  122.00000   96.23529  21.1%  31.2 1090s
 860734 274900 infeasible   57       122.00000   96.23881  21.1%  31.2 1095s
 864016 275852  103.00000   51   71  122.00000   96.24000  21.1%  31.2 1100s
 866814 276662   96.24242   46   71  122.00000   96.24242  21.1%  31.2 1105s
 869931 277625  110.00000   57   97  122.00000   96.24615  21.1%  31.3 1110s
H871469 278004                     122.0000000   96.24666  21.1%  31.3 1112s
 872469 278272  118.00000   50   60  122.00000   96.24870  21.1%  31.3 1115s
 875220 278978  100.00000   51   90  122.00000   96.25000  21.1%  31.3 1120s
 878448 279788  100.00000   49   29  122.00000   96.25397  21.1%  31.3 1125s
 881703 280761  121.00000   58   29  122.00000   96.25397  21.1%  31.3 1130s
 885103 281850   96.26065   45   33  122.00000   96.26065  21.1%  31.3 1135s
 888505 282837  101.00000   48   29  122.00000   96.26230  21.1%  31.3 1140s
 891028 283491  121.00000   69   42  122.00000   96.26316  21.1%  31.3 1145s
 894176 284357  118.00000   53   61  122.00000   96.27119  21.1%  31.4 1150s
 897385 285215  114.00000   49   90  122.00000   96.27273  21.1%  31.4 1155s
 900790 286275   99.00000   43   66  122.00000   96.28070  21.1%  31.4 1160s
 904217 287353   96.32765   40  110  122.00000   96.28869  21.1%  31.4 1165s
 907430 288339 infeasible   45       122.00000   96.29630  21.1%  31.4 1170s
 910517 289302  114.00000   50   62  122.00000   96.30769  21.1%  31.4 1175s
 913906 290285 infeasible   56       122.00000   96.31579  21.1%  31.4 1180s
 916667 291003  114.00000   57   59  122.00000   96.32653  21.0%  31.4 1185s
 920308 291946  114.00000   65   34  122.00000   96.33333  21.0%  31.4 1190s
 923559 292908  118.00000   51   83  122.00000   96.35556  21.0%  31.4 1195s
 926883 293831     cutoff   54       122.00000   96.37209  21.0%  31.5 1200s
 929877 294697  100.00000   55   70  122.00000   96.39024  21.0%  31.5 1205s
 933034 295593  115.00000   58   29  122.00000   96.42185  21.0%  31.5 1210s
 936145 296445  110.00000   56   78  122.00000   96.44444  20.9%  31.5 1215s
 939546 297309  118.00000   49   31  122.00000   96.47552  20.9%  31.5 1220s
 943009 298186  121.00000   67   24  122.00000   96.50000  20.9%  31.5 1225s
 945990 299032   97.00000   49   99  122.00000   96.50000  20.9%  31.5 1230s
 948941 299799  118.00000   57   41  122.00000   96.55172  20.9%  31.5 1235s
 952118 300407  110.00000   59   89  122.00000   96.57143  20.8%  31.6 1240s
 955304 301173 infeasible   57       122.00000   96.64000  20.8%  31.6 1245s
 958686 302029  101.00000   49  100  122.00000   96.66667  20.8%  31.6 1250s
 962133 302836   96.69767   40  117  122.00000   96.66667  20.8%  31.6 1255s
 965021 303616  118.00000   42   38  122.00000   96.71111  20.7%  31.6 1260s
 968513 304609 infeasible   59       122.00000   96.75692  20.7%  31.6 1265s
 971399 305289 infeasible   59       122.00000   96.80000  20.7%  31.6 1270s
 974639 306054  101.78862   57   93  122.00000   96.89400  20.6%  31.6 1275s
 977815 306781 infeasible   56       122.00000   97.00000  20.5%  31.7 1280s
 980814 307300 infeasible   61       122.00000   97.00000  20.5%  31.7 1285s
 983852 307877  118.00000   53   26  122.00000   97.00000  20.5%  31.7 1290s
 987083 308554  100.00000   51   85  122.00000   97.00000  20.5%  31.7 1295s
 989942 309197  121.00000   69   34  122.00000   97.00000  20.5%  31.8 1300s
 993048 309832  101.00000   50   86  122.00000   97.00000  20.5%  31.8 1305s
 995580 310392 infeasible   53       122.00000   97.00000  20.5%  31.8 1310s
 998640 311046  104.00000   47   60  122.00000   97.00000  20.5%  31.8 1315s
 1001104 311556  118.00000   54   49  122.00000   97.00000  20.5%  31.9 1320s
 1004140 312110 infeasible   58       122.00000   97.00000  20.5%  31.9 1325s
 1006806 312604  114.00000   58   23  122.00000   97.00000  20.5%  31.9 1330s
 1010012 313237 infeasible   52       122.00000   97.00000  20.5%  31.9 1335s
 1013339 313799  118.00000   61   82  122.00000   97.00000  20.5%  31.9 1340s
 1016613 314442 infeasible   59       122.00000   97.00000  20.5%  32.0 1345s
 1019751 314995  109.00000   61   73  122.00000   97.00000  20.5%  32.0 1350s
 1022459 315479   97.00000   57   39  122.00000   97.00000  20.5%  32.0 1355s
 1025703 316084 infeasible   50       122.00000   97.00000  20.5%  32.0 1360s
 1028805 316620 infeasible   51       122.00000   97.00000  20.5%  32.0 1365s
 1031889 317108  116.00000   49   35  122.00000   97.00000  20.5%  32.0 1370s
 1035147 317674  103.00000   51   79  122.00000   97.00000  20.5%  32.1 1375s
 1037839 318219 infeasible   63       122.00000   97.00000  20.5%  32.1 1380s
 1041124 318812  118.00000   57   44  122.00000   97.00000  20.5%  32.1 1385s
 1044359 319344  100.00000   51   88  122.00000   97.00000  20.5%  32.1 1390s
 1047596 320057 infeasible   59       122.00000   97.00000  20.5%  32.1 1395s
 1050423 320543  114.00000   61   98  122.00000   97.00000  20.5%  32.1 1400s
 1053686 321189  118.00000   59   17  122.00000   97.00000  20.5%  32.1 1405s
 1056364 321842  118.00000   54   92  122.00000   97.05263  20.4%  32.1 1410s
 1059571 322764 infeasible   58       122.00000   97.13953  20.4%  32.1 1415s
 1062894 323549   97.23077   49   94  122.00000   97.23077  20.3%  32.2 1420s
 1066310 324470  109.00000   57   93  122.00000   97.33333  20.2%  32.2 1425s
 1069856 325426  106.00000   56   92  122.00000   97.33721  20.2%  32.2 1430s
 1073168 326239  118.00000   52   89  122.00000   97.45455  20.1%  32.2 1435s
 1076467 326950 infeasible   61       122.00000   97.50000  20.1%  32.2 1440s
 1079216 327583  105.00000   54   32  122.00000   97.53846  20.1%  32.2 1445s
 1082430 328259   99.14286   45   65  122.00000   97.67385  19.9%  32.2 1450s
 1085733 329102   97.85714   46   94  122.00000   97.67442  19.9%  32.2 1455s
 1089087 329990   98.28571   48   49  122.00000   97.71828  19.9%  32.2 1460s
 1091933 330632  118.00000   60   86  122.00000   97.77778  19.9%  32.2 1465s
 1095249 331300  118.00000   47   21  122.00000   97.91429  19.7%  32.2 1470s
 1097728 331861     cutoff   54       122.00000   98.00000  19.7%  32.3 1475s
 1100881 332555  118.00000   50   23  122.00000   98.00000  19.7%  32.3 1480s
 1104003 333202  121.00000   62   17  122.00000   98.00000  19.7%  32.3 1485s
 1107181 333845  118.00000   55   77  122.00000   98.00000  19.7%  32.3 1490s
 1110458 334494  118.00000   53   58  122.00000   98.00000  19.7%  32.3 1495s
 1113611 335169  105.00000   53   53  122.00000   98.00000  19.7%  32.4 1500s
 1116338 335766 infeasible   58       122.00000   98.00000  19.7%  32.4 1505s
 1119582 336473  100.00000   49   34  122.00000   98.00000  19.7%  32.4 1510s
 1122817 337196  100.00000   44   55  122.00000   98.00000  19.7%  32.4 1515s
 1125562 337679 infeasible   52       122.00000   98.00000  19.7%  32.4 1520s
 1128286 338183   98.00000   55   87  122.00000   98.00000  19.7%  32.4 1525s
 1131686 338905 infeasible   49       122.00000   98.00000  19.7%  32.4 1530s
 1134507 339496 infeasible   61       122.00000   98.00000  19.7%  32.4 1535s
 1137713 339986 infeasible   58       122.00000   98.00000  19.7%  32.4 1540s
 1141069 340701  100.00000   43   26  122.00000   98.00000  19.7%  32.4 1545s
 1144841 341516  118.00000   60   48  122.00000   98.00000  19.7%  32.4 1550s
 1148496 342325  100.00000   60   98  122.00000   98.00000  19.7%  32.4 1555s
 1151616 343012  110.00000   59   62  122.00000   98.00000  19.7%  32.4 1560s
 1154917 343791  114.00000   57   95  122.00000   98.00000  19.7%  32.4 1565s
 1158541 344794  100.00000   52   53  122.00000   98.03306  19.6%  32.4 1570s
 1162021 345770     cutoff   55       122.00000   98.03571  19.6%  32.5 1575s
 1165655 346804 infeasible   52       122.00000   98.04255  19.6%  32.5 1580s
 1169249 347891  115.00000   53   20  122.00000   98.04979  19.6%  32.5 1585s
 1172965 349054  118.00000   54   31  122.00000   98.05714  19.6%  32.5 1590s
 1176016 350049  100.00000   50   64  122.00000   98.05797  19.6%  32.5 1595s
 1179570 351116  100.00000   51   76  122.00000   98.06805  19.6%  32.5 1600s
 1183259 352295  118.00000   55   44  122.00000   98.12903  19.6%  32.5 1605s
 1187147 353251  103.00000   45  102  122.00000   98.25000  19.5%  32.5 1610s
 1190784 354172 infeasible   61       122.00000   98.33333  19.4%  32.5 1615s
 1194182 355166  104.00000   55   98  122.00000   98.33333  19.4%  32.5 1620s
 1197930 356114  106.00000   53   28  122.00000   98.50000  19.3%  32.5 1625s
 1201267 357030  118.00000   53   24  122.00000   98.64033  19.1%  32.5 1630s
 1205357 358151  100.00000   41   64  122.00000   98.66667  19.1%  32.5 1635s
 1209290 359238  114.00000   52   50  122.00000   98.75000  19.1%  32.5 1640s
 1213372 360367 infeasible   52       122.00000   98.77778  19.0%  32.5 1645s
 1217000 361260  118.00000   56   95  122.00000   99.00000  18.9%  32.5 1650s
 1220894 362177  118.00000   64   42  122.00000   99.00000  18.9%  32.5 1655s
 1224313 363026 infeasible   57       122.00000   99.00000  18.9%  32.5 1660s
 1227974 364051  102.00000   60   13  122.00000   99.00000  18.9%  32.5 1665s
 1231727 364975   99.00000   52   35  122.00000   99.00000  18.9%  32.5 1670s
 1234730 365645   99.57143   50   48  122.00000   99.00000  18.9%  32.5 1675s
 1238097 366452  118.00000   63   21  122.00000   99.00000  18.9%  32.5 1680s
 1241395 367232  100.00000   56   28  122.00000   99.00000  18.9%  32.5 1685s
 1245210 368147  105.00000   52   53  122.00000   99.00000  18.9%  32.5 1690s
 1248249 368931 infeasible   55       122.00000   99.00000  18.9%  32.5 1695s
 1252043 369926  119.00000   60   91  122.00000   99.00000  18.9%  32.6 1700s
 1255821 370826  106.00000   51   23  122.00000   99.00000  18.9%  32.6 1705s
 1259549 371652  101.00000   58   27  122.00000   99.00000  18.9%  32.6 1710s
 1263347 372527 infeasible   63       122.00000   99.00000  18.9%  32.6 1715s
 1267183 373438 infeasible   53       122.00000   99.00000  18.9%  32.6 1720s
 1271015 374352  101.00000   54   88  122.00000   99.00000  18.9%  32.6 1725s
 1274488 375129  118.00000   55   92  122.00000   99.00000  18.9%  32.6 1730s
 1278171 375929 infeasible   57       122.00000   99.00000  18.9%  32.6 1735s
 1281972 376794  103.00000   52  105  122.00000   99.00000  18.9%  32.6 1740s
 1285676 377541  100.00000   52   62  122.00000   99.00000  18.9%  32.6 1745s
 1289266 378331  100.00000   62   24  122.00000   99.00000  18.9%  32.6 1750s
 1293084 379271  118.00000   54   45  122.00000   99.00000  18.9%  32.6 1755s
 1296248 380055  105.00000   45   87  122.00000   99.00000  18.9%  32.6 1760s
 1300044 380929  114.00000   53   62  122.00000   99.00000  18.9%  32.6 1765s
 1303874 381871  119.00000   60   26  122.00000   99.00000  18.9%  32.6 1770s
 1307600 382666 infeasible   51       122.00000   99.00000  18.9%  32.6 1775s
 1311307 383512  114.00000   51   39  122.00000   99.00000  18.9%  32.6 1780s
 1314885 384433 infeasible   52       122.00000   99.00000  18.9%  32.6 1785s
 1318816 385365  119.00000   53   87  122.00000   99.00000  18.9%  32.6 1790s
 1322135 386052 infeasible   58       122.00000   99.00000  18.9%  32.6 1795s

Cutting planes:
  Gomory: 37
  Cover: 233
  Implied bound: 148
  Clique: 22
  MIR: 246
  Mixing: 27
  StrongCG: 6
  Flow cover: 1061
  GUB cover: 1
  Inf proof: 253
  Zero half: 1
  RLT: 30
  Relax-and-lift: 27
  PSD: 7

Explored 1325377 nodes (43196147 simplex iterations) in 1800.01 seconds (1869.08 work units)
Thread count was 1 (of 96 available processors)

Solution count 10: 122 122 123 ... 126

Time limit reached
Best objective 1.219999999877e+02, best bound 9.900000000000e+01, gap 18.8525%
WARNING: Loading a SolverResults object with an 'aborted' status, but
    containing a solution

Instance 19_1, formulation reagg, reform MIP:
  Rect 0: x = 68.00, y = 6.00
  Rect 1: x = 92.00, y = 12.00
  Rect 2: x = 58.00, y = 12.00
  Rect 3: x = 40.00, y = 12.00
  Rect 4: x = 0.00, y = 12.00
  Rect 5: x = 65.00, y = 12.00
  Rect 6: x = 7.00, y = 1.00
  Rect 7: x = 25.00, y = 5.00
  Rect 8: x = 108.00, y = 12.00
  Rect 9: x = 44.00, y = 12.00
  Rect 10: x = 62.00, y = 6.00
  Rect 11: x = 34.00, y = 3.00
  Rect 12: x = 50.00, y = 4.00
  Rect 13: x = 52.00, y = 2.00
  Rect 14: x = 3.00, y = 1.00
  Rect 15: x = 80.00, y = 12.00
  Rect 16: x = 9.00, y = 12.00
  Rect 17: x = 25.00, y = 12.00
  Rect 18: x = 16.00, y = 12.00
  → saved figures to strip_figures/19_1_reagg_MIP.png and strip_figures/19_1_reagg_MIP.pdf
Set parameter TokenServer to value "mooring.ecn.purdue.edu"
Read LP format model from file /tmp/tmp1m8m9idm.pyomo.lp
Reading time = 0.00 seconds
x724: 875 rows, 724 columns, 4665 nonzeros
Set parameter TimeLimit to value 1800
Set parameter Threads to value 1
Gurobi Optimizer version 11.0.0 build v11.0.0rc2 (linux64 - "Oracle Linux Server 9.6")

CPU model: AMD EPYC 7643 48-Core Processor, instruction set [SSE2|AVX|AVX2]
Thread count: 48 physical cores, 96 logical processors, using up to 1 threads

Optimize a model with 875 rows, 724 columns and 4665 nonzeros
Model fingerprint: 0xd918a9e2
Variable types: 40 continuous, 684 integer (684 binary)
Coefficient statistics:
  Matrix range     [1e+00, 2e+02]
  Objective range  [1e+00, 1e+00]
  Bounds range     [1e+00, 2e+02]
  RHS range        [1e+00, 2e+01]
Presolve removed 319 rows and 322 columns
Presolve time: 0.00s
Presolved: 556 rows, 402 columns, 2099 nonzeros
Variable types: 36 continuous, 366 integer (366 binary)
Found heuristic solution: objective 198.0000000

Root relaxation: objective 3.200000e+01, 225 iterations, 0.00 seconds (0.00 work units)

    Nodes    |    Current Node    |     Objective Bounds      |     Work
 Expl Unexpl |  Obj  Depth IntInf | Incumbent    BestBd   Gap | It/Node Time

     0     0   32.00000    0   63  198.00000   32.00000  83.8%     -    0s
     0     0   56.61690    0  138  198.00000   56.61690  71.4%     -    0s
H    0     0                     156.0000000   56.61690  63.7%     -    0s
     0     0   58.31000    0  138  156.00000   58.31000  62.6%     -    0s
     0     0   58.60066    0  131  156.00000   58.60066  62.4%     -    0s
     0     0   60.12620    0  133  156.00000   60.12620  61.5%     -    0s
     0     0   60.12620    0  123  156.00000   60.12620  61.5%     -    0s
     0     0   60.12620    0  110  156.00000   60.12620  61.5%     -    0s
     0     0   60.42320    0  100  156.00000   60.42320  61.3%     -    0s
     0     0   60.42320    0  103  156.00000   60.42320  61.3%     -    0s
     0     0   60.42320    0   98  156.00000   60.42320  61.3%     -    0s
H    0     0                     140.0000000   61.30799  56.2%     -    0s
     0     0   61.30799    0   99  140.00000   61.30799  56.2%     -    0s
     0     0   61.30799    0   98  140.00000   61.30799  56.2%     -    0s
     0     0   61.30799    0  100  140.00000   61.30799  56.2%     -    0s
     0     0   61.30799    0  100  140.00000   61.30799  56.2%     -    0s
H    0     0                     135.0000000   61.30799  54.6%     -    0s
     0     2   61.30799    0   60  135.00000   61.30799  54.6%     -    0s
H  157   111                     131.0000000   61.76849  52.8%  12.4    0s
*  776   510              73     130.0000000   64.17631  50.6%  19.3    1s
*  903   539              74     126.0000000   64.17631  49.1%  19.4    1s
H 1029   573                     126.0000000   64.81306  48.6%  21.0    1s
H 1094   559                     125.0000000   64.81306  48.1%  21.0    1s
* 2687  1392              44     125.0000000   70.58294  43.5%  23.0    3s
* 3654  1979              47     124.0000000   71.87862  42.0%  23.5    4s
  4091  2230  100.00000   32   36  124.00000   72.50780  41.5%  23.7    5s
H 4267  2320                     124.0000000   73.04433  41.1%  23.8    5s
  8045  4507   80.71943   20  102  124.00000   76.20039  38.5%  24.6   10s
 10203  5640  100.00000   24  100  124.00000   77.43034  37.6%  24.8   15s
 10267  5683  100.00000   49   67  124.00000   77.43034  37.6%  24.6   20s
 11072  5987   96.03704   37   42  124.00000   77.43034  37.6%  26.4   25s
*11820  5951              76     123.0000000   77.43034  37.0%  26.6   26s
H12820  5872                     123.0000000   77.43034  37.0%  26.9   27s
 14050  6130  104.00000   44   62  123.00000   77.43034  37.0%  27.1   30s
 16710  6559  115.45455   43   55  123.00000   79.64193  35.3%  27.7   35s
 20869  7424  100.00000   36   53  123.00000   81.91356  33.4%  27.0   40s
 26050  8482  100.00000   36   70  123.00000   84.00784  31.7%  25.9   45s
 30949 11029  100.00000   28   40  123.00000   85.44991  30.5%  25.3   50s
 36240 13579   99.44444   35   43  123.00000   86.76312  29.5%  24.7   55s
 41729 16363  104.00000   46   61  123.00000   87.81731  28.6%  24.2   60s
*45988 18352              56     122.0000000   88.58326  27.4%  24.0   64s
 46025 18363  104.57895   42   44  122.00000   88.59195  27.4%  24.0   65s
 49576 19885 infeasible   44       122.00000   89.10163  27.0%  24.1   70s
 54625 22323   91.92855   32   58  122.00000   89.74270  26.4%  24.0   75s
 59709 24675  111.00000   40   48  122.00000   90.40000  25.9%  23.8   80s
 64880 27096  103.00000   41   64  122.00000   91.00000  25.4%  23.7   85s
 69806 29146  100.00000   35   62  122.00000   91.52083  25.0%  23.6   90s
 74367 31102   92.58812   30   48  122.00000   91.93690  24.6%  23.7   95s
 79044 33212 infeasible   53       122.00000   92.13333  24.5%  23.6  100s
 83823 35260 infeasible   39       122.00000   92.50000  24.2%  23.6  105s
 88579 37467  115.00000   40   55  122.00000   92.84615  23.9%  23.6  110s
 92777 39296  111.00000   38   52  122.00000   93.10327  23.7%  23.7  115s
 97845 41466  114.00000   37   46  122.00000   93.43750  23.4%  23.5  120s
 102722 43464  100.00000   39   47  122.00000   93.66216  23.2%  23.5  125s
 107168 45325  115.00000   39   68  122.00000   93.90323  23.0%  23.5  130s
 110701 46675  100.00000   36   33  122.00000   94.24000  22.8%  23.5  135s
 115868 48879 infeasible   44       122.00000   94.88000  22.2%  23.5  140s
 120489 50623   98.50000   34   39  122.00000   95.59677  21.6%  23.5  145s
H123187 51749                     122.0000000   96.00000  21.3%  23.5  148s
 123911 52040  111.00000   53   53  122.00000   96.00000  21.3%  23.6  150s
 127888 53730  100.00000   34   37  122.00000   96.00000  21.3%  23.6  155s
 132651 55565  100.00000   35   56  122.00000   96.00000  21.3%  23.6  160s
 137155 57403  118.00000   51   61  122.00000   96.12903  21.2%  23.7  165s
 141713 59091  114.00000   42   43  122.00000   96.13035  21.2%  23.7  170s
 146399 60870 infeasible   36       122.00000   96.16587  21.2%  23.7  175s
 150913 62445  119.00000   34   34  122.00000   96.18182  21.2%  23.7  180s
 155493 64200 infeasible   40       122.00000   96.19048  21.2%  23.7  185s
 158988 65507 infeasible   45       122.00000   96.19105  21.2%  23.7  190s
 163581 67341  119.00000   41   40  122.00000   96.21333  21.1%  23.7  195s
 168024 69122  101.00000   43   58  122.00000   96.22857  21.1%  23.7  200s
 172444 70734  118.00000   45   42  122.00000   96.25397  21.1%  23.7  205s
 177045 72373   96.26667   34   63  122.00000   96.26667  21.1%  23.7  210s
 181450 74105 infeasible   40       122.00000   96.30863  21.1%  23.7  215s
 185850 75668     cutoff   41       122.00000   96.36364  21.0%  23.7  220s
 190300 77466 infeasible   44       122.00000   96.44444  20.9%  23.7  225s
 193754 78802  119.00000   42   51  122.00000   96.56063  20.9%  23.8  230s
 198191 80469  100.00000   40   42  122.00000   96.80000  20.7%  23.8  235s
 202835 82133 infeasible   47       122.00000   97.00000  20.5%  23.8  240s
 207227 83550 infeasible   49       122.00000   97.10714  20.4%  23.8  245s
 210607 84625  118.00000   51   36  122.00000   97.11111  20.4%  23.8  250s
 215115 86108   97.11798   40   66  122.00000   97.11798  20.4%  23.8  255s
 219361 87444  114.00000   46   52  122.00000   97.12848  20.4%  23.8  260s
 223834 89003  102.00000   43   66  122.00000   97.14286  20.4%  23.8  265s
 227329 90118  105.00000   49   61  122.00000   97.23077  20.3%  23.9  270s
 231195 91534  118.00000   49   63  122.00000   97.23684  20.3%  23.9  275s
 235350 92958   97.23684   35   74  122.00000   97.23684  20.3%  23.9  280s
 239948 94589  118.00000   42   63  122.00000   97.23684  20.3%  23.9  285s
 244153 95750  102.00000   45   27  122.00000   97.24020  20.3%  23.9  290s
 248234 96805 infeasible   50       122.00000   97.24020  20.3%  23.9  295s
 251744 97851 infeasible   48       122.00000   97.24138  20.3%  24.0  300s
 256103 99248  111.00000   47   48  122.00000   97.24382  20.3%  24.0  305s
 260581 100643  108.00000   53   56  122.00000   97.24638  20.3%  24.0  310s
 264079 101647  110.00000   41   59  122.00000   97.24879  20.3%  24.0  315s
 266928 102305 infeasible   44       122.00000   97.25047  20.3%  24.0  320s
 270925 103616  114.12903   52   37  122.00000   97.25220  20.3%  24.1  325s
 275231 104802   97.26316   35   58  122.00000   97.25629  20.3%  24.1  330s
 279327 105972   99.28571   38   49  122.00000   97.25971  20.3%  24.1  335s
 283288 107222 infeasible   39       122.00000   97.26141  20.3%  24.1  340s
 286831 108229  100.00000   36   49  122.00000   97.26776  20.3%  24.1  345s
 289764 108876   99.28571   35   64  122.00000   97.27483  20.3%  24.2  350s
 293982 110066   98.57143   35   36  122.00000   97.31225  20.2%  24.2  355s
 298431 111483 infeasible   42       122.00000   97.45455  20.1%  24.2  360s
 302526 112704  111.00000   52   54  122.00000   98.00000  19.7%  24.2  365s
 306323 113487 infeasible   39       122.00000   98.00000  19.7%  24.3  370s
 309601 114387  110.00000   43   69  122.00000   98.08889  19.6%  24.3  375s
 313884 115728  109.00000   42   37  122.00000   98.16000  19.5%  24.3  380s
 317970 116736  102.00000   41   46  122.00000   98.78571  19.0%  24.3  385s
 321734 117577  102.00000   41   47  122.00000   99.00000  18.9%  24.4  390s
 325836 118559  115.00000   52   50  122.00000   99.00000  18.9%  24.4  395s
 329797 119602  100.00000   35   57  122.00000   99.08427  18.8%  24.4  400s
 333790 120647  103.00000   38   34  122.00000   99.34783  18.6%  24.4  405s
 336859 121341  118.00000   52   42  122.00000   99.60714  18.4%  24.4  410s
 341741 122618 infeasible   41       122.00000   99.60714  18.4%  24.4  415s
 345736 123637  100.00000   35   63  122.00000  100.00000  18.0%  24.5  420s
 349565 124650 infeasible   48       122.00000  100.00000  18.0%  24.5  425s
 352362 125295  107.00000   46   43  122.00000  100.00000  18.0%  24.5  430s
 355338 125838  102.00000   50   47  122.00000  100.00000  18.0%  24.6  435s
 359271 126731  118.00000   57   48  122.00000  100.00000  18.0%  24.6  440s
 362989 127576  100.00000   45   54  122.00000  100.00000  18.0%  24.6  445s
 366558 128277  103.00000   43   57  122.00000  100.00000  18.0%  24.6  450s
 370034 128985 infeasible   44       122.00000  100.00000  18.0%  24.7  455s
 373733 129731  112.00000   45   46  122.00000  100.00000  18.0%  24.7  460s
 377774 130712  117.00000   45   48  122.00000  100.00000  18.0%  24.7  465s
 380705 131764  106.00000   43   48  122.00000  100.00000  18.0%  24.8  470s
 383800 132858  103.00000   50   81  122.00000  100.00000  18.0%  24.8  475s
 387419 134080  100.00000   38   52  122.00000  100.00000  18.0%  24.9  480s
 391025 135241  106.00000   45   35  122.00000  100.00000  18.0%  24.9  485s
 393937 136121 infeasible   51       122.00000  100.00000  18.0%  25.0  490s
 397110 137097  104.00000   37   90  122.00000  100.00000  18.0%  25.0  495s
 400641 138180 infeasible   38       122.00000  100.00000  18.0%  25.1  500s
 404058 139329  100.00000   47   79  122.00000  100.00000  18.0%  25.1  505s
 407654 140506 infeasible   52       122.00000  100.00000  18.0%  25.2  510s
 411029 141472 infeasible   50       122.00000  100.00000  18.0%  25.3  515s
 413877 142286 infeasible   47       122.00000  100.00000  18.0%  25.3  520s
 417393 143294  104.00000   44   56  122.00000  100.00000  18.0%  25.4  525s
 420152 144157  101.00000   49   57  122.00000  100.00000  18.0%  25.4  530s
 423226 145111  107.00000   53   65  122.00000  100.00000  18.0%  25.5  535s
 426297 146009 infeasible   45       122.00000  100.00000  18.0%  25.5  540s
 430149 147313 infeasible   43       122.00000  100.00000  18.0%  25.6  545s
 433634 148320  100.00000   35   37  122.00000  100.00000  18.0%  25.6  550s
 436363 149099 infeasible   47       122.00000  100.00000  18.0%  25.7  555s
 439833 150197 infeasible   46       122.00000  100.00000  18.0%  25.7  560s
 443297 151248  104.00000   40   37  122.00000  100.00000  18.0%  25.8  565s
 446663 152243 infeasible   47       122.00000  100.00000  18.0%  25.8  570s
 450375 153394  118.00000   67   52  122.00000  100.00000  18.0%  25.9  575s
 453034 154078  104.00000   47   71  122.00000  100.00000  18.0%  25.9  580s
 456568 155034  107.00000   37   26  122.00000  100.00000  18.0%  25.9  585s
 460133 156019  100.00000   48   19  122.00000  100.00000  18.0%  26.0  590s
 463188 156839  107.00000   49   38  122.00000  100.00000  18.0%  26.0  595s
 466566 157831  114.00000   47   27  122.00000  100.00000  18.0%  26.1  600s
 470283 158958  100.00000   38   37  122.00000  100.00000  18.0%  26.1  605s
 474024 160171  103.00000   53   64  122.00000  100.00000  18.0%  26.1  610s
 477208 161108  100.00000   34   44  122.00000  100.00000  18.0%  26.2  615s
 480349 161892 infeasible   52       122.00000  100.00000  18.0%  26.2  620s
 483810 162808  100.00000   41   22  122.00000  100.00000  18.0%  26.2  625s
 487277 163772  102.00000   43   68  122.00000  100.00000  18.0%  26.3  630s
 490690 164833  101.00000   45   54  122.00000  100.00000  18.0%  26.3  635s
 494116 165807 infeasible   53       122.00000  100.00000  18.0%  26.3  640s
 496973 166560  111.00000   46   39  122.00000  100.00000  18.0%  26.4  645s
 499649 167134 infeasible   45       122.00000  100.00000  18.0%  26.4  650s
 503399 168186 infeasible   50       122.00000  100.00000  18.0%  26.4  655s
 507057 169212  100.00000   41   48  122.00000  100.00000  18.0%  26.5  660s
 510087 170029  100.00000   60   75  122.00000  100.00000  18.0%  26.5  665s
 513525 170977  100.00000   40   40  122.00000  100.00000  18.0%  26.5  670s
 517181 172015  100.00000   49   48  122.00000  100.00000  18.0%  26.6  675s
 520371 172862  100.00000   38   33  122.00000  100.00000  18.0%  26.6  680s
 524120 174030  104.00000   36   52  122.00000  100.00000  18.0%  26.6  685s
 527389 174905  115.00000   43   55  122.00000  100.00000  18.0%  26.6  690s
 530914 175866  114.00000   49   43  122.00000  100.00000  18.0%  26.7  695s
 533886 176494  103.00000   55   81  122.00000  100.00000  18.0%  26.7  700s
 536851 177241 infeasible   58       122.00000  100.00000  18.0%  26.8  705s
 540334 178139  107.00000   46   57  122.00000  100.00000  18.0%  26.8  710s
 543576 178980  115.00000   42   39  122.00000  100.00000  18.0%  26.8  715s
 547417 180066  102.00000   43   38  122.00000  100.00000  18.0%  26.8  720s
 550526 180844 infeasible   46       122.00000  100.00000  18.0%  26.8  725s
 553321 181535  105.00000   38   64  122.00000  100.00000  18.0%  26.9  730s
 556955 182541  100.00000   43   44  122.00000  100.00000  18.0%  26.9  735s
 560653 183604  100.00000   47   45  122.00000  100.00000  18.0%  26.9  740s
 564062 184474 infeasible   51       122.00000  100.00000  18.0%  26.9  745s
 567596 185420 infeasible   47       122.00000  100.00000  18.0%  27.0  750s
 570965 186265  100.00000   38   28  122.00000  100.00000  18.0%  27.0  755s
 573464 186898  118.00000   42   49  122.00000  100.00000  18.0%  27.0  760s
 577123 187763  103.00000   47   50  122.00000  100.00000  18.0%  27.0  765s
 580164 188568  111.00000   45   45  122.00000  100.00000  18.0%  27.1  770s
 583709 189465  104.00000   44   37  122.00000  100.00000  18.0%  27.1  775s
 587186 190386 infeasible   59       122.00000  100.00000  18.0%  27.1  780s
 589950 191114  103.00000   45   40  122.00000  100.00000  18.0%  27.2  785s
 593571 192251     cutoff   39       122.00000  100.00000  18.0%  27.2  790s
 597147 193175  109.00000   50   40  122.00000  100.00000  18.0%  27.2  795s
 600724 194110  100.00000   39   41  122.00000  100.00000  18.0%  27.2  800s
 604100 195304  100.00000   40   32  122.00000  100.00000  18.0%  27.2  805s
 607426 196270  113.00000   43   29  122.00000  100.00000  18.0%  27.3  810s
 611409 197386 infeasible   54       122.00000  100.00000  18.0%  27.3  815s
 615210 198450 infeasible   50       122.00000  100.00000  18.0%  27.3  820s
 618553 199316  100.00000   47   32  122.00000  100.00000  18.0%  27.3  825s
 621634 200151  100.00000   40   36  122.00000  100.00000  18.0%  27.3  830s
 624555 200816  102.00000   48   43  122.00000  100.00000  18.0%  27.3  835s
 627742 201578  105.00000   45   58  122.00000  100.00000  18.0%  27.4  840s
 631542 202727 infeasible   58       122.00000  100.00000  18.0%  27.4  845s
 635171 203666     cutoff   47       122.00000  100.00000  18.0%  27.4  850s
 638121 204471  102.00000   45   46  122.00000  100.00000  18.0%  27.4  855s
 641827 205545  104.00000   42   53  122.00000  100.00000  18.0%  27.4  860s
 645091 206245 infeasible   51       122.00000  100.00000  18.0%  27.4  865s
 648339 207114  115.00000   54   42  122.00000  100.00000  18.0%  27.5  870s
 651825 207985  100.00000   44   37  122.00000  100.00000  18.0%  27.5  875s
 655700 209005 infeasible   49       122.00000  100.00000  18.0%  27.5  880s
 659257 210051  118.00000   52   52  122.00000  100.00000  18.0%  27.5  885s
 661842 210632 infeasible   58       122.00000  100.00000  18.0%  27.5  890s
 665170 211525  103.00000   50   79  122.00000  100.00000  18.0%  27.5  895s
 669304 212748  118.00000   54   32  122.00000  100.00000  18.0%  27.5  900s
 673085 213908  111.00000   38   51  122.00000  100.00000  18.0%  27.5  905s
 676439 214724  105.00000   40   36  122.00000  100.00000  18.0%  27.6  910s
 680353 215738  110.00000   42   46  122.00000  100.00000  18.0%  27.5  915s
 683804 216751  100.00000   39   22  122.00000  100.00000  18.0%  27.6  920s
 687292 217611 infeasible   60       122.00000  100.00000  18.0%  27.6  925s
 690407 218365  118.00000   45   40  122.00000  100.00000  18.0%  27.6  930s
 693756 219423 infeasible   59       122.00000  100.00000  18.0%  27.6  935s
 697174 220386  100.00000   45   54  122.00000  100.00000  18.0%  27.6  940s
 700169 221183 infeasible   47       122.00000  100.00000  18.0%  27.7  945s
 703383 221987  114.00000   49   45  122.00000  100.00000  18.0%  27.7  950s
 706013 222679  118.00000   54   42  122.00000  100.00000  18.0%  27.7  955s
 709615 223654  115.00000   45   20  122.00000  100.00000  18.0%  27.7  960s
 712898 224467  100.00000   41   39  122.00000  100.00000  18.0%  27.7  965s
 716164 225417  105.00000   44   44  122.00000  100.00000  18.0%  27.8  970s
 719769 226441 infeasible   49       122.00000  100.00000  18.0%  27.8  975s
 723375 227343  115.00000   49   32  122.00000  100.00000  18.0%  27.8  980s
 726140 228021  100.00000   41   22  122.00000  100.00000  18.0%  27.8  985s
 728977 228659  114.00000   51   67  122.00000  100.00000  18.0%  27.8  990s
 732371 229424 infeasible   46       122.00000  100.00000  18.0%  27.8  995s
 735952 230324  102.00000   45   59  122.00000  100.00000  18.0%  27.9 1000s
 739734 231283  100.00000   44   43  122.00000  100.00000  18.0%  27.9 1005s
 742984 232133  103.00000   46   49  122.00000  100.00000  18.0%  27.9 1010s
 746541 233232 infeasible   48       122.00000  100.00000  18.0%  27.9 1015s
 750533 234521  118.00000   49   57  122.00000  100.00000  18.0%  27.9 1020s
 754214 235536 infeasible   48       122.00000  100.00000  18.0%  27.9 1025s
 757634 236429  100.00000   42   41  122.00000  100.00000  18.0%  27.9 1030s
 760862 237231  112.00000   46   29  122.00000  100.00000  18.0%  27.9 1035s
 763904 237964 infeasible   43       122.00000  100.00000  18.0%  27.9 1040s
 767534 238942  118.00000   53   40  122.00000  100.00000  18.0%  27.9 1045s
 771076 239941  100.00000   41   23  122.00000  100.00000  18.0%  27.9 1050s
 774404 240822  100.00000   36   27  122.00000  100.00000  18.0%  28.0 1055s
 778296 241957  100.00000   44   64  122.00000  100.00000  18.0%  28.0 1060s
 781640 242797  114.00000   44   44  122.00000  100.00000  18.0%  28.0 1065s
 784730 243510  118.00000   49   34  122.00000  100.00000  18.0%  28.0 1070s
 788685 244526  100.00000   46   26  122.00000  100.00000  18.0%  28.0 1075s
 792108 245403  118.00000   44   34  122.00000  100.00000  18.0%  28.0 1080s
 795375 246273  100.00000   38   44  122.00000  100.00000  18.0%  28.0 1085s
 799117 247398 infeasible   44       122.00000  100.00000  18.0%  28.0 1090s
 802679 248322  100.00000   44   51  122.00000  100.00000  18.0%  28.0 1095s
 806392 249373  100.00000   43   39  122.00000  100.00000  18.0%  28.0 1100s
 809182 250051  103.00000   38   35  122.00000  100.00000  18.0%  28.1 1105s
 811953 250785  100.00000   43   55  122.00000  100.00000  18.0%  28.1 1110s
 815706 251918  100.00000   44   38  122.00000  100.00000  18.0%  28.1 1115s
 819415 252693  118.00000   51   20  122.00000  100.00000  18.0%  28.1 1120s
 823242 253696  118.00000   67   64  122.00000  100.00000  18.0%  28.1 1125s
 826198 254357  100.00000   46   52  122.00000  100.00000  18.0%  28.1 1130s
 829711 255261  100.00000   39   41  122.00000  100.00000  18.0%  28.1 1135s
 833464 256304  104.00000   41   38  122.00000  100.00000  18.0%  28.1 1140s
 836799 257159  102.00000   38   44  122.00000  100.00000  18.0%  28.1 1145s
 839989 257910  107.00000   49   60  122.00000  100.00000  18.0%  28.1 1150s
 842554 258601 infeasible   52       122.00000  100.00000  18.0%  28.1 1155s
 845668 259408 infeasible   45       122.00000  100.00000  18.0%  28.1 1160s
 849223 260368  118.00000   36   54  122.00000  100.00000  18.0%  28.2 1165s
 852163 261111  100.00000   41   37  122.00000  100.00000  18.0%  28.2 1170s
 856147 262226  106.00000   38   41  122.00000  100.00000  18.0%  28.2 1175s
 859779 263217 infeasible   44       122.00000  100.00000  18.0%  28.2 1180s
 863552 264216 infeasible   44       122.00000  100.00000  18.0%  28.2 1185s
 867359 265304  115.00000   46   41  122.00000  100.00000  18.0%  28.2 1190s
 871037 266314  100.00000   39   30  122.00000  100.00000  18.0%  28.2 1195s
 874212 267294 infeasible   48       122.00000  100.00000  18.0%  28.2 1200s
 877808 268153 infeasible   50       122.00000  100.00000  18.0%  28.2 1205s
 880122 268589 infeasible   45       122.00000  100.00000  18.0%  28.2 1210s
 883563 269436  100.00000   44   34  122.00000  100.00000  18.0%  28.3 1215s
 887228 270279  108.00000   55   36  122.00000  100.00000  18.0%  28.3 1220s
 890415 270959  111.00000   51   35  122.00000  100.00000  18.0%  28.3 1225s
 894330 271954  103.00000   64   48  122.00000  100.00000  18.0%  28.3 1230s
 897927 272833  100.00000   36   42  122.00000  100.00000  18.0%  28.3 1235s
 901202 273652 infeasible   45       122.00000  100.00000  18.0%  28.3 1240s
 904882 274601  100.00000   40   53  122.00000  100.00000  18.0%  28.3 1245s
 908598 275573 infeasible   43       122.00000  100.00000  18.0%  28.3 1250s
 911901 276450  119.00000   48   29  122.00000  100.00000  18.0%  28.3 1255s
 915382 277278  115.00000   48   33  122.00000  100.00000  18.0%  28.3 1260s
 918324 278076  105.00000   54   53  122.00000  100.00000  18.0%  28.3 1265s
 920984 278663  100.00000   49   70  122.00000  100.00000  18.0%  28.3 1270s
 924465 279592 infeasible   53       122.00000  100.00000  18.0%  28.3 1275s
 928075 280497 infeasible   49       122.00000  100.00000  18.0%  28.3 1280s
 931980 281586  121.00000   56   23  122.00000  100.00000  18.0%  28.3 1285s
 935810 282651  114.00000   41   38  122.00000  100.00000  18.0%  28.3 1290s
 938428 283260 infeasible   45       122.00000  100.00000  18.0%  28.3 1295s
 941832 284056  100.00000   48   52  122.00000  100.00000  18.0%  28.4 1300s
 945406 284939  100.00000   49   30  122.00000  100.00000  18.0%  28.4 1305s
 949149 285951  100.00000   42   46  122.00000  100.00000  18.0%  28.4 1310s
 951737 286570  114.00000   46   52  122.00000  100.00000  18.0%  28.4 1315s
 955347 287548 infeasible   43       122.00000  100.00000  18.0%  28.4 1320s
 958972 288444  118.00000   52   33  122.00000  100.00000  18.0%  28.4 1325s
 962850 289644 infeasible   47       122.00000  100.00000  18.0%  28.4 1330s
 966692 290713  114.00000   45   75  122.00000  100.00000  18.0%  28.4 1335s
 969849 291490  100.00000   42   35  122.00000  100.00000  18.0%  28.4 1340s
 973324 292422 infeasible   59       122.00000  100.00000  18.0%  28.4 1345s
 976970 293358 infeasible   48       122.00000  100.00000  18.0%  28.4 1350s
 980880 294384  111.00000   46   39  122.00000  100.00000  18.0%  28.4 1355s
 984753 295293  104.00000   37   66  122.00000  100.00000  18.0%  28.4 1360s
 987636 296117 infeasible   61       122.00000  100.00000  18.0%  28.4 1365s
 991634 297263 infeasible   44       122.00000  100.00000  18.0%  28.4 1370s
 994738 298100  100.00000   51   39  122.00000  100.00000  18.0%  28.4 1375s
 998371 299076 infeasible   40       122.00000  100.00000  18.0%  28.4 1380s
 1002111 300100  108.00000   46   61  122.00000  100.00000  18.0%  28.4 1385s
 1005489 300969  107.00000   43   56  122.00000  100.00000  18.0%  28.4 1390s
 1008635 301804  106.00000   41   55  122.00000  100.00000  18.0%  28.4 1395s
 1012322 302871  100.00000   35   42  122.00000  100.00000  18.0%  28.4 1400s
 1016252 303939 infeasible   46       122.00000  100.00000  18.0%  28.4 1405s
 1019797 304693  118.00000   44   40  122.00000  100.00000  18.0%  28.4 1410s
 1023100 305489  100.00000   36   21  122.00000  100.00000  18.0%  28.5 1415s
 1025585 306056  107.00000   40   56  122.00000  100.00000  18.0%  28.5 1420s
 1028398 306764  106.00000   39   51  122.00000  100.00000  18.0%  28.5 1425s
 1031689 307726  100.00000   52   59  122.00000  100.00000  18.0%  28.5 1430s
 1035670 308954  102.00000   45   39  122.00000  100.00000  18.0%  28.5 1435s
 1039297 309863 infeasible   57       122.00000  100.00000  18.0%  28.5 1440s
 1042855 310767  111.00000   41   47  122.00000  100.00000  18.0%  28.5 1445s
 1045853 311430  100.00000   42   42  122.00000  100.00000  18.0%  28.5 1450s
 1049288 312326  121.00000   52   25  122.00000  100.00000  18.0%  28.5 1455s
 1052380 313148 infeasible   46       122.00000  100.00000  18.0%  28.5 1460s
 1055925 314006 infeasible   43       122.00000  100.00000  18.0%  28.5 1465s
 1059858 315076 infeasible   51       122.00000  100.00000  18.0%  28.5 1470s
 1063373 316066 infeasible   47       122.00000  100.00000  18.0%  28.5 1475s
 1067138 317108  103.00000   40   62  122.00000  100.00000  18.0%  28.5 1480s
 1069900 317817  108.00000   54   56  122.00000  100.00000  18.0%  28.5 1485s
 1073064 318555 infeasible   47       122.00000  100.00000  18.0%  28.5 1490s
 1076926 319571 infeasible   43       122.00000  100.00000  18.0%  28.5 1495s
 1080718 320627  100.00000   48   54  122.00000  100.00000  18.0%  28.5 1500s
 1084029 321387 infeasible   47       122.00000  100.00000  18.0%  28.6 1505s
 1087525 322247 infeasible   43       122.00000  100.00000  18.0%  28.6 1510s
 1089866 322707 infeasible   59       122.00000  100.00000  18.0%  28.6 1515s
 1093029 323597  102.00000   40   64  122.00000  100.00000  18.0%  28.6 1520s
 1096306 324394  111.00000   47   49  122.00000  100.00000  18.0%  28.6 1525s
 1099928 325332 infeasible   45       122.00000  100.00000  18.0%  28.6 1530s
 1103457 326197  107.00000   36   38  122.00000  100.00000  18.0%  28.6 1535s
 1107279 327271  118.00000   46   47  122.00000  100.00000  18.0%  28.6 1540s
 1110459 328237 infeasible   54       122.00000  100.00000  18.0%  28.6 1545s
 1113676 329100 infeasible   52       122.00000  100.00000  18.0%  28.6 1550s
 1116650 329706  103.00000   54   66  122.00000  100.00000  18.0%  28.6 1555s
 1120396 330587  103.00000   43   25  122.00000  100.00000  18.0%  28.6 1560s
 1124234 331448  102.00000   42   35  122.00000  100.00000  18.0%  28.6 1565s
 1128096 332489  103.00000   37   61  122.00000  100.00000  18.0%  28.6 1570s
 1130796 333133  103.00000   48   46  122.00000  100.00000  18.0%  28.6 1575s
 1134326 334032  100.00000   39   42  122.00000  100.00000  18.0%  28.6 1580s
 1138268 335068 infeasible   45       122.00000  100.00000  18.0%  28.6 1585s
 1141312 335813  100.00000   43   33  122.00000  100.00000  18.0%  28.6 1590s
 1144831 336621 infeasible   47       122.00000  100.00000  18.0%  28.6 1595s
 1147948 337392  118.00000   52   31  122.00000  100.00000  18.0%  28.7 1600s
 1151320 338334 infeasible   47       122.00000  100.00000  18.0%  28.7 1605s
 1155036 339320  100.00000   41   45  122.00000  100.00000  18.0%  28.7 1610s
 1158630 340274  119.00000   46   23  122.00000  100.00000  18.0%  28.7 1615s
 1161101 340835 infeasible   53       122.00000  100.00000  18.0%  28.7 1620s
 1165017 341944  100.00000   53   44  122.00000  100.00000  18.0%  28.7 1625s
 1168474 342812  103.00000   53   54  122.00000  100.00000  18.0%  28.7 1630s
 1171939 343670 infeasible   39       122.00000  100.00000  18.0%  28.7 1635s
 1175589 344480  118.00000   50   33  122.00000  100.00000  18.0%  28.7 1640s
 1179347 345416 infeasible   42       122.00000  100.00000  18.0%  28.7 1645s
 1182627 346136  105.13043   55   39  122.00000  100.00000  18.0%  28.7 1650s
 1186368 347196  100.00000   49   53  122.00000  100.00000  18.0%  28.7 1655s
 1189164 347893  119.00000   45   34  122.00000  100.00000  18.0%  28.7 1660s
 1192451 348698 infeasible   49       122.00000  100.00000  18.0%  28.7 1665s
 1195952 349556  103.00000   49   51  122.00000  100.00000  18.0%  28.7 1670s
 1199213 350431  103.00000   44   71  122.00000  100.00000  18.0%  28.7 1675s
 1202327 351124 infeasible   47       122.00000  100.00000  18.0%  28.7 1680s
 1206176 352129  106.00000   40   55  122.00000  100.00000  18.0%  28.7 1685s
 1209860 353076  100.00000   43   48  122.00000  100.00000  18.0%  28.7 1690s
 1213143 353971  105.00000   50   31  122.00000  100.00000  18.0%  28.7 1695s
 1215949 354637 infeasible   52       122.00000  100.00000  18.0%  28.7 1700s
 1219311 355444  114.00000   42   37  122.00000  100.00000  18.0%  28.7 1705s
 1223016 356339  115.00000   42   37  122.00000  100.00000  18.0%  28.7 1710s
 1226861 357264 infeasible   44       122.00000  100.00000  18.0%  28.7 1715s
 1230462 358128  103.00000   48   66  122.00000  100.00000  18.0%  28.7 1720s
 1234202 358962 infeasible   46       122.00000  100.00000  18.0%  28.7 1725s
 1237797 359949 infeasible   51       122.00000  100.00000  18.0%  28.7 1730s
 1241167 360822  112.00000   52   66  122.00000  100.00000  18.0%  28.7 1735s
 1244291 361528 infeasible   47       122.00000  100.00000  18.0%  28.7 1740s
 1247308 362240 infeasible   48       122.00000  100.00000  18.0%  28.7 1745s
 1250722 362965  114.00000   49   36  122.00000  100.00000  18.0%  28.8 1750s
 1254095 363796 infeasible   52       122.00000  100.00000  18.0%  28.8 1755s
 1256706 364378  105.00000   52   32  122.00000  100.00000  18.0%  28.8 1760s
 1260112 365104  100.00000   44   35  122.00000  100.00000  18.0%  28.8 1765s
 1263933 365996 infeasible   47       122.00000  100.00000  18.0%  28.8 1770s
 1267584 366939  115.00000   47   56  122.00000  100.00000  18.0%  28.8 1775s
 1270557 367709  100.00000   46   35  122.00000  100.00000  18.0%  28.8 1780s
 1274419 368739  103.00000   49   65  122.00000  100.00000  18.0%  28.8 1785s
 1278159 369690  103.00000   46   54  122.00000  100.00000  18.0%  28.8 1790s
 1281567 370514  100.00000   37   43  122.00000  100.00000  18.0%  28.8 1795s

Cutting planes:
  Learned: 2
  Gomory: 10
  Cover: 111
  Implied bound: 124
  Clique: 3
  MIR: 213
  Mixing: 5
  StrongCG: 9
  Flow cover: 745
  Inf proof: 328
  Zero half: 1
  RLT: 11
  Relax-and-lift: 13
  PSD: 1

Explored 1284103 nodes (36967031 simplex iterations) in 1800.00 seconds (1739.59 work units)
Thread count was 1 (of 96 available processors)

Solution count 10: 122 122 123 ... 126

Time limit reached
Best objective 1.219999999877e+02, best bound 1.000000000000e+02, gap 18.0328%
WARNING: Loading a SolverResults object with an 'aborted' status, but
    containing a solution

Instance 19_1, formulation reagg_tres, reform MIP:
  Rect 0: x = 85.00, y = 12.00
  Rect 1: x = 106.00, y = 12.00
  Rect 2: x = 75.00, y = 10.00
  Rect 3: x = 58.00, y = 9.00
  Rect 4: x = 97.00, y = 11.00
  Rect 5: x = 82.00, y = 6.00
  Rect 6: x = 88.00, y = 7.00
  Rect 7: x = 42.00, y = 12.00
  Rect 8: x = 0.00, y = 11.00
  Rect 9: x = 62.00, y = 8.00
  Rect 10: x = 79.00, y = 10.00
  Rect 11: x = 51.00, y = 12.00
  Rect 12: x = 67.00, y = 10.00
  Rect 13: x = 69.00, y = 12.00
  Rect 14: x = 97.00, y = 12.00
  Rect 15: x = 14.00, y = 12.00
  Rect 16: x = 35.00, y = 11.00
  Rect 17: x = 43.00, y = 7.00
  Rect 18: x = 26.00, y = 12.00
  → saved figures to strip_figures/19_1_reagg_tres_MIP.png and strip_figures/19_1_reagg_tres_MIP.pdf
Set parameter TokenServer to value "mooring.ecn.purdue.edu"
Read LP format model from file /tmp/tmpqf60lu3d.pyomo.lp
Reading time = 0.00 seconds
x724: 2243 rows, 724 columns, 5511 nonzeros
Set parameter TimeLimit to value 1800
Set parameter Threads to value 1
Gurobi Optimizer version 11.0.0 build v11.0.0rc2 (linux64 - "Oracle Linux Server 9.6")

CPU model: AMD EPYC 7643 48-Core Processor, instruction set [SSE2|AVX|AVX2]
Thread count: 48 physical cores, 96 logical processors, using up to 1 threads

Optimize a model with 2243 rows, 724 columns and 5511 nonzeros
Model fingerprint: 0xdbef1fb1
Variable types: 40 continuous, 684 integer (684 binary)
Coefficient statistics:
  Matrix range     [1e+00, 2e+02]
  Objective range  [1e+00, 1e+00]
  Bounds range     [1e+00, 2e+02]
  RHS range        [1e+00, 2e+02]
Presolve removed 1678 rows and 311 columns
Presolve time: 0.00s
Presolved: 565 rows, 413 columns, 1744 nonzeros
Variable types: 38 continuous, 375 integer (375 binary)
Found heuristic solution: objective 171.0000000
Found heuristic solution: objective 132.0000000

Root relaxation: objective 2.900000e+01, 216 iterations, 0.00 seconds (0.00 work units)

    Nodes    |    Current Node    |     Objective Bounds      |     Work
 Expl Unexpl |  Obj  Depth IntInf | Incumbent    BestBd   Gap | It/Node Time

     0     0   29.00000    0   55  132.00000   29.00000  78.0%     -    0s
H    0     0                     108.0000000   29.00000  73.1%     -    0s
H    0     0                     107.0000000   29.00000  72.9%     -    0s
     0     0   44.45070    0   94  107.00000   44.45070  58.5%     -    0s
     0     0   47.40845    0   94  107.00000   47.40845  55.7%     -    0s
     0     0   47.40845    0   68  107.00000   47.40845  55.7%     -    0s
H    0     0                     105.0000000   47.40845  54.8%     -    0s
     0     0   47.40845    0   76  105.00000   47.40845  54.8%     -    0s
     0     0   47.40845    0  120  105.00000   47.40845  54.8%     -    0s
H    0     0                     104.0000000   47.40845  54.4%     -    0s
     0     0   47.40845    0  122  104.00000   47.40845  54.4%     -    0s
     0     0   47.40845    0  131  104.00000   47.40845  54.4%     -    0s
     0     0   47.40845    0  133  104.00000   47.40845  54.4%     -    0s
     0     0   47.40845    0  130  104.00000   47.40845  54.4%     -    0s
     0     0   47.40845    0  101  104.00000   47.40845  54.4%     -    0s
     0     0   47.40845    0  112  104.00000   47.40845  54.4%     -    0s
     0     0   47.40845    0  116  104.00000   47.40845  54.4%     -    0s
     0     0   47.40845    0  109  104.00000   47.40845  54.4%     -    0s
     0     0   47.40845    0  111  104.00000   47.40845  54.4%     -    0s
     0     0   47.40845    0  114  104.00000   47.40845  54.4%     -    0s
     0     0   47.40845    0  144  104.00000   47.40845  54.4%     -    0s
     0     0   47.40845    0  127  104.00000   47.40845  54.4%     -    0s
     0     0   47.40845    0  123  104.00000   47.40845  54.4%     -    0s
     0     0   47.40845    0   49  104.00000   47.40845  54.4%     -    0s
     0     2   47.40845    0   39  104.00000   47.40845  54.4%     -    0s
H  163   153                     103.0000000   47.40845  54.0%   9.7    0s
H  788   586                     102.0000000   53.10066  47.9%  16.3    0s
*  925   620              76     100.0000000   53.10066  46.9%  15.2    0s
* 1070   640              81      99.0000000   57.53407  41.9%  14.3    0s
* 1752   917              62      98.0000000   59.19273  39.6%  13.5    1s
* 2037  1052              77      97.0000000   61.09091  37.0%  13.3    1s
H 2075  1067                      97.0000000   61.09091  37.0%  13.4    1s
* 2552  1372              76      96.0000000   63.22554  34.1%  13.4    1s
  7304  3836   84.00000   32   53   96.00000   68.00000  29.2%  15.0    5s
H 8854  4616                      96.0000000   68.00000  29.2%  15.6    6s
 11927  5847   71.00000   39   58   96.00000   68.00775  29.2%  17.4   10s
 15314  6719   77.00000   38   70   96.00000   68.66102  28.5%  18.3   15s
*17482  6803              61      95.0000000   69.04819  27.3%  18.9   17s
 19757  7099   86.00000   53   49   95.00000   69.33316  27.0%  20.0   20s
 24267  7621   92.00000   55   98   95.00000   70.00000  26.3%  21.4   25s
*24531  7510              64      94.9999976   70.00000  26.3%  21.5   25s
*25222  7412              69      94.0000000   70.00000  25.5%  21.6   26s
 28477  8884   70.05263   31   95   94.00000   70.00000  25.5%  22.4   30s
 32307 10628 infeasible   47        94.00000   70.01795  25.5%  23.3   35s
 36803 12642   71.00000   36   86   94.00000   70.03571  25.5%  23.7   40s
 41079 14530 infeasible   49        94.00000   70.06250  25.5%  24.1   45s
 45426 16416   70.08333   37   72   94.00000   70.07143  25.5%  24.5   50s
 49584 18195   93.00000   55   53   94.00000   70.25000  25.3%  24.9   55s
 53332 19609   72.00000   47   79   94.00000   70.89655  24.6%  25.3   60s
 56765 20768   71.00000   40   56   94.00000   71.00000  24.5%  25.7   65s
 60348 21940   73.00000   47   67   94.00000   71.00000  24.5%  26.1   70s
 64397 23130 infeasible   58        94.00000   71.00000  24.5%  26.4   75s
 68464 24289 infeasible   50        94.00000   71.00000  24.5%  26.8   80s
 72503 25472 infeasible   57        94.00000   71.00000  24.5%  27.2   85s
 76323 26681 infeasible   59        94.00000   71.00000  24.5%  27.6   90s
 80029 27900   92.00000   62   76   94.00000   71.00000  24.5%  27.8   95s
 83551 28906   71.00000   48  115   94.00000   71.00000  24.5%  28.0  100s
 87467 30194 infeasible   50        94.00000   71.00000  24.5%  28.3  105s
 91370 31281   71.00000   46  120   94.00000   71.00000  24.5%  28.5  110s
 95155 32493   88.00000   44   49   94.00000   71.00000  24.5%  28.8  115s
 98761 33471   92.04167   52   85   94.00000   71.00000  24.5%  29.0  120s
 102718 34809   79.00000   50   72   94.00000   71.00000  24.5%  29.2  125s
 106520 36044   87.00000   48   77   94.00000   71.00000  24.5%  29.4  130s
 110372 37368   71.00000   47  112   94.00000   71.00000  24.5%  29.5  135s
 114116 38626   71.00000   33   49   94.00000   71.00000  24.5%  29.7  140s
 117481 39797   71.00000   41  100   94.00000   71.00000  24.5%  29.8  145s
 120780 40881   76.00000   60   88   94.00000   71.00000  24.5%  30.0  150s
 123481 41726   93.00000   48   91   94.00000   71.00000  24.5%  30.1  155s
 126581 42736   93.00000   60   30   94.00000   71.00000  24.5%  30.2  160s
 129540 43686   71.00000   42   56   94.00000   71.00000  24.5%  30.3  165s
 133189 45091 infeasible   50        94.00000   71.00000  24.5%  30.3  170s
 136151 46133   72.07317   46  117   94.00000   71.00000  24.5%  30.4  175s
 139237 47212   84.00000   41   64   94.00000   71.00000  24.5%  30.5  180s
H140878 47838                      94.0000000   71.00000  24.5%  30.6  183s
 141558 48096 infeasible   54        94.00000   71.00000  24.5%  30.6  185s
 144259 48900 infeasible   48        94.00000   71.00000  24.5%  30.7  190s
 147556 50056   71.00000   46   97   94.00000   71.00000  24.5%  30.8  195s
 150897 51268 infeasible   56        94.00000   71.00000  24.5%  30.7  200s
 154193 52266 infeasible   49        94.00000   71.00000  24.5%  30.8  205s
 157867 53523 infeasible   48        94.00000   71.00000  24.5%  30.8  210s
 161324 54719   83.00000   37   68   94.00000   71.00000  24.5%  30.8  215s
 165019 56033   86.04878   47   98   94.00000   71.00000  24.5%  30.8  220s
 168356 57065   71.00000   47   98   94.00000   71.00000  24.5%  30.8  225s
 171793 58200 infeasible   61        94.00000   71.00000  24.5%  30.8  230s
 174920 59253   79.00000   48   68   94.00000   71.00000  24.5%  30.8  235s
 177710 60155   89.00000   60   62   94.00000   71.00000  24.5%  30.9  240s
 181060 61242 infeasible   57        94.00000   71.00000  24.5%  31.0  245s
 184002 62336   78.00000   44   96   94.00000   71.00000  24.5%  31.0  250s
 187010 63335   71.36992   50  128   94.00000   71.00000  24.5%  31.0  255s
 190335 64506   71.00000   47   97   94.00000   71.00000  24.5%  31.0  260s
 193322 65436 infeasible   50        94.00000   71.00000  24.5%  31.1  265s
 196610 66551   89.00000   43   69   94.00000   71.00000  24.5%  31.1  270s
 199567 67541 infeasible   46        94.00000   71.00000  24.5%  31.2  275s
 202719 68574   86.00000   49   67   94.00000   71.00000  24.5%  31.2  280s
 205947 69613   72.00000   45   60   94.00000   71.00000  24.5%  31.3  285s
 209147 70671   84.00000   44   73   94.00000   71.00000  24.5%  31.3  290s
 212184 71723 infeasible   59        94.00000   71.00000  24.5%  31.3  295s
 215635 72875 infeasible   64        94.00000   71.00000  24.5%  31.3  300s
 219260 74123   73.00000   47  111   94.00000   71.00000  24.5%  31.3  305s
 222799 75318   72.00000   53  111   94.00000   71.00000  24.5%  31.3  310s
 226604 76676   76.00000   45  110   94.00000   71.00000  24.5%  31.3  315s
 229418 77593   87.00000   60   46   94.00000   71.00000  24.5%  31.3  320s
 232798 78582   89.00000   47   88   94.00000   71.00000  24.5%  31.4  325s
 235908 79560 infeasible   60        94.00000   71.00000  24.5%  31.4  330s
 238859 80426   71.00000   43  120   94.00000   71.00000  24.5%  31.5  335s
 242014 81476   82.00000   46  107   94.00000   71.00000  24.5%  31.5  340s
 245146 82378 infeasible   59        94.00000   71.00000  24.5%  31.5  345s
 247978 83234   79.00000   65  108   94.00000   71.00000  24.5%  31.6  350s
 251123 84273   88.00000   55   60   94.00000   71.00000  24.5%  31.6  355s
 253686 85050   92.00000   54   61   94.00000   71.00000  24.5%  31.7  360s
 257020 86231   86.00000   49  114   94.00000   71.00000  24.5%  31.7  365s
 260143 87261   91.00000   62   50   94.00000   71.00000  24.5%  31.7  370s
 262985 87944   71.00000   46   97   94.00000   71.00000  24.5%  31.8  375s
 265782 88653     cutoff   51        94.00000   71.00000  24.5%  31.9  380s
 268821 89625   85.00000   51   73   94.00000   71.00000  24.5%  31.9  385s
 271184 90141   72.00000   42   86   94.00000   71.00000  24.5%  32.0  390s
 274281 90994   73.00000   52  121   94.00000   71.00000  24.5%  32.0  395s
 277545 92178 infeasible   57        94.00000   71.00000  24.5%  32.1  400s
 280530 93068   72.00000   48   79   94.00000   71.00000  24.5%  32.1  405s
 284331 94156 infeasible   57        94.00000   71.00000  24.5%  32.0  410s
 288018 95255   86.00000   57   92   94.00000   71.00000  24.5%  32.0  415s
 291393 96293 infeasible   55        94.00000   71.00000  24.5%  32.0  420s
 294627 97284   92.00000   44   61   94.00000   71.00000  24.5%  32.1  425s
 297078 97824 infeasible   62        94.00000   71.00000  24.5%  32.2  430s
 299466 98365   71.00000   46  118   94.00000   71.00000  24.5%  32.2  435s
 302329 99281   77.00000   58   80   94.00000   71.00000  24.5%  32.3  440s
 305141 100057   82.00000   56  107   94.00000   71.00000  24.5%  32.3  445s
 308077 100809   83.00000   55   60   94.00000   71.00000  24.5%  32.3  450s
 311262 101761   87.00000   48  103   94.00000   71.00000  24.5%  32.4  455s
 314240 102717   77.00000   42   81   94.00000   71.00000  24.5%  32.4  460s
 317081 103488   71.00000   43  108   94.00000   71.00000  24.5%  32.4  465s
 320330 104450 infeasible   47        94.00000   71.00000  24.5%  32.5  470s
 322953 104992   73.00000   40   94   94.00000   71.00000  24.5%  32.5  476s
 324838 105488 infeasible   52        94.00000   71.00000  24.5%  32.5  480s
 327462 106106   86.00000   68   57   94.00000   71.00000  24.5%  32.6  485s
 330313 106884 infeasible   69        94.00000   71.00000  24.5%  32.6  490s
 333297 107712   93.00000   56   45   94.00000   71.00000  24.5%  32.7  495s
 336044 108451   86.00000   47   75   94.00000   71.00000  24.5%  32.7  500s
 338969 109170   82.00000   48  109   94.00000   71.00000  24.5%  32.7  505s
 342025 109941   90.00000   58   80   94.00000   71.00000  24.5%  32.7  510s
 345126 110798   90.00000   56   44   94.00000   71.00000  24.5%  32.7  515s
 348043 111477   71.12766   43   99   94.00000   71.00000  24.5%  32.8  520s
 350993 112265 infeasible   55        94.00000   71.00000  24.5%  32.8  525s
 353764 113072   85.00000   59  104   94.00000   71.00000  24.5%  32.9  530s
 356503 113798 infeasible   54        94.00000   71.00000  24.5%  32.9  535s
 359483 114667   85.00000   53   75   94.00000   71.00000  24.5%  32.9  540s
 362854 115822   73.00000   54  101   94.00000   71.00000  24.5%  32.9  545s
 366451 117067   74.00000   49   79   94.00000   71.00000  24.5%  32.9  550s
 369718 118046   80.00000   53  104   94.00000   71.00000  24.5%  32.9  555s
 372778 118847   90.00000   66   64   94.00000   71.00000  24.5%  32.9  560s
 375991 119999   81.00000   59  103   94.00000   71.00000  24.5%  32.9  565s
 378875 120956   91.00000   63   37   94.00000   71.00000  24.5%  33.0  570s
 381248 121546 infeasible   71        94.00000   71.00000  24.5%  33.0  575s
 383988 122290     cutoff   57        94.00000   71.00000  24.5%  33.0  580s
 386904 122958 infeasible   57        94.00000   71.00000  24.5%  33.0  585s
 390025 123837   83.00000   52   75   94.00000   71.00000  24.5%  33.1  590s
 392915 124685   72.00000   42   94   94.00000   71.00000  24.5%  33.1  595s
 396013 125588   92.00000   55   73   94.00000   71.00000  24.5%  33.1  600s
 398749 126337   88.00000   48   59   94.00000   71.00000  24.5%  33.2  605s
 401530 127123   84.00000   52  102   94.00000   71.00000  24.5%  33.2  610s
 403891 127868     cutoff   55        94.00000   71.00000  24.5%  33.3  615s
 406887 128664 infeasible   48        94.00000   71.00000  24.5%  33.3  620s
 409688 129353   72.00000   50  112   94.00000   71.00000  24.5%  33.3  625s
 412050 129750     cutoff   51        94.00000   71.00000  24.5%  33.4  630s
 414748 130259   85.00000   53  111   94.00000   71.00000  24.5%  33.4  635s
 417694 131164   91.00000   44   83   94.00000   71.00000  24.5%  33.4  640s
 420907 132257   92.00000   62   74   94.00000   71.00000  24.5%  33.4  645s
 423995 133264 infeasible   55        94.00000   71.00000  24.5%  33.4  650s
 427084 134206   89.00000   52   60   94.00000   71.00000  24.5%  33.5  655s
 429668 134786 infeasible   49        94.00000   71.00000  24.5%  33.5  660s
 432285 135588   76.00000   48   64   94.00000   71.00000  24.5%  33.5  665s
 435200 136451 infeasible   56        94.00000   71.00000  24.5%  33.5  670s
 437834 137194   88.00000   49   77   94.00000   71.00000  24.5%  33.5  675s
 440826 137949   76.00000   44   86   94.00000   71.00000  24.5%  33.6  680s
 443675 138778   85.00000   46   84   94.00000   71.00000  24.5%  33.6  685s
 445909 139274 infeasible   59        94.00000   71.00000  24.5%  33.6  690s
 448641 139886   78.00000   47   74   94.00000   71.00000  24.5%  33.6  695s
 451533 140712   71.00000   46  103   94.00000   71.00000  24.5%  33.6  700s
 454479 141535   83.00000   54   86   94.00000   71.00000  24.5%  33.7  705s
 457232 142293   92.00000   62   55   94.00000   71.00000  24.5%  33.7  710s
 460172 143141   83.00000   51   57   94.00000   71.00000  24.5%  33.7  715s
 463168 143677 infeasible   57        94.00000   71.00000  24.5%  33.7  720s
 465709 144172 infeasible   50        94.00000   71.00000  24.5%  33.7  725s
 468145 144645   76.00000   56   89   94.00000   71.00000  24.5%  33.8  730s
 470490 145218   90.00000   59   80   94.00000   71.00000  24.5%  33.8  735s
 473411 145929   73.00000   49   88   94.00000   71.00000  24.5%  33.8  740s
 476169 146656   91.44444   56   47   94.00000   71.00000  24.5%  33.9  745s
 479353 147663 infeasible   57        94.00000   71.00000  24.5%  33.9  750s
 482402 148567 infeasible   44        94.00000   71.00000  24.5%  33.9  755s
 485637 149521   74.00000   49   82   94.00000   71.00000  24.5%  33.9  760s
 488842 150399   78.00000   51   99   94.00000   71.00000  24.5%  33.9  765s
 492153 151322   71.00000   50   98   94.00000   71.00000  24.5%  33.9  770s
 494704 152069   90.00000   61   65   94.00000   71.00000  24.5%  33.8  775s
 497820 152898   77.00000   46   94   94.00000   71.00000  24.5%  33.8  780s
 500728 153626 infeasible   60        94.00000   71.00000  24.5%  33.9  785s
 503669 154457   80.00000   49   59   94.00000   71.00000  24.5%  33.9  790s
 506744 155425 infeasible   52        94.00000   71.00000  24.5%  33.9  795s
 509794 156347 infeasible   56        94.00000   71.00000  24.5%  33.9  800s
 511859 156938   81.00000   42   73   94.00000   71.00000  24.5%  33.9  805s
 514383 157739   92.00000   63   96   94.00000   71.00000  24.5%  33.9  810s
 517350 158486   90.00000   46   85   94.00000   71.00000  24.5%  33.9  815s
 520102 159174   88.00000   53   53   94.00000   71.00000  24.5%  34.0  820s
 522809 160112   71.10843   51  125   94.00000   71.00000  24.5%  34.0  825s
 525558 161016 infeasible   61        94.00000   71.00000  24.5%  34.0  830s
 528272 161720 infeasible   63        94.00000   71.00000  24.5%  34.0  835s
 531364 162642   91.00000   54   71   94.00000   71.00000  24.5%  34.0  840s
 534379 163520   90.00000   64   43   94.00000   71.00000  24.5%  34.0  845s
 536952 164214   84.00000   53   52   94.00000   71.00000  24.5%  34.1  850s
 539879 165013   91.00000   50   49   94.00000   71.00000  24.5%  34.1  855s
 543169 165812   71.00000   54   66   94.00000   71.00000  24.5%  34.0  860s
 546321 166537   76.90909   65   98   94.00000   71.00000  24.5%  34.0  865s
 549598 167469   74.00000   56   68   94.00000   71.00000  24.5%  34.0  870s
 552438 168147 infeasible   68        94.00000   71.00000  24.5%  34.0  875s
 554937 168763 infeasible   55        94.00000   71.00000  24.5%  34.0  880s
 557658 169326   86.00000   57   95   94.00000   71.00000  24.5%  34.0  885s
 560572 169877   71.00000   54  121   94.00000   71.00000  24.5%  34.1  890s
 563132 170446   81.00000   51   72   94.00000   71.00000  24.5%  34.1  895s
 566264 171344   86.00000   52   94   94.00000   71.00000  24.5%  34.0  900s
 569379 172289   79.00000   56  106   94.00000   71.00000  24.5%  34.0  905s
 572468 173063 infeasible   57        94.00000   71.00000  24.5%  34.0  910s
 575232 173631   82.00000   62  105   94.00000   71.00000  24.5%  34.0  915s
 578213 174370   79.00000   46   72   94.00000   71.00000  24.5%  34.0  920s
 581726 175429   89.00000   46   88   94.00000   71.00000  24.5%  34.0  925s
 585462 176438   92.00000   57   78   94.00000   71.00000  24.5%  34.0  930s
 589146 177479   93.00000   50   21   94.00000   71.00000  24.5%  34.0  935s
 592389 178195     cutoff   49        94.00000   71.00000  24.5%  34.0  940s
 595465 179060   87.00000   49   89   94.00000   71.00000  24.5%  34.0  945s
 599116 180040   71.00000   45   66   94.00000   71.00000  24.5%  34.0  950s
 602379 180657 infeasible   52        94.00000   71.00000  24.5%  34.0  955s
 605604 181232 infeasible   73        94.00000   71.00000  24.5%  34.0  960s
 609373 182140   84.00000   60   38   94.00000   71.00000  24.5%  34.0  965s
 611933 182643   86.00000   65   73   94.00000   71.00000  24.5%  34.0  970s
 615247 183385   75.00000   45   72   94.00000   71.00000  24.5%  34.0  975s
 618525 184272   88.00000   50   48   94.00000   71.00000  24.5%  34.1  980s
 621777 185076   71.00000   42  101   94.00000   71.00000  24.5%  34.1  985s
 625091 185881   71.40000   41  103   94.00000   71.00000  24.5%  34.1  990s
 628797 186895 infeasible   57        94.00000   71.00000  24.5%  34.1  995s
 632252 187553 infeasible   55        94.00000   71.00000  24.5%  34.1 1000s
 635144 188040   85.00000   52   77   94.00000   71.00000  24.5%  34.1 1005s
 638250 188590   74.00000   49   97   94.00000   71.00000  24.5%  34.1 1010s
 641601 189314   83.00000   45   82   94.00000   71.00000  24.5%  34.1 1015s
 644389 190006   84.43294   48   44   94.00000   71.00000  24.5%  34.1 1020s
 647575 190602   76.00000   46   85   94.00000   71.00000  24.5%  34.1 1025s
 650722 191449   71.00000   44   96   94.00000   71.00000  24.5%  34.1 1030s
 654262 192444   91.00000   55   53   94.00000   71.00000  24.5%  34.1 1035s
 658026 193411   84.00000   60   26   94.00000   71.00000  24.5%  34.1 1040s
 661720 194442 infeasible   62        94.00000   71.00000  24.5%  34.1 1045s
 664990 195274   74.00000   50  116   94.00000   71.00000  24.5%  34.1 1050s
 668492 196273   72.60084   47  111   94.00000   71.00000  24.5%  34.1 1055s
 672045 197198   87.00000   50   92   94.00000   71.00000  24.5%  34.1 1060s
 675607 198049   81.00000   55   59   94.00000   71.00000  24.5%  34.1 1065s
 679249 199057   93.00000   54   49   94.00000   71.00000  24.5%  34.1 1070s
 682467 199728 infeasible   54        94.00000   71.00000  24.5%  34.1 1075s
 685680 200550   71.00000   53   95   94.00000   71.00000  24.5%  34.1 1080s
 688280 201080   92.00000   53   53   94.00000   71.00000  24.5%  34.1 1085s
 691794 202045   76.00000   45  105   94.00000   71.00000  24.5%  34.1 1090s
 694942 202777   77.00000   43  102   94.00000   71.00000  24.5%  34.2 1095s
 698194 203675   88.00000   50   96   94.00000   71.00000  24.5%  34.2 1100s
 701506 204654   90.00000   61   67   94.00000   71.00000  24.5%  34.2 1105s
 704978 205687   92.00000   59   73   94.00000   71.00000  24.5%  34.2 1110s
 708397 206781   71.00000   44  114   94.00000   71.00000  24.5%  34.2 1115s
 711026 207650   71.00000   45   96   94.00000   71.00000  24.5%  34.2 1120s
 714412 208597   77.00000   61   92   94.00000   71.00000  24.5%  34.2 1125s
 717712 209607   71.00000   42   91   94.00000   71.00000  24.5%  34.2 1130s
 721155 210570 infeasible   62        94.00000   71.00000  24.5%  34.2 1135s
 724475 211437 infeasible   48        94.00000   71.00000  24.5%  34.3 1140s
 727847 212339   87.00000   51   51   94.00000   71.00000  24.5%  34.3 1145s
 731103 213076 infeasible   50        94.00000   71.00000  24.5%  34.3 1150s
 734521 214113 infeasible   56        94.00000   71.00000  24.5%  34.3 1155s
 737463 215032 infeasible   56        94.00000   71.00000  24.5%  34.3 1160s
 740517 215772 infeasible   65        94.00000   71.00000  24.5%  34.3 1165s
 743393 216474     cutoff   66        94.00000   71.00000  24.5%  34.4 1170s
 746239 216952   71.00000   59   91   94.00000   71.00000  24.5%  34.4 1175s
 749747 217918   71.00000   53  108   94.00000   71.00000  24.5%  34.4 1180s
 752053 218458 infeasible   55        94.00000   71.00000  24.5%  34.4 1185s
 755421 219341   75.00000   45   96   94.00000   71.00000  24.5%  34.4 1190s
 758993 220314   91.00000   64   45   94.00000   71.00000  24.5%  34.4 1195s
 762474 221155 infeasible   50        94.00000   71.00000  24.5%  34.4 1200s
 765867 222108 infeasible   70        94.00000   71.00000  24.5%  34.4 1205s
 768941 222816 infeasible   52        94.00000   71.00000  24.5%  34.4 1210s
 772090 223849   92.00000   55   80   94.00000   71.00000  24.5%  34.4 1215s
 775704 224980   91.00000   52   65   94.00000   71.00000  24.5%  34.4 1220s
 779477 225990   71.00000   36   95   94.00000   71.00000  24.5%  34.4 1225s
 783181 226937   83.00000   52   79   94.00000   71.00000  24.5%  34.4 1230s
 786976 227979 infeasible   51        94.00000   71.00000  24.5%  34.4 1235s
 790462 228862   87.00000   52   40   94.00000   71.00000  24.5%  34.4 1240s
 793626 229585 infeasible   61        94.00000   71.00000  24.5%  34.4 1245s
 796907 230560   88.00000   57   61   94.00000   71.00000  24.5%  34.4 1250s
 799526 231250 infeasible   49        94.00000   71.00000  24.5%  34.4 1255s
 802706 232058   89.00000   49  104   94.00000   71.00000  24.5%  34.5 1260s
 806093 232946   78.00000   56  117   94.00000   71.00000  24.5%  34.5 1265s
 809306 233820   88.00000   48   64   94.00000   71.00000  24.5%  34.5 1270s
 812692 234648   85.00000   57   53   94.00000   71.00000  24.5%  34.5 1275s
 815922 235284   75.55951   64  102   94.00000   71.00000  24.5%  34.5 1280s
 819139 236152 infeasible   55        94.00000   71.00000  24.5%  34.5 1285s
 822357 236890   78.00000   53   66   94.00000   71.00000  24.5%  34.5 1290s
 825693 237780 infeasible   43        94.00000   71.00000  24.5%  34.5 1295s
 829015 238577   79.00000   59  106   94.00000   71.00000  24.5%  34.5 1300s
 832006 239343   85.00000   54   72   94.00000   71.00000  24.5%  34.5 1305s
 834651 240103 infeasible   52        94.00000   71.00000  24.5%  34.5 1310s
 838403 241324   77.28723   45   76   94.00000   71.00000  24.5%  34.5 1315s
 841659 242092 infeasible   58        94.00000   71.00000  24.5%  34.5 1320s
 845046 243036   90.09375   65   49   94.00000   71.00000  24.5%  34.5 1325s
 848351 244064   92.00000   49   99   94.00000   71.00000  24.5%  34.5 1330s
 852043 245192   84.00000   56   70   94.00000   71.00000  24.5%  34.5 1335s
 855406 246145   93.00000   52   63   94.00000   71.00000  24.5%  34.5 1340s
 858660 247254   71.00000   38   99   94.00000   71.00000  24.5%  34.5 1345s
 862184 248185   86.00000   49   74   94.00000   71.00000  24.5%  34.5 1350s
 865058 248812   89.00000   50   61   94.00000   71.00000  24.5%  34.5 1355s
 868701 249760   87.00000   44  101   94.00000   71.00000  24.5%  34.5 1360s
 872386 250788   82.00000   53   94   94.00000   71.00000  24.5%  34.5 1365s
 875719 251490 infeasible   57        94.00000   71.00000  24.5%  34.5 1370s
 878684 252199   90.00000   60   86   94.00000   71.00000  24.5%  34.5 1375s
 881947 252956   86.00000   62  112   94.00000   71.00000  24.5%  34.5 1380s
 885734 254118   71.00000   44   78   94.00000   71.00000  24.5%  34.5 1385s
 889595 255274   71.00000   39   78   94.00000   71.00000  24.5%  34.5 1390s
 892615 256001 infeasible   55        94.00000   71.00000  24.5%  34.5 1395s
 895736 256667   91.00000   58   80   94.00000   71.00000  24.5%  34.5 1400s
 899029 257423 infeasible   57        94.00000   71.00000  24.5%  34.6 1405s
 902390 258187   73.00000   66  111   94.00000   71.00000  24.5%  34.6 1410s
 905491 258858   71.00000   56   77   94.00000   71.00000  24.5%  34.6 1415s
 908422 259501   84.00000   57  104   94.00000   71.00000  24.5%  34.6 1420s
 911814 260560   86.00000   53   79   94.00000   71.00000  24.5%  34.6 1425s
 914656 261257 infeasible   58        94.00000   71.00000  24.5%  34.6 1430s
 918179 262194 infeasible   44        94.00000   71.00000  24.5%  34.6 1435s
 920721 262919   73.00000   40   96   94.00000   71.00000  24.5%  34.6 1440s
 924066 264001 infeasible   51        94.00000   71.00000  24.5%  34.6 1445s
 927647 264974 infeasible   58        94.00000   71.00000  24.5%  34.6 1450s
 930660 265785 infeasible   52        94.00000   71.00000  24.5%  34.6 1455s
 933924 266608   85.00000   57   98   94.00000   71.00000  24.5%  34.6 1460s
 937348 267558 infeasible   49        94.00000   71.00000  24.5%  34.6 1465s
 940499 268433   81.00000   46   33   94.00000   71.00000  24.5%  34.6 1470s
 943484 269253   85.00000   49   62   94.00000   71.00000  24.5%  34.6 1475s
 946503 269987   82.00000   55   57   94.00000   71.00000  24.5%  34.7 1480s
 949602 270628   83.00000   56   88   94.00000   71.00000  24.5%  34.7 1485s
 953453 271481   92.00000   65   60   94.00000   71.00000  24.5%  34.6 1490s
 956767 272362   77.00000   42   53   94.00000   71.00000  24.5%  34.6 1495s
 960328 273222   79.00000   49   60   94.00000   71.00000  24.5%  34.6 1500s
 963752 274156   84.00000   48   85   94.00000   71.00000  24.5%  34.6 1505s
 967021 275004   85.00000   57  106   94.00000   71.00000  24.5%  34.6 1510s
 970056 275700   73.00000   46  105   94.00000   71.00000  24.5%  34.6 1515s
 972826 276400   87.00000   58   81   94.00000   71.00000  24.5%  34.7 1520s
 975629 277050   79.00000   47   80   94.00000   71.00000  24.5%  34.7 1525s
 979037 277901   88.00000   65   55   94.00000   71.00000  24.5%  34.7 1530s
 982361 278736   85.00000   38   76   94.00000   71.00000  24.5%  34.7 1535s
 985265 279397   85.00000   47   91   94.00000   71.00000  24.5%  34.7 1540s
 987741 279894 infeasible   68        94.00000   71.00000  24.5%  34.7 1545s
 991307 281028   72.00000   45   81   94.00000   71.00000  24.5%  34.7 1550s
 994810 281796   93.00000   47   72   94.00000   71.00000  24.5%  34.7 1555s
 998701 283027   92.00000   57   94   94.00000   71.00000  24.5%  34.7 1560s
 1002422 283972   85.00000   50   84   94.00000   71.00000  24.5%  34.7 1565s
 1006014 284870   86.00000   63   98   94.00000   71.00000  24.5%  34.7 1570s
 1009432 285746 infeasible   60        94.00000   71.00000  24.5%  34.6 1575s
 1013169 286595   78.00000   62   68   94.00000   71.00000  24.5%  34.6 1580s
 1017004 287555   85.00000   61   68   94.00000   71.00000  24.5%  34.6 1585s
 1020961 288615   92.04167   73   62   94.00000   71.00000  24.5%  34.6 1590s
 1024183 289452 infeasible   64        94.00000   71.00000  24.5%  34.6 1595s
 1028017 290280     cutoff   54        94.00000   71.00000  24.5%  34.5 1600s
 1031798 291171 infeasible   63        94.00000   71.00000  24.5%  34.5 1605s
 1035435 292093 infeasible   56        94.00000   71.00000  24.5%  34.5 1610s
 1038805 292838 infeasible   51        94.00000   71.00000  24.5%  34.5 1615s
 1042099 293618   89.00000   53   71   94.00000   71.00000  24.5%  34.5 1620s
 1045853 294599   86.00000   52   68   94.00000   71.00000  24.5%  34.5 1625s
 1049212 295369 infeasible   50        94.00000   71.00000  24.5%  34.5 1630s
 1052839 296260   83.00000   52   56   94.00000   71.00000  24.5%  34.5 1635s
 1056354 296881   71.00000   48   99   94.00000   71.00000  24.5%  34.5 1640s
 1059747 297423 infeasible   51        94.00000   71.00000  24.5%  34.4 1645s
 1063805 298701   87.00000   60   82   94.00000   71.00000  24.5%  34.4 1650s
 1067261 299538   82.00000   58   55   94.00000   71.00000  24.5%  34.4 1655s
 1070787 300512   80.00000   51   44   94.00000   71.00000  24.5%  34.4 1660s
 1075233 301808   86.00000   59   55   94.00000   71.00000  24.5%  34.3 1665s
 1078648 302520 infeasible   46        94.00000   71.00000  24.5%  34.3 1670s
 1081050 303077 infeasible   53        94.00000   71.00000  24.5%  34.3 1675s
 1084051 303745   72.89412   44   97   94.00000   71.00000  24.5%  34.3 1680s
 1086981 304451 infeasible   52        94.00000   71.00000  24.5%  34.3 1685s
 1090449 305350   79.00000   59   96   94.00000   71.00000  24.5%  34.3 1690s
 1093613 305975   71.00000   46   91   94.00000   71.00000  24.5%  34.3 1695s
 1097337 306762 infeasible   55        94.00000   71.00000  24.5%  34.3 1700s
 1100739 307481   73.00000   55   94   94.00000   71.00000  24.5%  34.3 1705s
 1104294 308007 infeasible   65        94.00000   71.00000  24.5%  34.2 1710s
 1107977 308631   78.00000   47   99   94.00000   71.00000  24.5%  34.2 1715s
 1111296 309265   84.00000   45   63   94.00000   71.00000  24.5%  34.2 1720s
 1114980 309922   79.65455   65   71   94.00000   71.00000  24.5%  34.2 1725s
 1118171 310493 infeasible   56        94.00000   71.00000  24.5%  34.2 1730s
 1121811 311219   78.00000   52   76   94.00000   71.00000  24.5%  34.2 1735s
 1125242 312021   72.00000   43  108   94.00000   71.00000  24.5%  34.1 1740s
 1128837 313169 infeasible   54        94.00000   71.00000  24.5%  34.1 1745s
 1131864 313848   71.00000   58   82   94.00000   71.00000  24.5%  34.1 1750s
 1135235 314712     cutoff   53        94.00000   71.00000  24.5%  34.1 1755s
 1138409 315557   71.00000   57   84   94.00000   71.00000  24.5%  34.1 1760s
 1141660 316375 infeasible   65        94.00000   71.00000  24.5%  34.2 1765s
 1145011 317166   71.00000   65  127   94.00000   71.00000  24.5%  34.2 1770s
 1148013 317809 infeasible   58        94.00000   71.00000  24.5%  34.2 1775s
 1150858 318227 infeasible   76        94.00000   71.00000  24.5%  34.2 1780s
 1154086 318889 infeasible   66        94.00000   71.00000  24.5%  34.2 1785s
 1157677 319616 infeasible   54        94.00000   71.00000  24.5%  34.2 1790s
 1160934 320352   74.00000   54  103   94.00000   71.00000  24.5%  34.2 1795s

Cutting planes:
  Learned: 1
  Gomory: 88
  Cover: 275
  Implied bound: 203
  Clique: 78
  MIR: 305
  StrongCG: 6
  Flow cover: 725
  Inf proof: 189
  Zero half: 4
  RLT: 82
  Relax-and-lift: 43
  BQP: 7

Explored 1164657 nodes (39780393 simplex iterations) in 1800.00 seconds (1879.00 work units)
Thread count was 1 (of 96 available processors)

Solution count 10: 94 95 95 ... 100

Time limit reached
Best objective 9.399999999050e+01, best bound 7.100000000000e+01, gap 24.4681%
WARNING: Loading a SolverResults object with an 'aborted' status, but
    containing a solution

Instance 19_2, formulation altered, reform bigm:
  Rect 0: x = 93.00, y = 14.00
  Rect 1: x = 50.00, y = 14.00
  Rect 2: x = 58.00, y = 8.00
  Rect 3: x = 65.00, y = 14.00
  Rect 4: x = 2.00, y = 1.00
  Rect 5: x = 72.00, y = 3.00
  Rect 6: x = 2.00, y = 14.00
  Rect 7: x = 0.00, y = 14.00
  Rect 8: x = 51.00, y = 10.00
  Rect 9: x = 41.00, y = 7.00
  Rect 10: x = 15.00, y = 14.00
  Rect 11: x = 47.00, y = 6.00
  Rect 12: x = 56.00, y = 10.00
  Rect 13: x = 79.00, y = 14.00
  Rect 14: x = 54.00, y = 10.00
  Rect 15: x = 15.00, y = 12.00
  Rect 16: x = 41.00, y = 14.00
  Rect 17: x = 29.00, y = 14.00
  Rect 18: x = 72.00, y = 9.00
  → saved figures to strip_figures/19_2_altered_bigm.png and strip_figures/19_2_altered_bigm.pdf
Set parameter TokenServer to value "mooring.ecn.purdue.edu"
Read LP format model from file /tmp/tmperd2urvi.pyomo.lp
Reading time = 0.01 seconds
x3460: 7031 rows, 3460 columns, 18471 nonzeros
Set parameter TimeLimit to value 1800
Set parameter Threads to value 1
Gurobi Optimizer version 11.0.0 build v11.0.0rc2 (linux64 - "Oracle Linux Server 9.6")

CPU model: AMD EPYC 7643 48-Core Processor, instruction set [SSE2|AVX|AVX2]
Thread count: 48 physical cores, 96 logical processors, using up to 1 threads

Optimize a model with 7031 rows, 3460 columns and 18471 nonzeros
Model fingerprint: 0xe7cc7a4f
Variable types: 2776 continuous, 684 integer (684 binary)
Coefficient statistics:
  Matrix range     [1e+00, 2e+02]
  Objective range  [1e+00, 1e+00]
  Bounds range     [1e+00, 2e+02]
  RHS range        [1e+00, 2e+01]
Presolve removed 2912 rows and 1457 columns
Presolve time: 0.04s
Presolved: 4119 rows, 2003 columns, 10840 nonzeros
Variable types: 1628 continuous, 375 integer (375 binary)
Found heuristic solution: objective 171.0000000
Found heuristic solution: objective 141.0000000

Root relaxation: objective 2.900000e+01, 1044 iterations, 0.02 seconds (0.03 work units)

    Nodes    |    Current Node    |     Objective Bounds      |     Work
 Expl Unexpl |  Obj  Depth IntInf | Incumbent    BestBd   Gap | It/Node Time

     0     0   29.00000    0  125  141.00000   29.00000  79.4%     -    0s
H    0     0                     130.0000000   29.00000  77.7%     -    0s
     0     0   29.00000    0  172  130.00000   29.00000  77.7%     -    0s
H    0     0                     127.0000000   29.00000  77.2%     -    0s
     0     0   29.00000    0  182  127.00000   29.00000  77.2%     -    0s
     0     0   29.00000    0  123  127.00000   29.00000  77.2%     -    0s
     0     0   29.00000    0  136  127.00000   29.00000  77.2%     -    0s
     0     0   29.09738    0  148  127.00000   29.09738  77.1%     -    0s
     0     0   29.25000    0  166  127.00000   29.25000  77.0%     -    0s
     0     0   29.25000    0  191  127.00000   29.25000  77.0%     -    0s
     0     0   29.25000    0  200  127.00000   29.25000  77.0%     -    0s
     0     0   29.25000    0  225  127.00000   29.25000  77.0%     -    0s
     0     0   29.25000    0  217  127.00000   29.25000  77.0%     -    0s
     0     0   29.25000    0  217  127.00000   29.25000  77.0%     -    1s
     0     0   29.25000    0  213  127.00000   29.25000  77.0%     -    1s
     0     0   29.25000    0  152  127.00000   29.25000  77.0%     -    1s
     0     0   29.25000    0  191  127.00000   29.25000  77.0%     -    1s
     0     0   29.25000    0  137  127.00000   29.25000  77.0%     -    1s
     0     0   29.25000    0  186  127.00000   29.25000  77.0%     -    1s
     0     0   29.25000    0  202  127.00000   29.25000  77.0%     -    1s
     0     0   29.25000    0  187  127.00000   29.25000  77.0%     -    1s
     0     0   29.25000    0  147  127.00000   29.25000  77.0%     -    2s
     0     0   29.25000    0  142  127.00000   29.25000  77.0%     -    2s
H    0     0                     124.0000000   29.25000  76.4%     -    2s
H    0     0                     123.0000000   29.25000  76.2%     -    2s
     0     2   29.25000    0  142  123.00000   29.25000  76.2%     -    2s
H  150   125                     111.0000000   31.75000  71.4%  51.4    2s
*  180   142             126     106.0000000   31.75000  70.0%  45.1    2s
H  312   253                     105.0000000   34.95838  66.7%  57.8    3s
H  338   276                     104.9999240   34.95838  66.7%  54.9    3s
H  352   283                     104.0000000   34.95838  66.4%  53.1    3s
   580   462   93.00000   50  109  104.00000   36.00000  65.4%  56.2    5s
*  738   539              94     103.0000000   41.00000  60.2%  65.6    6s
H 1049   675                     103.0000000   42.00000  59.2%  63.2    7s
* 1292   770             100     102.0000000   43.00000  57.8%  59.8    8s
* 1623   906              89     100.0000000   45.00000  55.0%  58.4    9s
  1878  1068   69.00000   28   80  100.00000   45.00000  55.0%  57.4   10s
* 2267  1384              77      99.0000000   46.00000  53.5%  55.6   10s
* 2800  1691              93      97.0000000   53.00000  45.4%  55.2   12s
H 3649  2185                      96.0000000   55.00000  42.7%  54.3   14s
  3741  2254   90.00000   50   46   96.00000   55.00000  42.7%  54.3   15s
  5120  3235   91.00000   46  100   96.00000   56.00000  41.7%  58.2   20s
H 5215  3284                      96.0000000   56.00000  41.7%  58.6   20s
  6455  4135   68.00000   30   99   96.00000   57.00000  40.6%  60.0   25s
  7912  5070   94.25000   48   43   96.00000   57.00000  40.6%  60.7   30s
  9507  6114   72.00000   40   63   96.00000   58.00000  39.6%  60.1   35s
 10203  6598   68.00000   32  142   96.00000   59.00000  38.5%  60.2   45s
 10223  6611   80.00000   40   56   96.00000   59.00000  38.5%  60.1   50s
 10636  6822   68.00000   45   81   96.00000   59.00000  38.5%  62.9   55s
 11174  7076   87.00000   77   29   96.00000   59.00000  38.5%  62.7   60s
 12404  7561   92.00000   58   31   96.00000   59.00000  38.5%  62.7   65s
 14015  8161   91.00000   49   84   96.00000   59.00000  38.5%  61.8   70s
 15440  8623 infeasible   77        96.00000   60.00000  37.5%  61.3   75s
 17092  9086   72.00000   42   72   96.00000   67.00000  30.2%  61.1   80s
 18949  9714   71.00000   53   69   96.00000   68.00000  29.2%  59.9   85s
 21391 10474   75.00000   51   72   96.00000   68.00000  29.2%  57.9   90s
H22934 10574                      95.0000000   68.00000  28.4%  56.2   92s
*22994 10000              93      94.0000000   68.00000  27.7%  56.1   92s
 24036 10323   91.00000   63   63   94.00000   68.00000  27.7%  55.6   95s
 26240 11004   82.00000   42   63   94.00000   68.00000  27.7%  54.8  100s
 27571 11209 infeasible   75        94.00000   68.00000  27.7%  55.6  105s
H27729 11091                      93.9999999   68.00000  27.7%  55.6  105s
 29038 11720   81.00000   54   66   94.00000   68.00000  27.7%  56.3  110s
 30839 12770 infeasible   71        94.00000   68.00000  27.7%  56.4  115s
 32561 13851   91.00000   53   67   94.00000   68.00000  27.7%  55.9  120s
 34735 15243 infeasible   58        94.00000   68.00000  27.7%  55.4  125s
 36705 16315   86.00000   42   72   94.00000   68.00000  27.7%  55.3  130s
 38639 17436 infeasible   78        94.00000   68.00000  27.7%  55.2  135s
 40517 18483 infeasible   79        94.00000   68.00000  27.7%  54.9  140s
 42437 19592   90.00000   79   49   94.00000   68.00000  27.7%  54.9  145s
 44217 20577 infeasible   67        94.00000   68.00000  27.7%  55.1  150s
 46133 21531 infeasible   69        94.00000   68.00000  27.7%  54.9  155s
 47952 22594   76.00000   79   74   94.00000   68.00000  27.7%  55.0  160s
 49589 23493 infeasible   50        94.00000   68.00000  27.7%  55.3  165s
 51242 24419   68.00000   49   74   94.00000   68.00000  27.7%  55.6  170s
 52735 25175   87.00000   49   60   94.00000   68.00000  27.7%  56.1  175s
 54481 26128   92.00000   61   57   94.00000   68.00000  27.7%  56.2  180s
 56168 27084 infeasible   54        94.00000   68.00000  27.7%  56.2  185s
 57610 27846   68.00000   51   90   94.00000   68.00000  27.7%  56.6  190s
 58615 28251   68.00000   60  107   94.00000   68.00000  27.7%  57.1  195s
 60278 29215   85.00000   62   93   94.00000   68.00000  27.7%  57.3  200s
 61596 29800 infeasible   70        94.00000   68.00000  27.7%  57.8  205s
 63346 30752   77.00000   59   70   94.00000   68.00000  27.7%  57.9  210s
 64670 31409   90.00000   65   70   94.00000   68.00000  27.7%  58.0  215s
 66785 32577   91.00000   63   65   94.00000   68.00000  27.7%  57.6  220s
 68463 33508   68.00000   42   67   94.00000   68.00000  27.7%  57.7  225s
 69427 33994   93.00000   60   47   94.00000   68.00000  27.7%  58.0  230s
 70884 34779   91.00000   65   69   94.00000   68.00000  27.7%  58.3  235s
 72629 35742   86.00000   44   44   94.00000   68.00000  27.7%  58.3  240s
 74134 36545 infeasible   77        94.00000   68.00000  27.7%  58.5  245s
 75629 37329   69.00000   54   60   94.00000   68.00000  27.7%  58.7  250s
 77376 38259   91.00000   54   74   94.00000   68.00000  27.7%  58.7  255s
 79175 39323   83.00000   64   65   94.00000   68.00000  27.7%  58.7  260s
 80933 40343   84.00000   70   69   94.00000   68.00000  27.7%  58.8  265s
 82921 41410   71.00000   74   77   94.00000   68.00000  27.7%  58.6  270s
 84804 42529   90.00000   86   36   94.00000   68.00000  27.7%  58.6  275s
 85652 42908   75.00000   48   64   94.00000   68.00000  27.7%  58.8  280s
 87238 43740   73.00000   61   97   94.00000   68.00000  27.7%  58.9  285s
 88996 44798 infeasible   56        94.00000   68.00000  27.7%  58.9  290s
 90828 45863 infeasible   73        94.00000   68.00000  27.7%  58.9  295s
 92427 46826   71.00000   52   99   94.00000   68.00000  27.7%  59.0  300s
 93770 47548   79.00000   53   82   94.00000   68.00000  27.7%  59.1  305s
 95163 48263 infeasible   69        94.00000   68.00000  27.7%  59.3  310s
 96802 49191   81.00000   52   97   94.00000   68.00000  27.7%  59.4  315s
 98694 50242   77.00000   63   63   94.00000   68.00000  27.7%  59.3  320s
 100491 51319   79.00000   70  107   94.00000   68.00000  27.7%  59.3  325s
 101657 51930   86.00000   71   92   94.00000   68.00000  27.7%  59.4  330s
 103501 52944 infeasible   60        94.00000   68.00000  27.7%  59.2  335s
 105162 53917   90.00000   67   46   94.00000   68.00000  27.7%  59.2  340s
 106784 54843   87.00000   73   60   94.00000   68.00000  27.7%  59.3  345s
 108620 55871   92.00000   69   68   94.00000   68.00000  27.7%  59.2  350s
 109991 56562   93.00000   55   65   94.00000   68.00000  27.7%  59.4  355s
 111455 57317   78.00000   45   67   94.00000   68.00000  27.7%  59.6  360s
 112515 57780   81.33333   57   78   94.00000   68.00000  27.7%  59.8  365s
 113819 58315 infeasible   73        94.00000   68.00000  27.7%  60.1  370s
 115529 59235   76.00000   64   63   94.00000   68.00000  27.7%  60.1  375s
 117206 60108   77.00000   52   67   94.00000   68.00000  27.7%  60.1  380s
 118162 60576   89.00000   53   78   94.00000   68.00000  27.7%  60.3  385s
 120101 61652   88.00000   52   60   94.00000   68.00000  27.7%  60.2  390s
 121593 62459   85.00000   76   63   94.00000   68.00000  27.7%  60.2  395s
 123081 63237   92.00000   62   58   94.00000   68.00000  27.7%  60.4  400s
 124575 64028 infeasible   62        94.00000   68.00000  27.7%  60.5  405s
 126083 64814   80.02548   58   61   94.00000   68.00000  27.7%  60.6  410s
 127272 65369   87.00000   54   87   94.00000   68.00000  27.7%  60.9  415s
 128803 66169 infeasible   77        94.00000   68.00000  27.7%  61.0  420s
 130616 67166   82.00000   63   48   94.00000   68.00000  27.7%  60.9  425s
 132512 68203   85.00000   52   74   94.00000   68.00000  27.7%  60.9  430s
 133958 68947     cutoff   63        94.00000   68.00000  27.7%  60.9  435s
 135201 69542   78.00000   70   92   94.00000   68.00000  27.7%  61.0  440s
 136493 70299   92.00000   65   42   94.00000   68.00000  27.7%  61.1  445s
 137854 71031 infeasible   66        94.00000   68.63636  27.0%  61.1  450s
 139318 71718   81.00000   52   73   94.00000   68.88889  26.7%  61.2  455s
 141113 72593   75.00000   54   70   94.00000   69.00000  26.6%  61.2  460s
 143444 73981 infeasible   58        94.00000   69.00000  26.6%  60.9  465s
 145544 75149   87.00000   76   41   94.00000   69.00000  26.6%  60.7  470s
 147146 76001   93.00000   82   44   94.00000   69.00000  26.6%  60.6  475s
 148545 76656   69.00000   40   73   94.00000   69.00000  26.6%  60.7  480s
 150074 77446 infeasible   68        94.00000   69.00000  26.6%  60.8  485s
 151488 78083 infeasible   65        94.00000   69.00000  26.6%  60.9  490s
 152399 78465 infeasible   59        94.00000   69.00000  26.6%  61.1  495s
 153686 79062 infeasible   58        94.00000   69.00000  26.6%  61.2  500s
 154890 79633 infeasible   65        94.00000   69.00000  26.6%  61.5  505s
 156148 80215   79.00000   54   70   94.00000   69.00000  26.6%  61.7  510s
 157387 80754 infeasible   70        94.00000   69.00000  26.6%  61.8  515s
 158646 81312 infeasible   66        94.00000   69.00000  26.6%  62.0  520s
 160036 81961 infeasible   54        94.00000   69.00000  26.6%  62.1  525s
 161440 82687   82.00000   59   88   94.00000   69.00000  26.6%  62.1  530s
 162723 83301   75.00000   53   88   94.00000   69.00000  26.6%  62.3  535s
 163915 83813 infeasible   71        94.00000   69.00000  26.6%  62.4  540s
 165499 84580 infeasible   58        94.00000   69.00000  26.6%  62.5  545s
 166859 85152   90.00000   78   39   94.00000   69.00000  26.6%  62.5  550s
 168342 85862   91.00000   62   66   94.00000   69.00000  26.6%  62.6  555s
 169302 86324 infeasible   57        94.00000   69.00000  26.6%  62.7  560s
 170737 87016   90.00000   61   56   94.00000   69.00000  26.6%  62.7  565s
 172338 87845   72.00000   65   76   94.00000   69.00000  26.6%  62.7  570s
 173828 88493   69.00000   51  104   94.00000   69.00000  26.6%  62.8  575s
 175291 89151   85.00000   71   64   94.00000   69.00000  26.6%  62.8  580s
 176937 89945 infeasible   72        94.00000   69.00000  26.6%  62.8  585s
 178518 90791   75.07883   55   96   94.00000   69.00000  26.6%  62.8  590s
 179842 91388   88.00000   63   66   94.00000   69.00000  26.6%  62.9  595s
 181233 92046   89.00000   69   56   94.00000   69.00000  26.6%  63.0  600s
 182418 92565   89.00000   62   60   94.00000   69.00000  26.6%  63.2  605s
 183762 93198   84.00000   50   61   94.00000   69.00000  26.6%  63.2  610s
 184798 93672 infeasible   61        94.00000   69.00000  26.6%  63.3  615s
 186291 94416   78.00000   50   85   94.00000   69.00000  26.6%  63.4  620s
 187912 95161   85.00000   58   78   94.00000   69.00000  26.6%  63.4  625s
 189010 95674   84.00000   43   79   94.00000   69.00000  26.6%  63.4  630s
 190721 96591   77.00000   47   81   94.00000   69.00000  26.6%  63.4  635s
 191974 97134   89.00000   58   67   94.00000   69.00000  26.6%  63.5  640s
 193259 97759   93.00000   52   79   94.00000   69.00000  26.6%  63.7  645s
 194509 98435   91.00000   50  108   94.00000   69.00000  26.6%  63.7  650s
 196097 99234   90.00000   65   75   94.00000   69.00000  26.6%  63.7  655s
 197497 99817 infeasible   70        94.00000   69.94880  25.6%  63.8  660s
 199103 100527   91.00000   55   79   94.00000   70.00000  25.5%  63.8  665s
 200063 100859   86.00000   49   65   94.00000   70.00000  25.5%  63.9  670s
 201602 101678 infeasible   83        94.00000   70.00000  25.5%  63.9  675s
 202986 102438 infeasible   80        94.00000   70.00000  25.5%  63.8  680s
 204824 103414   87.00000   82   52   94.00000   70.00000  25.5%  63.7  685s
 206993 104523   86.00000   67   72   94.00000   70.00000  25.5%  63.5  690s
 208881 105383 infeasible   67        94.00000   70.00000  25.5%  63.4  695s
 210358 106003 infeasible   60        94.00000   70.00000  25.5%  63.5  700s
 212418 107154   79.00000   73   65   94.00000   70.00000  25.5%  63.3  705s
 214093 107993   81.00000   52   74   94.00000   70.00000  25.5%  63.3  710s
 215914 108863   77.00000   42   68   94.00000   70.00000  25.5%  63.3  715s
 217899 109946   93.00000   56   91   94.00000   70.00000  25.5%  63.2  720s
 219482 110803   87.00000   83   40   94.00000   70.00000  25.5%  63.2  725s
 221121 111618   92.00000   73   58   94.00000   70.00000  25.5%  63.2  730s
 222819 112538 infeasible   65        94.00000   70.00000  25.5%  63.2  735s
 224183 113233   81.00000   50   86   94.00000   70.00000  25.5%  63.2  740s
 225683 114126   84.00000   67   55   94.00000   70.00000  25.5%  63.2  745s
 227447 115074   86.00000   68   68   94.00000   70.00000  25.5%  63.2  750s
 229228 115957 infeasible   70        94.00000   70.00000  25.5%  63.1  755s
 230925 116811   86.00000   77   85   94.00000   70.00000  25.5%  63.1  760s
 232623 117736   79.00000   64   89   94.00000   70.00000  25.5%  63.1  765s
 234439 118656   91.00000   57   81   94.00000   70.00000  25.5%  63.1  770s
 236379 119641   91.00000   52   80   94.00000   70.00000  25.5%  63.0  775s
 237486 120250 infeasible   72        94.00000   70.00000  25.5%  63.0  780s
 238977 121101 infeasible   67        94.00000   70.00000  25.5%  63.0  785s
 240884 122109 infeasible   79        94.00000   70.00000  25.5%  62.9  790s
 242782 123094   85.00000   56   70   94.00000   70.00000  25.5%  62.8  795s
 244640 124056 infeasible   60        94.00000   70.00000  25.5%  62.8  800s
 246664 125151   70.00000   45   77   94.00000   70.00000  25.5%  62.7  805s
 248277 125975   91.00000   72   48   94.00000   70.00000  25.5%  62.7  810s
 249685 126542   76.00000   64   77   94.00000   70.00000  25.5%  62.7  815s
 251032 127229   70.00000   48   75   94.00000   70.00000  25.5%  62.8  820s
 252621 127982   79.00000   68   86   94.00000   70.00000  25.5%  62.8  825s
 254351 128765   88.00000   74   46   94.00000   70.00000  25.5%  62.8  830s
 255837 129406   91.00000   74   62   94.00000   70.00000  25.5%  62.8  835s
 257475 130182   90.00000   74   45   94.00000   70.00000  25.5%  62.8  840s
 259041 130829   76.00000   58   64   94.00000   70.00000  25.5%  62.9  845s
 260733 131539   78.00000   58   81   94.00000   70.00000  25.5%  62.8  850s
 261888 131995 infeasible   69        94.00000   70.00000  25.5%  62.9  855s
 263119 132526   91.00000   61   55   94.00000   70.00000  25.5%  63.0  860s
 264550 133093 infeasible   70        94.00000   70.00000  25.5%  63.1  865s
 265481 133503 infeasible   55        94.00000   70.00000  25.5%  63.2  870s
 266834 134038 infeasible   63        94.00000   70.00000  25.5%  63.2  875s
 268353 134755   88.00000   67   53   94.00000   70.00000  25.5%  63.2  880s
 269614 135298   77.00000   50   81   94.00000   70.00000  25.5%  63.3  885s
 271052 135935   86.00000   52   53   94.00000   70.00000  25.5%  63.3  890s
 272371 136577 infeasible   68        94.00000   70.00000  25.5%  63.4  895s
 273708 137150   71.00000   53   80   94.00000   70.00000  25.5%  63.4  900s
 274952 137615   81.00000   84   81   94.00000   70.00000  25.5%  63.5  905s
 276479 138304   78.00000   53   75   94.00000   70.00000  25.5%  63.6  910s
 277845 138894   81.00000   52   58   94.00000   70.00000  25.5%  63.6  915s
 279178 139493   80.00000   63   73   94.00000   70.00000  25.5%  63.7  920s
 280636 140165   76.00000   55   80   94.00000   70.00000  25.5%  63.7  925s
 282111 140926   81.00000   61   67   94.00000   70.00000  25.5%  63.8  930s
 283533 141558   70.80000   51  105   94.00000   70.00000  25.5%  63.8  935s
 284924 142134   77.00000   57   81   94.00000   70.00000  25.5%  63.8  940s
 286108 142592   86.00000   62   66   94.00000   70.00000  25.5%  63.9  945s
 287534 143230 infeasible   62        94.00000   70.00000  25.5%  63.9  950s
 288293 143512   87.00000   71   39   94.00000   70.00000  25.5%  64.0  955s
 289492 144054   91.00000   57   61   94.00000   70.00000  25.5%  64.1  960s
 290903 144639   91.00000   65   62   94.00000   70.00000  25.5%  64.2  965s
 292235 145210   86.00000   56   69   94.00000   70.00000  25.5%  64.2  970s
 293566 145726   88.00000   63   74   94.00000   70.00000  25.5%  64.3  975s
 294789 146340   85.00000   59   79   94.00000   70.00000  25.5%  64.3  980s
 295882 146893 infeasible   61        94.00000   70.00000  25.5%  64.4  985s
 297109 147352   77.00000   68  100   94.00000   70.00000  25.5%  64.4  990s
 298427 147864   87.00000   65   84   94.00000   70.00000  25.5%  64.5  995s
 299766 148349   79.00000   54   77   94.00000   70.00000  25.5%  64.6 1000s
 301380 149130   84.00000   59   81   94.00000   70.00000  25.5%  64.6 1005s
 303275 150155   83.00000   60   76   94.00000   70.00000  25.5%  64.5 1010s
 304928 150965   70.00000   53   94   94.00000   70.00000  25.5%  64.5 1015s
 306736 151915   85.00000   77   58   94.00000   70.00000  25.5%  64.5 1020s
 308352 152710   78.00000   61   90   94.00000   70.00000  25.5%  64.5 1025s
 310009 153573 infeasible   65        94.00000   70.00000  25.5%  64.5 1030s
 311531 154173   92.00000   65   94   94.00000   70.00000  25.5%  64.5 1035s
 313116 155080 infeasible   69        94.00000   70.00000  25.5%  64.5 1040s
 314547 155872   85.00000   74   73   94.00000   70.00000  25.5%  64.4 1045s
 316277 156806   77.00000   62   84   94.00000   70.00000  25.5%  64.4 1050s
 317997 157702 infeasible   59        94.00000   70.00000  25.5%  64.4 1055s
 318942 158213   82.00000   67   75   94.00000   70.00000  25.5%  64.4 1060s
 320436 158959   83.00000   63   75   94.00000   70.00000  25.5%  64.4 1065s
 321857 159587   80.00000   70   77   94.00000   70.00000  25.5%  64.5 1070s
 323496 160445   91.00000   72   58   94.00000   70.00000  25.5%  64.4 1075s
 325088 161289 infeasible   62        94.00000   70.00000  25.5%  64.4 1080s
 326776 162058   84.00000   71   81   94.00000   70.00000  25.5%  64.4 1085s
 328554 162902   86.00000   78   51   94.00000   70.00000  25.5%  64.4 1090s
 330300 163832   87.06667   73   55   94.00000   70.00000  25.5%  64.4 1095s
 332109 164738   93.00000   71   60   94.00000   70.00000  25.5%  64.3 1100s
 333359 165336   86.00000   66   70   94.00000   70.00000  25.5%  64.3 1105s
 335125 166201 infeasible   75        94.00000   70.00000  25.5%  64.3 1110s
 336876 167007 infeasible   55        94.00000   70.00000  25.5%  64.2 1115s
 338285 167675   87.00000   85   66   94.00000   70.00000  25.5%  64.2 1120s
 339722 168398   92.00000   67   50   94.00000   70.00000  25.5%  64.2 1125s
 341300 169165 infeasible   83        94.00000   70.00000  25.5%  64.2 1130s
 343125 170061   84.00000   80   59   94.00000   70.00000  25.5%  64.2 1135s
 344974 170999   85.00000   66   65   94.00000   70.00000  25.5%  64.1 1140s
 346646 171889   84.00000   72   80   94.00000   70.00000  25.5%  64.1 1145s
 347603 172299 infeasible   56        94.00000   70.00000  25.5%  64.1 1150s
 349211 173070   84.00000   72   67   94.00000   70.00000  25.5%  64.1 1155s
 350902 173931 infeasible   65        94.00000   70.00000  25.5%  64.1 1160s
 352643 174886   93.00000   66   59   94.00000   70.00000  25.5%  64.1 1165s
 354511 175779   85.00000   80   51   94.00000   70.00000  25.5%  64.1 1170s
 356134 176546   83.00000   51   75   94.00000   70.00000  25.5%  64.1 1175s
 357849 177348 infeasible   62        94.00000   70.00000  25.5%  64.0 1180s
 359109 177852 infeasible   52        94.00000   70.00000  25.5%  64.1 1185s
 360546 178552 infeasible   53        94.00000   70.00000  25.5%  64.2 1190s
 362312 179412   76.00000   52   68   94.00000   70.00000  25.5%  64.1 1195s
 363773 180081   76.00000   61   87   94.00000   70.00000  25.5%  64.1 1200s
 365479 180950   90.00000   79   79   94.00000   70.00000  25.5%  64.1 1205s
 367146 181812 infeasible   79        94.00000   70.00000  25.5%  64.1 1210s
 369007 182755 infeasible   73        94.00000   70.00000  25.5%  64.0 1215s
 370368 183397 infeasible   75        94.00000   70.00000  25.5%  64.0 1220s
 372093 184270   75.00000   63   80   94.00000   70.00000  25.5%  64.0 1225s
 374311 185453   89.00000   78   57   94.00000   70.00000  25.5%  63.9 1230s
 376011 186314   70.00000   69  107   94.00000   70.00000  25.5%  63.9 1235s
 377663 187162   93.00000   61   58   94.00000   70.00000  25.5%  63.9 1240s
 379231 187998   79.00000   69   81   94.00000   70.00000  25.5%  63.9 1245s
 381340 189097   85.00000   59   69   94.00000   70.00000  25.5%  63.8 1250s
 383263 190093   90.00000   69   43   94.00000   70.00000  25.5%  63.7 1255s
 384611 190818 infeasible   49        94.00000   70.00000  25.5%  63.7 1260s
 386424 191774   84.00000   59   57   94.00000   70.00000  25.5%  63.7 1265s
 388327 192802   88.00000   60   96   94.00000   70.00000  25.5%  63.6 1270s
 390199 193719   76.00000   44  101   94.00000   70.00000  25.5%  63.6 1275s
 391626 194426 infeasible   62        94.00000   70.00000  25.5%  63.6 1280s
 393325 195168 infeasible   82        94.00000   70.00000  25.5%  63.6 1285s
 394816 195847   93.00000   56   67   94.00000   70.00000  25.5%  63.6 1290s
 396501 196697 infeasible   75        94.00000   70.00000  25.5%  63.6 1295s
 398079 197480   88.00000   51  105   94.00000   70.00000  25.5%  63.6 1300s
 399634 198201   70.00000   46   73   94.00000   70.00000  25.5%  63.6 1305s
 400736 198674   83.00000   60   51   94.00000   70.00000  25.5%  63.6 1310s
 402596 199607 infeasible   57        94.00000   70.00000  25.5%  63.6 1315s
 404085 200286   82.00000   67   94   94.00000   70.00000  25.5%  63.6 1320s
 405623 201052 infeasible   62        94.00000   70.00000  25.5%  63.6 1325s
 407116 201860   87.00000   69   89   94.00000   70.00000  25.5%  63.6 1330s
 408883 202730 infeasible   71        94.00000   70.00000  25.5%  63.6 1335s
 410728 203603 infeasible   60        94.00000   70.00000  25.5%  63.6 1340s
 412472 204413 infeasible   58        94.00000   70.00000  25.5%  63.6 1345s
 414107 205303   76.00000   64   79   94.00000   70.00000  25.5%  63.5 1350s
 415986 206212   84.00000   59   61   94.00000   70.00000  25.5%  63.5 1355s
 417129 206766   86.00000   75   34   94.00000   70.00000  25.5%  63.5 1360s
 418244 207250 infeasible   66        94.00000   70.00000  25.5%  63.5 1365s
 419818 207965   82.00000   57   69   94.00000   70.00000  25.5%  63.5 1370s
 421561 208830   74.00000   63   64   94.00000   70.00000  25.5%  63.5 1375s
 423413 209846   82.00000   62   83   94.00000   70.00000  25.5%  63.5 1380s
 424904 210626 infeasible   65        94.00000   70.00000  25.5%  63.5 1385s
 426767 211623   77.00000   66   68   94.00000   70.00000  25.5%  63.4 1390s
 428459 212483 infeasible   63        94.00000   70.00000  25.5%  63.4 1395s
 429912 213177 infeasible   67        94.00000   70.00000  25.5%  63.5 1400s
 431166 213776 infeasible   62        94.00000   70.00000  25.5%  63.5 1405s
 432341 214359   93.00000   77   28   94.00000   70.00000  25.5%  63.5 1410s
 433706 215063   70.00000   53   72   94.00000   70.00000  25.5%  63.5 1415s
 435264 215775   84.00000   50   72   94.00000   70.00000  25.5%  63.6 1420s
 436557 216480   70.25000   60   93   94.00000   70.00000  25.5%  63.6 1425s
 438244 217369     cutoff   81        94.00000   70.00000  25.5%  63.5 1430s
 439684 218053   88.00000   48   72   94.00000   70.00000  25.5%  63.6 1435s
 441346 219004   73.00000   54   73   94.00000   70.00000  25.5%  63.6 1440s
 443043 219825 infeasible   85        94.00000   70.00000  25.5%  63.5 1445s
 444588 220497 infeasible   63        94.00000   70.00000  25.5%  63.6 1450s
 446402 221495   70.00000   59   72   94.00000   70.00000  25.5%  63.5 1455s
 447729 222194   76.00000   63   74   94.00000   70.00000  25.5%  63.5 1460s
 449599 223206   91.00000   69   54   94.00000   70.00000  25.5%  63.4 1465s
 451180 223991   91.00000   66   59   94.00000   70.00000  25.5%  63.4 1470s
 452759 224823   81.00000   67   67   94.00000   70.00000  25.5%  63.4 1475s
 454311 225622 infeasible   60        94.00000   70.00000  25.5%  63.4 1480s
 456111 226531   85.00000   78   78   94.00000   70.00000  25.5%  63.4 1485s
 457556 227247 infeasible   58        94.00000   70.00000  25.5%  63.4 1490s
 459030 227904   89.00000   62   52   94.00000   70.00000  25.5%  63.5 1495s
 461080 229007   85.00000   61   64   94.00000   70.00000  25.5%  63.4 1500s
 463011 230044   88.00000   69   75   94.00000   70.25000  25.3%  63.4 1505s
 464577 230717   93.00000   81   37   94.00000   70.28571  25.2%  63.4 1510s
 466428 231569 infeasible   52        94.00000   70.57895  24.9%  63.3 1515s
 467703 232065   93.00000   73   47   94.00000   70.80000  24.7%  63.4 1520s
 468791 232529   76.88889   57   81   94.00000   70.88889  24.6%  63.4 1525s
 470163 233093   82.00000   48   64   94.00000   71.00000  24.5%  63.4 1530s
 471894 233931   92.00000   69   53   94.00000   71.00000  24.5%  63.4 1535s
 474026 235002   87.00000   72   56   94.00000   71.00000  24.5%  63.3 1540s
 476178 236057   80.00000   51   89   94.00000   71.00000  24.5%  63.3 1545s
 477670 236814 infeasible   61        94.00000   71.00000  24.5%  63.3 1550s
 479690 237872   91.00000   62   44   94.00000   71.00000  24.5%  63.2 1555s
 481322 238627 infeasible   66        94.00000   71.00000  24.5%  63.2 1560s
 482833 239269   77.00000   65  100   94.00000   71.00000  24.5%  63.2 1565s
 484464 240079   86.00000   72   76   94.00000   71.00000  24.5%  63.2 1570s
 486573 241089 infeasible   59        94.00000   71.00000  24.5%  63.1 1575s
 488284 241977 infeasible   77        94.00000   71.00000  24.5%  63.1 1580s
 489975 242759   92.00000   75   48   94.00000   71.00000  24.5%  63.0 1585s
 491705 243495   85.00000   48   60   94.00000   71.00000  24.5%  63.0 1590s
 493185 244251 infeasible   85        94.00000   71.00000  24.5%  63.0 1595s
 495099 245170   87.00000   58   55   94.00000   71.00000  24.5%  62.9 1600s
 497084 246095   80.00000   74   68   94.00000   71.00000  24.5%  62.9 1605s
 498777 246967   87.00000   79   68   94.00000   71.00000  24.5%  62.9 1610s
 500331 247661 infeasible   66        94.00000   71.00000  24.5%  62.9 1615s
 501599 248222   93.00000   54   96   94.00000   71.00000  24.5%  62.9 1620s
 503324 249095   73.00000   57   78   94.00000   71.00000  24.5%  62.9 1625s
 504897 249811   77.00000   60   74   94.00000   71.00000  24.5%  62.9 1630s
 506532 250551 infeasible   58        94.00000   71.00000  24.5%  62.9 1635s
 508567 251570   91.00000   65   68   94.00000   71.00000  24.5%  62.8 1640s
 509933 252218   85.00000   58   62   94.00000   71.00000  24.5%  62.8 1645s
 511382 252823   81.00000   55   65   94.00000   71.00000  24.5%  62.8 1650s
 513418 253877   77.00000   50   75   94.00000   71.00000  24.5%  62.8 1655s
 515351 254851   82.00000   41   68   94.00000   71.00000  24.5%  62.8 1660s
 517204 255612   89.00000   45   72   94.00000   71.00000  24.5%  62.8 1665s
 518749 256401   87.00000   70   66   94.00000   71.00000  24.5%  62.7 1670s
 520523 257188   81.00000   73   70   94.00000   71.00000  24.5%  62.7 1675s
 522126 257944   79.00000   73   63   94.00000   71.00000  24.5%  62.7 1680s
 523403 258514   85.00000   66   84   94.00000   71.00000  24.5%  62.7 1685s
 525145 259397   89.12500   70   63   94.00000   71.00000  24.5%  62.7 1690s
 526622 259974   90.00000   71   64   94.00000   71.00000  24.5%  62.7 1695s
 528119 260692 infeasible   55        94.00000   71.00000  24.5%  62.7 1700s
 529781 261527   80.00000   63   77   94.00000   71.00000  24.5%  62.7 1705s
 531104 262041   87.00000   66   52   94.00000   71.00000  24.5%  62.8 1710s
 532884 262917   77.00000   60   76   94.00000   71.00000  24.5%  62.8 1715s
 534015 263502   74.00000   51   82   94.00000   71.00000  24.5%  62.8 1720s
 535432 264208   71.00000   60  117   94.00000   71.00000  24.5%  62.8 1725s
 537175 265056   77.00000   50   70   94.00000   71.00000  24.5%  62.8 1730s
 538864 265920   92.00000   73   81   94.00000   71.00000  24.5%  62.7 1735s
 540485 266712   83.00000   62   65   94.00000   71.00000  24.5%  62.7 1740s
 541784 267368 infeasible   65        94.00000   71.00000  24.5%  62.7 1745s
 543579 268151   75.00000   78  106   94.00000   71.00000  24.5%  62.7 1750s
 545335 269048 infeasible   62        94.00000   71.00000  24.5%  62.7 1755s
 546991 269774   85.00000   80   67   94.00000   71.00000  24.5%  62.7 1760s
 548888 270721 infeasible   61        94.00000   71.00000  24.5%  62.7 1765s
 550436 271389   71.00000   54   86   94.00000   71.00000  24.5%  62.7 1770s
 551557 271859 infeasible   67        94.00000   71.00000  24.5%  62.7 1775s
 552891 272354   78.00000   71   81   94.00000   71.00000  24.5%  62.7 1780s
 554333 272949   83.00000   49   84   94.00000   71.00000  24.5%  62.8 1785s
 555862 273603   91.00000   50   79   94.00000   71.00000  24.5%  62.8 1790s
 557323 274201 infeasible   88        94.00000   71.00000  24.5%  62.8 1795s

Cutting planes:
  Gomory: 11
  Cover: 15
  Implied bound: 16
  Projected implied bound: 3
  Clique: 11
  MIR: 9
  Flow cover: 58
  Network: 1
  RLT: 38
  Relax-and-lift: 7
  BQP: 5

Explored 558970 nodes (35116073 simplex iterations) in 1800.00 seconds (1569.96 work units)
Thread count was 1 (of 96 available processors)

Solution count 10: 94 94 95 ... 103

Time limit reached
Best objective 9.399999994776e+01, best bound 7.100000000000e+01, gap 24.4681%
WARNING: Loading a SolverResults object with an 'aborted' status, but
    containing a solution

Instance 19_2, formulation altered, reform hull:
  Rect 0: x = 28.00, y = 14.00
  Rect 1: x = 64.00, y = 4.00
  Rect 2: x = 48.00, y = 14.00
  Rect 3: x = 50.00, y = 7.00
  Rect 4: x = 29.00, y = 1.00
  Rect 5: x = 0.00, y = 14.00
  Rect 6: x = 81.00, y = 14.00
  Rect 7: x = 79.00, y = 11.00
  Rect 8: x = 74.00, y = 14.00
  Rect 9: x = 62.00, y = 14.00
  Rect 10: x = 50.00, y = 2.00
  Rect 11: x = 68.00, y = 13.00
  Rect 12: x = 77.00, y = 14.00
  Rect 13: x = 14.00, y = 11.00
  Rect 14: x = 72.00, y = 14.00
  Rect 15: x = 0.00, y = 11.00
  Rect 16: x = 41.00, y = 7.00
  Rect 17: x = 29.00, y = 14.00
  Rect 18: x = 41.00, y = 13.00
  → saved figures to strip_figures/19_2_altered_hull.png and strip_figures/19_2_altered_hull.pdf
Set parameter TokenServer to value "mooring.ecn.purdue.edu"
Read LP format model from file /tmp/tmp3vnev24e.pyomo.lp
Reading time = 0.00 seconds
x724: 2243 rows, 724 columns, 5511 nonzeros
Set parameter TimeLimit to value 1800
Set parameter Threads to value 1
Gurobi Optimizer version 11.0.0 build v11.0.0rc2 (linux64 - "Oracle Linux Server 9.6")

CPU model: AMD EPYC 7643 48-Core Processor, instruction set [SSE2|AVX|AVX2]
Thread count: 48 physical cores, 96 logical processors, using up to 1 threads

Optimize a model with 2243 rows, 724 columns and 5511 nonzeros
Model fingerprint: 0xdbef1fb1
Variable types: 40 continuous, 684 integer (684 binary)
Coefficient statistics:
  Matrix range     [1e+00, 2e+02]
  Objective range  [1e+00, 1e+00]
  Bounds range     [1e+00, 2e+02]
  RHS range        [1e+00, 2e+02]
Presolve removed 1678 rows and 311 columns
Presolve time: 0.00s
Presolved: 565 rows, 413 columns, 1744 nonzeros
Variable types: 38 continuous, 375 integer (375 binary)
Found heuristic solution: objective 171.0000000
Found heuristic solution: objective 132.0000000

Root relaxation: objective 2.900000e+01, 216 iterations, 0.00 seconds (0.00 work units)

    Nodes    |    Current Node    |     Objective Bounds      |     Work
 Expl Unexpl |  Obj  Depth IntInf | Incumbent    BestBd   Gap | It/Node Time

     0     0   29.00000    0   55  132.00000   29.00000  78.0%     -    0s
H    0     0                     108.0000000   29.00000  73.1%     -    0s
H    0     0                     107.0000000   29.00000  72.9%     -    0s
     0     0   44.45070    0   94  107.00000   44.45070  58.5%     -    0s
     0     0   47.40845    0   94  107.00000   47.40845  55.7%     -    0s
     0     0   47.40845    0   68  107.00000   47.40845  55.7%     -    0s
H    0     0                     105.0000000   47.40845  54.8%     -    0s
     0     0   47.40845    0   76  105.00000   47.40845  54.8%     -    0s
     0     0   47.40845    0  120  105.00000   47.40845  54.8%     -    0s
H    0     0                     104.0000000   47.40845  54.4%     -    0s
     0     0   47.40845    0  122  104.00000   47.40845  54.4%     -    0s
     0     0   47.40845    0  131  104.00000   47.40845  54.4%     -    0s
     0     0   47.40845    0  133  104.00000   47.40845  54.4%     -    0s
     0     0   47.40845    0  130  104.00000   47.40845  54.4%     -    0s
     0     0   47.40845    0  101  104.00000   47.40845  54.4%     -    0s
     0     0   47.40845    0  112  104.00000   47.40845  54.4%     -    0s
     0     0   47.40845    0  116  104.00000   47.40845  54.4%     -    0s
     0     0   47.40845    0  109  104.00000   47.40845  54.4%     -    0s
     0     0   47.40845    0  111  104.00000   47.40845  54.4%     -    0s
     0     0   47.40845    0  114  104.00000   47.40845  54.4%     -    0s
     0     0   47.40845    0  144  104.00000   47.40845  54.4%     -    0s
     0     0   47.40845    0  127  104.00000   47.40845  54.4%     -    0s
     0     0   47.40845    0  123  104.00000   47.40845  54.4%     -    0s
     0     0   47.40845    0   49  104.00000   47.40845  54.4%     -    0s
     0     2   47.40845    0   39  104.00000   47.40845  54.4%     -    0s
H  163   153                     103.0000000   47.40845  54.0%   9.7    0s
H  788   586                     102.0000000   53.10066  47.9%  16.3    0s
*  925   620              76     100.0000000   53.10066  46.9%  15.2    0s
* 1070   640              81      99.0000000   57.53407  41.9%  14.3    0s
* 1752   917              62      98.0000000   59.19273  39.6%  13.5    1s
* 2037  1052              77      97.0000000   61.09091  37.0%  13.3    1s
H 2075  1067                      97.0000000   61.09091  37.0%  13.4    1s
* 2552  1372              76      96.0000000   63.22554  34.1%  13.4    1s
  7283  3822   68.00000   29   74   96.00000   68.00000  29.2%  15.0    5s
H 8854  4616                      96.0000000   68.00000  29.2%  15.6    6s
 11905  5847 infeasible   55        96.00000   68.00775  29.2%  17.4   10s
 15314  6719   77.00000   38   70   96.00000   68.66102  28.5%  18.3   15s
*17482  6803              61      95.0000000   69.04819  27.3%  18.9   17s
 19699  7084   92.00000   44   33   95.00000   69.32719  27.0%  19.9   20s
 24202  7602   74.00000   40   68   95.00000   70.00000  26.3%  21.4   25s
*24531  7510              64      94.9999976   70.00000  26.3%  21.5   25s
*25222  7412              69      94.0000000   70.00000  25.5%  21.6   26s
 28396  8833   71.00000   42   56   94.00000   70.00000  25.5%  22.4   30s
 32240 10601   72.00000   41  107   94.00000   70.01709  25.5%  23.2   35s
 36669 12584   83.00000   43   91   94.00000   70.03383  25.5%  23.7   40s
 40921 14444   72.00000   38   66   94.00000   70.06250  25.5%  24.1   45s
 45322 16388   92.00000   44   70   94.00000   70.07143  25.5%  24.5   50s
 49408 18108   91.00000   67   40   94.00000   70.25000  25.3%  24.9   55s
 53185 19556   70.89655   38  106   94.00000   70.89655  24.6%  25.3   60s
 56553 20696   73.00000   38   72   94.00000   71.00000  24.5%  25.7   65s
 60191 21916   71.00000   45   83   94.00000   71.00000  24.5%  26.1   70s
 64214 23072 infeasible   62        94.00000   71.00000  24.5%  26.4   75s
 68276 24245   91.00000   63   78   94.00000   71.00000  24.5%  26.8   80s
 72251 25372   71.00000   41   78   94.00000   71.00000  24.5%  27.2   85s
 76142 26618   88.00000   53   81   94.00000   71.00000  24.5%  27.6   90s
 79771 27828   91.00000   56   34   94.00000   71.00000  24.5%  27.8   95s
 83293 28836   90.00000   60   28   94.00000   71.00000  24.5%  28.0  100s
 87232 30111   71.00000   42   55   94.00000   71.00000  24.5%  28.3  105s
 91118 31182 infeasible   61        94.00000   71.00000  24.5%  28.5  110s
 94919 32426 infeasible   69        94.00000   71.00000  24.5%  28.8  115s
 98557 33405 infeasible   53        94.00000   71.00000  24.5%  29.0  120s
 102486 34739   72.00000   50   82   94.00000   71.00000  24.5%  29.2  125s
 106234 35955   87.00000   43   89   94.00000   71.00000  24.5%  29.4  130s
 110065 37251   75.04255   44   93   94.00000   71.00000  24.5%  29.5  135s
 114094 38614   71.00000   39   73   94.00000   71.00000  24.5%  29.7  140s
 117168 39731   80.00000   51   88   94.00000   71.00000  24.5%  29.8  145s
 120564 40781   72.00000   43   86   94.00000   71.00000  24.5%  29.9  150s
 123218 41669   90.00000   48   60   94.00000   71.00000  24.5%  30.1  155s
 126282 42628 infeasible   50        94.00000   71.00000  24.5%  30.2  160s
 129156 43528   85.00000   56   74   94.00000   71.00000  24.5%  30.3  165s
 132703 44899   82.25000   60  107   94.00000   71.00000  24.5%  30.4  170s
 135850 46021 infeasible   65        94.00000   71.00000  24.5%  30.4  175s
 138876 47086   92.00000   54   48   94.00000   71.00000  24.5%  30.5  180s
H140878 47838                      94.0000000   71.00000  24.5%  30.6  183s
 141232 47968 infeasible   57        94.00000   71.00000  24.5%  30.6  185s
 143882 48785   82.00000   54   91   94.00000   71.00000  24.5%  30.7  190s
 146956 49816   86.00000   51   77   94.00000   71.00000  24.5%  30.8  195s
 150689 51209   90.00000   57   56   94.00000   71.00000  24.5%  30.7  200s
 153657 52094   83.00000   50   79   94.00000   71.00000  24.5%  30.8  205s
 157200 53258 infeasible   60        94.00000   71.00000  24.5%  30.8  210s
 160753 54562 infeasible   50        94.00000   71.00000  24.5%  30.8  215s
 164431 55829 infeasible   48        94.00000   71.00000  24.5%  30.8  220s
 167863 56939   84.00000   50   44   94.00000   71.00000  24.5%  30.8  225s
 171268 58032   71.00000   53  107   94.00000   71.00000  24.5%  30.8  230s
 174334 59087   92.00000   49   56   94.00000   71.00000  24.5%  30.8  235s
 177076 59883   71.00000   41   66   94.00000   71.00000  24.5%  30.9  240s
 180357 61033 infeasible   56        94.00000   71.00000  24.5%  31.0  245s
 183509 62168   71.00000   42   51   94.00000   71.00000  24.5%  31.0  250s
 186254 63047   91.00000   60   52   94.00000   71.00000  24.5%  31.0  255s
 189783 64321   71.00000   45   98   94.00000   71.00000  24.5%  31.0  260s
 192756 65296   74.00000   51  101   94.00000   71.00000  24.5%  31.1  265s
 195990 66291   71.00000   38   97   94.00000   71.00000  24.5%  31.1  270s
 198981 67321   71.00000   40   91   94.00000   71.00000  24.5%  31.2  275s
 202166 68406   88.00000   44   43   94.00000   71.00000  24.5%  31.2  280s
 205274 69395   71.00000   42   85   94.00000   71.00000  24.5%  31.3  285s
 208466 70444   85.00000   42   67   94.00000   71.00000  24.5%  31.3  290s
 211814 71609   77.00000   46   83   94.00000   71.00000  24.5%  31.3  295s
 214764 72575   71.00000   58  113   94.00000   71.00000  24.5%  31.3  300s
 218478 73904 infeasible   47        94.00000   71.00000  24.5%  31.3  305s
 221957 74976   77.00000   56  101   94.00000   71.00000  24.5%  31.3  310s
 225727 76381 infeasible   65        94.00000   71.00000  24.5%  31.3  315s
 228887 77444   88.00000   55   71   94.00000   71.00000  24.5%  31.3  320s
 231869 78216   86.00000   59   41   94.00000   71.00000  24.5%  31.4  325s
 235128 79308   77.00000   50   85   94.00000   71.00000  24.5%  31.4  330s
 238189 80223   78.00000   54  100   94.00000   71.00000  24.5%  31.5  335s
 241341 81255   82.00000   44   87   94.00000   71.00000  24.5%  31.5  340s
 244369 82156   71.03719   45  118   94.00000   71.00000  24.5%  31.5  345s
 247234 83010   86.00000   50   69   94.00000   71.00000  24.5%  31.6  350s
 250371 84063   84.00000   52   80   94.00000   71.00000  24.5%  31.6  355s
 252930 84785 infeasible   56        94.00000   71.00000  24.5%  31.7  360s
 256181 85922   86.00000   63  112   94.00000   71.00000  24.5%  31.7  365s
 259465 87069 infeasible   57        94.00000   71.00000  24.5%  31.7  370s
 262283 87725   74.00000   49   76   94.00000   71.00000  24.5%  31.8  375s
 265122 88529   92.00000   58   75   94.00000   71.00000  24.5%  31.9  380s
 268123 89388   73.47222   45   73   94.00000   71.00000  24.5%  31.9  385s
 270471 89946   92.00000   61   90   94.00000   71.00000  24.5%  32.0  390s
 273539 90808   83.00000   54   91   94.00000   71.00000  24.5%  32.0  395s
 276737 91921   88.00000   58  115   94.00000   71.00000  24.5%  32.0  400s
 279765 92780   85.25000   59   84   94.00000   71.00000  24.5%  32.1  405s
 283346 93865   71.00000   51   99   94.00000   71.00000  24.5%  32.1  410s
 287136 94969   74.00000   50   93   94.00000   71.00000  24.5%  32.0  415s
 290632 96068 infeasible   48        94.00000   71.00000  24.5%  32.0  420s
 293675 96988 infeasible   53        94.00000   71.00000  24.5%  32.1  425s
 296343 97675   87.00000   46   88   94.00000   71.00000  24.5%  32.1  430s
 298937 98291   82.00000   44  121   94.00000   71.00000  24.5%  32.2  435s
 301528 99057   89.00000   59   32   94.00000   71.00000  24.5%  32.3  440s
 304385 99893 infeasible   58        94.00000   71.00000  24.5%  32.3  445s
 307283 100552 infeasible   58        94.00000   71.00000  24.5%  32.3  450s
 310349 101469 infeasible   45        94.00000   71.00000  24.5%  32.4  455s
 313401 102433 infeasible   58        94.00000   71.00000  24.5%  32.4  460s
 316329 103259 infeasible   51        94.00000   71.00000  24.5%  32.4  465s
 319544 104249   74.00000   51   93   94.00000   71.00000  24.5%  32.4  470s
 322286 104869   82.00000   47   81   94.00000   71.00000  24.5%  32.5  475s
 324031 105225   71.00000   47   80   94.00000   71.00000  24.5%  32.5  480s
 326910 105990   88.00000   48   56   94.00000   71.00000  24.5%  32.6  485s
 329449 106656   86.00000   59   82   94.00000   71.00000  24.5%  32.6  490s
 332478 107504   92.00000   66   63   94.00000   71.00000  24.5%  32.6  495s
 335180 108132 infeasible   56        94.00000   71.00000  24.5%  32.7  500s
 338161 108961 infeasible   55        94.00000   71.00000  24.5%  32.7  505s
 341144 109754   88.00000   67   61   94.00000   71.00000  24.5%  32.7  510s
 344184 110486 infeasible   48        94.00000   71.00000  24.5%  32.7  515s
 347189 111319   89.00000   60   67   94.00000   71.00000  24.5%  32.8  520s
 350191 112064   91.00000   58   53   94.00000   71.00000  24.5%  32.8  525s
 352982 112851 infeasible   60        94.00000   71.00000  24.5%  32.9  530s
 355710 113579   78.00000   54   63   94.00000   71.00000  24.5%  32.9  535s
 358613 114423   75.00000   45  119   94.00000   71.00000  24.5%  32.9  540s
 361836 115492   92.00000   58   51   94.00000   71.00000  24.5%  32.9  545s
 365364 116680 infeasible   53        94.00000   71.00000  24.5%  32.9  550s
 368736 117748   85.00000   51   63   94.00000   71.00000  24.5%  32.9  555s
 371894 118603 infeasible   70        94.00000   71.00000  24.5%  32.9  560s
 375084 119671   81.00000   54   84   94.00000   71.00000  24.5%  32.9  565s
 377990 120671   82.00000   48  110   94.00000   71.00000  24.5%  33.0  570s
 380402 121359   89.00000   57   96   94.00000   71.00000  24.5%  33.0  575s
 382991 122014   89.00000   63   89   94.00000   71.00000  24.5%  33.0  580s
 386046 122794   75.00000   49  105   94.00000   71.00000  24.5%  33.0  585s
 388969 123543   86.00000   43   61   94.00000   71.00000  24.5%  33.1  590s
 391957 124383   76.50000   56  107   94.00000   71.00000  24.5%  33.1  595s
 395024 125241   80.00000   48  120   94.00000   71.00000  24.5%  33.1  600s
 397839 126110   71.00000   43  119   94.00000   71.00000  24.5%  33.2  605s
 400623 126852   86.00000   53  102   94.00000   71.00000  24.5%  33.2  610s
 403418 127722 infeasible   54        94.00000   71.00000  24.5%  33.3  615s
 405820 128386   87.00000   53   64   94.00000   71.00000  24.5%  33.3  620s
 408781 129153   79.00000   54  102   94.00000   71.00000  24.5%  33.3  625s
 411315 129617   79.00000   64   57   94.00000   71.00000  24.5%  33.4  630s
 413800 130045   86.00000   54   52   94.00000   71.00000  24.5%  33.4  635s
 416638 130810   71.00000   48  108   94.00000   71.00000  24.5%  33.4  640s
 419743 131838   71.00000   37   42   94.00000   71.00000  24.5%  33.4  645s
 423124 133091   75.00000   53   98   94.00000   71.00000  24.5%  33.4  650s
 425874 133789   87.00000   49   62   94.00000   71.00000  24.5%  33.5  655s
 428853 134594   91.00000   53   79   94.00000   71.00000  24.5%  33.5  660s
 431636 135402   91.00000   48   40   94.00000   71.00000  24.5%  33.5  665s
 434198 136181 infeasible   62        94.00000   71.00000  24.5%  33.5  670s
 437138 137012 infeasible   47        94.00000   71.00000  24.5%  33.5  675s
 439851 137746   83.00000   47   72   94.00000   71.00000  24.5%  33.5  680s
 442602 138448 infeasible   67        94.00000   71.00000  24.5%  33.6  685s
 444929 139097 infeasible   56        94.00000   71.00000  24.5%  33.6  690s
 447628 139574   78.00000   61   83   94.00000   71.00000  24.5%  33.6  695s
 450546 140458   91.00000   58   67   94.00000   71.00000  24.5%  33.6  700s
 453570 141251   72.22851   43   83   94.00000   71.00000  24.5%  33.7  705s
 456191 141976 infeasible   60        94.00000   71.00000  24.5%  33.7  710s
 459161 142887   71.00000   41   69   94.00000   71.00000  24.5%  33.7  715s
 462076 143489 infeasible   75        94.00000   71.00000  24.5%  33.7  720s
 465063 144012   73.04167   44  101   94.00000   71.00000  24.5%  33.7  725s
 467257 144478 infeasible   65        94.00000   71.00000  24.5%  33.8  730s
 469550 144986   77.00000   58   99   94.00000   71.00000  24.5%  33.8  735s
 472294 145626   71.00000   44   56   94.00000   71.00000  24.5%  33.8  740s
 475108 146392   92.00000   56   42   94.00000   71.00000  24.5%  33.9  745s
 478249 147312   81.00000   42  102   94.00000   71.00000  24.5%  33.9  750s
 481296 148226   82.00000   51  109   94.00000   71.00000  24.5%  33.9  755s
 484457 149115 infeasible   46        94.00000   71.00000  24.5%  33.9  760s
 487762 150084 infeasible   62        94.00000   71.00000  24.5%  33.9  765s
 490809 150925   90.00000   67  102   94.00000   71.00000  24.5%  33.9  770s
 493578 151742   71.00000   53   98   94.00000   71.00000  24.5%  33.8  775s
 496680 152609   73.00000   50   94   94.00000   71.00000  24.5%  33.8  780s
 499650 153379   89.00000   61   82   94.00000   71.00000  24.5%  33.9  785s
 502576 154134   88.00000   48   76   94.00000   71.00000  24.5%  33.9  790s
 505642 155095   89.00000   43   48   94.00000   71.00000  24.5%  33.9  795s
 508632 155995   91.00000   56   56   94.00000   71.00000  24.5%  33.9  800s
 511292 156773   87.00000   48   89   94.00000   71.00000  24.5%  33.9  805s
 513321 157460 infeasible   55        94.00000   71.00000  24.5%  33.9  810s
 516113 158129   73.00000   50  111   94.00000   71.00000  24.5%  33.9  815s
 519103 158898   79.00000   54  101   94.00000   71.00000  24.5%  34.0  820s
 521875 159829 infeasible   61        94.00000   71.00000  24.5%  34.0  825s
 524425 160629   87.00000   66  108   94.00000   71.00000  24.5%  34.0  830s
 527252 161458   83.25000   43   95   94.00000   71.00000  24.5%  34.0  835s
 530081 162222   76.00000   57   62   94.00000   71.00000  24.5%  34.1  840s
 533194 163213   78.00000   51   84   94.00000   71.00000  24.5%  34.0  845s
 535798 163914   71.00000   54   86   94.00000   71.00000  24.5%  34.1  850s
 538638 164613 infeasible   52        94.00000   71.00000  24.5%  34.1  855s
 541817 165525   71.00000   44   61   94.00000   71.00000  24.5%  34.1  860s
 545064 166213 infeasible   55        94.00000   71.00000  24.5%  34.0  865s
 548314 167117 infeasible   51        94.00000   71.00000  24.5%  34.0  870s
 551313 167906 infeasible   62        94.00000   71.00000  24.5%  34.0  875s
 553682 168466   91.00000   58   69   94.00000   71.00000  24.5%  34.0  880s
 556511 169109 infeasible   61        94.00000   71.00000  24.5%  34.0  885s
 559276 169622   76.00000   47   69   94.00000   71.00000  24.5%  34.1  890s
 561948 170203 infeasible   68        94.00000   71.00000  24.5%  34.1  895s
 565121 171048   78.00000   47   89   94.00000   71.00000  24.5%  34.0  900s
 567896 171829   71.00000   42   95   94.00000   71.00000  24.5%  34.0  905s
 571034 172703   76.88889   62  116   94.00000   71.00000  24.5%  34.0  910s
 574072 173442   80.00000   59  112   94.00000   71.00000  24.5%  34.0  915s
 576605 173869   87.00000   62   57   94.00000   71.00000  24.5%  34.0  920s
 580044 174917 infeasible   57        94.00000   71.00000  24.5%  34.0  925s
 583758 176037 infeasible   64        94.00000   71.00000  24.5%  34.0  930s
 587511 176971 infeasible   61        94.00000   71.00000  24.5%  34.0  935s
 591131 177951 infeasible   58        94.00000   71.00000  24.5%  34.0  940s
 593707 178517   74.07143   47  100   94.00000   71.00000  24.5%  34.0  945s
 597522 179640   81.00000   54   55   94.00000   71.00000  24.5%  34.0  950s
 600767 180321   78.00000   57   48   94.00000   71.00000  24.5%  34.0  955s
 604178 181037 infeasible   60        94.00000   71.00000  24.5%  34.0  960s
 607492 181709 infeasible   61        94.00000   71.00000  24.5%  34.0  965s
 611069 182470 infeasible   71        94.00000   71.00000  24.5%  34.0  970s
 613652 183044   71.00000   54   81   94.00000   71.00000  24.5%  34.0  975s
 617035 183892 infeasible   76        94.00000   71.00000  24.5%  34.0  980s
 620229 184666   92.00000   47   82   94.00000   71.00000  24.5%  34.1  985s
 623471 185483 infeasible   50        94.00000   71.00000  24.5%  34.1  990s
 626891 186404 infeasible   55        94.00000   71.00000  24.5%  34.1  995s
 630595 187215 infeasible   56        94.00000   71.00000  24.5%  34.1 1000s
 633568 187824   71.00000   47   90   94.00000   71.00000  24.5%  34.1 1005s
 636615 188261   83.00000   45   77   94.00000   71.00000  24.5%  34.1 1010s
 639701 188800   78.00000   53   89   94.00000   71.00000  24.5%  34.1 1015s
 643443 189748 infeasible   53        94.00000   71.00000  24.5%  34.1 1020s
 645901 190306   85.00000   54   81   94.00000   71.00000  24.5%  34.1 1025s
 649282 191088 infeasible   62        94.00000   71.00000  24.5%  34.1 1030s
 652232 191857   71.00000   51  100   94.00000   71.00000  24.5%  34.1 1035s
 656039 192859   91.00000   59   59   94.00000   71.00000  24.5%  34.1 1040s
 659766 193883   91.00000   45   26   94.00000   71.00000  24.5%  34.1 1045s
 663217 194826   88.00000   61   58   94.00000   71.00000  24.5%  34.1 1050s
 666405 195639   79.00000   54   74   94.00000   71.00000  24.5%  34.1 1055s
 670110 196664   79.00000   48   85   94.00000   71.00000  24.5%  34.1 1060s
 673772 197627   71.00000   50   92   94.00000   71.00000  24.5%  34.1 1065s
 677405 198650 infeasible   63        94.00000   71.00000  24.5%  34.1 1070s
 680815 199398   75.50000   50  115   94.00000   71.00000  24.5%  34.1 1075s
 683750 200071   72.04167   43   99   94.00000   71.00000  24.5%  34.1 1080s
 686590 200716 infeasible   59        94.00000   71.00000  24.5%  34.1 1085s
 689924 201575   88.00000   49   71   94.00000   71.00000  24.5%  34.1 1090s
 693198 202379 infeasible   59        94.00000   71.00000  24.5%  34.2 1095s
 696484 203144   71.23333   48  107   94.00000   71.00000  24.5%  34.2 1100s
 699607 204074   84.00000   48  101   94.00000   71.00000  24.5%  34.2 1105s
 703209 205163   82.00000   49   69   94.00000   71.00000  24.5%  34.2 1110s
 706651 206264     cutoff   61        94.00000   71.00000  24.5%  34.2 1115s
 709475 207112 infeasible   70        94.00000   71.00000  24.5%  34.2 1120s
 712666 208114   91.00000   63   96   94.00000   71.00000  24.5%  34.2 1125s
 715877 208992   76.00000   45   83   94.00000   71.00000  24.5%  34.2 1130s
 719380 210141   71.00000   44  107   94.00000   71.00000  24.5%  34.2 1135s
 722755 210965 infeasible   56        94.00000   71.00000  24.5%  34.2 1140s
 726060 211800   87.00000   54   83   94.00000   71.00000  24.5%  34.3 1145s
 729281 212619 infeasible   68        94.00000   71.00000  24.5%  34.3 1150s
 732801 213545   90.00000   45   56   94.00000   71.00000  24.5%  34.3 1155s
 736018 214634   89.00000   56   59   94.00000   71.00000  24.5%  34.3 1160s
 738952 215469 infeasible   64        94.00000   71.00000  24.5%  34.3 1165s
 741963 216166   73.24324   51  118   94.00000   71.00000  24.5%  34.3 1170s
 744794 216724   71.00000   50   87   94.00000   71.00000  24.5%  34.4 1175s
 747992 217508 infeasible   57        94.00000   71.00000  24.5%  34.4 1180s
 750397 218008   83.91892   42  101   94.00000   71.00000  24.5%  34.4 1185s
 753505 218874   71.00000   48  112   94.00000   71.00000  24.5%  34.4 1190s
 757074 219760 infeasible   58        94.00000   71.00000  24.5%  34.4 1195s
 760667 220714   71.00000   49   51   94.00000   71.00000  24.5%  34.4 1200s
 764025 221551 infeasible   55        94.00000   71.00000  24.5%  34.4 1205s
 767334 222494   85.00000   68   94   94.00000   71.00000  24.5%  34.4 1210s
 770250 223276 infeasible   51        94.00000   71.00000  24.5%  34.4 1215s
 773766 224388   75.00000   45   95   94.00000   71.00000  24.5%  34.4 1220s
 777489 225416   81.00000   49   82   94.00000   71.00000  24.5%  34.4 1225s
 780982 226326   91.04167   45   82   94.00000   71.00000  24.5%  34.4 1230s
 785072 227462 infeasible   47        94.00000   71.00000  24.5%  34.4 1235s
 788574 228350   90.00000   53   93   94.00000   71.00000  24.5%  34.4 1240s
 791914 229191   88.00000   54  101   94.00000   71.00000  24.5%  34.4 1245s
 795090 229980   71.00000   43   88   94.00000   71.00000  24.5%  34.4 1250s
 798453 230966   76.00000   59  100   94.00000   71.00000  24.5%  34.4 1255s
 800985 231615   76.00000   54   88   94.00000   71.00000  24.5%  34.4 1260s
 804316 232503   88.00000   53   74   94.00000   71.00000  24.5%  34.4 1265s
 807667 233354   77.00000   48   50   94.00000   71.00000  24.5%  34.5 1270s
 810761 234137 infeasible   50        94.00000   71.00000  24.5%  34.5 1275s
 814112 234878   71.00000   57  104   94.00000   71.00000  24.5%  34.5 1280s
 817540 235722   81.00000   56   75   94.00000   71.00000  24.5%  34.5 1285s
 820544 236467 infeasible   51        94.00000   71.00000  24.5%  34.5 1290s
 823903 237347 infeasible   54        94.00000   71.00000  24.5%  34.5 1295s
 827122 238110   78.00000   46   87   94.00000   71.00000  24.5%  34.5 1300s
 830326 238844   71.00000   47  100   94.00000   71.00000  24.5%  34.5 1305s
 833405 239715 infeasible   49        94.00000   71.00000  24.5%  34.5 1310s
 836248 240639   85.00000   41   31   94.00000   71.00000  24.5%  34.5 1315s
 839852 241587 infeasible   54        94.00000   71.00000  24.5%  34.5 1320s
 843075 242462   91.00000   52   55   94.00000   71.00000  24.5%  34.5 1325s
 846584 243533   88.00000   66   52   94.00000   71.00000  24.5%  34.5 1330s
 849948 244576   84.00000   60   78   94.00000   71.00000  24.5%  34.5 1335s
 853560 245618   76.00000   50   82   94.00000   71.00000  24.5%  34.5 1340s
 856710 246637   92.00000   57   77   94.00000   71.00000  24.5%  34.5 1345s
 860191 247679 infeasible   59        94.00000   71.00000  24.5%  34.5 1350s
 863676 248474   90.00000   66   55   94.00000   71.00000  24.5%  34.5 1355s
 866607 249245   71.00000   41   72   94.00000   71.00000  24.5%  34.5 1360s
 870209 250160 infeasible   49        94.00000   71.00000  24.5%  34.5 1365s
 873822 251145 infeasible   52        94.00000   71.00000  24.5%  34.5 1370s
 876807 251741   77.00000   50   98   94.00000   71.00000  24.5%  34.5 1375s
 880143 252553   71.00000   49  101   94.00000   71.00000  24.5%  34.5 1380s
 883536 253488   80.75000   55   59   94.00000   71.00000  24.5%  34.5 1385s
 887474 254674   84.00000   55   37   94.00000   71.00000  24.5%  34.5 1390s
 891026 255681 infeasible   56        94.00000   71.00000  24.5%  34.5 1395s
 893833 256190   86.01042   61   90   94.00000   71.00000  24.5%  34.5 1400s
 897150 257028   86.00000   64  107   94.00000   71.00000  24.5%  34.5 1405s
 900368 257701 infeasible   54        94.00000   71.00000  24.5%  34.6 1410s
 903697 258467   80.00000   54   88   94.00000   71.00000  24.5%  34.6 1415s
 906639 259042   86.00000   59   56   94.00000   71.00000  24.5%  34.6 1420s
 909776 259953   72.00000   46  100   94.00000   71.00000  24.5%  34.6 1425s
 913219 260913   89.00000   51   72   94.00000   71.00000  24.5%  34.6 1430s
 916065 261637   90.00000   56   69   94.00000   71.00000  24.5%  34.6 1435s
 919540 262585   88.00000   46   89   94.00000   71.00000  24.5%  34.6 1440s
 922075 263400 infeasible   44        94.00000   71.00000  24.5%  34.6 1445s
 925468 264419   72.00000   38   80   94.00000   71.00000  24.5%  34.6 1450s
 928828 265289   71.00000   52   99   94.00000   71.00000  24.5%  34.6 1455s
 931979 266088   74.00000   60   73   94.00000   71.00000  24.5%  34.6 1460s
 935354 267080   84.00000   52   79   94.00000   71.00000  24.5%  34.6 1465s
 938546 267853   71.00000   47   94   94.00000   71.00000  24.5%  34.6 1470s
 941931 268875 infeasible   54        94.00000   71.00000  24.5%  34.6 1475s
 944829 269617   81.00000   52   68   94.00000   71.00000  24.5%  34.6 1480s
 947668 270192   93.00000   49   74   94.00000   71.00000  24.5%  34.7 1485s
 951034 270893   75.00000   59   86   94.00000   71.00000  24.5%  34.7 1490s
 954576 271793   90.00000   57   87   94.00000   71.00000  24.5%  34.6 1495s
 958127 272734 infeasible   61        94.00000   71.00000  24.5%  34.6 1500s
 961713 273618   74.00000   50   74   94.00000   71.00000  24.5%  34.6 1505s
 964962 274464 infeasible   54        94.00000   71.00000  24.5%  34.6 1510s
 968105 275252   82.00000   54   50   94.00000   71.00000  24.5%  34.6 1515s
 971195 276030   71.17724   44  123   94.00000   71.00000  24.5%  34.7 1520s
 973827 276640   73.00000   64   95   94.00000   71.00000  24.5%  34.7 1525s
 976747 277360   76.00000   46   68   94.00000   71.00000  24.5%  34.7 1530s
 980250 278152   71.00000   58   98   94.00000   71.00000  24.5%  34.7 1535s
 983470 279032   81.00000   51   64   94.00000   71.00000  24.5%  34.7 1540s
 985602 279448   82.00000   50   88   94.00000   71.00000  24.5%  34.7 1545s
 989057 280260   74.90000   44   75   94.00000   71.00000  24.5%  34.7 1550s
 992652 281398   87.00000   60   50   94.00000   71.00000  24.5%  34.7 1555s
 996281 282215   72.00000   55  109   94.00000   71.00000  24.5%  34.7 1560s
 999973 283295   78.00000   60   84   94.00000   71.00000  24.5%  34.7 1565s
 1003739 284307 infeasible   60        94.00000   71.00000  24.5%  34.7 1570s
 1007420 285276 infeasible   62        94.00000   71.00000  24.5%  34.6 1575s
 1010815 286066   86.00000   61   68   94.00000   71.00000  24.5%  34.6 1580s
 1014407 286905   77.00000   63   43   94.00000   71.00000  24.5%  34.6 1585s
 1018428 287909   85.00000   65   57   94.00000   71.00000  24.5%  34.6 1590s
 1021929 288850   76.00000   50   85   94.00000   71.00000  24.5%  34.6 1595s
 1025501 289779   71.00000   56   93   94.00000   71.00000  24.5%  34.6 1600s
 1029214 290532 infeasible   58        94.00000   71.00000  24.5%  34.5 1605s
 1033061 291517   91.00000   60   21   94.00000   71.00000  24.5%  34.5 1610s
 1036779 292418 infeasible   59        94.00000   71.00000  24.5%  34.5 1615s
 1039969 293053   80.00000   48   71   94.00000   71.00000  24.5%  34.5 1620s
 1043358 293938   73.04878   44   65   94.00000   71.00000  24.5%  34.5 1625s
 1046945 294807   85.00000   54   68   94.00000   71.00000  24.5%  34.5 1630s
 1050384 295697 infeasible   48        94.00000   71.00000  24.5%  34.5 1635s
 1054105 296534   71.00000   45   97   94.00000   71.00000  24.5%  34.5 1640s
 1057357 297011 infeasible   57        94.00000   71.00000  24.5%  34.5 1645s
 1061136 297829   71.00000   44   88   94.00000   71.00000  24.5%  34.4 1650s
 1064929 299020   71.00000   47   81   94.00000   71.00000  24.5%  34.4 1655s
 1068553 299839   79.00000   59   93   94.00000   71.00000  24.5%  34.4 1660s
 1072250 300920   71.00000   53   86   94.00000   71.00000  24.5%  34.3 1665s
 1076532 302122 infeasible   54        94.00000   71.00000  24.5%  34.3 1670s
 1079645 302784 infeasible   59        94.00000   71.00000  24.5%  34.3 1675s
 1082068 303307 infeasible   48        94.00000   71.00000  24.5%  34.3 1680s
 1085231 304040   72.00000   47   97   94.00000   71.00000  24.5%  34.3 1685s
 1088247 304774   83.00000   53   55   94.00000   71.00000  24.5%  34.3 1690s
 1091642 305577   77.00000   52   82   94.00000   71.00000  24.5%  34.3 1695s
 1094880 306251   71.00000   48   78   94.00000   71.00000  24.5%  34.3 1700s
 1098693 307101   80.00000   49   79   94.00000   71.00000  24.5%  34.3 1705s
 1102019 307665   78.00000   52   82   94.00000   71.00000  24.5%  34.2 1710s
 1105626 308236   78.00000   51   79   94.00000   71.00000  24.5%  34.2 1715s
 1108994 308820   84.00000   54   82   94.00000   71.00000  24.5%  34.2 1720s
 1112622 309553   72.00000   51   79   94.00000   71.00000  24.5%  34.2 1725s
 1115918 310111   82.00000   46   95   94.00000   71.00000  24.5%  34.2 1730s
 1119520 310669 infeasible   62        94.00000   71.00000  24.5%  34.2 1735s
 1122761 311400   81.00000   57   71   94.00000   71.00000  24.5%  34.2 1740s
 1126480 312414   90.00000   45   97   94.00000   71.00000  24.5%  34.1 1745s
 1130008 313452   91.00000   60   75   94.00000   71.00000  24.5%  34.1 1750s
 1132944 314046 infeasible   64        94.00000   71.00000  24.5%  34.1 1755s
 1136231 315028   71.00000   55   81   94.00000   71.00000  24.5%  34.1 1760s
 1139612 315905   93.00000   59   31   94.00000   71.00000  24.5%  34.1 1765s
 1142956 316705   78.00000   54   85   94.00000   71.00000  24.5%  34.1 1770s
 1146192 317444   85.00000   65   65   94.00000   71.00000  24.5%  34.2 1775s
 1149178 318026   85.00000   52   73   94.00000   71.00000  24.5%  34.2 1780s
 1151892 318425   79.00000   72  101   94.00000   71.00000  24.5%  34.2 1785s
 1155431 319148   93.00000   61   56   94.00000   71.00000  24.5%  34.2 1790s
 1158960 319871   72.00000   40  108   94.00000   71.00000  24.5%  34.2 1795s

Cutting planes:
  Learned: 1
  Gomory: 88
  Cover: 275
  Implied bound: 203
  Clique: 78
  MIR: 305
  StrongCG: 6
  Flow cover: 725
  Inf proof: 189
  Zero half: 4
  RLT: 82
  Relax-and-lift: 43
  BQP: 7

Explored 1162140 nodes (39710308 simplex iterations) in 1800.00 seconds (1875.58 work units)
Thread count was 1 (of 96 available processors)

Solution count 10: 94 95 95 ... 100

Time limit reached
Best objective 9.399999999050e+01, best bound 7.100000000000e+01, gap 24.4681%
WARNING: Loading a SolverResults object with an 'aborted' status, but
    containing a solution

Instance 19_2, formulation tres, reform bigm:
  Rect 0: x = 93.00, y = 14.00
  Rect 1: x = 50.00, y = 14.00
  Rect 2: x = 58.00, y = 8.00
  Rect 3: x = 65.00, y = 14.00
  Rect 4: x = 2.00, y = 1.00
  Rect 5: x = 72.00, y = 3.00
  Rect 6: x = 2.00, y = 14.00
  Rect 7: x = 0.00, y = 14.00
  Rect 8: x = 51.00, y = 10.00
  Rect 9: x = 41.00, y = 7.00
  Rect 10: x = 15.00, y = 14.00
  Rect 11: x = 47.00, y = 6.00
  Rect 12: x = 56.00, y = 10.00
  Rect 13: x = 79.00, y = 14.00
  Rect 14: x = 54.00, y = 10.00
  Rect 15: x = 15.00, y = 12.00
  Rect 16: x = 41.00, y = 14.00
  Rect 17: x = 29.00, y = 14.00
  Rect 18: x = 72.00, y = 9.00
  → saved figures to strip_figures/19_2_tres_bigm.png and strip_figures/19_2_tres_bigm.pdf
Set parameter TokenServer to value "mooring.ecn.purdue.edu"
Read LP format model from file /tmp/tmp77eusszy.pyomo.lp
Reading time = 0.01 seconds
x3460: 7031 rows, 3460 columns, 18471 nonzeros
Set parameter TimeLimit to value 1800
Set parameter Threads to value 1
Gurobi Optimizer version 11.0.0 build v11.0.0rc2 (linux64 - "Oracle Linux Server 9.6")

CPU model: AMD EPYC 7643 48-Core Processor, instruction set [SSE2|AVX|AVX2]
Thread count: 48 physical cores, 96 logical processors, using up to 1 threads

Optimize a model with 7031 rows, 3460 columns and 18471 nonzeros
Model fingerprint: 0xe7cc7a4f
Variable types: 2776 continuous, 684 integer (684 binary)
Coefficient statistics:
  Matrix range     [1e+00, 2e+02]
  Objective range  [1e+00, 1e+00]
  Bounds range     [1e+00, 2e+02]
  RHS range        [1e+00, 2e+01]
Presolve removed 2912 rows and 1457 columns
Presolve time: 0.04s
Presolved: 4119 rows, 2003 columns, 10840 nonzeros
Variable types: 1628 continuous, 375 integer (375 binary)
Found heuristic solution: objective 171.0000000
Found heuristic solution: objective 141.0000000

Root relaxation: objective 2.900000e+01, 1044 iterations, 0.02 seconds (0.03 work units)

    Nodes    |    Current Node    |     Objective Bounds      |     Work
 Expl Unexpl |  Obj  Depth IntInf | Incumbent    BestBd   Gap | It/Node Time

     0     0   29.00000    0  125  141.00000   29.00000  79.4%     -    0s
H    0     0                     130.0000000   29.00000  77.7%     -    0s
     0     0   29.00000    0  172  130.00000   29.00000  77.7%     -    0s
H    0     0                     127.0000000   29.00000  77.2%     -    0s
     0     0   29.00000    0  182  127.00000   29.00000  77.2%     -    0s
     0     0   29.00000    0  123  127.00000   29.00000  77.2%     -    0s
     0     0   29.00000    0  136  127.00000   29.00000  77.2%     -    0s
     0     0   29.09738    0  148  127.00000   29.09738  77.1%     -    0s
     0     0   29.25000    0  166  127.00000   29.25000  77.0%     -    0s
     0     0   29.25000    0  191  127.00000   29.25000  77.0%     -    0s
     0     0   29.25000    0  200  127.00000   29.25000  77.0%     -    0s
     0     0   29.25000    0  225  127.00000   29.25000  77.0%     -    0s
     0     0   29.25000    0  217  127.00000   29.25000  77.0%     -    0s
     0     0   29.25000    0  217  127.00000   29.25000  77.0%     -    1s
     0     0   29.25000    0  213  127.00000   29.25000  77.0%     -    1s
     0     0   29.25000    0  152  127.00000   29.25000  77.0%     -    1s
     0     0   29.25000    0  191  127.00000   29.25000  77.0%     -    1s
     0     0   29.25000    0  137  127.00000   29.25000  77.0%     -    1s
     0     0   29.25000    0  186  127.00000   29.25000  77.0%     -    1s
     0     0   29.25000    0  202  127.00000   29.25000  77.0%     -    1s
     0     0   29.25000    0  187  127.00000   29.25000  77.0%     -    1s
     0     0   29.25000    0  147  127.00000   29.25000  77.0%     -    2s
     0     0   29.25000    0  142  127.00000   29.25000  77.0%     -    2s
H    0     0                     124.0000000   29.25000  76.4%     -    2s
H    0     0                     123.0000000   29.25000  76.2%     -    2s
     0     2   29.25000    0  142  123.00000   29.25000  76.2%     -    2s
H  150   125                     111.0000000   31.75000  71.4%  51.4    2s
*  180   142             126     106.0000000   31.75000  70.0%  45.1    2s
H  312   253                     105.0000000   34.95838  66.7%  57.8    3s
H  338   276                     104.9999240   34.95838  66.7%  54.9    3s
H  352   283                     104.0000000   34.95838  66.4%  53.1    3s
   580   462   93.00000   50  109  104.00000   36.00000  65.4%  56.2    5s
*  738   539              94     103.0000000   41.00000  60.2%  65.6    6s
H 1049   675                     103.0000000   42.00000  59.2%  63.2    7s
* 1292   770             100     102.0000000   43.00000  57.8%  59.8    8s
* 1623   906              89     100.0000000   45.00000  55.0%  58.4    9s
  1878  1068   69.00000   28   80  100.00000   45.00000  55.0%  57.4   10s
* 2267  1384              77      99.0000000   46.00000  53.5%  55.6   10s
* 2800  1691              93      97.0000000   53.00000  45.4%  55.2   12s
H 3649  2185                      96.0000000   55.00000  42.7%  54.3   14s
  3741  2254   90.00000   50   46   96.00000   55.00000  42.7%  54.3   15s
  5112  3228   85.00000   38  105   96.00000   56.00000  41.7%  58.2   20s
H 5215  3284                      96.0000000   56.00000  41.7%  58.6   20s
  6440  4130   84.00000   39   97   96.00000   56.00000  41.7%  60.0   25s
  7899  5065 infeasible   42        96.00000   57.00000  40.6%  60.6   30s
  9470  6089   76.00000   43   73   96.00000   58.00000  39.6%  60.2   35s
 10203  6598   68.00000   32  142   96.00000   59.00000  38.5%  60.2   45s
 10223  6611   80.00000   40   56   96.00000   59.00000  38.5%  60.1   50s
 10632  6819   70.00000   43   75   96.00000   59.00000  38.5%  62.9   55s
 11174  7076   87.00000   77   29   96.00000   59.00000  38.5%  62.7   60s
 12398  7563   92.00000   56   33   96.00000   59.00000  38.5%  62.7   65s
 14013  8160   91.00000   47   64   96.00000   59.00000  38.5%  61.8   70s
 15437  8625   87.00000   75   46   96.00000   60.00000  37.5%  61.2   75s
 17092  9086   72.00000   42   72   96.00000   67.00000  30.2%  61.1   80s
 18949  9714   71.00000   53   69   96.00000   68.00000  29.2%  59.9   85s
 21391 10474   75.00000   51   72   96.00000   68.00000  29.2%  57.9   90s
H22934 10574                      95.0000000   68.00000  28.4%  56.2   92s
*22994 10000              93      94.0000000   68.00000  27.7%  56.1   92s
 24036 10323   91.00000   63   63   94.00000   68.00000  27.7%  55.6   95s
 26243 11006   84.00000   45   62   94.00000   68.00000  27.7%  54.8  100s
 27582 11210   69.00000   54   95   94.00000   68.00000  27.7%  55.6  105s
H27729 11091                      93.9999999   68.00000  27.7%  55.6  105s
 29047 11727   85.00000   58   59   94.00000   68.00000  27.7%  56.3  110s
 30862 12785   90.00000   60   60   94.00000   68.00000  27.7%  56.4  115s
 32578 13860   82.00000   56   97   94.00000   68.00000  27.7%  55.9  120s
 34769 15263   91.00000   63   78   94.00000   68.00000  27.7%  55.4  125s
 36717 16317 infeasible   48        94.00000   68.00000  27.7%  55.3  130s
 38669 17452   85.00000   76   73   94.00000   68.00000  27.7%  55.2  135s
 40568 18520 infeasible   89        94.00000   68.00000  27.7%  54.9  140s
 42473 19608   81.00000   64   68   94.00000   68.00000  27.7%  54.9  145s
 44283 20618   78.00000   63   73   94.00000   68.00000  27.7%  55.0  150s
 46167 21545   88.00000   74   47   94.00000   68.00000  27.7%  54.9  155s
 47995 22621   83.00000   77   72   94.00000   68.00000  27.7%  55.0  160s
 49669 23549   82.00000   49   67   94.00000   68.00000  27.7%  55.3  165s
 51292 24447   73.13043   57   80   94.00000   68.00000  27.7%  55.6  170s
 52805 25219   70.00000   55   81   94.00000   68.00000  27.7%  56.1  175s
 54539 26164 infeasible   60        94.00000   68.00000  27.7%  56.2  180s
 56249 27146   81.00000   62   58   94.00000   68.00000  27.7%  56.2  185s
 57661 27853 infeasible   65        94.00000   68.00000  27.7%  56.6  190s
 58656 28276 infeasible   72        94.00000   68.00000  27.7%  57.1  195s
 60326 29230   84.00000   63   64   94.00000   68.00000  27.7%  57.3  200s
 61686 29856   85.00000   69   50   94.00000   68.00000  27.7%  57.8  205s
 63434 30799 infeasible   65        94.00000   68.00000  27.7%  57.9  210s
 64793 31492   83.00000   74   61   94.00000   68.00000  27.7%  57.9  215s
 66863 32612   74.00000   66   86   94.00000   68.00000  27.7%  57.6  220s
 68463 33508   68.00000   42   67   94.00000   68.00000  27.7%  57.7  225s
 69514 34027   92.00000   61   58   94.00000   68.00000  27.7%  58.0  230s
 70980 34839   77.00000   41   80   94.00000   68.00000  27.7%  58.3  235s
 72699 35779   89.00000   47   84   94.00000   68.00000  27.7%  58.3  240s
 74222 36589   86.00000   53   56   94.00000   68.00000  27.7%  58.5  245s
 75757 37402   77.00000   71   63   94.00000   68.00000  27.7%  58.7  250s
 77550 38358   72.00000   53   59   94.00000   68.00000  27.7%  58.7  255s
 79298 39381   72.00000   55   82   94.00000   68.00000  27.7%  58.7  260s
 81097 40430   88.00000   92   54   94.00000   68.00000  27.7%  58.7  265s
 83083 41507   77.00000   70   77   94.00000   68.00000  27.7%  58.6  270s
 84970 42606   92.00000   61   85   94.00000   68.00000  27.7%  58.6  275s
 85793 43003   77.00000   54   80   94.00000   68.00000  27.7%  58.8  280s
 87366 43822 infeasible   84        94.00000   68.00000  27.7%  58.9  285s
 89118 44858 infeasible   77        94.00000   68.00000  27.7%  59.0  290s
 90992 45964 infeasible   74        94.00000   68.00000  27.7%  58.9  295s
 92507 46848   82.00000   58   72   94.00000   68.00000  27.7%  59.0  300s
 93902 47627   77.00000   48   71   94.00000   68.00000  27.7%  59.1  305s
 95294 48337 infeasible   66        94.00000   68.00000  27.7%  59.3  310s
 96940 49272   87.00000   61   77   94.00000   68.00000  27.7%  59.4  315s
 98906 50340   79.00000   69   64   94.00000   68.00000  27.7%  59.3  320s
 100577 51362   80.00000   61  100   94.00000   68.00000  27.7%  59.3  325s
 101762 51969   79.00000   71   99   94.00000   68.00000  27.7%  59.4  330s
 103678 53046   91.00000   67   89   94.00000   68.00000  27.7%  59.2  335s
 105376 54054 infeasible   80        94.00000   68.00000  27.7%  59.1  340s
 106970 54962 infeasible   63        94.00000   68.00000  27.7%  59.2  345s
 108769 55960   77.00000   42   78   94.00000   68.00000  27.7%  59.2  350s
 110102 56612   80.00000   54   75   94.00000   68.00000  27.7%  59.4  355s
 111507 57343   81.00000   48   78   94.00000   68.00000  27.7%  59.6  360s
 112679 57864 infeasible   57        94.00000   68.00000  27.7%  59.8  365s
 113976 58397   72.00000   46   85   94.00000   68.00000  27.7%  60.1  370s
 115661 59301 infeasible   56        94.00000   68.00000  27.7%  60.1  375s
 117323 60174   79.00000   60   74   94.00000   68.00000  27.7%  60.2  380s
 118246 60618 infeasible   72        94.00000   68.00000  27.7%  60.3  385s
 120202 61705   81.00000   52   59   94.00000   68.00000  27.7%  60.2  390s
 121782 62564 infeasible   66        94.00000   68.00000  27.7%  60.2  395s
 123204 63285   82.00000   51   71   94.00000   68.00000  27.7%  60.4  400s
 124742 64125 infeasible   75        94.00000   68.00000  27.7%  60.5  405s
 126225 64889 infeasible   51        94.00000   68.00000  27.7%  60.7  410s
 127388 65417   91.00000   68   49   94.00000   68.00000  27.7%  60.9  415s
 128966 66264   82.00000   56   62   94.00000   68.00000  27.7%  61.0  420s
 130804 67266   79.00000   62   60   94.00000   68.00000  27.7%  60.9  425s
 132702 68310   75.00000   50   90   94.00000   68.00000  27.7%  60.9  430s
 134108 69025   81.00000   61   97   94.00000   68.00000  27.7%  60.9  435s
 135269 69580   80.00000   57   64   94.00000   68.00000  27.7%  61.0  440s
 136547 70319   91.00000   45   74   94.00000   68.00000  27.7%  61.1  445s
 138028 71108   79.00000   58   90   94.00000   68.70000  26.9%  61.1  450s
 139558 71817   89.00000   63   63   94.00000   68.88889  26.7%  61.2  455s
 141451 72814   85.00000   59   59   94.00000   69.00000  26.6%  61.1  460s
 143723 74153   89.00000   73   53   94.00000   69.00000  26.6%  60.9  465s
 145846 75319 infeasible   91        94.00000   69.00000  26.6%  60.7  470s
 147380 76122 infeasible   64        94.00000   69.00000  26.6%  60.6  475s
 148740 76758 infeasible   54        94.00000   69.00000  26.6%  60.8  480s
 150287 77558   79.00000   57   78   94.00000   69.00000  26.6%  60.8  485s
 151641 78141   83.00000   59   54   94.00000   69.00000  26.6%  60.9  490s
 152577 78538 infeasible   63        94.00000   69.00000  26.6%  61.1  495s
 153906 79164   77.00000   49   79   94.00000   69.00000  26.6%  61.3  500s
 155052 79690 infeasible   61        94.00000   69.00000  26.6%  61.5  505s
 156363 80312   77.00000   58   77   94.00000   69.00000  26.6%  61.7  510s
 157608 80844   86.00000   54   78   94.00000   69.00000  26.6%  61.8  515s
 158863 81435   89.00000   62   72   94.00000   69.00000  26.6%  62.0  520s
 160314 82100   84.00000   57   99   94.00000   69.00000  26.6%  62.1  525s
 161646 82761   78.00000   58   82   94.00000   69.00000  26.6%  62.2  530s
 162779 83327   93.00000   66   74   94.00000   69.00000  26.6%  62.3  535s
 164190 83934 infeasible   63        94.00000   69.00000  26.6%  62.4  540s
 165760 84685   89.00000   67   44   94.00000   69.00000  26.6%  62.5  545s
 167088 85247 infeasible   61        94.00000   69.00000  26.6%  62.5  550s
 168583 85999 infeasible   72        94.00000   69.00000  26.6%  62.6  555s
 169532 86425   69.00000   54   84   94.00000   69.00000  26.6%  62.7  560s
 171034 87145   75.00000   63   83   94.00000   69.00000  26.6%  62.7  565s
 172611 87963   92.00000   74   53   94.00000   69.00000  26.6%  62.7  570s
 174098 88620   90.00000   60   79   94.00000   69.00000  26.6%  62.8  575s
 175528 89243   85.00000   67   55   94.00000   69.00000  26.6%  62.8  580s
 177176 90068   78.00000   53   87   94.00000   69.00000  26.6%  62.8  585s
 178707 90887   79.00000   54   71   94.00000   69.00000  26.6%  62.8  590s
 180095 91518   76.00000   53   76   94.00000   69.00000  26.6%  62.9  595s
 181487 92153 infeasible   63        94.00000   69.00000  26.6%  63.0  600s
 182505 92598   85.00000   81   48   94.00000   69.00000  26.6%  63.2  605s
 183987 93314   72.00000   60   76   94.00000   69.00000  26.6%  63.3  610s
 185099 93814 infeasible   72        94.00000   69.00000  26.6%  63.3  615s
 186575 94557   69.00000   48   82   94.00000   69.00000  26.6%  63.4  620s
 188182 95288 infeasible   58        94.00000   69.00000  26.6%  63.4  625s
 189334 95848   86.00000   75   72   94.00000   69.00000  26.6%  63.4  630s
 190943 96671   69.00000   50   90   94.00000   69.00000  26.6%  63.4  635s
 192199 97234   77.00000   55   75   94.00000   69.00000  26.6%  63.6  640s
 193540 97894   69.00000   47   83   94.00000   69.00000  26.6%  63.7  645s
 194806 98606   92.00000   62   79   94.00000   69.00000  26.6%  63.7  650s
 196393 99373 infeasible   67        94.00000   69.28571  26.3%  63.7  655s
 197789 99951   92.00000   64   82   94.00000   70.00000  25.5%  63.8  660s
 199315 100565 infeasible   63        94.00000   70.00000  25.5%  63.8  665s
 200319 100973 infeasible   44        94.00000   70.00000  25.5%  63.9  670s
 202032 101926   90.00000   82   60   94.00000   70.00000  25.5%  63.9  675s
 203304 102596   91.00000   78   62   94.00000   70.00000  25.5%  63.8  680s
 205312 103711   79.00000   68   61   94.00000   70.00000  25.5%  63.7  685s
 207371 104686   90.00000   75   67   94.00000   70.00000  25.5%  63.5  690s
 209176 105492 infeasible   57        94.00000   70.00000  25.5%  63.4  695s
 210825 106293   90.00000   82   50   94.00000   70.00000  25.5%  63.4  700s
 212833 107357   86.00000   77   60   94.00000   70.00000  25.5%  63.3  705s
 214495 108194   84.00000   60   72   94.00000   70.00000  25.5%  63.3  710s
 216356 109106   91.00000   52   69   94.00000   70.00000  25.5%  63.2  715s
 218200 110095   87.00000   64   94   94.00000   70.00000  25.5%  63.2  720s
 219800 110952   70.00000   58   93   94.00000   70.00000  25.5%  63.2  725s
 221570 111845   87.00000   77   56   94.00000   70.00000  25.5%  63.2  730s
 223167 112720   83.00000   48   92   94.00000   70.00000  25.5%  63.2  735s
 224448 113389   74.00000   61  104   94.00000   70.00000  25.5%  63.2  740s
 226095 114357   70.00000   53   66   94.00000   70.00000  25.5%  63.2  745s
 227865 115303   87.00000   64   79   94.00000   70.00000  25.5%  63.2  750s
 229507 116055   91.28571   52   85   94.00000   70.00000  25.5%  63.2  755s
 231355 117048   92.00000   56   58   94.00000   70.00000  25.5%  63.1  760s
 232981 117935   73.00000   59   92   94.00000   70.00000  25.5%  63.1  765s
 234873 118923   85.00000   58   60   94.00000   70.00000  25.5%  63.1  770s
 236830 119903   70.00000   59   75   94.00000   70.00000  25.5%  63.0  775s
 237577 120301   91.00000   67   54   94.00000   70.00000  25.5%  63.0  780s
 239421 121343   89.00000   80   77   94.00000   70.00000  25.5%  62.9  785s
 241278 122305   84.00000   61   65   94.00000   70.00000  25.5%  62.9  790s
 243180 123325 infeasible   68        94.00000   70.00000  25.5%  62.8  795s
 245084 124282   72.00000   56   74   94.00000   70.00000  25.5%  62.8  800s
 247059 125338   70.00000   50   85   94.00000   70.00000  25.5%  62.7  805s
 248675 126107 infeasible   62        94.00000   70.00000  25.5%  62.7  810s
 249906 126671   86.00000   82   74   94.00000   70.00000  25.5%  62.7  815s
 251445 127419   78.00000   58   86   94.00000   70.00000  25.5%  62.8  820s
 253047 128209   72.00000   46   59   94.00000   70.00000  25.5%  62.8  825s
 254781 128976 infeasible   68        94.00000   70.00000  25.5%  62.8  830s
 256349 129659   85.00000   51   51   94.00000   70.00000  25.5%  62.8  835s
 257911 130384   85.00000   72   55   94.00000   70.00000  25.5%  62.8  840s
 259504 130980   79.00000   64   63   94.00000   70.00000  25.5%  62.8  845s
 261126 131691   70.00000   56   78   94.00000   70.00000  25.5%  62.9  850s
 262170 132118 infeasible   60        94.00000   70.00000  25.5%  63.0  855s
 263539 132716 infeasible   53        94.00000   70.00000  25.5%  63.0  860s
 264941 133304   91.00000   58   68   94.00000   70.00000  25.5%  63.1  865s
 265826 133634   79.00000   61   66   94.00000   70.00000  25.5%  63.2  870s
 267289 134249 infeasible   63        94.00000   70.00000  25.5%  63.3  875s
 268510 134794   78.00000   62   64   94.00000   70.00000  25.5%  63.2  880s
 270017 135523   90.00000   79   49   94.00000   70.00000  25.5%  63.3  885s
 271507 136168   84.00000   58   73   94.00000   70.00000  25.5%  63.3  890s
 272739 136718 infeasible   53        94.00000   70.00000  25.5%  63.4  895s
 274045 137281 infeasible   54        94.00000   70.00000  25.5%  63.5  900s
 275454 137872   86.00000   84   79   94.00000   70.00000  25.5%  63.5  905s
 276804 138432   80.00000   53   59   94.00000   70.00000  25.5%  63.6  910s
 278209 139050   79.00000   57   74   94.00000   70.00000  25.5%  63.6  915s
 279615 139685   85.00000   61   68   94.00000   70.00000  25.5%  63.7  920s
 281105 140442   70.00000   60   97   94.00000   70.00000  25.5%  63.7  925s
 282634 141156   80.06250   63   77   94.00000   70.00000  25.5%  63.7  930s
 283858 141710   70.00000   56   90   94.00000   70.00000  25.5%  63.8  935s
 285292 142295   71.20000   56   70   94.00000   70.00000  25.5%  63.9  940s
 286541 142790 infeasible   69        94.00000   70.00000  25.5%  63.9  945s
 287910 143383   82.00000   60   85   94.00000   70.00000  25.5%  64.0  950s
 288554 143618 infeasible   74        94.00000   70.00000  25.5%  64.1  955s
 289937 144245   85.00000   59   55   94.00000   70.00000  25.5%  64.1  960s
 291289 144799 infeasible   71        94.00000   70.00000  25.5%  64.2  965s
 292604 145312   79.00000   59   61   94.00000   70.00000  25.5%  64.3  970s
 294033 145958   86.00000   66   62   94.00000   70.00000  25.5%  64.3  975s
 295179 146562   85.00000   74   48   94.00000   70.00000  25.5%  64.3  980s
 296138 146973   93.00000   57   83   94.00000   70.00000  25.5%  64.4  985s
 297593 147541   77.00000   51   87   94.00000   70.00000  25.5%  64.5  990s
 298869 148016 infeasible   58        94.00000   70.00000  25.5%  64.5  995s
 300352 148599   76.00000   62   83   94.00000   70.00000  25.5%  64.6 1000s
 302010 149464   72.00000   59   73   94.00000   70.00000  25.5%  64.6 1005s
 303805 150446 infeasible   53        94.00000   70.00000  25.5%  64.5 1010s
 305586 151310   79.00000   49  101   94.00000   70.00000  25.5%  64.5 1015s
 307285 152169   86.33333   58   65   94.00000   70.00000  25.5%  64.5 1020s
 308935 152996   90.00000   52   69   94.00000   70.00000  25.5%  64.5 1025s
 310569 153799   84.00000   52   80   94.00000   70.00000  25.5%  64.5 1030s
 312130 154490   92.00000   74   54   94.00000   70.00000  25.5%  64.5 1035s
 313744 155419   87.00000   75   67   94.00000   70.00000  25.5%  64.5 1040s
 315117 156206   72.00000   50   56   94.00000   70.00000  25.5%  64.4 1045s
 316803 157105   82.00000   57   76   94.00000   70.00000  25.5%  64.4 1050s
 318132 157783   85.00000   56   55   94.00000   70.00000  25.5%  64.4 1055s
 319459 158450   76.00000   54   87   94.00000   70.00000  25.5%  64.4 1060s
 320988 159187   76.00000   52  101   94.00000   70.00000  25.5%  64.4 1065s
 322406 159890   92.00000   49   97   94.00000   70.00000  25.5%  64.5 1070s
 324001 160667 infeasible   65        94.00000   70.00000  25.5%  64.5 1075s
 325637 161521   79.00000   76   77   94.00000   70.00000  25.5%  64.5 1080s
 327420 162369   91.00000   89   89   94.00000   70.00000  25.5%  64.4 1085s
 329220 163253   83.00000   63   75   94.00000   70.00000  25.5%  64.4 1090s
 330971 164194 infeasible   64        94.00000   70.00000  25.5%  64.4 1095s
 332800 165053   77.00000   65   74   94.00000   70.00000  25.5%  64.3 1100s
 333893 165587   90.00000   77   83   94.00000   70.00000  25.5%  64.3 1105s
 335895 166576   81.00000   64   79   94.00000   70.00000  25.5%  64.2 1110s
 337443 167276   76.00000   62   93   94.00000   70.00000  25.5%  64.3 1115s
 338742 167852 infeasible   64        94.00000   70.00000  25.5%  64.2 1120s
 340228 168631 infeasible   94        94.00000   70.00000  25.5%  64.2 1125s
 342060 169562   92.00000   61   56   94.00000   70.00000  25.5%  64.2 1130s
 343673 170288 infeasible   70        94.00000   70.00000  25.5%  64.2 1135s
 345613 171330 infeasible   66        94.00000   70.00000  25.5%  64.1 1140s
 347169 172113 infeasible   55        94.00000   70.00000  25.5%  64.1 1145s
 348189 172600   88.00000   76   78   94.00000   70.00000  25.5%  64.1 1150s
 349909 173435 infeasible   68        94.00000   70.00000  25.5%  64.1 1155s
 351586 174293   70.00000   56   67   94.00000   70.00000  25.5%  64.1 1160s
 353368 175279   78.00000   64   60   94.00000   70.00000  25.5%  64.1 1165s
 355283 176161   84.00000   51   84   94.00000   70.00000  25.5%  64.0 1170s
 356772 176846 infeasible   69        94.00000   70.00000  25.5%  64.1 1175s
 358408 177606   85.00000   60   74   94.00000   70.00000  25.5%  64.1 1180s
 359599 178068   88.00000   57   67   94.00000   70.00000  25.5%  64.1 1185s
 361231 178909   85.00000   52   71   94.00000   70.00000  25.5%  64.2 1190s
 362783 179598   74.00000   57   73   94.00000   70.00000  25.5%  64.1 1195s
 364532 180507   91.00000   65   59   94.00000   70.00000  25.5%  64.1 1200s
 366143 181334   92.00000   81   45   94.00000   70.00000  25.5%  64.1 1205s
 367869 182164 infeasible   81        94.00000   70.00000  25.5%  64.1 1210s
 369381 182912   88.00000   76   55   94.00000   70.00000  25.5%  64.0 1215s
 371074 183729   83.28571   70   44   94.00000   70.00000  25.5%  64.0 1220s
 372997 184751   84.00000   72   71   94.00000   70.00000  25.5%  63.9 1225s
 375063 185868   90.00000   76   49   94.00000   70.00000  25.5%  63.9 1230s
 376639 186603   90.00000   72   63   94.00000   70.00000  25.5%  63.9 1235s
 378149 187383   88.00000   72   88   94.00000   70.00000  25.5%  63.9 1240s
 379945 188351   70.00000   56   73   94.00000   70.00000  25.5%  63.9 1245s
 382220 189547 infeasible   73        94.00000   70.00000  25.5%  63.7 1250s
 383936 190487   91.00000   71   84   94.00000   70.00000  25.5%  63.7 1255s
 385316 191186   75.00000   59   89   94.00000   70.00000  25.5%  63.7 1260s
 387315 192252   93.00000   64   78   94.00000   70.00000  25.5%  63.6 1265s
 389217 193302 infeasible   82        94.00000   70.00000  25.5%  63.6 1270s
 391024 194134   70.00000   51   76   94.00000   70.00000  25.5%  63.6 1275s
 392409 194827   85.00000   70   75   94.00000   70.00000  25.5%  63.6 1280s
 393938 195437 infeasible   65        94.00000   70.00000  25.5%  63.6 1285s
 395463 196136 infeasible   75        94.00000   70.00000  25.5%  63.6 1290s
 397181 197053   93.00000   61   79   94.00000   70.00000  25.5%  63.6 1295s
 398791 197793   82.00000   46   68   94.00000   70.00000  25.5%  63.6 1300s
 399907 198293 infeasible   60        94.00000   70.00000  25.5%  63.6 1305s
 401489 199055   86.00000   62   53   94.00000   70.00000  25.5%  63.6 1310s
 403121 199863   84.00000   60   88   94.00000   70.00000  25.5%  63.6 1315s
 404734 200616   81.00000   52   75   94.00000   70.00000  25.5%  63.6 1320s
 406279 201426 infeasible   71        94.00000   70.00000  25.5%  63.6 1325s
 407936 202304 infeasible   72        94.00000   70.00000  25.5%  63.6 1330s
 409713 203107   91.00000   74   61   94.00000   70.00000  25.5%  63.6 1335s
 411678 204044   78.00000   63   55   94.00000   70.00000  25.5%  63.5 1340s
 413245 204839   84.00000   66   61   94.00000   70.00000  25.5%  63.5 1345s
 414911 205683   82.00000   45   59   94.00000   70.00000  25.5%  63.5 1350s
 416840 206643   93.00000   70   64   94.00000   70.00000  25.5%  63.5 1356s
 417563 206956   85.00000   52   56   94.00000   70.00000  25.5%  63.5 1360s
 418891 207497   91.00000   67   72   94.00000   70.00000  25.5%  63.5 1365s
 420776 208428 infeasible   54        94.00000   70.00000  25.5%  63.5 1370s
 422506 209369 infeasible   86        94.00000   70.00000  25.5%  63.5 1375s
 424052 210201   92.00000   82   54   94.00000   70.00000  25.5%  63.5 1380s
 425788 211042   71.09756   67  111   94.00000   70.00000  25.5%  63.5 1385s
 427573 212049   89.00000   73   59   94.00000   70.00000  25.5%  63.4 1390s
 429231 212849   84.00000   54   69   94.00000   70.00000  25.5%  63.4 1395s
 430645 213569 infeasible   68        94.00000   70.00000  25.5%  63.5 1400s
 431944 214165   91.00000   51   83   94.00000   70.00000  25.5%  63.5 1405s
 433009 214714   86.00000   61  110   94.00000   70.00000  25.5%  63.5 1410s
 434512 215410   77.00000   56   80   94.00000   70.00000  25.5%  63.6 1415s
 435948 216153   76.00000   52   58   94.00000   70.00000  25.5%  63.6 1420s
 437423 216928   75.00000   62   82   94.00000   70.00000  25.5%  63.5 1425s
 439024 217730 infeasible   71        94.00000   70.00000  25.5%  63.5 1430s
 440542 218539   84.00000   60   68   94.00000   70.00000  25.5%  63.6 1435s
 442291 219467   86.00000   64   49   94.00000   70.00000  25.5%  63.5 1440s
 443794 220129   86.00000   69   90   94.00000   70.00000  25.5%  63.6 1445s
 445653 221063   91.00000   43  114   94.00000   70.00000  25.5%  63.5 1450s
 446884 221731   88.00000   70   69   94.00000   70.00000  25.5%  63.5 1455s
 448728 222749   85.00000   64   54   94.00000   70.00000  25.5%  63.5 1460s
 450282 223498 infeasible   61        94.00000   70.00000  25.5%  63.5 1465s
 452027 224427   83.00000   59   63   94.00000   70.00000  25.5%  63.4 1470s
 453670 225310   88.00000   70   51   94.00000   70.00000  25.5%  63.4 1475s
 455282 226073 infeasible   69        94.00000   70.00000  25.5%  63.4 1480s
 457105 227040   84.00000   71   60   94.00000   70.00000  25.5%  63.4 1485s
 458464 227667   91.00000   59   64   94.00000   70.00000  25.5%  63.4 1490s
 460216 228583   91.00000   67   70   94.00000   70.00000  25.5%  63.4 1495s
 462257 229640 infeasible   66        94.00000   70.02548  25.5%  63.4 1500s
 463837 230339 infeasible   69        94.00000   70.25436  25.3%  63.4 1505s
 465739 231274   90.00000   78   66   94.00000   70.45000  25.1%  63.3 1510s
 467253 231892   89.00000   73   59   94.00000   70.74194  24.7%  63.3 1515s
 468550 232441   82.00000   73   90   94.00000   70.81818  24.7%  63.4 1520s
 469563 232830   87.00000   67   48   94.00000   71.00000  24.5%  63.4 1525s
 471027 233474   79.00000   64   70   94.00000   71.00000  24.5%  63.4 1530s
 473104 234495   71.00000   48   66   94.00000   71.00000  24.5%  63.4 1535s
 475337 235659   72.00000   55   83   94.00000   71.00000  24.5%  63.3 1540s
 477155 236535   83.00000   48   78   94.00000   71.00000  24.5%  63.3 1545s
 478934 237471   86.00000   46   45   94.00000   71.00000  24.5%  63.2 1550s
 480769 238360 infeasible   68        94.00000   71.00000  24.5%  63.2 1555s
 482288 239032   85.00000   63   61   94.00000   71.00000  24.5%  63.2 1560s
 483633 239663 infeasible   71        94.00000   71.00000  24.5%  63.2 1565s
 485730 240665   89.00000   57   85   94.00000   71.00000  24.5%  63.1 1570s
 487872 241777 infeasible   83        94.00000   71.00000  24.5%  63.1 1575s
 489275 242446   85.00000   93   57   94.00000   71.00000  24.5%  63.0 1580s
 491108 243320   85.00000   69   74   94.00000   71.00000  24.5%  63.0 1585s
 492482 243901   71.00000   46   56   94.00000   71.00000  24.5%  63.0 1590s
 494403 244855   77.00000   52   55   94.00000   71.00000  24.5%  63.0 1595s
 496316 245756   85.00000   69   68   94.00000   71.00000  24.5%  62.9 1600s
 498137 246622   80.00000   63   61   94.00000   71.00000  24.5%  62.9 1605s
 499743 247394   87.00000   81   67   94.00000   71.00000  24.5%  62.9 1610s
 501185 248016   88.28571   71   68   94.00000   71.00000  24.5%  62.9 1615s
 502658 248753   78.00000   59   82   94.00000   71.00000  24.5%  62.9 1620s
 504367 249569   91.00000   68   54   94.00000   71.00000  24.5%  62.9 1625s
 505951 250290   75.00000   54   73   94.00000   71.00000  24.5%  62.9 1630s
 507889 251203   71.00000   55   94   94.00000   71.00000  24.5%  62.9 1635s
 509383 251989   87.00000   74   84   94.00000   71.00000  24.5%  62.8 1640s
 510806 252589   91.00000   77   67   94.00000   71.00000  24.5%  62.9 1645s
 512697 253514   85.00000   61   74   94.00000   71.00000  24.5%  62.8 1650s
 514666 254513   84.00000   66   61   94.00000   71.00000  24.5%  62.8 1655s
 516453 255248   84.00000   60   64   94.00000   71.00000  24.5%  62.8 1660s
 518349 256219   71.00000   64   82   94.00000   71.00000  24.5%  62.7 1665s
 520021 256993   75.00000   55   77   94.00000   71.00000  24.5%  62.7 1670s
 521650 257738   73.00000   60   93   94.00000   71.00000  24.5%  62.7 1675s
 522889 258268   78.00000   57   89   94.00000   71.00000  24.5%  62.7 1680s
 524679 259159   72.00000   58   71   94.00000   71.00000  24.5%  62.7 1685s
 526104 259774   71.00000   50   91   94.00000   71.00000  24.5%  62.7 1690s
 527921 260616   82.00000   51   67   94.00000   71.00000  24.5%  62.7 1695s
 529270 261306 infeasible   77        94.00000   71.00000  24.5%  62.8 1700s
 530820 261915   84.00000   60   78   94.00000   71.00000  24.5%  62.8 1705s
 532449 262700   85.00000   71   54   94.00000   71.00000  24.5%  62.8 1710s
 533606 263290   85.00000   66   75   94.00000   71.00000  24.5%  62.8 1715s
 535220 264121   73.00000   57   83   94.00000   71.00000  24.5%  62.8 1720s
 536720 264843 infeasible   72        94.00000   71.00000  24.5%  62.8 1725s
 538589 265771   76.00000   56   67   94.00000   71.00000  24.5%  62.7 1730s
 540158 266547 infeasible   79        94.00000   71.00000  24.5%  62.7 1735s
 541479 267205   71.00000   56   91   94.00000   71.00000  24.5%  62.7 1740s
 543237 268016   85.00000   50   57   94.00000   71.00000  24.5%  62.7 1745s
 544973 268858 infeasible   57        94.00000   71.00000  24.5%  62.7 1750s
 546755 269685   76.00000   65   83   94.00000   71.00000  24.5%  62.7 1755s
 548570 270562 infeasible   67        94.00000   71.00000  24.5%  62.7 1760s
 550030 271168   86.00000   63   65   94.00000   71.00000  24.5%  62.7 1765s
 551279 271768   71.00000   50   74   94.00000   71.00000  24.5%  62.7 1770s
 552604 272224   80.00000   55   79   94.00000   71.00000  24.5%  62.7 1775s
 554096 272872   84.00000   57   85   94.00000   71.00000  24.5%  62.8 1780s
 555572 273481 infeasible   82        94.00000   71.00000  24.5%  62.8 1785s
 557119 274092   71.00000   72  106   94.00000   71.00000  24.5%  62.8 1790s
 558726 274880   81.00000   65   64   94.00000   71.00000  24.5%  62.8 1795s

Cutting planes:
  Gomory: 11
  Cover: 15
  Implied bound: 16
  Projected implied bound: 3
  Clique: 11
  MIR: 9
  Flow cover: 58
  Network: 1
  RLT: 38
  Relax-and-lift: 7
  BQP: 5

Explored 560007 nodes (35203139 simplex iterations) in 1800.00 seconds (1573.50 work units)
Thread count was 1 (of 96 available processors)

Solution count 10: 94 94 95 ... 103

Time limit reached
Best objective 9.399999994776e+01, best bound 7.100000000000e+01, gap 24.4681%
WARNING: Loading a SolverResults object with an 'aborted' status, but
    containing a solution

Instance 19_2, formulation tres, reform hull:
  Rect 0: x = 28.00, y = 14.00
  Rect 1: x = 64.00, y = 4.00
  Rect 2: x = 48.00, y = 14.00
  Rect 3: x = 50.00, y = 7.00
  Rect 4: x = 29.00, y = 1.00
  Rect 5: x = 0.00, y = 14.00
  Rect 6: x = 81.00, y = 14.00
  Rect 7: x = 79.00, y = 11.00
  Rect 8: x = 74.00, y = 14.00
  Rect 9: x = 62.00, y = 14.00
  Rect 10: x = 50.00, y = 2.00
  Rect 11: x = 68.00, y = 13.00
  Rect 12: x = 77.00, y = 14.00
  Rect 13: x = 14.00, y = 11.00
  Rect 14: x = 72.00, y = 14.00
  Rect 15: x = 0.00, y = 11.00
  Rect 16: x = 41.00, y = 7.00
  Rect 17: x = 29.00, y = 14.00
  Rect 18: x = 41.00, y = 13.00
  → saved figures to strip_figures/19_2_tres_hull.png and strip_figures/19_2_tres_hull.pdf
Set parameter TokenServer to value "mooring.ecn.purdue.edu"
Read LP format model from file /tmp/tmpuysfgi29.pyomo.lp
Reading time = 0.00 seconds
x724: 875 rows, 724 columns, 4773 nonzeros
Set parameter TimeLimit to value 1800
Set parameter Threads to value 1
Gurobi Optimizer version 11.0.0 build v11.0.0rc2 (linux64 - "Oracle Linux Server 9.6")

CPU model: AMD EPYC 7643 48-Core Processor, instruction set [SSE2|AVX|AVX2]
Thread count: 48 physical cores, 96 logical processors, using up to 1 threads

Optimize a model with 875 rows, 724 columns and 4773 nonzeros
Model fingerprint: 0x1733990f
Variable types: 40 continuous, 684 integer (684 binary)
Coefficient statistics:
  Matrix range     [1e+00, 2e+02]
  Objective range  [1e+00, 1e+00]
  Bounds range     [1e+00, 2e+02]
  RHS range        [1e+00, 2e+01]
Presolve removed 310 rows and 311 columns
Presolve time: 0.00s
Presolved: 565 rows, 413 columns, 2188 nonzeros
Variable types: 38 continuous, 375 integer (375 binary)
Found heuristic solution: objective 169.0000000
Found heuristic solution: objective 167.0000000

Root relaxation: objective 2.900000e+01, 260 iterations, 0.00 seconds (0.00 work units)

    Nodes    |    Current Node    |     Objective Bounds      |     Work
 Expl Unexpl |  Obj  Depth IntInf | Incumbent    BestBd   Gap | It/Node Time

     0     0   29.00000    0   53  167.00000   29.00000  82.6%     -    0s
H    0     0                     142.0000000   29.00000  79.6%     -    0s
     0     0   44.54991    0   99  142.00000   44.54991  68.6%     -    0s
H    0     0                     138.0000000   47.07502  65.9%     -    0s
     0     0   47.07502    0   93  138.00000   47.07502  65.9%     -    0s
     0     0   47.07502    0   93  138.00000   47.07502  65.9%     -    0s
     0     0   47.50759    0   67  138.00000   47.50759  65.6%     -    0s
H    0     0                     111.0000000   49.99794  55.0%     -    0s
     0     0   49.99794    0   76  111.00000   49.99794  55.0%     -    0s
     0     0   49.99794    0   74  111.00000   49.99794  55.0%     -    0s
     0     0   49.99794    0   67  111.00000   49.99794  55.0%     -    0s
     0     0   49.99794    0   65  111.00000   49.99794  55.0%     -    0s
     0     0   49.99794    0   70  111.00000   49.99794  55.0%     -    0s
     0     0   49.99794    0   75  111.00000   49.99794  55.0%     -    0s
H    0     0                     110.0000000   49.99794  54.5%     -    0s
     0     0   49.99794    0   71  110.00000   49.99794  54.5%     -    0s
     0     0   49.99794    0   70  110.00000   49.99794  54.5%     -    0s
     0     0   49.99794    0   67  110.00000   49.99794  54.5%     -    0s
     0     0   49.99794    0   70  110.00000   49.99794  54.5%     -    0s
     0     0   49.99794    0   75  110.00000   49.99794  54.5%     -    0s
     0     0   49.99794    0   70  110.00000   49.99794  54.5%     -    0s
     0     0   49.99794    0   71  110.00000   49.99794  54.5%     -    0s
     0     0   49.99794    0   45  110.00000   49.99794  54.5%     -    0s
H    0     0                     110.0000000   49.99794  54.5%     -    0s
     0     2   49.99794    0   44  110.00000   49.99794  54.5%     -    0s
H   78    70                     108.0000000   49.99794  53.7%  11.9    0s
H  370   321                     104.0000000   49.99794  51.9%   9.1    0s
H  581   462                     102.0000000   49.99794  51.0%   8.8    0s
H  597   448                      98.0000000   51.18196  47.8%   8.5    0s
H 1106   677                      97.0000000   57.35148  40.9%  32.0    2s
* 1110   653              67      96.0000000   57.35148  40.3%  31.9    2s
H 2111  1071                      96.0000000   65.71429  31.5%  24.9    3s
H 3392  1784                      95.0000000   68.25000  28.2%  23.9    4s
  3575  1867   92.00000   39   61   95.00000   68.25000  28.2%  24.0    5s
H 3753  1941                      95.0000000   68.34357  28.1%  24.1    5s
  6266  3096   69.87132   33  119   95.00000   68.88462  27.5%  27.9   10s
  8677  4175   92.00000   54   42   95.00000   69.01960  27.3%  30.5   15s
 10202  4836   69.19414   31  118   95.00000   69.16667  27.2%  30.5   20s
 12665  5807   88.00000   45   75   95.00000   69.32836  27.0%  32.0   25s
 15286  6679   69.47059   35   92   95.00000   69.47059  26.9%  32.7   30s
 17990  7595   89.00000   42   76   95.00000   69.52761  26.8%  33.0   35s
 20612  8509 infeasible   36        95.00000   69.73333  26.6%  33.8   40s
 23207  9463   83.00000   33   60   95.00000   69.83817  26.5%  34.3   45s
 26272 10437   84.00000   36   67   95.00000   70.00000  26.3%  34.8   50s
 29378 11462   70.05462   22  109   95.00000   70.00457  26.3%  35.1   55s
 32438 12662   70.12816   29  137   95.00000   70.04211  26.3%  35.3   60s
H34539 12970                      94.0000000   70.07143  25.5%  35.5   63s
 34621 13002   84.00000   37   98   94.00000   70.07143  25.5%  35.4   65s
 37295 14022   70.14286   31  116   94.00000   70.14286  25.4%  35.7   70s
 40363 15057   87.00000   41   94   94.00000   70.14286  25.4%  35.9   75s
 43324 16069   92.00000   38   50   94.00000   70.14286  25.4%  36.4   80s
 45910 16996   86.00000   34   45   94.00000   70.14286  25.4%  36.6   87s
 48200 17671   87.00000   45   91   94.00000   70.14286  25.4%  36.0   90s
 51477 18237   70.14286   41   50   94.00000   70.14286  25.4%  35.9   95s
H52365 17504                      94.0000000   70.14286  25.4%  35.9   96s
 54047 17522   89.00000   51  108   94.00000   70.14286  25.4%  36.0  100s
 57117 17603   70.66667   58  107   94.00000   70.14286  25.4%  36.1  105s
 59828 17609   71.00000   47  107   94.00000   70.14286  25.4%  36.5  110s
 62941 17744   83.00000   47   94   94.00000   70.14286  25.4%  36.5  115s
 65473 17652   80.00000   45   83   94.00000   70.81395  24.7%  36.6  120s
 67812 17681 infeasible   50        94.00000   71.00000  24.5%  36.8  125s
 70045 17590   72.26315   45  123   94.00000   71.00000  24.5%  37.1  130s
 71977 17595   72.00000   54  121   94.00000   71.00000  24.5%  37.2  135s
 74340 17480 infeasible   64        94.00000   71.00000  24.5%  37.4  140s
 77158 17421   72.50000   46   94   94.00000   71.00000  24.5%  37.4  145s
 79423 17311   72.04938   46  107   94.00000   71.00000  24.5%  37.4  150s
 81991 17243   80.00000   54   48   94.00000   71.00000  24.5%  37.6  155s
 84290 16978   73.00000   46   92   94.00000   71.00000  24.5%  38.0  160s
 86799 16835   74.00000   47   56   94.00000   71.00000  24.5%  38.1  165s
 89132 16842   82.00000   55  102   94.00000   71.00000  24.5%  38.2  170s
 91623 16819   71.00000   53  126   94.00000   71.00000  24.5%  38.3  175s
 93966 16750   91.28571   55   76   94.00000   71.00000  24.5%  38.5  180s
 96533 17447   75.00000   51  100   94.00000   71.00000  24.5%  38.6  185s
 99082 18293     cutoff   63        94.00000   71.00000  24.5%  38.7  190s
 101432 18962 infeasible   50        94.00000   71.00000  24.5%  38.8  195s
 103915 19766   71.00000   44   82   94.00000   71.00000  24.5%  38.9  200s
 106025 20407   87.00000   46   79   94.00000   71.00000  24.5%  39.0  205s
 108159 21102   85.00000   55   48   94.00000   71.00000  24.5%  39.1  210s
 110736 21714   83.06667   54  100   94.00000   71.00000  24.5%  39.2  215s
 113162 22302     cutoff   54        94.00000   71.00000  24.5%  39.4  220s
 115691 22988   71.00000   55   95   94.00000   71.00000  24.5%  39.5  225s
 118429 23689   84.00000   59   92   94.00000   71.00000  24.5%  39.5  230s
 121082 24354   79.00000   60  105   94.00000   71.00000  24.5%  39.6  235s
 123242 24716   71.00000   49   80   94.00000   71.00000  24.5%  39.8  240s
 126344 25556 infeasible   63        94.00000   71.00000  24.5%  39.7  245s
 129208 26461   89.00000   63   39   94.00000   71.00000  24.5%  39.8  250s
 131532 27099   92.25000   61   76   94.00000   71.00000  24.5%  39.8  255s
 134019 27751   71.00000   58  100   94.00000   71.00000  24.5%  39.9  260s
 136168 28217   85.12903   57   93   94.00000   71.00000  24.5%  40.0  265s
 138717 28961   87.00000   53   82   94.00000   71.00000  24.5%  40.1  270s
 141721 29945   78.00000   50   80   94.00000   71.00000  24.5%  40.1  275s
 144684 30788   73.00000   48   93   94.00000   71.00000  24.5%  40.1  280s
 147320 31428 infeasible   62        94.00000   71.00000  24.5%  40.1  285s
 149555 32043   74.12500   47  106   94.00000   71.00000  24.5%  40.2  290s
 152315 32955   72.00000   41  104   94.00000   71.00000  24.5%  40.2  295s
 154973 33814   71.00000   51  130   94.00000   71.00000  24.5%  40.3  300s
 157513 34721   93.00000   59   82   94.00000   71.00000  24.5%  40.4  305s
 159970 35525 infeasible   51        94.00000   71.00000  24.5%  40.6  310s
 161999 36070   86.00000   45   78   94.00000   71.00000  24.5%  40.7  315s
 164589 36940   92.00000   61   57   94.00000   71.00000  24.5%  40.7  320s
 167197 37694   71.00000   41   90   94.00000   71.00000  24.5%  40.8  325s
 169635 38458   93.00000   55   44   94.00000   71.00000  24.5%  40.8  330s
 172054 39132   81.00000   52  116   94.00000   71.00000  24.5%  40.9  335s
 175087 39934 infeasible   59        94.00000   71.00000  24.5%  41.0  340s
 178203 40874 infeasible   63        94.00000   71.00000  24.5%  41.0  345s
 181496 41962   71.00000   44  119   94.00000   71.00000  24.5%  41.0  350s
 184452 42742 infeasible   60        94.00000   71.00000  24.5%  41.1  355s
 186916 43611 infeasible   61        94.00000   71.00000  24.5%  41.1  360s
 189934 44653   86.00000   65   89   94.00000   71.00000  24.5%  41.2  365s
 192486 45478   78.00000   53  112   94.00000   71.00000  24.5%  41.2  370s
 195516 46330   72.01149   45  123   94.00000   71.00000  24.5%  41.2  375s
 198220 47141 infeasible   48        94.00000   71.00000  24.5%  41.3  380s
 201023 47837   71.00000   55   84   94.00000   71.00000  24.5%  41.4  385s
 203210 48157 infeasible   62        94.00000   71.00000  24.5%  41.6  390s
 205930 48754   85.00000   51   61   94.00000   71.00000  24.5%  41.6  395s
 208367 49424   71.00000   51  103   94.00000   71.00000  24.5%  41.7  400s
 211651 50347   85.00000   53   97   94.00000   71.00000  24.5%  41.6  405s
 214394 51090   80.00000   59  115   94.00000   71.00000  24.5%  41.7  410s
 217233 51771   71.00000   48   98   94.00000   71.00000  24.5%  41.8  415s
 219829 52278   76.00000   62   95   94.00000   71.00000  24.5%  41.8  420s
 222702 53012   71.33191   52   78   94.00000   71.00000  24.5%  41.9  425s
 225670 53891   90.00000   45   77   94.00000   71.00000  24.5%  41.9  430s
 228573 54778 infeasible   52        94.00000   71.00000  24.5%  41.9  435s
 231596 55601 infeasible   64        94.00000   71.00000  24.5%  42.0  440s
 233463 56205   71.00000   50  122   94.00000   71.00000  24.5%  42.0  445s
 236368 57075   71.00000   55   98   94.00000   71.00000  24.5%  42.0  450s
 239099 57786   80.00000   67   68   94.00000   71.00000  24.5%  42.1  455s
 241827 58427   86.00000   53   84   94.00000   71.00000  24.5%  42.2  460s
 244420 59105   87.00000   62   45   94.00000   71.00000  24.5%  42.2  465s
 246992 59827 infeasible   55        94.00000   71.00000  24.5%  42.4  470s
 250016 60782 infeasible   45        94.00000   71.00000  24.5%  42.4  475s
 253158 61696 infeasible   58        94.00000   71.00000  24.5%  42.4  480s
 256179 62559   71.00000   52  105   94.00000   71.00000  24.5%  42.4  485s
 259136 63365   88.00000   52   43   94.00000   71.00000  24.5%  42.4  490s
 261746 64096   73.00000   41  111   94.00000   71.00000  24.5%  42.4  495s
 264426 64917   73.15238   42   84   94.00000   71.00000  24.5%  42.4  500s
 267020 65501 infeasible   53        94.00000   71.00000  24.5%  42.5  505s
 269980 66427   76.00000   49   91   94.00000   71.00000  24.5%  42.5  510s
 272695 67210 infeasible   54        94.00000   71.00000  24.5%  42.6  515s
 275408 67878   71.00000   43  100   94.00000   71.00000  24.5%  42.6  520s
 278061 68657   73.00000   40  103   94.00000   71.00000  24.5%  42.7  525s
 280691 69549   83.00000   42   97   94.00000   71.00000  24.5%  42.7  530s
 283249 70315   85.00000   61   49   94.00000   71.00000  24.5%  42.7  535s
 286233 71250   71.00000   54  103   94.00000   71.00000  24.5%  42.7  540s
 288964 72035   71.00000   44   95   94.00000   71.00000  24.5%  42.8  545s
 291689 72936   88.00000   52   97   94.00000   71.00000  24.5%  42.8  550s
 294257 73673   72.56577   42  118   94.00000   71.00000  24.5%  42.9  555s
 296635 74181   80.00000   54   93   94.00000   71.00000  24.5%  43.0  560s
 298108 74526   72.00000   46  123   94.00000   71.00000  24.5%  43.0  565s
 300730 75127   73.00000   50  109   94.00000   71.00000  24.5%  43.1  570s
 303831 75867 infeasible   59        94.00000   71.00000  24.5%  43.0  575s
 306299 76571 infeasible   57        94.00000   71.00000  24.5%  43.1  580s
 308871 77227   71.00000   51  100   94.00000   71.00000  24.5%  43.2  585s
 311284 77797 infeasible   60        94.00000   71.00000  24.5%  43.3  590s
 314058 78474 infeasible   51        94.00000   71.00000  24.5%  43.4  595s
 316715 79162   91.00000   58   37   94.00000   71.00000  24.5%  43.4  600s
 319574 79879   74.14141   46  116   94.00000   71.00000  24.5%  43.5  605s
 322259 80567 infeasible   63        94.00000   71.00000  24.5%  43.5  610s
 324847 81113 infeasible   68        94.00000   71.00000  24.5%  43.6  615s
 327599 81768   71.66667   45  112   94.00000   71.00000  24.5%  43.6  620s
 330449 82513   76.00000   56   82   94.00000   71.00000  24.5%  43.6  625s
 332845 83108   76.50000   61   97   94.00000   71.00000  24.5%  43.7  630s
 335406 83799   73.06780   50  134   94.00000   71.00000  24.5%  43.7  635s
 338098 84547   78.00000   51  113   94.00000   71.00000  24.5%  43.8  640s
 341157 85476   87.00000   53   73   94.00000   71.00000  24.5%  43.8  645s
 343296 86074   71.00000   41  100   94.00000   71.00000  24.5%  43.8  650s
 345552 86692   82.00000   53   69   94.00000   71.00000  24.5%  43.8  655s
 347347 87118 infeasible   58        94.00000   71.00000  24.5%  43.9  660s
 349324 87477 infeasible   57        94.00000   71.00000  24.5%  43.9  665s
 351385 87977   72.00000   44   89   94.00000   71.00000  24.5%  44.0  670s
 353377 88419   84.00000   52   96   94.00000   71.00000  24.5%  44.0  675s
 355122 88867 infeasible   50        94.00000   71.00000  24.5%  44.1  680s
 356777 89244   91.00000   57   13   94.00000   71.00000  24.5%  44.1  685s
 358836 89687   92.00000   54   81   94.00000   71.00000  24.5%  44.1  690s
 360920 90329   83.00000   53   94   94.00000   71.00000  24.5%  44.2  695s
 362891 90687 infeasible   55        94.00000   71.00000  24.5%  44.2  700s
 364806 91034 infeasible   55        94.00000   71.00000  24.5%  44.3  705s
 367066 91642   71.00000   46  126   94.00000   71.00000  24.5%  44.3  710s
 369314 92109 infeasible   54        94.00000   71.00000  24.5%  44.3  715s
 371243 92577   89.00000   53   76   94.00000   71.00000  24.5%  44.3  720s
 373023 93005   89.04255   55   60   94.00000   71.00000  24.5%  44.4  725s
 374796 93429   71.00000   44  100   94.00000   71.00000  24.5%  44.5  730s
 376982 94073   71.00000   50  124   94.00000   71.00000  24.5%  44.5  735s
 378902 94432   86.00000   59  101   94.00000   71.00000  24.5%  44.5  740s
 380740 94698   84.00000   52   90   94.00000   71.00000  24.5%  44.6  745s
 382097 95041   84.00000   58   92   94.00000   71.00000  24.5%  44.6  751s
 383477 95241   73.00000   52  101   94.00000   71.00000  24.5%  44.7  755s
 385508 95715   92.00000   55   62   94.00000   71.00000  24.5%  44.7  760s
 387691 96360   71.00000   40  121   94.00000   71.00000  24.5%  44.7  765s
 389761 97029   87.00000   58   31   94.00000   71.00000  24.5%  44.7  770s
 391603 97482   80.00000   48   89   94.00000   71.00000  24.5%  44.8  775s
 393590 97906   71.00000   51  104   94.00000   71.00000  24.5%  44.8  780s
 395749 98547     cutoff   60        94.00000   71.00000  24.5%  44.8  785s
 397777 99129   71.00000   54  112   94.00000   71.00000  24.5%  44.9  790s
 399799 99685 infeasible   58        94.00000   71.00000  24.5%  44.9  795s
 401727 100024     cutoff   60        94.00000   71.00000  24.5%  44.9  800s
 403339 100389   71.00000   47  119   94.00000   71.00000  24.5%  44.9  805s
 405219 100892   85.00000   61   78   94.00000   71.00000  24.5%  45.0  810s
 407134 101356 infeasible   50        94.00000   71.00000  24.5%  45.1  815s
 409054 101830   88.00000   56   81   94.00000   71.00000  24.5%  45.1  820s
 410930 102230 infeasible   65        94.00000   71.00000  24.5%  45.1  825s
 412234 102478 infeasible   59        94.00000   71.00000  24.5%  45.1  830s
 414172 102892   86.00000   52   87   94.00000   71.00000  24.5%  45.2  835s
 415999 103330   71.29081   59  131   94.00000   71.00000  24.5%  45.2  840s
 417958 103824 infeasible   58        94.00000   71.00000  24.5%  45.3  845s
 420200 104454   77.00000   44  101   94.00000   71.00000  24.5%  45.3  850s
 422184 104986   86.00000   49  108   94.00000   71.00000  24.5%  45.3  855s
 424203 105467   77.00000   39  101   94.00000   71.00000  24.5%  45.3  860s
 426269 106054   71.00000   46  108   94.00000   71.00000  24.5%  45.3  865s
 428390 106574 infeasible   65        94.00000   71.00000  24.5%  45.3  870s
 430310 106920   71.00000   48  106   94.00000   71.00000  24.5%  45.4  875s
 432119 107405 infeasible   62        94.00000   71.00000  24.5%  45.4  880s
 434035 107943   86.00000   60   74   94.00000   71.00000  24.5%  45.5  885s
 435923 108479 infeasible   54        94.00000   71.00000  24.5%  45.5  890s
 437862 108903   82.00000   58  102   94.00000   71.00000  24.5%  45.5  895s
 439977 109493 infeasible   54        94.00000   71.00000  24.5%  45.6  900s
 442215 110161   71.00000   57   94   94.00000   71.00000  24.5%  45.6  905s
 443892 110550 infeasible   56        94.00000   71.00000  24.5%  45.6  910s
 445874 110959   90.00000   61   94   94.00000   71.00000  24.5%  45.6  915s
 447848 111440   71.00000   58  129   94.00000   71.00000  24.5%  45.6  920s
 449869 111917   71.00000   56  103   94.00000   71.00000  24.5%  45.6  925s
 451711 112247 infeasible   59        94.00000   71.00000  24.5%  45.7  930s
 453397 112694   87.00000   61   99   94.00000   71.00000  24.5%  45.7  935s
 455099 113052   85.00000   59   95   94.00000   71.00000  24.5%  45.7  940s
 456813 113505   78.00000   66   99   94.00000   71.00000  24.5%  45.8  945s
 458698 114022 infeasible   53        94.00000   71.00000  24.5%  45.8  950s
 460707 114508     cutoff   66        94.00000   71.00000  24.5%  45.8  955s
 462523 114986 infeasible   56        94.00000   71.00000  24.5%  45.8  960s
 464555 115446   91.00000   64   85   94.00000   71.00000  24.5%  45.8  965s
 466550 115907 infeasible   58        94.00000   71.00000  24.5%  45.9  970s
 468334 116242   72.00000   61  111   94.00000   71.00000  24.5%  45.9  975s
 470228 116745 infeasible   58        94.00000   71.00000  24.5%  45.9  980s
 471820 117088 infeasible   60        94.00000   71.00000  24.5%  46.0  985s
 473664 117491   89.00000   54   43   94.00000   71.00000  24.5%  46.0  990s
 475537 117899 infeasible   67        94.00000   71.00000  24.5%  46.1  995s
 477178 118207   71.00000   49  107   94.00000   71.00000  24.5%  46.1 1000s
 479017 118550   71.00000   51  116   94.00000   71.00000  24.5%  46.2 1005s
 480225 118749   80.05128   56  102   94.00000   71.00000  24.5%  46.2 1010s
 481807 119055   90.00000   60   54   94.00000   71.00000  24.5%  46.2 1015s
 483722 119445   71.00000   46  124   94.00000   71.00000  24.5%  46.2 1020s
 485539 119899   76.00000   53  114   94.00000   71.00000  24.5%  46.3 1025s
 487322 120358   85.00000   50   94   94.00000   71.00000  24.5%  46.3 1030s
 489194 120905   71.00000   52  112   94.00000   71.00000  24.5%  46.4 1035s
 490964 121256   93.00000   56   14   94.00000   71.00000  24.5%  46.4 1040s
 492839 121680   79.00000   57   82   94.00000   71.00000  24.5%  46.5 1045s
 494535 122070   81.00000   54  104   94.00000   71.00000  24.5%  46.5 1050s
 496443 122492   71.05487   48  119   94.00000   71.00000  24.5%  46.5 1055s
 498516 123143 infeasible   53        94.00000   71.00000  24.5%  46.6 1060s
 500399 123554   82.00000   54   70   94.00000   71.00000  24.5%  46.6 1065s
 502520 124073 infeasible   52        94.00000   71.00000  24.5%  46.6 1070s
 504808 124595   71.00000   52  116   94.00000   71.00000  24.5%  46.6 1075s
 506735 125051   71.00000   50   82   94.00000   71.00000  24.5%  46.7 1080s
 508656 125471   92.00000   59   86   94.00000   71.00000  24.5%  46.7 1085s
 510881 126104 infeasible   62        94.00000   71.00000  24.5%  46.7 1090s
 513087 126716   71.00000   54  108   94.00000   71.00000  24.5%  46.7 1095s
 515158 127332   87.00106   56   87   94.00000   71.00000  24.5%  46.8 1100s
 517275 127989 infeasible   58        94.00000   71.00000  24.5%  46.8 1105s
 518611 128310   92.00000   56   70   94.00000   71.00000  24.5%  46.8 1110s
 520738 128901 infeasible   54        94.00000   71.00000  24.5%  46.8 1115s
 523014 129511   71.00000   54   95   94.00000   71.00000  24.5%  46.8 1120s
 525118 130003     cutoff   63        94.00000   71.00000  24.5%  46.8 1125s
 527257 130413   83.05000   52   90   94.00000   71.00000  24.5%  46.9 1130s
 529284 130912   86.00000   51  102   94.00000   71.00000  24.5%  46.9 1135s
 531273 131469   76.02128   45   77   94.00000   71.00000  24.5%  46.9 1140s
 533295 132021   82.00000   45   42   94.00000   71.00000  24.5%  47.0 1145s
 535354 132535 infeasible   54        94.00000   71.00000  24.5%  47.0 1150s
 537433 133104   71.00000   49  105   94.00000   71.00000  24.5%  47.0 1155s
 539182 133527   71.25000   48  138   94.00000   71.00000  24.5%  47.0 1160s
 541432 134060 infeasible   64        94.00000   71.00000  24.5%  47.1 1165s
 543349 134574 infeasible   63        94.00000   71.00000  24.5%  47.1 1170s
 545345 134926   89.00000   60   92   94.00000   71.00000  24.5%  47.1 1175s
 546700 135125   83.00000   61   87   94.00000   71.00000  24.5%  47.2 1180s
 548392 135596 infeasible   71        94.00000   71.00000  24.5%  47.2 1185s
 550181 135926 infeasible   61        94.00000   71.00000  24.5%  47.2 1190s
 551939 136264 infeasible   71        94.00000   71.00000  24.5%  47.3 1195s
 553854 136649   71.00000   45  136   94.00000   71.00000  24.5%  47.3 1200s
 555686 136968   82.00000   50   90   94.00000   71.00000  24.5%  47.3 1205s
 557542 137397   91.00000   73   68   94.00000   71.00000  24.5%  47.4 1210s
 559239 137811   71.00000   59  114   94.00000   71.00000  24.5%  47.4 1215s
 561131 138174   78.68306   54  120   94.00000   71.00000  24.5%  47.4 1220s
 563050 138475   90.01064   49   85   94.00000   71.00000  24.5%  47.5 1225s
 564916 138892   75.00000   54   95   94.00000   71.00000  24.5%  47.5 1230s
 566872 139305   87.00000   58   38   94.00000   71.00000  24.5%  47.5 1235s
 568913 139783   71.00000   59  107   94.00000   71.00000  24.5%  47.5 1240s
 570736 140085     cutoff   63        94.00000   71.00000  24.5%  47.6 1245s
 572678 140396   80.00000   68   89   94.00000   71.00000  24.5%  47.6 1250s
 574513 140755   85.00000   58   98   94.00000   71.00000  24.5%  47.7 1255s
 575721 141041 infeasible   55        94.00000   71.00000  24.5%  47.7 1260s
 577802 141609 infeasible   58        94.00000   71.00000  24.5%  47.7 1265s
 579726 142011   71.00000   56  106   94.00000   71.00000  24.5%  47.7 1270s
 581548 142386 infeasible   60        94.00000   71.00000  24.5%  47.8 1275s
 583344 142685   82.00000   55   98   94.00000   71.00000  24.5%  47.8 1280s
 585260 143212   87.00000   58   41   94.00000   71.00000  24.5%  47.8 1285s
 587010 143573 infeasible   64        94.00000   71.00000  24.5%  47.9 1290s
 588658 143881   73.29032   58  119   94.00000   71.00000  24.5%  47.9 1295s
 590417 144212   82.00000   56  109   94.00000   71.00000  24.5%  48.0 1300s
 591944 144578 infeasible   62        94.00000   71.00000  24.5%  48.0 1305s
 593842 144986   71.00000   54  112   94.00000   71.00000  24.5%  48.0 1310s
 595888 145346 infeasible   64        94.00000   71.00000  24.5%  48.0 1315s
 597866 145746 infeasible   72        94.00000   71.00000  24.5%  48.1 1320s
 599592 146035   91.00000   55   82   94.00000   71.00000  24.5%  48.1 1325s
 601693 146610   90.00000   70   96   94.00000   71.00000  24.5%  48.1 1330s
 603843 147200   93.00000   68   66   94.00000   71.00000  24.5%  48.1 1335s
 605849 147756   83.37500   55   91   94.00000   71.00000  24.5%  48.1 1340s
 607923 148306   81.00000   53   97   94.00000   71.00000  24.5%  48.1 1345s
 609865 148732   90.00000   60   37   94.00000   71.00000  24.5%  48.2 1350s
 611315 149194   91.00000   66   56   94.00000   71.00000  24.5%  48.1 1355s
 613603 149855 infeasible   56        94.00000   71.00000  24.5%  48.1 1360s
 615810 150261 infeasible   60        94.00000   71.00000  24.5%  48.2 1365s
 617883 150864 infeasible   59        94.00000   71.00000  24.5%  48.2 1370s
 619972 151405 infeasible   58        94.00000   71.00000  24.5%  48.2 1375s
 622004 152039   84.00000   53   85   94.00000   71.00000  24.5%  48.2 1380s
 624200 152528   77.00000   50   88   94.00000   71.00000  24.5%  48.2 1385s
 626195 152983   71.00000   47  128   94.00000   71.00000  24.5%  48.2 1390s
 627987 153384 infeasible   61        94.00000   71.00000  24.5%  48.3 1395s
 630371 153983   85.00000   51   38   94.00000   71.00000  24.5%  48.2 1400s
 632101 154490   93.10000   57   80   94.00000   71.00000  24.5%  48.3 1405s
 634346 155119   87.00000   58   67   94.00000   71.00000  24.5%  48.3 1410s
 636448 155663   93.00000   50   69   94.00000   71.00000  24.5%  48.3 1415s
 637720 156011   89.00000   50  100   94.00000   71.00000  24.5%  48.3 1420s
 639866 156588   73.91802   54  123   94.00000   71.00000  24.5%  48.3 1425s
 642094 157289   71.00000   49  106   94.00000   71.00000  24.5%  48.3 1430s
 644290 157882 infeasible   60        94.00000   71.00000  24.5%  48.3 1435s
 646209 158223   87.00000   48   50   94.00000   71.00000  24.5%  48.3 1440s
 648029 158740 infeasible   59        94.00000   71.00000  24.5%  48.4 1445s
 649932 159178   83.00000   63   97   94.00000   71.00000  24.5%  48.4 1450s
 651650 159661   90.00000   67   49   94.00000   71.00000  24.5%  48.4 1455s
 653632 160225 infeasible   70        94.00000   71.00000  24.5%  48.4 1460s
 655273 160518 infeasible   59        94.00000   71.00000  24.5%  48.5 1465s
 656915 160864   75.33511   54  104   94.00000   71.00000  24.5%  48.5 1470s
 658919 161493   71.00000   43  108   94.00000   71.00000  24.5%  48.6 1475s
 660711 161880   85.00000   56  102   94.00000   71.00000  24.5%  48.6 1480s
 662617 162275   76.00000   56  104   94.00000   71.00000  24.5%  48.6 1485s
 664491 162673 infeasible   62        94.00000   71.00000  24.5%  48.7 1490s
 666340 163017   71.00000   43  116   94.00000   71.00000  24.5%  48.7 1495s
 668148 163475   71.00000   48  114   94.00000   71.00000  24.5%  48.7 1500s
 669954 163786 infeasible   55        94.00000   71.00000  24.5%  48.7 1505s
 671232 164083 infeasible   61        94.00000   71.00000  24.5%  48.8 1510s
 673262 164638 infeasible   57        94.00000   71.00000  24.5%  48.8 1515s
 674755 165072   80.00000   52   90   94.00000   71.00000  24.5%  48.8 1520s
 676511 165448   80.00000   59   77   94.00000   71.00000  24.5%  48.8 1525s
 678038 165840   76.00000   51  101   94.00000   71.00000  24.5%  48.9 1530s
 679776 166243   88.00000   63   56   94.00000   71.00000  24.5%  48.9 1535s
 681703 166676   80.00000   56  103   94.00000   71.00000  24.5%  48.9 1540s
 683340 167032   85.00000   49  119   94.00000   71.00000  24.5%  49.0 1545s
 684988 167382   77.00000   55  101   94.00000   71.00000  24.5%  49.0 1550s
 686576 167737   71.08982   57  122   94.00000   71.00000  24.5%  49.1 1555s
 688157 168045 infeasible   53        94.00000   71.00000  24.5%  49.1 1560s
 690013 168421   86.00000   58  107   94.00000   71.00000  24.5%  49.1 1565s
 691750 168902 infeasible   49        94.00000   71.00000  24.5%  49.2 1570s
 693561 169267   81.00000   60   43   94.00000   71.00000  24.5%  49.2 1575s
 695351 169649   91.00000   61   47   94.00000   71.00000  24.5%  49.2 1580s
 697290 170031   72.68461   61  134   94.00000   71.00000  24.5%  49.2 1585s
 698868 170278   71.29737   51  144   94.00000   71.00000  24.5%  49.3 1590s
 699900 170525   82.00000   62   73   94.00000   71.00000  24.5%  49.3 1595s
 701557 170998   87.00000   63   39   94.00000   71.00000  24.5%  49.3 1600s
 703541 171501   83.00000   59   48   94.00000   71.00000  24.5%  49.4 1605s
 705296 171946   71.00000   52  124   94.00000   71.00000  24.5%  49.4 1610s
 706975 172327 infeasible   55        94.00000   71.00000  24.5%  49.4 1615s
 708804 172891   71.00000   55  125   94.00000   71.00000  24.5%  49.4 1620s
 710281 173212   80.00000   55  119   94.00000   71.00000  24.5%  49.5 1625s
 711680 173412   86.00000   58   98   94.00000   71.00000  24.5%  49.5 1630s
 713351 173743 infeasible   49        94.00000   71.00000  24.5%  49.6 1635s
 715314 174225   71.00000   51  108   94.00000   71.00000  24.5%  49.6 1640s
 717202 174746   87.00000   68   69   94.00000   71.00000  24.5%  49.6 1645s
 719225 175316   88.00000   50   84   94.00000   71.00000  24.5%  49.6 1650s
 721248 175709   85.00000   47   92   94.00000   71.00000  24.5%  49.6 1655s
 723319 176302 infeasible   54        94.00000   71.00000  24.5%  49.7 1660s
 725054 176784   82.00000   53   63   94.00000   71.00000  24.5%  49.7 1665s
 726632 177054   81.00000   49   85   94.00000   71.00000  24.5%  49.7 1670s
 728335 177421   83.00000   50   84   94.00000   71.00000  24.5%  49.8 1675s
 730175 177925   92.00000   61   85   94.00000   71.00000  24.5%  49.8 1680s
 732146 178427   71.00000   49  106   94.00000   71.00000  24.5%  49.8 1685s
 734098 178895   71.00000   48  108   94.00000   71.00000  24.5%  49.8 1690s
 736039 179345 infeasible   60        94.00000   71.00000  24.5%  49.8 1695s
 737991 179905   83.00000   55   84   94.00000   71.00000  24.5%  49.9 1700s
 739239 180191 infeasible   56        94.00000   71.00000  24.5%  49.9 1705s
 741062 180572   74.00000   52  100   94.00000   71.00000  24.5%  49.9 1710s
 742782 180979   85.00000   63  104   94.00000   71.00000  24.5%  49.9 1715s
 744616 181344 infeasible   56        94.00000   71.00000  24.5%  49.9 1720s
 746578 181769   79.00000   56   70   94.00000   71.00000  24.5%  50.0 1725s
 748281 182093   85.00000   61   94   94.00000   71.00000  24.5%  50.0 1730s
 750250 182486   90.00000   61   92   94.00000   71.00000  24.5%  50.0 1735s
 752283 182887     cutoff   60        94.00000   71.00000  24.5%  50.0 1740s
 754175 183243 infeasible   57        94.00000   71.00000  24.5%  50.0 1745s
 755978 183541   71.00000   56  117   94.00000   71.00000  24.5%  50.0 1750s
 757574 183785   91.00000   59   92   94.00000   71.00000  24.5%  50.1 1755s
 759535 184223   76.00000   59  115   94.00000   71.00000  24.5%  50.1 1760s
 761750 184753 infeasible   63        94.00000   71.00000  24.5%  50.1 1765s
 763937 185357 infeasible   59        94.00000   71.00000  24.5%  50.1 1770s
 765496 185857   93.00000   51   72   94.00000   71.00000  24.5%  50.1 1775s
 767552 186390   78.76087   56  103   94.00000   71.00000  24.5%  50.1 1780s
 769481 186919 infeasible   68        94.00000   71.00000  24.5%  50.1 1785s
 771233 187395   71.02198   49  114   94.00000   71.00000  24.5%  50.1 1790s
 773193 187808   77.00000   50  104   94.00000   71.00000  24.5%  50.1 1795s
 775034 188164   93.00000   54   69   94.00000   71.00000  24.5%  50.1 1800s

Cutting planes:
  Learned: 1
  Gomory: 47
  Cover: 308
  Implied bound: 210
  Clique: 79
  MIR: 323
  Mixing: 84
  StrongCG: 9
  Flow cover: 1999
  GUB cover: 5
  Inf proof: 178
  Zero half: 1
  RLT: 42
  Relax-and-lift: 43
  BQP: 3
  PSD: 7

Explored 775035 nodes (38867916 simplex iterations) in 1800.01 seconds (1959.70 work units)
Thread count was 1 (of 96 available processors)

Solution count 10: 94 94 95 ... 104

Time limit reached
Best objective 9.399999999050e+01, best bound 7.100000000000e+01, gap 24.4681%
WARNING: Loading a SolverResults object with an 'aborted' status, but
    containing a solution

Instance 19_2, formulation reagg, reform MIP:
  Rect 0: x = 13.00, y = 14.00
  Rect 1: x = 77.00, y = 4.00
  Rect 2: x = 67.00, y = 14.00
  Rect 3: x = 54.00, y = 5.00
  Rect 4: x = 42.00, y = 14.00
  Rect 5: x = 14.00, y = 14.00
  Rect 6: x = 0.00, y = 13.00
  Rect 7: x = 92.00, y = 11.00
  Rect 8: x = 85.00, y = 14.00
  Rect 9: x = 54.00, y = 12.00
  Rect 10: x = 30.00, y = 14.00
  Rect 11: x = 88.00, y = 10.00
  Rect 12: x = 81.00, y = 14.00
  Rect 13: x = 14.00, y = 11.00
  Rect 14: x = 83.00, y = 14.00
  Rect 15: x = 28.00, y = 11.00
  Rect 16: x = 68.00, y = 7.00
  Rect 17: x = 42.00, y = 13.00
  Rect 18: x = 60.00, y = 11.00
  → saved figures to strip_figures/19_2_reagg_MIP.png and strip_figures/19_2_reagg_MIP.pdf
Set parameter TokenServer to value "mooring.ecn.purdue.edu"
Read LP format model from file /tmp/tmp38xhk44h.pyomo.lp
Reading time = 0.00 seconds
x724: 875 rows, 724 columns, 4773 nonzeros
Set parameter TimeLimit to value 1800
Set parameter Threads to value 1
Gurobi Optimizer version 11.0.0 build v11.0.0rc2 (linux64 - "Oracle Linux Server 9.6")

CPU model: AMD EPYC 7643 48-Core Processor, instruction set [SSE2|AVX|AVX2]
Thread count: 48 physical cores, 96 logical processors, using up to 1 threads

Optimize a model with 875 rows, 724 columns and 4773 nonzeros
Model fingerprint: 0x31ed5b4d
Variable types: 40 continuous, 684 integer (684 binary)
Coefficient statistics:
  Matrix range     [1e+00, 2e+02]
  Objective range  [1e+00, 1e+00]
  Bounds range     [1e+00, 2e+02]
  RHS range        [1e+00, 2e+01]
Presolve removed 310 rows and 311 columns
Presolve time: 0.00s
Presolved: 565 rows, 413 columns, 2122 nonzeros
Variable types: 38 continuous, 375 integer (375 binary)
Found heuristic solution: objective 171.0000000

Root relaxation: objective 2.900000e+01, 240 iterations, 0.00 seconds (0.00 work units)

    Nodes    |    Current Node    |     Objective Bounds      |     Work
 Expl Unexpl |  Obj  Depth IntInf | Incumbent    BestBd   Gap | It/Node Time

     0     0   29.00000    0   65  171.00000   29.00000  83.0%     -    0s
     0     0   46.70142    0   89  171.00000   46.70142  72.7%     -    0s
     0     0   48.35894    0   87  171.00000   48.35894  71.7%     -    0s
     0     0   48.35894    0  132  171.00000   48.35894  71.7%     -    0s
H    0     0                     162.0000000   48.35894  70.1%     -    0s
     0     0   48.35894    0   99  162.00000   48.35894  70.1%     -    0s
     0     0   48.35894    0   98  162.00000   48.35894  70.1%     -    0s
     0     0   48.35894    0  112  162.00000   48.35894  70.1%     -    0s
     0     0   48.36309    0   97  162.00000   48.36309  70.1%     -    0s
     0     0   48.36309    0  114  162.00000   48.36309  70.1%     -    0s
     0     0   48.40679    0  104  162.00000   48.40679  70.1%     -    0s
     0     0   48.41662    0  102  162.00000   48.41662  70.1%     -    0s
     0     0   48.43928    0   99  162.00000   48.43928  70.1%     -    0s
     0     0   48.44182    0  101  162.00000   48.44182  70.1%     -    0s
     0     0   48.47138    0   98  162.00000   48.47138  70.1%     -    0s
     0     0   48.49741    0  108  162.00000   48.49741  70.1%     -    0s
     0     0   48.49741    0  105  162.00000   48.49741  70.1%     -    0s
     0     0   48.51633    0  104  162.00000   48.51633  70.1%     -    0s
     0     0   48.51644    0   59  162.00000   48.51644  70.1%     -    0s
H    0     0                     121.0000000   48.51644  59.9%     -    0s
     0     2   48.54202    0   49  121.00000   48.54202  59.9%     -    0s
H   26    24                     113.0000000   50.17128  55.6%  31.2    0s
H  105    80                     111.0000000   50.97004  54.1%  20.1    0s
H  664   453                     108.0000000   56.26451  47.9%  21.1    0s
H  690   449                     105.0000000   56.26451  46.4%  20.6    0s
H  746   461                     103.0000000   56.26451  45.4%  19.6    0s
H  822   467                      99.0000000   56.26451  43.2%  19.1    0s
H 1572   690                      97.0000000   56.66806  41.6%  16.9    1s
H 1626   613                      94.0000000   58.18941  38.1%  16.9    1s
  7070  3857   75.00000   45   68   94.00000   68.12015  27.5%  16.6    5s
 10218  5580   71.00000   24   69   94.00000   69.00000  26.6%  16.8   10s
 10322  5649   84.00000   40   63   94.00000   69.00000  26.6%  16.7   15s
 13190  6480   88.00000   47   53   94.00000   69.00000  26.6%  20.9   20s
 26561  9020   82.00000   53   57   94.00000   69.00000  26.6%  15.0   25s
 44906 18007   91.00000   63   34   94.00000   69.00000  26.6%  12.3   30s
 62783 27680 infeasible   50        94.00000   69.00000  26.6%  11.2   35s
 79816 36489 infeasible   58        94.00000   69.00000  26.6%  10.7   40s
 97306 44619 infeasible   51        94.00000   69.00000  26.6%  10.2   45s
 116514 53684 infeasible   53        94.00000   69.00000  26.6%   9.8   50s
 135431 62480   73.00000   57   58   94.00000   69.00000  26.6%   9.5   55s
 151974 69885   77.00000   62   64   94.00000   69.00000  26.6%   9.4   60s
 168925 78359   72.00000   58   61   94.00000   69.08511  26.5%   9.3   65s
 186825 86866   77.00000   53   63   94.00000   70.00000  25.5%   9.2   70s
 204487 94981   70.00000   46   53   94.00000   70.00000  25.5%   9.1   75s
 220289 102416   91.00000   58   68   94.00000   70.00000  25.5%   9.1   80s
 239012 110729 infeasible   55        94.00000   70.00000  25.5%   9.0   85s
 256242 119048   91.00000   75   40   94.00000   70.00000  25.5%   8.9   90s
 271820 126245   90.00000   63   60   94.00000   70.00000  25.5%   8.9   95s
 289363 135081 infeasible   59        94.00000   70.00000  25.5%   8.9  100s
 305896 142709   75.00000   53   63   94.00000   70.00000  25.5%   8.9  105s
 324908 151802   87.00000   67   37   94.00000   70.00000  25.5%   8.8  110s
 341623 159685 infeasible   53        94.00000   70.00000  25.5%   8.8  115s
 359464 168009   93.00000   63   38   94.00000   70.00000  25.5%   8.7  120s
 377178 176127   91.00000   74   50   94.00000   70.00000  25.5%   8.7  125s
 393159 183668   73.00000   62   74   94.00000   70.00000  25.5%   8.7  130s
 410039 191695   84.00000   48   50   94.00000   70.01064  25.5%   8.7  135s
 426769 199487   80.00000   57   55   94.00000   70.04255  25.5%   8.7  140s
 444216 206804   87.00000   68   63   94.00000   71.00000  24.5%   8.7  145s
 460867 213747   71.00000   47   49   94.00000   71.00000  24.5%   8.7  150s
 477525 220644   75.00000   56   60   94.00000   71.00000  24.5%   8.7  155s
 495306 227864   87.00000   72   61   94.00000   71.00000  24.5%   8.7  160s
 513202 235494   88.00000   74   47   94.00000   71.00000  24.5%   8.7  165s
 529903 242486   73.00000   57   61   94.00000   71.00000  24.5%   8.7  170s
 546366 249346   86.00000   56   51   94.00000   71.00000  24.5%   8.7  175s
 564009 256958   87.00000   52   50   94.00000   71.00000  24.5%   8.7  180s
 580358 262862   71.00000   52   64   94.00000   71.00000  24.5%   8.7  185s
 598214 269809   79.00000   62   50   94.00000   71.00000  24.5%   8.6  190s
 616665 276623   73.00000   53   70   94.00000   71.00000  24.5%   8.6  195s
 633787 282998 infeasible   56        94.00000   71.00000  24.5%   8.6  200s
 649604 289401   71.00000   54   61   94.00000   71.00000  24.5%   8.6  205s
 666684 296612   83.00000   60   55   94.00000   71.00000  24.5%   8.6  210s
 682050 303108   71.00000   49   54   94.00000   71.00000  24.5%   8.6  215s
 697343 309781 infeasible   71        94.00000   71.00000  24.5%   8.7  220s
 714335 316831 infeasible   59        94.00000   71.00000  24.5%   8.7  225s
 730177 323031   86.00000   65   45   94.00000   71.00000  24.5%   8.7  230s
 746193 329376   87.00000   61   57   94.00000   71.00000  24.5%   8.7  235s
 762964 335757   82.00000   61   51   94.00000   71.00000  24.5%   8.7  240s
 779481 342230   78.00000   55   57   94.00000   71.00000  24.5%   8.7  245s
 795484 348995   80.00000   53   52   94.00000   71.00000  24.5%   8.7  250s
 810952 354925   84.00000   53   51   94.00000   71.00000  24.5%   8.7  255s
 826718 361512   87.00000   61   46   94.00000   71.00000  24.5%   8.7  260s
 842358 368287   89.00000   59   70   94.00000   71.00000  24.5%   8.7  265s
 856599 374345   71.00000   58   64   94.00000   71.00000  24.5%   8.7  270s
 873428 380963 infeasible   59        94.00000   71.00000  24.5%   8.7  275s
 888284 387423   86.00000   69   53   94.00000   71.00000  24.5%   8.7  280s
 904299 394521   74.00000   63   70   94.00000   71.00000  24.5%   8.7  285s
H907779 396086                      94.0000000   71.00000  24.5%   8.7  286s
 919631 401185   88.00000   60   53   94.00000   71.00000  24.5%   8.7  290s
 935849 407691   88.00000   69   60   94.00000   71.00000  24.5%   8.8  295s
 949781 413401   88.00000   65   63   94.00000   71.00000  24.5%   8.8  300s
 964582 418859   80.00000   53   72   94.00000   71.00000  24.5%   8.8  305s
 979743 424837   89.00000   64   50   94.00000   71.00000  24.5%   8.8  310s
 997165 431505   82.00000   56   50   94.00000   71.00000  24.5%   8.8  315s
 1013258 437619   74.00000   52   43   94.00000   71.00000  24.5%   8.8  320s
 1029058 443978   89.00000   63   54   94.00000   71.00000  24.5%   8.8  325s
 1047306 451757 infeasible   63        94.00000   71.00000  24.5%   8.8  330s
 1063357 458010   73.00000   56   55   94.00000   71.00000  24.5%   8.8  335s
 1078189 463544   85.00000   57   54   94.00000   71.00000  24.5%   8.8  340s
 1095126 469777   76.00000   56   53   94.00000   71.00000  24.5%   8.8  345s
 1111579 476467   81.00000   66   61   94.00000   71.00000  24.5%   8.8  350s
 1126284 482201   81.00000   66   57   94.00000   71.00000  24.5%   8.8  355s
 1142885 489271   89.00000   61   51   94.00000   71.00000  24.5%   8.8  360s
 1160175 495804   93.00000   65   34   94.00000   71.00000  24.5%   8.8  365s
 1176114 502398 infeasible   77        94.00000   71.00000  24.5%   8.8  370s
 1191664 509096   87.00000   72   72   94.00000   71.00000  24.5%   8.8  375s
 1206209 514513   71.00000   54   69   94.00000   71.00000  24.5%   8.8  380s
 1220765 520448   90.00000   57   35   94.00000   71.00000  24.5%   8.8  385s
 1237891 527740 infeasible   62        94.00000   71.00000  24.5%   8.8  390s
 1253704 534459   83.00000   60   69   94.00000   71.00000  24.5%   8.8  395s
 1272766 542863   88.00000   73   45   94.00000   71.00000  24.5%   8.8  400s
 1290208 550059   90.00000   66   39   94.00000   71.00000  24.5%   8.8  405s
 1306223 556429   80.00000   54   48   94.00000   71.00000  24.5%   8.8  410s
 1321514 562909   72.00000   54   57   94.00000   71.00000  24.5%   8.8  415s
 1338457 569480   85.00000   65   54   94.00000   71.00000  24.5%   8.8  420s
 1355900 576513   85.00000   62   46   94.00000   71.00000  24.5%   8.8  425s
 1374349 584121 infeasible   74        94.00000   71.00000  24.5%   8.8  430s
 1391242 590241   88.00000   76   44   94.00000   71.00000  24.5%   8.7  435s
 1407128 596534   71.08511   59   68   94.00000   71.04255  24.4%   8.8  440s
 1421295 602424   80.00000   63   58   94.00000   71.10638  24.4%   8.8  445s
 1438159 608935   87.00000   67   46   94.00000   72.00000  23.4%   8.8  450s
 1458501 617441 infeasible   77        94.00000   72.00000  23.4%   8.7  455s
 1475640 624063 infeasible   59        94.00000   72.00000  23.4%   8.7  460s
 1492072 630217   79.00000   55   50   94.00000   72.00000  23.4%   8.7  465s
 1509512 636846   92.00000   66   46   94.00000   72.00000  23.4%   8.7  470s
 1524867 642678   79.00000   54   74   94.00000   72.00000  23.4%   8.7  475s
 1540842 649043   87.00000   58   47   94.00000   72.00000  23.4%   8.7  480s
 1557003 655402   84.00000   63   53   94.00000   72.00000  23.4%   8.7  485s
 1574427 662268   85.00000   58   48   94.00000   72.00000  23.4%   8.7  490s
 1590532 668074 infeasible   67        94.00000   72.00000  23.4%   8.7  495s
 1606776 674219   72.00000   55   61   94.00000   72.00000  23.4%   8.7  500s
 1623461 680742     cutoff   67        94.00000   72.00000  23.4%   8.7  505s
 1639877 686712   72.00000   60   45   94.00000   72.00000  23.4%   8.7  510s
 1655022 692348   84.24138   77   45   94.00000   72.00000  23.4%   8.7  515s
 1672048 698247 infeasible   60        94.00000   72.00000  23.4%   8.7  520s
 1687994 704209   81.00000   63   57   94.00000   72.00000  23.4%   8.7  525s
 1704848 710549 infeasible   73        94.00000   72.00000  23.4%   8.7  530s
 1722385 717371   88.00000   59   46   94.00000   72.00000  23.4%   8.7  535s
 1738715 723808 infeasible   65        94.00000   72.00000  23.4%   8.7  540s
 1756487 730848   85.00000   61   48   94.00000   72.00000  23.4%   8.7  545s
 1774018 737349   92.00000   75   34   94.00000   72.00000  23.4%   8.7  550s
 1790802 743395   88.00000   63   43   94.00000   72.00000  23.4%   8.7  555s
 1807256 749212   91.00000   66   31   94.00000   72.00000  23.4%   8.7  560s
 1825053 755798   80.00000   74   55   94.00000   72.00000  23.4%   8.7  565s
 1841158 761818   89.00000   57   50   94.00000   72.00000  23.4%   8.7  570s
 1857053 768021   93.00000   65   50   94.00000   72.00000  23.4%   8.7  575s
 1873099 774053   81.00000   80   55   94.00000   72.00000  23.4%   8.7  580s
 1889493 780227   72.00000   54   37   94.00000   72.00000  23.4%   8.7  585s
 1903992 785241   88.00000   57   47   94.00000   72.00000  23.4%   8.7  590s
 1920581 791650   88.00000   60   53   94.00000   72.00000  23.4%   8.7  595s
 1938051 798481   93.00000   66   32   94.00000   72.00000  23.4%   8.7  600s
 1956373 806000   72.00000   43   47   94.00000   72.00000  23.4%   8.7  605s
 1975205 813229 infeasible   70        94.00000   72.00000  23.4%   8.6  610s
 1992398 820135   87.00000   66   43   94.00000   72.00000  23.4%   8.6  615s
 2011405 827985   88.00000   73   46   94.00000   72.00000  23.4%   8.6  620s
 2029143 835032   89.00000   48   36   94.00000   72.00000  23.4%   8.6  625s
 2047963 842186   88.00000   81   37   94.00000   72.00000  23.4%   8.6  630s
 2064105 848429   74.00000   58   56   94.00000   72.00000  23.4%   8.6  635s
 2079796 854476   93.00000   54   41   94.00000   72.00000  23.4%   8.6  640s
 2096909 860967   79.00000   57   65   94.00000   72.00000  23.4%   8.6  645s
 2113344 866969   80.00000   66   56   94.00000   72.00000  23.4%   8.6  650s
 2129168 873299   87.00000   59   57   94.00000   72.00000  23.4%   8.6  655s
 2145622 879759   74.00000   69   72   94.00000   72.00000  23.4%   8.6  660s
 2162093 886056   93.00000   80   34   94.00000   72.00000  23.4%   8.6  665s
 2178974 893098   88.00000   66   51   94.00000   72.00000  23.4%   8.6  670s
 2194856 899271   88.00000   67   65   94.00000   72.00000  23.4%   8.6  675s
 2211059 905845   74.00000   56   77   94.00000   72.00000  23.4%   8.6  680s
 2227742 912711   88.00000   74   62   94.00000   72.00000  23.4%   8.6  685s
 2244517 918881   87.00000   63   59   94.00000   72.00000  23.4%   8.6  690s
 2260962 925550   72.00000   50   44   94.00000   72.00000  23.4%   8.6  695s
 2278538 932605   73.00000   56   83   94.00000   72.00000  23.4%   8.6  700s
 2295115 938973   78.00000   52   81   94.00000   72.00000  23.4%   8.6  705s
 2312167 945378 infeasible   62        94.00000   72.00000  23.4%   8.6  710s
 2328266 951298   80.00000   67   53   94.00000   72.00000  23.4%   8.6  715s
 2347252 958421   86.00000   60   37   94.00000   72.00000  23.4%   8.6  720s
 2363797 964669   74.00000   58   65   94.00000   72.00000  23.4%   8.6  725s
 2379807 971039   73.00000   62   69   94.00000   72.00000  23.4%   8.6  730s
 2397195 977324 infeasible   63        94.00000   72.00000  23.4%   8.6  735s
 2414686 984268   78.00000   55   53   94.00000   72.00000  23.4%   8.6  740s
 2430824 990624   93.00000   59   28   94.00000   72.00000  23.4%   8.6  745s
 2448868 997629 infeasible   69        94.00000   72.00000  23.4%   8.6  750s
 2463214 1002946   87.00000   66   41   94.00000   72.00000  23.4%   8.6  755s
 2478440 1008947   88.00000   72   47   94.00000   72.00000  23.4%   8.6  760s
 2495311 1015458   91.00000   72   43   94.00000   72.00000  23.4%   8.6  765s
 2511470 1021680   73.00000   59   74   94.00000   72.00000  23.4%   8.6  770s
 2528697 1027586   76.00000   68   47   94.00000   72.00000  23.4%   8.6  775s
 2545382 1033678   91.00000   64   62   94.00000   72.00000  23.4%   8.6  780s
 2562055 1040218   86.00000   68   62   94.00000   72.02500  23.4%   8.6  785s
 2578453 1045844   77.00000   51   54   94.00000   72.97500  22.4%   8.6  790s
 2596357 1051360   88.00000   68   51   94.00000   73.00000  22.3%   8.6  795s
 2614510 1056183   85.00000   65   52   94.00000   73.00000  22.3%   8.6  800s
 2632408 1061372   89.00000   71   36   94.00000   73.00000  22.3%   8.6  805s
 2649940 1065934 infeasible   69        94.00000   73.00000  22.3%   8.6  810s
 2666736 1070877   87.00000   60   41   94.00000   73.00000  22.3%   8.6  815s
 2682071 1075315   75.00000   56   63   94.00000   73.00000  22.3%   8.6  820s
 2699267 1079991   91.00000   50   66   94.00000   73.00000  22.3%   8.6  825s
 2714754 1083852   87.00000   60   49   94.00000   73.00000  22.3%   8.6  830s
 2731075 1088510   91.00000   59   49   94.00000   73.00000  22.3%   8.6  835s
 2748246 1092884   74.00000   54   52   94.00000   73.00000  22.3%   8.6  840s
 2765314 1098086   86.00000   64   51   94.00000   73.00000  22.3%   8.6  845s
 2782734 1102920   89.00000   68   55   94.00000   73.00000  22.3%   8.6  850s
 2798521 1107803   89.00000   65   43   94.00000   73.00000  22.3%   8.6  855s
 2813732 1112415   85.00000   53   64   94.00000   73.00000  22.3%   8.6  860s
 2828320 1116312   75.00000   50   57   94.00000   73.00000  22.3%   8.6  865s
 2844167 1120541   80.00000   59   53   94.00000   73.00000  22.3%   8.6  870s
 2859412 1125505   80.00000   71   52   94.00000   73.00000  22.3%   8.6  875s
 2876177 1130318   88.00000   67   56   94.00000   73.00000  22.3%   8.6  880s
 2891553 1135299   87.00000   63   62   94.00000   73.00000  22.3%   8.6  885s
 2908132 1140698 infeasible   71        94.00000   73.00000  22.3%   8.6  890s
 2923189 1145160   73.00000   62   70   94.00000   73.00000  22.3%   8.6  895s
 2939088 1149991   73.00000   56   50   94.00000   73.00000  22.3%   8.6  900s
 2955522 1154431   87.00000   59   57   94.00000   73.00000  22.3%   8.6  905s
 2971306 1158884 infeasible   66        94.00000   73.00000  22.3%   8.6  910s
 2987873 1163134 infeasible   66        94.00000   73.00000  22.3%   8.6  915s
 3004211 1167594   86.00000   74   48   94.00000   73.00000  22.3%   8.6  920s
 3021319 1171950 infeasible   72        94.00000   73.00000  22.3%   8.6  925s
 3036724 1176345   74.00000   66   89   94.00000   73.00000  22.3%   8.6  930s
 3052263 1179842 infeasible   58        94.00000   73.00000  22.3%   8.6  935s
 3069146 1184699   86.00000   64   51   94.00000   73.00000  22.3%   8.6  940s
 3084865 1188922   88.00000   66   67   94.00000   73.00000  22.3%   8.6  945s
 3101317 1193388   75.00000   58   61   94.00000   73.00000  22.3%   8.6  950s
 3117615 1198030   89.00000   71   46   94.00000   73.00000  22.3%   8.6  955s
 3134469 1203378   89.00000   57   52   94.00000   73.00000  22.3%   8.6  960s
 3149867 1208528   74.00000   61   79   94.00000   73.00000  22.3%   8.6  965s
 3166503 1214252   89.00000   61   53   94.00000   73.00000  22.3%   8.6  970s
 3184143 1220147   87.00000   60   63   94.00000   73.00000  22.3%   8.6  975s
 3200607 1225524   87.00000   68   45   94.00000   73.00000  22.3%   8.6  980s
 3215777 1230626   86.00000   61   70   94.00000   73.00000  22.3%   8.6  985s
 3232878 1235869 infeasible   68        94.00000   73.00000  22.3%   8.6  990s
 3249458 1240882   87.00000   65   38   94.00000   73.00000  22.3%   8.6  995s
 3265825 1245871   78.44444   62   71   94.00000   73.00000  22.3%   8.6 1000s
 3281059 1250320   75.00000   69   63   94.00000   73.00000  22.3%   8.6 1005s
 3298125 1255600   92.00000   69   66   94.00000   73.00000  22.3%   8.6 1010s
 3312693 1259931   88.00000   65   46   94.00000   73.00000  22.3%   8.6 1015s
 3329906 1265146   93.00000   63   50   94.00000   73.00000  22.3%   8.6 1020s
 3345580 1269148   85.00000   62   64   94.00000   73.00000  22.3%   8.6 1025s
 3362656 1274016   88.00000   75   53   94.00000   73.00000  22.3%   8.6 1030s
 3377444 1277861   87.00000   66   61   94.00000   73.00000  22.3%   8.6 1035s
 3394287 1282116     cutoff   73        94.00000   73.00000  22.3%   8.6 1040s
 3411201 1286280   89.00000   57   40   94.00000   73.00000  22.3%   8.6 1045s
 3427230 1290118   88.00000   76   33   94.00000   73.00000  22.3%   8.6 1050s
 3443149 1294784   74.00000   63   80   94.00000   73.00000  22.3%   8.6 1055s
 3459418 1298792     cutoff   69        94.00000   73.00000  22.3%   8.6 1060s
 3474741 1302514   80.00000   77   58   94.00000   73.00000  22.3%   8.6 1065s
 3490447 1307275     cutoff   63        94.00000   73.00000  22.3%   8.6 1070s
 3507880 1312664   75.00000   62   87   94.00000   73.00000  22.3%   8.6 1075s
 3524696 1317461   87.00000   65   42   94.00000   73.00000  22.3%   8.6 1080s
 3540942 1322234 infeasible   69        94.00000   73.00000  22.3%   8.6 1085s
 3558703 1327436 infeasible   60        94.00000   73.00000  22.3%   8.6 1090s
 3575088 1332406   86.00000   60   44   94.00000   73.00000  22.3%   8.6 1095s
 3591263 1336993 infeasible   71        94.00000   73.00000  22.3%   8.6 1100s
 3608154 1341947   86.00000   59   54   94.00000   73.00000  22.3%   8.6 1105s
 3626274 1347427   86.00000   62   53   94.00000   73.00000  22.3%   8.6 1110s
 3640802 1351263   73.00000   60   61   94.00000   73.00000  22.3%   8.6 1115s
 3657752 1356116   90.00000   66   57   94.00000   73.00000  22.3%   8.6 1120s
 3675656 1361125   90.00000   64   56   94.00000   73.00000  22.3%   8.6 1125s
 3691942 1365797 infeasible   65        94.00000   73.00000  22.3%   8.6 1130s
 3708215 1370785 infeasible   59        94.00000   73.00000  22.3%   8.6 1135s
 3722288 1374900   78.00000   65   60   94.00000   73.00000  22.3%   8.6 1140s
 3740322 1379968   74.02128   78   64   94.00000   73.00000  22.3%   8.6 1145s
 3758002 1385259   86.00000   58   66   94.00000   73.00000  22.3%   8.6 1150s
 3776068 1390799 infeasible   67        94.00000   73.00000  22.3%   8.6 1155s
 3792287 1395398 infeasible   70        94.00000   73.00000  22.3%   8.6 1160s
 3807325 1399697   77.00000   59   64   94.00000   73.00000  22.3%   8.6 1165s
 3824588 1405565   92.00000   71   57   94.00000   73.00000  22.3%   8.6 1170s
 3841580 1410455   80.00000   56   52   94.00000   73.00000  22.3%   8.6 1175s
 3860188 1416027   78.00000   66   57   94.00000   73.00000  22.3%   8.6 1180s
 3876091 1420716   73.00000   68   69   94.00000   73.00000  22.3%   8.6 1185s
 3892572 1425122   84.00000   71   51   94.00000   73.00000  22.3%   8.6 1190s
 3908412 1428823   74.00000   56   55   94.00000   73.00000  22.3%   8.6 1195s
 3925710 1433456   87.00000   55   46   94.00000   73.00000  22.3%   8.6 1200s
 3942523 1438470 infeasible   68        94.00000   73.00000  22.3%   8.6 1205s
 3961198 1444246 infeasible   83        94.00000   73.00000  22.3%   8.6 1210s
 3977108 1449111 infeasible   79        94.00000   73.00000  22.3%   8.6 1215s
 3991718 1453726   87.00000   75   50   94.00000   73.00000  22.3%   8.6 1220s
 4008057 1458863 infeasible   71        94.00000   73.00000  22.3%   8.6 1225s
 4023242 1462956   87.00000   64   42   94.00000   73.00000  22.3%   8.6 1230s
 4039541 1467506   87.00000   67   45   94.00000   73.00000  22.3%   8.6 1235s
 4055920 1472070   80.00000   60   69   94.00000   73.00000  22.3%   8.6 1240s
 4071923 1476769   93.00000   54   52   94.00000   73.00000  22.3%   8.6 1245s
 4088556 1481765     cutoff   77        94.00000   73.00000  22.3%   8.6 1250s
 4104906 1486470   90.00000   66   58   94.00000   73.00000  22.3%   8.6 1255s
 4121053 1491073   80.00000   66   68   94.00000   73.00000  22.3%   8.6 1260s
 4139150 1496468   87.00000   85   36   94.00000   73.00000  22.3%   8.6 1265s
 4156046 1501522   89.00000   52   51   94.00000   73.00000  22.3%   8.6 1270s
 4172053 1507001   89.00000   61   38   94.00000   73.00000  22.3%   8.6 1275s
 4187764 1512050   89.00000   65   31   94.00000   73.00000  22.3%   8.6 1280s
 4202564 1516801 infeasible   68        94.00000   73.00000  22.3%   8.6 1285s
 4217326 1521982   86.00000   62   55   94.00000   73.00000  22.3%   8.6 1290s
 4232893 1527102   93.00000   62   45   94.00000   73.00000  22.3%   8.6 1295s
 4248848 1532416 infeasible   69        94.00000   73.00000  22.3%   8.6 1300s
 4265523 1537633   88.00000   55   46   94.00000   73.00000  22.3%   8.6 1305s
 4280987 1542778   78.00000   68   66   94.00000   73.00000  22.3%   8.6 1310s
 4298489 1548549   73.00000   54   66   94.00000   73.00000  22.3%   8.6 1315s
 4316560 1554329   86.00000   70   49   94.00000   73.00000  22.3%   8.6 1320s
 4335423 1559996 infeasible   71        94.00000   73.00000  22.3%   8.6 1325s
 4353627 1565480 infeasible   57        94.00000   73.00000  22.3%   8.6 1330s
 4371862 1570726   73.00000   62   57   94.00000   73.00000  22.3%   8.6 1335s
 4388746 1575034   75.00000   55   59   94.00000   73.00000  22.3%   8.6 1340s
 4407389 1580168   74.00000   67   69   94.00000   73.00000  22.3%   8.6 1345s
 4425439 1585304   87.00000   57   30   94.00000   73.00000  22.3%   8.6 1350s
 4442115 1589797 infeasible   80        94.00000   73.00000  22.3%   8.6 1355s
 4458413 1594556   90.00000   59   54   94.00000   73.00000  22.3%   8.6 1360s
 4475181 1598987 infeasible   71        94.00000   73.00000  22.3%   8.6 1365s
 4493563 1604875   91.00000   57   45   94.00000   73.00000  22.3%   8.6 1370s
 4512540 1610714 infeasible   66        94.00000   73.00000  22.3%   8.6 1375s
 4531285 1615942   76.00000   49   52   94.00000   73.00000  22.3%   8.6 1380s
 4548848 1621453 infeasible   69        94.00000   73.00000  22.3%   8.6 1385s
 4564927 1626706   90.00000   64   41   94.00000   73.00000  22.3%   8.6 1390s
 4581246 1632061   92.00000   68   68   94.00000   73.00000  22.3%   8.6 1395s
 4597903 1637644   85.33333   53   60   94.00000   73.00000  22.3%   8.6 1400s
 4614374 1643078   73.00000   54   70   94.00000   73.00000  22.3%   8.6 1405s
 4630995 1648308   77.00000   60   67   94.00000   73.00000  22.3%   8.6 1410s
 4648350 1654158 infeasible   57        94.00000   73.00000  22.3%   8.6 1415s
 4663337 1659102   73.00000   53   79   94.00000   73.00000  22.3%   8.6 1420s
 4681613 1664908   74.00000   68   77   94.00000   73.00000  22.3%   8.6 1425s
 4698282 1670057   80.00000   57   51   94.00000   73.00000  22.3%   8.6 1430s
 4714064 1674740   73.00000   57   73   94.00000   73.00000  22.3%   8.6 1435s
 4730655 1679972   88.00000   67   37   94.00000   73.00000  22.3%   8.6 1440s
 4746900 1684949   82.00000   59   47   94.00000   73.00000  22.3%   8.6 1445s
 4763560 1690794   75.00000   60   57   94.00000   73.00000  22.3%   8.6 1450s
 4780073 1696284 infeasible   71        94.00000   73.00000  22.3%   8.6 1455s
 4795764 1701531 infeasible   61        94.00000   73.00000  22.3%   8.6 1460s
 4811678 1706392   79.00000   63   55   94.00000   73.00000  22.3%   8.6 1465s
 4827972 1711812   75.00000   62   53   94.00000   73.00000  22.3%   8.6 1470s
 4844432 1717223   88.00000   64   49   94.00000   73.00000  22.3%   8.6 1475s
 4859060 1721376 infeasible   72        94.00000   73.00000  22.3%   8.6 1480s
 4877640 1726227   88.00000   61   67   94.00000   73.00000  22.3%   8.6 1485s
 4896290 1731886   87.00000   72   61   94.00000   73.00000  22.3%   8.6 1490s
 4912749 1737044 infeasible   67        94.00000   73.00000  22.3%   8.6 1495s
 4929897 1742830   73.00000   59   49   94.00000   73.00000  22.3%   8.6 1500s
 4946667 1748467   87.00000   60   56   94.00000   73.00000  22.3%   8.6 1505s
 4963335 1753683   77.00000   63   73   94.00000   73.00000  22.3%   8.6 1510s
 4980224 1758745   87.00000   60   50   94.00000   73.00000  22.3%   8.6 1515s
 4996787 1763747 infeasible   61        94.00000   73.00000  22.3%   8.6 1520s
 5013329 1768871   87.07143   64   48   94.00000   73.00000  22.3%   8.6 1525s
 5029956 1773847   79.00000   62   66   94.00000   73.00000  22.3%   8.6 1530s
 5046297 1779016 infeasible   64        94.00000   73.00000  22.3%   8.6 1535s
 5062119 1784033   75.00000   61   61   94.00000   73.00000  22.3%   8.6 1540s
 5077917 1789552   87.00000   68   59   94.00000   73.00000  22.3%   8.6 1545s
 5092639 1793904 infeasible   64        94.00000   73.00000  22.3%   8.6 1550s
 5108957 1798060 infeasible   63        94.00000   73.00000  22.3%   8.6 1555s
 5125569 1802794   87.00000   78   60   94.00000   73.00000  22.3%   8.6 1560s
 5142095 1808117   91.00000   66   47   94.00000   73.00000  22.3%   8.6 1565s
 5160008 1812596   73.00000   50   68   94.00000   73.00000  22.3%   8.6 1570s
 5176669 1817486 infeasible   70        94.00000   73.00000  22.3%   8.6 1575s
 5195065 1822723   79.00000   75   60   94.00000   73.00000  22.3%   8.6 1580s
 5211436 1827887 infeasible   73        94.00000   73.00000  22.3%   8.6 1585s
 5229700 1833047   85.00000   75   78   94.00000   73.00000  22.3%   8.6 1590s
 5245299 1837097   74.00000   61   69   94.00000   73.00000  22.3%   8.6 1595s
 5261677 1842094   86.00000   65   57   94.00000   73.00000  22.3%   8.6 1600s
 5278937 1847257 infeasible   64        94.00000   73.00000  22.3%   8.6 1605s
 5294755 1851988 infeasible   63        94.00000   73.00000  22.3%   8.6 1610s
 5313045 1858006     cutoff   67        94.00000   73.00000  22.3%   8.6 1615s
 5329149 1862585   87.00000   68   64   94.00000   73.00000  22.3%   8.6 1620s
 5345206 1867157 infeasible   69        94.00000   73.00000  22.3%   8.6 1625s
 5361125 1872122   73.00000   66   61   94.00000   73.00000  22.3%   8.6 1630s
 5377981 1877140   73.00000   58   58   94.00000   73.00000  22.3%   8.6 1635s
 5396697 1882434   80.00000   57   54   94.00000   73.00000  22.3%   8.6 1640s
 5413276 1887405   75.00000   61   56   94.00000   73.00000  22.3%   8.6 1645s
 5429147 1892577   86.00000   67   50   94.00000   73.00000  22.3%   8.6 1650s
 5444416 1897448   81.00000   61   37   94.00000   73.00000  22.3%   8.6 1655s
 5460134 1902105   73.00000   56   67   94.00000   73.00000  22.3%   8.6 1660s
 5474589 1906897   75.00000   67   69   94.00000   73.00000  22.3%   8.6 1665s
 5492092 1912738 infeasible   77        94.00000   73.00000  22.3%   8.6 1670s
 5510208 1918520 infeasible   63        94.00000   73.00000  22.3%   8.6 1675s
 5526300 1923792   80.00000   72   59   94.00000   73.00000  22.3%   8.6 1680s
 5542254 1928483   89.00000   65   46   94.00000   73.00000  22.3%   8.6 1685s
 5558911 1933838   74.00000   59   67   94.00000   73.00000  22.3%   8.6 1690s
 5575567 1939628   79.00000   74   52   94.00000   73.00000  22.3%   8.6 1695s
 5590108 1944057   89.00000   71   44   94.00000   73.00000  22.3%   8.6 1700s
 5605372 1948666   74.00000   56   49   94.00000   73.00000  22.3%   8.6 1705s
 5622007 1953813   88.00000   60   38   94.00000   73.00000  22.3%   8.6 1710s
 5639410 1959433   75.00000   65   67   94.00000   73.00000  22.3%   8.6 1715s
 5654446 1964125   77.00000   54   57   94.00000   73.00000  22.3%   8.6 1720s
 5670859 1969920   73.00000   49   48   94.00000   73.00000  22.3%   8.6 1725s
 5687863 1976050   87.00000   64   82   94.00000   73.00000  22.3%   8.6 1730s
 5703939 1981139   88.00000   68   57   94.00000   73.00000  22.3%   8.6 1735s
 5719021 1985827   75.00000   57   70   94.00000   73.00000  22.3%   8.6 1740s
 5733950 1990549   79.00000   49   60   94.00000   73.00000  22.3%   8.6 1745s
 5751201 1996206   89.00000   71   43   94.00000   73.00000  22.3%   8.6 1750s
 5767698 2001763   80.00000   61   60   94.00000   73.00000  22.3%   8.6 1755s
 5783030 2006639   85.00000   64   61   94.00000   73.00000  22.3%   8.6 1760s
 5798043 2011818   77.00000   53   57   94.00000   73.00000  22.3%   8.6 1765s
 5814605 2017426 infeasible   63        94.00000   73.00000  22.3%   8.6 1770s
 5830464 2022650   89.00000   52   49   94.00000   73.00000  22.3%   8.6 1775s
 5846384 2027948   88.00000   67   40   94.00000   73.00000  22.3%   8.6 1780s
 5860774 2032472   79.00000   56   58   94.00000   73.00000  22.3%   8.6 1785s
 5876811 2037769   86.00000   67   53   94.00000   73.00000  22.3%   8.6 1790s
 5892974 2043060   80.00000   73   55   94.00000   73.00000  22.3%   8.6 1795s

Cutting planes:
  Implied bound: 2
  MIR: 9
  Flow cover: 16
  Inf proof: 2
  RLT: 3

Explored 5909767 nodes (50913314 simplex iterations) in 1800.00 seconds (1426.60 work units)
Thread count was 1 (of 96 available processors)

Solution count 10: 94 94 97 ... 121

Time limit reached
Best objective 9.399999999050e+01, best bound 7.300000000000e+01, gap 22.3404%
WARNING: Loading a SolverResults object with an 'aborted' status, but
    containing a solution

Instance 19_2, formulation reagg_tres, reform MIP:
  Rect 0: x = 69.00, y = 14.00
  Rect 1: x = 79.00, y = 14.00
  Rect 2: x = 0.00, y = 12.00
  Rect 3: x = 0.00, y = 5.00
  Rect 4: x = 2.00, y = 13.00
  Rect 5: x = 14.00, y = 3.00
  Rect 6: x = 56.00, y = 13.00
  Rect 7: x = 14.00, y = 14.00
  Rect 8: x = 89.00, y = 10.00
  Rect 9: x = 81.00, y = 10.00
  Rect 10: x = 29.00, y = 2.00
  Rect 11: x = 70.00, y = 6.00
  Rect 12: x = 87.00, y = 10.00
  Rect 13: x = 16.00, y = 14.00
  Rect 14: x = 92.00, y = 10.00
  Rect 15: x = 30.00, y = 14.00
  Rect 16: x = 70.00, y = 13.00
  Rect 17: x = 44.00, y = 13.00
  Rect 18: x = 74.00, y = 6.00
  → saved figures to strip_figures/19_2_reagg_tres_MIP.png and strip_figures/19_2_reagg_tres_MIP.pdf
Set parameter TokenServer to value "mooring.ecn.purdue.edu"
Read LP format model from file /tmp/tmp314upyzh.pyomo.lp
Reading time = 0.00 seconds
x724: 2243 rows, 724 columns, 5511 nonzeros
Set parameter TimeLimit to value 1800
Set parameter Threads to value 1
Gurobi Optimizer version 11.0.0 build v11.0.0rc2 (linux64 - "Oracle Linux Server 9.6")

CPU model: AMD EPYC 7643 48-Core Processor, instruction set [SSE2|AVX|AVX2]
Thread count: 48 physical cores, 96 logical processors, using up to 1 threads

Optimize a model with 2243 rows, 724 columns and 5511 nonzeros
Model fingerprint: 0xa282561e
Variable types: 40 continuous, 684 integer (684 binary)
Coefficient statistics:
  Matrix range     [1e+00, 2e+02]
  Objective range  [1e+00, 1e+00]
  Bounds range     [1e+00, 2e+02]
  RHS range        [1e+00, 2e+02]
Presolve removed 1636 rows and 270 columns
Presolve time: 0.00s
Presolved: 607 rows, 454 columns, 1884 nonzeros
Variable types: 37 continuous, 417 integer (417 binary)
Found heuristic solution: objective 158.0000000

Root relaxation: objective 3.200000e+01, 244 iterations, 0.00 seconds (0.00 work units)

    Nodes    |    Current Node    |     Objective Bounds      |     Work
 Expl Unexpl |  Obj  Depth IntInf | Incumbent    BestBd   Gap | It/Node Time

     0     0   32.00000    0   63  158.00000   32.00000  79.7%     -    0s
H    0     0                     157.0000000   32.00000  79.6%     -    0s
     0     0   51.52093    0  197  157.00000   51.52093  67.2%     -    0s
H    0     0                     148.0000000   53.15756  64.1%     -    0s
H    0     0                     115.0000000   53.15756  53.8%     -    0s
     0     0   61.09135    0  199  115.00000   61.09135  46.9%     -    0s
     0     0   61.09135    0  199  115.00000   61.09135  46.9%     -    0s
     0     0   62.51565    0  199  115.00000   62.51565  45.6%     -    0s
     0     0   63.78928    0  181  115.00000   63.78928  44.5%     -    0s
     0     0   63.78928    0  195  115.00000   63.78928  44.5%     -    0s
     0     0   63.79430    0  180  115.00000   63.79430  44.5%     -    0s
     0     0   63.79430    0  186  115.00000   63.79430  44.5%     -    0s
     0     0   63.79430    0  192  115.00000   63.79430  44.5%     -    0s
     0     0   63.79430    0  187  115.00000   63.79430  44.5%     -    0s
     0     0   63.79430    0  187  115.00000   63.79430  44.5%     -    0s
     0     0   63.79430    0  183  115.00000   63.79430  44.5%     -    0s
     0     0   63.79430    0   50  115.00000   63.79430  44.5%     -    0s
     0     2   63.97389    0   49  115.00000   63.97389  44.4%     -    0s
H  208   123                     111.0000000   64.21721  42.1%   9.6    0s
H  620   420                     108.0000000   64.50435  40.3%  10.5    0s
H  653   420                     106.0000000   66.61741  37.2%  10.0    0s
H  821   480                     106.0000000   66.65026  37.1%  19.6    1s
* 1031   404              63     104.0000000   67.71486  34.9%  20.1    1s
H 1493   449                     104.0000000   71.57699  31.2%  24.1    2s
  3064  1003   90.66857   22   56  104.00000   78.60932  24.4%  29.8    5s
  5509  1831   98.03604   30  124  104.00000   83.04574  20.1%  36.0   10s
  8036  2566     cutoff   30       104.00000   85.25620  18.0%  38.4   15s
 10202  3169     cutoff   33       104.00000   86.84804  16.5%  39.8   21s
 12320  3703  101.00000   36   11  104.00000   88.46884  14.9%  40.1   25s
 15059  4379 infeasible   29       104.00000   90.00000  13.5%  40.8   30s
 17760  5058  102.50000   37   47  104.00000   90.81138  12.7%  41.5   35s
 20004  5497  102.66667   36  106  104.00000   91.36741  12.1%  42.2   40s
 22570  6008 infeasible   31       104.00000   92.09064  11.5%  42.3   45s
 24977  6457  102.10526   31  118  104.00000   92.75014  10.8%  42.8   50s
 27439  6959  100.21182   33  130  104.00000   93.51422  10.1%  42.9   55s
 30019  7370  102.22222   34  108  104.00000   94.18291  9.44%  42.9   60s
 32367  7713  102.04545   32  126  104.00000   94.78320  8.86%  43.2   65s
 34519  7957  102.00000   34   89  104.00000   95.67124  8.01%  43.4   70s
 36889  8328   96.56043   27  141  104.00000   96.00000  7.69%  43.4   75s
 39003  8628  102.26667   33  100  104.00000   96.10971  7.59%  43.7   80s
 41322  8961  102.26667   36  132  104.00000   96.25589  7.45%  43.7   85s
 43557  9278  102.06349   26  125  104.00000   96.38861  7.32%  43.8   90s
 45918  9601   96.54354   25  130  104.00000   96.51477  7.20%  43.9   95s
 48427  9943  102.19048   32   98  104.00000   96.61908  7.10%  43.7  100s
 50931 10267     cutoff   31       104.00000   96.79769  6.93%  43.6  105s
 53259 10465  103.00000   34  118  104.00000   97.01389  6.72%  43.6  110s
 55432 10636  102.00000   32  111  104.00000   97.21658  6.52%  43.5  115s
 57983 10829  102.04545   28  107  104.00000   97.51903  6.23%  43.4  120s
 60368 11025  102.08333   36  114  104.00000   97.84288  5.92%  43.3  125s
 62574 11058  102.19048   32  116  104.00000   98.00000  5.77%  43.6  130s
 64863 11091  102.04763   34   50  104.00000   98.18257  5.59%  43.8  135s
 66998 11038  102.06667   36  116  104.00000   98.32305  5.46%  44.0  140s
 69177 11001  103.01266   32   80  104.00000   98.54147  5.25%  44.0  145s
 71182 10923  102.02088   34  126  104.00000   98.92475  4.88%  44.0  150s
 73260 10874  102.04545   35  124  104.00000   99.35547  4.47%  44.1  155s
 75389 10773  102.00000   25  129  104.00000   99.96330  3.88%  44.3  160s
H76249 10774                     103.9999995  100.00000  3.85%  44.2  161s
 77634 10804  102.04545   31  121  104.00000  100.00000  3.85%  44.3  165s
 79728 10728  102.05479   33   70  104.00000  100.00000  3.85%  44.4  170s
 81418 10729  102.04360   33   46  104.00000  100.00633  3.84%  44.6  175s
 83480 10695  102.30769   33  119  104.00000  100.07207  3.78%  44.8  180s
 85392 10478  102.50000   34  126  104.00000  100.09195  3.76%  45.2  185s
 87633 10374  103.00000   39  110  104.00000  100.13636  3.72%  45.2  190s
 90064 10409     cutoff   43       104.00000  100.13636  3.72%  45.1  195s
 92462 10444  100.18182   28  118  104.00000  100.13741  3.71%  44.8  200s
 94927 10371  102.07018   35  103  104.00000  100.15032  3.70%  44.6  205s
 97342 10239  100.55280   30  126  104.00000  100.17911  3.67%  44.4  210s
 99669 10052  102.66667   29  123  104.00000  100.23052  3.62%  44.3  215s
 101800  9793  102.05479   37  112  104.00000  100.34235  3.52%  44.3  220s
 104117  9419  102.04598   29  141  104.00000  100.67187  3.20%  44.3  225s
 106389  8916  102.05195   32   29  104.00000  101.15000  2.74%  44.3  230s
 108564  8336  102.05431   30   25  104.00000  101.94283  1.98%  44.3  235s
 110432  7703  102.05970   31   69  104.00000  102.00000  1.92%  44.5  240s
 112093  7108  102.04545   31  121  104.00000  102.00095  1.92%  44.9  245s
 113846  6717  102.15385   34   62  104.00000  102.01479  1.91%  45.0  250s
 115339  6201     cutoff   30       104.00000  102.03604  1.89%  45.1  255s
 117888  4519  102.07018   30   32  104.00000  102.04545  1.88%  45.2  260s
 119901  4121  102.05479   35  123  104.00000  102.04545  1.88%  45.2  265s
 121859  3644  102.05479   31  113  104.00000  102.04545  1.88%  45.2  270s
 123999  3134  102.05619   31  110  104.00000  102.04878  1.88%  45.1  275s
 126191  2626  102.05333   31  136  104.00000  102.05333  1.87%  45.0  280s
 128104  2033  102.07143   32  115  104.00000  102.07143  1.85%  44.9  285s
 130249  1141     cutoff   40       104.00000  102.26667  1.67%  45.0  290s

Cutting planes:
  Learned: 1
  Gomory: 29
  Cover: 269
  Implied bound: 112
  Clique: 59
  MIR: 139
  Mixing: 31
  StrongCG: 6
  Flow cover: 1230
  Inf proof: 218
  RLT: 40
  Relax-and-lift: 20

Explored 131746 nodes (5926816 simplex iterations) in 293.18 seconds (295.60 work units)
Thread count was 1 (of 96 available processors)

Solution count 10: 104 104 104 ... 148

Optimal solution found (tolerance 1.00e-04)
Best objective 1.040000000000e+02, best bound 1.040000000000e+02, gap 0.0000%

Instance 19_3, formulation altered, reform bigm:
  Rect 0: x = 31.00, y = 8.00
  Rect 1: x = 44.00, y = 12.00
  Rect 2: x = 35.00, y = 12.00
  Rect 3: x = 2.00, y = 8.00
  Rect 4: x = 0.00, y = 12.00
  Rect 5: x = 76.00, y = 12.00
  Rect 6: x = 2.00, y = 12.00
  Rect 7: x = 58.00, y = 9.00
  Rect 8: x = 76.00, y = 2.00
  Rect 9: x = 58.00, y = 12.00
  Rect 10: x = 44.00, y = 1.00
  Rect 11: x = 31.00, y = 12.00
  Rect 12: x = 89.00, y = 12.00
  Rect 13: x = 18.00, y = 1.00
  Rect 14: x = 87.00, y = 1.00
  Rect 15: x = 64.00, y = 9.00
  Rect 16: x = 18.00, y = 10.00
  Rect 17: x = 46.00, y = 12.00
  Rect 18: x = 18.00, y = 12.00
  → saved figures to strip_figures/19_3_altered_bigm.png and strip_figures/19_3_altered_bigm.pdf
Set parameter TokenServer to value "mooring.ecn.purdue.edu"
Read LP format model from file /tmp/tmpleqzjp1k.pyomo.lp
Reading time = 0.01 seconds
x3460: 7031 rows, 3460 columns, 18435 nonzeros
Set parameter TimeLimit to value 1800
Set parameter Threads to value 1
Gurobi Optimizer version 11.0.0 build v11.0.0rc2 (linux64 - "Oracle Linux Server 9.6")

CPU model: AMD EPYC 7643 48-Core Processor, instruction set [SSE2|AVX|AVX2]
Thread count: 48 physical cores, 96 logical processors, using up to 1 threads

Optimize a model with 7031 rows, 3460 columns and 18435 nonzeros
Model fingerprint: 0x17433b01
Variable types: 2776 continuous, 684 integer (684 binary)
Coefficient statistics:
  Matrix range     [1e+00, 2e+02]
  Objective range  [1e+00, 1e+00]
  Bounds range     [1e+00, 2e+02]
  RHS range        [1e+00, 2e+01]
Presolve removed 2980 rows and 1364 columns
Presolve time: 0.04s
Presolved: 4051 rows, 2096 columns, 10732 nonzeros
Variable types: 1679 continuous, 417 integer (417 binary)
Found heuristic solution: objective 183.0000000

Root relaxation: objective 3.200000e+01, 1069 iterations, 0.02 seconds (0.03 work units)

    Nodes    |    Current Node    |     Objective Bounds      |     Work
 Expl Unexpl |  Obj  Depth IntInf | Incumbent    BestBd   Gap | It/Node Time

     0     0   32.00000    0  136  183.00000   32.00000  82.5%     -    0s
     0     0   32.00000    0  218  183.00000   32.00000  82.5%     -    0s
H    0     0                     174.0000000   32.00000  81.6%     -    0s
H    0     0                     149.0000000   32.00000  78.5%     -    0s
     0     0   32.00000    0  209  149.00000   32.00000  78.5%     -    0s
     0     0   32.00000    0  167  149.00000   32.00000  78.5%     -    0s
     0     0   32.00000    0  185  149.00000   32.00000  78.5%     -    0s
     0     0   32.00000    0  142  149.00000   32.00000  78.5%     -    0s
     0     0   32.00000    0  173  149.00000   32.00000  78.5%     -    0s
     0     0   32.00000    0  144  149.00000   32.00000  78.5%     -    1s
     0     0   32.00000    0  144  149.00000   32.00000  78.5%     -    1s
H    0     0                     147.0000000   32.00000  78.2%     -    1s
H    0     0                     134.0000000   32.00000  76.1%     -    1s
     0     2   32.00000    0  129  134.00000   32.00000  76.1%     -    1s
H  135   129                     133.0000000   32.00000  75.9%  51.6    1s
*  145   137             109     122.0000000   32.00000  73.8%  48.3    1s
H  352   256                     111.0000000   32.00000  71.2%  54.3    2s
   638   490   85.00000   51   87  111.00000   32.76190  70.5%  75.0    5s
H 1057   660                     109.0000000   35.29032  67.6%  73.3    7s
H 1404   759                     108.0000000   42.00000  61.1%  72.0    8s
  1549   814   93.00000   50   92  108.00000   44.00000  59.3%  78.2   10s
H 2084  1174                     108.0000000   45.00000  58.3%  75.6   11s
H 2223  1255                     107.0000000   45.00000  57.9%  75.2   12s
H 2443  1388                     107.0000000   45.00000  57.9%  81.9   14s
  2533  1436   81.00000   35  123  107.00000   45.00000  57.9%  83.2   15s
* 2801  1546              98     106.0000000   45.00000  57.5%  81.6   15s
H 3112  1731                     105.0000000   48.00000  54.3%  81.8   17s
H 3237  1814                     104.0000000   48.00000  53.8%  81.5   17s
  3774  2149   73.00000   32  132  104.00000   51.00000  51.0%  81.3   20s
H 3886  2223                     104.0000000   54.00000  48.1%  80.6   20s
  4904  2806   72.00000   25   77  104.00000   56.00000  46.2%  79.8   25s
  6053  3487   81.00000   23   74  104.00000   56.00000  46.2%  80.6   30s
  7281  4194   91.00000   40   96  104.00000   56.00000  46.2%  81.3   35s
H 7757  4485                     104.0000000   56.00000  46.2%  81.5   37s
  8530  4944   92.00000   31   74  104.00000   57.00000  45.2%  81.1   40s
  9804  5655   69.00000   26   81  104.00000   57.00000  45.2%  80.8   45s
 10203  5895   83.00000   41  144  104.00000   57.00000  45.2%  81.2   55s
 10233  5915   83.00000   36  148  104.00000   57.00000  45.2%  80.9   60s
 10478  6031   94.00000   58  103  104.00000   57.00000  45.2%  84.2   65s
 10935  6213   90.00000   47   69  104.00000   57.00000  45.2%  84.8   70s
 11403  6374   96.00000   40   91  104.00000   57.00000  45.2%  84.8   75s
 11974  6494  102.00000   55   64  104.00000   57.00000  45.2%  85.6   80s
 12653  6688   89.00000   56   69  104.00000   57.00000  45.2%  86.2   85s
 13624  6924   94.00000   50   96  104.00000   57.00000  45.2%  86.5   90s
 14591  7146   93.00000   40   75  104.00000   57.00000  45.2%  86.5   95s
 15687  7472   90.00000   37  110  104.00000   57.00000  45.2%  85.5  100s
 16591  7638   81.00000   33   87  104.00000   57.00000  45.2%  85.3  105s
 17650  7806  102.00000   55   76  104.00000   59.00000  43.3%  85.0  110s
 18354  7710   85.00000   35   83  104.00000   63.00000  39.4%  86.1  115s
 19437  7961     cutoff   65       104.00000   65.00000  37.5%  85.6  120s
 20390  8218  102.00000   44   97  104.00000   65.00000  37.5%  85.4  125s
 21425  8435  102.00000   44   87  104.00000   68.00000  34.6%  85.4  130s
 22607  8715  102.00000   64   91  104.00000   68.00000  34.6%  85.1  135s
 23833  8985   98.00000   41  111  104.00000   68.00000  34.6%  84.8  140s
 25097  9288  102.00000   62   92  104.00000   68.00000  34.6%  84.4  145s
 26424  9607   68.00000   35   84  104.00000   68.00000  34.6%  83.9  150s
 27596  9823   81.00000   34   77  104.00000   69.00000  33.7%  83.6  155s
 29092 10523   85.00000   30   70  104.00000   69.00000  33.7%  82.6  160s
 30521 11280   97.00000   48   99  104.00000   69.00000  33.7%  82.0  165s
 31817 12026  101.00000   48  113  104.00000   69.00000  33.7%  81.8  170s
 33195 12771  102.00000   50   85  104.00000   69.00000  33.7%  81.3  175s
 34585 13491 infeasible   35       104.00000   69.00000  33.7%  80.8  180s
 35745 14116   91.00000   43   82  104.00000   69.00000  33.7%  80.6  185s
 36993 14746   91.89474   39   83  104.00000   69.00000  33.7%  80.4  190s
 38254 15376 infeasible   43       104.00000   69.00000  33.7%  80.2  195s
 39460 15969   92.00000   45   79  104.00000   70.00000  32.7%  80.1  200s
 40488 16397   92.00000   36   89  104.00000   71.00000  31.7%  80.2  205s
 41773 16974   92.00000   39   72  104.00000   71.00000  31.7%  80.0  210s
 42753 17273  102.00000   64   89  104.00000   72.00000  30.8%  80.3  215s
 43534 17477   81.00000   36   64  104.00000   73.00000  29.8%  80.9  220s
 44508 17759 infeasible   40       104.00000   74.00000  28.8%  81.2  225s
 45583 18314  100.00000   48   82  104.00000   75.00000  27.9%  81.2  230s
 46792 18892   90.00000   49   74  104.00000   77.00000  26.0%  81.1  235s
 48129 19537     cutoff   43       104.00000   77.00000  26.0%  80.9  240s
 49394 20129  102.00000   49   81  104.00000   77.00000  26.0%  80.5  245s
 50683 20813   90.00000   35   67  104.00000   78.00000  25.0%  80.2  250s
 52063 21507  102.00000   54   81  104.00000   78.00000  25.0%  79.8  255s
 53332 22096   95.00000   35  110  104.00000   78.00000  25.0%  79.8  260s
 54462 22610 infeasible   36       104.00000   78.14286  24.9%  79.8  265s
 55510 23060  102.00000   48   87  104.00000   80.00000  23.1%  79.8  270s
 57020 23750   81.00000   37   97  104.00000   81.00000  22.1%  79.4  275s
 58656 24543   96.00000   44   68  104.00000   81.00000  22.1%  78.8  280s
 60057 25198  102.00000   57   65  104.00000   81.00000  22.1%  78.5  285s
 61029 25642 infeasible   52       104.00000   81.00000  22.1%  78.4  290s
 62358 26312  102.00000   48   90  104.00000   81.00000  22.1%  78.1  295s
 64045 27123  102.00000   54   93  104.00000   81.00000  22.1%  77.6  300s
 65843 27984  102.00000   50   68  104.00000   81.00000  22.1%  77.1  305s
 67461 28762   95.00000   43   83  104.00000   81.00000  22.1%  76.6  310s
 68796 29396   96.00000   43   75  104.00000   81.00000  22.1%  76.4  315s
 70422 30287   81.00000   42   70  104.00000   81.00000  22.1%  76.0  320s
 71957 31105   96.00000   48   81  104.00000   81.00000  22.1%  75.7  325s
 73516 31798   94.00000   47   77  104.00000   81.00000  22.1%  75.5  330s
 74790 32414  102.00000   60   84  104.00000   81.00000  22.1%  75.3  335s
 76339 33200  102.00000   55   61  104.00000   81.00000  22.1%  75.0  340s
 77844 33955   91.00000   45   59  104.00000   81.00000  22.1%  74.7  345s
 78821 34417  102.00000   46   89  104.00000   81.00000  22.1%  74.7  350s
 80340 35205     cutoff   59       104.00000   81.00000  22.1%  74.6  355s
 81786 35962   87.00000   37   69  104.00000   81.00000  22.1%  74.4  360s
 83033 36587  100.00000   43   74  104.00000   81.00000  22.1%  74.3  365s
 84580 37343   88.00000   38   75  104.00000   81.00000  22.1%  74.1  370s
 86043 38135     cutoff   50       104.00000   81.00000  22.1%  73.9  375s
 87596 38930   96.00000   48   90  104.00000   81.00000  22.1%  73.7  380s
 88819 39530   91.00000   44   73  104.00000   81.00000  22.1%  73.6  385s
 90460 40386  102.00000   56   89  104.00000   81.00000  22.1%  73.4  390s
 91853 41062   85.00000   44   72  104.00000   81.00000  22.1%  73.3  395s
 93317 41760  102.00000   48   80  104.00000   81.00000  22.1%  73.1  400s
 94618 42429  102.00000   56   95  104.00000   81.00000  22.1%  73.1  405s
 96182 43193  102.00000   59   80  104.00000   81.00000  22.1%  72.9  410s
 97408 43800  100.00000   44   76  104.00000   81.00000  22.1%  72.8  415s
 98868 44520   87.00000   40   92  104.00000   81.00000  22.1%  72.6  420s
 100113 45131  102.00000   56   80  104.00000   81.00000  22.1%  72.5  425s
 101624 45857   85.00000   42   73  104.00000   81.00000  22.1%  72.4  430s
 103107 46617  102.00000   53   92  104.00000   81.00000  22.1%  72.2  435s
 104545 47262   90.00000   44   82  104.00000   81.00000  22.1%  72.2  440s
 105977 47932   95.00000   47   82  104.00000   81.00000  22.1%  72.0  445s
 107484 48664 infeasible   58       104.00000   81.00000  22.1%  71.9  450s
 109016 49443  100.00000   51   89  104.00000   81.00000  22.1%  71.7  455s
 110284 50069   98.00000   44   98  104.00000   81.00000  22.1%  71.7  460s
 111722 50838   96.00000   48   99  104.00000   81.00000  22.1%  71.5  465s
 113374 51625  102.00000   47   77  104.00000   81.00000  22.1%  71.2  470s
 114668 52251 infeasible   47       104.00000   81.00000  22.1%  71.2  475s
 116052 52923   81.00000   33   82  104.00000   81.00000  22.1%  71.2  480s
 117558 53641   92.00000   40   88  104.00000   81.00000  22.1%  71.1  485s
 119112 54378   98.00000   51   84  104.00000   81.00000  22.1%  70.9  490s
 120614 55021   81.00000   46   94  104.00000   81.00000  22.1%  70.8  495s
 122035 55669   89.00000   48   98  104.00000   81.00000  22.1%  70.7  500s
 123375 56268   96.00000   41   90  104.00000   81.00000  22.1%  70.7  505s
 124732 56915   81.00000   41   86  104.00000   81.00000  22.1%  70.6  510s
 126751 57944   85.00000   50   69  104.00000   81.00000  22.1%  70.1  515s
 128196 58635   93.00000   48   70  104.00000   81.00000  22.1%  70.0  520s
 129620 59308  102.00000   47   53  104.00000   81.00000  22.1%  69.8  525s
 131333 60078   87.00000   46   77  104.00000   81.00000  22.1%  69.6  530s
 132777 60761   89.00000   42   82  104.00000   81.00000  22.1%  69.6  535s
 134158 61351   81.00000   37   91  104.00000   81.00000  22.1%  69.5  540s
 135541 62025   96.00000   42   95  104.00000   81.00000  22.1%  69.4  545s
 137232 62870  102.00000   61   84  104.00000   81.00000  22.1%  69.2  550s
 138559 63459   90.00000   43  112  104.00000   81.00000  22.1%  69.2  555s
 140292 64247   94.00000   48   74  104.00000   81.00000  22.1%  68.9  560s
 141721 64959   98.00000   53   83  104.00000   81.00000  22.1%  68.8  565s
 143222 65609   96.00000   44   75  104.00000   81.00000  22.1%  68.8  570s
 144564 66232   96.00000   43   82  104.00000   81.00000  22.1%  68.7  575s
 146071 66864   98.00000   50   83  104.00000   81.00000  22.1%  68.6  580s
 147720 67710  102.00000   50   79  104.00000   81.00000  22.1%  68.5  585s
 149342 68473   98.00000   53   95  104.00000   81.00000  22.1%  68.3  590s
 150973 69319   93.00000   44   85  104.00000   81.00000  22.1%  68.2  595s
 152662 70163     cutoff   57       104.00000   81.00000  22.1%  68.1  600s
 153925 70762   85.00000   40   83  104.00000   81.00000  22.1%  68.0  605s
 155365 71478     cutoff   50       104.00000   81.00000  22.1%  67.9  610s
 156851 72182  102.00000   59   94  104.00000   81.00000  22.1%  67.9  615s
 158504 72946  102.00000   53   84  104.00000   81.00000  22.1%  67.8  620s
 159829 73572  102.00000   46   92  104.00000   81.00000  22.1%  67.7  625s
 161543 74377  102.00000   49   80  104.00000   81.00000  22.1%  67.5  630s
 163151 75146  102.00000   58   91  104.00000   81.00000  22.1%  67.4  635s
 164734 75914     cutoff   59       104.00000   81.00000  22.1%  67.4  640s
 166059 76532  102.00000   51   72  104.00000   81.00000  22.1%  67.4  645s
 167140 77030   96.00000   44   72  104.00000   81.00000  22.1%  67.4  650s
 168630 77762  102.00000   51  104  104.00000   81.00000  22.1%  67.4  655s
 170130 78461     cutoff   49       104.00000   81.00000  22.1%  67.3  660s
 171521 79092   81.00000   38   90  104.00000   81.00000  22.1%  67.3  665s
 173111 79780   90.00000   44   87  104.00000   81.00000  22.1%  67.2  670s
 174737 80569  100.00000   49   82  104.00000   81.00000  22.1%  67.1  675s
 176335 81336   87.00000   35   80  104.00000   81.00000  22.1%  67.0  680s
 177902 82080  102.00000   59   69  104.00000   81.00000  22.1%  66.9  685s
 179370 82778   98.00000   48   89  104.00000   81.00000  22.1%  66.9  690s
 180813 83436  102.36364   54   89  104.00000   81.00000  22.1%  66.9  695s
 181922 83925   89.00000   40   78  104.00000   81.00000  22.1%  66.8  700s
 183346 84557   87.00000   49   98  104.00000   81.00000  22.1%  66.8  705s
 184712 85118  102.00000   52   77  104.00000   81.00000  22.1%  66.8  710s
 185976 85683   83.00000   41   96  104.00000   81.00000  22.1%  66.8  715s
 187488 86385   91.00000   45   99  104.00000   81.00000  22.1%  66.7  720s
 188977 87046     cutoff   54       104.00000   81.00000  22.1%  66.7  725s
 190368 87648   96.00000   40   75  104.00000   81.00000  22.1%  66.6  730s
 191986 88373     cutoff   51       104.00000   81.00000  22.1%  66.5  735s
 193597 89013   86.00000   46   84  104.00000   81.00000  22.1%  66.4  740s
 195109 89716  102.00000   52   85  104.00000   81.00000  22.1%  66.4  745s
 196358 90290   96.00000   39   76  104.00000   81.00000  22.1%  66.4  750s
 197813 90968  102.00000   58   85  104.00000   81.00000  22.1%  66.3  755s
 199242 91590  102.00000   43   91  104.00000   81.00000  22.1%  66.4  760s
 200313 92014   98.00000   39   93  104.00000   81.00000  22.1%  66.4  765s
 201876 92807  102.00000   49   95  104.00000   81.00000  22.1%  66.3  770s
 203376 93489   88.00000   39   94  104.00000   81.00000  22.1%  66.2  775s
 204696 94022   87.00000   37  106  104.00000   81.00000  22.1%  66.2  780s
 206085 94613   94.00000   47  106  104.00000   81.00000  22.1%  66.2  785s
 207513 95254  102.00000   59   70  104.00000   81.00000  22.1%  66.2  790s
 208947 95935   90.00000   41   86  104.00000   81.00000  22.1%  66.2  795s
 210370 96645   87.00000   38   93  104.00000   81.00000  22.1%  66.2  800s
 211519 97178   98.00000   37   82  104.00000   81.00000  22.1%  66.2  805s
 213097 97917  102.00000   54   70  104.00000   81.00000  22.1%  66.2  810s
 214564 98579  100.00000   50   80  104.00000   81.00000  22.1%  66.1  815s
 215845 99213  102.00000   50  104  104.00000   81.00000  22.1%  66.1  820s
 217333 99900   83.00000   37   97  104.00000   81.00000  22.1%  66.0  825s
 218763 100601  102.00000   54   89  104.00000   81.00000  22.1%  66.0  830s
 220187 101262 infeasible   45       104.00000   81.00000  22.1%  66.0  835s
 221491 101860   83.00000   46  102  104.00000   81.00000  22.1%  66.0  840s
 222955 102548  102.00000   52  104  104.00000   81.00000  22.1%  66.0  845s
 224362 103211   96.00000   41   86  104.00000   81.00000  22.1%  66.0  850s
 225801 103848   87.00000   39   99  104.00000   81.00000  22.1%  65.9  855s
 227439 104636 infeasible   38       104.00000   81.00000  22.1%  65.8  860s
 228951 105333   91.00000   39  105  104.00000   81.00000  22.1%  65.8  865s
 230015 105842 infeasible   58       104.00000   81.00000  22.1%  65.8  870s
 231054 106265  102.00000   53   83  104.00000   81.00000  22.1%  65.9  875s
 232583 106949   92.00000   47   97  104.00000   81.00000  22.1%  65.8  880s
 234019 107530   96.00000   45   70  104.00000   81.00000  22.1%  65.8  885s
 235328 108161  100.00000   58   83  104.00000   81.00000  22.1%  65.8  890s
 236578 108722  102.00000   60   69  104.00000   81.00000  22.1%  65.8  895s
 238186 109516 infeasible   47       104.00000   81.00000  22.1%  65.7  900s
 239666 110188  102.00000   56  101  104.00000   81.00000  22.1%  65.7  905s
 240929 110713   83.00000   40   99  104.00000   81.00000  22.1%  65.7  910s
 242238 111249     cutoff   58       104.00000   81.00000  22.1%  65.8  915s
 243556 111846  100.00000   51   90  104.00000   81.00000  22.1%  65.8  920s
 244929 112482   89.00000   53  115  104.00000   81.00000  22.1%  65.8  925s
 246380 113126  102.00000   60   86  104.00000   81.00000  22.1%  65.7  930s
 247706 113757   96.00000   44   98  104.00000   81.00000  22.1%  65.8  935s
 248650 114140   90.00000   44   99  104.00000   81.00000  22.1%  65.8  940s
 249898 114700 infeasible   47       104.00000   81.00000  22.1%  65.8  945s
 251020 115199   95.00000   51  114  104.00000   81.00000  22.1%  65.9  950s
 252257 115807 infeasible   55       104.00000   81.00000  22.1%  65.9  955s
 253543 116402  102.00000   52   96  104.00000   81.00000  22.1%  65.9  960s
 254898 116987   89.00000   50   70  104.00000   81.28571  21.8%  65.9  965s
 256206 117419   88.00000   40   62  104.00000   82.00000  21.2%  65.9  970s
 257686 117815  100.00000   44   87  104.00000   82.00000  21.2%  65.9  975s
 258923 118236  102.00000   51   98  104.00000   82.00000  21.2%  65.9  980s
 260073 118569 infeasible   39       104.00000   82.00000  21.2%  65.9  985s
 261163 118923  102.00000   55   86  104.00000   82.00000  21.2%  65.9  990s
 262249 119246 infeasible   48       104.00000   82.70000  20.5%  66.0  995s
 263824 119893   87.00000   46   58  104.00000   83.00000  20.2%  66.0 1000s
 265511 120588 infeasible   37       104.00000   83.00000  20.2%  65.9 1005s
 266831 121177   98.00000   48   71  104.00000   83.00000  20.2%  65.8 1010s
 268143 121646 infeasible   54       104.00000   83.00000  20.2%  65.8 1015s
 269692 122309   91.00000   47   80  104.00000   83.00000  20.2%  65.8 1020s
 271155 122901   98.00000   49   65  104.00000   83.00000  20.2%  65.8 1025s
 272493 123470  102.00000   48   96  104.00000   83.00000  20.2%  65.7 1030s
 274041 124089  102.00000   56   82  104.00000   83.00000  20.2%  65.7 1035s
 275497 124738   87.00000   41   69  104.00000   83.00000  20.2%  65.7 1040s
 276745 125185  102.00000   48   90  104.00000   83.00000  20.2%  65.7 1045s
 278196 125770   98.00000   45   89  104.00000   83.00000  20.2%  65.7 1050s
 279804 126405   83.00000   42   97  104.00000   83.00000  20.2%  65.6 1055s
 281369 127102     cutoff   53       104.00000   83.00000  20.2%  65.6 1060s
 282259 127480   83.00000   37   75  104.00000   83.00000  20.2%  65.6 1065s
 283770 128085 infeasible   45       104.00000   83.00000  20.2%  65.6 1070s
 285337 128710   83.00000   40   85  104.00000   83.00000  20.2%  65.6 1075s
 286756 129290  102.00000   51   98  104.00000   83.00000  20.2%  65.5 1080s
 288323 129925   96.00000   45   97  104.00000   83.00000  20.2%  65.5 1085s
 289702 130497 infeasible   49       104.00000   83.00000  20.2%  65.5 1090s
 291201 131064   97.00000   51   71  104.00000   83.00000  20.2%  65.4 1095s
 292605 131623   88.00000   38   84  104.00000   83.00000  20.2%  65.4 1100s
 294125 132310   98.00000   54   76  104.00000   83.00000  20.2%  65.4 1105s
 295666 132973   83.00000   38   98  104.00000   83.00000  20.2%  65.4 1110s
 297247 133632  100.00000   53   81  104.00000   83.00000  20.2%  65.3 1115s
 298392 134022 infeasible   54       104.00000   83.00000  20.2%  65.3 1120s
 299968 134678   96.00000   47   90  104.00000   83.00000  20.2%  65.3 1125s
 301422 135270  102.00000   53   86  104.00000   83.00000  20.2%  65.3 1130s
 302729 135761   93.00000   39   80  104.00000   83.00000  20.2%  65.3 1135s
 304229 136464 infeasible   45       104.00000   83.00000  20.2%  65.2 1140s
 305797 137151 infeasible   44       104.00000   83.00000  20.2%  65.2 1145s
 307112 137623   98.00000   53  105  104.00000   83.00000  20.2%  65.2 1150s
 308747 138210   89.00000   43   65  104.00000   83.00000  20.2%  65.1 1155s
 310147 138808  102.00000   60   97  104.00000   83.00000  20.2%  65.1 1160s
 311435 139276   97.00000   45  107  104.00000   83.00000  20.2%  65.1 1165s
 312924 139818  100.00000   52   76  104.00000   83.00000  20.2%  65.1 1170s
 314436 140414   99.00000   46   78  104.00000   83.00000  20.2%  65.0 1175s
 315994 141000   83.00000   42   74  104.00000   83.00000  20.2%  65.0 1180s
 317255 141496  102.00000   46   89  104.00000   83.00000  20.2%  65.0 1185s
 318782 142074   89.00000   41   78  104.00000   83.00000  20.2%  65.0 1190s
 320334 142627 infeasible   45       104.00000   83.00000  20.2%  64.9 1195s
 321751 143197  102.00000   59   94  104.00000   83.00000  20.2%  64.9 1200s
 323160 143764     cutoff   56       104.00000   83.00000  20.2%  64.9 1205s
 324732 144384   98.00000   58   87  104.00000   83.00000  20.2%  64.9 1210s
 326179 144902   96.00000   46   77  104.00000   83.00000  20.2%  64.8 1215s
 327667 145478  102.00000   51  101  104.00000   83.00000  20.2%  64.8 1220s
 329228 146089   93.00000   54   92  104.00000   83.00000  20.2%  64.8 1225s
 330663 146647   98.00000   45  104  104.00000   83.00000  20.2%  64.8 1230s
 332043 147230   98.00000   56   85  104.00000   83.00000  20.2%  64.7 1235s
 333686 147887     cutoff   53       104.00000   83.00000  20.2%  64.7 1240s
 334973 148393     cutoff   57       104.00000   83.00000  20.2%  64.7 1245s
 336534 149000   90.85714   50   86  104.00000   83.00000  20.2%  64.7 1250s
 337715 149445     cutoff   55       104.00000   83.00000  20.2%  64.7 1255s
 338987 149930  102.00000   50  103  104.00000   83.00000  20.2%  64.7 1260s
 340393 150401 infeasible   46       104.00000   83.00000  20.2%  64.7 1265s
 341926 150949   89.00000   41   86  104.00000   83.00000  20.2%  64.7 1270s
 343193 151414   89.00000   48  121  104.00000   83.00000  20.2%  64.6 1275s
 344786 151992   94.00000   51   80  104.00000   83.00000  20.2%  64.6 1280s
 346047 152476  102.00000   58   84  104.00000   83.00000  20.2%  64.6 1285s
 347374 153003   89.00000   38   89  104.00000   83.00000  20.2%  64.6 1290s
 348620 153505  102.00000   52   83  104.00000   83.00000  20.2%  64.5 1295s
 350112 154105  102.00000   48   80  104.00000   83.00000  20.2%  64.5 1300s
 351583 154676   89.00000   47  104  104.00000   83.00000  20.2%  64.5 1305s
 353030 155267   87.00000   43   88  104.00000   83.00000  20.2%  64.5 1310s
 354603 155875   93.00000   51   86  104.00000   83.00000  20.2%  64.5 1315s
 356017 156375   89.00000   39   96  104.00000   83.00000  20.2%  64.4 1320s
 357520 156920   89.00000   41   75  104.00000   83.00000  20.2%  64.4 1325s
 358717 157435   83.00000   40   87  104.00000   83.00000  20.2%  64.4 1330s
 360039 158018  102.00000   52   98  104.00000   83.00000  20.2%  64.4 1335s
 361352 158487   83.00000   50   97  104.00000   83.00000  20.2%  64.4 1340s
 362696 159024  102.00000   46   93  104.00000   83.00000  20.2%  64.4 1345s
 363975 159548  100.00000   53   81  104.00000   83.00000  20.2%  64.4 1350s
 365546 160159   93.00000   42   93  104.00000   83.00000  20.2%  64.4 1355s
 366837 160700     cutoff   55       104.00000   83.00000  20.2%  64.4 1360s
 368224 161168  102.00000   49  105  104.00000   83.00000  20.2%  64.3 1365s
 369898 161807   92.00000   46   91  104.00000   83.00000  20.2%  64.3 1370s
 371326 162397     cutoff   56       104.00000   83.00000  20.2%  64.2 1375s
 372715 162979   98.00000   55  117  104.00000   83.00000  20.2%  64.2 1380s
 374120 163476   98.00000   50   93  104.00000   83.00000  20.2%  64.2 1385s
 375458 163970  102.00000   58  113  104.00000   83.00000  20.2%  64.2 1390s
 376854 164525   98.00000   48   75  104.00000   83.00000  20.2%  64.2 1395s
 378102 165028     cutoff   57       104.00000   83.23529  20.0%  64.2 1400s
 379293 165412 infeasible   40       104.00000   84.00000  19.2%  64.2 1405s
 380443 165576   94.00000   49  116  104.00000   84.00000  19.2%  64.3 1410s
 381762 165883  100.00000   56  110  104.00000   84.00000  19.2%  64.3 1415s
 382865 166128   87.00000   45   93  104.00000   84.00000  19.2%  64.3 1420s
 383962 166401   93.00000   43   89  104.00000   84.00000  19.2%  64.3 1425s
 385498 166975  102.00000   54   73  104.00000   84.85714  18.4%  64.3 1430s
 386801 167403   96.00000   46   61  104.00000   85.00000  18.3%  64.3 1435s
 388103 167855     cutoff   53       104.00000   85.00000  18.3%  64.3 1440s
 389579 168369  102.00000   51   92  104.00000   85.00000  18.3%  64.3 1445s
 391113 168961   98.00000   44   86  104.00000   85.00000  18.3%  64.3 1450s
 392687 169570   96.00000   47   80  104.00000   85.00000  18.3%  64.3 1455s
 393510 169882  102.00000   61   71  104.00000   85.00000  18.3%  64.3 1460s
 394744 170295     cutoff   55       104.00000   85.00000  18.3%  64.3 1465s
 396148 170778   93.14286   57   80  104.00000   85.00000  18.3%  64.3 1470s
 397654 171322  102.00000   50   75  104.00000   85.00000  18.3%  64.3 1475s
 398941 171824  102.00000   56   91  104.00000   85.00000  18.3%  64.3 1480s
 400298 172271  102.00000   54   72  104.00000   85.00000  18.3%  64.3 1485s
 401794 172843   93.00000   48   92  104.00000   85.00000  18.3%  64.3 1490s
 403161 173334   95.00000   50   86  104.00000   85.00000  18.3%  64.3 1495s
 404552 173889  102.00000   52   87  104.00000   85.00000  18.3%  64.3 1500s
 406115 174424  100.00000   54   78  104.00000   85.00000  18.3%  64.2 1505s
 407680 174988 infeasible   46       104.00000   85.00000  18.3%  64.2 1510s
 408938 175502  102.00000   56   69  104.00000   85.00000  18.3%  64.2 1515s
 410514 176078  102.00000   50   92  104.00000   85.00000  18.3%  64.2 1520s
 411697 176533  102.00000   58   75  104.00000   85.00000  18.3%  64.2 1525s
 413255 177206  102.00000   55   98  104.00000   85.00000  18.3%  64.2 1530s
 414699 177716   93.00000   45   83  104.00000   85.00000  18.3%  64.2 1535s
 416206 178301  100.00000   47   84  104.00000   85.00000  18.3%  64.2 1540s
 417825 178948   91.00000   43   65  104.00000   85.00000  18.3%  64.2 1545s
 419161 179464 infeasible   44       104.00000   85.00000  18.3%  64.1 1550s
 420564 179923   93.00000   45   82  104.00000   85.00000  18.3%  64.1 1555s
 421896 180428  100.00000   42   92  104.00000   85.00000  18.3%  64.2 1560s
 423473 181110   94.00000   46   68  104.00000   85.00000  18.3%  64.1 1565s
 425267 181824     cutoff   54       104.00000   85.00000  18.3%  64.1 1570s
 426985 182524  100.00000   48   83  104.00000   85.00000  18.3%  64.0 1575s
 428625 183127  100.00000   49   74  104.00000   85.00000  18.3%  64.0 1580s
 430227 183721   91.00000   48   86  104.00000   85.00000  18.3%  64.0 1585s
 431955 184453     cutoff   48       104.00000   85.00000  18.3%  63.9 1590s
 433581 185128   91.00000   46   71  104.00000   85.00000  18.3%  63.9 1595s
 434738 185608  100.00000   50   74  104.00000   85.00000  18.3%  63.9 1600s
 436285 186193   91.00000   50   84  104.00000   85.00000  18.3%  63.9 1605s
 437971 186908  100.00000   55   89  104.00000   85.00000  18.3%  63.8 1610s
 439278 187385   96.00000   53   98  104.00000   85.00000  18.3%  63.8 1615s
 441034 188085  102.00000   56   58  104.00000   85.00000  18.3%  63.8 1620s
 442766 188746  102.00000   57   92  104.00000   85.00000  18.3%  63.7 1625s
 444072 189282     cutoff   47       104.00000   85.00000  18.3%  63.7 1630s
 445873 189939   93.00000   44   88  104.00000   85.00000  18.3%  63.7 1635s
 447432 190566  100.00000   43   87  104.00000   85.00000  18.3%  63.6 1640s
 448805 191034   93.00000   53   88  104.00000   85.00000  18.3%  63.6 1645s
 449931 191445  100.00000   45   91  104.00000   85.00000  18.3%  63.6 1650s
 451542 192017   91.00000   41   80  104.00000   85.00000  18.3%  63.6 1655s
 453319 192708  102.00000   55   81  104.00000   85.00000  18.3%  63.5 1660s
 454855 193285   87.00000   45   83  104.00000   85.00000  18.3%  63.5 1665s
 456601 193972   93.00000   44   92  104.00000   85.00000  18.3%  63.4 1670s
 458329 194705  102.00000   53   76  104.00000   85.00000  18.3%  63.4 1675s
 459924 195283   93.00000   44   81  104.00000   85.00000  18.3%  63.4 1680s
 461611 195923   96.00000   45   80  104.00000   85.00000  18.3%  63.3 1685s
 463353 196535 infeasible   54       104.00000   85.00000  18.3%  63.3 1690s
 464688 197055   85.00000   41   84  104.00000   85.00000  18.3%  63.3 1695s
 466377 197719  100.00000   55   90  104.00000   85.00000  18.3%  63.2 1700s
 468102 198395   91.00000   44   84  104.00000   85.00000  18.3%  63.2 1705s
 469542 198990  100.00000   49   87  104.00000   85.00000  18.3%  63.1 1710s
 471233 199633 infeasible   50       104.00000   85.00000  18.3%  63.1 1715s
 472727 200273   96.00000   49   82  104.00000   85.00000  18.3%  63.1 1720s
 474369 200859 infeasible   47       104.00000   85.00000  18.3%  63.0 1725s
 476097 201442     cutoff   47       104.00000   85.00000  18.3%  63.0 1730s
 477644 201973  100.00000   49   85  104.00000   85.00000  18.3%  63.0 1735s
 479236 202646   94.00000   57   81  104.00000   85.00000  18.3%  62.9 1740s
 480795 203248  102.00000   56  112  104.00000   85.00000  18.3%  62.9 1745s
 482220 203806     cutoff   56       104.00000   85.00000  18.3%  62.9 1750s
 483708 204318 infeasible   58       104.00000   85.00000  18.3%  62.9 1755s
 484828 204664  102.00000   52   80  104.00000   85.00000  18.3%  62.9 1760s
 486229 205142  102.00000   46   87  104.00000   85.00000  18.3%  62.9 1765s
 487851 205755   91.00000   48   87  104.00000   85.00000  18.3%  62.8 1770s
 489379 206316  102.00000   53   98  104.00000   85.00000  18.3%  62.8 1775s
 490753 206731   91.00000   58   98  104.00000   85.00000  18.3%  62.8 1780s
 492281 207316 infeasible   43       104.00000   85.00000  18.3%  62.8 1785s
 493704 207928  102.00000   55   91  104.00000   85.00000  18.3%  62.8 1790s
 494758 208324 infeasible   47       104.00000   85.00000  18.3%  62.8 1795s

Cutting planes:
  Gomory: 10
  Cover: 6
  Implied bound: 7
  Projected implied bound: 3
  Clique: 8
  MIR: 5
  Flow cover: 48
  Network: 1
  RLT: 41
  Relax-and-lift: 1

Explored 496249 nodes (31179844 simplex iterations) in 1800.00 seconds (1583.77 work units)
Thread count was 1 (of 96 available processors)

Solution count 10: 104 104 104 ... 111

Time limit reached
Best objective 1.039999999580e+02, best bound 8.500000000000e+01, gap 18.2692%
WARNING: Loading a SolverResults object with an 'aborted' status, but
    containing a solution

Instance 19_3, formulation altered, reform hull:
  Rect 0: x = 52.00, y = 10.00
  Rect 1: x = 87.00, y = 11.00
  Rect 2: x = 12.00, y = 12.00
  Rect 3: x = 23.00, y = 12.00
  Rect 4: x = 21.00, y = 12.00
  Rect 5: x = 39.00, y = 10.00
  Rect 6: x = 23.00, y = 4.00
  Rect 7: x = 69.00, y = 12.00
  Rect 8: x = 39.00, y = 12.00
  Rect 9: x = 52.00, y = 3.00
  Rect 10: x = 85.00, y = 1.00
  Rect 11: x = 69.00, y = 4.00
  Rect 12: x = 89.00, y = 12.00
  Rect 13: x = 95.00, y = 1.00
  Rect 14: x = 69.00, y = 1.00
  Rect 15: x = 0.00, y = 10.00
  Rect 16: x = 56.00, y = 12.00
  Rect 17: x = 75.00, y = 12.00
  Rect 18: x = 0.00, y = 12.00
  → saved figures to strip_figures/19_3_altered_hull.png and strip_figures/19_3_altered_hull.pdf
Set parameter TokenServer to value "mooring.ecn.purdue.edu"
Read LP format model from file /tmp/tmph9u2mw6l.pyomo.lp
Reading time = 0.00 seconds
x724: 2243 rows, 724 columns, 5511 nonzeros
Set parameter TimeLimit to value 1800
Set parameter Threads to value 1
Gurobi Optimizer version 11.0.0 build v11.0.0rc2 (linux64 - "Oracle Linux Server 9.6")

CPU model: AMD EPYC 7643 48-Core Processor, instruction set [SSE2|AVX|AVX2]
Thread count: 48 physical cores, 96 logical processors, using up to 1 threads

Optimize a model with 2243 rows, 724 columns and 5511 nonzeros
Model fingerprint: 0xa282561e
Variable types: 40 continuous, 684 integer (684 binary)
Coefficient statistics:
  Matrix range     [1e+00, 2e+02]
  Objective range  [1e+00, 1e+00]
  Bounds range     [1e+00, 2e+02]
  RHS range        [1e+00, 2e+02]
Presolve removed 1636 rows and 270 columns
Presolve time: 0.00s
Presolved: 607 rows, 454 columns, 1884 nonzeros
Variable types: 37 continuous, 417 integer (417 binary)
Found heuristic solution: objective 158.0000000

Root relaxation: objective 3.200000e+01, 244 iterations, 0.00 seconds (0.00 work units)

    Nodes    |    Current Node    |     Objective Bounds      |     Work
 Expl Unexpl |  Obj  Depth IntInf | Incumbent    BestBd   Gap | It/Node Time

     0     0   32.00000    0   63  158.00000   32.00000  79.7%     -    0s
H    0     0                     157.0000000   32.00000  79.6%     -    0s
     0     0   51.52093    0  197  157.00000   51.52093  67.2%     -    0s
H    0     0                     148.0000000   53.15756  64.1%     -    0s
H    0     0                     115.0000000   53.15756  53.8%     -    0s
     0     0   61.09135    0  199  115.00000   61.09135  46.9%     -    0s
     0     0   61.09135    0  199  115.00000   61.09135  46.9%     -    0s
     0     0   62.51565    0  199  115.00000   62.51565  45.6%     -    0s
     0     0   63.78928    0  181  115.00000   63.78928  44.5%     -    0s
     0     0   63.78928    0  195  115.00000   63.78928  44.5%     -    0s
     0     0   63.79430    0  180  115.00000   63.79430  44.5%     -    0s
     0     0   63.79430    0  186  115.00000   63.79430  44.5%     -    0s
     0     0   63.79430    0  192  115.00000   63.79430  44.5%     -    0s
     0     0   63.79430    0  187  115.00000   63.79430  44.5%     -    0s
     0     0   63.79430    0  187  115.00000   63.79430  44.5%     -    0s
     0     0   63.79430    0  183  115.00000   63.79430  44.5%     -    0s
     0     0   63.79430    0   50  115.00000   63.79430  44.5%     -    0s
     0     2   63.97389    0   49  115.00000   63.97389  44.4%     -    0s
H  208   123                     111.0000000   64.21721  42.1%   9.6    0s
H  620   420                     108.0000000   64.50435  40.3%  10.5    0s
H  653   420                     106.0000000   66.61741  37.2%  10.0    0s
H  821   480                     106.0000000   66.65026  37.1%  19.6    1s
* 1031   404              63     104.0000000   67.71486  34.9%  20.1    1s
H 1493   449                     104.0000000   71.57699  31.2%  24.1    2s
  3078  1007   80.54782   23   50  104.00000   78.64366  24.4%  30.0    5s
  5523  1839   96.37006   27  123  104.00000   83.04758  20.1%  36.1   10s
  8063  2571   93.86691   25  141  104.00000   85.27848  18.0%  38.4   15s
 10202  3169     cutoff   33       104.00000   86.84804  16.5%  39.8   21s
 12370  3706   91.43366   30  108  104.00000   88.48606  14.9%  40.1   25s
 15107  4402   94.84812   21   52  104.00000   90.00000  13.5%  40.8   30s
 17805  5076  103.00000   32   94  104.00000   90.82447  12.7%  41.5   35s
 20055  5508  102.28571   35  110  104.00000   91.37818  12.1%  42.2   40s
 22645  6026     cutoff   35       104.00000   92.09876  11.4%  42.3   45s
 25041  6464  102.04545   38   99  104.00000   92.75070  10.8%  42.9   50s
 27509  6977  102.03604   29   40  104.00000   93.52599  10.1%  42.9   55s
 30098  7385     cutoff   34       104.00000   94.19597  9.43%  42.9   60s
 32450  7723  102.00000   36  123  104.00000   94.79710  8.85%  43.2   65s
 34602  7962     cutoff   37       104.00000   95.70691  7.97%  43.4   70s
 36958  8338   96.16251   30  127  104.00000   96.00000  7.69%  43.4   75s
 39069  8639  102.04545   36  138  104.00000   96.11712  7.58%  43.7   80s
 41378  8966   98.50633   30  113  104.00000   96.25977  7.44%  43.7   85s
 43629  9282  102.04545   27   84  104.00000   96.39105  7.32%  43.8   90s
 46001  9607   96.85784   28   82  104.00000   96.51834  7.19%  43.9   95s
 48496  9953  102.00000   36  102  104.00000   96.62345  7.09%  43.7  100s
 51012 10285  102.05442   32   19  104.00000   96.80401  6.92%  43.6  105s
 53259 10465  103.00000   34  118  104.00000   97.01389  6.72%  43.6  110s
 55519 10636   97.21658   26  141  104.00000   97.21658  6.52%  43.6  115s
 58083 10840  100.13636   32  122  104.00000   97.52634  6.22%  43.4  120s
 60413 11022  102.04545   37  111  104.00000   97.85648  5.91%  43.3  125s
 62636 11056  102.05063   29  116  104.00000   98.00000  5.77%  43.6  130s
 64932 11089  102.05714   29  111  104.00000   98.18621  5.59%  43.8  135s
 67035 11040   98.40493   26   51  104.00000   98.32616  5.46%  44.0  140s
 69281 11007  102.04545   37   38  104.00000   98.55342  5.24%  44.0  145s
 71283 10919  102.06349   35   53  104.00000   98.93258  4.87%  44.0  150s
 73339 10865  102.40480   33  113  104.00000   99.38462  4.44%  44.1  155s
 75501 10772  102.10709   39  128  104.00000   99.97468  3.87%  44.3  160s
H76249 10774                     103.9999995  100.00000  3.85%  44.2  161s
 77734 10797  100.36144   32  135  104.00000  100.00000  3.85%  44.3  165s
 79821 10730  102.04372   32  134  104.00000  100.00000  3.85%  44.4  170s
 81539 10730  100.23011   28  116  104.00000  100.00905  3.84%  44.6  175s
 83567 10673  102.04545   27  140  104.00000  100.07273  3.78%  44.8  180s
 85518 10488  102.02326   29  114  104.00000  100.09316  3.76%  45.2  185s
 87779 10389  102.66667   36   17  104.00000  100.13636  3.72%  45.2  190s
 90186 10416  100.35703   33  135  104.00000  100.13636  3.72%  45.1  195s
 92614 10443  102.04545   34   40  104.00000  100.13797  3.71%  44.8  200s
 95080 10363  102.13793   32  125  104.00000  100.15190  3.70%  44.6  205s
 97504 10248  102.04678   34   19  104.00000  100.18059  3.67%  44.4  210s
 99792 10048  102.26667   37  111  104.00000  100.23419  3.62%  44.3  215s
 101935  9784  102.04545   30   87  104.00000  100.34741  3.51%  44.3  220s
 104246  9397  103.00000   37  105  104.00000  100.70405  3.17%  44.3  225s
 106538  8876  102.06061   32   23  104.00000  101.20000  2.69%  44.3  230s
 108698  8299     cutoff   35       104.00000  101.96476  1.96%  44.3  235s
 110550  7654  102.04545   31   72  104.00000  102.00000  1.92%  44.5  240s
 112233  7097  102.05000   32  117  104.00000  102.00099  1.92%  44.9  245s
 113987  6710  102.33333   32  120  104.00000  102.01597  1.91%  45.0  250s
 115542  6006     cutoff   35       104.00000  102.03604  1.89%  45.1  255s
 118056  4495  102.04545   31   58  104.00000  102.04545  1.88%  45.2  260s
 120062  4081  102.04545   33  119  104.00000  102.04545  1.88%  45.2  265s
 122041  3605 infeasible   31       104.00000  102.04545  1.88%  45.2  270s
 124180  3091  102.17391   29  113  104.00000  102.04878  1.88%  45.1  275s
 126269  2599  102.06897   31   98  104.00000  102.05405  1.87%  45.0  280s
 128268  1951  102.26667   38  106  104.00000  102.07658  1.85%  44.9  285s
 130481  1036  102.66667   39  100  104.00000  102.28571  1.65%  45.0  290s

Cutting planes:
  Learned: 1
  Gomory: 29
  Cover: 269
  Implied bound: 112
  Clique: 59
  MIR: 139
  Mixing: 31
  StrongCG: 6
  Flow cover: 1230
  Inf proof: 218
  RLT: 40
  Relax-and-lift: 20

Explored 131746 nodes (5926816 simplex iterations) in 292.72 seconds (295.60 work units)
Thread count was 1 (of 96 available processors)

Solution count 10: 104 104 104 ... 148

Optimal solution found (tolerance 1.00e-04)
Best objective 1.040000000000e+02, best bound 1.040000000000e+02, gap 0.0000%

Instance 19_3, formulation tres, reform bigm:
  Rect 0: x = 31.00, y = 8.00
  Rect 1: x = 44.00, y = 12.00
  Rect 2: x = 35.00, y = 12.00
  Rect 3: x = 2.00, y = 8.00
  Rect 4: x = 0.00, y = 12.00
  Rect 5: x = 76.00, y = 12.00
  Rect 6: x = 2.00, y = 12.00
  Rect 7: x = 58.00, y = 9.00
  Rect 8: x = 76.00, y = 2.00
  Rect 9: x = 58.00, y = 12.00
  Rect 10: x = 44.00, y = 1.00
  Rect 11: x = 31.00, y = 12.00
  Rect 12: x = 89.00, y = 12.00
  Rect 13: x = 18.00, y = 1.00
  Rect 14: x = 87.00, y = 1.00
  Rect 15: x = 64.00, y = 9.00
  Rect 16: x = 18.00, y = 10.00
  Rect 17: x = 46.00, y = 12.00
  Rect 18: x = 18.00, y = 12.00
  → saved figures to strip_figures/19_3_tres_bigm.png and strip_figures/19_3_tres_bigm.pdf
Set parameter TokenServer to value "mooring.ecn.purdue.edu"
Read LP format model from file /tmp/tmpegiyr94a.pyomo.lp
Reading time = 0.01 seconds
x3460: 7031 rows, 3460 columns, 18435 nonzeros
Set parameter TimeLimit to value 1800
Set parameter Threads to value 1
Gurobi Optimizer version 11.0.0 build v11.0.0rc2 (linux64 - "Oracle Linux Server 9.6")

CPU model: AMD EPYC 7643 48-Core Processor, instruction set [SSE2|AVX|AVX2]
Thread count: 48 physical cores, 96 logical processors, using up to 1 threads

Optimize a model with 7031 rows, 3460 columns and 18435 nonzeros
Model fingerprint: 0x17433b01
Variable types: 2776 continuous, 684 integer (684 binary)
Coefficient statistics:
  Matrix range     [1e+00, 2e+02]
  Objective range  [1e+00, 1e+00]
  Bounds range     [1e+00, 2e+02]
  RHS range        [1e+00, 2e+01]
Presolve removed 2980 rows and 1364 columns
Presolve time: 0.04s
Presolved: 4051 rows, 2096 columns, 10732 nonzeros
Variable types: 1679 continuous, 417 integer (417 binary)
Found heuristic solution: objective 183.0000000

Root relaxation: objective 3.200000e+01, 1069 iterations, 0.02 seconds (0.03 work units)

    Nodes    |    Current Node    |     Objective Bounds      |     Work
 Expl Unexpl |  Obj  Depth IntInf | Incumbent    BestBd   Gap | It/Node Time

     0     0   32.00000    0  136  183.00000   32.00000  82.5%     -    0s
     0     0   32.00000    0  218  183.00000   32.00000  82.5%     -    0s
H    0     0                     174.0000000   32.00000  81.6%     -    0s
H    0     0                     149.0000000   32.00000  78.5%     -    0s
     0     0   32.00000    0  209  149.00000   32.00000  78.5%     -    0s
     0     0   32.00000    0  167  149.00000   32.00000  78.5%     -    0s
     0     0   32.00000    0  185  149.00000   32.00000  78.5%     -    0s
     0     0   32.00000    0  142  149.00000   32.00000  78.5%     -    0s
     0     0   32.00000    0  173  149.00000   32.00000  78.5%     -    0s
     0     0   32.00000    0  144  149.00000   32.00000  78.5%     -    1s
     0     0   32.00000    0  144  149.00000   32.00000  78.5%     -    1s
H    0     0                     147.0000000   32.00000  78.2%     -    1s
H    0     0                     134.0000000   32.00000  76.1%     -    1s
     0     2   32.00000    0  129  134.00000   32.00000  76.1%     -    1s
H  135   129                     133.0000000   32.00000  75.9%  51.6    1s
*  145   137             109     122.0000000   32.00000  73.8%  48.3    1s
H  352   256                     111.0000000   32.00000  71.2%  54.3    2s
   641   492   85.00000   53   79  111.00000   32.76190  70.5%  75.3    5s
H 1057   660                     109.0000000   35.29032  67.6%  73.3    7s
H 1404   759                     108.0000000   42.00000  61.1%  72.0    8s
  1555   818  106.00000   53   78  108.00000   44.00000  59.3%  78.5   10s
H 2084  1174                     108.0000000   45.00000  58.3%  75.6   11s
H 2223  1255                     107.0000000   45.00000  57.9%  75.2   12s
H 2443  1388                     107.0000000   45.00000  57.9%  81.9   14s
  2571  1460   60.00000   19   98  107.00000   45.00000  57.9%  83.0   15s
* 2801  1546              98     106.0000000   45.00000  57.5%  81.6   15s
H 3112  1731                     105.0000000   48.00000  54.3%  81.8   16s
H 3237  1814                     104.0000000   48.00000  53.8%  81.5   17s
  3837  2201   81.00000   30   67  104.00000   53.00000  49.0%  80.6   20s
H 3886  2223                     104.0000000   54.00000  48.1%  80.6   20s
  4948  2828   96.00000   51   65  104.00000   56.00000  46.2%  79.7   25s
  6120  3524 infeasible   33       104.00000   56.00000  46.2%  80.7   30s
  7316  4221 infeasible   71       104.00000   56.00000  46.2%  81.2   35s
H 7757  4485                     104.0000000   56.00000  46.2%  81.5   36s
  8637  5020  100.00000   52   66  104.00000   57.00000  45.2%  81.0   40s
  9928  5737   81.00000   27   83  104.00000   57.00000  45.2%  80.6   45s
 10203  5895   83.00000   41  144  104.00000   57.00000  45.2%  81.2   55s
 10234  5916   81.00000   24  173  104.00000   57.00000  45.2%  80.9   60s
 10500  6038   68.00000   33  107  104.00000   57.00000  45.2%  84.5   65s
 10943  6218   92.00000   51   65  104.00000   57.00000  45.2%  84.8   70s
 11450  6381   57.00000   27   95  104.00000   57.00000  45.2%  84.7   75s
 12013  6502   92.00000   38   69  104.00000   57.00000  45.2%  85.8   80s
 12713  6707   85.00000   36   84  104.00000   57.00000  45.2%  86.1   85s
 13650  6919  102.00000   33  103  104.00000   57.00000  45.2%  86.8   90s
 14650  7156   68.00000   34   98  104.00000   57.00000  45.2%  86.5   95s
 15758  7490   69.00000   29   78  104.00000   57.00000  45.2%  85.4  100s
 16673  7660   85.00000   38   79  104.00000   57.00000  45.2%  85.1  105s
 17689  7796 infeasible   40       104.00000   60.00000  42.3%  85.1  110s
 18410  7728   90.00000   33   77  104.00000   64.00000  38.5%  86.1  115s
 19469  7966 infeasible   45       104.00000   65.00000  37.5%  85.7  120s
 20425  8222   98.00000   43   98  104.00000   65.00000  37.5%  85.5  125s
 21495  8451   81.00000   38   65  104.00000   68.00000  34.6%  85.3  130s
 22671  8730   90.00000   45   97  104.00000   68.00000  34.6%  85.1  135s
 23888  8997   96.00000   42  107  104.00000   68.00000  34.6%  84.7  140s
 25150  9297 infeasible   51       104.00000   68.00000  34.6%  84.3  145s
 26467  9623  102.00000   56   79  104.00000   68.00000  34.6%  83.9  150s
 27683  9845 infeasible   32       104.00000   69.00000  33.7%  83.5  155s
 29169 10567   81.00000   31   71  104.00000   69.00000  33.7%  82.5  160s
 30577 11310  100.00000   43  101  104.00000   69.00000  33.7%  82.0  165s
 31858 12051   89.00000   43   94  104.00000   69.00000  33.7%  81.8  170s
 33262 12804  102.00000   49   63  104.00000   69.00000  33.7%  81.3  175s
 34626 13500   96.00000   43   99  104.00000   69.00000  33.7%  80.8  180s
 35802 14149 infeasible   47       104.00000   69.00000  33.7%  80.6  185s
 37060 14789  102.00000   54   95  104.00000   69.00000  33.7%  80.4  190s
 38310 15398   98.00000   51  100  104.00000   69.00000  33.7%  80.1  195s
 39508 15987   89.00000   42  109  104.00000   70.00000  32.7%  80.1  200s
 40544 16430     cutoff   53       104.00000   71.00000  31.7%  80.2  205s
 41824 16991  102.00000   48   88  104.00000   71.00000  31.7%  80.0  210s
 42788 17273 infeasible   43       104.00000   72.00000  30.8%  80.3  215s
 43552 17471 infeasible   39       104.00000   73.00000  29.8%  81.0  220s
 44543 17776   90.00000   35   80  104.00000   74.00000  28.8%  81.2  225s
 45658 18359  102.00000   47   93  104.00000   75.00000  27.9%  81.2  230s
 46862 18926   98.00000   57   72  104.00000   77.00000  26.0%  81.1  235s
 48197 19569   90.00000   35   79  104.00000   77.00000  26.0%  80.9  240s
 49453 20169  102.00000   53   88  104.00000   77.00000  26.0%  80.5  245s
 50758 20854   96.00000   44   84  104.00000   78.00000  25.0%  80.1  250s
 52118 21516   90.00000   34   86  104.00000   78.00000  25.0%  79.9  255s
 53409 22130   90.00000   36  109  104.00000   78.00000  25.0%  79.7  260s
 54521 22628 infeasible   46       104.00000   79.00000  24.0%  79.8  265s
 55601 23109 infeasible   52       104.00000   80.00000  23.1%  79.8  270s
 57107 23798 infeasible   37       104.00000   81.00000  22.1%  79.3  275s
 58732 24574 infeasible   48       104.00000   81.00000  22.1%  78.8  280s
 60150 25235   87.00000   43   69  104.00000   81.00000  22.1%  78.5  285s
 61083 25652   87.00000   42   99  104.00000   81.00000  22.1%  78.4  290s
 62436 26341  100.00000   49   90  104.00000   81.00000  22.1%  78.1  295s
 64127 27155  102.00000   54   72  104.00000   81.00000  22.1%  77.6  300s
 65952 28039  100.00000   45   86  104.00000   81.00000  22.1%  77.0  305s
 67501 28776   95.00000   45   84  104.00000   81.00000  22.1%  76.6  310s
 68860 29430   87.00000   37   77  104.00000   81.00000  22.1%  76.4  315s
 70497 30330 infeasible   48       104.00000   81.00000  22.1%  76.0  320s
 72009 31139  102.00000   58   93  104.00000   81.00000  22.1%  75.7  325s
 73516 31798   94.00000   47   77  104.00000   81.00000  22.1%  75.5  330s
 74894 32465   81.00000   42   78  104.00000   81.00000  22.1%  75.3  335s
 76403 33226  100.00000   46   75  104.00000   81.00000  22.1%  75.0  340s
 77849 33960   96.00000   47   78  104.00000   81.00000  22.1%  74.7  345s
 78868 34437   96.00000   43   84  104.00000   81.00000  22.1%  74.7  350s
 80405 35244  102.00000   49   76  104.00000   81.00000  22.1%  74.6  355s
 81860 36009   96.00000   45   76  104.00000   81.00000  22.1%  74.4  360s
 83121 36626   98.00000   46   91  104.00000   81.00000  22.1%  74.3  365s
 84642 37378  102.00000   47   77  104.00000   81.00000  22.1%  74.1  370s
 86075 38148   96.00000   49   66  104.00000   81.00000  22.1%  73.9  375s
 87689 38991  102.00000   54   87  104.00000   81.00000  22.1%  73.7  380s
 88881 39569  102.00000   58   82  104.00000   81.00000  22.1%  73.6  385s
 90519 40417     cutoff   59       104.00000   81.00000  22.1%  73.4  390s
 91918 41097  101.00000   52   84  104.00000   81.00000  22.1%  73.3  395s
 93364 41783   94.00000   37   92  104.00000   81.00000  22.1%  73.1  400s
 94669 42462  102.00000   49   93  104.00000   81.00000  22.1%  73.1  405s
 96239 43226  102.00000   47   63  104.00000   81.00000  22.1%  72.8  410s
 97453 43815   91.00000   43   79  104.00000   81.00000  22.1%  72.8  415s
 98873 44525   90.37500   45   94  104.00000   81.00000  22.1%  72.6  420s
 100185 45157 infeasible   47       104.00000   81.00000  22.1%  72.5  425s
 101685 45889   87.00000   39   67  104.00000   81.00000  22.1%  72.4  430s
 103160 46634   88.00000   40   77  104.00000   81.00000  22.1%  72.2  435s
 104588 47295  100.00000   63   79  104.00000   81.00000  22.1%  72.1  440s
 106026 47962   98.00000   47  101  104.00000   81.00000  22.1%  72.0  445s
 107526 48664  102.00000   58   64  104.00000   81.00000  22.1%  71.9  450s
 109038 49455   83.00000   45   73  104.00000   81.00000  22.1%  71.7  455s
 110317 50090   91.00000   48   79  104.00000   81.00000  22.1%  71.7  460s
 111736 50844     cutoff   57       104.00000   81.00000  22.1%  71.5  465s
 113369 51620   91.00000   44   91  104.00000   81.00000  22.1%  71.2  470s
 114658 52251   94.00000   49   84  104.00000   81.00000  22.1%  71.2  475s
 116003 52905   98.00000   49   99  104.00000   81.00000  22.1%  71.2  480s
 117469 53610   96.00000   39   68  104.00000   81.00000  22.1%  71.1  485s
 118965 54280   81.00000   45   81  104.00000   81.00000  22.1%  71.0  490s
 120471 54939   85.00000   36   85  104.00000   81.00000  22.1%  70.8  495s
 121893 55602   98.00000   55   92  104.00000   81.00000  22.1%  70.7  500s
 123192 56187 infeasible   56       104.00000   81.00000  22.1%  70.8  505s
 124576 56835  102.00000   49  107  104.00000   81.00000  22.1%  70.6  510s
 126526 57832   83.00000   40   86  104.00000   81.00000  22.1%  70.2  515s
 127916 58474  102.00000   52   76  104.00000   81.00000  22.1%  70.0  520s
 129359 59204   92.00000   45   91  104.00000   81.00000  22.1%  69.8  525s
 131044 59977   93.00000   45   93  104.00000   81.00000  22.1%  69.6  530s
 132499 60615     cutoff   55       104.00000   81.00000  22.1%  69.5  535s
 133805 61200  102.00000   58   89  104.00000   81.00000  22.1%  69.5  540s
 135157 61815   98.00000   50   88  104.00000   81.00000  22.1%  69.4  545s
 136703 62620  102.00000   52   71  104.00000   81.00000  22.1%  69.3  550s
 138130 63270 infeasible   44       104.00000   81.00000  22.1%  69.2  555s
 139650 63968  100.00000   47   81  104.00000   81.00000  22.1%  69.1  560s
 141261 64745     cutoff   51       104.00000   81.00000  22.1%  68.9  565s
 142674 65383   92.00000   39   82  104.00000   81.00000  22.1%  68.8  570s
 144223 66110   81.00000   39   83  104.00000   81.00000  22.1%  68.7  575s
 145505 66660  102.00000   56   45  104.00000   81.00000  22.1%  68.6  580s
 147141 67403   90.00000   37   79  104.00000   81.00000  22.1%  68.5  585s
 148593 68104   97.00000   48  100  104.00000   81.00000  22.1%  68.4  590s
 150345 69022  102.00000   54   92  104.00000   81.00000  22.1%  68.2  595s
 151866 69764   96.00000   48   74  104.00000   81.00000  22.1%  68.2  600s
 153203 70408   90.00000   39   79  104.00000   81.00000  22.1%  68.1  605s
 154642 71083   85.00000   43   98  104.00000   81.00000  22.1%  68.0  610s
 156143 71848     cutoff   52       104.00000   81.00000  22.1%  67.9  615s
 157632 72537   81.00000   39   78  104.00000   81.00000  22.1%  67.9  620s
 159314 73342  102.00000   56   72  104.00000   81.00000  22.1%  67.7  625s
 160573 73929   87.00000   38   81  104.00000   81.00000  22.1%  67.6  630s
 162412 74773   92.00000   41   84  104.00000   81.00000  22.1%  67.5  635s
 163841 75468  102.00000   52   71  104.00000   81.00000  22.1%  67.4  640s
 165157 76105     cutoff   49       104.00000   81.00000  22.1%  67.4  645s
 166539 76767  102.00000   50   85  104.00000   81.00000  22.1%  67.4  650s
 167741 77340  102.00000   51  106  104.00000   81.00000  22.1%  67.4  655s
 169319 78107  100.00000   53   88  104.00000   81.00000  22.1%  67.3  660s
 170625 78676  102.00000   56   78  104.00000   81.00000  22.1%  67.3  665s
 172129 79368   94.00000   43   77  104.00000   81.00000  22.1%  67.2  670s
 173668 80043   94.00000   39   93  104.00000   81.00000  22.1%  67.2  675s
 175152 80758  102.00000   57   95  104.00000   81.00000  22.1%  67.1  680s
 176862 81594   91.00000   45   89  104.00000   81.00000  22.1%  67.0  685s
 178388 82301   91.00000   45   85  104.00000   81.00000  22.1%  66.9  690s
 179728 82950   85.00000   40   90  104.00000   81.00000  22.1%  66.9  695s
 181208 83629   94.00000   50   98  104.00000   81.00000  22.1%  66.8  700s
 182288 84059  102.00000   43  104  104.00000   81.00000  22.1%  66.8  705s
 183626 84669   87.00000   48   67  104.00000   81.00000  22.1%  66.8  710s
 185040 85257  102.00000   49   79  104.00000   81.00000  22.1%  66.8  715s
 186250 85821  102.00000   43   69  104.00000   81.00000  22.1%  66.8  720s
 187697 86465 infeasible   35       104.00000   81.00000  22.1%  66.8  725s
 189181 87137     cutoff   56       104.00000   81.00000  22.1%  66.7  730s
 190635 87740   92.00000   45   88  104.00000   81.00000  22.1%  66.6  735s
 192157 88444   91.00000   46   91  104.00000   81.00000  22.1%  66.5  740s
 193727 89080  100.00000   47   93  104.00000   81.00000  22.1%  66.4  745s
 195211 89768  102.00000   54   84  104.00000   81.00000  22.1%  66.4  750s
 196487 90362   87.00000   43   84  104.00000   81.00000  22.1%  66.4  755s
 197906 91016  102.00000   53   83  104.00000   81.00000  22.1%  66.3  760s
 199308 91638  102.00000   56   88  104.00000   81.00000  22.1%  66.4  765s
 200333 92023   98.00000   41   92  104.00000   81.00000  22.1%  66.4  770s
 201896 92819  102.00000   41   84  104.00000   81.00000  22.1%  66.3  775s
 203376 93489   88.00000   39   94  104.00000   81.00000  22.1%  66.2  780s
 204675 94019   84.00000   45   82  104.00000   81.00000  22.1%  66.2  785s
 206030 94594   94.00000   46  104  104.00000   81.00000  22.1%  66.2  790s
 207422 95202  102.00000   57   88  104.00000   81.00000  22.1%  66.2  795s
 208851 95877  102.00000   49   80  104.00000   81.00000  22.1%  66.2  800s
 210278 96604 infeasible   48       104.00000   81.00000  22.1%  66.2  805s
 211391 97116  102.00000   53   95  104.00000   81.00000  22.1%  66.2  810s
 212918 97833  102.00000   51   83  104.00000   81.00000  22.1%  66.2  815s
 214395 98508   97.00000   47   90  104.00000   81.00000  22.1%  66.1  820s
 215812 99198  100.00000   46   94  104.00000   81.00000  22.1%  66.1  825s
 217214 99861   92.00000   47   91  104.00000   81.00000  22.1%  66.0  830s
 218621 100534  100.00000   46   71  104.00000   81.00000  22.1%  66.0  835s
 220075 101198   91.00000   43   88  104.00000   81.00000  22.1%  66.0  840s
 221364 101804   81.00000   42   93  104.00000   81.00000  22.1%  66.0  845s
 222809 102471  102.00000   52   89  104.00000   81.00000  22.1%  66.0  850s
 224232 103143  102.00000   44  107  104.00000   81.00000  22.1%  66.0  855s
 225686 103801  102.00000   51   74  104.00000   81.00000  22.1%  65.9  860s
 227239 104543 infeasible   56       104.00000   81.00000  22.1%  65.8  865s
 228720 105225  102.00000   52   84  104.00000   81.00000  22.1%  65.8  870s
 229856 105780   91.00000   45   94  104.00000   81.00000  22.1%  65.8  875s
 230850 106167   85.00000   36   92  104.00000   81.00000  22.1%  65.8  880s
 232276 106811  101.00000   44   73  104.00000   81.00000  22.1%  65.8  885s
 233678 107410   81.00000   41  107  104.00000   81.00000  22.1%  65.8  890s
 234982 107992   87.00000   41   78  104.00000   81.00000  22.1%  65.8  895s
 236151 108521   81.00000   47   84  104.00000   81.00000  22.1%  65.8  900s
 237721 109274     cutoff   54       104.00000   81.00000  22.1%  65.8  905s
 239218 110015  100.00000   48   91  104.00000   81.00000  22.1%  65.7  910s
 240549 110540  102.00000   48   96  104.00000   81.00000  22.1%  65.7  915s
 241821 111067   96.00000   50   92  104.00000   81.00000  22.1%  65.7  920s
 243115 111637     cutoff   52       104.00000   81.00000  22.1%  65.8  925s
 244437 112239  100.00000   52  105  104.00000   81.00000  22.1%  65.8  930s
 245813 112906   87.00000   36  103  104.00000   81.00000  22.1%  65.8  935s
 247136 113489     cutoff   51       104.00000   81.00000  22.1%  65.8  940s
 248415 114056   81.00000   38  108  104.00000   81.00000  22.1%  65.8  945s
 249367 114481   87.94118   39  101  104.00000   81.00000  22.1%  65.8  950s
 250565 114960   90.00000   46  103  104.00000   81.00000  22.1%  65.8  955s
 251656 115520     cutoff   44       104.00000   81.00000  22.1%  65.9  960s
 253018 116172     cutoff   60       104.00000   81.00000  22.1%  65.9  965s
 254181 116680   98.00000   43   84  104.00000   81.22222  21.9%  65.9  970s
 255572 117255  100.00000   53   84  104.00000   81.94118  21.2%  65.9  975s
 256893 117606 infeasible   40       104.00000   82.00000  21.2%  65.9  980s
 258296 118010 infeasible   45       104.00000   82.00000  21.2%  65.9  985s
 259500 118431 infeasible   42       104.00000   82.00000  21.2%  65.9  990s
 260482 118691  100.00000   57   90  104.00000   82.00000  21.2%  65.9  995s
 261584 119036   82.00000   42  105  104.00000   82.00000  21.2%  66.0 1000s
 262869 119497   96.00000   40   82  104.00000   82.89474  20.3%  66.0 1005s
 264434 120177   98.00000   53   73  104.00000   83.00000  20.2%  65.9 1010s
 266094 120851 infeasible   44       104.00000   83.00000  20.2%  65.9 1015s
 267471 121424   93.00000   46   90  104.00000   83.00000  20.2%  65.8 1020s
 268565 121836  101.00000   37   94  104.00000   83.00000  20.2%  65.8 1025s
 270115 122449     cutoff   47       104.00000   83.00000  20.2%  65.8 1030s
 271406 123012  102.00000   52   94  104.00000   83.00000  20.2%  65.8 1035s
 272924 123646  102.00000   54   87  104.00000   83.00000  20.2%  65.7 1040s
 274418 124253  102.00000   50   84  104.00000   83.00000  20.2%  65.7 1045s
 275820 124865   98.00000   48   84  104.00000   83.00000  20.2%  65.7 1050s
 277062 125269   87.00000   44   88  104.00000   83.00000  20.2%  65.7 1055s
 278576 125914  100.00000   54   88  104.00000   83.00000  20.2%  65.7 1060s
 280107 126552   89.00000   33   81  104.00000   83.00000  20.2%  65.6 1065s
 281471 127136   98.00000   45   80  104.00000   83.00000  20.2%  65.6 1070s
 282528 127557  101.00000   47   84  104.00000   83.00000  20.2%  65.6 1075s
 284103 128250  102.00000   46   83  104.00000   83.00000  20.2%  65.6 1080s
 285571 128804   92.00000   40  103  104.00000   83.00000  20.2%  65.5 1085s
 286923 129359  102.00000   49   82  104.00000   83.00000  20.2%  65.5 1090s
 288455 129973  102.00000   51  109  104.00000   83.00000  20.2%  65.5 1095s
 289850 130560 infeasible   42       104.00000   83.00000  20.2%  65.5 1100s
 291297 131113   98.00000   49   76  104.00000   83.00000  20.2%  65.4 1105s
 292733 131689   83.00000   42   84  104.00000   83.00000  20.2%  65.4 1110s
 294215 132346   89.00000   51  103  104.00000   83.00000  20.2%  65.4 1115s
 295714 132999  102.00000   50  101  104.00000   83.00000  20.2%  65.4 1120s
 297305 133647  102.00000   58  100  104.00000   83.00000  20.2%  65.3 1125s
 298420 134037 infeasible   53       104.00000   83.00000  20.2%  65.3 1130s
 299973 134677 infeasible   49       104.00000   83.00000  20.2%  65.3 1135s
 301407 135260  102.00000   57  100  104.00000   83.00000  20.2%  65.3 1140s
 302690 135746   98.00000   50  105  104.00000   83.00000  20.2%  65.3 1145s
 304179 136448  102.00000   50  113  104.00000   83.00000  20.2%  65.2 1150s
 305747 137135   98.00000   45  112  104.00000   83.00000  20.2%  65.2 1155s
 307007 137574  102.00000   48   82  104.00000   83.00000  20.2%  65.2 1160s
 308598 138142 infeasible   49       104.00000   83.00000  20.2%  65.1 1165s
 310009 138731   98.00000   49   90  104.00000   83.00000  20.2%  65.1 1170s
 311262 139233   87.00000   43   90  104.00000   83.00000  20.2%  65.1 1175s
 312728 139725   89.00000   46  102  104.00000   83.00000  20.2%  65.1 1180s
 314211 140300   98.00000   46   83  104.00000   83.00000  20.2%  65.1 1185s
 315697 140898   83.00000   40   78  104.00000   83.00000  20.2%  65.0 1190s
 317026 141405  102.00000   50  111  104.00000   83.00000  20.2%  65.0 1195s
 318461 141948   85.00000   42   75  104.00000   83.00000  20.2%  65.0 1200s
 319982 142526   89.00000   45  105  104.00000   83.00000  20.2%  64.9 1205s
 321421 143064  102.00000   46   70  104.00000   83.00000  20.2%  64.9 1210s
 322815 143606 infeasible   47       104.00000   83.00000  20.2%  64.9 1215s
 324344 144214  100.00000   54   94  104.00000   83.00000  20.2%  64.9 1220s
 325791 144772 infeasible   50       104.00000   83.00000  20.2%  64.8 1225s
 327259 145314  102.00000   56   70  104.00000   83.00000  20.2%  64.8 1230s
 328779 145894   83.00000   43   76  104.00000   83.00000  20.2%  64.8 1235s
 330256 146492   89.00000   47   81  104.00000   83.00000  20.2%  64.8 1240s
 331470 146977  100.00000   53   99  104.00000   83.00000  20.2%  64.7 1245s
 333121 147680     cutoff   53       104.00000   83.00000  20.2%  64.7 1250s
 334442 148181   94.00000   50   93  104.00000   83.00000  20.2%  64.7 1255s
 335840 148716   89.00000   46   82  104.00000   83.00000  20.2%  64.7 1260s
 337251 149275   98.00000   45   93  104.00000   83.00000  20.2%  64.7 1265s
 338459 149727   90.00000   45   81  104.00000   83.00000  20.2%  64.7 1270s
 339835 150199   89.00000   43   83  104.00000   83.00000  20.2%  64.7 1275s
 341177 150691   91.00000   40   63  104.00000   83.00000  20.2%  64.7 1280s
 342624 151188  100.00000   52   68  104.00000   83.00000  20.2%  64.6 1285s
 344036 151727  102.00000   58   79  104.00000   83.00000  20.2%  64.6 1290s
 345404 152189   98.00000   52   91  104.00000   83.00000  20.2%  64.6 1295s
 346728 152743  100.00000   47   83  104.00000   83.00000  20.2%  64.6 1300s
 347867 153201     cutoff   49       104.00000   83.00000  20.2%  64.6 1305s
 349292 153752  102.00000   43  104  104.00000   83.00000  20.2%  64.5 1310s
 350751 154388 infeasible   55       104.00000   83.00000  20.2%  64.5 1315s
 352247 154953 infeasible   58       104.00000   83.00000  20.2%  64.5 1320s
 353669 155530  102.00000   50  100  104.00000   83.00000  20.2%  64.5 1325s
 355192 156063   93.00000   53   88  104.00000   83.00000  20.2%  64.4 1330s
 356562 156561   92.00000   53   82  104.00000   83.00000  20.2%  64.4 1335s
 357748 157037   96.00000   50  105  104.00000   83.00000  20.2%  64.4 1340s
 359264 157683   93.00000   50   96  104.00000   83.00000  20.2%  64.4 1345s
 360412 158162  102.00000   56   94  104.00000   83.00000  20.2%  64.4 1350s
 361782 158670  100.00000   50   89  104.00000   83.00000  20.2%  64.4 1355s
 363077 159207   89.00000   48   83  104.00000   83.00000  20.2%  64.4 1360s
 364502 159758 infeasible   53       104.00000   83.00000  20.2%  64.4 1365s
 365805 160280   87.00000   46   84  104.00000   83.00000  20.2%  64.4 1370s
 367273 160840   98.00000   49  102  104.00000   83.00000  20.2%  64.3 1375s
 368664 161341  102.00000   57   87  104.00000   83.00000  20.2%  64.3 1380s
 370286 161941     cutoff   62       104.00000   83.00000  20.2%  64.3 1385s
 371611 162499   98.00000   50   92  104.00000   83.00000  20.2%  64.2 1390s
 372932 163039   93.00000   48   99  104.00000   83.00000  20.2%  64.2 1395s
 374393 163598   96.00000   46   89  104.00000   83.00000  20.2%  64.2 1400s
 375667 164061     cutoff   58       104.00000   83.00000  20.2%  64.2 1405s
 377064 164600   98.00000   39  105  104.00000   83.00000  20.2%  64.2 1410s
 378331 165099  100.00000   47   87  104.00000   83.34483  19.9%  64.2 1415s
 379468 165449   86.00000   39   64  104.00000   84.00000  19.2%  64.2 1420s
 380595 165610   90.00000   45   84  104.00000   84.00000  19.2%  64.3 1425s
 381896 165897   93.00000   40   80  104.00000   84.00000  19.2%  64.3 1430s
 382876 166127   98.00000   48   87  104.00000   84.00000  19.2%  64.3 1435s
 384027 166415   85.00000   38  116  104.00000   84.00000  19.2%  64.3 1440s
 385599 167021   95.00000   55   81  104.00000   84.85714  18.4%  64.3 1445s
 386900 167435   93.00000   47   69  104.00000   85.00000  18.3%  64.3 1450s
 388153 167878   91.00000   50  103  104.00000   85.00000  18.3%  64.3 1455s
 389620 168386   95.00000   49   77  104.00000   85.00000  18.3%  64.3 1460s
 391126 168971  102.00000   47   88  104.00000   85.00000  18.3%  64.3 1465s
 392674 169565   87.00000   42   75  104.00000   85.00000  18.3%  64.3 1470s
 393470 169854  102.00000   56   85  104.00000   85.00000  18.3%  64.3 1475s
 394685 170285   95.00000   56   80  104.00000   85.00000  18.3%  64.3 1480s
 396070 170743   91.00000   38   90  104.00000   85.00000  18.3%  64.3 1485s
 397567 171295   91.00000   43   52  104.00000   85.00000  18.3%  64.3 1490s
 398848 171797   91.00000   49   85  104.00000   85.00000  18.3%  64.3 1495s
 400182 172219  102.00000   57   88  104.00000   85.00000  18.3%  64.3 1500s
 401673 172784   91.00000   46   95  104.00000   85.00000  18.3%  64.3 1505s
 403068 173290  100.00000   47   95  104.00000   85.00000  18.3%  64.3 1510s
 404416 173836  102.00000   59   94  104.00000   85.00000  18.3%  64.3 1515s
 405883 174346  102.00000   52   71  104.00000   85.00000  18.3%  64.3 1520s
 407477 174915  102.00000   57   74  104.00000   85.00000  18.3%  64.2 1525s
 408676 175378  100.00000   51   76  104.00000   85.00000  18.3%  64.2 1530s
 410295 176008   93.00000   47   62  104.00000   85.00000  18.3%  64.2 1535s
 411425 176432   93.00000   42   56  104.00000   85.00000  18.3%  64.2 1540s
 412927 177077  100.00000   49  103  104.00000   85.00000  18.3%  64.2 1545s
 414336 177588 infeasible   49       104.00000   85.00000  18.3%  64.2 1550s
 415850 178154   85.00000   45   69  104.00000   85.00000  18.3%  64.2 1555s
 417444 178788     cutoff   56       104.00000   85.00000  18.3%  64.2 1560s
 418946 179375 infeasible   47       104.00000   85.00000  18.3%  64.1 1565s
 420205 179826  102.00000   48   85  104.00000   85.00000  18.3%  64.1 1570s
 421486 180283  102.00000   53   89  104.00000   85.00000  18.3%  64.2 1575s
 423110 180975   87.00000   45   73  104.00000   85.00000  18.3%  64.2 1580s
 424648 181538  102.00000   47   77  104.00000   85.00000  18.3%  64.1 1585s
 426342 182266  102.00000   50   92  104.00000   85.00000  18.3%  64.1 1590s
 428135 182986   96.00000   46  111  104.00000   85.00000  18.3%  64.0 1595s
 429612 183521  100.00000   49   85  104.00000   85.00000  18.3%  64.0 1600s
 431222 184160   87.00000   48   93  104.00000   85.00000  18.3%  64.0 1605s
 432985 184879  102.00000   57   95  104.00000   85.00000  18.3%  63.9 1610s
 433961 185263   93.00000   46   80  104.00000   85.00000  18.3%  63.9 1615s
 435576 185955  102.00000   47   71  104.00000   85.00000  18.3%  63.9 1620s
 437260 186604   96.00000   53  106  104.00000   85.00000  18.3%  63.8 1625s
 438662 187152   93.00000   55   80  104.00000   85.00000  18.3%  63.8 1630s
 440163 187751   91.00000   44   77  104.00000   85.00000  18.3%  63.8 1635s
 441821 188362  102.00000   54   79  104.00000   85.00000  18.3%  63.8 1640s
 443651 189149     cutoff   47       104.00000   85.00000  18.3%  63.7 1645s
 445056 189674 infeasible   49       104.00000   85.00000  18.3%  63.7 1650s
 446559 190219  100.00000   53   71  104.00000   85.00000  18.3%  63.6 1655s
 448101 190764  102.00000   50   71  104.00000   85.00000  18.3%  63.6 1660s
 449161 191156   87.00000   45   81  104.00000   85.00000  18.3%  63.6 1665s
 450589 191660  102.00000   53   79  104.00000   85.00000  18.3%  63.6 1670s
 452188 192238   94.00000   47   87  104.00000   85.00000  18.3%  63.6 1675s
 453933 192968  100.00000   55   88  104.00000   85.00000  18.3%  63.5 1680s
 455553 193586   91.00000   41   84  104.00000   85.00000  18.3%  63.5 1685s
 457204 194229  100.00000   51  105  104.00000   85.00000  18.3%  63.4 1690s
 458862 194914  102.00000   53   80  104.00000   85.00000  18.3%  63.4 1695s
 460413 195450  102.00000   51   77  104.00000   85.00000  18.3%  63.4 1700s
 462248 196169   94.00000   46   84  104.00000   85.00000  18.3%  63.3 1705s
 463721 196660 infeasible   48       104.00000   85.00000  18.3%  63.3 1710s
 465213 197258   87.00000   43   78  104.00000   85.00000  18.3%  63.3 1715s
 466868 197903     cutoff   56       104.00000   85.00000  18.3%  63.2 1720s
 468530 198574   91.00000   45   87  104.00000   85.00000  18.3%  63.2 1725s
 469945 199103   87.00000   45   96  104.00000   85.00000  18.3%  63.1 1730s
 471619 199787  100.00000   49   90  104.00000   85.00000  18.3%  63.1 1735s
 473097 200395     cutoff   52       104.00000   85.00000  18.3%  63.1 1740s
 474673 200950   93.91259   51  114  104.00000   85.00000  18.3%  63.0 1745s
 476429 201550  102.00000   58   78  104.00000   85.00000  18.3%  63.0 1750s
 478046 202170   93.00000   54   85  104.00000   85.00000  18.3%  62.9 1755s
 479377 202710   95.00000   45   83  104.00000   85.00000  18.3%  62.9 1760s
 481045 203350  102.00000   54   86  104.00000   85.00000  18.3%  62.9 1765s
 482394 203863   96.00000   53   88  104.00000   85.00000  18.3%  62.9 1770s
 483891 204378   96.00000   48  107  104.00000   85.00000  18.3%  62.9 1775s
 485007 204745   96.00000   52   99  104.00000   85.00000  18.3%  62.9 1780s
 486388 205193  102.00000   57   77  104.00000   85.00000  18.3%  62.9 1785s
 487969 205799  100.00000   47   92  104.00000   85.00000  18.3%  62.9 1790s
 489433 206329   89.00000   42   95  104.00000   85.00000  18.3%  62.8 1795s

Cutting planes:
  Gomory: 10
  Cover: 6
  Implied bound: 7
  Projected implied bound: 3
  Clique: 8
  MIR: 5
  Flow cover: 48
  Network: 1
  RLT: 41
  Relax-and-lift: 1

Explored 490842 nodes (30856175 simplex iterations) in 1800.00 seconds (1566.45 work units)
Thread count was 1 (of 96 available processors)

Solution count 10: 104 104 104 ... 111

Time limit reached
Best objective 1.039999999580e+02, best bound 8.500000000000e+01, gap 18.2692%
WARNING: Loading a SolverResults object with an 'aborted' status, but
    containing a solution

Instance 19_3, formulation tres, reform hull:
  Rect 0: x = 52.00, y = 10.00
  Rect 1: x = 87.00, y = 11.00
  Rect 2: x = 12.00, y = 12.00
  Rect 3: x = 23.00, y = 12.00
  Rect 4: x = 21.00, y = 12.00
  Rect 5: x = 39.00, y = 10.00
  Rect 6: x = 23.00, y = 4.00
  Rect 7: x = 69.00, y = 12.00
  Rect 8: x = 39.00, y = 12.00
  Rect 9: x = 52.00, y = 3.00
  Rect 10: x = 85.00, y = 1.00
  Rect 11: x = 69.00, y = 4.00
  Rect 12: x = 89.00, y = 12.00
  Rect 13: x = 95.00, y = 1.00
  Rect 14: x = 69.00, y = 1.00
  Rect 15: x = 0.00, y = 10.00
  Rect 16: x = 56.00, y = 12.00
  Rect 17: x = 75.00, y = 12.00
  Rect 18: x = 0.00, y = 12.00
  → saved figures to strip_figures/19_3_tres_hull.png and strip_figures/19_3_tres_hull.pdf
Set parameter TokenServer to value "mooring.ecn.purdue.edu"
Read LP format model from file /tmp/tmp8xty0g1r.pyomo.lp
Reading time = 0.00 seconds
x724: 875 rows, 724 columns, 4719 nonzeros
Set parameter TimeLimit to value 1800
Set parameter Threads to value 1
Gurobi Optimizer version 11.0.0 build v11.0.0rc2 (linux64 - "Oracle Linux Server 9.6")

CPU model: AMD EPYC 7643 48-Core Processor, instruction set [SSE2|AVX|AVX2]
Thread count: 48 physical cores, 96 logical processors, using up to 1 threads

Optimize a model with 875 rows, 724 columns and 4719 nonzeros
Model fingerprint: 0x790cce80
Variable types: 40 continuous, 684 integer (684 binary)
Coefficient statistics:
  Matrix range     [1e+00, 2e+02]
  Objective range  [1e+00, 1e+00]
  Bounds range     [1e+00, 2e+02]
  RHS range        [1e+00, 2e+01]
Presolve removed 268 rows and 270 columns
Presolve time: 0.00s
Presolved: 607 rows, 454 columns, 2432 nonzeros
Variable types: 37 continuous, 417 integer (417 binary)
Found heuristic solution: objective 188.0000000
Found heuristic solution: objective 172.0000000

Root relaxation: objective 3.200000e+01, 257 iterations, 0.00 seconds (0.00 work units)

    Nodes    |    Current Node    |     Objective Bounds      |     Work
 Expl Unexpl |  Obj  Depth IntInf | Incumbent    BestBd   Gap | It/Node Time

     0     0   32.00000    0   61  172.00000   32.00000  81.4%     -    0s
H    0     0                     148.0000000   32.00000  78.4%     -    0s
     0     0   58.00000    0  117  148.00000   58.00000  60.8%     -    0s
H    0     0                     121.0000000   58.00000  52.1%     -    0s
     0     0   58.00000    0  117  121.00000   58.00000  52.1%     -    0s
     0     0   58.74044    0   85  121.00000   58.74044  51.5%     -    0s
     0     0   60.55354    0   91  121.00000   60.55354  50.0%     -    0s
     0     0   60.55354    0   92  121.00000   60.55354  50.0%     -    0s
     0     0   60.55354    0   92  121.00000   60.55354  50.0%     -    0s
     0     0   60.55354    0   85  121.00000   60.55354  50.0%     -    0s
     0     0   61.07650    0   92  121.00000   61.07650  49.5%     -    0s
     0     0   61.07650    0   87  121.00000   61.07650  49.5%     -    0s
     0     0   61.07650    0   88  121.00000   61.07650  49.5%     -    0s
     0     0   61.07650    0   89  121.00000   61.07650  49.5%     -    0s
     0     0   61.16360    0   90  121.00000   61.16360  49.5%     -    0s
     0     0   61.16360    0   88  121.00000   61.16360  49.5%     -    0s
     0     0   61.16360    0   88  121.00000   61.16360  49.5%     -    0s
     0     0   61.16360    0   80  121.00000   61.16360  49.5%     -    0s
H    0     0                     121.0000000   61.95138  48.8%     -    0s
     0     0   61.95138    0   82  121.00000   61.95138  48.8%     -    0s
     0     0   61.95138    0   86  121.00000   61.95138  48.8%     -    0s
     0     0   61.95138    0   92  121.00000   61.95138  48.8%     -    0s
     0     0   61.95138    0   87  121.00000   61.95138  48.8%     -    0s
     0     0   61.95138    0   62  121.00000   61.95138  48.8%     -    0s
     0     2   61.95138    0   59  121.00000   61.95138  48.8%     -    0s
*  116    74              90     120.0000000   61.95138  48.4%  10.8    0s
H  303   213                     116.0000000   61.95138  46.6%  10.4    0s
*  516   362             121     115.0000000   63.21669  45.0%   8.9    0s
H  612   417                     110.0000000   65.42751  40.5%   9.2    0s
H  616   399                     107.0000000   65.94747  38.4%   9.2    0s
H  635   390                     106.0000000   66.24053  37.5%   8.9    1s
*  704   415              49     105.0000000   66.84645  36.3%  17.6    1s
*  789   376              58     104.0000000   66.86148  35.7%  18.8    1s
  2856   980  102.26667   35   99  104.00000   78.76491  24.3%  29.5    5s
  5809  1973   90.49931   28   96  104.00000   84.64721  18.6%  32.0   10s
  9205  3014   98.31746   28   64  104.00000   87.61228  15.8%  33.5   15s
 10952  3376  102.04545   28  102  104.00000   88.66843  14.7%  33.9   20s
 13627  3935  100.05632   28   77  104.00000   90.00000  13.5%  35.1   25s
 16630  4543  102.26667   32  103  104.00000   91.25773  12.3%  35.9   30s
 19450  5039  102.08889   28  126  104.00000   92.41446  11.1%  36.8   35s
 22280  5512  102.09524   32   81  104.00000   93.37755  10.2%  37.2   40s
 25063  5891  100.02624   27  121  104.00000   94.31818  9.31%  37.6   45s
 27846  6216  102.04545   29   49  104.00000   95.27574  8.39%  37.9   50s
 30324  6439  100.13742   26  125  104.00000   96.00000  7.69%  38.4   55s
 32298  6733  102.26667   34   63  104.00000   96.12834  7.57%  38.9   60s
 34532  7002  101.07143   32   56  104.00000   96.30572  7.40%  39.1   65s
 36921  7340  100.11068   25  139  104.00000   96.49593  7.22%  39.4   70s
 39167  7600  102.03478   37   98  104.00000   96.60403  7.11%  39.6   75s
 41725  7801  100.05745   29   82  104.00000   96.86280  6.86%  39.6   80s
 44327  7955  102.04706   37   99  104.00000   97.16017  6.58%  39.6   85s
 46723  8046  100.09693   33  135  104.00000   97.56596  6.19%  39.9   90s
 49018  8127  102.02740   34   90  104.00000   97.98732  5.78%  40.2   95s
 51165  8110   99.02825   28  135  104.00000   98.22010  5.56%  40.7  100s
 53636  8171  102.66667   35   15  104.00000   98.61155  5.18%  40.9  105s
 55633  8219  103.00000   34   24  104.00000   99.04545  4.76%  41.1  110s
 57900  8255  102.07407   32   38  104.00000   99.72727  4.11%  41.4  115s
 60299  8278  100.17391   31  115  104.00000  100.00000  3.85%  41.6  120s
 62191  8312  100.44087   30  137  104.00000  100.00955  3.84%  41.9  125s
 64455  8301     cutoff   40       104.00000  100.07273  3.78%  42.1  130s
 66580  8183  102.05263   35  125  104.00000  100.11478  3.74%  42.4  135s
 69034  8188  102.11765   34   92  104.00000  100.13636  3.72%  42.2  140s
 71663  8236  100.14302   29  125  104.00000  100.14302  3.71%  42.1  145s
 73942  8158  102.26667   37   62  104.00000  100.17391  3.68%  41.9  150s
 76474  8043  103.10000   39   86  104.00000  100.20990  3.64%  41.8  155s
 78655  7928  103.00000   37  109  104.00000  100.28636  3.57%  41.7  160s
 80864  7644  100.75439   32   29  104.00000  100.46341  3.40%  41.8  165s
 83327  7239  102.05039   30  132  104.00000  101.22222  2.67%  41.8  170s
 85641  6772  102.13793   35   15  104.00000  102.00000  1.92%  41.9  175s
 87279  6252  102.04545   32  132  104.00000  102.00062  1.92%  42.3  180s
 88797  5915     cutoff   33       104.00000  102.00672  1.92%  42.8  185s
 90519  5200  102.05263   30  137  104.00000  102.03478  1.89%  43.3  190s
 91864  4347  102.04651   30  135  104.00000  102.04348  1.88%  43.8  195s
 94092  3894  102.04545   27  121  104.00000  102.04545  1.88%  43.8  200s
 96008  3475  102.05000   32  132  104.00000  102.04545  1.88%  43.9  205s
 97952  2896  102.06564   30  128  104.00000  102.04892  1.88%  44.0  210s
 100006  2263  102.23529   35  103  104.00000  102.05970  1.87%  44.1  215s
 102233  1604  102.28571   28  106  104.00000  102.12903  1.80%  44.1  220s
 104459    71     cutoff   37       104.00000  103.05882  0.90%  44.5  225s

Cutting planes:
  Learned: 1
  Gomory: 30
  Cover: 337
  Implied bound: 113
  Clique: 75
  MIR: 172
  Mixing: 38
  StrongCG: 16
  Flow cover: 1171
  Inf proof: 258
  RLT: 13
  Relax-and-lift: 9

Explored 104531 nodes (4650347 simplex iterations) in 225.08 seconds (225.24 work units)
Thread count was 1 (of 96 available processors)

Solution count 10: 104 104 105 ... 121

Optimal solution found (tolerance 1.00e-04)
Best objective 1.040000000000e+02, best bound 1.040000000000e+02, gap 0.0000%

Instance 19_3, formulation reagg, reform MIP:
  Rect 0: x = 100.00, y = 11.00
  Rect 1: x = 77.00, y = 10.00
  Rect 2: x = 79.00, y = 12.00
  Rect 3: x = 32.00, y = 12.00
  Rect 4: x = 63.00, y = 12.00
  Rect 5: x = 0.00, y = 10.00
  Rect 6: x = 32.00, y = 4.00
  Rect 7: x = 26.00, y = 9.00
  Rect 8: x = 0.00, y = 12.00
  Rect 9: x = 13.00, y = 12.00
  Rect 10: x = 48.00, y = 12.00
  Rect 11: x = 100.00, y = 4.00
  Rect 12: x = 48.00, y = 11.00
  Rect 13: x = 65.00, y = 1.00
  Rect 14: x = 88.00, y = 1.00
  Rect 15: x = 88.00, y = 10.00
  Rect 16: x = 13.00, y = 9.00
  Rect 17: x = 65.00, y = 12.00
  Rect 18: x = 88.00, y = 12.00
  → saved figures to strip_figures/19_3_reagg_MIP.png and strip_figures/19_3_reagg_MIP.pdf
Set parameter TokenServer to value "mooring.ecn.purdue.edu"
Read LP format model from file /tmp/tmpqi3lg4i4.pyomo.lp
Reading time = 0.00 seconds
x724: 875 rows, 724 columns, 4719 nonzeros
Set parameter TimeLimit to value 1800
Set parameter Threads to value 1
Gurobi Optimizer version 11.0.0 build v11.0.0rc2 (linux64 - "Oracle Linux Server 9.6")

CPU model: AMD EPYC 7643 48-Core Processor, instruction set [SSE2|AVX|AVX2]
Thread count: 48 physical cores, 96 logical processors, using up to 1 threads

Optimize a model with 875 rows, 724 columns and 4719 nonzeros
Model fingerprint: 0x68240675
Variable types: 40 continuous, 684 integer (684 binary)
Coefficient statistics:
  Matrix range     [1e+00, 2e+02]
  Objective range  [1e+00, 1e+00]
  Bounds range     [1e+00, 2e+02]
  RHS range        [1e+00, 2e+01]
Presolve removed 268 rows and 270 columns
Presolve time: 0.00s
Presolved: 607 rows, 454 columns, 2353 nonzeros
Variable types: 37 continuous, 417 integer (417 binary)
Found heuristic solution: objective 196.0000000

Root relaxation: objective 3.200000e+01, 264 iterations, 0.00 seconds (0.00 work units)

    Nodes    |    Current Node    |     Objective Bounds      |     Work
 Expl Unexpl |  Obj  Depth IntInf | Incumbent    BestBd   Gap | It/Node Time

     0     0   32.00000    0   54  196.00000   32.00000  83.7%     -    0s
H    0     0                     122.0000000   32.00000  73.8%     -    0s
     0     0   55.10784    0  151  122.00000   55.10784  54.8%     -    0s
     0     0   60.14904    0  143  122.00000   60.14904  50.7%     -    0s
     0     0   60.14904    0  143  122.00000   60.14904  50.7%     -    0s
     0     0   61.32764    0  107  122.00000   61.32764  49.7%     -    0s
     0     0   62.58924    0  106  122.00000   62.58924  48.7%     -    0s
     0     0   62.58924    0  115  122.00000   62.58924  48.7%     -    0s
     0     0   62.58924    0  112  122.00000   62.58924  48.7%     -    0s
     0     0   62.58924    0  115  122.00000   62.58924  48.7%     -    0s
     0     0   62.72521    0  106  122.00000   62.72521  48.6%     -    0s
     0     0   62.72521    0  104  122.00000   62.72521  48.6%     -    0s
     0     0   62.72521    0   99  122.00000   62.72521  48.6%     -    0s
     0     0   62.72521    0  101  122.00000   62.72521  48.6%     -    0s
     0     0   62.72521    0  113  122.00000   62.72521  48.6%     -    0s
     0     0   62.72521    0  112  122.00000   62.72521  48.6%     -    0s
     0     0   62.72521    0  109  122.00000   62.72521  48.6%     -    0s
     0     0   62.72521    0  109  122.00000   62.72521  48.6%     -    0s
     0     0   62.72521    0  113  122.00000   62.72521  48.6%     -    0s
     0     0   62.72521    0   61  122.00000   62.72521  48.6%     -    0s
     0     2   62.80177    0   59  122.00000   62.80177  48.5%     -    0s
H  264   181                     120.0000000   64.46800  46.3%  14.8    0s
H  474   288                     114.0000000   64.67367  43.3%  14.0    0s
H  898   504                     113.0000000   66.98810  40.7%  23.5    1s
*  922   473              69     111.0000000   66.98810  39.7%  23.1    1s
H 1046   495                     111.0000000   67.12336  39.5%  24.3    1s
* 1311   571              58     110.0000000   67.56771  38.6%  25.6    2s
H 1366   584                     110.0000000   67.57772  38.6%  26.2    2s
* 1430   570              55     109.0000000   67.81513  37.8%  26.6    2s
* 1511   549              55     108.0000000   67.82431  37.2%  26.4    2s
* 2444  1151              59     107.0000000   69.86210  34.7%  26.3    3s
* 2502  1170              43     106.0000000   70.18710  33.8%  26.4    3s
  3126  1571  102.03509   37   55  106.00000   70.83713  33.2%  27.0    5s
* 3155  1538              65     105.0000000   70.83713  32.5%  26.8    5s
* 3473   824              54     104.0000000   71.69945  31.1%  26.9    5s
H 4441  1187                     104.0000000   73.83551  29.0%  28.2    6s
  6207  1729   89.67877   23   43  104.00000   76.62026  26.3%  29.6   10s
  9229  2613  102.03774   35   59  104.00000   80.05276  23.0%  29.8   15s
 10215  2894   85.04919   22   58  104.00000   80.88326  22.2%  29.8   20s
 10273  2933   89.07767   23   58  104.00000   80.88326  22.2%  29.6   25s
 11022  3130   90.02898   34   45  104.00000   80.88326  22.2%  31.3   30s
 13293  3123  102.03846   36   65  104.00000   81.70159  21.4%  32.6   35s
 15887  2965   95.00000   39   79  104.00000   84.97083  18.3%  33.9   40s
 18311  2683   94.05682   32   42  104.00000   87.33163  16.0%  34.5   45s
 20731  2895   91.13131   35   41  104.00000   89.88974  13.6%  34.9   50s
 23263  3320     cutoff   32       104.00000   91.08103  12.4%  35.3   55s
 26222  3875   97.86410   37  117  104.00000   92.28033  11.3%  35.4   60s
 29064  4238   95.45755   40   80  104.00000   94.00000  9.62%  35.6   65s
 31918  4528  102.00000   39   75  104.00000   94.71535  8.93%  35.8   70s
 34581  4727 infeasible   39       104.00000   95.93061  7.76%  36.1   75s
 37196  4932  102.03974   40   36  104.00000   96.20759  7.49%  36.3   80s
 40018  5041  103.00000   43   65  104.00000   96.75200  6.97%  36.3   85s
 42749  5047  102.05154   35   58  104.00000   98.00000  5.77%  36.4   90s
 45003  4882  100.15178   40   72  104.00000   99.96078  3.88%  36.4   95s
 47608  4945     cutoff   38       104.00000  100.00000  3.85%  36.5  100s
 50240  4865  100.11085   40   55  104.00000  100.07309  3.78%  36.5  105s
 52915  4523     cutoff   42       104.00000  100.16104  3.69%  36.5  110s
*55332  4122              59     103.9999995  102.00000  1.92%  36.6  114s
 55352  4129  102.60465   47   74  104.00000  102.00000  1.92%  36.6  115s
 57289  4040  102.00000   44   46  104.00000  102.00000  1.92%  36.7  120s
 59778  3834     cutoff   46       104.00000  102.00000  1.92%  36.8  125s
 62083  3276  103.00000   44   65  104.00000  102.00549  1.92%  36.9  130s
 64398  2356     cutoff   41       104.00000  102.03846  1.89%  37.0  135s
 66818  1251     cutoff   38       104.00000  102.04800  1.88%  37.3  140s
 68934   852  102.05680   36   66  104.00000  102.05453  1.87%  37.4  145s
 71544   447     cutoff   39       104.00000  102.12886  1.80%  37.3  150s

Cutting planes:
  Learned: 2
  Gomory: 22
  Cover: 209
  Implied bound: 203
  Clique: 11
  MIR: 198
  Mixing: 4
  StrongCG: 11
  Flow cover: 710
  Inf proof: 293
  RLT: 10
  Relax-and-lift: 2

Explored 72346 nodes (2694415 simplex iterations) in 151.20 seconds (139.24 work units)
Thread count was 1 (of 96 available processors)

Solution count 10: 104 104 104 ... 110

Optimal solution found (tolerance 1.00e-04)
Best objective 1.040000000000e+02, best bound 1.040000000000e+02, gap 0.0000%

Instance 19_3, formulation reagg_tres, reform MIP:
  Rect 0: x = 45.00, y = 6.00
  Rect 1: x = 102.00, y = 10.00
  Rect 2: x = 30.00, y = 12.00
  Rect 3: x = 2.00, y = 8.00
  Rect 4: x = 0.00, y = 12.00
  Rect 5: x = 89.00, y = 10.00
  Rect 6: x = 2.00, y = 12.00
  Rect 7: x = 39.00, y = 8.00
  Rect 8: x = 93.00, y = 12.00
  Rect 9: x = 41.00, y = 12.00
  Rect 10: x = 67.00, y = 12.00
  Rect 11: x = 39.00, y = 12.00
  Rect 12: x = 61.00, y = 11.00
  Rect 13: x = 58.00, y = 12.00
  Rect 14: x = 77.00, y = 12.00
  Rect 15: x = 49.00, y = 9.00
  Rect 16: x = 76.00, y = 11.00
  Rect 17: x = 18.00, y = 11.00
  Rect 18: x = 76.00, y = 2.00
  → saved figures to strip_figures/19_3_reagg_tres_MIP.png and strip_figures/19_3_reagg_tres_MIP.pdf
Set parameter TokenServer to value "mooring.ecn.purdue.edu"
Read LP format model from file /tmp/tmp80j6vpsr.pyomo.lp
Reading time = 0.00 seconds
x724: 2243 rows, 724 columns, 5511 nonzeros
Set parameter TimeLimit to value 1800
Set parameter Threads to value 1
Gurobi Optimizer version 11.0.0 build v11.0.0rc2 (linux64 - "Oracle Linux Server 9.6")

CPU model: AMD EPYC 7643 48-Core Processor, instruction set [SSE2|AVX|AVX2]
Thread count: 48 physical cores, 96 logical processors, using up to 1 threads

Optimize a model with 2243 rows, 724 columns and 5511 nonzeros
Model fingerprint: 0x7527687d
Variable types: 40 continuous, 684 integer (684 binary)
Coefficient statistics:
  Matrix range     [1e+00, 1e+02]
  Objective range  [1e+00, 1e+00]
  Bounds range     [1e+00, 1e+02]
  RHS range        [1e+00, 1e+02]
Presolve removed 1732 rows and 370 columns
Presolve time: 0.00s
Presolved: 511 rows, 354 columns, 1564 nonzeros
Variable types: 33 continuous, 321 integer (321 binary)
Found heuristic solution: objective 124.0000000
Found heuristic solution: objective 101.0000000

Root relaxation: objective 2.900000e+01, 210 iterations, 0.00 seconds (0.00 work units)

    Nodes    |    Current Node    |     Objective Bounds      |     Work
 Expl Unexpl |  Obj  Depth IntInf | Incumbent    BestBd   Gap | It/Node Time

     0     0   29.00000    0   37  101.00000   29.00000  71.3%     -    0s
H    0     0                      88.0000000   29.00000  67.0%     -    0s
     0     0   36.29122    0  127   88.00000   36.29122  58.8%     -    0s
H    0     0                      87.0000000   36.29539  58.3%     -    0s
     0     0   39.98507    0  109   87.00000   39.98507  54.0%     -    0s
     0     0   39.98507    0  107   87.00000   39.98507  54.0%     -    0s
     0     0   40.39561    0   79   87.00000   40.39561  53.6%     -    0s
H    0     0                      84.0000000   42.01036  50.0%     -    0s
     0     0   42.01036    0   71   84.00000   42.01036  50.0%     -    0s
     0     0   42.01036    0   70   84.00000   42.01036  50.0%     -    0s
     0     0   42.01036    0   85   84.00000   42.01036  50.0%     -    0s
H    0     0                      82.0000000   42.39515  48.3%     -    0s
     0     0   42.39515    0   59   82.00000   42.39515  48.3%     -    0s
     0     0   42.39515    0   70   82.00000   42.39515  48.3%     -    0s
     0     0   42.39515    0   67   82.00000   42.39515  48.3%     -    0s
     0     0   42.45096    0   67   82.00000   42.45096  48.2%     -    0s
     0     0   42.45096    0   99   82.00000   42.45096  48.2%     -    0s
     0     0   42.45096    0   99   82.00000   42.45096  48.2%     -    0s
     0     0   42.45096    0  106   82.00000   42.45096  48.2%     -    0s
     0     0   42.45096    0   41   82.00000   42.45096  48.2%     -    0s
     0     2   42.45096    0   36   82.00000   42.45096  48.2%     -    0s
H 1383   621                      82.0000000   51.90623  36.7%  20.0    1s
  6346  2833   79.00000   29   50   82.00000   66.00000  19.5%  19.6    5s
 11100  4736   71.00000   24   67   82.00000   66.00000  19.5%  19.4   10s
 17266  7108   67.00000   22   64   82.00000   66.00000  19.5%  20.0   15s
 23765  9689   81.00000   42   41   82.00000   66.01220  19.5%  20.5   20s
 30089 12108   67.00000   23   58   82.00000   66.01220  19.5%  21.2   25s
 36091 14197   81.00000   42   42   82.00000   66.01333  19.5%  21.8   30s
 41665 15983   81.00000   43   37   82.00000   66.01333  19.5%  22.1   35s
 48099 18319 infeasible   37        82.00000   66.01333  19.5%  22.2   40s
 53703 20041   66.01333   37   64   82.00000   66.01333  19.5%  22.4   45s
 59508 21940 infeasible   25        82.00000   66.01370  19.5%  22.3   50s
 64572 23705   73.00000   33   29   82.00000   66.01547  19.5%  22.4   55s
 70023 25599   73.00000   27   77   82.00000   66.01724  19.5%  22.5   60s
 75587 27589   71.10976   32   89   82.00000   66.01724  19.5%  22.5   65s
 80964 29332   79.00000   36   65   82.00000   66.01724  19.5%  22.5   70s
 86452 31108 infeasible   25        82.00000   66.02000  19.5%  22.5   75s
 91496 32606   80.00000   26   72   82.00000   66.03220  19.5%  22.6   80s
 96488 34049 infeasible   28        82.00000   66.08835  19.4%  22.7   85s
 100893 35385   71.00000   35   35   82.00000   66.36145  19.1%  22.9   90s
 106322 37176   81.00000   35   34   82.00000   67.00000  18.3%  22.9   95s
 111790 38826   69.00000   33   73   82.00000   67.00000  18.3%  23.0  100s
 116693 40221   80.00000   30   71   82.00000   67.00000  18.3%  23.1  105s
 122266 41895   67.00000   32   65   82.00000   67.00000  18.3%  23.2  110s
 127326 43459   68.00000   33   78   82.00000   67.00000  18.3%  23.2  115s
 132434 44936   74.01220   33   76   82.00000   67.00000  18.3%  23.2  120s
 138115 46578   67.00000   29   81   82.00000   67.00000  18.3%  23.2  125s
 143409 47914   81.00000   37   40   82.00000   67.00000  18.3%  23.2  130s
 148816 49385   72.00000   28   95   82.00000   67.00000  18.3%  23.3  135s
 154436 50851   67.00000   32   79   82.00000   67.00000  18.3%  23.3  140s
 159691 52203   69.00000   34   74   82.00000   67.00000  18.3%  23.3  145s
 164724 53339   81.00000   43   48   82.00000   67.00000  18.3%  23.5  150s
 170281 54819 infeasible   49        82.00000   67.00000  18.3%  23.6  155s
 175770 56321     cutoff   54        82.00000   67.00000  18.3%  23.6  160s
 181315 57560   80.00000   49   43   82.00000   67.00000  18.3%  23.6  165s
 186462 58499   67.00000   31   97   82.00000   67.00000  18.3%  23.7  170s
 191592 59678     cutoff   47        82.00000   67.00000  18.3%  23.8  175s
 197170 60808 infeasible   40        82.00000   67.00000  18.3%  23.8  180s
 202512 62108   69.00000   35   73   82.00000   67.00000  18.3%  23.8  185s
 208104 63431   67.51219   39   83   82.00000   67.00000  18.3%  23.8  190s
 213145 64509   81.00000   34   38   82.00000   67.00000  18.3%  23.9  195s
 218856 65679   67.00000   26   74   82.00000   67.00000  18.3%  23.9  200s
 224128 66984   69.00000   36   61   82.00000   67.00000  18.3%  24.0  205s
 229770 68472     cutoff   38        82.00000   67.00000  18.3%  24.0  210s
 235116 69796   75.22727   34   81   82.00000   67.00000  18.3%  24.0  215s
 240417 71232   67.00000   30   74   82.00000   67.00000  18.3%  24.1  220s
 246007 72644     cutoff   46        82.00000   67.00000  18.3%  24.1  225s
 251045 73962   81.00000   35   47   82.00000   67.00000  18.3%  24.2  230s
 256585 75269 infeasible   43        82.00000   67.00000  18.3%  24.2  235s
 261715 76269   68.00000   32   79   82.00000   67.00000  18.3%  24.2  240s
 267036 77457   67.00000   27   64   82.00000   67.00000  18.3%  24.2  245s
 272559 78684   80.00000   35   54   82.00000   67.00000  18.3%  24.2  250s
 277392 79770   70.00000   29   87   82.00000   67.00000  18.3%  24.3  255s
 282927 81034   80.00000   43   62   82.00000   67.00000  18.3%  24.3  260s
 288683 82562   74.00000   34   72   82.00000   67.00000  18.3%  24.3  265s
 294402 83963 infeasible   43        82.00000   67.00000  18.3%  24.3  270s
 299994 85258     cutoff   44        82.00000   67.00000  18.3%  24.3  275s
 305047 86308   81.00000   43   32   82.00000   67.00000  18.3%  24.3  280s
 310669 87444   67.00000   39   64   82.00000   67.00000  18.3%  24.3  285s
 316373 88573 infeasible   34        82.00000   67.00000  18.3%  24.3  290s
 321739 89790   67.00000   30   90   82.00000   67.00000  18.3%  24.3  295s
 326559 90755   67.00000   39   70   82.00000   67.00000  18.3%  24.4  300s
 331565 91795   68.00000   34   87   82.00000   67.00000  18.3%  24.4  305s
 337176 93265   81.00000   45   63   82.00000   67.00000  18.3%  24.4  310s
 342306 94677   67.00000   29   56   82.00000   67.00000  18.3%  24.5  315s
 347511 95726   81.00000   46   48   82.00000   67.00000  18.3%  24.5  320s
 353181 97093   69.00000   38   62   82.00000   67.00000  18.3%  24.5  325s
 358406 98079   81.00000   49   67   82.00000   67.00000  18.3%  24.5  330s
 362845 98904   69.00000   43  101   82.00000   67.00000  18.3%  24.5  335s
 367481 100075   75.00000   33   61   82.00000   67.00000  18.3%  24.5  340s
 371852 101248 infeasible   33        82.00000   67.00000  18.3%  24.5  345s
 375803 102211   81.00000   42   52   82.00000   67.00000  18.3%  24.6  350s
 379526 102935   67.00000   33   57   82.00000   67.00000  18.3%  24.6  355s
 383737 103870 infeasible   29        82.00000   67.00000  18.3%  24.6  360s
 389016 105211   81.00000   30   66   82.00000   67.00000  18.3%  24.6  365s
 393371 106261   81.00000   38   72   82.00000   67.00000  18.3%  24.6  370s
 397802 107232   81.00000   36   24   82.00000   67.00000  18.3%  24.6  375s
 402848 108394   67.00000   33   72   82.00000   67.00000  18.3%  24.6  380s
 407773 109681   67.00203   37   85   82.00000   67.00000  18.3%  24.6  385s
 411892 110505   71.00000   32   72   82.00000   67.00000  18.3%  24.7  390s
 415852 111316   67.01220   40   66   82.00000   67.00000  18.3%  24.7  395s
 419704 111937   76.00000   39   50   82.00000   67.00000  18.3%  24.7  400s
 424083 112912 infeasible   44        82.00000   67.00000  18.3%  24.7  405s
 427779 113498   72.80247   35   82   82.00000   67.00000  18.3%  24.7  410s
 432663 114537   73.00000   47   59   82.00000   67.00000  18.3%  24.7  415s
 436906 115547   81.00000   37   68   82.00000   67.00000  18.3%  24.7  420s
 441781 116690 infeasible   32        82.00000   67.00000  18.3%  24.7  425s
 446656 117749   70.00000   34   79   82.00000   67.00000  18.3%  24.7  430s
 451342 118880   80.00000   38   69   82.00000   67.00000  18.3%  24.7  435s
 456309 120256   80.00000   37   62   82.00000   67.00000  18.3%  24.7  440s
 460620 121377   80.00000   37   39   82.00000   67.00000  18.3%  24.7  445s
 465655 122779   73.00000   28   41   82.00000   67.00000  18.3%  24.7  450s
 469987 123839   81.00000   40   49   82.00000   67.00000  18.3%  24.7  455s
 473903 124662   67.00000   31   33   82.00000   67.00000  18.3%  24.8  460s
 477832 125277     cutoff   50        82.00000   67.00000  18.3%  24.8  465s
 482092 126259   81.00000   32   94   82.00000   67.00000  18.3%  24.8  470s
 486407 127182   80.00000   40   71   82.00000   67.00000  18.3%  24.9  475s
 490846 128200   68.43902   29   62   82.00000   67.00000  18.3%  24.9  480s
 495296 129313   67.00000   36   60   82.00000   67.00000  18.3%  24.9  485s
 499757 130281 infeasible   33        82.00000   67.00000  18.3%  24.9  490s
 504242 131410   80.00000   32   96   82.00000   67.00000  18.3%  24.9  495s
 509384 132574 infeasible   31        82.00000   67.00000  18.3%  24.9  500s
 514143 133714   81.00000   55   47   82.00000   67.00000  18.3%  24.9  505s
 518662 134704   80.00000   32   19   82.00000   67.00000  18.3%  24.9  510s
 523808 135905   80.00000   42   61   82.00000   67.00000  18.3%  24.8  515s
 528375 137120   67.00000   25   55   82.00000   67.00000  18.3%  24.8  520s
 533030 138326   67.00000   23   66   82.00000   67.00000  18.3%  24.9  525s
 536905 139193   81.00000   36   75   82.00000   67.00000  18.3%  24.9  530s
 541528 140334   69.00000   36   81   82.00000   67.00000  18.3%  24.9  535s
 546197 141534   67.00000   38   64   82.00000   67.00000  18.3%  24.9  540s
 550768 142829   67.00000   36   80   82.00000   67.00000  18.3%  24.9  545s
 555471 143997   81.00000   46   34   82.00000   67.00000  18.3%  24.9  550s
 559700 144818 infeasible   32        82.00000   67.00000  18.3%  24.9  555s
 564408 145754   69.00000   41   51   82.00000   67.00000  18.3%  24.9  560s
 568504 146703 infeasible   35        82.00000   67.00000  18.3%  24.9  565s
 572986 147526   81.00000   36   73   82.00000   67.00000  18.3%  24.9  570s
 577691 148753   80.40000   35   79   82.00000   67.00000  18.3%  24.9  575s
 582047 149642   80.00000   35   30   82.00000   67.00000  18.3%  24.9  580s
 585797 149971     cutoff   43        82.00000   67.00000  18.3%  24.9  585s
 590799 151135   81.00000   39   64   82.00000   67.00000  18.3%  24.9  590s
 595947 152324   73.00000   32   56   82.00000   67.00000  18.3%  24.9  595s
 601753 153831 infeasible   36        82.00000   67.00000  18.3%  24.8  600s
 606113 154814   81.00000   38   69   82.00000   67.00000  18.3%  24.8  605s
 611250 156261 infeasible   38        82.00000   67.00000  18.3%  24.8  610s
 615559 157032   76.00000   31   70   82.00000   67.00000  18.3%  24.8  615s
 620082 158111   80.00000   38   43   82.00000   67.00000  18.3%  24.8  620s
 625072 159187   81.00000   33   66   82.00000   67.00000  18.3%  24.8  625s
 629731 160397   81.00000   38   36   82.00000   67.00000  18.3%  24.8  630s
 634388 161651 infeasible   41        82.00000   67.00000  18.3%  24.8  635s
 639368 163027   67.00000   28   92   82.00000   67.00000  18.3%  24.8  640s
 644093 164368   80.00000   38   64   82.00000   67.00000  18.3%  24.7  645s
 648931 165523   69.00000   43   87   82.00000   67.00000  18.3%  24.7  650s
 653450 166659 infeasible   29        82.00000   67.00000  18.3%  24.7  655s
 657968 167889   67.00000   31   89   82.00000   67.00000  18.3%  24.8  660s
 662442 168998   68.00000   38   87   82.00000   67.00000  18.3%  24.8  665s
 666510 170107   81.00000   39   75   82.00000   67.00000  18.3%  24.8  670s
 671277 171508   68.00000   37   60   82.00000   67.00000  18.3%  24.8  675s
 675891 172623   67.00000   30   87   82.00000   67.00000  18.3%  24.8  680s
 679794 173406   74.43902   37   67   82.00000   67.00000  18.3%  24.8  685s
 683551 174337   81.00000   48   16   82.00000   67.00000  18.3%  24.8  690s
 687885 175374 infeasible   39        82.00000   67.00000  18.3%  24.9  695s
 692647 176401 infeasible   37        82.00000   67.00000  18.3%  24.8  700s
 697392 177466   69.00000   41   81   82.00000   67.00000  18.3%  24.8  705s
*701000 178077              63      81.9999997   67.00000  18.3%  24.9  709s
 701185 178127   81.00000   43   52   82.00000   67.00000  18.3%  24.9  710s
 705821 179339   73.00000   34   66   82.00000   67.00000  18.3%  24.9  715s
 709610 180318   81.00000   40   51   82.00000   67.00000  18.3%  24.9  720s
 713793 181343   80.00000   33   68   82.00000   67.00000  18.3%  24.9  725s
 718331 182467   67.00000   42   97   82.00000   67.00000  18.3%  24.9  730s
 723539 183833   67.00000   21   77   82.00000   67.00000  18.3%  24.9  735s
 728527 185210   69.00000   35   72   82.00000   67.00000  18.3%  24.9  740s
 733308 186539   81.00000   42   51   82.00000   67.00000  18.3%  24.9  745s
 737976 187862   80.07143   41   75   82.00000   67.00000  18.3%  24.9  750s
 741793 188775   67.00000   32   70   82.00000   67.00000  18.3%  25.0  755s
 745755 189407   67.00000   33   85   82.00000   67.00000  18.3%  25.0  760s
 750086 190452   81.00000   46   40   82.00000   67.00000  18.3%  25.0  765s
 754021 191448   67.00000   30   16   82.00000   67.00000  18.3%  25.0  770s
 758633 192408 infeasible   42        82.00000   67.00000  18.3%  25.0  775s
 762969 193382   80.00000   28   42   82.00000   67.00000  18.3%  25.0  780s
 767198 194346   81.00000   42   53   82.00000   67.00000  18.3%  25.1  785s
 771416 195257   80.23529   43   84   82.00000   67.00000  18.3%  25.1  790s
 776202 196348   75.00000   35   63   82.00000   67.00000  18.3%  25.1  795s
 780731 197430     cutoff   49        82.00000   67.00000  18.3%  25.1  800s
 784888 198479   68.00000   29   81   82.00000   67.00000  18.3%  25.1  805s
 789170 199298     cutoff   54        82.00000   67.00000  18.3%  25.1  810s
 793866 200524   81.00000   43   39   82.00000   67.00000  18.3%  25.1  815s
 798831 201666   81.00000   39   72   82.00000   67.00000  18.3%  25.1  820s
 803347 202801     cutoff   45        82.00000   67.00000  18.3%  25.1  825s
 807450 203547   81.00000   42   59   82.00000   67.00000  18.3%  25.1  830s
 812184 204618   81.00000   47   58   82.00000   67.00000  18.3%  25.1  835s
 816202 205260 infeasible   31        82.00000   67.00000  18.3%  25.1  840s
 820429 206236   69.17209   48   48   82.00000   67.00000  18.3%  25.1  845s
 824892 206989   81.00000   45   34   82.00000   67.00000  18.3%  25.1  850s
 829110 207699   67.00000   42   73   82.00000   67.00000  18.3%  25.2  855s
 833298 208650   67.00000   37   44   82.00000   67.00000  18.3%  25.2  860s
 837708 209727   81.00000   45   54   82.00000   67.00000  18.3%  25.2  865s
 841982 210629   80.00000   36   86   82.00000   67.00000  18.3%  25.2  870s
 846403 211561   81.00000   43   38   82.00000   67.00000  18.3%  25.2  875s
 850831 212508   81.00000   32   63   82.00000   67.00000  18.3%  25.2  880s
 855566 213720 infeasible   35        82.00000   67.00000  18.3%  25.2  885s
 860218 214846   81.00000   41   24   82.00000   67.00000  18.3%  25.2  890s
 865411 216207 infeasible   35        82.00000   67.00000  18.3%  25.2  895s
 869631 217146   80.00000   50   49   82.00000   67.00000  18.3%  25.2  900s
 873996 218120   81.00000   44   41   82.00000   67.00000  18.3%  25.2  905s
 877826 218726   81.00000   38   45   82.00000   67.00000  18.3%  25.2  910s
 882313 219700   81.00000   37   32   82.00000   67.00000  18.3%  25.3  915s
 886844 220730 infeasible   43        82.00000   67.00000  18.3%  25.3  920s
 892175 221931   80.00000   40   48   82.00000   67.00000  18.3%  25.2  925s
 896323 222886   67.00000   39   63   82.00000   67.00000  18.3%  25.3  930s
 899888 223563     cutoff   48        82.00000   67.00000  18.3%  25.3  935s
 904185 224452   72.00000   34   86   82.00000   67.00000  18.3%  25.3  940s
 908542 225427   81.00000   37   16   82.00000   67.00000  18.3%  25.3  945s
 913215 226432   74.00000   33   64   82.00000   67.00000  18.3%  25.3  950s
 917811 227462 infeasible   45        82.00000   67.00208  18.3%  25.3  955s
 922761 228423   81.00000   51   29   82.00000   67.03659  18.2%  25.3  960s
 927572 229131   67.17073   37   80   82.00000   67.17073  18.1%  25.3  965s
 932905 230129   73.00000   41   81   82.00000   67.34146  17.9%  25.3  970s
 937892 231186   81.00000   51   45   82.00000   67.94737  17.1%  25.3  975s
 942606 231612     cutoff   36        82.00000   68.00000  17.1%  25.3  980s
 947419 232278   73.00000   36   60   82.00000   68.00000  17.1%  25.4  985s
 952150 232868   80.00000   36   48   82.00000   68.00000  17.1%  25.4  990s
 957555 233806   68.00000   34   64   82.00000   68.00000  17.1%  25.4  995s
 962632 234678   71.00000   40   85   82.00000   68.00000  17.1%  25.4 1000s
 968257 235726 infeasible   55        82.00000   68.00000  17.1%  25.4 1005s
 974125 236977   72.00000   36   84   82.00000   68.00000  17.1%  25.4 1010s
 979553 237971   81.00000   55   32   82.00000   68.00000  17.1%  25.3 1015s
 984891 239059 infeasible   38        82.00000   68.00000  17.1%  25.3 1020s
 989790 239779   81.00000   35   54   82.00000   68.00000  17.1%  25.3 1025s
 995297 240831   81.00000   38   35   82.00000   68.00000  17.1%  25.3 1030s
 1000567 241502 infeasible   42        82.00000   68.00000  17.1%  25.3 1035s
 1005941 242336   81.00000   54   35   82.00000   68.00000  17.1%  25.3 1040s
 1011375 243315 infeasible   37        82.00000   68.00000  17.1%  25.3 1045s
 1017000 244280   70.00000   42   76   82.00000   68.00000  17.1%  25.3 1050s
 1022392 245266 infeasible   36        82.00000   68.00000  17.1%  25.3 1055s
 1027802 246151 infeasible   42        82.00000   68.00000  17.1%  25.3 1060s
 1032695 246944   68.00000   38   82   82.00000   68.00000  17.1%  25.3 1065s
 1038108 247880   70.31034   42   96   82.00000   68.00000  17.1%  25.3 1070s
 1043800 248936   68.00000   32   68   82.00000   68.00000  17.1%  25.3 1075s
H1047636 249459                      81.9999995   68.00000  17.1%  25.3 1078s
 1048411 249608   72.00000   39   73   82.00000   68.00000  17.1%  25.3 1080s
 1053933 250558 infeasible   44        82.00000   68.00000  17.1%  25.3 1085s
 1059325 251635 infeasible   43        82.00000   68.00000  17.1%  25.3 1090s
 1065001 252669   71.27439   45   89   82.00000   68.02647  17.0%  25.3 1095s
 1070448 253654   81.00000   47   29   82.00000   68.64210  16.3%  25.3 1100s
 1075886 254546   72.84058   32   90   82.00000   69.00000  15.9%  25.3 1105s
 1080867 254935   70.00000   34   87   82.00000   69.00000  15.9%  25.3 1110s
 1085894 255444   79.00000   37   45   82.00000   69.00000  15.9%  25.3 1115s
 1090921 256132   81.00000   48   53   82.00000   69.00000  15.9%  25.3 1120s
 1095885 256982 infeasible   43        82.00000   69.00000  15.9%  25.3 1125s
 1101674 258333   81.00000   37   52   82.00000   69.00000  15.9%  25.3 1130s
 1106883 259387   80.00000   45   78   82.00000   69.00000  15.9%  25.3 1135s
 1112746 260646     cutoff   47        82.00000   69.00000  15.9%  25.3 1140s
 1118604 261945 infeasible   48        82.00000   69.00000  15.9%  25.3 1145s
 1123720 262982   81.00000   32   50   82.00000   69.00000  15.9%  25.3 1150s
 1129695 264369   81.00000   55   59   82.00000   69.00000  15.9%  25.2 1155s
 1135742 265813   80.00000   43   78   82.00000   69.00000  15.9%  25.2 1160s
 1141328 266812 infeasible   39        82.00000   69.00000  15.9%  25.2 1165s
 1146209 267686   80.00000   42   75   82.00000   69.00000  15.9%  25.2 1170s
 1151547 268642 infeasible   41        82.00000   69.00000  15.9%  25.2 1175s
 1157159 269730   69.00000   40   50   82.00000   69.00000  15.9%  25.2 1180s
 1162662 270993   80.00000   40   69   82.00000   69.00000  15.9%  25.2 1185s
 1168088 272116   69.00000   35   79   82.00000   69.00000  15.9%  25.2 1190s
 1173626 273121   69.81818   28   92   82.00000   69.00000  15.9%  25.2 1195s
 1179016 274281   74.00000   41   46   82.00000   69.00000  15.9%  25.2 1200s
 1184461 275281   79.00000   40   54   82.00000   69.00000  15.9%  25.2 1205s
 1189935 276283   80.00000   37   54   82.00000   69.00000  15.9%  25.2 1210s
 1195448 277388 infeasible   43        82.00000   69.00000  15.9%  25.2 1215s
 1200960 278181   81.00000   46   36   82.00000   69.00000  15.9%  25.2 1220s
 1206283 279065   69.00000   46   60   82.00000   69.00000  15.9%  25.2 1225s
 1211512 280030 infeasible   36        82.00000   69.00000  15.9%  25.2 1230s
 1217059 280925   81.00000   36   75   82.00000   69.00000  15.9%  25.2 1235s
 1223076 282120   81.00000   50   60   82.00000   69.00000  15.9%  25.1 1240s
 1228341 283180   71.00000   46   75   82.00000   69.00000  15.9%  25.1 1245s
 1233742 284379   81.00000   54   21   82.00000   69.00000  15.9%  25.1 1250s
 1239338 285491   69.00000   32   61   82.00000   69.00000  15.9%  25.1 1255s
 1244530 286441   69.00000   33   83   82.00000   69.00000  15.9%  25.1 1260s
 1250297 287689   81.00000   43   29   82.00000   69.00000  15.9%  25.1 1265s
 1254975 288195   69.00000   38   67   82.00000   69.00000  15.9%  25.1 1270s
 1260065 289114   69.02381   37   90   82.00000   69.01220  15.8%  25.1 1275s
 1265576 290281   80.02564   46   68   82.00000   69.02564  15.8%  25.1 1280s
 1271362 291447 infeasible   49        82.00000   69.25000  15.5%  25.1 1285s
 1276437 292652   70.03333   43   97   82.00000   69.30488  15.5%  25.1 1290s
 1282117 293780   70.00000   34   64   82.00000   70.00000  14.6%  25.1 1295s
 1287584 294630   81.00000   42   36   82.00000   70.00000  14.6%  25.1 1300s
 1293039 295829   71.00000   30   55   82.00000   70.00000  14.6%  25.1 1305s
 1298677 296841   81.02439   42   52   82.00000   70.00000  14.6%  25.1 1310s
 1305036 298121   81.00000   40   62   82.00000   70.00000  14.6%  25.1 1315s
 1311399 299502   81.00000   45   76   82.00000   70.00000  14.6%  25.1 1320s
 1317118 300541   71.00000   42   69   82.00000   70.00000  14.6%  25.1 1325s
 1322050 301533 infeasible   40        82.00000   70.00000  14.6%  25.1 1330s
 1328151 302713   81.00000   46   62   82.00000   70.00000  14.6%  25.1 1335s
 1334514 303906   81.00000   48   43   82.00000   70.00000  14.6%  25.1 1340s
 1340791 305079   70.00000   40   66   82.00000   70.00000  14.6%  25.0 1345s
 1347260 306477     cutoff   27        82.00000   70.00000  14.6%  25.0 1350s
 1352899 307690   81.00000   58   48   82.00000   70.00000  14.6%  25.0 1355s
 1358743 308855   81.00000   40   48   82.00000   70.00000  14.6%  25.0 1360s
 1364634 309997 infeasible   51        82.00000   70.00000  14.6%  25.0 1365s
 1369777 310966   70.00000   36   87   82.00000   70.00000  14.6%  25.0 1370s
 1375596 312030     cutoff   39        82.00000   70.00000  14.6%  25.0 1375s
 1381006 312930   70.00000   35   74   82.00000   70.00000  14.6%  25.0 1380s
 1386801 313867   81.00000   32   42   82.00000   70.00000  14.6%  25.0 1385s
 1392809 315219   80.00000   40   78   82.00000   70.00000  14.6%  25.0 1390s
 1398914 316354   81.00000   46   61   82.00000   70.00000  14.6%  25.0 1395s
 1403861 317086   81.00000   38   81   82.00000   70.00000  14.6%  25.0 1400s
 1409637 318013 infeasible   47        82.00000   70.00000  14.6%  25.0 1405s
 1415054 318944   81.00000   49   24   82.00000   70.00000  14.6%  25.0 1410s
 1420972 320044   80.00000   46   77   82.00000   70.00000  14.6%  25.0 1415s
 1426534 320995   81.00000   44   86   82.00000   70.00000  14.6%  24.9 1420s
 1432138 321901   70.00000   39   80   82.00000   70.00000  14.6%  24.9 1425s
 1436258 322408   81.00000   38   74   82.00000   70.00000  14.6%  25.0 1430s
 1441527 323031   75.00000   34   59   82.00000   70.00000  14.6%  25.0 1435s
 1447383 324140   75.00000   44   39   82.00000   70.30488  14.3%  25.0 1440s
 1452443 325108   81.00000   38   45   82.00000   71.00000  13.4%  25.0 1445s
 1457769 325771   81.00000   41   16   82.00000   71.00000  13.4%  25.0 1450s
 1462975 326471   80.00000   36   65   82.00000   71.00000  13.4%  25.0 1455s
 1468875 327706   73.00000   27   75   82.00000   71.00000  13.4%  25.0 1460s
 1474196 328769   80.00000   41   52   82.00000   71.00000  13.4%  25.0 1465s
 1480097 330174   81.00000   53   51   82.00000   71.00000  13.4%  24.9 1470s
 1485910 331538   71.00000   33   84   82.00000   71.00000  13.4%  24.9 1475s
 1491811 332724   81.00000   55   57   82.00000   71.00000  13.4%  24.9 1480s
 1497895 334009   72.88235   37   70   82.00000   71.00000  13.4%  24.9 1485s
 1503676 335225   81.00000   36   57   82.00000   71.00000  13.4%  24.9 1490s
 1509762 336483     cutoff   47        82.00000   71.00000  13.4%  24.9 1495s
 1515328 337662     cutoff   50        82.00000   71.00000  13.4%  24.9 1500s
 1521233 338671     cutoff   51        82.00000   71.00000  13.4%  24.9 1505s
 1526884 339674 infeasible   46        82.00000   71.00000  13.4%  24.9 1510s
 1531863 340742   80.00000   49   60   82.00000   71.00000  13.4%  24.9 1515s
 1537724 341692   81.00000   39   62   82.00000   71.00000  13.4%  24.9 1520s
 1543638 343018   81.00000   53   22   82.00000   71.00000  13.4%  24.9 1525s
 1549493 344169   81.00000   42   71   82.00000   71.00000  13.4%  24.9 1530s
 1554732 345069   81.00000   40   36   82.00000   71.00000  13.4%  24.9 1535s
 1560687 346177   80.00000   38   80   82.00000   71.00000  13.4%  24.8 1540s
 1566291 347162 infeasible   48        82.00000   71.00000  13.4%  24.8 1545s
 1571543 348134   80.04878   57   67   82.00000   71.00000  13.4%  24.8 1550s
 1577260 349223   80.00000   35   77   82.00000   71.00000  13.4%  24.8 1555s
 1582872 350215   80.00000   43   64   82.00000   71.00000  13.4%  24.8 1560s
 1588016 351096   81.00000   54   44   82.00000   71.00000  13.4%  24.8 1565s
 1593526 352167   80.00000   41   74   82.00000   71.00000  13.4%  24.8 1570s
 1598957 353246   80.00000   46   53   82.00000   71.10976  13.3%  24.8 1575s
 1604391 354277   81.00000   38   72   82.00000   71.78049  12.5%  24.8 1580s
 1610444 355334   80.00000   39   90   82.00000   72.00000  12.2%  24.8 1585s
 1615734 356208   81.00000   50    9   82.00000   72.00000  12.2%  24.8 1590s
 1621525 357313   81.00000   48   82   82.00000   72.00000  12.2%  24.8 1595s
 1627405 358455   81.00000   49   86   82.00000   72.00000  12.2%  24.8 1600s
 1633427 359569 infeasible   41        82.00000   72.00000  12.2%  24.8 1605s
 1638489 360530   80.00000   30   97   82.00000   72.00000  12.2%  24.8 1610s
 1644466 361825 infeasible   34        82.00000   72.00000  12.2%  24.8 1615s
 1650231 362970   81.00000   33   71   82.00000   72.00000  12.2%  24.8 1620s
 1656234 364107   81.00000   46   38   82.00000   72.00000  12.2%  24.8 1625s
 1661999 365235   81.00000   41   19   82.00000   72.00000  12.2%  24.8 1630s
 1667881 366394   80.01220   45   75   82.00000   72.00000  12.2%  24.8 1635s
 1673836 367472   81.00000   31   70   82.00000   72.00000  12.2%  24.8 1640s
 1679008 368442   73.00000   38   59   82.00000   72.00000  12.2%  24.7 1645s
 1684895 369637   72.00000   27   80   82.00000   72.00000  12.2%  24.7 1650s
 1690449 370694 infeasible   36        82.00000   72.00000  12.2%  24.7 1655s
 1696825 372085   81.00000   43   51   82.00000   72.00000  12.2%  24.7 1660s
 1702425 373052   72.00000   46   75   82.00000   72.00000  12.2%  24.7 1665s
 1707714 373978   81.00000   46   66   82.00000   72.00000  12.2%  24.7 1670s
H1709035 374274                      81.9999992   72.00000  12.2%  24.7 1671s
 1712457 374836   81.00000   43   73   82.00000   72.00000  12.2%  24.7 1675s
 1718501 376074   81.00000   40   76   82.00000   72.00000  12.2%  24.7 1680s
 1724286 376990   81.00000   45   42   82.00000   72.00000  12.2%  24.7 1685s
 1730194 378171 infeasible   48        82.00000   72.00000  12.2%  24.7 1690s
 1735957 379134   81.00000   42   73   82.00000   72.00000  12.2%  24.7 1695s
 1741326 379907 infeasible   45        82.00000   72.00000  12.2%  24.7 1700s
 1746972 380897   80.00000   26   62   82.00000   72.00000  12.2%  24.7 1705s
 1752111 381835   79.00000   46   61   82.00000   72.00000  12.2%  24.7 1710s
 1757926 382848   81.00000   40   77   82.00000   72.00000  12.2%  24.7 1715s
 1763638 383899   80.00000   34   73   82.00000   72.00000  12.2%  24.7 1720s
 1768930 384887     cutoff   42        82.00000   72.00000  12.2%  24.7 1725s
 1774653 385848   74.00000   36   67   82.00000   72.00000  12.2%  24.7 1730s
 1780146 386674   80.00000   41   75   82.00000   72.20895  11.9%  24.7 1735s
 1785339 387516 infeasible   41        82.00000   73.00000  11.0%  24.7 1740s
 1790604 388071   81.00000   35   65   82.00000   73.00000  11.0%  24.7 1745s
 1796469 388976   81.00000   45   65   82.00000   73.00000  11.0%  24.7 1750s
 1802031 389770   80.00000   49   40   82.00000   73.00000  11.0%  24.7 1755s
 1807376 390764   81.00000   47   64   82.00000   73.00000  11.0%  24.7 1760s
 1813251 391896   81.00000   37   67   82.00000   73.00000  11.0%  24.7 1765s
 1819235 392966   80.00000   43   87   82.00000   73.00000  11.0%  24.7 1770s
 1824510 393942   81.00000   39   25   82.00000   73.00000  11.0%  24.7 1775s
 1830199 394960   80.00000   32   57   82.00000   73.00000  11.0%  24.7 1780s
 1835989 396022   81.00000   41   67   82.00000   73.00000  11.0%  24.7 1785s
 1842043 397119   80.00000   33   77   82.00000   73.00000  11.0%  24.6 1790s
 1848048 398254   81.00000   39   44   82.00000   73.00000  11.0%  24.6 1795s

Cutting planes:
  Learned: 2
  Gomory: 66
  Cover: 240
  Implied bound: 173
  Clique: 25
  MIR: 106
  StrongCG: 1
  Flow cover: 204
  Inf proof: 97
  RLT: 21
  Relax-and-lift: 24
  PSD: 1

Explored 1853313 nodes (45662985 simplex iterations) in 1800.00 seconds (1788.66 work units)
Thread count was 1 (of 96 available processors)

Solution count 10: 82 82 82 ... 124

Time limit reached
Best objective 8.199999920383e+01, best bound 7.300000000000e+01, gap 10.9756%
WARNING: Loading a SolverResults object with an 'aborted' status, but
    containing a solution

Instance 19_4, formulation altered, reform bigm:
  Rect 0: x = 81.00, y = 13.00
  Rect 1: x = 64.00, y = 14.00
  Rect 2: x = 23.00, y = 12.00
  Rect 3: x = 50.00, y = 14.00
  Rect 4: x = 33.00, y = 14.00
  Rect 5: x = 50.00, y = 10.00
  Rect 6: x = 42.00, y = 12.00
  Rect 7: x = 42.00, y = 3.00
  Rect 8: x = 23.00, y = 9.00
  Rect 9: x = 23.00, y = 14.00
  Rect 10: x = 55.00, y = 12.00
  Rect 11: x = 53.00, y = 10.00
  Rect 12: x = 36.00, y = 13.00
  Rect 13: x = 0.00, y = 14.00
  Rect 14: x = 57.00, y = 13.00
  Rect 15: x = 8.00, y = 14.00
  Rect 16: x = 45.00, y = 14.00
  Rect 17: x = 72.00, y = 12.00
  Rect 18: x = 51.00, y = 9.00
  → saved figures to strip_figures/19_4_altered_bigm.png and strip_figures/19_4_altered_bigm.pdf
Set parameter TokenServer to value "mooring.ecn.purdue.edu"
Read LP format model from file /tmp/tmpf46471vj.pyomo.lp
Reading time = 0.01 seconds
x3460: 7031 rows, 3460 columns, 18399 nonzeros
Set parameter TimeLimit to value 1800
Set parameter Threads to value 1
Gurobi Optimizer version 11.0.0 build v11.0.0rc2 (linux64 - "Oracle Linux Server 9.6")

CPU model: AMD EPYC 7643 48-Core Processor, instruction set [SSE2|AVX|AVX2]
Thread count: 48 physical cores, 96 logical processors, using up to 1 threads

Optimize a model with 7031 rows, 3460 columns and 18399 nonzeros
Model fingerprint: 0x92da5bfa
Variable types: 2776 continuous, 684 integer (684 binary)
Coefficient statistics:
  Matrix range     [1e+00, 1e+02]
  Objective range  [1e+00, 1e+00]
  Bounds range     [1e+00, 1e+02]
  RHS range        [1e+00, 2e+01]
Presolve removed 3588 rows and 1797 columns
Presolve time: 0.03s
Presolved: 3443 rows, 1663 columns, 9124 nonzeros
Variable types: 1342 continuous, 321 integer (321 binary)
Found heuristic solution: objective 124.0000000

Root relaxation: objective 2.900000e+01, 681 iterations, 0.01 seconds (0.01 work units)

    Nodes    |    Current Node    |     Objective Bounds      |     Work
 Expl Unexpl |  Obj  Depth IntInf | Incumbent    BestBd   Gap | It/Node Time

     0     0   29.00000    0   57  124.00000   29.00000  76.6%     -    0s
H    0     0                     107.0000000   29.00000  72.9%     -    0s
     0     0   29.00000    0   88  107.00000   29.00000  72.9%     -    0s
     0     0   29.00000    0   78  107.00000   29.00000  72.9%     -    0s
     0     0   29.00000    0   74  107.00000   29.00000  72.9%     -    0s
     0     0   29.00000    0   80  107.00000   29.00000  72.9%     -    0s
     0     0   29.00000    0   88  107.00000   29.00000  72.9%     -    0s
     0     0   29.00000    0   97  107.00000   29.00000  72.9%     -    0s
     0     0   29.00000    0   95  107.00000   29.00000  72.9%     -    0s
     0     0   29.00000    0   95  107.00000   29.00000  72.9%     -    0s
     0     2   29.00000    0   83  107.00000   29.00000  72.9%     -    0s
*  192   144             140      97.0000000   29.00000  70.1%  31.2    1s
H  352   274                      92.0000000   29.00000  68.5%  32.2    1s
H  494   385                      92.0000000   29.00000  68.5%  35.5    1s
H  546   427                      90.0000000   29.00000  67.8%  34.3    2s
   600   463   50.00000   19   72   90.00000   31.66970  64.8%  34.5    5s
H  607   444                      87.0000000   35.25000  59.5%  34.1    5s
   642   467   61.00000   59   53   87.00000   37.36862  57.0%  32.3   10s
H  661   454                      86.0000000   37.70577  56.2%  31.3   12s
   688   473   58.00000   32   80   86.00000   37.72930  56.1%   249   15s
   865   584   79.00000   98   45   86.00000   37.76368  56.1%   280   20s
H 1400   827                      86.0000000   38.00000  55.8%   198   23s
  1689   919   83.06250   82   41   86.00000   38.00000  55.8%   172   25s
H 2789  1495                      85.0000000   38.00000  55.3%   125   30s
H 2797  1488                      85.0000000   38.00000  55.3%   125   30s
H 3347  1837                      84.0000000   38.00000  54.8%   114   32s
* 3504  1864              91      82.0000000   38.00000  53.7%   110   32s
  4441  2380   48.00000   49   63   82.00000   41.00000  50.0%  97.8   35s
  6412  3440 infeasible   69        82.00000   44.00000  46.3%  83.1   40s
  8571  4661   81.00000   82   13   82.00000   44.00000  46.3%  74.7   45s
 10202  5585   81.00000   85    3   82.00000   44.00000  46.3%  72.0   55s
 12006  6614   73.00000   66   35   82.00000   44.00000  46.3%  68.6   60s
 14307  7882   58.00000   52   55   82.00000   45.00000  45.1%  65.4   65s
 15989  8737   71.00000   57   60   82.00000   45.00000  45.1%  64.1   70s
 17755  9615   56.00000   60   52   82.00000   45.00000  45.1%  63.4   75s
 20152 10886   80.00000   69   40   82.00000   46.00000  43.9%  61.2   80s
 22518 12181   46.08025   51   80   82.00000   46.00000  43.9%  59.6   85s
 24735 13262   72.00000   50   69   82.00000   46.00000  43.9%  58.8   90s
 26886 14256 infeasible   55        82.00000   46.00000  43.9%  58.1   95s
 29281 15396   80.00000   57   38   82.00000   47.00000  42.7%  56.9  100s
 31708 16513   73.00000   57   67   82.00000   47.00000  42.7%  55.9  105s
 34163 17648 infeasible   59        82.00000   48.00000  41.5%  54.9  110s
 36634 18716   73.00000   59   57   82.00000   48.00000  41.5%  54.0  115s
 39052 19781   50.00000   52   46   82.00000   49.00000  40.2%  53.3  120s
 41424 20789 infeasible   75        82.00000   49.00000  40.2%  52.8  125s
 43465 21587   63.00000   60   51   82.00000   49.00000  40.2%  52.4  130s
 45494 22517   80.00000   75   35   82.00000   49.00000  40.2%  52.3  135s
 47859 23544   73.00000   63   54   82.00000   49.02988  40.2%  51.9  140s
 50438 24660   52.00000   49   39   82.00000   50.00000  39.0%  51.3  145s
 53015 25853   80.00000   65   46   82.00000   50.00000  39.0%  50.8  150s
 55294 26801   66.00000   53   56   82.00000   50.00000  39.0%  50.6  155s
 57481 27730   58.00000   49   35   82.00000   50.00000  39.0%  50.3  160s
H59582 28583                      82.0000000   51.00000  37.8%  49.8  164s
 59610 28587   51.00000   57   55   82.00000   51.00000  37.8%  49.9  165s
 61690 29640   81.00000   90   29   82.00000   51.00000  37.8%  49.5  170s
 63701 30547   65.00000   59   54   82.00000   51.00000  37.8%  49.4  175s
 66266 31788   62.00000   51   48   82.00000   51.00000  37.8%  49.2  180s
 68567 32886   80.00000   62   56   82.00000   51.00000  37.8%  49.2  185s
 70897 33980   64.00000   59   54   82.00000   51.00000  37.8%  49.2  190s
 73140 34909 infeasible   63        82.00000   51.00000  37.8%  49.2  195s
 75080 35628   51.00000   52   60   82.00000   51.00000  37.8%  49.3  200s
 77042 36648   81.00000   60   49   82.00000   51.00000  37.8%  49.4  205s
 79531 37898 infeasible   59        82.00000   51.00000  37.8%  49.3  210s
 82149 39217   69.00000   66   45   82.00000   52.00000  36.6%  49.0  215s
 84593 40247   62.00000   56   77   82.00000   52.00000  36.6%  48.8  220s
 87434 41732     cutoff   69        82.00000   52.00000  36.6%  48.6  225s
 89872 42934   71.00000   50   42   82.00000   52.00000  36.6%  48.5  230s
 92272 44071   81.00000   72   18   82.00000   52.00000  36.6%  48.4  235s
 94734 45156   80.00000   61   73   82.00000   52.00000  36.6%  48.2  240s
 96722 45985   74.00000   52   33   82.00000   52.00000  36.6%  48.1  245s
 99015 46953   64.00000   63   74   82.00000   52.00000  36.6%  48.1  250s
 101372 48082   80.00000   67   41   82.00000   52.00000  36.6%  48.1  255s
 103551 48902   59.00000   52   41   82.00000   52.00000  36.6%  48.1  260s
 106045 49957 infeasible   71        82.00000   52.00000  36.6%  47.9  265s
 108152 50825   66.00000   59   46   82.00000   52.00000  36.6%  47.9  270s
 109685 51569 infeasible   60        82.00000   52.00000  36.6%  48.0  275s
 112032 52727 infeasible   71        82.00000   52.00000  36.6%  47.9  280s
 114425 53838   52.00000   56   62   82.00000   52.00000  36.6%  47.8  285s
 116896 55087 infeasible   46        82.00000   52.00000  36.6%  47.8  290s
 118695 56002 infeasible   69        82.00000   52.00000  36.6%  47.8  295s
 121062 57076 infeasible   61        82.00000   53.00000  35.4%  47.7  300s
 123247 57774 infeasible   58        82.00000   53.00000  35.4%  47.6  305s
 125752 58803   81.00000   76   25   82.00000   53.00000  35.4%  47.5  310s
 127912 59552   81.00000   69   34   82.00000   53.00000  35.4%  47.4  315s
 130594 60804   71.00000   64   67   82.00000   53.00000  35.4%  47.3  320s
 133170 61875   66.00000   60   66   82.00000   53.00000  35.4%  47.2  325s
 135441 62878   66.00000   58   61   82.00000   53.00000  35.4%  47.0  330s
 137668 63905   68.00000   57   42   82.00000   53.00000  35.4%  47.1  335s
 139712 64803   73.00000   63   54   82.00000   53.00000  35.4%  47.1  340s
 142174 65947   67.92308   55   43   82.00000   53.00000  35.4%  47.0  345s
 144197 66764 infeasible   61        82.00000   53.00000  35.4%  46.9  350s
 146482 67782   73.00000   55   67   82.00000   53.00000  35.4%  46.9  355s
 148729 68740   67.00000   60   72   82.00000   53.00000  35.4%  46.9  360s
 150982 69621 infeasible   54        82.00000   53.00000  35.4%  46.8  365s
 153366 70733   61.00000   52   68   82.00000   53.00000  35.4%  46.7  370s
 155492 71638   60.00000   54   66   82.00000   53.00000  35.4%  46.8  375s
 157743 72604   67.00000   57   65   82.00000   53.00000  35.4%  46.7  380s
 159989 73480 infeasible   77        82.00000   53.00000  35.4%  46.7  385s
 162093 74393   81.00000   71   54   82.00000   53.00000  35.4%  46.7  390s
 164668 75563   61.00000   52   51   82.00000   53.00000  35.4%  46.6  395s
 167113 76487   80.00000   75   53   82.00000   54.00000  34.1%  46.5  400s
 169500 77451   62.00000   62   53   82.00000   54.00000  34.1%  46.4  405s
 171319 78109   81.00000   82   29   82.00000   54.00000  34.1%  46.4  410s
 173574 78946   66.00000   62   76   82.00000   54.00000  34.1%  46.4  415s
 176256 80238   81.00000   69   19   82.00000   54.00000  34.1%  46.3  420s
 178778 81393   69.00000   52   31   82.00000   54.00000  34.1%  46.1  425s
 181081 82420   69.00000   67   53   82.00000   54.00000  34.1%  46.1  430s
 183635 83577   68.00000   59   58   82.00000   54.00000  34.1%  46.1  435s
 185831 84441   63.00000   51   43   82.00000   54.00000  34.1%  46.1  440s
 188005 85272 infeasible   63        82.00000   54.00000  34.1%  46.0  445s
 189903 85815   61.00000   63   54   82.00000   54.00000  34.1%  46.1  450s
 191632 86531   71.00000   61   59   82.00000   54.00000  34.1%  46.1  455s
 194056 87563   80.00000   81   38   82.00000   54.00000  34.1%  46.1  460s
 196699 88779   68.00000   66   47   82.00000   54.00000  34.1%  45.9  465s
 199050 89847 infeasible   69        82.00000   54.00000  34.1%  45.9  470s
 201281 90752 infeasible   59        82.00000   54.00000  34.1%  46.0  475s
 203467 91562   68.00000   66   64   82.00000   54.00000  34.1%  45.9  480s
 205884 92546 infeasible   63        82.00000   54.00000  34.1%  45.9  485s
 208749 93647 infeasible   63        82.00000   55.00000  32.9%  45.8  490s
 210290 94038   68.00000   56   67   82.00000   55.00000  32.9%  45.8  495s
 212236 94594   75.00000   59   28   82.00000   55.00000  32.9%  45.8  500s
 214308 95206   75.00000   63   75   82.00000   55.00000  32.9%  45.7  505s
 216492 95938   71.00000   58   61   82.00000   55.00000  32.9%  45.7  510s
 218546 96557   60.00000   54   62   82.00000   55.00000  32.9%  45.8  515s
 221023 97418   65.00000   55   56   82.00000   55.00000  32.9%  45.7  520s
 223104 98022   66.00000   54   23   82.00000   55.76923  32.0%  45.7  525s
 225784 98847   69.00000   65   44   82.00000   56.00000  31.7%  45.6  530s
 228000 99477   66.00000   59   72   82.00000   56.00000  31.7%  45.6  535s
 229975 100007 infeasible   64        82.00000   56.00000  31.7%  45.5  540s
 232396 100891   56.00000   55   71   82.00000   56.00000  31.7%  45.5  545s
 233930 101372   65.00000   68   64   82.00000   56.00000  31.7%  45.5  550s
 235998 102185   65.00000   51   50   82.00000   56.00000  31.7%  45.6  555s
 238072 102841 infeasible   56        82.00000   56.00000  31.7%  45.6  560s
 240502 103963 infeasible   75        82.00000   56.00000  31.7%  45.6  565s
 242562 104580   79.00000   73   33   82.00000   56.00000  31.7%  45.6  570s
 243986 104972   70.00000   52   36   82.00000   56.00000  31.7%  45.6  575s
 246000 105674   64.00000   58   53   82.00000   56.00000  31.7%  45.7  580s
 247896 106345 infeasible   56        82.00000   56.57143  31.0%  45.7  585s
 250361 107507   60.00000   51   29   82.00000   57.00000  30.5%  45.7  590s
 252421 108040 infeasible   60        82.00000   57.00000  30.5%  45.7  595s
 254746 108792   57.00000   42   26   82.00000   57.00000  30.5%  45.7  600s
 257065 109564 infeasible   54        82.00000   57.00000  30.5%  45.6  605s
 259472 110497   81.00000   77   41   82.00000   57.00000  30.5%  45.6  610s
 260998 111105   72.00000   53   41   82.00000   57.00000  30.5%  45.7  615s
 263275 112006   61.00000   62   66   82.00000   57.00000  30.5%  45.7  620s
 265504 112889   66.00000   65   81   82.00000   57.00000  30.5%  45.7  625s
 267680 113883 infeasible   56        82.00000   57.00000  30.5%  45.7  630s
 269976 114741   80.00000   62   67   82.00000   57.00000  30.5%  45.7  635s
 272031 115488 infeasible   65        82.00000   57.00000  30.5%  45.7  640s
 273735 115945 infeasible   84        82.00000   57.00000  30.5%  45.8  645s
 275937 116814   67.00000   69   62   82.00000   57.00000  30.5%  45.8  650s
 277870 117429   57.00000   58   64   82.00000   57.00000  30.5%  45.8  655s
 279558 117948   80.00000   69   55   82.00000   57.00000  30.5%  45.9  660s
 281816 118877   65.00000   52   62   82.00000   57.00000  30.5%  45.9  665s
 283855 119518   66.00000   57   82   82.00000   57.00000  30.5%  45.9  670s
 286058 120408   81.00000   71   17   82.00000   57.00000  30.5%  45.9  675s
 288234 121033   73.92308   59   32   82.00000   57.00000  30.5%  45.9  680s
 289886 121480   81.00000   71   27   82.00000   57.00000  30.5%  45.9  685s
 292018 122230   66.00000   63   82   82.00000   57.00000  30.5%  45.9  690s
 293946 122864   80.00000   66   57   82.00000   57.00000  30.5%  46.0  695s
 295500 123230 infeasible   66        82.00000   57.00000  30.5%  46.0  700s
 297651 124142 infeasible   51        82.00000   57.00000  30.5%  46.0  705s
 299788 124953   59.00000   62   59   82.00000   57.00000  30.5%  46.1  710s
 301854 125772   81.00000   80   64   82.00000   57.00000  30.5%  46.1  715s
 304087 126689   61.00000   57   36   82.00000   57.08333  30.4%  46.1  720s
 306306 127427   81.00000   79   18   82.00000   58.00000  29.3%  46.1  725s
 307932 127813   75.00000   57   65   82.00000   58.00000  29.3%  46.1  730s
 310312 128572 infeasible   69        82.00000   58.00000  29.3%  46.0  735s
 312624 129330   58.00000   59   40   82.00000   58.00000  29.3%  46.0  740s
 314793 130026 infeasible   60        82.00000   58.00000  29.3%  46.0  745s
 316427 130468   69.00000   64   67   82.00000   58.00000  29.3%  46.1  750s
 318315 131243   73.00000   51   68   82.00000   58.00000  29.3%  46.1  755s
 320870 132497 infeasible   63        82.00000   58.00000  29.3%  46.1  760s
 323431 133522   80.00000   55   31   82.00000   58.00000  29.3%  46.0  765s
 325755 134517   81.00000   79   27   82.00000   58.00000  29.3%  46.1  770s
 327637 135120 infeasible   47        82.00000   58.00000  29.3%  46.1  775s
 329698 135899 infeasible   61        82.00000   58.00000  29.3%  46.1  780s
 331576 136452   69.00000   57   52   82.00000   58.00000  29.3%  46.2  785s
 333363 136981 infeasible   62        82.00000   58.00000  29.3%  46.2  790s
 335106 137489   69.00000   61   54   82.00000   58.00000  29.3%  46.2  795s
 337182 138239   74.00000   60   46   82.00000   58.00000  29.3%  46.3  800s
 339406 139114   81.00000   86   46   82.00000   58.00000  29.3%  46.3  805s
 341322 139857 infeasible   67        82.00000   58.00000  29.3%  46.3  810s
 343686 140880   58.00000   66   50   82.00000   58.00000  29.3%  46.3  815s
 346102 141833   58.00000   57   57   82.00000   58.00000  29.3%  46.3  820s
 347893 142489 infeasible   57        82.00000   58.00000  29.3%  46.3  825s
 350109 143288 infeasible   61        82.00000   58.00000  29.3%  46.3  830s
 352620 144268   81.00000   65   21   82.00000   58.00000  29.3%  46.2  835s
 354791 145051 infeasible   64        82.00000   58.00000  29.3%  46.2  840s
 357123 145998 infeasible   69        82.00000   58.00000  29.3%  46.2  845s
 359241 146826   80.00000   56   59   82.00000   58.00000  29.3%  46.2  850s
 361155 147563   74.00000   56   50   82.00000   58.00000  29.3%  46.2  855s
 363546 148530   64.00000   68   72   82.00000   58.00000  29.3%  46.2  860s
 365406 149280   72.00000   62   49   82.00000   58.00000  29.3%  46.2  865s
 367426 150020   81.00000   63   47   82.00000   58.00000  29.3%  46.2  870s
 369149 150616   74.00000   69   65   82.00000   58.00000  29.3%  46.3  875s
 371173 151430   72.00000   50   52   82.00000   58.00000  29.3%  46.3  880s
 373171 152200   73.00000   53   29   82.00000   58.00000  29.3%  46.3  885s
 375591 153191 infeasible   59        82.00000   58.00000  29.3%  46.3  890s
 377667 153848   81.00000   63   23   82.00000   58.00000  29.3%  46.3  895s
 379555 154556   72.00000   61   62   82.00000   58.00000  29.3%  46.3  900s
 381912 155592   81.00000   66   48   82.00000   58.00000  29.3%  46.3  905s
 383999 156334   80.00000   56   64   82.00000   58.00000  29.3%  46.3  910s
 386201 157246   64.00000   54   59   82.00000   58.00000  29.3%  46.3  915s
 388187 158043   66.00000   63   67   82.00000   58.00000  29.3%  46.4  920s
 390430 158853 infeasible   72        82.00000   58.00000  29.3%  46.4  925s
 392182 159419   74.00000   68   45   82.00000   58.00000  29.3%  46.4  930s
 394226 160181 infeasible   53        82.00000   58.00000  29.3%  46.5  935s
 396336 160895 infeasible   61        82.00000   58.00000  29.3%  46.5  940s
 398194 161718   81.00000   78   28   82.00000   58.00000  29.3%  46.5  945s
 400455 162736   81.00000   73   28   82.00000   58.00000  29.3%  46.5  950s
 403180 163602 infeasible   58        82.00000   59.00000  28.0%  46.4  955s
 405179 164135 infeasible   68        82.00000   59.00000  28.0%  46.4  960s
 407204 164807   62.00000   57   64   82.00000   59.00000  28.0%  46.4  965s
 409194 165315   73.00000   53   93   82.00000   59.00000  28.0%  46.4  970s
 411115 165789 infeasible   66        82.00000   59.00000  28.0%  46.4  975s
 413226 166373   73.00000   63   40   82.00000   59.00000  28.0%  46.4  980s
 415174 166998   74.00000   67   45   82.00000   59.00000  28.0%  46.4  985s
 417529 167804 infeasible   67        82.00000   59.00000  28.0%  46.4  990s
 419725 168683   59.00000   57   70   82.00000   59.00000  28.0%  46.4  995s
 422140 169605   74.00000   65   42   82.00000   59.00000  28.0%  46.4 1000s
 424456 170362   71.00000   65   48   82.00000   59.00000  28.0%  46.3 1005s
 426966 171360   81.00000   73   29   82.00000   59.00000  28.0%  46.3 1010s
 429614 172439   81.00000   56   24   82.00000   59.00000  28.0%  46.3 1015s
 431905 173378   80.00000   58   35   82.00000   59.00000  28.0%  46.3 1020s
 434185 174300   81.00000   75   38   82.00000   59.00000  28.0%  46.3 1025s
 436824 175415 infeasible   63        82.00000   59.00000  28.0%  46.3 1030s
 439257 176507   79.00000   68   67   82.00000   59.00000  28.0%  46.2 1035s
 441225 177202 infeasible   59        82.00000   59.00000  28.0%  46.2 1040s
 443265 177952   60.00000   53   50   82.00000   59.00000  28.0%  46.3 1045s
 445243 178720   81.00000   77   21   82.00000   59.00000  28.0%  46.3 1050s
 447704 179812   72.00000   62   45   82.00000   59.00000  28.0%  46.3 1055s
 449806 180641   61.00000   48   46   82.00000   59.00000  28.0%  46.3 1060s
 452023 181361 infeasible   67        82.00000   59.00000  28.0%  46.3 1065s
 454466 182370 infeasible   77        82.00000   59.00000  28.0%  46.2 1070s
 456762 183218     cutoff   66        82.00000   59.00000  28.0%  46.2 1075s
 458683 183895   73.00000   62   59   82.00000   59.00000  28.0%  46.2 1080s
 460976 184761   80.00000   69   49   82.00000   59.00000  28.0%  46.2 1085s
 463106 185433 infeasible   63        82.00000   59.00000  28.0%  46.2 1090s
 465013 186036   63.00000   57   36   82.00000   59.00000  28.0%  46.2 1095s
 467156 186844 infeasible   58        82.00000   59.00000  28.0%  46.3 1100s
 469263 187643   72.00000   57   47   82.00000   59.00000  28.0%  46.3 1105s
 471250 188249 infeasible   61        82.00000   59.00000  28.0%  46.3 1110s
 473762 189269   66.00000   65   44   82.00000   59.00000  28.0%  46.2 1115s
 476149 190055 infeasible   65        82.00000   59.00000  28.0%  46.2 1120s
 477873 190758   60.00000   57   56   82.00000   59.00000  28.0%  46.2 1125s
 480234 191630   81.00000   67   23   82.00000   59.00000  28.0%  46.2 1130s
 482464 192483   61.00000   64   68   82.00000   59.00000  28.0%  46.2 1135s
 484880 193519   60.00000   60   56   82.00000   59.00000  28.0%  46.2 1140s
 487267 194503   80.00000   53   74   82.00000   59.00000  28.0%  46.2 1145s
 489646 195433     cutoff   66        82.00000   59.00000  28.0%  46.2 1150s
 491528 196171   81.00000   69   20   82.00000   59.00000  28.0%  46.2 1155s
 494085 197289 infeasible   68        82.00000   59.00000  28.0%  46.2 1160s
 496159 198082   80.00000   76   18   82.00000   59.00000  28.0%  46.2 1165s
 498601 199022 infeasible   63        82.00000   59.00000  28.0%  46.2 1170s
 500417 199717   80.00000   59   59   82.00000   59.00000  28.0%  46.2 1175s
 502790 200531   73.00000   63   45   82.00000   59.00000  28.0%  46.2 1180s
 504912 201363   81.50000   74   31   82.00000   59.00000  28.0%  46.2 1185s
 507460 202455   72.00000   62   87   82.00000   59.00000  28.0%  46.2 1190s
 509381 203370   80.00000   63   49   82.00000   59.00000  28.0%  46.1 1195s
 512021 204494 infeasible   68        82.00000   59.00000  28.0%  46.1 1200s
 514318 205510   80.00000   78   49   82.00000   59.00000  28.0%  46.1 1205s
 516875 206609 infeasible   62        82.00000   59.00000  28.0%  46.1 1210s
 519126 207404   59.00000   53   53   82.00000   59.00000  28.0%  46.1 1215s
 521504 208372   81.00000   59   56   82.00000   59.00000  28.0%  46.1 1220s
 524048 209569   72.00000   59   32   82.00000   59.00000  28.0%  46.0 1225s
 526386 210611   81.00000   65   45   82.00000   59.00000  28.0%  46.0 1230s
 528575 211429   67.00000   63   59   82.00000   59.00000  28.0%  46.0 1235s
 530608 212281   72.00000   65   73   82.00000   59.00000  28.0%  46.0 1240s
 532795 213161   81.00000   74   31   82.00000   59.00000  28.0%  46.1 1245s
 534985 214095   81.00000   66   28   82.00000   59.00000  28.0%  46.1 1250s
 537054 214977   80.00000   74   24   82.00000   59.00000  28.0%  46.0 1255s
 539703 216190   67.00000   60   60   82.00000   59.00000  28.0%  46.0 1260s
 542309 217260   67.00000   60   56   82.00000   59.00000  28.0%  46.0 1265s
 544364 217915   67.00000   52   38   82.00000   59.00000  28.0%  46.0 1270s
 546643 218825   72.00000   61   43   82.00000   59.00000  28.0%  46.0 1275s
 548392 219512   74.00000   57   37   82.00000   59.00000  28.0%  46.0 1280s
 550558 220409   75.00000   58   61   82.00000   59.00000  28.0%  46.1 1285s
 552804 221228   79.00000   61   47   82.00000   59.00000  28.0%  46.1 1290s
 555081 222154 infeasible   50        82.00000   59.00000  28.0%  46.0 1295s
 557297 222887   67.78261   71   64   82.00000   59.78261  27.1%  46.0 1300s
 559891 223598 infeasible   65        82.00000   60.00000  26.8%  46.0 1305s
 562132 224271 infeasible   66        82.00000   60.00000  26.8%  46.0 1310s
 564328 225043   73.00000   55   28   82.00000   60.00000  26.8%  45.9 1315s
 566617 225794 infeasible   59        82.00000   60.00000  26.8%  45.9 1320s
 569074 226586   72.00000   60   68   82.00000   60.00000  26.8%  45.9 1325s
 571130 227175   75.00000   54   68   82.00000   60.00000  26.8%  45.9 1330s
 573527 228108   81.00000   70   30   82.00000   60.00000  26.8%  45.9 1335s
 575897 228927   67.00000   65   73   82.00000   60.00000  26.8%  45.9 1340s
 578218 229684   81.00000   73   43   82.00000   60.00000  26.8%  45.9 1345s
 580723 230710 infeasible   57        82.00000   60.00000  26.8%  45.8 1350s
 583176 231519 infeasible   71        82.00000   60.00000  26.8%  45.8 1355s
 585556 232585   80.00000   59   39   82.00000   60.00000  26.8%  45.8 1360s
 588434 234031   81.00000   74   35   82.00000   60.00000  26.8%  45.8 1365s
 590793 235129 infeasible   65        82.00000   60.00000  26.8%  45.8 1370s
 593078 236131   81.00000   62   28   82.00000   60.00000  26.8%  45.8 1375s
 595308 236994   67.00000   68   47   82.00000   60.00000  26.8%  45.8 1380s
 597140 237516 infeasible   54        82.00000   60.00000  26.8%  45.8 1385s
 599698 238603 infeasible   62        82.00000   60.00000  26.8%  45.8 1390s
 601890 239546   74.00000   54   46   82.00000   60.00000  26.8%  45.8 1395s
 604477 240665   73.00000   66   44   82.00000   60.00000  26.8%  45.8 1400s
 607156 241945   75.76923   69   55   82.00000   60.00000  26.8%  45.8 1405s
 609121 242793 infeasible   68        82.00000   60.00000  26.8%  45.7 1410s
 611386 243621   74.00000   59   49   82.00000   60.00000  26.8%  45.7 1415s
 613931 244711 infeasible   54        82.00000   60.00000  26.8%  45.7 1420s
 616513 245861   69.57143   59   57   82.00000   60.00000  26.8%  45.7 1425s
 619103 247137   80.00000   67   65   82.00000   60.00000  26.8%  45.7 1430s
 621330 248030   73.00000   64   66   82.00000   60.00000  26.8%  45.7 1435s
 623361 248829   66.00000   61   57   82.00000   60.00000  26.8%  45.7 1440s
 625602 249711   80.00000   59   62   82.00000   60.00000  26.8%  45.7 1445s
 627880 250562     cutoff   71        82.00000   60.00000  26.8%  45.7 1450s
 630107 251423   73.00000   71   49   82.00000   60.00000  26.8%  45.7 1455s
 632165 252286 infeasible   83        82.00000   60.00000  26.8%  45.7 1460s
 634544 253236 infeasible   53        82.00000   60.00000  26.8%  45.7 1465s
 636734 254204 infeasible   50        82.00000   60.00000  26.8%  45.7 1470s
 639349 255312   80.00000   73   23   82.00000   60.00000  26.8%  45.7 1475s
 641718 256142   81.00000   59   26   82.00000   60.00000  26.8%  45.7 1480s
 643818 256898   67.00000   70   39   82.00000   60.00000  26.8%  45.7 1485s
 645943 257580   75.00000   59   61   82.00000   60.00000  26.8%  45.7 1490s
 648096 258433   75.00000   67   46   82.00000   60.00000  26.8%  45.7 1495s
 650760 259559   81.00000   79   44   82.00000   60.00000  26.8%  45.7 1500s
 652885 260483   81.00000   61   15   82.00000   60.00000  26.8%  45.7 1505s
 655003 261312 infeasible   61        82.00000   60.00000  26.8%  45.7 1510s
 657403 262442   61.00000   58   67   82.00000   60.00000  26.8%  45.7 1515s
 659845 263571   67.00000   61   49   82.00000   60.00000  26.8%  45.7 1520s
 662104 264418   60.00000   50   59   82.00000   60.00000  26.8%  45.7 1525s
 664304 265352   73.00000   66   59   82.00000   60.00000  26.8%  45.7 1530s
 666702 266367 infeasible   58        82.00000   60.00000  26.8%  45.7 1535s
 668774 266994   72.00000   68   44   82.00000   60.00000  26.8%  45.7 1540s
 671127 267949   60.00000   55   67   82.00000   60.00000  26.8%  45.7 1545s
 673304 268718   81.00000   69   53   82.00000   60.00000  26.8%  45.7 1550s
 675364 269541 infeasible   57        82.00000   60.00000  26.8%  45.7 1555s
 677543 270295   81.00000   77   17   82.00000   60.00000  26.8%  45.7 1560s
 679859 271260 infeasible   62        82.00000   60.00000  26.8%  45.7 1565s
 682131 272214 infeasible   60        82.00000   60.00000  26.8%  45.7 1570s
 684343 273086   80.00000   63   63   82.00000   60.00000  26.8%  45.7 1575s
 686906 274140   74.00000   59   46   82.00000   60.00000  26.8%  45.6 1580s
 689388 275384   81.00000   73   15   82.00000   60.00000  26.8%  45.6 1585s
 691630 276347   80.00000   89   17   82.00000   60.00000  26.8%  45.6 1590s
 694336 277590 infeasible   68        82.00000   60.00000  26.8%  45.6 1595s
 696590 278269   60.81818   62   44   82.00000   60.81818  25.8%  45.6 1600s
 698885 278900   81.00000   62   27   82.00000   61.00000  25.6%  45.6 1605s
 701268 279876   74.00000   69   55   82.00000   61.00000  25.6%  45.6 1610s
 703213 280415   74.00000   63   46   82.00000   61.00000  25.6%  45.6 1615s
 705769 281337   61.00000   61   65   82.00000   61.00000  25.6%  45.6 1620s
 708123 281888 infeasible   59        82.00000   61.00000  25.6%  45.6 1625s
 710339 282362 infeasible   65        82.00000   61.00000  25.6%  45.5 1630s
 712494 282795   63.00000   59   50   82.00000   61.00000  25.6%  45.5 1635s
 714497 283152     cutoff   65        82.00000   61.00000  25.6%  45.5 1640s
 716340 283760 infeasible   59        82.00000   61.00000  25.6%  45.6 1645s
 718912 284652   65.00000   65   70   82.00000   61.00000  25.6%  45.5 1650s
 721536 285832   74.00000   58   22   82.00000   61.00000  25.6%  45.5 1655s
 723942 286574   61.00000   61   50   82.00000   61.00000  25.6%  45.5 1660s
 726099 287305 infeasible   64        82.00000   61.00000  25.6%  45.5 1665s
 728804 288561   81.00000   73   28   82.00000   61.00000  25.6%  45.5 1670s
 731566 289614   74.00000   62   34   82.00000   61.00000  25.6%  45.4 1675s
 733910 290577 infeasible   75        82.00000   61.00000  25.6%  45.4 1680s
 735952 291343   73.00000   61   46   82.00000   61.00000  25.6%  45.4 1685s
 738541 292385   81.00000   63   21   82.00000   61.00000  25.6%  45.4 1690s
 741113 293496   81.00000   72   44   82.00000   61.00000  25.6%  45.4 1695s
 743388 294368   80.00000   68   53   82.00000   61.00000  25.6%  45.4 1700s
 745259 295089 infeasible   61        82.00000   61.00000  25.6%  45.4 1705s
 747457 295866   67.00000   62   66   82.00000   61.00000  25.6%  45.4 1710s
 749809 296699   75.00000   56   54   82.00000   61.00000  25.6%  45.4 1715s
 751913 297417   81.00000   67   40   82.00000   61.00000  25.6%  45.4 1720s
 754285 298333 infeasible   59        82.00000   61.00000  25.6%  45.4 1725s
 756712 299141   81.00000   63   24   82.00000   61.00000  25.6%  45.4 1730s
 759234 300094   79.00000   66   67   82.00000   61.00000  25.6%  45.4 1735s
 761155 300905   80.00000   73   42   82.00000   61.00000  25.6%  45.4 1740s
 763389 301586   66.00000   62   40   82.00000   61.00000  25.6%  45.4 1745s
 765849 302622   73.00000   60   71   82.00000   61.00000  25.6%  45.4 1750s
 768218 303448   81.00000   70   26   82.00000   61.00000  25.6%  45.3 1755s
 770920 304641 infeasible   59        82.00000   61.00000  25.6%  45.3 1760s
 773257 305505   81.00000   71   43   82.00000   61.00000  25.6%  45.3 1765s
 775112 306236 infeasible   68        82.00000   61.00000  25.6%  45.3 1770s
 777667 307221   80.00000   63   41   82.00000   61.00000  25.6%  45.3 1775s
 779994 308185 infeasible   57        82.00000   61.00000  25.6%  45.3 1780s
 782064 308910   68.00000   58   60   82.00000   61.00000  25.6%  45.3 1785s
 784547 309906 infeasible   77        82.00000   61.00000  25.6%  45.3 1790s
 786880 310765   61.00000   53   62   82.00000   61.00000  25.6%  45.3 1795s

Cutting planes:
  Gomory: 1
  Cover: 28
  Implied bound: 7
  Clique: 4
  MIR: 39
  Flow cover: 114
  Network: 1
  RLT: 44
  Relax-and-lift: 30

Explored 789102 nodes (35753981 simplex iterations) in 1800.00 seconds (1594.73 work units)
Thread count was 1 (of 96 available processors)

Solution count 10: 82 82 84 ... 92

Time limit reached
Best objective 8.199999999170e+01, best bound 6.100000000000e+01, gap 25.6098%
WARNING: Loading a SolverResults object with an 'aborted' status, but
    containing a solution

Instance 19_4, formulation altered, reform hull:
  Rect 0: x = 28.00, y = 13.00
  Rect 1: x = 74.00, y = 14.00
  Rect 2: x = 15.00, y = 3.00
  Rect 3: x = 0.00, y = 14.00
  Rect 4: x = 65.00, y = 14.00
  Rect 5: x = 0.00, y = 7.00
  Rect 6: x = 25.00, y = 12.00
  Rect 7: x = 1.00, y = 3.00
  Rect 8: x = 12.00, y = 12.00
  Rect 9: x = 10.00, y = 14.00
  Rect 10: x = 10.00, y = 12.00
  Rect 11: x = 1.00, y = 10.00
  Rect 12: x = 29.00, y = 13.00
  Rect 13: x = 50.00, y = 14.00
  Rect 14: x = 58.00, y = 13.00
  Rect 15: x = 35.00, y = 14.00
  Rect 16: x = 5.00, y = 13.00
  Rect 17: x = 65.00, y = 12.00
  Rect 18: x = 3.00, y = 9.00
  → saved figures to strip_figures/19_4_altered_hull.png and strip_figures/19_4_altered_hull.pdf
Set parameter TokenServer to value "mooring.ecn.purdue.edu"
Read LP format model from file /tmp/tmpk2qri94h.pyomo.lp
Reading time = 0.00 seconds
x724: 2243 rows, 724 columns, 5511 nonzeros
Set parameter TimeLimit to value 1800
Set parameter Threads to value 1
Gurobi Optimizer version 11.0.0 build v11.0.0rc2 (linux64 - "Oracle Linux Server 9.6")

CPU model: AMD EPYC 7643 48-Core Processor, instruction set [SSE2|AVX|AVX2]
Thread count: 48 physical cores, 96 logical processors, using up to 1 threads

Optimize a model with 2243 rows, 724 columns and 5511 nonzeros
Model fingerprint: 0x7527687d
Variable types: 40 continuous, 684 integer (684 binary)
Coefficient statistics:
  Matrix range     [1e+00, 1e+02]
  Objective range  [1e+00, 1e+00]
  Bounds range     [1e+00, 1e+02]
  RHS range        [1e+00, 1e+02]
Presolve removed 1732 rows and 370 columns
Presolve time: 0.00s
Presolved: 511 rows, 354 columns, 1564 nonzeros
Variable types: 33 continuous, 321 integer (321 binary)
Found heuristic solution: objective 124.0000000
Found heuristic solution: objective 101.0000000

Root relaxation: objective 2.900000e+01, 210 iterations, 0.00 seconds (0.00 work units)

    Nodes    |    Current Node    |     Objective Bounds      |     Work
 Expl Unexpl |  Obj  Depth IntInf | Incumbent    BestBd   Gap | It/Node Time

     0     0   29.00000    0   37  101.00000   29.00000  71.3%     -    0s
H    0     0                      88.0000000   29.00000  67.0%     -    0s
     0     0   36.29122    0  127   88.00000   36.29122  58.8%     -    0s
H    0     0                      87.0000000   36.29539  58.3%     -    0s
     0     0   39.98507    0  109   87.00000   39.98507  54.0%     -    0s
     0     0   39.98507    0  107   87.00000   39.98507  54.0%     -    0s
     0     0   40.39561    0   79   87.00000   40.39561  53.6%     -    0s
H    0     0                      84.0000000   42.01036  50.0%     -    0s
     0     0   42.01036    0   71   84.00000   42.01036  50.0%     -    0s
     0     0   42.01036    0   70   84.00000   42.01036  50.0%     -    0s
     0     0   42.01036    0   85   84.00000   42.01036  50.0%     -    0s
H    0     0                      82.0000000   42.39515  48.3%     -    0s
     0     0   42.39515    0   59   82.00000   42.39515  48.3%     -    0s
     0     0   42.39515    0   70   82.00000   42.39515  48.3%     -    0s
     0     0   42.39515    0   67   82.00000   42.39515  48.3%     -    0s
     0     0   42.45096    0   67   82.00000   42.45096  48.2%     -    0s
     0     0   42.45096    0   99   82.00000   42.45096  48.2%     -    0s
     0     0   42.45096    0   99   82.00000   42.45096  48.2%     -    0s
     0     0   42.45096    0  106   82.00000   42.45096  48.2%     -    0s
     0     0   42.45096    0   41   82.00000   42.45096  48.2%     -    0s
     0     2   42.45096    0   36   82.00000   42.45096  48.2%     -    0s
H 1383   621                      82.0000000   51.90623  36.7%  20.0    1s
  6373  2850   67.00000   29   40   82.00000   66.00000  19.5%  19.6    5s
 11114  4742   81.00000   33   49   82.00000   66.00000  19.5%  19.5   10s
 17329  7139   73.00000   27   56   82.00000   66.00000  19.5%  20.0   15s
 23848  9718   66.01370   28   40   82.00000   66.01220  19.5%  20.5   20s
 30169 12128   69.00000   27   34   82.00000   66.01220  19.5%  21.3   25s
 36277 14274   81.00000   45   38   82.00000   66.01333  19.5%  21.8   30s
 41876 16069   79.00000   32   73   82.00000   66.01333  19.5%  22.2   35s
 48317 18407   81.00000   41   45   82.00000   66.01333  19.5%  22.2   40s
 53963 20140   80.00000   39   54   82.00000   66.01333  19.5%  22.4   45s
 59763 22031   79.00000   49   79   82.00000   66.01370  19.5%  22.3   50s
 64864 23831   75.10298   29   76   82.00000   66.01568  19.5%  22.4   55s
 70274 25703   66.01961   31  104   82.00000   66.01724  19.5%  22.5   60s
 75912 27715   80.00000   24   79   82.00000   66.01724  19.5%  22.5   65s
 81239 29433   66.01724   41   40   82.00000   66.01724  19.5%  22.5   70s
 86742 31181   72.00000   33   82   82.00000   66.02000  19.5%  22.5   75s
 91818 32707   67.00000   25   62   82.00000   66.03226  19.5%  22.6   80s
 96805 34148 infeasible   43        82.00000   66.10976  19.4%  22.7   85s
 101216 35496   67.00000   31   57   82.00000   66.36145  19.1%  22.9   90s
 106608 37252   80.00000   33   79   82.00000   67.00000  18.3%  22.9   95s
 112139 38919   67.00000   26   76   82.00000   67.00000  18.3%  23.0  100s
 116954 40281   75.00000   30   87   82.00000   67.00000  18.3%  23.1  105s
 122546 41976   79.00000   37   63   82.00000   67.00000  18.3%  23.2  110s
 127619 43524 infeasible   29        82.00000   67.00000  18.3%  23.2  115s
 132662 44994   68.00000   34   99   82.00000   67.00000  18.3%  23.2  120s
 138389 46638   81.00000   49   45   82.00000   67.00000  18.3%  23.2  125s
 143748 48016   80.00000   27   57   82.00000   67.00000  18.3%  23.2  130s
 149122 49493   67.00000   33   60   82.00000   67.00000  18.3%  23.3  135s
 154804 50947     cutoff   46        82.00000   67.00000  18.3%  23.3  140s
 160063 52275 infeasible   33        82.00000   67.00000  18.3%  23.3  145s
 165073 53389 infeasible   42        82.00000   67.00000  18.3%  23.5  150s
 170688 54921 infeasible   35        82.00000   67.00000  18.3%  23.6  155s
 175976 56348   81.00000   38   31   82.00000   67.00000  18.3%  23.6  160s
 181587 57577 infeasible   44        82.00000   67.00000  18.3%  23.7  165s
 186705 58566 infeasible   41        82.00000   67.00000  18.3%  23.7  170s
 192063 59830   80.00000   43   57   82.00000   67.00000  18.3%  23.8  175s
 197610 60950   69.00000   41   92   82.00000   67.00000  18.3%  23.8  180s
 202972 62223   67.00000   37   51   82.00000   67.00000  18.3%  23.8  185s
 208578 63514 infeasible   37        82.00000   67.00000  18.3%  23.8  190s
 213585 64561   81.00000   39   52   82.00000   67.00000  18.3%  23.9  195s
 219303 65750 infeasible   36        82.00000   67.00000  18.3%  23.9  200s
 224554 67086   69.01508   37   79   82.00000   67.00000  18.3%  24.0  205s
 230261 68585   67.00000   28   61   82.00000   67.00000  18.3%  24.0  210s
 235628 69943   67.00000   27   65   82.00000   67.00000  18.3%  24.0  215s
 240856 71332 infeasible   28        82.00000   67.00000  18.3%  24.1  220s
 246439 72764   80.00000   41   43   82.00000   67.00000  18.3%  24.1  225s
 251516 74050   73.00000   30   67   82.00000   67.00000  18.3%  24.2  230s
 256888 75325   81.00000   35   43   82.00000   67.00000  18.3%  24.2  235s
 262237 76403 infeasible   43        82.00000   67.00000  18.3%  24.2  240s
 267499 77512   69.00000   31   56   82.00000   67.00000  18.3%  24.2  245s
 273078 78789     cutoff   45        82.00000   67.00000  18.3%  24.3  250s
 277829 79871   81.00000   48   65   82.00000   67.00000  18.3%  24.3  255s
 283512 81222   72.50000   35   50   82.00000   67.00000  18.3%  24.3  260s
 289286 82730   80.00000   51   42   82.00000   67.00000  18.3%  24.3  265s
 295013 84094     cutoff   40        82.00000   67.00000  18.3%  24.3  270s
 300527 85348   67.00000   35   64   82.00000   67.00000  18.3%  24.3  275s
 305684 86467   67.00000   40   89   82.00000   67.00000  18.3%  24.3  280s
 311206 87523   81.00000   49   28   82.00000   67.00000  18.3%  24.3  285s
 316904 88662 infeasible   37        82.00000   67.00000  18.3%  24.3  290s
 322377 89946   81.00000   37   34   82.00000   67.00000  18.3%  24.3  295s
 326973 90787   69.00000   33   75   82.00000   67.00000  18.3%  24.4  300s
 332204 91987 infeasible   36        82.00000   67.00000  18.3%  24.4  305s
 337847 93485   70.00000   40   80   82.00000   67.00000  18.3%  24.4  310s
 342898 94857   81.00000   43   53   82.00000   67.00000  18.3%  24.5  315s
 348142 95870   67.00000   31   79   82.00000   67.00000  18.3%  24.5  320s
 353857 97242   69.00000   31   65   82.00000   67.00000  18.3%  24.5  325s
 358880 98113   71.00000   31   73   82.00000   67.00000  18.3%  24.5  330s
 363553 99030 infeasible   41        82.00000   67.00000  18.3%  24.5  335s
 368028 100232   74.00000   37   86   82.00000   67.00000  18.3%  24.5  340s
 372301 101326   80.00000   35   81   82.00000   67.00000  18.3%  24.6  345s
 376119 102281   80.00000   34   64   82.00000   67.00000  18.3%  24.6  350s
 380055 103055 infeasible   40        82.00000   67.00000  18.3%  24.6  355s
 384203 103973   80.00000   33   51   82.00000   67.00000  18.3%  24.6  360s
 389601 105374   80.00000   42   26   82.00000   67.00000  18.3%  24.6  365s
 393955 106420 infeasible   32        82.00000   67.00000  18.3%  24.6  370s
 398464 107402   81.00000   40   38   82.00000   67.00000  18.3%  24.6  375s
 403527 108614   74.00000   37   27   82.00000   67.00000  18.3%  24.6  380s
 408252 109814 infeasible   46        82.00000   67.00000  18.3%  24.6  385s
 412203 110521   81.00000   36   53   82.00000   67.00000  18.3%  24.7  390s
 416077 111346   81.00000   39   40   82.00000   67.00000  18.3%  24.7  395s
 420111 111969   69.00000   47   86   82.00000   67.00000  18.3%  24.7  400s
 424520 112989   67.00000   40   66   82.00000   67.00000  18.3%  24.7  405s
 428065 113511   67.00000   38   78   82.00000   67.00000  18.3%  24.8  410s
 433247 114669   80.00000   37   59   82.00000   67.00000  18.3%  24.7  415s
 437383 115646 infeasible   40        82.00000   67.00000  18.3%  24.7  420s
 442239 116805   73.00000   36   59   82.00000   67.00000  18.3%  24.7  425s
 447159 117906   81.00000   32   77   82.00000   67.00000  18.3%  24.7  430s
 451868 119031   81.00000   47   45   82.00000   67.00000  18.3%  24.7  435s
 456767 120338   69.00000   34   56   82.00000   67.00000  18.3%  24.7  440s
 461030 121494   81.00000   39   33   82.00000   67.00000  18.3%  24.7  445s
 466115 122904   81.00000   40   39   82.00000   67.00000  18.3%  24.7  450s
 470361 123940   80.00000   35   62   82.00000   67.00000  18.3%  24.7  455s
 474201 124685   67.00000   31   59   82.00000   67.00000  18.3%  24.8  460s
 478149 125331   67.00000   31   84   82.00000   67.00000  18.3%  24.8  465s
 482391 126297   67.00000   35   91   82.00000   67.00000  18.3%  24.8  470s
 486677 127238 infeasible   43        82.00000   67.00000  18.3%  24.9  475s
 491200 128290   67.00000   38   52   82.00000   67.00000  18.3%  24.9  480s
 495666 129390   67.00000   28   69   82.00000   67.00000  18.3%  24.9  485s
 500200 130432   75.00000   36   90   82.00000   67.00000  18.3%  24.9  490s
 504561 131482   67.00000   27   87   82.00000   67.00000  18.3%  24.9  495s
 509611 132609   80.00000   36   55   82.00000   67.00000  18.3%  24.9  500s
 514539 133796 infeasible   40        82.00000   67.00000  18.3%  24.9  505s
 518989 134758   81.00000   38   51   82.00000   67.00000  18.3%  24.9  510s
 524362 136128   80.00000   36   68   82.00000   67.00000  18.3%  24.8  515s
 528769 137253   67.00000   27   70   82.00000   67.00000  18.3%  24.8  520s
 533297 138382   79.00000   32   73   82.00000   67.00000  18.3%  24.9  525s
 537268 139273   67.00000   31   62   82.00000   67.00000  18.3%  24.9  530s
 542022 140494   80.00000   48   63   82.00000   67.00000  18.3%  24.9  535s
 546608 141660   81.00000   42   49   82.00000   67.00000  18.3%  24.9  540s
 550938 142854   67.02632   33   76   82.00000   67.00000  18.3%  24.9  545s
 555917 144115   81.00000   49   46   82.00000   67.00000  18.3%  24.9  550s
 560073 144860   69.00000   37   87   82.00000   67.00000  18.3%  24.9  555s
 564676 145809   67.00000   39   79   82.00000   67.00000  18.3%  24.9  560s
 568866 146785   81.00000   36   58   82.00000   67.00000  18.3%  24.9  565s
 573187 147590   69.00000   36   76   82.00000   67.00000  18.3%  24.9  570s
 578141 148853   81.00000   33   65   82.00000   67.00000  18.3%  24.9  575s
 582369 149681 infeasible   47        82.00000   67.00000  18.3%  24.9  580s
 586158 150062 infeasible   29        82.00000   67.00000  18.3%  24.9  585s
 591268 151267   70.00000   39   85   82.00000   67.00000  18.3%  24.9  590s
 596457 152502   74.00000   31   48   82.00000   67.00000  18.3%  24.9  595s
 602032 153848   74.00000   27   70   82.00000   67.00000  18.3%  24.8  600s
 606588 154940 infeasible   32        82.00000   67.00000  18.3%  24.8  605s
 611664 156344   67.00000   33   57   82.00000   67.00000  18.3%  24.8  610s
 615991 157120 infeasible   35        82.00000   67.00000  18.3%  24.8  615s
 620421 158157   81.00000   39   64   82.00000   67.00000  18.3%  24.8  620s
 625458 159301   67.00000   28   82   82.00000   67.00000  18.3%  24.8  625s
 630187 160545   81.00000   43   39   82.00000   67.00000  18.3%  24.8  630s
 634814 161755 infeasible   41        82.00000   67.00000  18.3%  24.8  635s
 639818 163161   69.00000   37   57   82.00000   67.00000  18.3%  24.8  640s
 644445 164463   81.00000   45   60   82.00000   67.00000  18.3%  24.8  645s
 649428 165629 infeasible   44        82.00000   67.00000  18.3%  24.7  650s
 653887 166779   80.00000   32   75   82.00000   67.00000  18.3%  24.8  655s
 658470 168068   67.00000   32   83   82.00000   67.00000  18.3%  24.8  660s
 662769 169049   81.00000   39   55   82.00000   67.00000  18.3%  24.8  665s
 666897 170229   79.00000   39   36   82.00000   67.00000  18.3%  24.8  670s
 671727 171612 infeasible   35        82.00000   67.00000  18.3%  24.8  675s
 676275 172730   67.00000   29   83   82.00000   67.00000  18.3%  24.8  680s
 680168 173473   80.00000   43   36   82.00000   67.00000  18.3%  24.8  685s
 683983 174460   81.00000   48   25   82.00000   67.00000  18.3%  24.8  690s
 688268 175411 infeasible   39        82.00000   67.00000  18.3%  24.9  695s
 693044 176496   81.00000   42   54   82.00000   67.00000  18.3%  24.9  700s
 697906 177569   81.00000   42   73   82.00000   67.00000  18.3%  24.8  705s
*701000 178077              63      81.9999997   67.00000  18.3%  24.9  708s
 701637 178276 infeasible   35        82.00000   67.00000  18.3%  24.9  710s
 706075 179400   67.00208   39   89   82.00000   67.00000  18.3%  24.9  715s
 710030 180379   67.00000   26   77   82.00000   67.00000  18.3%  24.9  720s
 714235 181456   80.00000   37   79   82.00000   67.00000  18.3%  24.9  725s
 718790 182542   81.00000   39   22   82.00000   67.00000  18.3%  24.9  730s
 724038 183980   81.00000   35   51   82.00000   67.00000  18.3%  24.9  735s
 729004 185352 infeasible   37        82.00000   67.00000  18.3%  24.9  740s
 733739 186661   80.00000   40   74   82.00000   67.00000  18.3%  24.9  745s
 738212 187895   72.00000   36   48   82.00000   67.00000  18.3%  24.9  750s
 742181 188832 infeasible   40        82.00000   67.00000  18.3%  25.0  755s
 746156 189461   70.00000   35   81   82.00000   67.00000  18.3%  25.0  760s
 750489 190572   67.00000   27   79   82.00000   67.00000  18.3%  25.0  765s
 754386 191528   80.00000   36   53   82.00000   67.00000  18.3%  25.0  770s
 759072 192527   73.00000   33   60   82.00000   67.00000  18.3%  25.0  775s
 763440 193546   71.00000   38   49   82.00000   67.00000  18.3%  25.0  780s
 767602 194421 infeasible   33        82.00000   67.00000  18.3%  25.1  785s
 771771 195309   81.00000   51   78   82.00000   67.00000  18.3%  25.1  790s
 776548 196414   81.00000   43   45   82.00000   67.00000  18.3%  25.1  795s
 781143 197573   67.00000   36   83   82.00000   67.00000  18.3%  25.1  800s
 785180 198516 infeasible   33        82.00000   67.00000  18.3%  25.1  805s
 789479 199360 infeasible   37        82.00000   67.00000  18.3%  25.1  810s
 794142 200569   67.00000   33   77   82.00000   67.00000  18.3%  25.1  815s
 799227 201775   81.00000   38   73   82.00000   67.00000  18.3%  25.1  820s
 803711 202874   70.12658   31   72   82.00000   67.00000  18.3%  25.1  825s
 807751 203624   69.00000   34   66   82.00000   67.00000  18.3%  25.1  830s
 812469 204679 infeasible   31        82.00000   67.00000  18.3%  25.1  835s
 816572 205361   67.00000   44   41   82.00000   67.00000  18.3%  25.1  840s
 820710 206235   67.00000   32   73   82.00000   67.00000  18.3%  25.1  845s
 825258 207063   81.00000   43   46   82.00000   67.00000  18.3%  25.1  850s
 829374 207726   67.00000   24   84   82.00000   67.00000  18.3%  25.2  855s
 833639 208710   71.00000   29   80   82.00000   67.00000  18.3%  25.2  860s
 838044 209840   81.00000   42   47   82.00000   67.00000  18.3%  25.2  865s
 842322 210718   81.00000   49   57   82.00000   67.00000  18.3%  25.2  870s
 846685 211627   67.00000   32   19   82.00000   67.00000  18.3%  25.2  875s
 851100 212563   67.00000   27   72   82.00000   67.00000  18.3%  25.2  880s
 855894 213781   75.00000   34   79   82.00000   67.00000  18.3%  25.2  885s
 860534 214915   69.00000   33   79   82.00000   67.00000  18.3%  25.2  890s
 865766 216269 infeasible   45        82.00000   67.00000  18.3%  25.2  895s
 869816 217195 infeasible   38        82.00000   67.00000  18.3%  25.2  900s
 874388 218225   71.00000   28   64   82.00000   67.00000  18.3%  25.2  905s
 878145 218777     cutoff   47        82.00000   67.00000  18.3%  25.2  910s
 882655 219795   67.00000   31   81   82.00000   67.00000  18.3%  25.3  915s
 887182 220804   81.00000   48   53   82.00000   67.00000  18.3%  25.2  920s
 892483 222005   80.00000   39   70   82.00000   67.00000  18.3%  25.2  925s
 896613 222938   69.11111   45   29   82.00000   67.00000  18.3%  25.3  930s
 900221 223652 infeasible   45        82.00000   67.00000  18.3%  25.3  935s
 904543 224525   80.00000   51   51   82.00000   67.00000  18.3%  25.3  940s
 908884 225515   81.10000   33   67   82.00000   67.00000  18.3%  25.3  945s
 913615 226539   67.00000   36   59   82.00000   67.00000  18.3%  25.3  950s
 918177 227533   67.00371   34   87   82.00000   67.00371  18.3%  25.3  955s
 923184 228494 infeasible   60        82.00000   67.04348  18.2%  25.3  960s
 927994 229203   69.39024   44   79   82.00000   67.17073  18.1%  25.3  965s
 932905 230129   73.00000   41   81   82.00000   67.34146  17.9%  25.3  970s
 938369 231285   81.00000   26   72   82.00000   68.00000  17.1%  25.3  975s
 943080 231700   71.00000   34   70   82.00000   68.00000  17.1%  25.3  980s
 947848 232353   81.00000   43   59   82.00000   68.00000  17.1%  25.4  985s
 952613 232916     cutoff   50        82.00000   68.00000  17.1%  25.4  990s
 958037 233901     cutoff   36        82.00000   68.00000  17.1%  25.4  995s
 963189 234800   81.00000   43   64   82.00000   68.00000  17.1%  25.4 1000s
 968629 235777 infeasible   40        82.00000   68.00000  17.1%  25.4 1005s
 974665 237079   81.00000   44   83   82.00000   68.00000  17.1%  25.4 1010s
 980135 238053 infeasible   36        82.00000   68.00000  17.1%  25.3 1015s
 985479 239174   80.00000   51   52   82.00000   68.00000  17.1%  25.3 1020s
 990464 239909   68.00000   38   63   82.00000   68.00000  17.1%  25.3 1025s
 995925 240882   73.00000   43   78   82.00000   68.00000  17.1%  25.3 1030s
 1000985 241498   72.00000   39   72   82.00000   68.00000  17.1%  25.3 1035s
 1006546 242440   72.00000   40   66   82.00000   68.00000  17.1%  25.3 1040s
 1011997 243414   80.00000   47   68   82.00000   68.00000  17.1%  25.3 1045s
 1017715 244430   68.12385   33   51   82.00000   68.00000  17.1%  25.3 1050s
 1022991 245358   80.00000   38   71   82.00000   68.00000  17.1%  25.3 1055s
 1028471 246273   81.00000   42   55   82.00000   68.00000  17.1%  25.3 1060s
 1033282 247024   68.00000   34   78   82.00000   68.00000  17.1%  25.3 1065s
 1038802 247990   68.00000   38   74   82.00000   68.00000  17.1%  25.3 1070s
 1044549 249119 infeasible   38        82.00000   68.00000  17.1%  25.3 1075s
H1047636 249459                      81.9999995   68.00000  17.1%  25.3 1077s
 1049081 249727 infeasible   49        82.00000   68.00000  17.1%  25.3 1080s
 1054663 250771   68.00000   42   78   82.00000   68.00000  17.1%  25.3 1085s
 1059996 251678 infeasible   37        82.00000   68.00000  17.1%  25.3 1090s
 1065649 252767   72.00000   29   68   82.00000   68.06667  17.0%  25.3 1095s
 1071219 253821   75.00000   54   42   82.00000   68.76471  16.1%  25.3 1100s
 1076717 254683 infeasible   45        82.00000   69.00000  15.9%  25.3 1105s
 1081546 255002   69.00000   33   60   82.00000   69.00000  15.9%  25.3 1110s
 1086567 255606   81.00000   47   44   82.00000   69.00000  15.9%  25.3 1115s
 1091667 256248   70.00000   40   40   82.00000   69.00000  15.9%  25.3 1120s
 1096688 257171   81.00000   55   48   82.00000   69.00000  15.9%  25.3 1125s
 1102542 258495   80.00000   34   71   82.00000   69.00000  15.9%  25.3 1130s
 1107615 259563   80.00000   44   82   82.00000   69.00000  15.9%  25.3 1135s
 1113685 260857   80.00000   44   71   82.00000   69.00000  15.9%  25.3 1140s
 1119526 262177   80.00000   44   55   82.00000   69.00000  15.9%  25.3 1145s
 1124634 263227   69.00000   34   84   82.00000   69.00000  15.9%  25.3 1150s
 1130569 264578   81.00000   50   40   82.00000   69.00000  15.9%  25.2 1155s
 1136571 265940   81.00000   45   66   82.00000   69.00000  15.9%  25.2 1160s
 1142010 266914   81.00000   41   47   82.00000   69.00000  15.9%  25.2 1165s
 1147044 267862   80.00000   34   63   82.00000   69.00000  15.9%  25.2 1170s
 1152367 268775   81.00000   44   55   82.00000   69.00000  15.9%  25.2 1175s
 1157976 269907   69.00000   43   64   82.00000   69.00000  15.9%  25.2 1180s
 1163467 271184   81.00000   53   21   82.00000   69.00000  15.9%  25.2 1185s
 1169028 272331   69.00000   38   41   82.00000   69.00000  15.9%  25.2 1190s
 1174337 273253   81.00000   41   57   82.00000   69.00000  15.9%  25.2 1195s
 1179780 274391   71.00000   38   87   82.00000   69.00000  15.9%  25.2 1200s
 1185219 275461 infeasible   49        82.00000   69.00000  15.9%  25.2 1205s
 1190827 276436   80.00000   46   79   82.00000   69.00000  15.9%  25.2 1210s
 1196272 277501 infeasible   41        82.00000   69.00000  15.9%  25.2 1215s
 1201803 278283   69.00000   37   56   82.00000   69.00000  15.9%  25.2 1220s
 1207278 279229   81.00000   50   77   82.00000   69.00000  15.9%  25.2 1225s
 1212445 280217   69.00000   30   75   82.00000   69.00000  15.9%  25.2 1230s
 1218065 281147   69.00000   48   86   82.00000   69.00000  15.9%  25.2 1235s
 1223601 282211   81.00000   51   57   82.00000   69.00000  15.9%  25.1 1240s
 1229289 283381   80.00000   38   78   82.00000   69.00000  15.9%  25.1 1245s
 1234506 284496   79.00000   39   72   82.00000   69.00000  15.9%  25.1 1250s
 1240220 285627   80.00000   52   72   82.00000   69.00000  15.9%  25.1 1255s
 1245499 286657   81.00000   49   73   82.00000   69.00000  15.9%  25.1 1260s
 1251164 287768   70.00000   33   80   82.00000   69.00000  15.9%  25.1 1265s
 1255736 288254     cutoff   46        82.00000   69.00000  15.9%  25.1 1270s
 1260889 289282   70.00000   33   59   82.00000   69.01220  15.8%  25.1 1275s
 1266506 290528     cutoff   47        82.00000   69.03333  15.8%  25.1 1280s
 1272259 291686   74.00000   40   79   82.00000   69.30488  15.5%  25.1 1285s
 1277330 292883     cutoff   48        82.00000   69.31034  15.5%  25.1 1290s
 1282925 293854 infeasible   45        82.00000   70.00000  14.6%  25.1 1295s
 1288575 294843   81.00000   41   79   82.00000   70.00000  14.6%  25.1 1300s
 1293931 295981   81.00000   39   73   82.00000   70.00000  14.6%  25.1 1305s
 1299697 297033   70.00000   38   92   82.00000   70.00000  14.6%  25.1 1310s
 1306018 298376   80.00000   49   57   82.00000   70.00000  14.6%  25.1 1315s
 1312254 299623   81.00000   45   51   82.00000   70.00000  14.6%  25.1 1320s
 1318009 300730   81.00000   40   31   82.00000   70.00000  14.6%  25.1 1325s
 1322969 301714 infeasible   34        82.00000   70.00000  14.6%  25.1 1330s
 1329102 302879   80.00000   40   76   82.00000   70.00000  14.6%  25.1 1335s
 1335428 304123 infeasible   49        82.00000   70.00000  14.6%  25.0 1340s
 1341663 305263     cutoff   43        82.00000   70.00000  14.6%  25.0 1345s
 1347920 306607   80.00000   40   73   82.00000   70.00000  14.6%  25.0 1350s
 1353872 307885   81.00000   59   29   82.00000   70.00000  14.6%  25.0 1355s
 1359587 309041   70.00000   34   73   82.00000   70.00000  14.6%  25.0 1360s
 1365457 310129   70.00000   31   54   82.00000   70.00000  14.6%  25.0 1365s
 1370581 311125   80.00000   43   60   82.00000   70.00000  14.6%  25.0 1370s
 1376351 312153   80.00000   41   56   82.00000   70.00000  14.6%  25.0 1375s
 1381826 313076 infeasible   34        82.00000   70.00000  14.6%  25.0 1380s
 1387393 313990   80.00000   48   63   82.00000   70.00000  14.6%  25.0 1385s
 1393625 315364 infeasible   38        82.00000   70.00000  14.6%  25.0 1390s
 1399660 316442   70.00000   36   66   82.00000   70.00000  14.6%  25.0 1395s
 1404582 317227   71.00000   37   94   82.00000   70.00000  14.6%  25.0 1400s
 1410322 318106     cutoff   48        82.00000   70.00000  14.6%  25.0 1405s
 1415841 319064   81.00000   53   75   82.00000   70.00000  14.6%  25.0 1410s
 1421341 320119   74.43902   47   68   82.00000   70.00000  14.6%  25.0 1415s
 1427298 321128   81.00000   38   55   82.00000   70.00000  14.6%  24.9 1420s
 1432782 321971   81.00000   52   36   82.00000   70.00000  14.6%  24.9 1425s
 1436843 322412 infeasible   30        82.00000   70.00000  14.6%  25.0 1430s
 1442185 323073   81.00000   53   70   82.00000   70.06097  14.6%  25.0 1435s
 1448062 324307   81.00000   46   72   82.00000   70.30488  14.3%  25.0 1440s
 1453226 325225   81.00000   40   42   82.00000   71.00000  13.4%  25.0 1445s
 1458343 325795   81.00000   51   64   82.00000   71.00000  13.4%  25.0 1450s
 1463750 326652 infeasible   53        82.00000   71.00000  13.4%  25.0 1455s
 1469651 327845   81.00000   38   59   82.00000   71.00000  13.4%  25.0 1460s
 1474900 328939   80.00000   56   82   82.00000   71.00000  13.4%  25.0 1465s
 1480833 330328   71.00000   33   57   82.00000   71.00000  13.4%  24.9 1470s
 1486599 331666 infeasible   59        82.00000   71.00000  13.4%  24.9 1475s
 1492595 332874   74.00000   42   78   82.00000   71.00000  13.4%  24.9 1480s
 1498553 334161     cutoff   56        82.00000   71.00000  13.4%  24.9 1485s
 1504471 335360     cutoff   50        82.00000   71.00000  13.4%  24.9 1490s
 1510506 336661   80.00000   28   57   82.00000   71.00000  13.4%  24.9 1495s
 1516082 337810   80.00000   41   66   82.00000   71.00000  13.4%  24.9 1500s
 1521978 338806   79.00000   43   18   82.00000   71.00000  13.4%  24.9 1505s
 1527373 339770   81.00000   38   80   82.00000   71.00000  13.4%  24.9 1510s
 1532607 340884 infeasible   49        82.00000   71.00000  13.4%  24.9 1515s
 1538499 341809   80.00000   39   71   82.00000   71.00000  13.4%  24.9 1520s
 1544418 343210   81.00000   44   36   82.00000   71.00000  13.4%  24.9 1525s
 1550201 344330   81.00000   53   64   82.00000   71.00000  13.4%  24.9 1530s
 1555485 345184 infeasible   51        82.00000   71.00000  13.4%  24.9 1535s
 1561215 346257   81.01220   45   56   82.00000   71.00000  13.4%  24.8 1540s
 1567060 347367   71.00000   28   66   82.00000   71.00000  13.4%  24.8 1545s
 1572232 348247     cutoff   45        82.00000   71.00000  13.4%  24.8 1550s
 1577978 349354   80.00000   38   75   82.00000   71.00000  13.4%  24.8 1555s
 1583549 350355   71.00000   28   46   82.00000   71.00000  13.4%  24.8 1560s
 1588710 351246 infeasible   45        82.00000   71.00000  13.4%  24.8 1565s
 1594006 352281   81.00000   37   76   82.00000   71.00000  13.4%  24.8 1570s
 1599687 353452   80.00000   37   54   82.00000   71.10976  13.3%  24.8 1575s
 1605118 354414   71.98780   32   64   82.00000   71.98780  12.2%  24.8 1580s
 1610657 355371 infeasible   45        82.00000   72.00000  12.2%  24.8 1585s
 1616453 356340   81.00000   39   36   82.00000   72.00000  12.2%  24.8 1590s
 1622237 357441   81.00000   37   73   82.00000   72.00000  12.2%  24.8 1595s
 1628041 358582   81.00000   42   42   82.00000   72.00000  12.2%  24.8 1600s
 1634172 359723     cutoff   57        82.00000   72.00000  12.2%  24.8 1605s
 1639110 360666   81.00000   41   80   82.00000   72.00000  12.2%  24.8 1610s
 1645235 361981   75.00000   43   61   82.00000   72.00000  12.2%  24.8 1615s
 1650818 363088   81.00000   56   48   82.00000   72.00000  12.2%  24.8 1620s
 1656991 364237   80.00000   43   75   82.00000   72.00000  12.2%  24.8 1625s
 1662521 365356   80.00000   31   89   82.00000   72.00000  12.2%  24.8 1630s
 1668565 366534 infeasible   36        82.00000   72.00000  12.2%  24.8 1635s
 1674445 367610   81.00000   46   39   82.00000   72.00000  12.2%  24.8 1640s
 1679713 368605   81.00000   37   20   82.00000   72.00000  12.2%  24.7 1645s
 1685559 369783   75.00000   38   96   82.00000   72.00000  12.2%  24.7 1650s
 1691171 370860   81.00000   52   77   82.00000   72.00000  12.2%  24.7 1655s
 1697488 372202   81.00000   50   42   82.00000   72.00000  12.2%  24.7 1660s
 1703109 373170   81.00000   35   33   82.00000   72.00000  12.2%  24.7 1665s
 1708450 374175   81.00000   44   72   82.00000   72.00000  12.2%  24.7 1670s
H1709035 374274                      81.9999992   72.00000  12.2%  24.7 1670s
 1713186 374978   72.00000   46   85   82.00000   72.00000  12.2%  24.7 1675s
 1719185 376177   81.00000   48   36   82.00000   72.00000  12.2%  24.7 1680s
 1725069 377146   81.00000   45   68   82.00000   72.00000  12.2%  24.7 1685s
 1730905 378315   81.00000   52   57   82.00000   72.00000  12.2%  24.7 1690s
 1736637 379239 infeasible   32        82.00000   72.00000  12.2%  24.7 1695s
 1742050 380032     cutoff   59        82.00000   72.00000  12.2%  24.7 1700s
 1747758 381044   81.00000   48   25   82.00000   72.00000  12.2%  24.7 1705s
 1752883 381951   81.00000   42   68   82.00000   72.00000  12.2%  24.7 1710s
 1758732 383000   81.00000   43   74   82.00000   72.00000  12.2%  24.7 1715s
 1764383 384058   72.00000   34   57   82.00000   72.00000  12.2%  24.7 1720s
 1769688 384997 infeasible   31        82.00000   72.00000  12.2%  24.7 1725s
 1775457 385971   72.00000   31   71   82.00000   72.00000  12.2%  24.7 1730s
 1780481 386685   81.00000   35   61   82.00000   72.43801  11.7%  24.7 1735s
 1786162 387642   80.00000   49   52   82.00000   73.00000  11.0%  24.7 1740s
 1791332 388122   80.00000   37   40   82.00000   73.00000  11.0%  24.7 1745s
 1797363 389101     cutoff   46        82.00000   73.00000  11.0%  24.7 1750s
 1802999 389946   81.00000   48   20   82.00000   73.00000  11.0%  24.7 1755s
 1808257 390906   80.00000   40   66   82.00000   73.00000  11.0%  24.7 1760s
 1813909 391999 infeasible   46        82.00000   73.00000  11.0%  24.7 1765s
 1819993 393098   81.00000   38   66   82.00000   73.00000  11.0%  24.7 1770s
 1825458 394119   80.00000   28   68   82.00000   73.00000  11.0%  24.7 1775s
 1831116 395177   80.00000   38   55   82.00000   73.00000  11.0%  24.7 1780s
 1836997 396234   80.00000   40   82   82.00000   73.00000  11.0%  24.7 1785s
 1843089 397343   80.00000   36   47   82.00000   73.00000  11.0%  24.6 1790s
 1848989 398449     cutoff   44        82.00000   73.00000  11.0%  24.6 1795s

Cutting planes:
  Learned: 2
  Gomory: 66
  Cover: 240
  Implied bound: 173
  Clique: 25
  MIR: 106
  StrongCG: 1
  Flow cover: 204
  Inf proof: 97
  RLT: 21
  Relax-and-lift: 24
  PSD: 1

Explored 1854248 nodes (45687561 simplex iterations) in 1800.00 seconds (1789.54 work units)
Thread count was 1 (of 96 available processors)

Solution count 10: 82 82 82 ... 124

Time limit reached
Best objective 8.199999920383e+01, best bound 7.300000000000e+01, gap 10.9756%
WARNING: Loading a SolverResults object with an 'aborted' status, but
    containing a solution

Instance 19_4, formulation tres, reform bigm:
  Rect 0: x = 81.00, y = 13.00
  Rect 1: x = 64.00, y = 14.00
  Rect 2: x = 23.00, y = 12.00
  Rect 3: x = 50.00, y = 14.00
  Rect 4: x = 33.00, y = 14.00
  Rect 5: x = 50.00, y = 10.00
  Rect 6: x = 42.00, y = 12.00
  Rect 7: x = 42.00, y = 3.00
  Rect 8: x = 23.00, y = 9.00
  Rect 9: x = 23.00, y = 14.00
  Rect 10: x = 55.00, y = 12.00
  Rect 11: x = 53.00, y = 10.00
  Rect 12: x = 36.00, y = 13.00
  Rect 13: x = 0.00, y = 14.00
  Rect 14: x = 57.00, y = 13.00
  Rect 15: x = 8.00, y = 14.00
  Rect 16: x = 45.00, y = 14.00
  Rect 17: x = 72.00, y = 12.00
  Rect 18: x = 51.00, y = 9.00
  → saved figures to strip_figures/19_4_tres_bigm.png and strip_figures/19_4_tres_bigm.pdf
Set parameter TokenServer to value "mooring.ecn.purdue.edu"
Read LP format model from file /tmp/tmpavg8iesr.pyomo.lp
Reading time = 0.01 seconds
x3460: 7031 rows, 3460 columns, 18399 nonzeros
Set parameter TimeLimit to value 1800
Set parameter Threads to value 1
Gurobi Optimizer version 11.0.0 build v11.0.0rc2 (linux64 - "Oracle Linux Server 9.6")

CPU model: AMD EPYC 7643 48-Core Processor, instruction set [SSE2|AVX|AVX2]
Thread count: 48 physical cores, 96 logical processors, using up to 1 threads

Optimize a model with 7031 rows, 3460 columns and 18399 nonzeros
Model fingerprint: 0x92da5bfa
Variable types: 2776 continuous, 684 integer (684 binary)
Coefficient statistics:
  Matrix range     [1e+00, 1e+02]
  Objective range  [1e+00, 1e+00]
  Bounds range     [1e+00, 1e+02]
  RHS range        [1e+00, 2e+01]
Presolve removed 3588 rows and 1797 columns
Presolve time: 0.03s
Presolved: 3443 rows, 1663 columns, 9124 nonzeros
Variable types: 1342 continuous, 321 integer (321 binary)
Found heuristic solution: objective 124.0000000

Root relaxation: objective 2.900000e+01, 681 iterations, 0.01 seconds (0.01 work units)

    Nodes    |    Current Node    |     Objective Bounds      |     Work
 Expl Unexpl |  Obj  Depth IntInf | Incumbent    BestBd   Gap | It/Node Time

     0     0   29.00000    0   57  124.00000   29.00000  76.6%     -    0s
H    0     0                     107.0000000   29.00000  72.9%     -    0s
     0     0   29.00000    0   88  107.00000   29.00000  72.9%     -    0s
     0     0   29.00000    0   78  107.00000   29.00000  72.9%     -    0s
     0     0   29.00000    0   74  107.00000   29.00000  72.9%     -    0s
     0     0   29.00000    0   80  107.00000   29.00000  72.9%     -    0s
     0     0   29.00000    0   88  107.00000   29.00000  72.9%     -    0s
     0     0   29.00000    0   97  107.00000   29.00000  72.9%     -    0s
     0     0   29.00000    0   95  107.00000   29.00000  72.9%     -    0s
     0     0   29.00000    0   95  107.00000   29.00000  72.9%     -    0s
     0     2   29.00000    0   83  107.00000   29.00000  72.9%     -    0s
*  192   144             140      97.0000000   29.00000  70.1%  31.2    1s
H  352   274                      92.0000000   29.00000  68.5%  32.2    1s
H  494   385                      92.0000000   29.00000  68.5%  35.5    1s
H  546   427                      90.0000000   29.00000  67.8%  34.3    2s
   600   463   50.00000   19   72   90.00000   31.66970  64.8%  34.5    5s
H  607   444                      87.0000000   35.25000  59.5%  34.1    5s
   642   467   61.00000   59   53   87.00000   37.36862  57.0%  32.3   10s
H  661   454                      86.0000000   37.70577  56.2%  31.3   12s
   689   474   66.00000   54   85   86.00000   37.72930  56.1%   248   15s
   875   581   38.00000   38   60   86.00000   37.76368  56.1%   278   20s
H 1400   827                      86.0000000   38.00000  55.8%   198   23s
  1694   914   38.00000   42   70   86.00000   38.00000  55.8%   171   25s
H 2789  1495                      85.0000000   38.00000  55.3%   125   30s
H 2797  1488                      85.0000000   38.00000  55.3%   125   30s
H 3347  1837                      84.0000000   38.00000  54.8%   114   32s
* 3504  1864              91      82.0000000   38.00000  53.7%   110   32s
  4492  2412   67.00000   59   62   82.00000   41.00000  50.0%  97.2   35s
  6474  3466   58.00000   65   66   82.00000   44.00000  46.3%  82.8   40s
  8639  4681   66.00000   52   54   82.00000   44.00000  46.3%  74.6   45s
 10202  5585   81.00000   85    3   82.00000   44.00000  46.3%  72.0   55s
 12099  6660   60.00000   57   41   82.00000   44.00000  46.3%  68.5   60s
 14360  7913   61.00000   61   72   82.00000   45.00000  45.1%  65.6   65s
 16044  8760 infeasible   56        82.00000   45.00000  45.1%  64.1   70s
 17850  9667   73.00000   49   32   82.00000   45.00000  45.1%  63.4   75s
 20279 10959   46.00000   53   80   82.00000   46.00000  43.9%  61.1   80s
 22601 12233   69.20370   65   66   82.00000   46.00000  43.9%  59.6   85s
 24825 13313 infeasible   54        82.00000   46.00000  43.9%  58.9   90s
 27020 14315 infeasible   59        82.00000   46.00000  43.9%  58.0   95s
 29494 15481   48.00000   55   68   82.00000   47.00000  42.7%  56.8  100s
 31855 16603 infeasible   67        82.00000   47.00000  42.7%  55.8  105s
 34331 17732   73.00000   52   58   82.00000   48.00000  41.5%  54.8  110s
 36792 18782 infeasible   59        82.00000   48.00000  41.5%  53.9  115s
 39218 19841   49.00000   47   51   82.00000   49.00000  40.2%  53.2  120s
 41618 20863   59.00000   52   33   82.00000   49.00000  40.2%  52.7  125s
 43529 21609 infeasible   63        82.00000   49.00000  40.2%  52.4  130s
 45622 22590   58.00000   57   76   82.00000   49.00000  40.2%  52.3  135s
 48001 23603   55.00000   55   43   82.00000   49.25000  39.9%  51.9  140s
 50609 24736   64.00000   46   54   82.00000   50.00000  39.0%  51.3  145s
 53167 25940   80.00000   54   45   82.00000   50.00000  39.0%  50.8  150s
 55439 26860   69.00000   49   37   82.00000   50.00000  39.0%  50.6  155s
 57690 27828 infeasible   64        82.00000   50.00000  39.0%  50.3  160s
H59582 28583                      82.0000000   51.00000  37.8%  49.8  163s
 59630 28599   81.00000   70   54   82.00000   51.00000  37.8%  49.9  165s
 61857 29725   74.00000   56   38   82.00000   51.00000  37.8%  49.5  170s
 63887 30645   64.00000   56   42   82.00000   51.00000  37.8%  49.4  175s
 66366 31836   71.00000   59   34   82.00000   51.00000  37.8%  49.3  180s
 68694 32951   67.00000   62   61   82.00000   51.00000  37.8%  49.2  185s
 70996 34033 infeasible   63        82.00000   51.00000  37.8%  49.2  190s
 73263 34948   66.00000   58   53   82.00000   51.00000  37.8%  49.2  195s
 75121 35655   65.00000   49   65   82.00000   51.00000  37.8%  49.3  200s
 77157 36707   67.00000   53   43   82.00000   51.00000  37.8%  49.4  205s
 79701 37994   81.00000   73   33   82.00000   51.00000  37.8%  49.2  210s
 82312 39277 infeasible   62        82.00000   52.00000  36.6%  49.0  215s
 84740 40322   72.00000   58   53   82.00000   52.00000  36.6%  48.8  220s
 87556 41776   80.00000   71   59   82.00000   52.00000  36.6%  48.6  225s
 90057 43018   74.00000   50   41   82.00000   52.00000  36.6%  48.5  230s
 92432 44146   81.00000   73   18   82.00000   52.00000  36.6%  48.4  235s
 94900 45240   72.00000   57   43   82.00000   52.00000  36.6%  48.2  240s
 96951 46128   81.00000   71   70   82.00000   52.00000  36.6%  48.1  245s
 99161 46996   81.00000   67   27   82.00000   52.00000  36.6%  48.1  250s
 101624 48186   73.00000   64   38   82.00000   52.00000  36.6%  48.1  255s
 103727 48967   64.00000   60   49   82.00000   52.00000  36.6%  48.1  260s
 106212 50029   66.00000   61   52   82.00000   52.00000  36.6%  47.9  265s
 108297 50869   67.00000   62   49   82.00000   52.00000  36.6%  47.9  270s
 109870 51655   54.00000   51   68   82.00000   52.00000  36.6%  48.0  275s
 112210 52787 infeasible   62        82.00000   52.00000  36.6%  47.9  280s
 114656 53944 infeasible   61        82.00000   52.00000  36.6%  47.8  285s
 117106 55200   52.00000   55   68   82.00000   52.00000  36.6%  47.8  290s
 118896 56083     cutoff   74        82.00000   52.00000  36.6%  47.8  295s
 121292 57182   81.00000   65   40   82.00000   53.00000  35.4%  47.7  300s
 123420 57870   81.00000   67   35   82.00000   53.00000  35.4%  47.6  305s
 125991 58915   53.00000   52   79   82.00000   53.00000  35.4%  47.5  310s
 128113 59647 infeasible   66        82.00000   53.00000  35.4%  47.4  315s
 130926 60971   81.00000   76   10   82.00000   53.00000  35.4%  47.2  320s
 133366 61942   66.00000   58   65   82.00000   53.00000  35.4%  47.2  325s
 135676 62994   81.00000   60   26   82.00000   53.00000  35.4%  47.0  330s
 137876 64015   81.00000   68   22   82.00000   53.00000  35.4%  47.1  335s
 139945 64886   81.00000   77   19   82.00000   53.00000  35.4%  47.1  340s
 142260 65973   74.00000   69   77   82.00000   53.00000  35.4%  47.0  345s
 144311 66783   70.00000   61   42   82.00000   53.00000  35.4%  47.0  350s
 146614 67840   53.00000   52   89   82.00000   53.00000  35.4%  46.9  355s
 148960 68862 infeasible   88        82.00000   53.00000  35.4%  46.9  360s
 151343 69783   57.00000   58   43   82.00000   53.00000  35.4%  46.8  365s
 153507 70787   57.00000   59   54   82.00000   53.00000  35.4%  46.8  370s
 155721 71729   61.00000   62   74   82.00000   53.00000  35.4%  46.8  375s
 157994 72647   72.00000   68   52   82.00000   53.00000  35.4%  46.7  380s
 160304 73645   60.00000   59   86   82.00000   53.00000  35.4%  46.7  385s
 162361 74476   80.00000   69   34   82.00000   53.00000  35.4%  46.7  390s
 164998 75715   81.00000   79   14   82.00000   53.00000  35.4%  46.6  395s
 167400 76589   54.00000   52   62   82.00000   54.00000  34.1%  46.5  400s
 169812 77558 infeasible   63        82.00000   54.00000  34.1%  46.4  405s
 171428 78117 infeasible   67        82.00000   54.00000  34.1%  46.4  410s
 173816 78994   62.00000   69   41   82.00000   54.00000  34.1%  46.4  415s
 176569 80407   60.00000   53   37   82.00000   54.00000  34.1%  46.2  420s
 179025 81484 infeasible   56        82.00000   54.00000  34.1%  46.1  425s
 181460 82637   67.00000   66   43   82.00000   54.00000  34.1%  46.1  430s
 183899 83691 infeasible   66        82.00000   54.00000  34.1%  46.1  435s
 186126 84585     cutoff   88        82.00000   54.00000  34.1%  46.1  440s
 188237 85337   68.00000   57   69   82.00000   54.00000  34.1%  46.1  445s
 190077 85844   74.00000   60   69   82.00000   54.00000  34.1%  46.1  450s
 192002 86721 infeasible   68        82.00000   54.00000  34.1%  46.1  455s
 194391 87717   65.00000   60   50   82.00000   54.00000  34.1%  46.0  460s
 196991 88916   71.00000   64   53   82.00000   54.00000  34.1%  45.9  465s
 199207 89874   59.00000   58   76   82.00000   54.00000  34.1%  46.0  470s
 201566 90874   75.00000   63   46   82.00000   54.00000  34.1%  46.0  475s
 203713 91646   73.00000   68   44   82.00000   54.00000  34.1%  45.9  480s
 206274 92708   65.00000   61   46   82.00000   54.26667  33.8%  45.9  485s
 209047 93721   75.00000   60   67   82.00000   55.00000  32.9%  45.8  490s
 210422 94096   81.00000   77   55   82.00000   55.00000  32.9%  45.8  495s
 212548 94692   75.00000   58   42   82.00000   55.00000  32.9%  45.8  500s
 214564 95254   70.00000   65   48   82.00000   55.00000  32.9%  45.7  505s
 216776 96014 infeasible   87        82.00000   55.00000  32.9%  45.7  510s
 218919 96684 infeasible   59        82.00000   55.00000  32.9%  45.7  515s
 221324 97500 infeasible   59        82.00000   55.00000  32.9%  45.7  520s
 223451 98207   55.76923   56   62   82.00000   55.76923  32.0%  45.7  525s
 226116 98916   68.00000   59   52   82.00000   56.00000  31.7%  45.6  530s
 228242 99573   81.00000   85   38   82.00000   56.00000  31.7%  45.6  535s
 230354 100188   68.00000   62   37   82.00000   56.00000  31.7%  45.5  540s
 232661 100967 infeasible   59        82.00000   56.00000  31.7%  45.5  545s
 234197 101458   80.00000   68   49   82.00000   56.00000  31.7%  45.6  550s
 236198 102224   69.00000   68   76   82.00000   56.00000  31.7%  45.6  555s
 238471 103072 infeasible   75        82.00000   56.00000  31.7%  45.6  560s
 240857 104049   81.00000   59   47   82.00000   56.00000  31.7%  45.6  565s
 242590 104574   56.00000   57   67   82.00000   56.00000  31.7%  45.6  570s
 244293 105098   72.00000   53   58   82.00000   56.00000  31.7%  45.6  575s
 246279 105751   81.00000   74   34   82.00000   56.00000  31.7%  45.7  580s
 248175 106491   72.00000   57   53   82.00000   56.57143  31.0%  45.7  585s
 250681 107577   57.00000   58   34   82.00000   57.00000  30.5%  45.7  590s
 252766 108121 infeasible   69        82.00000   57.00000  30.5%  45.7  595s
 255019 108878   64.00000   48   55   82.00000   57.00000  30.5%  45.7  600s
 257346 109656   74.00000   59   64   82.00000   57.00000  30.5%  45.6  605s
 259703 110604   74.00000   70   37   82.00000   57.00000  30.5%  45.6  610s
 261329 111226 infeasible   61        82.00000   57.00000  30.5%  45.7  615s
 263541 112075 infeasible   73        82.00000   57.00000  30.5%  45.7  620s
 265897 113086   80.00000   57   59   82.00000   57.00000  30.5%  45.7  625s
 267982 113959   64.00000   54   75   82.00000   57.00000  30.5%  45.7  630s
 270299 114904   65.76190   59   70   82.00000   57.00000  30.5%  45.7  635s
 272375 115594 infeasible   58        82.00000   57.00000  30.5%  45.7  640s
 274012 116024   72.00000   61   37   82.00000   57.00000  30.5%  45.8  645s
 276177 116843   66.00000   59   51   82.00000   57.00000  30.5%  45.8  650s
 278136 117502   81.00000   68   29   82.00000   57.00000  30.5%  45.9  655s
 279753 118003   73.00000   56   37   82.00000   57.00000  30.5%  45.9  660s
 282116 118991   80.00000   59   46   82.00000   57.00000  30.5%  45.9  665s
 284163 119617   72.00000   60   41   82.00000   57.00000  30.5%  45.9  670s
 286496 120601 infeasible   62        82.00000   57.00000  30.5%  45.9  675s
 288510 121058 infeasible   57        82.00000   57.00000  30.5%  45.9  680s
 290223 121620     cutoff   56        82.00000   57.00000  30.5%  45.9  685s
 292384 122370   70.00000   58   67   82.00000   57.00000  30.5%  45.9  690s
 294230 122898 infeasible   59        82.00000   57.00000  30.5%  46.0  695s
 295822 123348   57.00000   59   66   82.00000   57.00000  30.5%  46.0  700s
 298011 124350   74.00000   54   41   82.00000   57.00000  30.5%  46.0  705s
 300124 125040   66.00000   65   58   82.00000   57.00000  30.5%  46.1  710s
 302016 125803 infeasible   58        82.00000   57.00000  30.5%  46.1  715s
 304448 126821   81.00000   75   16   82.00000   57.26667  30.2%  46.1  720s
 306669 127519 infeasible   52        82.00000   58.00000  29.3%  46.0  725s
 308253 127865   81.00000   69   17   82.00000   58.00000  29.3%  46.1  730s
 310654 128725   66.00000   55   68   82.00000   58.00000  29.3%  46.0  735s
 312946 129408   76.00000   67   35   82.00000   58.00000  29.3%  46.0  740s
 314850 130039   67.00000   55   46   82.00000   58.00000  29.3%  46.1  745s
 316738 130569   69.00000   59   70   82.00000   58.00000  29.3%  46.0  750s
 318704 131437   80.00000   59   41   82.00000   58.00000  29.3%  46.1  755s
 321341 132702   73.00000   55   32   82.00000   58.00000  29.3%  46.0  760s
 323883 133767   64.00000   56   39   82.00000   58.00000  29.3%  46.0  765s
 326120 134638 infeasible   54        82.00000   58.00000  29.3%  46.1  770s
 327887 135211 infeasible   63        82.00000   58.00000  29.3%  46.1  775s
 330001 136015   81.00000   65   35   82.00000   58.00000  29.3%  46.1  780s
 331989 136583   81.00000   64   58   82.00000   58.00000  29.3%  46.2  785s
 333522 137006   81.00000   70   17   82.00000   58.00000  29.3%  46.2  790s
 335489 137613 infeasible   64        82.00000   58.00000  29.3%  46.2  795s
 337470 138391 infeasible   64        82.00000   58.00000  29.3%  46.3  800s
 339798 139298   58.00000   54   53   82.00000   58.00000  29.3%  46.3  805s
 341676 140019   72.00000   61   48   82.00000   58.00000  29.3%  46.3  810s
 344064 141028   81.00000   65   53   82.00000   58.00000  29.3%  46.3  815s
 346393 141970   80.00000   55   39   82.00000   58.00000  29.3%  46.3  820s
 348165 142549   67.00000   62   59   82.00000   58.00000  29.3%  46.3  825s
 350389 143331 infeasible   67        82.00000   58.00000  29.3%  46.3  830s
 353045 144442   67.00000   53   55   82.00000   58.00000  29.3%  46.2  835s
 355224 145256   80.00000   55   50   82.00000   58.00000  29.3%  46.2  840s
 357412 146099   65.00000   55   47   82.00000   58.00000  29.3%  46.2  845s
 359439 146880   73.00000   60   51   82.00000   58.00000  29.3%  46.2  850s
 361613 147694   64.00000   59   73   82.00000   58.00000  29.3%  46.2  855s
 363847 148621   60.00000   54   49   82.00000   58.00000  29.3%  46.2  860s
 365726 149374 infeasible   72        82.00000   58.00000  29.3%  46.2  865s
 367783 150136   81.00000   74   33   82.00000   58.00000  29.3%  46.2  870s
 369418 150682 infeasible   55        82.00000   58.00000  29.3%  46.3  875s
 371579 151519   68.00000   69   66   82.00000   58.00000  29.3%  46.3  880s
 373634 152420 infeasible   69        82.00000   58.00000  29.3%  46.3  885s
 375985 153298 infeasible   57        82.00000   58.00000  29.3%  46.3  890s
 377936 153954   73.00000   65   52   82.00000   58.00000  29.3%  46.3  895s
 379948 154699     cutoff   76        82.00000   58.00000  29.3%  46.4  900s
 382375 155745 infeasible   70        82.00000   58.00000  29.3%  46.3  905s
 384350 156502 infeasible   66        82.00000   58.00000  29.3%  46.3  910s
 386501 157387   72.00000   53   51   82.00000   58.00000  29.3%  46.3  915s
 388681 158213   74.00000   59   57   82.00000   58.00000  29.3%  46.4  920s
 390799 158945   63.00000   62   46   82.00000   58.00000  29.3%  46.4  925s
 392573 159559   74.00000   62   53   82.00000   58.00000  29.3%  46.4  930s
 394598 160380 infeasible   63        82.00000   58.00000  29.3%  46.5  935s
 396733 161033 infeasible   74        82.00000   58.00000  29.3%  46.5  940s
 398534 161864   80.00000   53   34   82.00000   58.00000  29.3%  46.5  945s
 400947 162893 infeasible   66        82.00000   58.36364  28.8%  46.5  950s
 403618 163754 infeasible   64        82.00000   59.00000  28.0%  46.4  955s
 405584 164264 infeasible   73        82.00000   59.00000  28.0%  46.4  960s
 407567 164938 infeasible   70        82.00000   59.00000  28.0%  46.4  965s
 409527 165428   72.00000   55   70   82.00000   59.00000  28.0%  46.4  970s
 411539 165897   75.00000   69   65   82.00000   59.00000  28.0%  46.4  975s
 413417 166454     cutoff   64        82.00000   59.00000  28.0%  46.4  980s
 415605 167220   67.00000   59   66   82.00000   59.00000  28.0%  46.4  985s
 417997 167972   72.00000   54   49   82.00000   59.00000  28.0%  46.4  990s
 420105 168820   73.00000   70   59   82.00000   59.00000  28.0%  46.4  995s
 422511 169711   74.00000   71   43   82.00000   59.00000  28.0%  46.4 1000s
 424943 170506 infeasible   50        82.00000   59.00000  28.0%  46.3 1005s
 427483 171587   72.00000   59   35   82.00000   59.00000  28.0%  46.3 1010s
 430061 172571 infeasible   68        82.00000   59.00000  28.0%  46.3 1015s
 432204 173501 infeasible   59        82.00000   59.00000  28.0%  46.3 1020s
 434594 174470   61.00000   51   35   82.00000   59.00000  28.0%  46.3 1025s
 437224 175609   59.00000   57   43   82.00000   59.00000  28.0%  46.3 1030s
 439636 176612   59.00000   58   59   82.00000   59.00000  28.0%  46.2 1035s
 441666 177409   80.00000   65   23   82.00000   59.00000  28.0%  46.2 1040s
 443602 178087   81.00000   74   24   82.00000   59.00000  28.0%  46.3 1045s
 445656 178927 infeasible   59        82.00000   59.00000  28.0%  46.3 1050s
 448115 179925     cutoff   77        82.00000   59.00000  28.0%  46.3 1055s
 450189 180790 infeasible   65        82.00000   59.00000  28.0%  46.3 1060s
 452458 181493 infeasible   62        82.00000   59.00000  28.0%  46.2 1065s
 454823 182516   81.00000   75   57   82.00000   59.00000  28.0%  46.2 1070s
 457147 183353   71.00000   70   71   82.00000   59.00000  28.0%  46.2 1075s
 459043 184008   80.00000   64   50   82.00000   59.00000  28.0%  46.2 1080s
 461371 184920   81.00000   75   20   82.00000   59.00000  28.0%  46.2 1085s
 463413 185515   63.00000   62   67   82.00000   59.00000  28.0%  46.2 1090s
 465280 186138 infeasible   67        82.00000   59.00000  28.0%  46.2 1095s
 467566 187032 infeasible   61        82.00000   59.00000  28.0%  46.3 1100s
 469579 187735   81.00000   70   15   82.00000   59.00000  28.0%  46.3 1105s
 471650 188396   80.00000   81   28   82.00000   59.00000  28.0%  46.3 1110s
 474168 189447 infeasible   59        82.00000   59.00000  28.0%  46.2 1115s
 476210 190069 infeasible   59        82.00000   59.00000  28.0%  46.2 1120s
 478271 190915   72.00000   62   61   82.00000   59.00000  28.0%  46.2 1125s
 480601 191776   66.00000   60   50   82.00000   59.00000  28.0%  46.2 1130s
 482866 192629   59.00000   62   71   82.00000   59.00000  28.0%  46.2 1135s
 485220 193622     cutoff   80        82.00000   59.00000  28.0%  46.2 1140s
 487689 194709 infeasible   72        82.00000   59.00000  28.0%  46.2 1145s
 489927 195515   80.00000   65   49   82.00000   59.00000  28.0%  46.2 1150s
 491941 196354   67.00000   55   61   82.00000   59.00000  28.0%  46.2 1155s
 494450 197440   72.00000   59   51   82.00000   59.00000  28.0%  46.2 1160s
 496428 198159 infeasible   58        82.00000   59.00000  28.0%  46.2 1165s
 498830 199081   65.00000   49   51   82.00000   59.00000  28.0%  46.2 1170s
 500782 199861     cutoff   70        82.00000   59.00000  28.0%  46.2 1175s
 503100 200636   61.00000   61   53   82.00000   59.00000  28.0%  46.2 1180s
 505274 201536 infeasible   70        82.00000   59.00000  28.0%  46.2 1185s
 507892 202678   73.00000   60   56   82.00000   59.00000  28.0%  46.1 1190s
 509773 203549   80.00000   71   40   82.00000   59.00000  28.0%  46.1 1195s
 512320 204594   73.00000   68   80   82.00000   59.00000  28.0%  46.1 1200s
 514816 205753   74.00000   64   49   82.00000   59.00000  28.0%  46.1 1205s
 517211 206728   64.00000   62   55   82.00000   59.00000  28.0%  46.1 1210s
 519504 207546   81.00000   68   29   82.00000   59.00000  28.0%  46.1 1215s
 521944 208583   80.00000   80   37   82.00000   59.00000  28.0%  46.0 1220s
 524360 209707   59.00000   58   53   82.00000   59.00000  28.0%  46.0 1225s
 526725 210712   61.00000   57   91   82.00000   59.00000  28.0%  46.0 1230s
 528917 211584 infeasible   59        82.00000   59.00000  28.0%  46.0 1235s
 531005 212403 infeasible   63        82.00000   59.00000  28.0%  46.0 1240s
 533140 213310   81.00000   74   31   82.00000   59.00000  28.0%  46.0 1245s
 535395 214299   72.00000   65   70   82.00000   59.00000  28.0%  46.0 1250s
 537358 215105 infeasible   59        82.00000   59.00000  28.0%  46.0 1255s
 540075 216361   71.00000   57   66   82.00000   59.00000  28.0%  46.0 1260s
 542663 217387   81.00000   65   40   82.00000   59.00000  28.0%  46.0 1265s
 544668 218015   80.00000   63   39   82.00000   59.00000  28.0%  46.0 1270s
 546866 218911   65.00000   70   75   82.00000   59.00000  28.0%  46.0 1275s
 548646 219635   81.00000   74   20   82.00000   59.00000  28.0%  46.0 1280s
 550878 220545   81.00000   68   52   82.00000   59.00000  28.0%  46.1 1285s
 553148 221376   72.00000   57   41   82.00000   59.00000  28.0%  46.1 1290s
 555215 222199     cutoff   77        82.00000   59.00000  28.0%  46.0 1295s
 557660 222948   67.00000   47   24   82.00000   60.00000  26.8%  46.0 1300s
 560192 223674 infeasible   55        82.00000   60.00000  26.8%  46.0 1305s
 562322 224310 infeasible   57        82.00000   60.00000  26.8%  46.0 1310s
 564662 225194   81.00000   74   30   82.00000   60.00000  26.8%  45.9 1315s
 566973 225923   62.00000   65   54   82.00000   60.00000  26.8%  45.9 1320s
 569233 226605   68.00000   58   57   82.00000   60.00000  26.8%  45.9 1325s
 571461 227266   81.00000   74   26   82.00000   60.00000  26.8%  45.9 1330s
 573856 228228   73.00000   62   64   82.00000   60.00000  26.8%  45.9 1335s
 576041 228975 infeasible   61        82.00000   60.00000  26.8%  45.9 1340s
 578557 229817     cutoff   85        82.00000   60.00000  26.8%  45.9 1345s
 581082 230826   81.00000   64   21   82.00000   60.00000  26.8%  45.8 1350s
 583565 231695   80.00000   59   32   82.00000   60.00000  26.8%  45.8 1355s
 586047 232849   81.00000   77   44   82.00000   60.00000  26.8%  45.8 1360s
 588643 234118   73.00000   65   55   82.00000   60.00000  26.8%  45.8 1365s
 591196 235349   81.00000   63   21   82.00000   60.00000  26.8%  45.8 1370s
 593509 236283 infeasible   63        82.00000   60.00000  26.8%  45.8 1375s
 595663 237083   66.00000   56   66   82.00000   60.00000  26.8%  45.8 1380s
 597532 237627   68.00000   59   44   82.00000   60.00000  26.8%  45.8 1385s
 600059 238720   81.00000   66   42   82.00000   60.00000  26.8%  45.8 1390s
 602290 239764   81.00000   72   25   82.00000   60.00000  26.8%  45.8 1395s
 604933 240848     cutoff   85        82.00000   60.00000  26.8%  45.8 1400s
 607619 242151   81.00000   72   42   82.00000   60.00000  26.8%  45.8 1405s
 609448 242932   81.00000   63   42   82.00000   60.00000  26.8%  45.7 1410s
 611903 243898   80.00000   79   30   82.00000   60.00000  26.8%  45.7 1415s
 614277 244854   74.00000   55   45   82.00000   60.00000  26.8%  45.7 1420s
 616905 246029   80.00000   60   63   82.00000   60.00000  26.8%  45.7 1425s
 619550 247352   65.00000   51   49   82.00000   60.00000  26.8%  45.7 1430s
 621766 248255   80.00000   60   36   82.00000   60.00000  26.8%  45.7 1435s
 623672 248928 infeasible   86        82.00000   60.00000  26.8%  45.7 1440s
 626090 249958 infeasible   85        82.00000   60.00000  26.8%  45.7 1445s
 628091 250641 infeasible   64        82.00000   60.00000  26.8%  45.7 1450s
 630464 251543   66.00000   59   44   82.00000   60.00000  26.8%  45.7 1455s
 632666 252503 infeasible   67        82.00000   60.00000  26.8%  45.7 1460s
 634944 253457   73.00000   56   42   82.00000   60.00000  26.8%  45.7 1465s
 637097 254413     cutoff   66        82.00000   60.00000  26.8%  45.7 1470s
 639799 255493   80.00000   89   33   82.00000   60.00000  26.8%  45.7 1475s
 642125 256305   66.00000   65   66   82.00000   60.00000  26.8%  45.7 1480s
 644215 256999   72.00000   56   55   82.00000   60.00000  26.8%  45.7 1485s
 646193 257669   72.00000   67   44   82.00000   60.00000  26.8%  45.7 1490s
 648492 258595   81.00000   68   14   82.00000   60.00000  26.8%  45.7 1495s
 650999 259645   74.00000   58   42   82.00000   60.00000  26.8%  45.7 1500s
 653329 260725   81.00000   70   51   82.00000   60.00000  26.8%  45.7 1505s
 655435 261528   72.00000   68   52   82.00000   60.00000  26.8%  45.7 1510s
 657884 262715     cutoff   69        82.00000   60.00000  26.8%  45.7 1515s
 660213 263701 infeasible   59        82.00000   60.00000  26.8%  45.7 1520s
 662379 264525 infeasible   61        82.00000   60.00000  26.8%  45.7 1525s
 664718 265533   72.00000   58   39   82.00000   60.00000  26.8%  45.7 1530s
 667020 266446   81.00000   74   41   82.00000   60.00000  26.8%  45.7 1535s
 669192 267172   81.00000   67   31   82.00000   60.00000  26.8%  45.7 1540s
 671463 268096   74.00000   60   76   82.00000   60.00000  26.8%  45.7 1545s
 673568 268818   66.00000   64   61   82.00000   60.00000  26.8%  45.7 1550s
 675757 269656   66.00000   54   74   82.00000   60.00000  26.8%  45.7 1555s
 677908 270475   74.00000   59   61   82.00000   60.00000  26.8%  45.7 1560s
 680280 271433 infeasible   64        82.00000   60.00000  26.8%  45.7 1565s
 682523 272402   81.00000   80   24   82.00000   60.00000  26.8%  45.7 1570s
 684680 273175     cutoff   82        82.00000   60.00000  26.8%  45.7 1575s
 687313 274317   73.00000   62   35   82.00000   60.00000  26.8%  45.6 1580s
 689963 275700   64.00000   57   62   82.00000   60.00000  26.8%  45.6 1585s
 692140 276575   78.26667   62   66   82.00000   60.00000  26.8%  45.6 1590s
 694806 277800   80.00000   64   48   82.00000   60.00000  26.8%  45.6 1595s
 696774 278290   80.00000   66   26   82.00000   60.90909  25.7%  45.6 1600s
 699272 279028   74.00000   63   62   82.00000   61.00000  25.6%  45.6 1605s
 701334 279888   74.00000   64   66   82.00000   61.00000  25.6%  45.6 1610s
 703665 280605   81.00000   69   26   82.00000   61.00000  25.6%  45.6 1615s
 706133 281460   81.00000   69   49   82.00000   61.00000  25.6%  45.6 1620s
 708540 281943   80.11111   73   37   82.00000   61.00000  25.6%  45.5 1625s
 710779 282432 infeasible   86        82.00000   61.00000  25.6%  45.5 1630s
 712834 282847 infeasible   77        82.00000   61.00000  25.6%  45.5 1635s
 714889 283254 infeasible   66        82.00000   61.00000  25.6%  45.5 1640s
 716702 283860   80.00000   69   33   82.00000   61.00000  25.6%  45.6 1645s
 719383 284849   81.00000   73   19   82.00000   61.00000  25.6%  45.5 1650s
 722026 286113   74.00000   65   31   82.00000   61.00000  25.6%  45.5 1655s
 724340 286666   61.00000   60   36   82.00000   61.00000  25.6%  45.5 1660s
 726518 287455   67.00000   58   57   82.00000   61.00000  25.6%  45.5 1665s
 729275 288730   81.00000   71   24   82.00000   61.00000  25.6%  45.5 1670s
 732076 289783   81.00000   74   42   82.00000   61.00000  25.6%  45.4 1675s
 734192 290662   80.00000   63   71   82.00000   61.00000  25.6%  45.4 1680s
 736381 291476 infeasible   73        82.00000   61.00000  25.6%  45.4 1685s
 739079 292651   72.00000   55   52   82.00000   61.00000  25.6%  45.4 1690s
 741562 293678 infeasible   61        82.00000   61.00000  25.6%  45.4 1695s
 743511 294379 infeasible   71        82.00000   61.00000  25.6%  45.4 1700s
 745572 295183   80.00000   74   45   82.00000   61.00000  25.6%  45.4 1705s
 747833 296010   66.00000   68   65   82.00000   61.00000  25.6%  45.4 1710s
 750276 296869   80.00000   62   41   82.00000   61.00000  25.6%  45.4 1715s
 752320 297558   81.00000   85   14   82.00000   61.00000  25.6%  45.4 1720s
 754652 298410 infeasible   75        82.00000   61.00000  25.6%  45.4 1725s
 757144 299271     cutoff   78        82.00000   61.00000  25.6%  45.4 1730s
 759566 300277   81.00000   83   16   82.00000   61.00000  25.6%  45.4 1735s
 761618 301068 infeasible   60        82.00000   61.00000  25.6%  45.4 1740s
 763719 301711   61.00000   59   65   82.00000   61.00000  25.6%  45.4 1745s
 766217 302748 infeasible   66        82.00000   61.00000  25.6%  45.3 1750s
 768675 303643   75.00000   58   75   82.00000   61.00000  25.6%  45.3 1755s
 771286 304797   80.00000   80   43   82.00000   61.00000  25.6%  45.3 1760s
 773559 305639   81.00000   74   30   82.00000   61.00000  25.6%  45.3 1765s
 775521 306382 infeasible   56        82.00000   61.00000  25.6%  45.3 1770s
 778138 307459   63.00000   53   52   82.00000   61.00000  25.6%  45.3 1775s
 780440 308399   81.00000   77   16   82.00000   61.00000  25.6%  45.3 1780s
 782440 309059   81.00000   99   19   82.00000   61.00000  25.6%  45.3 1785s
 784963 310043 infeasible   58        82.00000   61.00000  25.6%  45.3 1790s
 787300 310980   74.00000   58   60   82.00000   61.00000  25.6%  45.3 1795s

Cutting planes:
  Gomory: 1
  Cover: 28
  Implied bound: 7
  Clique: 4
  MIR: 39
  Flow cover: 114
  Network: 1
  RLT: 44
  Relax-and-lift: 30

Explored 789574 nodes (35770218 simplex iterations) in 1800.00 seconds (1595.50 work units)
Thread count was 1 (of 96 available processors)

Solution count 10: 82 82 84 ... 92

Time limit reached
Best objective 8.199999999170e+01, best bound 6.100000000000e+01, gap 25.6098%
WARNING: Loading a SolverResults object with an 'aborted' status, but
    containing a solution

Instance 19_4, formulation tres, reform hull:
  Rect 0: x = 28.00, y = 13.00
  Rect 1: x = 74.00, y = 14.00
  Rect 2: x = 15.00, y = 3.00
  Rect 3: x = 0.00, y = 14.00
  Rect 4: x = 65.00, y = 14.00
  Rect 5: x = 0.00, y = 7.00
  Rect 6: x = 25.00, y = 12.00
  Rect 7: x = 1.00, y = 3.00
  Rect 8: x = 12.00, y = 12.00
  Rect 9: x = 10.00, y = 14.00
  Rect 10: x = 10.00, y = 12.00
  Rect 11: x = 1.00, y = 10.00
  Rect 12: x = 29.00, y = 13.00
  Rect 13: x = 50.00, y = 14.00
  Rect 14: x = 58.00, y = 13.00
  Rect 15: x = 35.00, y = 14.00
  Rect 16: x = 5.00, y = 13.00
  Rect 17: x = 65.00, y = 12.00
  Rect 18: x = 3.00, y = 9.00
  → saved figures to strip_figures/19_4_tres_hull.png and strip_figures/19_4_tres_hull.pdf
Set parameter TokenServer to value "mooring.ecn.purdue.edu"
Read LP format model from file /tmp/tmpf4zwfxdz.pyomo.lp
Reading time = 0.00 seconds
x724: 875 rows, 724 columns, 4665 nonzeros
Set parameter TimeLimit to value 1800
Set parameter Threads to value 1
Gurobi Optimizer version 11.0.0 build v11.0.0rc2 (linux64 - "Oracle Linux Server 9.6")

CPU model: AMD EPYC 7643 48-Core Processor, instruction set [SSE2|AVX|AVX2]
Thread count: 48 physical cores, 96 logical processors, using up to 1 threads

Optimize a model with 875 rows, 724 columns and 4665 nonzeros
Model fingerprint: 0x3671c986
Variable types: 40 continuous, 684 integer (684 binary)
Coefficient statistics:
  Matrix range     [1e+00, 1e+02]
  Objective range  [1e+00, 1e+00]
  Bounds range     [1e+00, 1e+02]
  RHS range        [1e+00, 2e+01]
Presolve removed 364 rows and 370 columns
Presolve time: 0.00s
Presolved: 511 rows, 354 columns, 1892 nonzeros
Variable types: 33 continuous, 321 integer (321 binary)
Found heuristic solution: objective 103.0000000
Found heuristic solution: objective 101.0000000

Root relaxation: objective 2.900000e+01, 216 iterations, 0.00 seconds (0.00 work units)

    Nodes    |    Current Node    |     Objective Bounds      |     Work
 Expl Unexpl |  Obj  Depth IntInf | Incumbent    BestBd   Gap | It/Node Time

     0     0   29.00000    0   35  101.00000   29.00000  71.3%     -    0s
H    0     0                      96.0000000   29.00000  69.8%     -    0s
     0     0   33.17772    0   64   96.00000   33.17772  65.4%     -    0s
H    0     0                      93.0000000   36.41024  60.8%     -    0s
H    0     0                      88.0000000   36.41024  58.6%     -    0s
     0     0   38.64179    0   59   88.00000   38.64179  56.1%     -    0s
     0     0   38.64179    0   59   88.00000   38.64179  56.1%     -    0s
     0     0   39.35819    0   40   88.00000   39.35819  55.3%     -    0s
     0     0   40.83343    0   38   88.00000   40.83343  53.6%     -    0s
     0     0   40.83343    0   39   88.00000   40.83343  53.6%     -    0s
     0     0   40.83343    0   39   88.00000   40.83343  53.6%     -    0s
     0     0   40.83343    0   39   88.00000   40.83343  53.6%     -    0s
     0     0   41.71776    0   42   88.00000   41.71776  52.6%     -    0s
     0     0   41.71776    0   40   88.00000   41.71776  52.6%     -    0s
     0     0   41.71776    0   39   88.00000   41.71776  52.6%     -    0s
     0     0   41.71776    0   49   88.00000   41.71776  52.6%     -    0s
H    0     0                      88.0000000   41.77425  52.5%     -    0s
     0     0   41.77425    0   37   88.00000   41.77425  52.5%     -    0s
     0     0   41.77425    0   38   88.00000   41.77425  52.5%     -    0s
     0     0   41.77425    0   45   88.00000   41.77425  52.5%     -    0s
     0     0   41.77425    0   47   88.00000   41.77425  52.5%     -    0s
     0     0   41.83739    0   47   88.00000   41.83739  52.5%     -    0s
     0     0   41.83739    0   45   88.00000   41.83739  52.5%     -    0s
     0     0   41.83739    0   55   88.00000   41.83739  52.5%     -    0s
     0     0   41.83739    0   53   88.00000   41.83739  52.5%     -    0s
     0     0   41.83739    0   50   88.00000   41.83739  52.5%     -    0s
     0     0   41.83739    0   57   88.00000   41.83739  52.5%     -    0s
     0     0   41.83739    0   56   88.00000   41.83739  52.5%     -    0s
     0     0   41.83739    0   56   88.00000   41.83739  52.5%     -    0s
     0     0   41.83739    0   56   88.00000   41.83739  52.5%     -    0s
     0     0   41.83739    0   48   88.00000   41.83739  52.5%     -    0s
     0     0   41.83739    0   55   88.00000   41.83739  52.5%     -    0s
     0     0   41.83739    0   54   88.00000   41.83739  52.5%     -    0s
     0     0   41.83739    0   56   88.00000   41.83739  52.5%     -    0s
     0     0   41.83739    0   48   88.00000   41.83739  52.5%     -    0s
     0     0   41.83739    0   46   88.00000   41.83739  52.5%     -    0s
     0     0   41.83739    0   49   88.00000   41.83739  52.5%     -    0s
     0     0   41.83739    0   48   88.00000   41.83739  52.5%     -    0s
     0     0   41.83739    0   49   88.00000   41.83739  52.5%     -    0s
     0     0   41.83739    0   50   88.00000   41.83739  52.5%     -    0s
     0     0   41.83739    0   74   88.00000   41.83739  52.5%     -    0s
     0     0   41.83739    0   50   88.00000   41.83739  52.5%     -    0s
H    0     0                      87.0000000   41.83739  51.9%     -    0s
     0     2   41.87959    0   48   87.00000   41.87959  51.9%     -    0s
H   26    23                      87.0000000   41.87959  51.9%  20.0    0s
H  582   456                      86.0000000   46.68763  45.7%  10.6    0s
* 1244   724              74      85.0000000   48.17017  43.3%  15.4    1s
* 1536   728              76      84.0000000   53.00000  36.9%  14.1    1s
* 1609   656              62      83.0000000   53.00000  36.1%  14.0    1s
* 4135  1752              72      82.0000000   58.00000  29.3%  15.0    2s
  6592  2738   67.00000   39   34   82.00000   60.00000  26.8%  16.7    5s
 10224  4231   81.00000   51   43   82.00000   60.85419  25.8%  16.9   10s
 10367  4328   67.00000   55   35   82.00000   60.85419  25.8%  18.9   15s
 14380  4923   67.00000   49   59   82.00000   61.09817  25.5%  21.0   20s
H16471  4752                      82.0000000   61.84642  24.6%  22.0   23s
 17667  4749   74.00000   42   84   82.00000   62.38796  23.9%  22.7   25s
 21975  4735   81.00000   51   47   82.00000   65.00000  20.7%  24.0   30s
 26694  6045   66.18013   39   84   82.00000   66.00000  19.5%  24.9   35s
 31449  7550 infeasible   45        82.00000   66.01566  19.5%  25.3   40s
 36579  9124 infeasible   45        82.00000   66.01961  19.5%  25.6   45s
 41028 10420   74.00000   50   86   82.00000   66.02289  19.5%  25.9   50s
 45084 11577   73.00000   46   71   82.00000   66.03431  19.5%  26.0   55s
 48783 12536   66.03695   47   94   82.00000   66.03695  19.5%  26.2   60s
 52420 13579   67.00000   44   72   82.00000   66.04167  19.5%  26.3   65s
 55824 14513   81.00000   64   40   82.00000   66.04167  19.5%  26.4   70s
 59838 15642   81.33333   52   45   82.00000   66.04167  19.5%  26.4   75s
 63479 16593   67.00000   48   82   82.00000   66.04348  19.5%  26.5   80s
 67772 17722 infeasible   45        82.00000   66.05000  19.5%  26.6   85s
 71824 18703   67.30488   46   79   82.00000   66.06061  19.4%  26.8   90s
 75608 19629     cutoff   59        82.00000   66.07373  19.4%  26.9   95s
 79586 20578   72.00000   51   78   82.00000   66.11936  19.4%  27.0  100s
 83353 21584     cutoff   53        82.00000   66.34146  19.1%  27.2  105s
 87165 22575   75.00000   52   17   82.00000   67.00000  18.3%  27.2  110s
 91599 23620 infeasible   55        82.00000   67.00000  18.3%  27.4  115s
 96120 24748   81.00000   62   50   82.00000   67.00000  18.3%  27.5  120s
 100448 25772 infeasible   58        82.00000   67.00000  18.3%  27.6  125s
 105174 26908   81.00000   50   43   82.00000   67.00000  18.3%  27.7  130s
 109668 28049   71.00000   42   62   82.00000   67.00000  18.3%  27.8  135s
 113990 29132   81.00000   54   30   82.00000   67.00000  18.3%  27.8  140s
 118581 30315 infeasible   52        82.00000   67.00000  18.3%  27.9  145s
 123388 31358   68.00000   51   79   82.00000   67.00000  18.3%  27.9  150s
 128276 32535   81.00000   53   31   82.00000   67.00000  18.3%  28.0  155s
 133242 33727 infeasible   51        82.00000   67.00000  18.3%  28.0  160s
 137295 34745   67.00000   53   86   82.00000   67.00000  18.3%  28.0  165s
 142126 35942   67.00000   44   28   82.00000   67.00000  18.3%  28.1  170s
 147047 37026   67.00000   48   75   82.00000   67.00000  18.3%  28.0  175s
 151855 38171 infeasible   59        82.00000   67.00000  18.3%  28.1  180s
 156468 39283   74.00000   46   28   82.00000   67.00000  18.3%  28.1  185s
 161026 40270   70.00000   55   22   82.00000   67.00000  18.3%  28.1  190s
 165882 41486   67.68000   44   93   82.00000   67.00000  18.3%  28.0  195s
 170546 42628   70.00000   55   63   82.00000   67.00000  18.3%  28.1  200s
 175440 43759   81.00000   51   23   82.00000   67.00000  18.3%  28.0  205s
 180515 44872   80.00000   52   49   82.00000   67.00000  18.3%  27.9  210s
 184844 45755   67.00000   51   86   82.00000   67.00000  18.3%  27.9  215s
 188664 46476 infeasible   48        82.00000   67.00000  18.3%  28.0  220s
 192736 47181 infeasible   57        82.00000   67.00000  18.3%  28.1  225s
 197479 48230   71.00000   39   81   82.00000   67.00000  18.3%  28.1  230s
 201156 49085   79.00000   51   68   82.00000   67.00000  18.3%  28.2  235s
 204539 49900 infeasible   50        82.00000   67.00000  18.3%  28.2  240s
 208310 50684   81.00000   57   47   82.00000   67.00000  18.3%  28.2  245s
 211622 51497   81.00000   60   38   82.00000   67.00000  18.3%  28.3  250s
 214898 52291   81.00000   49   20   82.00000   67.00000  18.3%  28.3  255s
 218408 53114     cutoff   59        82.00000   67.00000  18.3%  28.3  260s
 222078 54014   81.00000   59   36   82.00000   67.00000  18.3%  28.3  265s
*223949 54356              70      81.9999980   67.00000  18.3%  28.4  267s
*224796 54487              62      81.9999980   67.00000  18.3%  28.4  269s
 225094 54501   70.00000   50   66   82.00000   67.00000  18.3%  28.4  270s
 228745 55128   68.00000   47   47   82.00000   67.00000  18.3%  28.4  275s
 232149 55802   67.00000   53   86   82.00000   67.00000  18.3%  28.5  280s
 235643 56450   80.00000   52   70   82.00000   67.00000  18.3%  28.5  285s
 239014 57052   71.00000   51   89   82.00000   67.00000  18.3%  28.5  290s
 242714 57853   81.00000   57   36   82.00000   67.00000  18.3%  28.5  295s
 246417 58461   80.00000   56   74   82.00000   67.00000  18.3%  28.5  300s
 250114 59105   81.00000   53   21   82.00000   67.00000  18.3%  28.5  305s
 254016 59595 infeasible   56        82.00000   67.00000  18.3%  28.5  310s
 257413 60136   80.00000   50   51   82.00000   67.00000  18.3%  28.6  315s
 261016 60664   74.00000   51   52   82.00000   67.00000  18.3%  28.6  320s
 264295 61091     cutoff   61        82.00000   67.00000  18.3%  28.6  325s
 267961 61739   81.00000   50   60   82.00000   67.00000  18.3%  28.6  330s
 271302 62177 infeasible   51        82.00000   67.00000  18.3%  28.6  335s
 274703 62668   67.00000   57   54   82.00000   67.00000  18.3%  28.7  340s
 278400 63317   81.00000   59   77   82.00000   67.00000  18.3%  28.7  345s
 282025 63978   71.16667   48   76   82.00000   67.00000  18.3%  28.7  350s
 285414 64643   72.00000   49   75   82.00000   67.00000  18.3%  28.7  355s
 288866 65328   81.00000   63   20   82.00000   67.00000  18.3%  28.7  360s
 291727 65836   67.00000   57   90   82.00000   67.00000  18.3%  28.8  365s
 295165 66488   80.00000   52   64   82.00000   67.00000  18.3%  28.8  370s
 298746 67249   81.00000   53   35   82.00000   67.00000  18.3%  28.8  375s
 302296 67905   71.00000   45   21   82.00000   67.00000  18.3%  28.9  380s
 305561 68515   67.00000   51   67   82.00000   67.00000  18.3%  28.9  385s
 308882 69149 infeasible   54        82.00000   67.00000  18.3%  28.9  390s
 312366 69899 infeasible   48        82.00000   67.00000  18.3%  29.0  395s
 315316 70572   80.00000   45   71   82.00000   67.00000  18.3%  29.0  400s
 318790 71254   67.00000   49   72   82.00000   67.00000  18.3%  29.0  405s
 322238 71865   72.00000   55   70   82.00000   67.00000  18.3%  29.0  410s
 325617 72458 infeasible   49        82.00000   67.00000  18.3%  29.1  415s
 329107 73131   67.00000   52   85   82.00000   67.00000  18.3%  29.1  420s
 332746 73668   71.00000   51   78   82.00000   67.00000  18.3%  29.1  425s
 336700 74396     cutoff   55        82.00000   67.00000  18.3%  29.1  430s
 340059 74940   71.00000   48   65   82.00000   67.00000  18.3%  29.1  435s
 343441 75563   67.00000   48   50   82.00000   67.00000  18.3%  29.1  440s
 347280 76268   70.00000   48   13   82.00000   67.00000  18.3%  29.1  445s
 351144 77019     cutoff   54        82.00000   67.00000  18.3%  29.1  450s
 355358 77794 infeasible   53        82.00000   67.00000  18.3%  29.1  455s
 359329 78486   73.00000   43   36   82.00000   67.00000  18.3%  29.1  460s
 362510 79105   81.00000   49   16   82.00000   67.00000  18.3%  29.1  465s
 366304 79659   74.00000   44   75   82.00000   67.00000  18.3%  29.1  470s
 369994 80258   80.00000   49   81   82.00000   67.00000  18.3%  29.1  475s
 373432 80879   81.00000   53   29   82.00000   67.00000  18.3%  29.2  480s
 377334 81436   67.00000   66   81   82.00000   67.00000  18.3%  29.2  485s
 381556 82181   81.00000   57   47   82.00000   67.00000  18.3%  29.1  490s
 385888 82883   69.00000   59   79   82.00000   67.00000  18.3%  29.1  495s
 389583 83474   67.00000   48   83   82.00000   67.00000  18.3%  29.1  500s
 393145 83970   67.00000   45   78   82.00000   67.00000  18.3%  29.2  505s
 396893 84659   71.00000   50   88   82.00000   67.00000  18.3%  29.1  510s
 400859 85379   81.00000   54   30   82.00000   67.00000  18.3%  29.2  515s
 404296 86022   67.00000   51   82   82.00000   67.00000  18.3%  29.2  520s
 407592 86659   79.00000   57   66   82.00000   67.00000  18.3%  29.2  525s
 411389 87354 infeasible   58        82.00000   67.00000  18.3%  29.2  530s
 414883 87906   80.00000   61   60   82.00000   67.00000  18.3%  29.2  535s
 418632 88634   79.00000   49   71   82.00000   67.00000  18.3%  29.2  540s
 421667 89241   80.00000   48   77   82.00000   67.00000  18.3%  29.2  545s
 425411 89842   80.00000   47   38   82.00000   67.00000  18.3%  29.3  550s
 429179 90449   67.00000   41   86   82.00000   67.00000  18.3%  29.3  555s
 432892 91088 infeasible   52        82.00000   67.00000  18.3%  29.3  560s
 437024 91712   67.00000   44   78   82.00000   67.00000  18.3%  29.3  565s
 441026 92327   67.00000   52   63   82.00000   67.00000  18.3%  29.3  570s
 444638 92949   67.00000   60   47   82.00000   67.00000  18.3%  29.3  575s
 448791 93616   67.00000   55   55   82.00000   67.00000  18.3%  29.3  580s
 452809 94071 infeasible   52        82.00000   67.00000  18.3%  29.3  585s
 456604 94585 infeasible   56        82.00000   67.00000  18.3%  29.3  590s
 460282 95102   67.00000   42   50   82.00000   67.00000  18.3%  29.3  595s
 464263 95705   67.00000   49   29   82.00000   67.00000  18.3%  29.3  600s
 468057 96323   67.00000   52   21   82.00000   67.00000  18.3%  29.3  605s
 471428 96837   80.00000   56   42   82.00000   67.00000  18.3%  29.3  610s
 475349 97287 infeasible   56        82.00000   67.00000  18.3%  29.3  615s
 479549 98110     cutoff   66        82.00000   67.00000  18.3%  29.3  620s
 483100 98512   69.00000   43   77   82.00000   67.00000  18.3%  29.3  625s
 487102 99082   81.00000   48   50   82.00000   67.00000  18.3%  29.3  630s
 490524 99690   80.00000   62   65   82.00000   67.00000  18.3%  29.3  635s
 494266 100306 infeasible   48        82.00000   67.00000  18.3%  29.3  640s
 497759 100821 infeasible   50        82.00000   67.00000  18.3%  29.4  645s
 501867 101545   79.00000   54   18   82.00000   67.00000  18.3%  29.3  650s
 504497 102131   81.00000   56   26   82.00000   67.00000  18.3%  29.3  655s
 508411 102912 infeasible   49        82.00000   67.00000  18.3%  29.3  660s
 512323 103486   80.00000   56   72   82.00000   67.00000  18.3%  29.3  665s
 516556 104257   67.00000   39   79   82.00000   67.00000  18.3%  29.3  670s
 520361 104804     cutoff   49        82.00000   67.00000  18.3%  29.3  675s
 524677 105599   67.00000   46   78   82.00000   67.00000  18.3%  29.3  680s
 528425 106182   67.00000   52   80   82.00000   67.00000  18.3%  29.3  685s
 532268 106734   81.00000   47   50   82.00000   67.00000  18.3%  29.3  690s
 536503 107496     cutoff   52        82.00000   67.00000  18.3%  29.3  695s
 540453 108290     cutoff   58        82.00000   67.00000  18.3%  29.3  700s
 544354 108944   80.00000   51   44   82.00000   67.00000  18.3%  29.3  705s
 547841 109614 infeasible   64        82.00000   67.00000  18.3%  29.3  710s
 551716 110374 infeasible   54        82.00000   67.00000  18.3%  29.3  715s
 555692 111022 infeasible   49        82.00000   67.00000  18.3%  29.3  720s
 560250 111772   80.00000   58   31   82.00000   67.00000  18.3%  29.2  725s
 564434 112481   67.00000   45   80   82.00000   67.00000  18.3%  29.2  730s
 567843 113177   81.00000   50   65   82.00000   67.00000  18.3%  29.2  735s
 572874 114111   80.00000   62   80   82.00000   67.00000  18.3%  29.2  740s
 576843 114845 infeasible   51        82.00000   67.00000  18.3%  29.2  745s
 581437 115698 infeasible   65        82.00000   67.00000  18.3%  29.2  750s
 585701 116402   81.00000   67   50   82.00000   67.00000  18.3%  29.2  755s
 589996 117098   81.00000   63   54   82.00000   67.00000  18.3%  29.2  760s
 594231 117817   69.30488   52   81   82.00000   67.00000  18.3%  29.2  765s
 598770 118631   80.00000   68   58   82.00000   67.00000  18.3%  29.2  770s
 603090 119368   81.00000   63   40   82.00000   67.00000  18.3%  29.2  775s
 607428 120072   67.00000   51   82   82.00000   67.00000  18.3%  29.2  780s
 611040 120613   67.10976   57   79   82.00000   67.00000  18.3%  29.2  785s
 615757 121364   67.00000   54   86   82.00000   67.00000  18.3%  29.2  790s
 619952 121945   77.00000   59   46   82.00000   67.00000  18.3%  29.2  795s
 624604 122668   67.00000   49   53   82.00000   67.00000  18.3%  29.2  800s
 629011 123427   73.19842   51   40   82.00000   67.00000  18.3%  29.2  805s
 633433 124199   67.00000   49   45   82.00000   67.00000  18.3%  29.2  810s
 637794 125027   73.78049   49   71   82.00000   67.00000  18.3%  29.2  815s
 641833 125675   68.06011   52   74   82.00000   67.00000  18.3%  29.2  820s
 646020 126314   71.00000   47   75   82.00000   67.00000  18.3%  29.2  825s
 650529 127111   67.00000   46   79   82.00000   67.00000  18.3%  29.2  830s
 655073 127805   67.00000   50   73   82.00000   67.00000  18.3%  29.2  835s
 659112 128458   81.00000   56   68   82.00000   67.00000  18.3%  29.2  840s
 663389 129203   81.00000   55   39   82.00000   67.00000  18.3%  29.2  845s
 667843 129979   79.00000   56   69   82.00000   67.00000  18.3%  29.2  850s
 671284 130515   79.00000   50   87   82.00000   67.00000  18.3%  29.2  855s
 675366 130955   67.00000   47   38   82.00000   67.00000  18.3%  29.2  860s
 679856 131756   67.00000   42   86   82.00000   67.00000  18.3%  29.2  865s
 684457 132601   81.00000   54   21   82.00000   67.00000  18.3%  29.2  870s
 688613 133302 infeasible   52        82.00000   67.00000  18.3%  29.3  875s
 693032 134150   81.00000   54   15   82.00000   67.00000  18.3%  29.3  880s
 696932 134907 infeasible   53        82.00000   67.00000  18.3%  29.3  885s
 701358 135760   81.00000   56   33   82.00000   67.00000  18.3%  29.2  890s
 706016 136692 infeasible   49        82.00000   67.00000  18.3%  29.2  895s
 710263 137427     cutoff   63        82.00000   67.00000  18.3%  29.2  900s
 714756 138099   81.00000   55   25   82.00000   67.00000  18.3%  29.2  905s
 719076 138769   80.00000   59   60   82.00000   67.00000  18.3%  29.2  910s
 723300 139344   81.00000   49   24   82.00000   67.00000  18.3%  29.2  915s
 727320 139946   67.00000   49   40   82.00000   67.00000  18.3%  29.2  920s
 731562 140537   80.00000   53   30   82.00000   67.00000  18.3%  29.2  925s
 735857 141139   67.00000   51   79   82.00000   67.00000  18.3%  29.2  930s
 739774 141776 infeasible   52        82.00000   67.00000  18.3%  29.2  935s
 743941 142530   80.00000   63   24   82.00000   67.00000  18.3%  29.2  940s
 748664 143326   67.00000   48   72   82.00000   67.00000  18.3%  29.2  945s
 751946 143852   80.00000   60   55   82.00000   67.00000  18.3%  29.2  950s
 756452 144599   81.00000   56   59   82.00000   67.00000  18.3%  29.2  955s
 760866 145333   80.00000   56   78   82.00000   67.00000  18.3%  29.2  960s
 765606 146257 infeasible   62        82.00000   67.00000  18.3%  29.2  965s
 770659 147189 infeasible   67        82.00000   67.00000  18.3%  29.2  970s
 774997 147915   81.00000   64    5   82.00000   67.00000  18.3%  29.2  975s
 779725 148678   80.00000   62   40   82.00000   67.00000  18.3%  29.2  980s
 783982 149527   80.00000   58   57   82.00000   67.00000  18.3%  29.1  985s
 788441 150273   72.00000   51   86   82.00000   67.00000  18.3%  29.1  990s
 792375 150878   81.00000   57   38   82.00000   67.00000  18.3%  29.1  995s
 796625 151489 infeasible   49        82.00000   67.00000  18.3%  29.1 1000s
 800697 152247   81.00000   59   10   82.00000   67.00000  18.3%  29.2 1005s
 804990 152945   67.00000   51   72   82.00000   67.00000  18.3%  29.2 1010s
 808854 153630   67.00000   49   76   82.00000   67.00000  18.3%  29.2 1015s
 813307 154376   67.30488   47  100   82.00000   67.00000  18.3%  29.2 1020s
 817663 155053   81.00000   53   55   82.00000   67.00000  18.3%  29.2 1025s
 821853 155624   67.00000   43   81   82.00000   67.00000  18.3%  29.2 1030s
 825404 156096 infeasible   52        82.00000   67.00000  18.3%  29.2 1035s
 829570 156834   81.00000   60   64   82.00000   67.00000  18.3%  29.2 1040s
 833448 157478   80.00000   47   55   82.00000   67.00000  18.3%  29.2 1045s
 837687 158181   80.00000   56   51   82.00000   67.00000  18.3%  29.2 1050s
 842100 158871 infeasible   51        82.00000   67.00000  18.3%  29.2 1055s
 846673 159700   67.00000   44   79   82.00000   67.00000  18.3%  29.2 1060s
 850852 160525   81.00000   69   35   82.00000   67.00000  18.3%  29.2 1065s
 855394 161350   81.00000   47   62   82.00000   67.00000  18.3%  29.2 1070s
 859623 161971 infeasible   56        82.00000   67.00000  18.3%  29.2 1075s
 864216 162832     cutoff   63        82.00000   67.00000  18.3%  29.2 1080s
 868540 163693   67.00000   45   83   82.00000   67.00000  18.3%  29.2 1085s
 871351 164025   71.00000   60   76   82.00000   67.00000  18.3%  29.2 1090s
 875778 164834   75.43902   55   81   82.00000   67.00000  18.3%  29.2 1095s
 880305 165643   80.00000   50   52   82.00000   67.00000  18.3%  29.2 1100s
 884683 166342   81.00000   58   61   82.00000   67.00000  18.3%  29.2 1105s
 888997 167050   81.00000   58   20   82.00000   67.00000  18.3%  29.2 1110s
 893324 167725   67.00000   55   66   82.00000   67.00000  18.3%  29.2 1115s
 897258 168378     cutoff   66        82.00000   67.00000  18.3%  29.2 1120s
 901365 169122 infeasible   57        82.00000   67.00000  18.3%  29.2 1125s
 905836 169897   81.00000   59   30   82.00000   67.00000  18.3%  29.2 1130s
 910125 170459   73.00000   44   32   82.00000   67.00000  18.3%  29.2 1135s
 914648 171210   67.00000   47   64   82.00000   67.00000  18.3%  29.2 1140s
 919034 171965   81.00000   58   62   82.00000   67.00000  18.3%  29.2 1145s
 923623 172786 infeasible   54        82.00000   67.00000  18.3%  29.2 1150s
 927872 173436 infeasible   50        82.00000   67.00000  18.3%  29.2 1155s
 931789 174045   67.00000   47   37   82.00000   67.00000  18.3%  29.2 1160s
 935194 174634   67.00029   44   93   82.00000   67.00029  18.3%  29.2 1165s
 939402 175330   81.00000   66   51   82.00000   67.00041  18.3%  29.2 1170s
 944061 176084   67.04444   51   87   82.00000   67.00210  18.3%  29.2 1175s
 948084 176807 infeasible   61        82.00000   67.02128  18.3%  29.2 1180s
 952590 177399 infeasible   46        82.00000   67.08153  18.2%  29.2 1185s
 957071 178084   81.00000   58   30   82.00000   67.19178  18.1%  29.2 1190s
 961389 178716 infeasible   54        82.00000   67.44318  17.8%  29.2 1195s
 965323 179203     cutoff   70        82.00000   67.87805  17.2%  29.2 1200s
 969771 179857 infeasible   53        82.00000   68.00000  17.1%  29.2 1205s
 974558 180522   80.00000   50   67   82.00000   68.00000  17.1%  29.2 1210s
 979298 181230 infeasible   59        82.00000   68.00000  17.1%  29.2 1215s
 984363 181973   81.00000   60   16   82.00000   68.00000  17.1%  29.1 1220s
 988692 182461   68.00000   49   15   82.00000   68.00000  17.1%  29.1 1225s
 992142 182915 infeasible   62        82.00000   68.00000  17.1%  29.1 1230s
 997006 183661   68.00000   57   87   82.00000   68.00000  17.1%  29.1 1235s
 1001706 184346   81.00000   58   85   82.00000   68.00000  17.1%  29.1 1240s
 1006449 185036 infeasible   49        82.00000   68.00000  17.1%  29.1 1245s
 1010886 185712   81.00000   62   50   82.00000   68.00000  17.1%  29.1 1250s
 1015391 186413   68.00000   57   53   82.00000   68.00000  17.1%  29.1 1255s
 1020391 187194   68.00000   58   15   82.00000   68.00000  17.1%  29.1 1260s
 1024916 187912 infeasible   51        82.00000   68.00000  17.1%  29.1 1265s
 1029756 188668   68.00000   49   68   82.00000   68.00000  17.1%  29.0 1270s
 1034455 189347   81.00000   57   35   82.00000   68.00000  17.1%  29.0 1275s
 1039359 190102   70.00000   58   76   82.00000   68.00000  17.1%  29.0 1280s
 1043656 190868   81.00000   65   12   82.00000   68.00000  17.1%  29.0 1285s
 1048594 191695   68.27397   53   85   82.00000   68.00000  17.1%  29.0 1290s
 1053126 192582   81.00000   54   18   82.00000   68.00000  17.1%  29.0 1295s
 1058145 193396   70.00000   60   67   82.00000   68.00000  17.1%  29.0 1300s
 1062732 193983   80.00000   64   63   82.00000   68.00000  17.1%  28.9 1305s
 1067806 194695   80.00000   65   64   82.00000   68.00000  17.1%  28.9 1310s
 1072863 195394   68.00000   52   32   82.00000   68.00000  17.1%  28.9 1315s
 1077658 196106   68.00000   58   28   82.00000   68.00000  17.1%  28.9 1320s
 1082482 196647   81.00000   52   75   82.00000   68.00000  17.1%  28.9 1325s
 1086216 197212 infeasible   69        82.00000   68.00000  17.1%  28.9 1330s
 1091132 198004   81.00000   56   42   82.00000   68.00000  17.1%  28.9 1335s
 1096301 198795   81.00000   61   25   82.00000   68.00000  17.1%  28.8 1340s
 1101304 199599   71.00000   59   54   82.00000   68.00000  17.1%  28.8 1345s
 1106096 200351   68.00000   53   97   82.00000   68.00000  17.1%  28.8 1350s
 1110848 201012   72.00000   58   82   82.00000   68.00000  17.1%  28.8 1355s
 1115530 201664     cutoff   60        82.00000   68.00000  17.1%  28.8 1360s
 1119790 202276   73.00000   57   75   82.00000   68.00000  17.1%  28.8 1365s
 1123891 202649   68.00000   59   89   82.00000   68.00000  17.1%  28.8 1370s
 1128750 203455   72.00000   47   94   82.00000   68.00000  17.1%  28.8 1375s
 1133238 204005 infeasible   59        82.00000   68.00000  17.1%  28.8 1380s
 1138010 204713   81.00000   61   20   82.00000   68.00000  17.1%  28.8 1385s
 1141966 205256   80.00000   68   33   82.00000   68.00000  17.1%  28.8 1390s
 1146850 205866   81.00000   57   77   82.00000   68.00000  17.1%  28.7 1395s
 1151888 206661   68.00000   44   69   82.00000   68.00000  17.1%  28.7 1400s
 1156798 207404 infeasible   57        82.00000   68.00000  17.1%  28.7 1405s
 1161443 208069     cutoff   48        82.00000   68.00000  17.1%  28.7 1410s
 1165797 208739 infeasible   62        82.00000   68.00000  17.1%  28.7 1415s
 1170621 209503   68.00000   50   82   82.00000   68.00000  17.1%  28.7 1420s
 1175342 210145   68.00000   55   82   82.00000   68.00000  17.1%  28.7 1425s
 1179367 210721   68.00000   52   80   82.00000   68.00000  17.1%  28.7 1430s
 1183983 211285 infeasible   62        82.00000   68.00000  17.1%  28.7 1435s
 1188697 212028   80.00000   61   71   82.00000   68.00000  17.1%  28.6 1440s
 1193571 212608 infeasible   57        82.00000   68.00000  17.1%  28.6 1445s
 1198400 213272   80.00000   61   65   82.00000   68.00000  17.1%  28.6 1450s
 1203330 214055 infeasible   50        82.00000   68.12346  16.9%  28.6 1455s
 1207999 214630 infeasible   61        82.00000   68.79310  16.1%  28.6 1460s
 1212245 215012 infeasible   51        82.00000   69.00000  15.9%  28.6 1465s
 1216454 215403   80.00000   54   72   82.00000   69.00000  15.9%  28.6 1470s
 1220203 215971   81.00000   54   67   82.00000   69.00000  15.9%  28.6 1475s
 1224936 216663 infeasible   55        82.00000   69.00000  15.9%  28.6 1480s
 1229659 217446   69.00000   48   84   82.00000   69.00000  15.9%  28.6 1485s
 1234543 218350   81.00000   58   30   82.00000   69.00000  15.9%  28.6 1490s
 1238885 219037 infeasible   59        82.00000   69.00000  15.9%  28.6 1495s
 1243895 220009   70.00000   59   87   82.00000   69.00000  15.9%  28.6 1500s
 1248838 220903   81.00000   59   74   82.00000   69.00000  15.9%  28.6 1505s
 1253738 221758   71.00000   51   82   82.00000   69.00000  15.9%  28.5 1510s
 1257879 222558 infeasible   81        82.00000   69.00000  15.9%  28.5 1515s
 1262594 223211   81.02222   48   48   82.00000   69.00000  15.9%  28.5 1520s
 1267226 223961 infeasible   61        82.00000   69.00000  15.9%  28.5 1525s
 1272172 224730   81.00000   56   20   82.00000   69.00000  15.9%  28.5 1530s
 1276897 225612     cutoff   60        82.00000   69.00000  15.9%  28.5 1535s
 1281696 226521   80.00000   66   38   82.00000   69.00000  15.9%  28.5 1540s
 1285136 227151   79.00000   56   68   82.00000   69.00000  15.9%  28.5 1545s
 1288971 227793   81.00000   73   16   82.00000   69.00000  15.9%  28.5 1550s
 1292709 228418   81.00000   61   52   82.00000   69.00000  15.9%  28.5 1555s
 1295925 228968   81.00000   69   35   82.00000   69.00000  15.9%  28.5 1560s
 1299040 229445   71.16667   51   76   82.00000   69.00000  15.9%  28.5 1565s
 1302731 230041   80.00000   68   37   82.00000   69.00000  15.9%  28.5 1570s
 1306539 230564   81.00000   59    6   82.00000   69.00000  15.9%  28.5 1575s
 1309851 231195   80.00000   58   66   82.00000   69.00000  15.9%  28.5 1580s
 1313533 231809   79.00000   61   68   82.00000   69.00000  15.9%  28.5 1585s
 1316745 232322   80.00000   56   64   82.00000   69.00000  15.9%  28.5 1590s
 1320498 232922 infeasible   53        82.00000   69.00000  15.9%  28.5 1595s
 1324501 233714   69.00000   60   75   82.00000   69.00000  15.9%  28.5 1600s
 1328308 234391   81.00000   64   13   82.00000   69.00000  15.9%  28.5 1605s
 1331990 234903   80.01220   50   72   82.00000   69.04878  15.8%  28.5 1610s
 1335644 235498   80.00000   62   37   82.00000   69.30488  15.5%  28.5 1615s
 1339345 236016   81.00000   51   67   82.00000   69.77895  14.9%  28.5 1620s
 1342750 236317   70.00000   48   83   82.00000   70.00000  14.6%  28.5 1625s
 1346593 236748   81.00000   64   21   82.00000   70.00000  14.6%  28.5 1630s
 1350331 237132   80.00000   52   76   82.00000   70.00000  14.6%  28.5 1635s
 1353910 237551 infeasible   56        82.00000   70.00000  14.6%  28.5 1640s
 1357231 237894   70.00000   66   80   82.00000   70.00000  14.6%  28.5 1645s
 1360355 238273 infeasible   56        82.00000   70.00000  14.6%  28.5 1650s
 1363992 238569   74.00000   61   83   82.00000   70.00000  14.6%  28.5 1655s
 1367821 239065 infeasible   53        82.00000   70.00000  14.6%  28.5 1660s
 1371741 239506   81.00000   59   27   82.00000   70.00000  14.6%  28.5 1665s
 1375584 239924     cutoff   57        82.00000   70.00000  14.6%  28.5 1670s
 1378983 240328   80.00000   64   42   82.00000   70.00000  14.6%  28.5 1675s
 1382798 240803   81.00000   61   60   82.00000   70.00000  14.6%  28.5 1680s
 1386604 241301   80.00000   63   79   82.00000   70.00000  14.6%  28.5 1685s
 1390295 241677     cutoff   57        82.00000   70.00000  14.6%  28.5 1690s
 1393419 242045 infeasible   55        82.00000   70.00000  14.6%  28.5 1695s
 1397240 242552   70.00000   64   87   82.00000   70.00000  14.6%  28.5 1700s
 1400500 242905   80.00000   62   70   82.00000   70.00000  14.6%  28.5 1705s
 1404076 243233     cutoff   62        82.00000   70.00000  14.6%  28.5 1710s
 1408141 243741   81.00000   64   45   82.00000   70.00000  14.6%  28.5 1715s
 1412041 244184   81.00000   58   39   82.00000   70.00000  14.6%  28.5 1720s
 1415601 244620     cutoff   60        82.00000   70.00000  14.6%  28.5 1725s
 1419001 245032   75.00000   47   68   82.00000   70.00000  14.6%  28.5 1730s
 1422686 245385   81.00000   50   45   82.00000   70.00000  14.6%  28.5 1735s
 1426166 245669   80.00000   52   69   82.00000   70.00000  14.6%  28.5 1740s
 1429990 245995     cutoff   62        82.00000   70.00000  14.6%  28.5 1745s
 1434033 246561   80.00000   72   60   82.00000   70.00000  14.6%  28.5 1750s
 1437437 246947     cutoff   66        82.00000   70.00000  14.6%  28.5 1755s
 1441296 247409   81.00000   62   12   82.00000   70.00000  14.6%  28.5 1760s
 1444667 247818   80.00000   53   40   82.00000   70.00000  14.6%  28.5 1765s
 1448207 248185   81.00000   53   88   82.00000   70.00000  14.6%  28.5 1770s
 1451950 248626   80.00000   57   73   82.00000   70.00000  14.6%  28.5 1775s
 1455838 249066   81.00000   53   75   82.00000   70.14815  14.5%  28.5 1780s
 1459612 249569   81.00000   60   21   82.00000   70.81818  13.6%  28.5 1785s
 1463099 249992     cutoff   48        82.00000   71.00000  13.4%  28.5 1790s
 1466322 250382 infeasible   54        82.00000   71.00000  13.4%  28.5 1795s

Cutting planes:
  Learned: 1
  Gomory: 51
  Cover: 174
  Implied bound: 159
  Clique: 50
  MIR: 191
  Mixing: 13
  StrongCG: 5
  Flow cover: 849
  Inf proof: 89
  Zero half: 3
  RLT: 87
  Relax-and-lift: 27
  BQP: 2
  PSD: 1

Explored 1469782 nodes (41955922 simplex iterations) in 1800.00 seconds (1897.34 work units)
Thread count was 1 (of 96 available processors)

Solution count 10: 82 82 82 ... 87

Time limit reached
Warning: max constraint violation (2.0086e-06) exceeds tolerance
Best objective 8.199999798312e+01, best bound 7.100000000000e+01, gap 13.4146%
WARNING: Loading a SolverResults object with an 'aborted' status, but
    containing a solution

Instance 19_4, formulation reagg, reform MIP:
  Rect 0: x = 74.00, y = 13.00
  Rect 1: x = 43.00, y = 14.00
  Rect 2: x = 0.00, y = 14.00
  Rect 3: x = 0.00, y = 4.00
  Rect 4: x = 5.00, y = 2.00
  Rect 5: x = 0.00, y = 11.00
  Rect 6: x = 5.00, y = 11.00
  Rect 7: x = 29.00, y = 4.00
  Rect 8: x = 30.00, y = 13.00
  Rect 9: x = 13.00, y = 14.00
  Rect 10: x = 28.00, y = 14.00
  Rect 11: x = 3.00, y = 11.00
  Rect 12: x = 22.00, y = 13.00
  Rect 13: x = 51.00, y = 14.00
  Rect 14: x = 75.00, y = 13.00
  Rect 15: x = 59.00, y = 14.00
  Rect 16: x = 8.00, y = 10.00
  Rect 17: x = 13.00, y = 12.00
  Rect 18: x = 1.00, y = 10.00
  → saved figures to strip_figures/19_4_reagg_MIP.png and strip_figures/19_4_reagg_MIP.pdf
Set parameter TokenServer to value "mooring.ecn.purdue.edu"
Read LP format model from file /tmp/tmp1zy1auiu.pyomo.lp
Reading time = 0.00 seconds
x724: 875 rows, 724 columns, 4665 nonzeros
Set parameter TimeLimit to value 1800
Set parameter Threads to value 1
Gurobi Optimizer version 11.0.0 build v11.0.0rc2 (linux64 - "Oracle Linux Server 9.6")

CPU model: AMD EPYC 7643 48-Core Processor, instruction set [SSE2|AVX|AVX2]
Thread count: 48 physical cores, 96 logical processors, using up to 1 threads

Optimize a model with 875 rows, 724 columns and 4665 nonzeros
Model fingerprint: 0x76a8e140
Variable types: 40 continuous, 684 integer (684 binary)
Coefficient statistics:
  Matrix range     [1e+00, 1e+02]
  Objective range  [1e+00, 1e+00]
  Bounds range     [1e+00, 1e+02]
  RHS range        [1e+00, 2e+01]
Presolve removed 364 rows and 370 columns
Presolve time: 0.00s
Presolved: 511 rows, 354 columns, 1845 nonzeros
Variable types: 33 continuous, 321 integer (321 binary)
Found heuristic solution: objective 124.0000000

Root relaxation: objective 2.900000e+01, 204 iterations, 0.00 seconds (0.00 work units)

    Nodes    |    Current Node    |     Objective Bounds      |     Work
 Expl Unexpl |  Obj  Depth IntInf | Incumbent    BestBd   Gap | It/Node Time

     0     0   29.00000    0   41  124.00000   29.00000  76.6%     -    0s
H    0     0                     110.0000000   29.00000  73.6%     -    0s
     0     0   30.32616    0   95  110.00000   30.32616  72.4%     -    0s
H    0     0                      97.0000000   34.03047  64.9%     -    0s
     0     0   35.74932    0  131   97.00000   35.74932  63.1%     -    0s
     0     0   35.74932    0  131   97.00000   35.74932  63.1%     -    0s
     0     0   41.80133    0  119   97.00000   41.80133  56.9%     -    0s
     0     0   41.80133    0  118   97.00000   41.80133  56.9%     -    0s
     0     0   41.80133    0  110   97.00000   41.80133  56.9%     -    0s
     0     0   42.05015    0  110   97.00000   42.05015  56.6%     -    0s
     0     0   42.05015    0  111   97.00000   42.05015  56.6%     -    0s
     0     0   42.05015    0   42   97.00000   42.05015  56.6%     -    0s
H    0     0                      84.0000000   42.05015  49.9%     -    0s
     0     0   42.05015    0   40   84.00000   42.05015  49.9%     -    0s
     0     0   42.05015    0   37   84.00000   42.05015  49.9%     -    0s
     0     0   42.05015    0   45   84.00000   42.05015  49.9%     -    0s
     0     0   42.05015    0   41   84.00000   42.05015  49.9%     -    0s
     0     0   42.05015    0   45   84.00000   42.05015  49.9%     -    0s
     0     0   42.05015    0   45   84.00000   42.05015  49.9%     -    0s
     0     0   42.05015    0   37   84.00000   42.05015  49.9%     -    0s
     0     0   42.05015    0   41   84.00000   42.05015  49.9%     -    0s
     0     0   42.05015    0   45   84.00000   42.05015  49.9%     -    0s
     0     0   42.05159    0   59   84.00000   42.05159  49.9%     -    0s
     0     0   42.06765    0   89   84.00000   42.06765  49.9%     -    0s
     0     0   42.10520    0  104   84.00000   42.10520  49.9%     -    0s
     0     0   42.10698    0  111   84.00000   42.10698  49.9%     -    0s
     0     0   42.11605    0   84   84.00000   42.11605  49.9%     -    0s
     0     0   42.11863    0   97   84.00000   42.11863  49.9%     -    0s
     0     0   42.12810    0   78   84.00000   42.12810  49.8%     -    0s
     0     0   42.12872    0   78   84.00000   42.12872  49.8%     -    0s
     0     2   42.13112    0   42   84.00000   42.13112  49.8%     -    0s
H  912   558                      84.0000000   46.87173  44.2%  21.3    1s
*  971   524              62      83.0000000   46.87173  43.5%  20.8    1s
H 1204   587                      83.0000000   50.74414  38.9%  20.0    1s
H 2223   975                      82.0000000   55.03482  32.9%  18.7    2s
  6577  2892   81.00000   42   24   82.00000   59.48027  27.5%  19.0    5s
H10202  4260                      82.0000000   60.50986  26.2%  19.4    9s
 10213  4268   80.00000   30   47   82.00000   60.50986  26.2%  19.4   10s
 12366  4885   80.00000   57   23   82.00000   60.50986  26.2%  20.9   15s
 18238  5523   71.12162   37   42   82.00000   65.12162  20.6%  21.3   20s
 24914  6696   72.00000   42   52   82.00000   66.01370  19.5%  21.3   25s
 31147  9032   66.01961   41   50   82.00000   66.01961  19.5%  21.5   30s
 37030 11101   66.02222   41   76   82.00000   66.02222  19.5%  21.6   35s
 42711 13080   80.00000   46   47   82.00000   66.02222  19.5%  21.6   40s
 48355 14822   80.00000   44   16   82.00000   66.02328  19.5%  21.7   45s
 53778 16598     cutoff   49        82.00000   66.02632  19.5%  21.8   50s
 58706 18213   67.00000   43   57   82.00000   66.03226  19.5%  21.9   55s
 64651 20317   67.00000   39   41   82.00000   66.04348  19.5%  21.8   60s
 70655 22383   71.00000   46   46   82.00000   66.14286  19.3%  21.8   65s
 76480 24475   80.00000   49   18   82.00000   67.00000  18.3%  21.8   70s
 80545 25786   79.00000   44   31   82.00000   67.00000  18.3%  22.0   75s
 86327 27792   73.00000   47   41   82.00000   67.00000  18.3%  22.2   80s
 91728 29294 infeasible   61        82.00000   67.00000  18.3%  22.3   85s
 97307 31020 infeasible   53        82.00000   67.00000  18.3%  22.4   90s
 102784 32614   81.00000   60   46   82.00000   67.00000  18.3%  22.4   95s
 108295 34213   68.00000   49   54   82.00000   67.00000  18.3%  22.5  100s
 112546 35389   80.00000   41   25   82.00000   67.00000  18.3%  22.6  105s
 118145 37012 infeasible   57        82.00000   67.00000  18.3%  22.6  110s
 123548 38555 infeasible   45        82.00000   67.00000  18.3%  22.6  115s
 128853 40102   67.00000   38   54   82.00000   67.00000  18.3%  22.7  120s
 133391 41373   74.00000   48   37   82.00000   67.00000  18.3%  22.7  125s
 138221 42848   80.00000   40   29   82.00000   67.00000  18.3%  22.8  130s
 143613 44447   67.00000   44   49   82.00000   67.00000  18.3%  22.8  135s
 148739 45881   79.00000   61   28   82.00000   67.00000  18.3%  22.9  140s
 154172 47508   74.00000   51   25   82.00000   67.00000  18.3%  22.9  145s
 158886 48807   67.00000   44   35   82.00000   67.00000  18.3%  22.9  150s
 163900 50160 infeasible   58        82.00000   67.00000  18.3%  23.0  155s
 169401 51824   67.00000   44   51   82.00000   67.00000  18.3%  22.9  160s
 174119 52959   67.00000   39   72   82.00000   67.00000  18.3%  23.0  165s
 179056 54375 infeasible   52        82.00000   67.00000  18.3%  23.0  170s
 183550 55362   68.00000   45   27   82.00000   67.00000  18.3%  23.0  175s
 188246 56706   67.00000   39   43   82.00000   67.00000  18.3%  23.1  180s
 193328 58019   80.00000   54   21   82.00000   67.00000  18.3%  23.1  185s
 198105 59281   67.00000   45   45   82.00000   67.00000  18.3%  23.1  190s
 203278 60691 infeasible   51        82.00000   67.00000  18.3%  23.1  195s
 207991 61808   81.00000   59   26   82.00000   67.00000  18.3%  23.2  200s
 212557 62882   73.00000   45   43   82.00000   67.00000  18.3%  23.2  205s
 217298 64151   74.00000   50   61   82.00000   67.00000  18.3%  23.3  210s
 222007 65500   68.00000   54   45   82.00000   67.00000  18.3%  23.3  215s
 226400 66598   80.00000   49   62   82.00000   67.00000  18.3%  23.3  220s
 230937 67629 infeasible   54        82.00000   67.00000  18.3%  23.4  225s
 235899 68930   80.00000   51   20   82.00000   67.00000  18.3%  23.4  230s
 240777 70310   81.00000   50   16   82.00000   67.00000  18.3%  23.4  235s
 245799 71657   67.00000   42   46   82.00000   67.00000  18.3%  23.4  240s
 250614 72952   69.62963   48   30   82.00000   67.00000  18.3%  23.4  245s
H251541 73155                      81.9999991   67.00000  18.3%  23.5  246s
 254065 73756   81.00000   47   35   82.00000   67.00000  18.3%  23.5  250s
*254347 73860              65      81.9999987   67.00000  18.3%  23.5  250s
*254653 73958              63      81.9999987   67.00000  18.3%  23.5  250s
 258353 74854   67.00000   43   36   82.00000   67.00000  18.3%  23.5  255s
 263066 75969   67.00000   42   36   82.00000   67.00000  18.3%  23.6  260s
 267191 76963   80.00000   46   54   82.00000   67.00000  18.3%  23.7  265s
 272129 78282   67.00000   42   46   82.00000   67.00000  18.3%  23.7  270s
 276658 79359     cutoff   47        82.00000   67.00000  18.3%  23.7  275s
 281286 80449   81.00000   46   28   82.00000   67.00000  18.3%  23.8  280s
 285032 81283   80.00000   53   51   82.00000   67.00000  18.3%  23.8  285s
 289513 82327   67.00000   54   38   82.00000   67.00000  18.3%  23.8  290s
 293886 83265   75.00000   49   42   82.00000   67.00000  18.3%  23.9  295s
 298408 84310   81.00000   49   31   82.00000   67.00000  18.3%  23.9  300s
 302993 85376 infeasible   60        82.00000   67.00000  18.3%  23.9  305s
 306499 86042   81.00000   62   20   82.00000   67.00000  18.3%  24.0  310s
 310843 86987   74.52941   43   36   82.00000   67.00000  18.3%  24.0  315s
 315064 87923     cutoff   58        82.00000   67.00000  18.3%  24.1  320s
 319709 88917   81.00000   59   24   82.00000   67.00000  18.3%  24.1  325s
 324510 90034   80.00000   47   28   82.00000   67.00000  18.3%  24.1  330s
 328417 90785     cutoff   56        82.00000   67.00000  18.3%  24.1  335s
 332822 91747   81.00000   58   38   82.00000   67.00000  18.3%  24.1  340s
 337652 92862   81.00000   58   21   82.00000   67.00000  18.3%  24.1  345s
 342443 94023   80.00000   59   44   82.00000   67.00000  18.3%  24.1  350s
 346980 95044   80.00000   45   31   82.00000   67.00000  18.3%  24.1  355s
 352026 96284     cutoff   48        82.00000   67.00000  18.3%  24.1  360s
 355861 97186   81.00000   57   36   82.00000   67.00000  18.3%  24.2  365s
 359388 97905   73.00000   56   54   82.00000   67.00000  18.3%  24.2  370s
 364247 99015   80.00000   55   44   82.00000   67.00000  18.3%  24.2  375s
 368835 99981     cutoff   63        82.00000   67.00000  18.3%  24.2  380s
 372872 100841   81.00000   53   28   82.00000   67.00000  18.3%  24.3  385s
 377893 102097   67.00000   46   54   82.00000   67.00000  18.3%  24.3  390s
 382557 103279 infeasible   54        82.00000   67.00000  18.3%  24.2  395s
 387820 104749   80.00000   49   29   82.00000   67.00000  18.3%  24.2  400s
 391580 105498     cutoff   50        82.00000   67.00000  18.3%  24.2  405s
 395970 106488   79.00000   54   34   82.00000   67.00000  18.3%  24.3  410s
 400767 107622   80.00000   52   50   82.00000   67.00000  18.3%  24.3  415s
 404831 108597   67.00000   45   46   82.00000   67.00000  18.3%  24.3  420s
 409691 109666 infeasible   50        82.00000   67.00000  18.3%  24.3  425s
 414552 110736   81.00000   58   27   82.00000   67.00000  18.3%  24.3  430s
 419444 112051   80.00000   48   37   82.00000   67.00000  18.3%  24.3  435s
 423778 112887 infeasible   48        82.00000   67.00000  18.3%  24.3  440s
 427325 113537   73.00000   52   32   82.00000   67.00000  18.3%  24.3  445s
 431314 114382   81.00000   53   25   82.00000   67.00000  18.3%  24.4  450s
 435429 115298   79.00000   53   44   82.00000   67.00000  18.3%  24.4  455s
 439446 116093   80.00000   51   35   82.00000   67.00000  18.3%  24.5  460s
 443891 117034   81.00000   53   29   82.00000   67.00000  18.3%  24.5  465s
 447836 117851   80.00000   53   35   82.00000   67.00000  18.3%  24.5  470s
 451810 118678   67.00000   52   48   82.00000   67.00000  18.3%  24.5  475s
 456412 119699   72.00000   46   59   82.00000   67.00000  18.3%  24.6  480s
 460484 120528   81.00000   49   48   82.00000   67.00000  18.3%  24.6  485s
 465074 121389   81.00000   53   20   82.00000   67.00000  18.3%  24.6  490s
 468759 122102   73.00000   49   55   82.00000   67.00000  18.3%  24.6  495s
 472585 122793   80.00000   51   36   82.00000   67.00000  18.3%  24.6  500s
 477355 123886   81.00000   47   28   82.00000   67.00000  18.3%  24.6  505s
 481756 124810   67.00000   41   70   82.00000   67.00000  18.3%  24.6  510s
 486497 125961 infeasible   46        82.00000   67.00000  18.3%  24.6  515s
 490776 126839   81.00000   56   57   82.00000   67.00000  18.3%  24.7  520s
 495138 127971 infeasible   50        82.00000   67.00000  18.3%  24.7  525s
 498763 128679   80.00000   58   31   82.00000   67.00000  18.3%  24.7  530s
 503049 129568 infeasible   55        82.00000   67.00000  18.3%  24.7  535s
 507321 130491   72.00000   50   41   82.00000   67.00000  18.3%  24.7  540s
 512064 131659   80.00000   45   34   82.00000   67.00000  18.3%  24.7  545s
 516574 132655 infeasible   52        82.00000   67.00000  18.3%  24.7  550s
 520839 133590     cutoff   55        82.00000   67.00000  18.3%  24.7  555s
 524948 134482   67.00000   41   31   82.00000   67.00000  18.3%  24.7  560s
 527749 135023   67.00000   47   64   82.00000   67.00000  18.3%  24.8  565s
 531736 135972   80.01220   50   37   82.00000   67.00000  18.3%  24.8  570s
 536360 137157     cutoff   45        82.00000   67.00000  18.3%  24.8  575s
 540902 138126 infeasible   50        82.00000   67.00000  18.3%  24.8  580s
 545342 139103     cutoff   49        82.00000   67.00000  18.3%  24.8  585s
 550700 140512   79.00000   54   35   82.00000   67.00000  18.3%  24.7  590s
 554759 141291     cutoff   62        82.00000   67.00000  18.3%  24.8  595s
 558980 142106   74.00000   47   48   82.00000   67.00000  18.3%  24.8  600s
 562722 142889   81.00000   62   34   82.00000   67.00000  18.3%  24.8  605s
 566833 143778 infeasible   50        82.00000   67.00000  18.3%  24.8  610s
 571165 144719   80.00000   50   40   82.00000   67.00000  18.3%  24.8  615s
 575629 145691 infeasible   54        82.00000   67.00000  18.3%  24.8  620s
 579483 146576 infeasible   47        82.00000   67.00000  18.3%  24.8  625s
 583695 147333     cutoff   59        82.00000   67.00000  18.3%  24.8  630s
 588120 148244   81.00000   45   47   82.00000   67.00000  18.3%  24.9  635s
 592741 149368   67.00000   45   50   82.00000   67.00000  18.3%  24.9  640s
 595878 149866   81.00000   55   32   82.00000   67.00000  18.3%  24.9  645s
 600409 150966 infeasible   52        82.00000   67.00000  18.3%  24.9  650s
 604332 151818   67.00000   50   53   82.00000   67.00000  18.3%  24.9  655s
 608392 152604   67.00000   44   55   82.00000   67.00000  18.3%  24.9  660s
 612141 153272   81.00000   58   35   82.00000   67.00000  18.3%  24.9  665s
 615648 153936   67.00000   38   34   82.00000   67.00000  18.3%  25.0  670s
 619727 154825   81.00000   48   31   82.00000   67.00000  18.3%  25.0  675s
 622905 155445   80.00000   54   68   82.00000   67.00000  18.3%  25.0  680s
 627360 156493   67.00000   50   52   82.00000   67.00000  18.3%  25.0  685s
 631460 157126 infeasible   44        82.00000   67.00000  18.3%  25.0  690s
 635505 158066   81.00000   59   51   82.00000   67.00000  18.3%  25.0  695s
 640382 159214   81.00000   54   33   82.00000   67.00000  18.3%  25.0  700s
 645134 160108 infeasible   56        82.00000   67.00000  18.3%  25.0  705s
 648871 160840   80.00000   54   25   82.00000   67.00000  18.3%  25.0  710s
 653079 161635   69.88889   44   48   82.00000   67.00000  18.3%  25.0  715s
 657190 162524   80.04762   48   37   82.00000   67.00000  18.3%  25.0  720s
 661664 163499   81.00000   47   36   82.00000   67.00000  18.3%  25.0  725s
 665979 164314   68.00000   45   44   82.00000   67.00000  18.3%  25.0  730s
 670650 165382     cutoff   51        82.00000   67.00000  18.3%  25.0  735s
 674187 166018 infeasible   56        82.00000   67.00000  18.3%  25.1  740s
 677988 166723 infeasible   53        82.00000   67.00000  18.3%  25.1  745s
 680814 167218   68.00000   53   67   82.00000   67.00000  18.3%  25.1  750s
 684708 168016   67.00000   44   45   82.00000   67.00000  18.3%  25.1  755s
 688998 168912   81.00000   50   39   82.00000   67.00000  18.3%  25.1  760s
 693417 169799   80.00000   49   35   82.00000   67.00000  18.3%  25.1  765s
 697738 170658   81.00000   50   49   82.00000   67.00000  18.3%  25.1  770s
 701903 171506   73.00000   50   29   82.00000   67.00000  18.3%  25.1  775s
 705194 172153   80.00000   56   36   82.00000   67.00000  18.3%  25.1  780s
 709681 173177     cutoff   55        82.00000   67.00000  18.3%  25.1  785s
 714000 174025   67.00000   49   51   82.00000   67.00000  18.3%  25.1  790s
 718302 174990 infeasible   43        82.00000   67.00000  18.3%  25.2  795s
 722316 175798   81.00000   48   24   82.00000   67.00000  18.3%  25.2  800s
 725841 176565 infeasible   53        82.00000   67.00000  18.3%  25.2  805s
 730126 177541   81.00000   51   31   82.00000   67.00000  18.3%  25.2  810s
 734124 178425 infeasible   48        82.00000   67.00000  18.3%  25.2  815s
 737605 179121   81.00000   53   45   82.00000   67.00000  18.3%  25.2  820s
 741138 179768   67.00000   46   29   82.00000   67.00000  18.3%  25.2  825s
 744575 180355   67.00000   44   77   82.00000   67.00000  18.3%  25.3  830s
 748798 181325 infeasible   46        82.00000   67.00000  18.3%  25.3  835s
 753212 182262 infeasible   42        82.00000   67.00000  18.3%  25.3  840s
 757371 183077   67.00000   44   48   82.00000   67.00000  18.3%  25.3  845s
 761082 183615 infeasible   64        82.00000   67.00000  18.3%  25.3  850s
 764101 184068   81.00000   50   35   82.00000   67.00000  18.3%  25.3  855s
 767514 184698 infeasible   51        82.00000   67.00000  18.3%  25.4  860s
 771573 185483   81.00000   52   61   82.00000   67.00000  18.3%  25.4  865s
 775166 186070   81.00000   47   52   82.00000   67.00000  18.3%  25.4  870s
 779129 186789   81.00000   54   32   82.00000   67.00000  18.3%  25.4  875s
 782595 187495   81.00000   52   41   82.00000   67.00000  18.3%  25.4  880s
 786203 188068   70.26667   46   31   82.00000   67.00000  18.3%  25.4  885s
 789873 188661   67.00000   47   51   82.00000   67.00000  18.3%  25.4  890s
 793541 189357   67.00000   53   36   82.00000   67.00000  18.3%  25.4  895s
 797346 189971 infeasible   67        82.00000   67.00000  18.3%  25.5  900s
 800429 190478   81.00000   50   32   82.00000   67.00000  18.3%  25.5  905s
*803208 191030              62      81.9999982   67.00000  18.3%  25.5  908s
 803944 191215   67.00000   49   42   82.00000   67.00000  18.3%  25.5  910s
 807068 191721   73.00000   52   43   82.00000   67.00000  18.3%  25.5  915s
 811283 192460   67.00000   44   56   82.00000   67.00000  18.3%  25.5  920s
 815625 193444   81.00000   53   45   82.00000   67.00000  18.3%  25.5  925s
 819862 194376   81.00000   57   25   82.00000   67.00000  18.3%  25.5  930s
 824184 195223   81.00000   60   39   82.00000   67.00000  18.3%  25.5  935s
 828105 196018   68.00000   47   38   82.00000   67.00000  18.3%  25.5  940s
 831601 196472   81.00000   52   32   82.00000   67.00000  18.3%  25.5  945s
 835696 197239 infeasible   53        82.00000   67.00000  18.3%  25.6  950s
 839604 198026   80.00000   41   49   82.00000   67.00000  18.3%  25.6  955s
 843240 198686   80.00000   44   46   82.00000   67.00000  18.3%  25.6  960s
 847110 199482     cutoff   54        82.00000   67.00000  18.3%  25.6  965s
 851179 200347   67.00000   48   85   82.00000   67.00000  18.3%  25.6  970s
 854725 201000   74.00000   51   42   82.00000   67.00000  18.3%  25.6  975s
 858601 201742   80.00000   49   23   82.00000   67.00000  18.3%  25.6  980s
 862014 202388   81.00000   48   43   82.00000   67.00000  18.3%  25.6  985s
 865424 202990   74.00000   43   39   82.00000   67.00000  18.3%  25.7  990s
 869575 203790   75.00000   49   38   82.00000   67.00000  18.3%  25.7  995s
 873527 204507 infeasible   41        82.00000   67.00000  18.3%  25.7 1000s
 876428 204961   81.00000   48   26   82.00000   67.00000  18.3%  25.7 1005s
 880222 205730     cutoff   52        82.00000   67.00000  18.3%  25.7 1010s
 884620 206720   79.00000   44   29   82.00000   67.00000  18.3%  25.7 1015s
 888828 207504 infeasible   56        82.00000   67.00000  18.3%  25.7 1020s
 891692 207984   74.00000   51   33   82.00000   67.00000  18.3%  25.7 1025s
 895492 208641   67.00000   48   60   82.00000   67.00000  18.3%  25.7 1030s
 899625 209416   81.00000   54   25   82.00000   67.00000  18.3%  25.7 1035s
 903102 210089   81.00000   58   21   82.00000   67.00000  18.3%  25.8 1040s
 907216 210919   80.00000   47   35   82.00000   67.00000  18.3%  25.8 1045s
 910968 211553   81.00000   47   40   82.00000   67.00000  18.3%  25.8 1050s
 914435 212272   75.00000   42   61   82.00000   67.00000  18.3%  25.8 1055s
 917882 212903   80.00000   49   30   82.00000   67.00000  18.3%  25.8 1060s
 922283 213955   81.00000   59   47   82.00000   67.00000  18.3%  25.8 1065s
 926215 214776   75.00000   50   57   82.00000   67.00000  18.3%  25.8 1070s
 930347 215708   81.00000   57   29   82.00000   67.00000  18.3%  25.8 1075s
 934799 216731   72.00000   58   46   82.00000   67.00000  18.3%  25.8 1080s
 938398 217492   81.00000   56   28   82.00000   67.00000  18.3%  25.8 1085s
 942872 218732   74.00000   43   44   82.00000   67.00000  18.3%  25.8 1090s
 946538 219534     cutoff   52        82.00000   67.00000  18.3%  25.8 1095s
 950827 220483 infeasible   47        82.00000   67.00000  18.3%  25.8 1100s
 954000 221048   67.00000   42   58   82.00000   67.00000  18.3%  25.8 1105s
 957429 221683   81.00000   51   26   82.00000   67.00000  18.3%  25.9 1110s
 961921 222809 infeasible   48        82.00000   67.00000  18.3%  25.8 1115s
 966061 223641   80.00000   43   88   82.00000   67.00000  18.3%  25.8 1120s
 970198 224566   80.00000   47   46   82.00000   67.00000  18.3%  25.9 1125s
 974264 225402     cutoff   57        82.00000   67.00000  18.3%  25.9 1130s
 978110 226150   67.00000   52   28   82.00000   67.00000  18.3%  25.9 1135s
 980682 226556   81.00000   55   48   82.00000   67.00000  18.3%  25.9 1140s
 984094 227060   72.00000   52   56   82.00000   67.00000  18.3%  25.9 1145s
 988353 227950   80.00000   54   33   82.00000   67.00000  18.3%  25.9 1150s
 992284 228805   81.00000   56   59   82.00000   67.00000  18.3%  25.9 1155s
 996310 229712     cutoff   48        82.00000   67.00000  18.3%  25.9 1160s
 1000198 230513   81.00000   49   26   82.00000   67.00000  18.3%  25.9 1165s
 1004400 231505   68.00000   46   50   82.00000   67.00000  18.3%  25.9 1170s
 1008222 232300   81.00000   50   36   82.00000   67.00000  18.3%  25.9 1175s
 1011473 232977   81.00000   57   38   82.00000   67.00000  18.3%  26.0 1180s
 1014956 233642     cutoff   60        82.00000   67.00000  18.3%  26.0 1185s
 1018503 234187   81.00000   58   30   82.00000   67.00000  18.3%  26.0 1190s
 1022813 235215 infeasible   63        82.00000   67.00000  18.3%  26.0 1195s
 1025895 235749   80.00000   52   16   82.00000   67.00000  18.3%  26.0 1200s
 1028913 236349   67.00000   43   52   82.00000   67.00000  18.3%  26.0 1205s
 1032271 237115 infeasible   62        82.00000   67.00000  18.3%  26.0 1210s
 1035997 237822   67.00000   50   56   82.00000   67.00000  18.3%  26.0 1215s
 1039323 238385   80.00000   58   39   82.00000   67.01220  18.3%  26.0 1220s
 1043469 239105 infeasible   56        82.00000   67.01449  18.3%  26.0 1225s
 1047348 239702 infeasible   54        82.00000   67.03512  18.2%  26.1 1230s
 1050802 240124     cutoff   49        82.00000   67.08537  18.2%  26.1 1235s
 1054137 240565 infeasible   57        82.00000   67.13684  18.1%  26.1 1240s
 1057773 241200   81.00000   58   37   82.00000   67.22034  18.0%  26.1 1245s
 1061655 241813   81.00000   54   14   82.00000   67.41463  17.8%  26.1 1250s
 1064892 242225   79.00000   39   54   82.00000   67.62500  17.5%  26.1 1255s
 1068483 242722   74.00000   42   16   82.00000   67.87500  17.2%  26.1 1260s
 1072139 243233   81.00000   55   35   82.00000   68.00000  17.1%  26.1 1265s
 1076294 243725   81.00000   49   55   82.00000   68.00000  17.1%  26.1 1270s
 1080260 244244 infeasible   52        82.00000   68.00000  17.1%  26.1 1275s
 1084279 244916   69.00000   59   25   82.00000   68.00000  17.1%  26.1 1280s
 1087717 245383   81.00000   61   38   82.00000   68.00000  17.1%  26.1 1285s
 1091768 245891   81.00000   49   46   82.00000   68.00000  17.1%  26.1 1290s
 1095507 246451   81.00000   57   27   82.00000   68.00000  17.1%  26.1 1295s
 1099738 247025   81.00000   46   24   82.00000   68.00000  17.1%  26.1 1300s
 1102965 247428   81.00000   50   14   82.00000   68.00000  17.1%  26.2 1305s
 1106945 248116   68.00000   44   40   82.00000   68.00000  17.1%  26.2 1310s
 1111149 248708     cutoff   50        82.00000   68.00000  17.1%  26.2 1315s
 1115392 249315 infeasible   47        82.00000   68.00000  17.1%  26.2 1320s
 1119737 249994   80.00000   56   33   82.00000   68.00000  17.1%  26.2 1325s
 1123492 250496   81.00000   53   17   82.00000   68.00000  17.1%  26.2 1330s
 1128216 251365   81.00000   48   46   82.00000   68.00000  17.1%  26.1 1335s
 1131972 251836 infeasible   56        82.00000   68.00000  17.1%  26.2 1340s
 1135233 252253     cutoff   57        82.00000   68.00000  17.1%  26.2 1345s
 1138841 252812   81.00000   53   32   82.00000   68.00000  17.1%  26.2 1350s
 1143229 253430   80.00000   57   49   82.00000   68.00000  17.1%  26.2 1355s
 1147414 254004   74.00000   46   61   82.00000   68.00000  17.1%  26.2 1360s
 1151769 254651   81.00000   58   49   82.00000   68.00000  17.1%  26.2 1365s
 1156176 255367   81.00000   62   18   82.00000   68.00000  17.1%  26.2 1370s
 1160217 255997   81.00000   59   24   82.00000   68.00000  17.1%  26.1 1375s
 1164297 256680 infeasible   57        82.00000   68.00000  17.1%  26.1 1380s
 1168264 257242 infeasible   55        82.00000   68.00000  17.1%  26.1 1385s
 1171675 257656   80.00000   52   55   82.00000   68.00000  17.1%  26.1 1390s
 1175536 258187 infeasible   52        82.00000   68.00000  17.1%  26.2 1395s
 1179861 258811   81.00000   52   87   82.00000   68.00000  17.1%  26.2 1400s
 1184306 259543   81.00000   59   17   82.00000   68.00000  17.1%  26.1 1405s
 1188577 260195 infeasible   50        82.00000   68.00000  17.1%  26.1 1410s
 1192354 260624     cutoff   54        82.00000   68.00000  17.1%  26.1 1415s
 1196785 261304   81.00000   58   63   82.00000   68.00000  17.1%  26.1 1420s
 1200571 261836   80.00000   52   27   82.00000   68.00000  17.1%  26.1 1425s
 1204846 262435   80.00000   42   30   82.00000   68.00000  17.1%  26.1 1430s
 1208493 262865   71.00000   64   32   82.00000   68.00000  17.1%  26.1 1435s
 1212053 263369   72.00000   48   34   82.00000   68.00000  17.1%  26.1 1440s
 1216271 263947   69.56364   51   74   82.00000   68.00000  17.1%  26.1 1445s
 1220625 264516   68.00000   50   37   82.00000   68.00000  17.1%  26.1 1450s
 1225296 265162 infeasible   67        82.00000   68.00000  17.1%  26.1 1455s
 1229247 265739   81.00000   52   28   82.00000   68.00000  17.1%  26.1 1460s
 1233570 266399   80.00000   47   54   82.00000   68.00000  17.1%  26.1 1465s
 1237219 266902   80.00000   59   44   82.00000   68.00000  17.1%  26.1 1470s
 1241248 267430   81.00000   55   15   82.00000   68.42683  16.6%  26.1 1475s
 1245660 268138 infeasible   44        82.00000   68.88235  16.0%  26.1 1480s
 1249401 268590 infeasible   48        82.00000   69.00000  15.9%  26.1 1485s
 1252774 269195   81.00000   58   42   82.00000   69.00000  15.9%  26.2 1490s
 1256225 269705   72.00000   41   33   82.00000   69.00000  15.9%  26.2 1495s
 1259954 270064   80.00000   48   39   82.00000   69.00000  15.9%  26.2 1500s
 1263678 270529     cutoff   56        82.00000   69.00000  15.9%  26.2 1505s
 1267917 271155 infeasible   62        82.00000   69.00000  15.9%  26.2 1510s
 1271708 271755   79.00000   48   67   82.00000   69.00000  15.9%  26.2 1515s
 1275611 272280   70.54054   49   58   82.00000   69.00000  15.9%  26.2 1520s
 1279299 272850   81.00000   65   27   82.00000   69.00000  15.9%  26.2 1525s
 1282818 273284   80.00000   53   66   82.00000   69.00000  15.9%  26.2 1530s
 1287022 273925   81.00000   49   37   82.00000   69.00000  15.9%  26.2 1535s
 1291269 274464 infeasible   48        82.00000   69.00000  15.9%  26.2 1540s
 1295513 275131   76.75655   46   29   82.00000   69.40000  15.4%  26.2 1545s
 1299764 275924   81.00000   54   22   82.00000   70.00000  14.6%  26.2 1550s
 1304072 276644   80.00000   50   37   82.00000   70.00000  14.6%  26.2 1555s
 1307590 277130   81.00000   64   19   82.00000   70.00000  14.6%  26.2 1560s
 1311055 277555   80.00000   58   52   82.00000   70.00000  14.6%  26.2 1565s
 1314751 277960   81.00000   63   36   82.00000   70.00000  14.6%  26.2 1570s
 1318538 278423   70.00000   48   50   82.00000   70.00000  14.6%  26.2 1575s
 1322817 278944   81.00000   56   16   82.00000   70.00000  14.6%  26.2 1580s
 1326514 279484   70.00000   47   64   82.00000   70.00000  14.6%  26.2 1585s
 1330673 280054   74.00000   60   51   82.00000   70.00000  14.6%  26.2 1590s
 1335251 280708   70.00000   51   63   82.00000   70.00000  14.6%  26.2 1595s
 1339200 281283   81.00000   57   57   82.00000   70.00000  14.6%  26.2 1600s
 1343625 281892   80.00000   53   24   82.00000   70.26667  14.3%  26.2 1605s
 1348331 282652   79.00000   49   39   82.00000   71.00000  13.4%  26.2 1610s
 1351757 283245     cutoff   53        82.00000   71.00000  13.4%  26.2 1615s
 1355805 283859   79.00000   42   34   82.00000   71.00000  13.4%  26.2 1620s
 1359845 284388   73.00000   45   25   82.00000   71.00000  13.4%  26.2 1625s
 1363574 284876   81.00000   49   31   82.00000   71.00000  13.4%  26.2 1630s
 1367662 285433   81.00000   48   33   82.00000   71.00000  13.4%  26.2 1635s
 1371675 285876   74.00000   51   44   82.00000   71.00000  13.4%  26.2 1640s
 1375566 286414   81.00000   53   16   82.00000   71.00000  13.4%  26.2 1645s
 1378849 286815 infeasible   50        82.00000   71.00000  13.4%  26.2 1650s
 1382330 287201   71.44535   54   61   82.00000   71.00000  13.4%  26.2 1655s
 1386243 287645   80.00000   49   43   82.00000   71.00000  13.4%  26.2 1660s
 1390003 288106   81.00000   55   39   82.00000   71.00000  13.4%  26.2 1665s
 1393875 288575   81.00000   51   34   82.00000   71.00000  13.4%  26.2 1670s
 1397467 289004   74.00000   50   54   82.00000   71.00000  13.4%  26.2 1675s
 1400515 289406     cutoff   52        82.00000   71.00000  13.4%  26.2 1680s
 1404132 289862   81.00000   44   20   82.00000   71.00000  13.4%  26.3 1685s
 1408075 290398     cutoff   59        82.00000   71.12195  13.3%  26.3 1690s
 1412119 290974   81.00000   49   24   82.00000   71.78049  12.5%  26.3 1695s
 1416689 291951   80.00000   59   31   82.00000   72.00000  12.2%  26.2 1700s
 1421169 292643   81.00000   54    9   82.00000   72.00000  12.2%  26.2 1705s
 1424768 293045 infeasible   48        82.00000   72.00000  12.2%  26.2 1710s
 1428923 293548   81.00000   50   28   82.00000   72.00000  12.2%  26.3 1715s
 1433470 294149   81.00000   54   51   82.00000   72.00000  12.2%  26.2 1720s
 1437314 294519   74.00000   42   33   82.00000   72.00000  12.2%  26.2 1725s
 1441724 295056 infeasible   51        82.00000   72.00000  12.2%  26.2 1730s
 1445703 295576   80.00000   46   42   82.00000   72.00000  12.2%  26.2 1735s
 1449977 296055 infeasible   52        82.00000   72.00000  12.2%  26.2 1740s
 1453661 296489 infeasible   54        82.00000   72.00000  12.2%  26.2 1745s
 1457782 296961   81.00000   48   51   82.00000   72.00000  12.2%  26.2 1750s
 1461271 297387   74.00000   50   30   82.00000   72.00000  12.2%  26.2 1755s
 1465239 297939   79.00000   53   50   82.00000   72.00000  12.2%  26.2 1760s
 1469261 298451   80.00000   50   12   82.00000   72.00000  12.2%  26.3 1765s
 1473360 298917   80.00000   42   24   82.00000   72.00000  12.2%  26.3 1770s
 1477191 299308   80.00000   63   38   82.00000   72.00000  12.2%  26.2 1775s
 1481214 299818   80.00000   50   28   82.00000   72.00000  12.2%  26.3 1780s
 1485275 300312   80.00000   49   20   82.00000   72.00000  12.2%  26.3 1785s
 1489319 300901   80.00000   50   41   82.00000   72.00000  12.2%  26.3 1790s
 1493056 301283   81.00000   61   30   82.00000   72.00000  12.2%  26.3 1795s

Cutting planes:
  Gomory: 39
  Cover: 177
  Implied bound: 189
  Clique: 9
  MIR: 137
  Mixing: 5
  StrongCG: 5
  Flow cover: 634
  Inf proof: 202
  Zero half: 1
  RLT: 6
  Relax-and-lift: 8
  PSD: 2

Explored 1496994 nodes (39312820 simplex iterations) in 1800.00 seconds (1758.82 work units)
Thread count was 1 (of 96 available processors)

Solution count 10: 82 82 82 ... 84

Time limit reached
Warning: max constraint violation (1.7858e-06) exceeds tolerance
Best objective 8.199999821423e+01, best bound 7.200000000000e+01, gap 12.1951%
WARNING: Loading a SolverResults object with an 'aborted' status, but
    containing a solution

Instance 19_4, formulation reagg_tres, reform MIP:
  Rect 0: x = 81.00, y = 13.00
  Rect 1: x = 44.00, y = 14.00
  Rect 2: x = 31.00, y = 12.00
  Rect 3: x = 26.00, y = 7.00
  Rect 4: x = 21.00, y = 14.00
  Rect 5: x = 28.00, y = 14.00
  Rect 6: x = 23.00, y = 12.00
  Rect 7: x = 17.00, y = 3.00
  Rect 8: x = 31.00, y = 9.00
  Rect 9: x = 2.00, y = 14.00
  Rect 10: x = 21.00, y = 12.00
  Rect 11: x = 29.00, y = 14.00
  Rect 12: x = 52.00, y = 13.00
  Rect 13: x = 58.00, y = 14.00
  Rect 14: x = 9.00, y = 13.00
  Rect 15: x = 66.00, y = 14.00
  Rect 16: x = 16.00, y = 14.00
  Rect 17: x = 0.00, y = 12.00
  Rect 18: x = 26.00, y = 14.00
  → saved figures to strip_figures/19_4_reagg_tres_MIP.png and strip_figures/19_4_reagg_tres_MIP.pdf
Set parameter TokenServer to value "mooring.ecn.purdue.edu"
Read LP format model from file /tmp/tmpk7sfbs4c.pyomo.lp
Reading time = 0.00 seconds
x724: 2243 rows, 724 columns, 5511 nonzeros
Set parameter TimeLimit to value 1800
Set parameter Threads to value 1
Gurobi Optimizer version 11.0.0 build v11.0.0rc2 (linux64 - "Oracle Linux Server 9.6")

CPU model: AMD EPYC 7643 48-Core Processor, instruction set [SSE2|AVX|AVX2]
Thread count: 48 physical cores, 96 logical processors, using up to 1 threads

Optimize a model with 2243 rows, 724 columns and 5511 nonzeros
Model fingerprint: 0x0d8aadaf
Variable types: 40 continuous, 684 integer (684 binary)
Coefficient statistics:
  Matrix range     [1e+00, 2e+02]
  Objective range  [1e+00, 1e+00]
  Bounds range     [1e+00, 2e+02]
  RHS range        [1e+00, 2e+02]
Presolve removed 1693 rows and 327 columns
Presolve time: 0.00s
Presolved: 550 rows, 397 columns, 1694 nonzeros
Variable types: 37 continuous, 360 integer (360 binary)
Found heuristic solution: objective 144.0000000

Root relaxation: objective 3.200000e+01, 226 iterations, 0.00 seconds (0.00 work units)

    Nodes    |    Current Node    |     Objective Bounds      |     Work
 Expl Unexpl |  Obj  Depth IntInf | Incumbent    BestBd   Gap | It/Node Time

     0     0   32.00000    0   55  144.00000   32.00000  77.8%     -    0s
H    0     0                     137.0000000   32.00000  76.6%     -    0s
     0     0   40.66300    0  138  137.00000   40.66300  70.3%     -    0s
H    0     0                     131.0000000   40.66300  69.0%     -    0s
     0     0   42.41333    0  132  131.00000   42.41333  67.6%     -    0s
     0     0   42.88494    0  167  131.00000   42.88494  67.3%     -    0s
H    0     0                     125.0000000   44.42002  64.5%     -    0s
H    0     0                     125.0000000   44.42002  64.5%     -    0s
     0     0   44.42002    0  157  125.00000   44.42002  64.5%     -    0s
     0     0   44.42002    0  157  125.00000   44.42002  64.5%     -    0s
     0     0   44.42002    0  176  125.00000   44.42002  64.5%     -    0s
H    0     0                     122.0000000   44.62021  63.4%     -    0s
     0     0   44.62021    0  178  122.00000   44.62021  63.4%     -    0s
     0     0   44.62021    0  178  122.00000   44.62021  63.4%     -    0s
     0     0   44.62021    0  194  122.00000   44.62021  63.4%     -    0s
     0     0   44.62021    0  166  122.00000   44.62021  63.4%     -    0s
     0     0   44.62021    0  141  122.00000   44.62021  63.4%     -    0s
     0     0   44.62021    0  146  122.00000   44.62021  63.4%     -    0s
     0     0   44.62021    0  131  122.00000   44.62021  63.4%     -    0s
     0     0   44.68023    0  164  122.00000   44.68023  63.4%     -    0s
     0     0   44.68023    0  168  122.00000   44.68023  63.4%     -    0s
     0     0   44.76247    0   56  122.00000   44.76247  63.3%     -    0s
H    0     0                     121.0000000   44.76247  63.0%     -    0s
H    0     0                     118.0000000   44.76247  62.1%     -    0s
     0     2   45.64154    0   56  118.00000   45.64154  61.3%     -    0s
*  128   113              92     117.0000000   45.64154  61.0%   9.6    0s
H  131   109                     117.0000000   45.64154  61.0%   9.4    0s
H  188   156                     116.0000000   45.64154  60.7%  10.6    0s
*  454   358              86     115.0000000   46.14477  59.9%  10.0    0s
*  534   420              62     113.0000000   46.60430  58.8%  10.7    0s
*  804   560              81     112.0000000   47.47099  57.6%  18.8    1s
*  806   532              82     109.0000000   47.47099  56.4%  18.8    1s
H  864   539                     109.0000000   48.72710  55.3%  20.4    1s
H  931   494                     108.0000000   48.72710  54.9%  19.6    1s
H 1408   667                     108.0000000   52.22149  51.6%  23.4    1s
  4108  2103 infeasible   31       108.00000   58.03786  46.3%  23.0    5s
  8420  4332   95.00000   33   13  108.00000   61.84805  42.7%  22.7   10s
 10228  5269   70.13122   32   65  108.00000   62.69188  42.0%  22.2   15s
 12197  5847   65.83204   30   91  108.00000   64.25285  40.5%  24.4   20s
 15319  6462  107.00000   59   19  108.00000   67.44281  37.6%  25.5   25s
 19031  6986 infeasible   39       108.00000   69.58882  35.6%  26.3   30s
 22848  7364   74.00000   36   72  108.00000   71.05855  34.2%  26.5   35s
 26746  7968   74.66627   36   80  108.00000   72.00000  33.3%  26.8   40s
 30821  9794   73.37262   32  123  108.00000   72.82273  32.6%  26.7   45s
 34639 11426 infeasible   49       108.00000   73.39698  32.0%  26.6   50s
 38215 12917  103.00000   45   37  108.00000   73.88631  31.6%  26.5   55s
 42140 14534   86.00000   45   53  108.00000   74.38523  31.1%  26.5   60s
 45985 16098   97.00000   45   72  108.00000   75.05194  30.5%  26.4   65s
 50133 17702   77.89009   38   99  108.00000   75.65235  30.0%  26.3   70s
 54336 19328  102.00000   47   66  108.00000   76.00000  29.6%  26.1   75s
 58557 20963   80.38272   33  108  108.00000   76.33333  29.3%  25.9   80s
 62080 22422     cutoff   42       108.00000   76.62155  29.1%  25.8   85s
 66352 24143  107.00000   45   45  108.00000   76.92133  28.8%  25.6   90s
 71105 26112   86.00000   40   49  108.00000   77.03665  28.7%  25.5   95s
 75758 28009  102.00000   44   68  108.00000   77.23157  28.5%  25.3  100s
 80349 29842  107.00000   49   42  108.00000   77.44414  28.3%  25.2  105s
 85422 31811  103.00000   42   50  108.00000   77.71718  28.0%  25.0  110s
 90233 33661  100.00000   43   63  108.00000   78.00000  27.8%  25.0  115s
 94867 35324  100.00000   48   77  108.00000   78.28388  27.5%  24.9  120s
 99213 36955   96.00000   50   44  108.00000   78.68293  27.1%  24.8  125s
 103765 38589  102.00000   53   70  108.00000   79.00000  26.9%  24.8  130s
 108263 40142 infeasible   43       108.00000   79.10353  26.8%  24.8  135s
 113323 41957   92.23148   46   49  108.00000   79.57454  26.3%  24.7  140s
 117475 43414  107.00000   45   43  108.00000   80.00000  25.9%  24.6  145s
 121892 45024   81.41614   41   66  108.00000   80.00000  25.9%  24.6  150s
 126466 46660   96.00000   41   40  108.00000   80.00409  25.9%  24.7  155s
 131396 48423   81.68085   39   57  108.00000   80.09876  25.8%  24.6  160s
 136602 50242  107.00000   52   28  108.00000   80.17802  25.8%  24.5  165s
 141285 51973   86.00000   44   40  108.00000   80.21415  25.7%  24.3  170s
 145751 53554 infeasible   51       108.00000   80.23791  25.7%  24.2  175s
 150179 55075 infeasible   44       108.00000   80.24774  25.7%  24.1  180s
 153690 56198   97.00000   49   37  108.00000   80.26249  25.7%  24.0  185s
 157857 57678  103.00000   46   22  108.00000   80.28229  25.7%  24.0  190s
 161871 59068   86.00000   39   94  108.00000   80.29432  25.7%  23.9  195s
 165782 60422  102.00000   50   83  108.00000   80.31227  25.6%  23.9  200s
 169473 61489  107.00000   51   84  108.00000   80.32712  25.6%  23.9  205s
 173551 62896   80.38353   39   77  108.00000   80.34261  25.6%  23.8  210s
 177652 64244   80.38813   42   58  108.00000   80.36585  25.6%  23.8  215s
 181657 65624     cutoff   58       108.00000   80.38272  25.6%  23.8  220s
 185736 67157   95.00000   46   70  108.00000   80.38272  25.6%  23.7  225s
 189292 68584  107.00000   46   69  108.00000   80.38272  25.6%  23.7  230s
 193412 70183   96.00000   43   78  108.00000   80.38608  25.6%  23.7  235s
 197350 71452  102.00000   55   79  108.00000   80.39552  25.6%  23.6  240s
 201093 72760   82.24481   43   38  108.00000   80.40478  25.6%  23.6  245s
 205535 74211 infeasible   46       108.00000   80.42303  25.5%  23.6  250s
 209885 75550  103.00000   44   34  108.00000   80.44813  25.5%  23.6  255s
 213307 76705   80.46399   48  108  108.00000   80.46399  25.5%  23.6  260s
 217500 78121  107.00926   49   35  108.00000   80.48551  25.5%  23.5  265s
 221817 79516     cutoff   53       108.00000   80.50383  25.5%  23.5  270s
 226540 80993   92.23148   43   14  108.00000   80.51947  25.4%  23.5  275s
 231723 82676   99.00000   50   94  108.00000   80.55053  25.4%  23.4  280s
 236104 84083   81.25460   43  102  108.00000   80.56786  25.4%  23.4  285s
 240999 85661   81.30864   37   76  108.00000   80.61669  25.4%  23.4  290s
 245321 87000  103.00000   49   82  108.00000   80.66778  25.3%  23.4  295s
 249268 88186   86.00000   47   61  108.00000   80.72615  25.3%  23.5  300s
 253790 89538  107.00000   51   69  108.00000   80.83014  25.2%  23.5  305s
 258780 91077   98.00000   51   18  108.00000   80.97231  25.0%  23.4  310s
 263793 92628   82.43243   36   55  108.00000   81.00000  25.0%  23.4  315s
 268545 94131 infeasible   52       108.00000   81.00000  25.0%  23.4  320s
 272962 95542  103.00000   50   42  108.00000   81.00000  25.0%  23.4  325s
 277492 96931   86.00000   42   58  108.00000   81.07475  24.9%  23.4  330s
 282763 98760  102.00000   46   65  108.00000   81.15576  24.9%  23.4  335s
 287287 100285  107.00000   46   81  108.00000   81.19974  24.8%  23.3  340s
 292413 101843 infeasible   52       108.00000   81.23148  24.8%  23.3  345s
 296727 103016  107.00000   52   71  108.00000   81.24272  24.8%  23.3  350s
 301729 104606     cutoff   53       108.00000   81.25460  24.8%  23.3  355s
 307197 106170  107.00000   46   46  108.00000   81.25460  24.8%  23.2  360s
 312855 107773     cutoff   55       108.00000   81.25460  24.8%  23.1  365s
 318415 109408   81.25719   46   53  108.00000   81.25719  24.8%  23.0  370s
 323476 110767  103.00000   45   74  108.00000   81.26314  24.8%  23.0  375s
 328334 112099   87.00926   51   79  108.00000   81.27291  24.7%  22.9  380s
 333190 113405 infeasible   50       108.00000   81.28031  24.7%  22.9  385s
 337606 114537   96.00000   47   40  108.00000   81.28697  24.7%  22.9  390s
 342280 115695     cutoff   51       108.00000   81.29375  24.7%  22.9  395s
 346563 117153     cutoff   53       108.00000   81.29524  24.7%  22.9  400s
 351647 118821  107.00000   47   31  108.00000   81.29839  24.7%  22.9  405s
 356849 120454  104.00000   45   64  108.00000   81.30559  24.7%  22.9  410s
 361389 121885  107.00000   53   79  108.00000   81.30864  24.7%  22.9  415s
 366682 123654  104.00000   51   46  108.00000   81.32051  24.7%  22.8  420s
 371284 124841   85.00000   44   45  108.00000   81.32608  24.7%  22.9  425s
 376081 126408  107.00000   53   59  108.00000   81.33554  24.7%  22.9  430s
 381045 128007   81.34690   41   61  108.00000   81.34690  24.7%  22.8  435s
 385838 129390   91.00926   44   70  108.00000   81.35372  24.7%  22.8  440s
 390825 130901  100.00000   44   75  108.00000   81.37199  24.7%  22.8  445s
 395958 132441   96.00000   43   78  108.00000   81.39175  24.6%  22.8  450s
 400158 133627   91.00000   41   39  108.00000   81.41639  24.6%  22.7  455s
 405355 135183  102.00000   51   51  108.00000   81.43103  24.6%  22.7  460s
 410410 136504     cutoff   54       108.00000   81.46765  24.6%  22.7  465s
 415244 138063  102.00000   49   59  108.00000   81.49100  24.5%  22.7  470s
 420027 139450  107.01695   50   52  108.00000   81.51220  24.5%  22.7  475s
 424348 140736     cutoff   55       108.00000   81.54667  24.5%  22.7  480s
 429511 142562   95.00000   47   33  108.00000   81.54736  24.5%  22.7  485s
 433756 143804   87.00000   47   68  108.00000   81.54736  24.5%  22.7  490s
 438735 145363   89.00000   50   39  108.00000   81.54736  24.5%  22.7  495s
 443117 146762   88.00000   46   66  108.00000   81.54736  24.5%  22.7  500s
 447833 148258     cutoff   63       108.00000   81.54736  24.5%  22.8  505s
 452509 149729  103.00000   51   42  108.00000   81.54736  24.5%  22.8  510s
 456149 150819  107.01031   50   74  108.00000   81.54736  24.5%  22.8  515s
 460467 152068     cutoff   70       108.00000   81.54736  24.5%  22.8  520s
 464781 153374  100.00000   52   57  108.00000   81.54736  24.5%  22.8  525s
 469418 154744   90.00000   46   58  108.00000   81.54736  24.5%  22.9  530s
 474585 156054 infeasible   53       108.00000   81.54736  24.5%  22.8  535s
 479628 157192   81.54736   49   71  108.00000   81.54736  24.5%  22.8  540s
 484160 158639 infeasible   55       108.00000   81.54736  24.5%  22.8  545s
 488591 159899 infeasible   57       108.00000   81.54736  24.5%  22.8  550s
 492880 160785  100.00000   53   74  108.00000   81.54736  24.5%  22.8  555s
 496061 161668   90.00000   47   26  108.00000   81.54736  24.5%  22.9  560s
 500638 163175  107.00000   57   86  108.00000   81.54736  24.5%  22.8  565s
 504367 164276   87.00000   45   92  108.00000   81.54736  24.5%  22.9  570s
 508405 165510  107.00000   49   78  108.00000   81.56000  24.5%  22.9  575s
 512280 166534  107.00000   53   72  108.00000   81.57843  24.5%  22.9  580s
 516031 167368   92.00000   47   48  108.00000   81.60494  24.4%  22.9  585s
 519779 168298  107.00000   53   64  108.00000   81.65181  24.4%  22.9  590s
 523659 169244   84.05648   41   47  108.00000   81.72573  24.3%  22.9  595s
 527451 170215   81.80472   41   69  108.00000   81.80472  24.3%  22.9  600s
 531238 171242 infeasible   51       108.00000   81.89444  24.2%  22.9  605s
 534526 171901  107.00000   48   31  108.00000   81.93355  24.1%  22.9  610s
 538402 172848  102.00000   48   87  108.00000   82.00000  24.1%  22.9  615s
*538614 172883              80     107.9999995   82.00000  24.1%  22.9  615s
 541873 173770   92.01042   39   55  108.00000   82.00000  24.1%  22.9  620s
 545212 174743 infeasible   52       108.00000   82.00000  24.1%  22.9  625s
 549603 176015  107.04167   59   44  108.00000   82.00000  24.1%  22.9  630s
 553693 177189   87.17157   45   49  108.00000   82.00000  24.1%  22.9  635s
 557549 178350  107.00000   54   22  108.00000   82.00000  24.1%  22.9  640s
 561658 179547     cutoff   46       108.00000   82.00000  24.1%  22.9  645s
 565509 180660     cutoff   54       108.00000   82.07065  24.0%  22.9  650s
 569363 181668   91.00000   50   93  108.00000   82.14552  23.9%  22.9  655s
 573444 182696   84.00000   44   52  108.00000   82.19048  23.9%  22.9  660s
 577728 183719  103.00000   52   20  108.00000   82.19048  23.9%  22.9  665s
 581796 184577  107.03448   54   73  108.00000   82.19048  23.9%  22.9  670s
 586236 185700   82.19396   45   43  108.00000   82.19317  23.9%  22.9  675s
 590212 187205  103.00000   52   48  108.00000   82.19396  23.9%  22.9  680s
 594592 188513 infeasible   48       108.00000   82.19565  23.9%  22.9  685s
 598769 189913   96.00000   45   54  108.00000   82.19576  23.9%  22.9  690s
 602955 191186   82.19576   43   72  108.00000   82.19576  23.9%  22.9  695s
 606660 192336  107.00000   45   37  108.00000   82.20022  23.9%  22.9  700s
 610536 193328  103.00000   45   85  108.00000   82.20807  23.9%  22.9  705s
 614173 194185  102.00000   54   20  108.00000   82.21944  23.9%  22.9  710s
 617953 195178   91.00000   52   57  108.00000   82.23153  23.9%  22.9  715s
 622005 196197   85.01220   38   57  108.00000   82.24615  23.8%  22.9  720s
 625820 197236  100.00000   43   94  108.00000   82.26459  23.8%  22.9  725s
 629866 198351   82.29630   37   52  108.00000   82.29630  23.8%  22.9  730s
 633957 199359  103.00000   51   38  108.00000   82.31856  23.8%  22.9  735s
 637754 200322   97.00000   49   96  108.00000   82.35470  23.7%  22.9  740s
 641873 201284     cutoff   51       108.00000   82.36146  23.7%  22.8  745s
 645793 202252  107.00000   55   38  108.00000   82.37232  23.7%  22.8  750s
 649133 203162   97.00000   45   30  108.00000   82.42544  23.7%  22.8  755s
 652620 204199 infeasible   47       108.00000   82.47059  23.6%  22.9  760s
 656407 204966   84.00000   45   90  108.00000   82.47059  23.6%  22.9  765s
 659984 205933 infeasible   61       108.00000   82.47059  23.6%  22.9  770s
 663814 207013  101.00000   54   71  108.00000   82.47059  23.6%  22.9  775s
 667561 207952   86.00000   54   82  108.00000   82.47059  23.6%  22.9  780s
 670660 208836  107.00000   56   71  108.00000   82.47059  23.6%  22.9  785s
 674359 209742 infeasible   46       108.00000   82.50000  23.6%  23.0  790s
 678352 210617 infeasible   50       108.00000   82.55469  23.6%  23.0  795s
 682260 211511   95.00000   44   86  108.00000   82.65926  23.5%  23.0  800s
 686388 212680   85.01538   37   64  108.00000   82.81678  23.3%  23.0  805s
 690575 213794   95.00000   41   41  108.00000   83.00000  23.1%  23.0  810s
 694792 214806 infeasible   52       108.00000   83.00000  23.1%  23.0  815s
 698622 215799  100.00000   44   45  108.00000   83.00000  23.1%  23.0  820s
 703025 216951  103.00000   44   47  108.00000   83.00000  23.1%  22.9  825s
 707404 218034   91.00000   50   45  108.00000   83.00000  23.1%  22.9  830s
 711267 219096   91.00000   50   80  108.00000   83.00000  23.1%  22.9  835s
 715621 220255  107.00000   52   75  108.00000   83.00000  23.1%  22.9  840s
 719989 221427  107.00926   54   42  108.00000   83.00000  23.1%  22.9  845s
 724265 222665  102.00967   44   74  108.00000   83.00000  23.1%  22.9  850s
 727586 223529   96.00000   48   23  108.00000   83.00000  23.1%  22.9  855s
 731945 224643   85.00000   47   38  108.00000   83.00000  23.1%  22.9  860s
 735922 225558     cutoff   53       108.00000   83.00000  23.1%  22.9  865s
 739872 226544  102.00000   54   48  108.00000   83.05768  23.1%  22.9  870s
 744070 227775   89.00000   38   54  108.00000   83.20568  23.0%  22.9  875s
 747287 228718  103.00000   54   83  108.00000   83.32927  22.8%  22.9  880s
 751484 230020   91.00000   50   53  108.00000   83.50000  22.7%  22.8  885s
 755755 231222  107.00000   45   82  108.00000   83.61856  22.6%  22.8  890s
 759973 232450  107.00000   49   78  108.00000   83.81050  22.4%  22.8  895s
 764215 233703   98.00000   45   46  108.00000   84.00000  22.2%  22.8  900s
 768535 234692  107.00000   55   77  108.00000   84.00000  22.2%  22.8  905s
 772599 235573  107.00000   43   46  108.00000   84.00000  22.2%  22.8  910s
 776645 236521   84.00000   38   40  108.00000   84.00000  22.2%  22.8  915s
 780903 237502   96.00000   42   63  108.00000   84.00000  22.2%  22.8  920s
 785302 238508   98.00000   55   79  108.00000   84.00000  22.2%  22.8  925s
 789151 239482   97.00000   36   85  108.00000   84.00000  22.2%  22.8  930s
 793584 240498  107.00926   60   33  108.00000   84.00000  22.2%  22.8  935s
 797563 241454  107.00000   54   47  108.00000   84.00000  22.2%  22.8  940s
 802075 242603  102.00000   52   51  108.00000   84.00000  22.2%  22.8  945s
 806407 243576 infeasible   49       108.00000   84.00000  22.2%  22.8  950s
 810394 244558     cutoff   54       108.00000   84.00000  22.2%  22.8  955s
 814589 245644   89.00000   38   64  108.00000   84.00000  22.2%  22.8  960s
 818597 246575  100.00000   47   41  108.00000   84.00000  22.2%  22.8  965s
 822405 247505     cutoff   60       108.00000   84.00000  22.2%  22.8  970s
 826690 248581   98.00000   49  118  108.00000   84.00000  22.2%  22.7  975s
 830563 249619  103.00000   49   60  108.00000   84.00000  22.2%  22.7  980s
 834887 250556  102.00000   48   39  108.00000   84.00000  22.2%  22.7  985s
 838120 251321   92.00000   40   35  108.00000   84.00977  22.2%  22.7  990s
 842097 252293   91.00000   40   37  108.00000   84.05012  22.2%  22.7  995s
 846215 253324 infeasible   55       108.00000   84.09333  22.1%  22.7 1000s
 850411 254548   86.02578   43   63  108.00000   84.23952  22.0%  22.7 1005s
 854623 255803   86.00000   43   61  108.00000   84.40741  21.8%  22.7 1010s
 858745 257031   84.66667   44   87  108.00000   84.50758  21.8%  22.7 1015s
 862688 258085   95.00000   46   50  108.00000   84.61905  21.6%  22.7 1020s
 867158 259343 infeasible   50       108.00000   84.79439  21.5%  22.7 1025s
 871801 260722   86.00000   42   35  108.00000   84.79439  21.5%  22.7 1030s
 876894 262320  107.00000   52   89  108.00000   84.79439  21.5%  22.7 1035s
 881849 263791  104.23148   51   88  108.00000   84.79439  21.5%  22.7 1040s
 885858 264988 infeasible   53       108.00000   84.79439  21.5%  22.7 1045s
 890345 266306   84.79439   46   25  108.00000   84.79439  21.5%  22.7 1050s
 895133 267631   95.00000   48   46  108.00000   84.79439  21.5%  22.7 1055s
 899767 268915   97.00000   47   73  108.00000   84.87831  21.4%  22.7 1060s
 905084 270485     cutoff   57       108.00000   84.98039  21.3%  22.7 1065s
 909638 271528  107.00000   52   68  108.00000   85.00000  21.3%  22.7 1070s
 914087 272538   89.00000   45   60  108.00000   85.00000  21.3%  22.7 1075s
 918834 273696  107.00000   50   25  108.00000   85.00000  21.3%  22.7 1080s
 923534 274795  107.00000   52   80  108.00000   85.00000  21.3%  22.7 1085s
 928030 275925  107.00000   45   41  108.00000   85.00000  21.3%  22.7 1090s
H932026 276878                     107.9999991   85.00000  21.3%  22.7 1095s
 935946 277739  107.00000   50   67  108.00000   85.00000  21.3%  22.7 1100s
 940867 279024   92.00000   59   59  108.00000   85.00000  21.3%  22.7 1105s
 945713 280154   85.01538   44   53  108.00000   85.00000  21.3%  22.7 1110s
 950760 281460  107.00000   44   75  108.00000   85.00000  21.3%  22.7 1115s
 955758 282597   96.00000   46   34  108.00000   85.00000  21.3%  22.7 1120s
 960767 283876  101.00000   50   31  108.00000   85.00000  21.3%  22.7 1125s
 965756 285160  104.00000   45   82  108.00000   85.00000  21.3%  22.7 1130s
 970869 286400   95.00000   49   39  108.00000   85.00000  21.3%  22.6 1135s
 976149 287723   92.00000   57   39  108.00000   85.00000  21.3%  22.6 1140s
 980888 288903   93.00000   47   77  108.00000   85.00000  21.3%  22.6 1145s
 985997 290172  100.00000   44   40  108.00000   85.00000  21.3%  22.6 1150s
 991228 291513   91.00000   42   57  108.00000   85.00000  21.3%  22.6 1155s
 996007 292670   98.00000   52   36  108.00000   85.00000  21.3%  22.6 1160s
 1000198 293692 infeasible   49       108.00000   85.00000  21.3%  22.6 1165s
 1005366 294773  107.00000   52   38  108.00000   85.00000  21.3%  22.6 1170s
 1010505 295810   86.53191   48   52  108.00000   85.00000  21.3%  22.6 1175s
 1015340 296836   89.00000   43   42  108.00000   85.00000  21.3%  22.6 1180s
 1020616 298297   87.00000   43   48  108.00000   85.00000  21.3%  22.6 1185s
 1025755 299595   91.00000   53   43  108.00000   85.00000  21.3%  22.6 1190s
 1030737 300647  107.00000   60   74  108.00000   85.00000  21.3%  22.5 1195s
 1034585 301388     cutoff   55       108.00000   85.00000  21.3%  22.5 1200s
 1039743 302670  107.00000   50   52  108.00000   85.00000  21.3%  22.5 1205s
 1044280 303679  107.00000   59   75  108.00000   85.00000  21.3%  22.5 1210s
 1049054 304927  103.00000   49   73  108.00000   85.00000  21.3%  22.5 1215s
 1054412 306356   85.00000   42   49  108.00000   85.00000  21.3%  22.5 1220s
 1059161 307534  107.00000   58   91  108.00000   85.00000  21.3%  22.5 1225s
 1063299 308589   91.00000   46   45  108.00000   85.00000  21.3%  22.5 1230s
 1068625 310128  107.00926   54   32  108.00000   85.00000  21.3%  22.5 1235s
 1073634 311352   91.00000   44   46  108.00000   85.00000  21.3%  22.5 1240s
 1078306 312612  107.00000   57   89  108.00000   85.00000  21.3%  22.5 1245s
 1083203 313890   86.00000   40   42  108.00000   85.00000  21.3%  22.5 1250s
 1088186 315154   90.00000   45   48  108.00000   85.00000  21.3%  22.5 1255s
 1092695 316458  107.00000   50   47  108.00000   85.00000  21.3%  22.5 1260s
 1097070 317525   86.00000   47   67  108.00000   85.00000  21.3%  22.5 1265s
 1101990 318727  103.00000   50   47  108.00000   85.00000  21.3%  22.5 1270s
 1106918 319895  107.00000   47  100  108.00000   85.00000  21.3%  22.5 1275s
 1110072 320577   91.00000   50   80  108.00000   85.00000  21.3%  22.5 1280s
 1114683 321796   85.00000   42   69  108.00000   85.00000  21.3%  22.5 1285s
 1119451 323051   94.00000   55   86  108.00000   85.00000  21.3%  22.5 1290s
 1124252 324274   96.00000   46   69  108.00000   85.00000  21.3%  22.5 1295s
 1129442 325582  107.00000   59   61  108.00000   85.00000  21.3%  22.5 1300s
 1134099 326597  107.00000   63   81  108.00000   85.00000  21.3%  22.5 1305s
 1139332 327937  107.00000   57   87  108.00000   85.00000  21.3%  22.5 1310s
 1144207 329055   85.00000   46   43  108.00000   85.00000  21.3%  22.5 1315s
 1148832 330188  107.00000   41   77  108.00000   85.00000  21.3%  22.5 1320s
 1153528 331502  107.00000   48   74  108.00000   85.00000  21.3%  22.5 1325s
 1158436 332906  100.00000   44   43  108.00000   85.00000  21.3%  22.5 1330s
 1163281 334070   85.00000   46   67  108.00000   85.00000  21.3%  22.5 1335s
 1167695 335030 infeasible   52       108.00000   85.00000  21.3%  22.5 1340s
 1171810 336023  107.00000   52   63  108.00000   85.00000  21.3%  22.5 1345s
 1176461 337108  107.00000   57   80  108.00000   85.00000  21.3%  22.5 1350s
 1180714 338136 infeasible   52       108.00000   85.00000  21.3%  22.5 1355s
 1185188 339229  103.00000   52   83  108.00000   85.00000  21.3%  22.5 1360s
 1189938 340493     cutoff   57       108.00000   85.00000  21.3%  22.5 1365s
 1194884 341747  107.00000   54   34  108.00000   85.00000  21.3%  22.5 1370s
 1199172 342778  102.00000   46   37  108.00000   85.00000  21.3%  22.5 1375s
 1203662 343584   99.00000   47   56  108.00000   85.00000  21.3%  22.5 1380s
 1208261 344702  107.00000   58  101  108.00000   85.00000  21.3%  22.5 1385s
 1212346 345868   91.00000   47   62  108.00000   85.00000  21.3%  22.5 1390s
 1216782 347100  107.00000   56   23  108.00000   85.00000  21.3%  22.5 1395s
 1221316 348215   91.00000   46   78  108.00000   85.00000  21.3%  22.5 1400s
 1225957 349342  107.00926   53   84  108.00000   85.00000  21.3%  22.5 1405s
 1229828 350302 infeasible   53       108.00000   85.00000  21.3%  22.5 1410s
 1233435 350810   91.00000   51   39  108.00000   85.00000  21.3%  22.5 1415s
 1238023 351991   91.00000   45   47  108.00000   85.00000  21.3%  22.5 1420s
 1242972 353357 infeasible   48       108.00000   85.00000  21.3%  22.5 1425s
 1247574 354536   86.00000   41   72  108.00000   85.00000  21.3%  22.5 1430s
 1252248 355897  107.00000   50   38  108.00000   85.00000  21.3%  22.5 1435s
 1257395 357261  107.00000   50   67  108.00000   85.00000  21.3%  22.5 1440s
 1260745 358088   87.81395   46   41  108.00000   85.00000  21.3%  22.5 1445s
 1265673 359216  107.00000   49   94  108.00000   85.00000  21.3%  22.5 1450s
 1270053 360296  107.00000   41   30  108.00000   85.00000  21.3%  22.5 1455s
 1274998 361564   94.00000   41   24  108.00000   85.00000  21.3%  22.5 1460s
 1279728 362881   96.00926   48   82  108.00000   85.00287  21.3%  22.5 1465s
 1284722 364536   96.00000   44   83  108.00000   85.00461  21.3%  22.5 1470s
 1289964 366146   85.00847   48   47  108.00000   85.00847  21.3%  22.4 1475s
 1294703 367409  103.14815   52   39  108.00000   85.00926  21.3%  22.4 1480s
 1299779 368819   99.00000   44   46  108.00000   85.00926  21.3%  22.4 1485s
 1304446 370065  102.00000   50   39  108.00000   85.00926  21.3%  22.5 1490s
 1309177 371436  102.00000   46   61  108.00000   85.00926  21.3%  22.5 1495s
 1314006 372819   91.00000   46   77  108.00000   85.00971  21.3%  22.5 1500s
 1317796 373908  107.00000   47   76  108.00000   85.00990  21.3%  22.5 1505s
 1322409 375291  100.00000   50   47  108.00000   85.01020  21.3%  22.5 1510s
 1327212 376614     cutoff   49       108.00000   85.01136  21.3%  22.5 1515s
 1331516 377785  100.00000   47   43  108.00000   85.01194  21.3%  22.5 1520s
 1336002 378750  107.00000   42   90  108.00000   85.01220  21.3%  22.5 1525s
 1340675 379838   86.00000   39   78  108.00000   85.01220  21.3%  22.5 1530s
 1345599 381140 infeasible   47       108.00000   85.01220  21.3%  22.5 1535s
 1350013 382127 infeasible   42       108.00000   85.01220  21.3%  22.5 1540s
 1353999 383006 infeasible   40       108.00000   85.01226  21.3%  22.5 1545s
 1358913 384408  107.00000   53   61  108.00000   85.01235  21.3%  22.5 1550s
 1363884 385675 infeasible   51       108.00000   85.01235  21.3%  22.5 1555s
 1368098 386645     cutoff   57       108.00000   85.01236  21.3%  22.5 1560s
 1372119 387704   94.00000   43   82  108.00000   85.01249  21.3%  22.5 1565s
 1376714 388863 infeasible   50       108.00000   85.01330  21.3%  22.5 1570s
 1381732 390043   99.00000   49   43  108.00000   85.01333  21.3%  22.5 1575s
 1387011 391485 infeasible   48       108.00000   85.01333  21.3%  22.5 1580s
 1391653 392761   85.01333   37   38  108.00000   85.01333  21.3%  22.5 1585s
 1396098 393920     cutoff   57       108.00000   85.01333  21.3%  22.4 1590s
 1400911 395185  103.00000   42   42  108.00000   85.01333  21.3%  22.5 1595s
 1405884 396457   87.00000   41   59  108.00000   85.01333  21.3%  22.5 1600s
 1411192 397858   91.00000   43   77  108.00000   85.01333  21.3%  22.4 1605s
 1416053 398946 infeasible   50       108.00000   85.01333  21.3%  22.4 1610s
 1420690 400214   96.00926   48   53  108.00000   85.01333  21.3%  22.4 1615s
 1425887 401559  107.00000   47   67  108.00000   85.01333  21.3%  22.4 1620s
 1430885 402821   91.00000   43   36  108.00000   85.01333  21.3%  22.4 1625s
 1435023 403914   85.01333   44   71  108.00000   85.01333  21.3%  22.4 1630s
 1439221 404872  107.00000   55   85  108.00000   85.01333  21.3%  22.4 1635s
 1444469 406140 infeasible   60       108.00000   85.01333  21.3%  22.4 1640s
 1450227 407692   92.00000   55   27  108.00000   85.01333  21.3%  22.4 1645s
 1455568 409026   98.00000   42   45  108.00000   85.01333  21.3%  22.4 1650s
 1460089 410264 infeasible   53       108.00000   85.01333  21.3%  22.4 1655s
 1465342 411537  107.00000   47   63  108.00000   85.01333  21.3%  22.4 1660s
 1470976 412997  102.00000   48   26  108.00000   85.01333  21.3%  22.4 1665s
 1476459 414450   91.00000   44   35  108.00000   85.01333  21.3%  22.3 1670s
 1482552 416294  107.00000   49   82  108.00000   85.01333  21.3%  22.3 1675s
 1487792 417648  107.00000   50   51  108.00000   85.01333  21.3%  22.3 1680s
 1493419 419029  103.00000   47   84  108.00000   85.01333  21.3%  22.3 1685s
 1498162 420244  107.00000   49   31  108.00000   85.01333  21.3%  22.3 1690s
 1503617 421726  107.00000   60   68  108.00000   85.01333  21.3%  22.3 1695s
 1508946 423198     cutoff   55       108.00000   85.01333  21.3%  22.3 1700s
 1513803 424533  107.04167   54   63  108.00000   85.01333  21.3%  22.2 1705s
 1519222 425986 infeasible   56       108.00000   85.01333  21.3%  22.2 1710s
 1524901 427622  103.00000   51   47  108.00000   85.01333  21.3%  22.2 1715s
 1530170 429144   96.00000   49   36  108.00000   85.01333  21.3%  22.2 1720s
 1535812 430505   85.01333   43   62  108.00000   85.01333  21.3%  22.2 1725s
 1540461 431780  107.00000   52   35  108.00000   85.01333  21.3%  22.2 1730s
 1546231 433313  107.00000   50   56  108.00000   85.01333  21.3%  22.2 1735s
 1551550 434590  102.00000   42   39  108.00000   85.01333  21.3%  22.2 1740s
 1557283 436163     cutoff   50       108.00000   85.01333  21.3%  22.1 1745s
 1562574 437406  101.00000   51   44  108.00000   85.01333  21.3%  22.1 1750s
 1567576 438676   85.01333   43   50  108.00000   85.01333  21.3%  22.1 1755s
 1572933 440080   97.00000   55   49  108.00000   85.01333  21.3%  22.1 1760s
 1578674 441731  107.00000   48   63  108.00000   85.01333  21.3%  22.1 1765s
 1584034 443158   91.00000   45   47  108.00000   85.01333  21.3%  22.1 1770s
 1589296 444667  103.00000   49   32  108.00000   85.01333  21.3%  22.1 1775s
 1594162 445953 infeasible   50       108.00000   85.01333  21.3%  22.1 1780s
 1598753 447139  100.00000   47   86  108.00000   85.01333  21.3%  22.1 1785s
 1603291 448286  107.04762   53   96  108.00000   85.01333  21.3%  22.1 1790s
 1608663 449638   85.12500   41   45  108.00000   85.01333  21.3%  22.1 1795s

Cutting planes:
  Gomory: 74
  Cover: 230
  Implied bound: 172
  Projected implied bound: 1
  Clique: 68
  MIR: 185
  Mixing: 5
  StrongCG: 1
  Flow cover: 571
  Inf proof: 387
  RLT: 25
  Relax-and-lift: 17

Explored 1614016 nodes (35596160 simplex iterations) in 1800.00 seconds (1837.03 work units)
Thread count was 1 (of 96 available processors)

Solution count 10: 108 108 108 ... 116

Time limit reached
Best objective 1.079999990660e+02, best bound 8.501333333333e+01, gap 21.2839%
WARNING: Loading a SolverResults object with an 'aborted' status, but
    containing a solution

Instance 19_5, formulation altered, reform bigm:
  Rect 0: x = 41.00, y = 15.00
  Rect 1: x = 37.00, y = 12.00
  Rect 2: x = 21.00, y = 14.00
  Rect 3: x = 68.00, y = 8.00
  Rect 4: x = 0.00, y = 15.00
  Rect 5: x = 57.00, y = 15.00
  Rect 6: x = 91.00, y = 13.00
  Rect 7: x = 84.00, y = 14.00
  Rect 8: x = 45.00, y = 3.00
  Rect 9: x = 79.00, y = 8.00
  Rect 10: x = 68.00, y = 15.00
  Rect 11: x = 0.00, y = 1.00
  Rect 12: x = 91.00, y = 15.00
  Rect 13: x = 10.00, y = 15.00
  Rect 14: x = 102.00, y = 13.00
  Rect 15: x = 107.00, y = 11.00
  Rect 16: x = 45.00, y = 12.00
  Rect 17: x = 21.00, y = 4.00
  Rect 18: x = 6.00, y = 15.00
  → saved figures to strip_figures/19_5_altered_bigm.png and strip_figures/19_5_altered_bigm.pdf
Set parameter TokenServer to value "mooring.ecn.purdue.edu"
Read LP format model from file /tmp/tmp_up6gxca.pyomo.lp
Reading time = 0.01 seconds
x3460: 7031 rows, 3460 columns, 18435 nonzeros
Set parameter TimeLimit to value 1800
Set parameter Threads to value 1
Gurobi Optimizer version 11.0.0 build v11.0.0rc2 (linux64 - "Oracle Linux Server 9.6")

CPU model: AMD EPYC 7643 48-Core Processor, instruction set [SSE2|AVX|AVX2]
Thread count: 48 physical cores, 96 logical processors, using up to 1 threads

Optimize a model with 7031 rows, 3460 columns and 18435 nonzeros
Model fingerprint: 0x835f95a2
Variable types: 2776 continuous, 684 integer (684 binary)
Coefficient statistics:
  Matrix range     [1e+00, 2e+02]
  Objective range  [1e+00, 1e+00]
  Bounds range     [1e+00, 2e+02]
  RHS range        [1e+00, 2e+01]
Presolve removed 3225 rows and 1591 columns
Presolve time: 0.04s
Presolved: 3806 rows, 1869 columns, 10062 nonzeros
Variable types: 1509 continuous, 360 integer (360 binary)
Found heuristic solution: objective 177.0000000

Root relaxation: objective 3.200000e+01, 838 iterations, 0.02 seconds (0.02 work units)

    Nodes    |    Current Node    |     Objective Bounds      |     Work
 Expl Unexpl |  Obj  Depth IntInf | Incumbent    BestBd   Gap | It/Node Time

     0     0   32.00000    0  121  177.00000   32.00000  81.9%     -    0s
     0     0   32.00000    0  152  177.00000   32.00000  81.9%     -    0s
H    0     0                     161.0000000   32.00000  80.1%     -    0s
     0     0   32.00000    0  145  161.00000   32.00000  80.1%     -    0s
     0     0   32.00000    0  141  161.00000   32.00000  80.1%     -    0s
     0     0   32.00000    0  135  161.00000   32.00000  80.1%     -    0s
     0     0   32.00000    0   95  161.00000   32.00000  80.1%     -    0s
H    0     0                     140.0000000   32.00000  77.1%     -    0s
     0     0   32.00000    0  110  140.00000   32.00000  77.1%     -    0s
     0     0   32.00000    0  126  140.00000   32.00000  77.1%     -    0s
     0     0   32.00000    0  126  140.00000   32.00000  77.1%     -    0s
H    0     0                     130.0000000   32.00000  75.4%     -    0s
     0     2   32.00000    0  126  130.00000   32.00000  75.4%     -    0s
H   27    26                     122.0000000   32.00000  73.8%   104    1s
*  364   336             151     116.0000000   32.00000  72.4%  41.2    1s
H  393   346                     113.0000000   32.00000  71.7%  47.0    1s
*  525   452             123     111.0000000   32.00000  71.2%  40.4    2s
*  527   444             123     109.0000000   32.00000  70.6%  40.2    2s
   573   480   80.84211   64  120  109.00000   37.04575  66.0%  44.0    5s
   621   513  100.00000  104  111  109.00000   38.71090  64.5%   158   10s
   664   542   90.00000   91  140  109.00000   39.16388  64.1%   148   15s
   697   564   64.00000   43  128  109.00000   39.21430  64.0%   141   20s
   745   598   66.57143   31  127  109.00000   40.16042  63.2%   366   25s
   799   635   84.00000  108   97  109.00000   41.79302  61.7%   429   30s
  1076   783   63.00000   57   60  109.00000   50.00000  54.1%   395   35s
H 1656   963                     108.0000000   54.00000  50.0%   277   38s
H 1657   933                     108.0000000   54.00000  50.0%   277   38s
  1865  1026  107.00000  122   16  108.00000   54.00000  50.0%   253   40s
  3443  1910   66.00000   58   52  108.00000   54.00000  50.0%   159   45s
  4981  2984   78.00000   73   85  108.00000   55.00000  49.1%   124   50s
  6624  4168   93.00000   69   56  108.00000   55.00000  49.1%   104   55s
  7992  5083  107.00000   89   46  108.00000   59.00000  45.4%  95.8   60s
  9801  6314  107.00000   98   43  108.00000   61.00000  43.5%  86.8   65s
 10202  6545   76.00000   67   62  108.00000   61.00000  43.5%  85.0   75s
 12010  7766  103.00000   81   59  108.00000   63.00000  41.7%  79.4   80s
 14017  9112  107.08333   89   66  108.00000   63.00000  41.7%  74.0   85s
 15763 10264   68.50000   68   75  108.00000   63.00000  41.7%  70.3   90s
 17545 11445 infeasible   85       108.00000   63.00000  41.7%  67.9   95s
 19624 12840   72.00000   70   68  108.00000   64.00000  40.7%  65.4  100s
 21723 14054   66.00000   60   65  108.00000   65.34783  39.5%  63.3  105s
 23883 15495   81.00000   76   78  108.00000   66.00000  38.9%  61.5  110s
 26030 16890  100.38889   81   52  108.00000   66.00000  38.9%  60.0  115s
 28422 18457     cutoff  107       108.00000   66.00000  38.9%  58.3  120s
 30655 19875  107.00000   88   72  108.00000   66.00000  38.9%  57.1  125s
 32495 20995   96.00000   86   63  108.00000   66.00000  38.9%  56.4  130s
 34388 22212  107.00000   86   64  108.00000   66.00000  38.9%  55.9  135s
 36614 23573  101.00000   79   46  108.00000   66.00000  38.9%  55.0  140s
 38474 24763   70.00000   62   54  108.00000   66.00000  38.9%  54.3  145s
 40326 25902   84.00000   67   70  108.00000   66.00000  38.9%  54.2  150s
 42365 27182   98.00000   82   58  108.00000   66.00000  38.9%  53.6  155s
 44327 28346  107.00000   90   83  108.00000   66.00000  38.9%  53.3  160s
 46327 29571 infeasible   84       108.00000   66.00000  38.9%  53.1  165s
 47857 30505   98.00000   77   73  108.00000   66.00000  38.9%  52.6  170s
 49934 31805   90.00000   72   51  108.00000   66.00000  38.9%  52.3  175s
 51886 33033   92.00000   80   65  108.00000   66.00000  38.9%  52.1  180s
 53912 34292   98.00000   84   62  108.00000   66.00000  38.9%  51.8  185s
 55726 35352 infeasible   82       108.00000   66.00000  38.9%  51.7  190s
 57870 36570   84.00000   69   67  108.00000   67.00000  38.0%  51.3  195s
 59726 37617 infeasible   79       108.00000   68.00000  37.0%  51.2  200s
 61628 38733   75.40000   71   74  108.00000   68.00000  37.0%  51.0  205s
 63785 39947   74.00000   59   36  108.00000   69.00000  36.1%  50.7  210s
 65984 41306   98.00000   74   51  108.00000   69.00000  36.1%  50.5  215s
 67857 42355   81.00000   70   58  108.00000   69.00000  36.1%  50.3  220s
 69169 43089   92.00000   75   57  108.00000   69.00000  36.1%  50.2  225s
 71097 44159   81.00000   66   59  108.00000   69.00000  36.1%  50.1  230s
 72831 45127  107.00000   90   66  108.00000   69.00000  36.1%  50.1  235s
 74824 46231 infeasible   83       108.00000   69.00000  36.1%  50.0  240s
 76612 47235  107.00000   80   60  108.00000   69.00000  36.1%  50.0  245s
 78369 48153  107.00000   83   77  108.00000   69.00000  36.1%  50.1  250s
 80080 49125   87.00000   67   63  108.00000   70.00000  35.2%  50.0  255s
 82168 50361     cutoff   86       108.00000   70.00000  35.2%  49.9  260s
 83846 51342   89.00000   64   54  108.00000   70.00000  35.2%  49.8  265s
 85843 52482   92.00000   81   70  108.00000   70.00000  35.2%  49.7  270s
 87615 53532   86.00000   79   67  108.00000   70.00000  35.2%  49.7  275s
 89211 54456   81.00000   69   72  108.00000   70.00000  35.2%  49.7  280s
 91060 55527   81.50000   69   68  108.00000   70.00000  35.2%  49.7  285s
 92851 56544 infeasible   88       108.00000   70.00000  35.2%  49.7  290s
 94789 57644  107.00000   97   76  108.00000   70.00000  35.2%  49.7  295s
 96727 58791   81.00000   77   70  108.00000   70.00000  35.2%  49.7  300s
 98023 59480  107.00000   93   71  108.00000   70.60000  34.6%  49.8  305s
 100368 60850   86.00000   78   49  108.00000   71.00000  34.3%  49.5  310s
 102461 62032  101.00000   80   45  108.00000   71.00000  34.3%  49.4  315s
 104450 63087   90.00000   76   61  108.00000   71.00000  34.3%  49.3  320s
 106313 64095   75.00000   72   72  108.00000   71.00000  34.3%  49.2  325s
 107946 64973  104.00000   94   60  108.00000   72.00000  33.3%  49.2  330s
 110027 66148   80.00000   64   33  108.00000   72.00000  33.3%  49.1  335s
 111654 67112  107.00000   81   67  108.00000   72.00000  33.3%  49.0  340s
 113492 68147  107.00000   92   71  108.00000   72.00000  33.3%  49.0  345s
 115556 69184   80.00000   73   62  108.00000   72.00000  33.3%  48.9  350s
 117645 70374   91.00000   73   55  108.00000   72.00000  33.3%  48.8  355s
 119610 71447   98.00000   70   46  108.00000   72.00000  33.3%  48.8  360s
 121672 72586   92.00000   76   50  108.00000   72.00000  33.3%  48.7  365s
 123840 73809  107.00000   84   83  108.00000   72.00000  33.3%  48.6  370s
 125759 74834   91.00000   76   75  108.00000   72.00000  33.3%  48.6  375s
 127199 75615  107.00000   93   38  108.00000   72.00000  33.3%  48.6  380s
 128803 76466   96.00000   72   54  108.00000   72.00000  33.3%  48.6  385s
 130458 77297   79.00000   73   85  108.00000   72.00000  33.3%  48.6  390s
 132115 78172   78.00000   69   52  108.00000   73.00000  32.4%  48.7  395s
 134180 79383   81.00000   66   61  108.00000   73.00000  32.4%  48.7  400s
 136187 80449  103.00000   87   74  108.00000   73.00000  32.4%  48.6  405s
 138017 81450     cutoff   94       108.00000   73.00000  32.4%  48.6  410s
 139826 82394  102.00000   81   62  108.00000   73.00000  32.4%  48.6  415s
 141990 83581  103.00000   72   54  108.00000   73.00000  32.4%  48.5  420s
 144148 84679  107.00000   85   37  108.00000   73.00000  32.4%  48.5  425s
 146004 85691   92.00000   72   65  108.00000   73.00000  32.4%  48.4  430s
 148321 86916     cutoff  100       108.00000   73.00000  32.4%  48.3  435s
 149977 87870     cutoff   83       108.00000   73.00000  32.4%  48.2  440s
 151624 88758  107.00000   95   90  108.00000   73.00000  32.4%  48.2  445s
 153406 89769   95.00000   84   60  108.00000   73.00000  32.4%  48.2  450s
 155409 90857  107.00000   84   68  108.00000   73.00000  32.4%  48.1  455s
 157141 91766  107.00000   92   69  108.00000   73.00000  32.4%  48.2  460s
 158795 92640  107.00000   91   73  108.00000   73.00000  32.4%  48.2  465s
 160436 93528  107.08333   76   70  108.00000   73.00000  32.4%  48.3  470s
 162289 94515   92.00000   87   51  108.00000   73.94118  31.5%  48.3  475s
 164585 95755  107.00000   87   69  108.00000   74.00000  31.5%  48.2  480s
 166070 96595  107.00000   81   53  108.00000   74.00000  31.5%  48.2  485s
 168161 97822   90.00000   82   53  108.00000   74.00000  31.5%  48.1  490s
 169989 98733  104.00000   83   54  108.00000   74.00000  31.5%  48.1  495s
 171660 99584   98.00000   77   52  108.00000   74.00000  31.5%  48.2  500s
 173728 100687  102.00000   80   44  108.00000   74.00000  31.5%  48.2  505s
 175750 101796 infeasible   91       108.00000   74.00000  31.5%  48.1  510s
 177620 102768   86.00000   65   64  108.00000   74.00000  31.5%  48.1  515s
 179900 104137   92.00000   71   59  108.00000   74.00000  31.5%  48.1  520s
 182032 105330   96.00000   80   62  108.00000   74.00000  31.5%  48.0  525s
 184095 106444  103.00000   72   23  108.00000   74.00000  31.5%  48.0  530s
 186188 107605   91.00000   70   50  108.00000   74.00000  31.5%  47.9  535s
 187783 108497  107.00000   73   54  108.00000   74.00000  31.5%  48.0  540s
 189812 109628   92.00000   74   41  108.00000   74.00000  31.5%  47.9  545s
 191979 110867  102.00000   83   61  108.00000   74.00000  31.5%  47.9  550s
 194058 112075   95.00000   79   37  108.00000   74.00000  31.5%  47.8  555s
 196527 113548  107.00000   88   71  108.00000   74.00000  31.5%  47.7  560s
 198668 114680 infeasible   73       108.00000   74.00000  31.5%  47.6  565s
 200582 115746  107.00000   86   51  108.00000   74.00000  31.5%  47.6  570s
 202476 116743     cutoff   91       108.00000   74.00000  31.5%  47.5  575s
 204500 117842   86.00000   73   80  108.00000   74.00000  31.5%  47.5  580s
 206524 119076   85.00000   72   63  108.00000   74.00000  31.5%  47.4  585s
 208551 120242   80.00000   68   48  108.00000   74.00000  31.5%  47.4  590s
 210900 121599  107.00000   92   58  108.00000   74.00000  31.5%  47.3  595s
 213117 122870  107.00000   85   59  108.00000   74.00000  31.5%  47.3  600s
 215373 124141  102.00000   84   58  108.00000   74.00000  31.5%  47.2  605s
 217578 125403   80.00000   71   68  108.00000   74.00000  31.5%  47.1  610s
 219894 126794  107.00000   83   69  108.00000   74.00000  31.5%  47.1  615s
 221688 127787  107.00000   80   71  108.00000   74.00000  31.5%  47.0  620s
 223734 128878  107.00000   89   68  108.00000   74.00000  31.5%  47.0  625s
 225817 129990   80.00000   67   49  108.00000   74.00000  31.5%  47.0  630s
 227962 131296   92.00000   80   57  108.00000   74.00000  31.5%  46.9  635s
 229819 132333   78.00000   74   68  108.00000   74.00000  31.5%  46.9  640s
 232058 133655   92.00000   79   67  108.00000   74.00000  31.5%  46.8  645s
 234175 134861  107.00000   91   63  108.00000   74.00000  31.5%  46.8  650s
 236208 135970   99.06667   80   44  108.00000   74.00000  31.5%  46.8  655s
 238474 137274  107.00000   79   46  108.00000   74.00000  31.5%  46.7  660s
 240612 138380   74.00000   63   57  108.00000   74.00000  31.5%  46.7  665s
 242583 139486   85.00000   69   42  108.00000   74.00000  31.5%  46.7  670s
 244694 140663   98.00000   76   35  108.00000   74.00000  31.5%  46.7  675s
 246285 141571  102.00000   81   60  108.00000   74.00000  31.5%  46.7  680s
 248210 142625  104.00000   85   58  108.00000   74.00000  31.5%  46.7  685s
 250379 143842  107.00000   96   83  108.00000   74.00000  31.5%  46.6  690s
 252508 145029   98.00000   81   49  108.00000   74.00000  31.5%  46.6  695s
 254721 146155  107.00000   82   61  108.00000   74.00000  31.5%  46.6  700s
 256806 147275   77.00000   65   61  108.00000   74.00000  31.5%  46.5  705s
 258301 148062   89.00000   74   67  108.00000   74.00000  31.5%  46.5  710s
 260269 149003 infeasible   71       108.00000   74.00000  31.5%  46.5  715s
 262451 150140   85.00000   75   56  108.00000   74.00000  31.5%  46.4  720s
 264301 151138   97.00000   76   62  108.00000   74.00000  31.5%  46.5  725s
 266334 152222  107.00000   79   37  108.00000   74.00000  31.5%  46.5  730s
 268429 153382   83.00000   75   62  108.00000   74.00000  31.5%  46.4  735s
 270302 154412  107.00000   87   69  108.00000   74.00000  31.5%  46.4  740s
 272218 155469  107.00000   85   53  108.00000   74.00000  31.5%  46.4  745s
 274316 156686   91.00000   74   62  108.00000   74.00000  31.5%  46.4  750s
 276270 157802  102.00000   86   65  108.00000   74.00000  31.5%  46.4  755s
 278506 159022   94.00000   72   51  108.00000   74.00000  31.5%  46.4  760s
 280591 160165 infeasible   81       108.00000   74.00000  31.5%  46.3  765s
 282397 161128  103.00000   84   48  108.00000   74.00000  31.5%  46.3  770s
 283899 161927   98.00000   82   57  108.00000   74.00000  31.5%  46.3  775s
 285894 163089  103.00000   90   48  108.00000   74.00000  31.5%  46.3  780s
 287994 164134  101.00000   74   44  108.00000   74.00000  31.5%  46.3  785s
 290128 165332     cutoff   92       108.00000   74.00000  31.5%  46.3  790s
 292090 166357  107.00000   81   61  108.00000   74.00000  31.5%  46.3  795s
 294095 167442   92.00000   80   60  108.00000   74.00000  31.5%  46.3  800s
 296085 168492   92.00000   82   53  108.00000   74.00000  31.5%  46.3  805s
 298062 169488  100.00000   74   51  108.00000   74.00000  31.5%  46.3  810s
 300123 170657   96.00000   74   54  108.00000   74.00000  31.5%  46.2  815s
 301859 171612   77.00000   74   66  108.00000   74.00000  31.5%  46.2  820s
 303872 172592  107.00000   96   83  108.00000   74.00000  31.5%  46.2  825s
 305801 173660   74.00000   71   66  108.00000   74.00000  31.5%  46.2  830s
 307865 174718  107.00000   95   75  108.00000   74.00000  31.5%  46.2  835s
 310009 175905   92.00000   81   61  108.00000   74.00000  31.5%  46.1  840s
 311783 176894   96.00000   83   66  108.00000   74.00000  31.5%  46.2  845s
 313702 177969 infeasible   87       108.00000   74.00000  31.5%  46.2  850s
 315514 178909 infeasible   89       108.00000   74.00000  31.5%  46.2  855s
 317294 179859   74.00000   63   86  108.00000   74.00000  31.5%  46.2  860s
 319359 180976   76.00000   67   72  108.00000   74.00000  31.5%  46.1  865s
 321176 181932  101.00000   86   67  108.00000   74.00000  31.5%  46.2  870s
 322918 182764   98.00000   78   67  108.00000   74.00000  31.5%  46.2  875s
 324691 183670   92.00000   66   56  108.00000   74.00000  31.5%  46.2  880s
 326679 184745   92.00000   78   50  108.00000   74.00000  31.5%  46.2  885s
 328173 185613  102.00000   79   38  108.00000   74.00000  31.5%  46.2  890s
 330022 186616  107.00000   96   91  108.00000   74.00000  31.5%  46.2  895s
 331921 187673  107.00000   76   25  108.00000   74.00000  31.5%  46.2  900s
 333999 188787  107.00000  100   60  108.00000   74.00000  31.5%  46.2  905s
 336036 189880  103.00000   86   79  108.00000   74.00000  31.5%  46.2  910s
 337952 190874  103.00000   79   60  108.00000   74.00000  31.5%  46.2  915s
 340283 192092  107.00000   85   32  108.00000   74.00000  31.5%  46.1  920s
 342433 193105  107.00000   86   63  108.00000   74.00000  31.5%  46.1  925s
 344106 194063  107.00000   82   29  108.00000   74.00000  31.5%  46.1  930s
 345988 195062   81.00000   71   71  108.00000   74.00000  31.5%  46.1  935s
 347027 195688   88.00000   72   68  108.00000   74.00000  31.5%  46.1  940s
 348497 196473   98.00000   84   87  108.00000   74.00000  31.5%  46.2  945s
 350370 197402   91.00000   74   58  108.00000   74.00000  31.5%  46.2  950s
 352438 198488  107.00000   93   87  108.00000   74.00000  31.5%  46.2  955s
 354014 199344  107.00000   86   80  108.00000   74.00000  31.5%  46.2  960s
 355938 200388  103.00000   85   51  108.00000   74.00000  31.5%  46.2  965s
 357599 201170   92.00000   75   53  108.00000   74.00000  31.5%  46.2  970s
 359407 202132   95.00000   87   82  108.00000   74.00000  31.5%  46.3  975s
 361406 203213  107.00000   82   66  108.00000   74.00000  31.5%  46.3  980s
 363084 204070  107.00000   88   87  108.00000   74.00000  31.5%  46.3  985s
 364743 204909  100.00000   75   50  108.00000   74.00000  31.5%  46.3  990s
 366644 205957  107.00000   96   72  108.00000   74.00000  31.5%  46.3  995s
 368389 206849  102.00000   81   64  108.00000   74.00000  31.5%  46.4 1000s
 370354 207937   92.00000   75   67  108.00000   74.00000  31.5%  46.4 1005s
 372198 208966  104.00000   84   93  108.00000   74.00000  31.5%  46.4 1010s
 373998 209938  107.00000   91   61  108.00000   74.00000  31.5%  46.4 1015s
 376122 211029   86.06667   78   64  108.00000   74.00000  31.5%  46.4 1020s
 377389 211668   81.00000   68   70  108.00000   74.00000  31.5%  46.4 1025s
 379156 212591  107.00000   79   66  108.00000   74.00000  31.5%  46.4 1030s
 381124 213647  102.00000   85   71  108.00000   74.00000  31.5%  46.4 1035s
 382945 214551  103.00000   85   60  108.00000   74.00000  31.5%  46.4 1040s
 385132 215664   81.00000   77   73  108.00000   74.00000  31.5%  46.4 1045s
 386323 216264     cutoff   83       108.00000   74.00000  31.5%  46.5 1050s
 388023 217153  107.00000   88   67  108.00000   74.00000  31.5%  46.5 1055s
 389761 218024  102.00000   79   55  108.00000   74.00000  31.5%  46.5 1060s
 391563 218984   97.00000   86   71  108.00000   74.00000  31.5%  46.5 1065s
 393171 219840  107.00000   77   72  108.00000   74.00000  31.5%  46.5 1070s
 394434 220456  101.00000   83   50  108.00000   74.00000  31.5%  46.6 1075s
 396149 221400   98.00000   86   81  108.00000   74.00000  31.5%  46.6 1080s
 397849 222211  107.00000   91   63  108.00000   74.00000  31.5%  46.6 1085s
 399297 222968   96.00000   77   64  108.00000   74.00000  31.5%  46.7 1090s
 400504 223598  103.00000   89   77  108.00000   74.00000  31.5%  46.7 1095s
 402106 224370   98.00000   83   64  108.00000   74.00000  31.5%  46.8 1100s
 403837 225288   78.00000   66   89  108.00000   74.00000  31.5%  46.8 1105s
 405302 226041   83.00000   78   81  108.00000   74.00000  31.5%  46.8 1110s
 406667 226735  107.20000   80   73  108.00000   74.00000  31.5%  46.9 1115s
 408317 227621     cutoff   78       108.00000   74.00000  31.5%  46.9 1120s
 410310 228739   85.00000   77   68  108.00000   74.00000  31.5%  46.9 1125s
 411742 229373  102.00000   76   68  108.00000   74.00000  31.5%  47.0 1130s
 413480 230299  103.00000   84   86  108.00000   74.00000  31.5%  47.0 1135s
 414766 230880  101.00000   77   80  108.00000   74.00000  31.5%  47.1 1140s
 416220 231669 infeasible   83       108.00000   74.00000  31.5%  47.1 1145s
 417848 232509     cutoff   96       108.00000   74.14679  31.3%  47.1 1150s
 419882 233528 infeasible   78       108.00000   75.00000  30.6%  47.1 1155s
 421731 234410     cutoff   84       108.00000   75.00000  30.6%  47.1 1160s
 423614 235308  101.00000   83   79  108.00000   75.00000  30.6%  47.1 1165s
 425481 236137 infeasible   81       108.00000   75.00000  30.6%  47.1 1170s
 427438 236993  107.00000   93   69  108.00000   75.00000  30.6%  47.0 1175s
 428981 237688   75.00000   66   43  108.00000   75.00000  30.6%  47.0 1180s
 431083 238718  107.00000   87   46  108.00000   75.00000  30.6%  47.0 1185s
 432813 239539  101.00000   83   51  108.00000   75.00000  30.6%  47.0 1190s
 434510 240399   87.00000   76   60  108.00000   75.00000  30.6%  47.0 1195s
 436521 241323   97.00000   79   68  108.00000   75.00000  30.6%  47.0 1200s
 438152 242073   90.00000   75   57  108.00000   75.00000  30.6%  47.1 1205s
 439223 242540  103.00000   82   60  108.00000   75.00000  30.6%  47.1 1210s
 440777 243200  107.00000   95   71  108.00000   75.00000  30.6%  47.1 1215s
 442174 243802  102.00000   90   53  108.00000   75.37037  30.2%  47.2 1220s
 444082 244772   80.00000   61   49  108.00000   76.00000  29.6%  47.2 1225s
 445638 245561  107.00000   83   50  108.00000   76.00000  29.6%  47.2 1230s
 447822 246682  102.00000   81   34  108.00000   76.00000  29.6%  47.2 1235s
 449968 247785  107.00000   86   47  108.00000   76.00000  29.6%  47.2 1240s
 451760 248593   95.00000   78   50  108.00000   76.00000  29.6%  47.2 1245s
 453572 249500  102.00000   73   60  108.00000   76.00000  29.6%  47.2 1250s
 455582 250493  100.00000   87   57  108.00000   76.00000  29.6%  47.1 1255s
 457649 251485   89.00000   78   75  108.00000   76.00000  29.6%  47.1 1260s
 459405 252371   91.00000   70   46  108.00000   76.00000  29.6%  47.1 1265s
 461262 253361  104.00000   81   83  108.00000   76.00000  29.6%  47.1 1270s
 463209 254326  107.00000   84   46  108.00000   76.00000  29.6%  47.1 1275s
 465014 255196 infeasible   79       108.00000   76.00000  29.6%  47.1 1280s
 466641 255915   98.00000   84   60  108.00000   76.00000  29.6%  47.2 1285s
 468438 256748   99.56250   76   71  108.00000   76.00000  29.6%  47.2 1290s
 470024 257452   96.00000   75   63  108.00000   76.00000  29.6%  47.2 1295s
 471494 258158  107.00000   80   57  108.00000   76.00000  29.6%  47.2 1300s
 473084 258943   87.00000   79   78  108.00000   76.00000  29.6%  47.2 1305s
 474852 259879   87.00000   70   54  108.00000   76.36842  29.3%  47.3 1310s
 476754 260924 infeasible   93       108.00000   76.60000  29.1%  47.3 1315s
 479068 262224   93.72222   80   58  108.00000   77.00000  28.7%  47.2 1320s
 481443 263495     cutoff   86       108.00000   77.00000  28.7%  47.2 1325s
 483431 264560   96.00000   75   68  108.00000   77.00000  28.7%  47.2 1330s
 484920 265240   84.00000   74   69  108.00000   77.00000  28.7%  47.2 1335s
 487124 266420 infeasible   72       108.00000   77.00000  28.7%  47.2 1340s
 489169 267453  107.00000   90   67  108.00000   77.00000  28.7%  47.2 1345s
 491174 268503   85.00000   72   60  108.00000   77.00000  28.7%  47.2 1350s
 493121 269511  101.00000   84   60  108.00000   77.00000  28.7%  47.2 1355s
 495220 270630   95.00000   79   55  108.00000   77.00000  28.7%  47.2 1360s
 497533 271884  102.00000   80   38  108.00000   77.00000  28.7%  47.2 1365s
 499291 272816  107.00000   80   77  108.00000   77.00000  28.7%  47.1 1370s
 501296 273876   91.00000   80   40  108.00000   77.00000  28.7%  47.1 1375s
 503413 275011  107.00000   86   72  108.00000   77.00000  28.7%  47.1 1380s
 505731 276270  107.00000   80   32  108.00000   77.00000  28.7%  47.1 1385s
 507855 277374   91.00000   75   67  108.00000   77.00000  28.7%  47.1 1390s
 509880 278444   82.00000   72   73  108.00000   77.00000  28.7%  47.0 1395s
 511684 279393 infeasible   82       108.00000   77.00000  28.7%  47.0 1400s
 513576 280388  103.00000   90   50  108.00000   77.00000  28.7%  47.0 1405s
 515792 281502   94.00000   73   56  108.00000   77.00000  28.7%  47.0 1410s
 517807 282607  107.00000   87   86  108.00000   77.00000  28.7%  47.0 1415s
 519286 283411  107.00000   90   67  108.00000   77.00000  28.7%  47.0 1420s
 521317 284383  104.00000   78   50  108.00000   77.00000  28.7%  47.0 1425s
 523184 285311  102.00000   68   44  108.00000   77.00000  28.7%  47.0 1430s
 525007 286149  107.00000   83   64  108.00000   77.00000  28.7%  47.0 1435s
 526815 287121   92.00000   76   77  108.00000   77.00000  28.7%  47.0 1440s
 528805 288264  107.00000   85   62  108.00000   77.00000  28.7%  47.0 1445s
 530520 289081   96.00000   76   51  108.00000   77.00000  28.7%  47.0 1450s
 532069 290007 infeasible   77       108.00000   77.00000  28.7%  47.0 1455s
 534277 291102  107.00000   81   69  108.00000   77.00000  28.7%  47.0 1460s
 536359 292144   81.00000   66   80  108.00000   77.00000  28.7%  47.0 1465s
 538821 293513  107.00000   79   79  108.00000   77.00000  28.7%  46.9 1470s
 541080 294716   88.00000   74   45  108.00000   77.00000  28.7%  46.9 1475s
 542994 295695  107.00000   87   34  108.00000   77.00000  28.7%  46.9 1480s
 545163 296808   77.00000   72   64  108.00000   77.00000  28.7%  46.9 1485s
 547025 297786  107.00000   81   34  108.00000   77.00000  28.7%  46.9 1490s
 548731 298709  102.00000   87   48  108.00000   77.00000  28.7%  46.9 1495s
 550073 299342 infeasible   73       108.00000   77.00000  28.7%  46.9 1500s
 551789 300177   85.00000   70   58  108.00000   77.00000  28.7%  46.9 1505s
 553786 301177  107.00000   86   69  108.00000   77.00000  28.7%  46.9 1510s
 555602 302117 infeasible   88       108.00000   77.00000  28.7%  46.9 1515s
 557863 303345   84.00000   73   68  108.00000   77.00000  28.7%  46.9 1520s
 559609 304252  107.00000   72   45  108.00000   77.00000  28.7%  46.9 1525s
 561653 305258   91.00000   79   65  108.00000   77.00000  28.7%  46.9 1530s
 563027 305979  102.00000   88   61  108.00000   77.00000  28.7%  46.9 1535s
 564649 306879  103.00000   90   72  108.00000   77.00000  28.7%  46.9 1540s
 566655 307901   96.00000   86   65  108.00000   77.00000  28.7%  46.9 1545s
 568486 308751  100.00000   77   76  108.00000   77.00000  28.7%  46.9 1550s
 570279 309642   95.00000   82   51  108.00000   77.00000  28.7%  46.9 1555s
 572076 310484  107.00000   96   68  108.00000   77.00000  28.7%  47.0 1560s
 573949 311403  107.00000   86   60  108.00000   77.00000  28.7%  47.0 1565s
 576132 312503 infeasible   91       108.00000   77.00000  28.7%  47.0 1570s
 578042 313433 infeasible   86       108.00000   77.00000  28.7%  47.0 1575s
 579713 314203  104.00000   86   58  108.00000   77.00000  28.7%  47.0 1580s
 581460 315128     cutoff   90       108.00000   77.00000  28.7%  47.0 1585s
 582801 315726   85.00000   75   66  108.00000   77.00000  28.7%  47.0 1590s
 584915 316830  107.00000   73   43  108.00000   77.00000  28.7%  47.0 1595s
 587036 317957  107.00000   87   68  108.00000   77.00000  28.7%  46.9 1600s
 589102 319079 infeasible   86       108.00000   77.00000  28.7%  46.9 1605s
 590830 319988   99.00000   73   70  108.00000   77.00000  28.7%  46.9 1610s
 592786 321030   78.00000   71   61  108.00000   77.00000  28.7%  46.9 1615s
 594625 321983   89.00000   75   79  108.00000   77.00000  28.7%  46.9 1620s
 596308 322849  107.00000   81   81  108.00000   77.00000  28.7%  46.9 1625s
 597946 323760  104.00000   79   54  108.00000   77.00000  28.7%  47.0 1630s
 599841 324749   85.00000   71   71  108.00000   77.00000  28.7%  47.0 1635s
 601380 325543     cutoff   89       108.00000   77.00000  28.7%  47.0 1640s
 603410 326567   92.00000   88   69  108.00000   77.00000  28.7%  47.0 1645s
 605462 327635     cutoff   92       108.00000   77.00000  28.7%  47.0 1650s
 607140 328489  107.00000   89   57  108.00000   77.00000  28.7%  47.0 1655s
 608599 329232  102.00000   85   51  108.00000   77.00000  28.7%  47.0 1660s
 610264 330127  107.00000   83   67  108.00000   77.00000  28.7%  47.0 1665s
 612113 331067   96.00000   82   68  108.00000   77.00000  28.7%  47.0 1670s
 614130 332201   92.00000   82   67  108.00000   77.00000  28.7%  47.0 1675s
 615423 332852   98.00000   79   67  108.00000   77.00000  28.7%  47.0 1680s
 617271 333773  103.00000   95   69  108.00000   77.00000  28.7%  47.0 1685s
 619306 334794   85.00000   73   66  108.00000   77.00000  28.7%  47.0 1690s
 620877 335513 infeasible   89       108.00000   77.00000  28.7%  47.0 1695s
 622550 336363   77.00000   76   81  108.00000   77.00000  28.7%  47.0 1700s
 624078 337117   85.00000   72   71  108.00000   77.00000  28.7%  47.1 1705s
 625663 337905  104.00000   98   83  108.00000   77.00000  28.7%  47.1 1710s
 627102 338664   97.00000   82   90  108.00000   77.00000  28.7%  47.1 1715s
 628578 339348   84.00000   78   73  108.00000   77.00000  28.7%  47.1 1720s
 630033 340070   92.00000   84  101  108.00000   77.00000  28.7%  47.2 1725s
 631428 340744 infeasible   85       108.00000   77.00000  28.7%  47.2 1730s
 632530 341246 infeasible   79       108.00000   77.00000  28.7%  47.3 1735s
 633753 341846   77.14679   71   68  108.00000   77.14679  28.6%  47.3 1740s
 635287 342627   86.00000   68   57  108.00000   77.33028  28.4%  47.3 1745s
 636990 343393  107.00000   77   41  108.00000   77.94118  27.8%  47.3 1750s
 638985 344381 infeasible   82       108.00000   78.00000  27.8%  47.3 1755s
 640866 345196 infeasible   73       108.00000   78.00000  27.8%  47.3 1760s
 642804 346107  107.00000   84   56  108.00000   78.00000  27.8%  47.3 1765s
 644846 347013  100.00000   76   39  108.00000   78.00000  27.8%  47.3 1770s
 646961 348115     cutoff   93       108.00000   78.00000  27.8%  47.3 1775s
 648830 349055   95.00000   78   52  108.00000   78.00000  27.8%  47.3 1780s
 650741 349975  102.00000   90   59  108.00000   78.00000  27.8%  47.3 1785s
 652390 350812   98.00000   75   65  108.00000   78.00000  27.8%  47.3 1790s
 654231 351675  107.00000   84   56  108.00000   78.00000  27.8%  47.3 1795s

Cutting planes:
  Gomory: 2
  Cover: 21
  Implied bound: 25
  Clique: 3
  MIR: 15
  Flow cover: 74
  Network: 1
  RLT: 31
  Relax-and-lift: 16

Explored 656188 nodes (31050757 simplex iterations) in 1800.00 seconds (1585.78 work units)
Thread count was 1 (of 96 available processors)

Solution count 10: 108 108 109 ... 161

Time limit reached
Best objective 1.079999999891e+02, best bound 7.800000000000e+01, gap 27.7778%
WARNING: Loading a SolverResults object with an 'aborted' status, but
    containing a solution

Instance 19_5, formulation altered, reform hull:
  Rect 0: x = 0.00, y = 15.00
  Rect 1: x = 16.00, y = 15.00
  Rect 2: x = 0.00, y = 14.00
  Rect 3: x = 24.00, y = 13.00
  Rect 4: x = 47.00, y = 14.00
  Rect 5: x = 88.00, y = 15.00
  Rect 6: x = 36.00, y = 13.00
  Rect 7: x = 81.00, y = 13.00
  Rect 8: x = 9.00, y = 3.00
  Rect 9: x = 64.00, y = 15.00
  Rect 10: x = 53.00, y = 7.00
  Rect 11: x = 53.00, y = 14.00
  Rect 12: x = 36.00, y = 15.00
  Rect 13: x = 70.00, y = 15.00
  Rect 14: x = 99.00, y = 13.00
  Rect 15: x = 69.00, y = 15.00
  Rect 16: x = 24.00, y = 9.00
  Rect 17: x = 0.00, y = 4.00
  Rect 18: x = 104.00, y = 14.00
  → saved figures to strip_figures/19_5_altered_hull.png and strip_figures/19_5_altered_hull.pdf
Set parameter TokenServer to value "mooring.ecn.purdue.edu"
Read LP format model from file /tmp/tmpt65qx8dt.pyomo.lp
Reading time = 0.00 seconds
x724: 2243 rows, 724 columns, 5511 nonzeros
Set parameter TimeLimit to value 1800
Set parameter Threads to value 1
Gurobi Optimizer version 11.0.0 build v11.0.0rc2 (linux64 - "Oracle Linux Server 9.6")

CPU model: AMD EPYC 7643 48-Core Processor, instruction set [SSE2|AVX|AVX2]
Thread count: 48 physical cores, 96 logical processors, using up to 1 threads

Optimize a model with 2243 rows, 724 columns and 5511 nonzeros
Model fingerprint: 0x0d8aadaf
Variable types: 40 continuous, 684 integer (684 binary)
Coefficient statistics:
  Matrix range     [1e+00, 2e+02]
  Objective range  [1e+00, 1e+00]
  Bounds range     [1e+00, 2e+02]
  RHS range        [1e+00, 2e+02]
Presolve removed 1693 rows and 327 columns
Presolve time: 0.00s
Presolved: 550 rows, 397 columns, 1694 nonzeros
Variable types: 37 continuous, 360 integer (360 binary)
Found heuristic solution: objective 144.0000000

Root relaxation: objective 3.200000e+01, 226 iterations, 0.00 seconds (0.00 work units)

    Nodes    |    Current Node    |     Objective Bounds      |     Work
 Expl Unexpl |  Obj  Depth IntInf | Incumbent    BestBd   Gap | It/Node Time

     0     0   32.00000    0   55  144.00000   32.00000  77.8%     -    0s
H    0     0                     137.0000000   32.00000  76.6%     -    0s
     0     0   40.66300    0  138  137.00000   40.66300  70.3%     -    0s
H    0     0                     131.0000000   40.66300  69.0%     -    0s
     0     0   42.41333    0  132  131.00000   42.41333  67.6%     -    0s
     0     0   42.88494    0  167  131.00000   42.88494  67.3%     -    0s
H    0     0                     125.0000000   44.42002  64.5%     -    0s
H    0     0                     125.0000000   44.42002  64.5%     -    0s
     0     0   44.42002    0  157  125.00000   44.42002  64.5%     -    0s
     0     0   44.42002    0  157  125.00000   44.42002  64.5%     -    0s
     0     0   44.42002    0  176  125.00000   44.42002  64.5%     -    0s
H    0     0                     122.0000000   44.62021  63.4%     -    0s
     0     0   44.62021    0  178  122.00000   44.62021  63.4%     -    0s
     0     0   44.62021    0  178  122.00000   44.62021  63.4%     -    0s
     0     0   44.62021    0  194  122.00000   44.62021  63.4%     -    0s
     0     0   44.62021    0  166  122.00000   44.62021  63.4%     -    0s
     0     0   44.62021    0  141  122.00000   44.62021  63.4%     -    0s
     0     0   44.62021    0  146  122.00000   44.62021  63.4%     -    0s
     0     0   44.62021    0  131  122.00000   44.62021  63.4%     -    0s
     0     0   44.68023    0  164  122.00000   44.68023  63.4%     -    0s
     0     0   44.68023    0  168  122.00000   44.68023  63.4%     -    0s
     0     0   44.76247    0   56  122.00000   44.76247  63.3%     -    0s
H    0     0                     121.0000000   44.76247  63.0%     -    0s
H    0     0                     118.0000000   44.76247  62.1%     -    0s
     0     2   45.64154    0   56  118.00000   45.64154  61.3%     -    0s
*  128   113              92     117.0000000   45.64154  61.0%   9.6    0s
H  131   109                     117.0000000   45.64154  61.0%   9.4    0s
H  188   156                     116.0000000   45.64154  60.7%  10.6    0s
*  454   358              86     115.0000000   46.14477  59.9%  10.0    0s
*  534   420              62     113.0000000   46.60430  58.8%  10.7    0s
*  804   560              81     112.0000000   47.47099  57.6%  18.8    1s
*  806   532              82     109.0000000   47.47099  56.4%  18.8    1s
H  864   539                     109.0000000   48.72710  55.3%  20.4    1s
H  931   494                     108.0000000   48.72710  54.9%  19.6    1s
H 1408   667                     108.0000000   52.22149  51.6%  23.4    1s
  4108  2103 infeasible   31       108.00000   58.03786  46.3%  23.0    5s
  8420  4332   95.00000   33   13  108.00000   61.84805  42.7%  22.7   10s
 10228  5269   70.13122   32   65  108.00000   62.69188  42.0%  22.2   15s
 12197  5847   65.83204   30   91  108.00000   64.25285  40.5%  24.4   20s
 15319  6462  107.00000   59   19  108.00000   67.44281  37.6%  25.5   25s
 19018  6982   73.01216   32  126  108.00000   69.58882  35.6%  26.3   30s
 22815  7366  102.01111   48   30  108.00000   71.04337  34.2%  26.5   35s
 26709  7943   72.95073   36   84  108.00000   72.00000  33.3%  26.8   40s
 30780  9780   86.00000   50  101  108.00000   72.81668  32.6%  26.7   45s
 34581 11392   76.12139   34   52  108.00000   73.38631  32.0%  26.6   50s
 38131 12882  107.00000   58   72  108.00000   73.88151  31.6%  26.5   55s
 42084 14509   85.01000   40   88  108.00000   74.36895  31.1%  26.5   60s
 45919 16069  107.00000   42   75  108.00000   75.03064  30.5%  26.4   65s
 50072 17679   91.00000   42   40  108.00000   75.64422  30.0%  26.3   70s
 54294 19295  107.00000   52   80  108.00000   76.00000  29.6%  26.1   75s
 58497 20941   78.62728   37   53  108.00000   76.33189  29.3%  25.9   80s
 62027 22402  101.00000   46   30  108.00000   76.61044  29.1%  25.8   85s
 66288 24114  107.00000   44   71  108.00000   76.91901  28.8%  25.6   90s
 71035 26077   77.54378   40  115  108.00000   77.03344  28.7%  25.5   95s
 75692 27980   97.00000   48   87  108.00000   77.23070  28.5%  25.3  100s
 80284 29832  102.00000   45   45  108.00000   77.43978  28.3%  25.2  105s
 85348 31793  101.00000   50   33  108.00000   77.71380  28.0%  25.0  110s
 90141 33617  107.00000   48   76  108.00000   78.00000  27.8%  25.0  115s
 94766 35290  107.00000   50   31  108.00000   78.26972  27.5%  24.9  120s
 99088 36918  103.00000   52   35  108.00000   78.67188  27.2%  24.8  125s
 103649 38551  107.00000   48   58  108.00000   79.00000  26.9%  24.8  130s
 108112 40096   85.00000   42   57  108.00000   79.09709  26.8%  24.8  135s
 113173 41896  107.00000   47   35  108.00000   79.54872  26.3%  24.7  140s
 117331 43341   82.26912   36   51  108.00000   80.00000  25.9%  24.6  145s
 121725 44960   90.00000   42   84  108.00000   80.00000  25.9%  24.6  150s
 126294 46575   86.00000   42    8  108.00000   80.00216  25.9%  24.7  155s
 131207 48353  107.00000   50   72  108.00000   80.09333  25.8%  24.6  160s
 136383 50168 infeasible   52       108.00000   80.17516  25.8%  24.5  165s
 141101 51904  107.00000   50   29  108.00000   80.21405  25.7%  24.3  170s
 145579 53498  103.13043   47   40  108.00000   80.23770  25.7%  24.2  175s
 149988 55021   97.00000   47   49  108.00000   80.24612  25.7%  24.1  180s
 153630 56182  107.00000   45   72  108.00000   80.26244  25.7%  24.0  185s
 157652 57603  103.00000   46   64  108.00000   80.28130  25.7%  24.0  190s
 161639 58977     cutoff   49       108.00000   80.29399  25.7%  23.9  195s
 165566 60347 infeasible   48       108.00000   80.31194  25.6%  23.9  200s
 169252 61425   84.00000   44   39  108.00000   80.32629  25.6%  23.9  205s
 173354 62845   98.38542   52   46  108.00000   80.34171  25.6%  23.8  210s
 177486 64206     cutoff   56       108.00000   80.36545  25.6%  23.8  215s
 181457 65549   80.38272   40  106  108.00000   80.38272  25.6%  23.8  220s
 185539 67062  103.00000   49   33  108.00000   80.38272  25.6%  23.7  225s
 189059 68482   92.00000   45   51  108.00000   80.38272  25.6%  23.7  230s
 193212 70112   86.00000   40   92  108.00000   80.38495  25.6%  23.7  235s
 197171 71365     cutoff   49       108.00000   80.39552  25.6%  23.6  240s
 200888 72683   80.40317   41  106  108.00000   80.40317  25.6%  23.6  245s
 205355 74142     cutoff   52       108.00000   80.42239  25.5%  23.6  250s
 209681 75494   80.45127   51   97  108.00000   80.44770  25.5%  23.6  255s
 213166 76681   97.00000   41   38  108.00000   80.46376  25.5%  23.6  260s
 217445 78101  107.00000   63   81  108.00000   80.48510  25.5%  23.5  265s
 221624 79442   91.00000   42   47  108.00000   80.50300  25.5%  23.5  270s
 226353 80920   86.00000   44   52  108.00000   80.51616  25.4%  23.5  275s
 231543 82610  103.00000   48   71  108.00000   80.54857  25.4%  23.4  280s
 236027 84071  107.00000   53   30  108.00000   80.56778  25.4%  23.4  285s
 240841 85617  107.00000   53   92  108.00000   80.61581  25.4%  23.4  290s
 245176 86948  107.00000   49   38  108.00000   80.66387  25.3%  23.4  295s
 249140 88154  107.00000   53   39  108.00000   80.72374  25.3%  23.5  300s
 253659 89491     cutoff   51       108.00000   80.82629  25.2%  23.5  305s
 258621 91030   82.37177   43   87  108.00000   80.96824  25.0%  23.4  310s
 263656 92588  103.00000   45   78  108.00000   81.00000  25.0%  23.4  315s
 268440 94109   93.00000   50   75  108.00000   81.00000  25.0%  23.4  320s
 272845 95502  104.00000   43   82  108.00000   81.00000  25.0%  23.4  325s
 277347 96886  107.00000   54   62  108.00000   81.07211  24.9%  23.4  330s
 282615 98688   81.15547   45   65  108.00000   81.15547  24.9%  23.4  335s
 287155 100257   94.00000   43   44  108.00000   81.19974  24.8%  23.4  340s
 292338 101826   99.00000   46   41  108.00000   81.23148  24.8%  23.3  345s
 296619 102978   91.00000   45   60  108.00000   81.24272  24.8%  23.3  350s
 301656 104577   95.00000   45   43  108.00000   81.25460  24.8%  23.3  355s
 307121 106148   96.00000   49   42  108.00000   81.25460  24.8%  23.2  360s
 312784 107754   95.00000   43   74  108.00000   81.25460  24.8%  23.1  365s
 318355 109395  103.00000   53   83  108.00000   81.25719  24.8%  23.0  370s
 323438 110765     cutoff   52       108.00000   81.26285  24.8%  23.0  375s
 328283 112087   81.27260   47   98  108.00000   81.27260  24.7%  22.9  380s
 333146 113397   81.28031   45   59  108.00000   81.28031  24.7%  22.9  385s
 337553 114524   81.28697   44   99  108.00000   81.28697  24.7%  22.9  390s
 342255 115682  103.00000   47   78  108.00000   81.29375  24.7%  22.9  395s
 346495 117130   81.92485   41   92  108.00000   81.29524  24.7%  22.9  400s
 351594 118800  101.00000   47   55  108.00000   81.29839  24.7%  22.9  405s
 356815 120438   81.32314   39  108  108.00000   81.30555  24.7%  22.9  410s
 361354 121862   81.30864   38   60  108.00000   81.30864  24.7%  22.9  415s
 366640 123645   81.44014   48   55  108.00000   81.32046  24.7%  22.8  420s
 371244 124834   81.39379   44   39  108.00000   81.32608  24.7%  22.9  425s
 376037 126395     cutoff   49       108.00000   81.33554  24.7%  22.9  430s
 381001 128000  103.00000   47   49  108.00000   81.34690  24.7%  22.8  435s
 385779 129375   97.00000   44   46  108.00000   81.35372  24.7%  22.8  440s
 390775 130884     cutoff   52       108.00000   81.37192  24.7%  22.8  445s
 395926 132433   87.00000   40   32  108.00000   81.39175  24.6%  22.8  450s
 400117 133616     cutoff   51       108.00000   81.41562  24.6%  22.7  455s
 405324 135168   81.43103   39   86  108.00000   81.43103  24.6%  22.7  460s
 410366 136492  102.00000   48   34  108.00000   81.46765  24.6%  22.7  465s
 415221 138054   85.00000   43   56  108.00000   81.49100  24.5%  22.7  470s
 420017 139452     cutoff   47       108.00000   81.51220  24.5%  22.7  475s
 424359 140737 infeasible   43       108.00000   81.54667  24.5%  22.7  480s
 429542 142574  107.04167   60   62  108.00000   81.54736  24.5%  22.7  485s
 433795 143816  107.00000   58   72  108.00000   81.54736  24.5%  22.7  490s
 438800 145379   91.00000   51   43  108.00000   81.54736  24.5%  22.7  495s
 443197 146797  102.00000   51   58  108.00000   81.54736  24.5%  22.7  500s
 447904 148278  107.00000   57   50  108.00000   81.54736  24.5%  22.8  505s
 452611 149757  107.00000   55   68  108.00000   81.54736  24.5%  22.8  510s
 456295 150847   81.56457   45   68  108.00000   81.54736  24.5%  22.8  515s
 460595 152114   98.00000   49   76  108.00000   81.54736  24.5%  22.8  520s
 464925 153416  107.00000   52   49  108.00000   81.54736  24.5%  22.8  525s
 469589 154792  107.00000   54   31  108.00000   81.54736  24.5%  22.9  530s
 474808 156107   84.00000   50   82  108.00000   81.54736  24.5%  22.8  535s
 479834 157233  101.00000   43   50  108.00000   81.54736  24.5%  22.8  540s
 484380 158717   99.00000   53   34  108.00000   81.54736  24.5%  22.8  545s
 488783 159959  107.00000   57   84  108.00000   81.54736  24.5%  22.8  550s
 492943 160802  103.00000   48   81  108.00000   81.54736  24.5%  22.8  555s
 496140 161690 infeasible   52       108.00000   81.54736  24.5%  22.9  560s
 500917 163268   95.00000   52   63  108.00000   81.54736  24.5%  22.8  565s
 504645 164348  107.00000   49   75  108.00000   81.54736  24.5%  22.9  570s
 508679 165558 infeasible   49       108.00000   81.56150  24.5%  22.9  575s
 512619 166606   96.00000   48   77  108.00000   81.58104  24.5%  22.9  580s
 516231 167411   90.80000   40   94  108.00000   81.60749  24.4%  22.9  585s
 520130 168382   97.33333   50   45  108.00000   81.65506  24.4%  22.9  590s
 524022 169351 infeasible   51       108.00000   81.72948  24.3%  22.9  595s
 527809 170306   99.00000   45   42  108.00000   81.81333  24.2%  22.9  600s
 531313 171250 infeasible   48       108.00000   81.89444  24.2%  22.9  605s
 534959 172038  107.00000   53   28  108.00000   81.94508  24.1%  22.9  610s
*538614 172883              80     107.9999995   82.00000  24.1%  22.9  614s
 538640 172887  107.00000   44   21  108.00000   82.00000  24.1%  22.9  615s
 542162 173864  100.00000   50   42  108.00000   82.00000  24.1%  22.9  620s
 545770 174907   87.00000   42   33  108.00000   82.00000  24.1%  22.9  625s
 550204 176211  103.00000   49   43  108.00000   82.00000  24.1%  22.9  630s
 554120 177284 infeasible   48       108.00000   82.00000  24.1%  22.9  635s
 558114 178533   88.00000   54   88  108.00000   82.00000  24.1%  22.9  640s
 562262 179750   87.00000   47   46  108.00000   82.00768  24.1%  22.9  645s
 566061 180792   87.38076   41  100  108.00000   82.08816  24.0%  22.9  650s
 569878 181737   91.00000   50   39  108.00000   82.14749  23.9%  22.9  655s
 574065 182825   82.35393   48   51  108.00000   82.19048  23.9%  22.9  660s
 578362 183825   96.00000   45   33  108.00000   82.19048  23.9%  22.9  665s
 582460 184727 infeasible   51       108.00000   82.19048  23.9%  22.9  670s
 586915 185959  102.00000   48   49  108.00000   82.19396  23.9%  22.9  675s
 590873 187440  107.00000   50   74  108.00000   82.19396  23.9%  22.9  680s
 595233 188731   90.00000   45   50  108.00000   82.19576  23.9%  22.9  685s
 599382 190095   82.19576   46   57  108.00000   82.19576  23.9%  22.9  690s
 603617 191390     cutoff   56       108.00000   82.19576  23.9%  22.9  695s
 607299 192504  107.00000   51   90  108.00000   82.20137  23.9%  22.9  700s
 611146 193431  102.00000   47   38  108.00000   82.20968  23.9%  22.9  705s
 614689 194324  103.00000   54   19  108.00000   82.22249  23.9%  22.9  710s
 618595 195360   91.00000   43   50  108.00000   82.23382  23.9%  22.9  715s
 622527 196358   82.66667   44   21  108.00000   82.24615  23.8%  22.9  720s
 626454 197389  107.00000   51   20  108.00000   82.27005  23.8%  22.9  725s
 630530 198530     cutoff   52       108.00000   82.30039  23.8%  22.9  730s
 634575 199510     cutoff   47       108.00000   82.32850  23.8%  22.9  735s
 638390 200505   96.00000   53   41  108.00000   82.36146  23.7%  22.9  740s
 642535 201434   82.37232   43   95  108.00000   82.36146  23.7%  22.8  745s
 645803 202252 infeasible   53       108.00000   82.37232  23.7%  22.8  750s
 649787 203359   97.00926   39   55  108.00000   82.43060  23.7%  22.8  755s
 653205 204291 infeasible   51       108.00000   82.47059  23.6%  22.9  760s
 656966 205102   97.00000   49   50  108.00000   82.47059  23.6%  22.9  765s
 660615 206114   96.00000   46   55  108.00000   82.47059  23.6%  22.9  770s
 664385 207155     cutoff   61       108.00000   82.47059  23.6%  22.9  775s
 668067 208084  103.00000   52   42  108.00000   82.47059  23.6%  22.9  780s
 671332 209008 infeasible   56       108.00000   82.47059  23.6%  22.9  785s
 675122 209920     cutoff   54       108.00000   82.50602  23.6%  23.0  790s
 679047 210735   90.00000   43   58  108.00000   82.56000  23.6%  23.0  795s
 682939 211735   96.00000   40   18  108.00000   82.69318  23.4%  23.0  800s
 687106 212845   91.00000   41   21  108.00000   82.83612  23.3%  23.0  805s
 691306 213980   98.00000   41   45  108.00000   83.00000  23.1%  23.0  810s
 695237 214953  107.00000   45   83  108.00000   83.00000  23.1%  22.9  815s
 699357 215975  107.00000   52   99  108.00000   83.00000  23.1%  23.0  820s
 703826 217160   98.00000   45   72  108.00000   83.00000  23.1%  22.9  825s
 708213 218272 infeasible   55       108.00000   83.00000  23.1%  22.9  830s
 712051 219289  107.00000   54   86  108.00000   83.00000  23.1%  22.9  835s
 716435 220449  107.00000   60   50  108.00000   83.00000  23.1%  22.9  840s
 720785 221649   91.00000   45   49  108.00000   83.00000  23.1%  22.9  845s
 725034 222855   95.00000   51   85  108.00000   83.00000  23.1%  22.9  850s
 728480 223737   90.00000   49   88  108.00000   83.00000  23.1%  22.9  855s
 732711 224820   98.00000   37   81  108.00000   83.00000  23.1%  22.9  860s
 736724 225768   99.00000   45   56  108.00000   83.00000  23.1%  22.9  865s
 740604 226760   86.00000   45   27  108.00000   83.09311  23.1%  22.9  870s
 744883 228065     cutoff   58       108.00000   83.23149  22.9%  22.9  875s
 748077 228972  107.00000   46   36  108.00000   83.36474  22.8%  22.9  880s
 752252 230205  107.00000   57   82  108.00000   83.50562  22.7%  22.8  885s
 756616 231486  107.00000   53   34  108.00000   83.65217  22.5%  22.8  890s
 760891 232760  107.00000   53   75  108.00000   83.85965  22.4%  22.8  895s
 765043 233911  107.00000   59   43  108.00000   84.00000  22.2%  22.8  900s
 769250 234845   85.01333   42   50  108.00000   84.00000  22.2%  22.8  905s
 773371 235721  107.00000   58   75  108.00000   84.00000  22.2%  22.8  910s
 777510 236727  107.00926   57   40  108.00000   84.00000  22.2%  22.8  915s
 781839 237750  107.00000   49   71  108.00000   84.00000  22.2%  22.8  920s
 785989 238686   98.00000   53   46  108.00000   84.00000  22.2%  22.8  925s
 789996 239653     cutoff   53       108.00000   84.00000  22.2%  22.8  930s
 794105 240614  107.00000   47   83  108.00000   84.00000  22.2%  22.8  935s
 798456 241700  103.00000   48   71  108.00000   84.00000  22.2%  22.8  940s
 802815 242788  107.00000   50   94  108.00000   84.00000  22.2%  22.8  945s
 807221 243783  107.00000   45   71  108.00000   84.00000  22.2%  22.8  950s
 811153 244736  107.00000   54   50  108.00000   84.00000  22.2%  22.8  955s
 815393 245839  107.00000   45   70  108.00000   84.00000  22.2%  22.8  960s
 819396 246746   91.00000   43   53  108.00000   84.00000  22.2%  22.8  965s
 823249 247696  103.00000   56   82  108.00000   84.00000  22.2%  22.8  970s
 827403 248758   84.00000   42   98  108.00000   84.00000  22.2%  22.7  975s
 831420 249810   86.00000   48   82  108.00000   84.00000  22.2%  22.7  980s
 835743 250765   91.00000   42   72  108.00000   84.00000  22.2%  22.7  985s
 838971 251547  107.00000   44   51  108.00000   84.01357  22.2%  22.7  990s
 843017 252522   91.00000   42   58  108.00000   84.05588  22.2%  22.7  995s
 847150 253540   91.00000   36   87  108.00000   84.12341  22.1%  22.7 1000s
 851310 254845   99.00000   45   82  108.00000   84.28249  22.0%  22.7 1005s
 855518 256123  103.00000   43   33  108.00000   84.44468  21.8%  22.7 1010s
 859285 257192   87.00000   37   43  108.00000   84.51812  21.7%  22.7 1015s
 863686 258397   87.00000   46   83  108.00000   84.66667  21.6%  22.7 1020s
 868097 259612  103.00000   52   84  108.00000   84.79439  21.5%  22.7 1025s
 872947 261051  103.00000   52   38  108.00000   84.79439  21.5%  22.7 1030s
 878004 262683   92.00000   46   52  108.00000   84.79439  21.5%  22.7 1035s
 882955 264155   84.79439   44   51  108.00000   84.79439  21.5%  22.7 1040s
 886740 265204   84.79439   38   72  108.00000   84.79439  21.5%  22.7 1045s
 891351 266591  107.00000   51   19  108.00000   84.79439  21.5%  22.7 1050s
 896067 267854  107.00000   52   36  108.00000   84.79439  21.5%  22.7 1055s
 900803 269160   85.01220   39   79  108.00000   84.92623  21.4%  22.7 1060s
 906099 270807     cutoff   64       108.00000   85.00000  21.3%  22.7 1065s
 910635 271721   85.01538   41   56  108.00000   85.00000  21.3%  22.7 1070s
 915102 272798  101.00000   50   42  108.00000   85.00000  21.3%  22.7 1075s
 919758 273921  103.00000   46   27  108.00000   85.00000  21.3%  22.7 1080s
 924577 275051  107.00000   46   73  108.00000   85.00000  21.3%  22.7 1085s
 929055 276196  102.00000   48   36  108.00000   85.00000  21.3%  22.7 1090s
H932026 276878                     107.9999991   85.00000  21.3%  22.7 1094s
 932855 277096   98.00000   48   34  108.00000   85.00000  21.3%  22.7 1095s
 937026 278025  102.00000   44   87  108.00000   85.00000  21.3%  22.7 1100s
 941769 279207   85.01333   41   40  108.00000   85.00000  21.3%  22.7 1105s
 946707 280417 infeasible   47       108.00000   85.00000  21.3%  22.7 1110s
 951786 281685   92.00000   49   35  108.00000   85.00000  21.3%  22.7 1115s
 956676 282809  100.00000   49   78  108.00000   85.00000  21.3%  22.7 1120s
 961769 284138  107.00000   52   75  108.00000   85.00000  21.3%  22.7 1125s
 966535 285342   91.00000   46   35  108.00000   85.00000  21.3%  22.7 1130s
 971870 286640   95.00000   49   41  108.00000   85.00000  21.3%  22.6 1135s
 977141 287973   85.01538   44   47  108.00000   85.00000  21.3%  22.6 1140s
 981763 289162   96.00000   54   50  108.00000   85.00000  21.3%  22.6 1145s
 987013 290430   96.00000   49  117  108.00000   85.00000  21.3%  22.6 1150s
 992116 291714   91.00000   43   59  108.00000   85.00000  21.3%  22.6 1155s
 996340 292754  103.00000   53   31  108.00000   85.00000  21.3%  22.6 1160s
 1001080 293886   99.00000   55   44  108.00000   85.00000  21.3%  22.6 1165s
 1006139 294926   98.00000   46   51  108.00000   85.00000  21.3%  22.6 1170s
 1011334 295967  107.00000   54   87  108.00000   85.00000  21.3%  22.6 1175s
 1016391 297114  107.00000   49   75  108.00000   85.00000  21.3%  22.6 1180s
 1021509 298568   85.00000   45   46  108.00000   85.00000  21.3%  22.6 1185s
 1026693 299865  107.00000   46   83  108.00000   85.00000  21.3%  22.5 1190s
 1031740 300811   85.00000   53   52  108.00000   85.00000  21.3%  22.5 1195s
 1035445 301561   88.00000   43   33  108.00000   85.00000  21.3%  22.5 1200s
 1040655 302843  107.00000   57   70  108.00000   85.00000  21.3%  22.5 1205s
 1045101 303837   85.00000   43   51  108.00000   85.00000  21.3%  22.5 1210s
 1050080 305190 infeasible   47       108.00000   85.00000  21.3%  22.5 1215s
 1055292 306611 infeasible   51       108.00000   85.00000  21.3%  22.5 1220s
 1059965 307768   97.29175   50   73  108.00000   85.00000  21.3%  22.5 1225s
 1064153 308872   85.00000   48   53  108.00000   85.00000  21.3%  22.5 1230s
 1069438 310339   93.00000   45   87  108.00000   85.00000  21.3%  22.5 1235s
 1074435 311583     cutoff   53       108.00000   85.00000  21.3%  22.5 1240s
 1079036 312840  107.00000   54   74  108.00000   85.00000  21.3%  22.5 1245s
 1084081 314138  100.00000   42   39  108.00000   85.00000  21.3%  22.5 1250s
 1088940 315353  102.00000   53   87  108.00000   85.00000  21.3%  22.5 1255s
 1093393 316635  107.00000   53   88  108.00000   85.00000  21.3%  22.5 1260s
 1097834 317693  107.00000   40   44  108.00000   85.00000  21.3%  22.5 1265s
 1102715 318883   98.00000   41   60  108.00000   85.00000  21.3%  22.5 1270s
 1107611 320041  103.00000   51   75  108.00000   85.00000  21.3%  22.5 1275s
 1110611 320654   97.00000   48   83  108.00000   85.00000  21.3%  22.5 1280s
 1115416 321981 infeasible   56       108.00000   85.00000  21.3%  22.5 1285s
 1120171 323187   98.00000   45   43  108.00000   85.00000  21.3%  22.5 1290s
 1125004 324440   90.00000   43   59  108.00000   85.00000  21.3%  22.5 1295s
 1130232 325789  103.00000   47   94  108.00000   85.00000  21.3%  22.5 1300s
 1134807 326792  107.00463   58   60  108.00000   85.00000  21.3%  22.5 1305s
 1140006 328044   88.00000   48   71  108.00000   85.00000  21.3%  22.5 1310s
 1144701 329167   96.00000   47   87  108.00000   85.00000  21.3%  22.5 1315s
 1149252 330294  107.00000   49   28  108.00000   85.00000  21.3%  22.5 1320s
 1154231 331668  107.00000   55   36  108.00000   85.00000  21.3%  22.5 1325s
 1159148 333085  107.00000   46   69  108.00000   85.00000  21.3%  22.5 1330s
 1163891 334221  104.00000   58   86  108.00000   85.00000  21.3%  22.5 1335s
 1168200 335108   86.00000   43   78  108.00000   85.00000  21.3%  22.5 1340s
 1172387 336160  104.00000   57   87  108.00000   85.00000  21.3%  22.5 1345s
 1177094 337279   90.00000   47   69  108.00000   85.00000  21.3%  22.5 1350s
 1181252 338255  107.00000   57   97  108.00000   85.00000  21.3%  22.5 1355s
 1185704 339330  100.00000   49   46  108.00000   85.00000  21.3%  22.5 1360s
 1190553 340655   96.00000   60   65  108.00000   85.00000  21.3%  22.5 1365s
 1195463 341910  107.00000   50   78  108.00000   85.00000  21.3%  22.5 1370s
 1199757 342915   87.42271   43   98  108.00000   85.00000  21.3%  22.5 1375s
 1204231 343723  107.00000   67   42  108.00000   85.00000  21.3%  22.5 1380s
 1208427 344743  101.00000   55  102  108.00000   85.00000  21.3%  22.5 1385s
 1212899 346022  101.00000   49   89  108.00000   85.00000  21.3%  22.5 1390s
 1217301 347214 infeasible   55       108.00000   85.00000  21.3%  22.5 1395s
 1221813 348310   85.00000   48   77  108.00000   85.00000  21.3%  22.5 1400s
 1226469 349504   85.00000   48   78  108.00000   85.00000  21.3%  22.5 1405s
 1230259 350394  103.00000   51   62  108.00000   85.00000  21.3%  22.5 1410s
 1233895 350921   87.00000   41   65  108.00000   85.00000  21.3%  22.5 1415s
 1238509 352109   85.00000   51   79  108.00000   85.00000  21.3%  22.5 1420s
 1243493 353468  102.00000   54   48  108.00000   85.00000  21.3%  22.5 1425s
 1248169 354682  107.00000   52   77  108.00000   85.00000  21.3%  22.5 1430s
 1252788 356022     cutoff   52       108.00000   85.00000  21.3%  22.5 1435s
 1257905 357396   96.00000   51   77  108.00000   85.00000  21.3%  22.5 1440s
 1261259 358240  101.00000   45   63  108.00000   85.00000  21.3%  22.5 1445s
 1266169 359299   96.00000   51   49  108.00000   85.00000  21.3%  22.5 1450s
 1270560 360423  107.00000   48   69  108.00000   85.00000  21.3%  22.5 1455s
 1275484 361708   92.00000   48   55  108.00000   85.00000  21.3%  22.5 1460s
 1280151 363005  107.00000   56   31  108.00000   85.00287  21.3%  22.5 1465s
 1285208 364666   85.00475   40   85  108.00000   85.00475  21.3%  22.5 1470s
 1290415 366263   88.00000   48   41  108.00000   85.00917  21.3%  22.4 1475s
 1295149 367536   86.00000   41   40  108.00000   85.00926  21.3%  22.4 1480s
 1300251 368971  107.00000   54   35  108.00000   85.00926  21.3%  22.4 1485s
 1304843 370194  101.00926   46   34  108.00000   85.00926  21.3%  22.5 1490s
 1309524 371515  107.00000   45   71  108.00000   85.00943  21.3%  22.5 1495s
 1314394 372933  107.00000   49   44  108.00000   85.00971  21.3%  22.5 1500s
 1318213 374020   85.01887   37   62  108.00000   85.00990  21.3%  22.5 1505s
 1322831 375403 infeasible   44       108.00000   85.01028  21.3%  22.5 1510s
 1327634 376724   86.00000   43   83  108.00000   85.01149  21.3%  22.5 1515s
 1331966 377912   85.01563   40   77  108.00000   85.01216  21.3%  22.5 1520s
 1336344 378839   97.00000   42   32  108.00000   85.01220  21.3%  22.5 1525s
 1341034 379912   91.00000   45   79  108.00000   85.01220  21.3%  22.5 1530s
 1346059 381242  107.00000   45   42  108.00000   85.01220  21.3%  22.5 1535s
 1350355 382227     cutoff   57       108.00000   85.01220  21.3%  22.5 1540s
 1354415 383154  107.00000   48   81  108.00000   85.01228  21.3%  22.5 1545s
 1359415 384559   85.01235   42   58  108.00000   85.01235  21.3%  22.5 1550s
 1364164 385739   93.00000   45   66  108.00000   85.01235  21.3%  22.5 1555s
 1368442 386712   96.00000   41   50  108.00000   85.01236  21.3%  22.5 1560s
 1372453 387770  107.00000   54   88  108.00000   85.01250  21.3%  22.5 1565s
 1377047 388936   85.01333   44   54  108.00000   85.01333  21.3%  22.5 1570s
 1382138 390140   90.00000   48   21  108.00000   85.01333  21.3%  22.5 1575s
 1387452 391633   92.12037   43   83  108.00000   85.01333  21.3%  22.5 1580s
 1392031 392863   89.00000   49   78  108.00000   85.01333  21.3%  22.5 1585s
 1396468 394033  107.00000   45   64  108.00000   85.01333  21.3%  22.5 1590s
 1401279 395273   85.01635   45   52  108.00000   85.01333  21.3%  22.5 1595s
 1406300 396564   97.00000   50   41  108.00000   85.01333  21.3%  22.5 1600s
 1411583 397958   87.00000   43   31  108.00000   85.01333  21.3%  22.4 1605s
 1416457 399035   95.00000   42   78  108.00000   85.01333  21.3%  22.4 1610s
 1421070 400290   98.00000   55   24  108.00000   85.01333  21.3%  22.4 1615s
 1426339 401654   85.01333   45   52  108.00000   85.01333  21.3%  22.4 1620s
 1431214 402904  107.00000   48   70  108.00000   85.01333  21.3%  22.4 1625s
 1435460 404048   90.00000   47   45  108.00000   85.01333  21.3%  22.4 1630s
 1439614 404951 infeasible   50       108.00000   85.01333  21.3%  22.4 1635s
 1444912 406235 infeasible   47       108.00000   85.01333  21.3%  22.4 1640s
 1450780 407843     cutoff   52       108.00000   85.01333  21.3%  22.4 1645s
 1456103 409169   85.01333   44   54  108.00000   85.01333  21.3%  22.4 1650s
 1460525 410354   91.00000   44   40  108.00000   85.01333  21.3%  22.4 1655s
 1465904 411655  107.00000   51   73  108.00000   85.01333  21.3%  22.4 1660s
 1471497 413102  103.00000   48   33  108.00000   85.01333  21.3%  22.3 1665s
 1477095 414655  107.00000   55   84  108.00000   85.01333  21.3%  22.3 1670s
 1482976 416349 infeasible   53       108.00000   85.01333  21.3%  22.3 1675s
 1488124 417700  107.00000   59   98  108.00000   85.01333  21.3%  22.3 1680s
 1493959 419179  107.00000   49   33  108.00000   85.01333  21.3%  22.3 1685s
 1498784 420429  103.00000   44   31  108.00000   85.01333  21.3%  22.3 1690s
 1504093 421856  102.00000   52   47  108.00000   85.01333  21.3%  22.3 1695s
 1509135 423262   85.01333   47   57  108.00000   85.01333  21.3%  22.3 1700s
 1514412 424694   85.01333   44   58  108.00000   85.01333  21.3%  22.2 1705s
 1519733 426135  102.00000   54   33  108.00000   85.01333  21.3%  22.2 1710s
 1525418 427781   87.00000   44   49  108.00000   85.01333  21.3%  22.2 1715s
 1530583 429222   91.00000   41   40  108.00000   85.01333  21.3%  22.2 1720s
 1536215 430658  107.00000   59   85  108.00000   85.01333  21.3%  22.2 1725s
 1540923 431888  107.00000   53   37  108.00000   85.01333  21.3%  22.2 1730s
 1546680 433397   90.00000   42   55  108.00000   85.01333  21.3%  22.2 1735s
 1551966 434707   85.01333   47   51  108.00000   85.01333  21.3%  22.2 1740s
 1557628 436234   86.00000   42   51  108.00000   85.01333  21.3%  22.1 1745s
 1563002 437510   89.00000   48   28  108.00000   85.01333  21.3%  22.1 1750s
 1568018 438812  107.00000   50   70  108.00000   85.01333  21.3%  22.1 1755s
 1573372 440190 infeasible   48       108.00000   85.01333  21.3%  22.1 1760s
 1579084 441856 infeasible   44       108.00000   85.01333  21.3%  22.1 1765s
 1584438 443266  107.00000   48   45  108.00000   85.01333  21.3%  22.1 1770s
 1589651 444768 infeasible   51       108.00000   85.01333  21.3%  22.1 1775s
 1594569 446091   95.00000   46   50  108.00000   85.01333  21.3%  22.1 1780s
 1599119 447254  103.00000   49   53  108.00000   85.01333  21.3%  22.1 1785s
 1603676 448390   92.00000   50   59  108.00000   85.01333  21.3%  22.1 1790s
 1609077 449749  107.00000   47   17  108.00000   85.01333  21.3%  22.1 1795s

Cutting planes:
  Gomory: 74
  Cover: 230
  Implied bound: 172
  Projected implied bound: 1
  Clique: 68
  MIR: 185
  Mixing: 5
  StrongCG: 1
  Flow cover: 571
  Inf proof: 387
  RLT: 25
  Relax-and-lift: 17

Explored 1614434 nodes (35604928 simplex iterations) in 1800.00 seconds (1837.45 work units)
Thread count was 1 (of 96 available processors)

Solution count 10: 108 108 108 ... 116

Time limit reached
Best objective 1.079999990660e+02, best bound 8.501333333333e+01, gap 21.2839%
WARNING: Loading a SolverResults object with an 'aborted' status, but
    containing a solution

Instance 19_5, formulation tres, reform bigm:
  Rect 0: x = 41.00, y = 15.00
  Rect 1: x = 37.00, y = 12.00
  Rect 2: x = 21.00, y = 14.00
  Rect 3: x = 68.00, y = 8.00
  Rect 4: x = 0.00, y = 15.00
  Rect 5: x = 57.00, y = 15.00
  Rect 6: x = 91.00, y = 13.00
  Rect 7: x = 84.00, y = 14.00
  Rect 8: x = 45.00, y = 3.00
  Rect 9: x = 79.00, y = 8.00
  Rect 10: x = 68.00, y = 15.00
  Rect 11: x = 0.00, y = 1.00
  Rect 12: x = 91.00, y = 15.00
  Rect 13: x = 10.00, y = 15.00
  Rect 14: x = 102.00, y = 13.00
  Rect 15: x = 107.00, y = 11.00
  Rect 16: x = 45.00, y = 12.00
  Rect 17: x = 21.00, y = 4.00
  Rect 18: x = 6.00, y = 15.00
  → saved figures to strip_figures/19_5_tres_bigm.png and strip_figures/19_5_tres_bigm.pdf
Set parameter TokenServer to value "mooring.ecn.purdue.edu"
Read LP format model from file /tmp/tmptj5p4ml6.pyomo.lp
Reading time = 0.01 seconds
x3460: 7031 rows, 3460 columns, 18435 nonzeros
Set parameter TimeLimit to value 1800
Set parameter Threads to value 1
Gurobi Optimizer version 11.0.0 build v11.0.0rc2 (linux64 - "Oracle Linux Server 9.6")

CPU model: AMD EPYC 7643 48-Core Processor, instruction set [SSE2|AVX|AVX2]
Thread count: 48 physical cores, 96 logical processors, using up to 1 threads

Optimize a model with 7031 rows, 3460 columns and 18435 nonzeros
Model fingerprint: 0x835f95a2
Variable types: 2776 continuous, 684 integer (684 binary)
Coefficient statistics:
  Matrix range     [1e+00, 2e+02]
  Objective range  [1e+00, 1e+00]
  Bounds range     [1e+00, 2e+02]
  RHS range        [1e+00, 2e+01]
Presolve removed 3225 rows and 1591 columns
Presolve time: 0.04s
Presolved: 3806 rows, 1869 columns, 10062 nonzeros
Variable types: 1509 continuous, 360 integer (360 binary)
Found heuristic solution: objective 177.0000000

Root relaxation: objective 3.200000e+01, 838 iterations, 0.02 seconds (0.02 work units)

    Nodes    |    Current Node    |     Objective Bounds      |     Work
 Expl Unexpl |  Obj  Depth IntInf | Incumbent    BestBd   Gap | It/Node Time

     0     0   32.00000    0  121  177.00000   32.00000  81.9%     -    0s
     0     0   32.00000    0  152  177.00000   32.00000  81.9%     -    0s
H    0     0                     161.0000000   32.00000  80.1%     -    0s
     0     0   32.00000    0  145  161.00000   32.00000  80.1%     -    0s
     0     0   32.00000    0  141  161.00000   32.00000  80.1%     -    0s
     0     0   32.00000    0  135  161.00000   32.00000  80.1%     -    0s
     0     0   32.00000    0   95  161.00000   32.00000  80.1%     -    0s
H    0     0                     140.0000000   32.00000  77.1%     -    0s
     0     0   32.00000    0  110  140.00000   32.00000  77.1%     -    0s
     0     0   32.00000    0  126  140.00000   32.00000  77.1%     -    0s
     0     0   32.00000    0  126  140.00000   32.00000  77.1%     -    0s
H    0     0                     130.0000000   32.00000  75.4%     -    0s
     0     2   32.00000    0  126  130.00000   32.00000  75.4%     -    0s
H   27    26                     122.0000000   32.00000  73.8%   104    1s
*  364   336             151     116.0000000   32.00000  72.4%  41.2    1s
H  393   346                     113.0000000   32.00000  71.7%  47.0    1s
*  525   452             123     111.0000000   32.00000  71.2%  40.4    2s
*  527   444             123     109.0000000   32.00000  70.6%  40.2    2s
   573   480   80.84211   64  120  109.00000   37.04575  66.0%  44.0    5s
   621   513  100.00000  104  111  109.00000   38.71090  64.5%   158   10s
   663   541   78.00000   52   97  109.00000   39.16388  64.1%   148   15s
   696   563   66.00000   21  164  109.00000   39.21430  64.0%   141   20s
   745   598   66.57143   31  127  109.00000   40.16042  63.2%   366   25s
   798   634  100.00000  109  111  109.00000   41.79302  61.7%   429   30s
  1068   778   43.00000   53   67  109.00000   43.00000  60.6%   397   35s
H 1656   963                     108.0000000   54.00000  50.0%   277   38s
H 1657   933                     108.0000000   54.00000  50.0%   277   38s
  1847  1020  103.00000  110   43  108.00000   54.00000  50.0%   255   40s
  3391  1875   78.48148   67   46  108.00000   54.00000  50.0%   161   45s
  4939  2956  107.00000   96   67  108.00000   55.00000  49.1%   124   50s
  6590  4150   74.00000   65   70  108.00000   55.00000  49.1%   105   55s
  7964  5057   74.00000   62   51  108.00000   59.00000  45.4%  95.9   60s
  9749  6310  107.00000   92   75  108.00000   61.00000  43.5%  87.0   65s
 10202  6545   76.00000   67   62  108.00000   61.00000  43.5%  85.0   75s
 11959  7725   76.57143   63   42  108.00000   63.00000  41.7%  79.6   80s
 13978  9091 infeasible   91       108.00000   63.00000  41.7%  74.0   85s
 15675 10224   85.00000   77   54  108.00000   63.00000  41.7%  70.5   90s
 17463 11385  107.00000   89   64  108.00000   63.00000  41.7%  68.1   95s
 19505 12773  107.00000   79   57  108.00000   64.00000  40.7%  65.6  100s
 21655 14020  107.00000   70   62  108.00000   65.34783  39.5%  63.3  105s
 23818 15455   87.00000   81   96  108.00000   66.00000  38.9%  61.5  110s
 25921 16819   84.00000   71   51  108.00000   66.00000  38.9%  60.0  115s
 28322 18389   85.00000   66   58  108.00000   66.00000  38.9%  58.4  120s
 30577 19818 infeasible   86       108.00000   66.00000  38.9%  57.1  125s
 32401 20931   94.00000   84   78  108.00000   66.00000  38.9%  56.4  130s
 34282 22143  102.00000   83   54  108.00000   66.00000  38.9%  56.0  135s
 36560 23542  103.00000   85   52  108.00000   66.00000  38.9%  55.0  140s
 38412 24727   85.00000   64   58  108.00000   66.00000  38.9%  54.4  145s
 40294 25891   98.00000   96   75  108.00000   66.00000  38.9%  54.1  150s
 42308 27149 infeasible   73       108.00000   66.00000  38.9%  53.6  155s
 44286 28325 infeasible   79       108.00000   66.00000  38.9%  53.3  160s
 46270 29539  107.00000   87   33  108.00000   66.00000  38.9%  53.1  165s
 47825 30483   83.00000   75   55  108.00000   66.00000  38.9%  52.6  170s
 49892 31782  107.00000   98   81  108.00000   66.00000  38.9%  52.3  175s
 51864 33020  107.00000  104   70  108.00000   66.00000  38.9%  52.1  180s
 53891 34277     cutoff   85       108.00000   66.00000  38.9%  51.8  185s
 55689 35330  103.00000   83   76  108.00000   66.00000  38.9%  51.7  190s
 57846 36560   97.00000   76   63  108.00000   67.00000  38.0%  51.3  195s
 59705 37610   94.00000   68   74  108.00000   68.00000  37.0%  51.2  200s
 61596 38711     cutoff   95       108.00000   68.00000  37.0%  51.0  205s
 63752 39921     cutoff   94       108.00000   69.00000  36.1%  50.7  210s
 65964 41296   98.00000   82   57  108.00000   69.00000  36.1%  50.5  215s
 67849 42353  107.00000   82   71  108.00000   69.00000  36.1%  50.3  220s
 69181 43093   84.00000   66   40  108.00000   69.00000  36.1%  50.2  225s
 71107 44169  103.00000   76   53  108.00000   69.00000  36.1%  50.1  230s
 72839 45130  107.00000   96   74  108.00000   69.00000  36.1%  50.1  235s
 74824 46231 infeasible   83       108.00000   69.00000  36.1%  50.0  240s
 76598 47229 infeasible   75       108.00000   69.00000  36.1%  50.0  245s
 78348 48142  107.00000   89   84  108.00000   69.00000  36.1%  50.0  250s
 80070 49123 infeasible   72       108.00000   70.00000  35.2%  50.0  255s
 82109 50331  107.00000   93   54  108.00000   70.00000  35.2%  49.9  260s
 83764 51302  107.00000   87   58  108.00000   70.00000  35.2%  49.8  265s
 85768 52438  102.00000   88   51  108.00000   70.00000  35.2%  49.7  270s
 87589 53514   93.00000   80   67  108.00000   70.00000  35.2%  49.7  275s
 89147 54415  102.00000   89   77  108.00000   70.00000  35.2%  49.7  280s
 91007 55508 infeasible   91       108.00000   70.00000  35.2%  49.7  285s
 92793 56509  102.00000   79   51  108.00000   70.00000  35.2%  49.7  290s
 94719 57599   86.00000   70   63  108.00000   70.00000  35.2%  49.7  295s
 96669 58760   85.00000   75   75  108.00000   70.00000  35.2%  49.7  300s
 97969 59440  107.00000   81   77  108.00000   70.60000  34.6%  49.8  305s
 100301 60804   84.00000   73   48  108.00000   71.00000  34.3%  49.6  310s
 102415 61999  107.00000   84   31  108.00000   71.00000  34.3%  49.4  315s
 104387 63080  107.00000   84   70  108.00000   71.00000  34.3%  49.3  320s
 106246 64062   97.00000   75   50  108.00000   71.00000  34.3%  49.2  325s
 107884 64919  107.00000   88   60  108.00000   72.00000  33.3%  49.2  330s
 110027 66148   80.00000   64   33  108.00000   72.00000  33.3%  49.1  335s
 111623 67112  102.00000   81   81  108.00000   72.00000  33.3%  49.0  340s
 113434 68119  107.00000   85   54  108.00000   72.00000  33.3%  49.0  345s
 115505 69157   95.00000   79   55  108.00000   72.00000  33.3%  48.9  350s
 117569 70328  107.00000   95   77  108.00000   72.00000  33.3%  48.8  355s
 119517 71391   92.00000   73   46  108.00000   72.00000  33.3%  48.8  360s
 121601 72556  103.00000   79   42  108.00000   72.00000  33.3%  48.7  365s
 123718 73733     cutoff   92       108.00000   72.00000  33.3%  48.6  370s
 125712 74805   89.00000   74   73  108.00000   72.00000  33.3%  48.6  375s
 127148 75584   91.00000   72   57  108.00000   72.00000  33.3%  48.6  380s
 128691 76403   92.60000   71   62  108.00000   72.00000  33.3%  48.6  385s
 130379 77265  107.00000   87   63  108.00000   72.00000  33.3%  48.6  390s
 132029 78135  102.00000   74   67  108.00000   73.00000  32.4%  48.7  395s
 134089 79334  102.00000   88   73  108.00000   73.00000  32.4%  48.7  400s
 136074 80385  107.00000   89   73  108.00000   73.00000  32.4%  48.6  405s
 137933 81394   98.00000   71   59  108.00000   73.00000  32.4%  48.6  410s
 139777 82352   81.50000   74   77  108.00000   73.00000  32.4%  48.6  415s
 141898 83530   84.00000   67   67  108.00000   73.00000  32.4%  48.5  420s
 144068 84626  107.00000   96   64  108.00000   73.00000  32.4%  48.5  425s
 145935 85655   97.00000   76   52  108.00000   73.00000  32.4%  48.4  430s
 148231 86864  107.00000  102   80  108.00000   73.00000  32.4%  48.3  435s
 149947 87852   96.00000   85   75  108.00000   73.00000  32.4%  48.2  440s
 151569 88721 infeasible   86       108.00000   73.00000  32.4%  48.2  445s
 153349 89734   84.00000   78   57  108.00000   73.00000  32.4%  48.2  450s
 155341 90820  107.00000   81   67  108.00000   73.00000  32.4%  48.1  455s
 157089 91730   92.00000   87   82  108.00000   73.00000  32.4%  48.2  460s
 158738 92601   92.00000   74   69  108.00000   73.00000  32.4%  48.2  465s
 160378 93501  107.00000   77   76  108.00000   73.00000  32.4%  48.3  470s
 162239 94501  101.00000   77   53  108.00000   73.80000  31.7%  48.3  475s
 164521 95716  103.00000   82   51  108.00000   74.00000  31.5%  48.2  480s
 165992 96541   74.00000   69   64  108.00000   74.00000  31.5%  48.2  485s
 168071 97770   87.00000   85   67  108.00000   74.00000  31.5%  48.1  490s
 169903 98688  104.00000   83   71  108.00000   74.00000  31.5%  48.1  495s
 171605 99557   98.00000   74   63  108.00000   74.00000  31.5%  48.2  500s
 173626 100651  101.00000   74   50  108.00000   74.00000  31.5%  48.2  505s
 175688 101757   96.00000   70   58  108.00000   74.00000  31.5%  48.1  510s
 177543 102732   85.00000   71   74  108.00000   74.00000  31.5%  48.1  515s
 179800 104077   74.00000   67   73  108.00000   74.00000  31.5%  48.1  520s
 181967 105307   98.00000   76   62  108.00000   74.00000  31.5%  48.0  525s
 183954 106376   92.00000   70   28  108.00000   74.00000  31.5%  48.0  530s
 186069 107528 infeasible   66       108.00000   74.00000  31.5%  47.9  535s
 187689 108447   74.00000   70   67  108.00000   74.00000  31.5%  47.9  540s
 189749 109599 infeasible   82       108.00000   74.00000  31.5%  47.9  545s
 191819 110766  102.00000   83   57  108.00000   74.00000  31.5%  47.9  550s
 193901 111983   96.00000   80   50  108.00000   74.00000  31.5%  47.8  555s
 196408 113461  102.00000   88   54  108.00000   74.00000  31.5%  47.7  560s
 198557 114624     cutoff   76       108.00000   74.00000  31.5%  47.6  565s
 200582 115746  107.00000   86   51  108.00000   74.00000  31.5%  47.6  570s
 202286 116659  107.00000   82   40  108.00000   74.00000  31.5%  47.5  575s
 204339 117758  107.00000   95   45  108.00000   74.00000  31.5%  47.5  580s
 206416 119018   92.00000   79   84  108.00000   74.00000  31.5%  47.4  585s
 208427 120168   85.50000   79   71  108.00000   74.00000  31.5%  47.4  590s
 210753 121507   90.00000   65   44  108.00000   74.00000  31.5%  47.3  595s
 212954 122780  102.00000   77   41  108.00000   74.00000  31.5%  47.3  600s
 215238 124071  104.00000   83   81  108.00000   74.00000  31.5%  47.2  605s
 217396 125303  107.00000   90   73  108.00000   74.00000  31.5%  47.1  610s
 219724 126700  107.00000   87   64  108.00000   74.00000  31.5%  47.1  615s
 221516 127677  101.00000   74   39  108.00000   74.00000  31.5%  47.0  620s
 223527 128774  107.00000   93   53  108.00000   74.00000  31.5%  47.1  625s
 225626 129885   87.00000   76   63  108.00000   74.00000  31.5%  47.0  630s
 227962 131296   92.00000   80   57  108.00000   74.00000  31.5%  46.9  635s
 229667 132258   98.00000   75   43  108.00000   74.00000  31.5%  46.9  640s
 231855 133539   98.00000   79   54  108.00000   74.00000  31.5%  46.8  645s
 234044 134784   80.00000   72   81  108.00000   74.00000  31.5%  46.8  650s
 236054 135889   96.00000   77   55  108.00000   74.00000  31.5%  46.8  655s
 238279 137170  107.00000   91   62  108.00000   74.00000  31.5%  46.7  660s
 240423 138267   85.00000   74   84  108.00000   74.00000  31.5%  46.7  665s
 242394 139388  107.00000   94   29  108.00000   74.00000  31.5%  46.7  670s
 244546 140562  107.00000   92   60  108.00000   74.00000  31.5%  46.7  675s
 246101 141476   92.00000   73   55  108.00000   74.00000  31.5%  46.7  680s
 248003 142510  101.00000   80   53  108.00000   74.00000  31.5%  46.7  685s
 250126 143686   98.00000   79   51  108.00000   74.00000  31.5%  46.7  690s
 252338 144961  107.00000   80   57  108.00000   74.00000  31.5%  46.6  695s
 254513 146040  107.00000   89   56  108.00000   74.00000  31.5%  46.6  700s
 256636 147184   92.00000   75   54  108.00000   74.00000  31.5%  46.5  705s
 258133 147985  102.00000   83   52  108.00000   74.00000  31.5%  46.5  710s
 260107 148922   98.00000   78   48  108.00000   74.00000  31.5%  46.5  715s
 262201 150006   74.00000   73   74  108.00000   74.00000  31.5%  46.5  720s
 264125 151025     cutoff   75       108.00000   74.00000  31.5%  46.5  725s
 266084 152098   85.00000   75   80  108.00000   74.00000  31.5%  46.5  730s
 268133 153210   98.00000   79   60  108.00000   74.00000  31.5%  46.4  735s
 270214 154366  107.00000   91   73  108.00000   74.00000  31.5%  46.4  740s
 272129 155422  107.00000   88   63  108.00000   74.00000  31.5%  46.4  745s
 274109 156572   85.00000   75   64  108.00000   74.00000  31.5%  46.4  750s
 275966 157627   96.00000   76   70  108.00000   74.00000  31.5%  46.4  755s
 278268 158934  107.00000   93   69  108.00000   74.00000  31.5%  46.4  760s
 280374 160049   98.00000   80   70  108.00000   74.00000  31.5%  46.3  765s
 282337 161080     cutoff   83       108.00000   74.00000  31.5%  46.3  770s
 283623 161771   92.00000   82   48  108.00000   74.00000  31.5%  46.3  775s
 285656 162968     cutoff   81       108.00000   74.00000  31.5%  46.3  780s
 287686 163977 infeasible   78       108.00000   74.00000  31.5%  46.3  785s
 289841 165162   98.00000   88   60  108.00000   74.00000  31.5%  46.2  790s
 291782 166178     cutoff   88       108.00000   74.00000  31.5%  46.3  795s
 293800 167265  103.00000   92   67  108.00000   74.00000  31.5%  46.3  800s
 295790 168365   97.00000   77   48  108.00000   74.00000  31.5%  46.3  805s
 297794 169347  107.00000   85   68  108.00000   74.00000  31.5%  46.2  810s
 299837 170487     cutoff   89       108.00000   74.00000  31.5%  46.2  815s
 301607 171486  107.00000   81   71  108.00000   74.00000  31.5%  46.2  820s
 303679 172492     cutoff   90       108.00000   74.00000  31.5%  46.2  825s
 305549 173517   98.00000   75   59  108.00000   74.00000  31.5%  46.2  830s
 307556 174555   94.00000   80   65  108.00000   74.00000  31.5%  46.2  835s
 309578 175654  103.00000   83   34  108.00000   74.00000  31.5%  46.2  840s
 311461 176727   91.00000   72   59  108.00000   74.00000  31.5%  46.2  845s
 313395 177789     cutoff   75       108.00000   74.00000  31.5%  46.2  850s
 315215 178733   92.00000   79   50  108.00000   74.00000  31.5%  46.2  855s
 317047 179727   91.00000   73   65  108.00000   74.00000  31.5%  46.2  860s
 319027 180821   94.00000   86   57  108.00000   74.00000  31.5%  46.1  865s
 320930 181809  107.00000   82   69  108.00000   74.00000  31.5%  46.2  870s
 322622 182630  102.00000   77   48  108.00000   74.00000  31.5%  46.2  875s
 324327 183459  107.00000   91   65  108.00000   74.00000  31.5%  46.2  880s
 326222 184487  107.00000   80   51  108.00000   74.00000  31.5%  46.2  885s
 328010 185517  103.80000   79   33  108.00000   74.00000  31.5%  46.2  890s
 329710 186472   97.00000   79   65  108.00000   74.00000  31.5%  46.2  895s
 331690 187555  100.00000   89   67  108.00000   74.00000  31.5%  46.2  900s
 333685 188642   74.00000   71   65  108.00000   74.00000  31.5%  46.2  905s
 335645 189653   92.00000   80   60  108.00000   74.00000  31.5%  46.2  910s
 337594 190667  102.00000   85   73  108.00000   74.00000  31.5%  46.2  915s
 339814 191843  107.00000   74   34  108.00000   74.00000  31.5%  46.1  920s
 342067 192953   98.00000   84   56  108.00000   74.00000  31.5%  46.1  925s
 343826 193900  107.00000   84   76  108.00000   74.00000  31.5%  46.1  930s
 345626 194865  103.00000   85   31  108.00000   74.00000  31.5%  46.1  935s
 346735 195516  102.00000   79   60  108.00000   74.00000  31.5%  46.1  940s
 348116 196255   87.00000   74   63  108.00000   74.00000  31.5%  46.2  945s
 349946 197186     cutoff   93       108.00000   74.00000  31.5%  46.2  950s
 352139 198352   83.00000   77   63  108.00000   74.00000  31.5%  46.2  955s
 353631 199117  107.00000   83   76  108.00000   74.00000  31.5%  46.2  960s
 355519 200165   85.00000   74   69  108.00000   74.00000  31.5%  46.2  965s
 357285 201027  101.00000   77   52  108.00000   74.00000  31.5%  46.2  970s
 359109 201987  104.00000   89   64  108.00000   74.00000  31.5%  46.2  975s
 361069 203036   85.00000   78   67  108.00000   74.00000  31.5%  46.2  980s
 362757 203890     cutoff   79       108.00000   74.00000  31.5%  46.3  985s
 364448 204758  103.00000   84   49  108.00000   74.00000  31.5%  46.3  990s
 366233 205728   90.00000   83   57  108.00000   74.00000  31.5%  46.3  995s
 368024 206681   89.00000   80   86  108.00000   74.00000  31.5%  46.4 1000s
 369970 207746 infeasible   83       108.00000   74.00000  31.5%  46.4 1005s
 371832 208778  100.00000   84   52  108.00000   74.00000  31.5%  46.4 1010s
 373572 209726  101.00000   86   64  108.00000   74.00000  31.5%  46.4 1015s
 375759 210833  102.00000   78   52  108.00000   74.00000  31.5%  46.4 1020s
 377097 211511   91.00000   73   62  108.00000   74.00000  31.5%  46.4 1025s
 378727 212349   79.00000   79   71  108.00000   74.00000  31.5%  46.4 1030s
 380628 213380   98.00000   81   59  108.00000   74.00000  31.5%  46.4 1035s
 382695 214439  107.00000   97   77  108.00000   74.00000  31.5%  46.4 1040s
 384757 215453   78.00000   76   73  108.00000   74.00000  31.5%  46.4 1045s
 385987 216068   92.00000   73   75  108.00000   74.00000  31.5%  46.5 1050s
 387765 217030   96.00000   67   54  108.00000   74.00000  31.5%  46.5 1055s
 389286 217798  107.00000   77   54  108.00000   74.00000  31.5%  46.5 1060s
 391172 218795   87.00000   75   65  108.00000   74.00000  31.5%  46.5 1065s
 392814 219637   95.00000   75   70  108.00000   74.00000  31.5%  46.5 1070s
 394142 220320   98.00000   89   74  108.00000   74.00000  31.5%  46.6 1075s
 395824 221205  104.00000   92   87  108.00000   74.00000  31.5%  46.6 1080s
 397461 221996   81.00000   71   75  108.00000   74.00000  31.5%  46.6 1085s
 399185 222904   87.00000   74   62  108.00000   74.00000  31.5%  46.7 1090s
 400142 223419   90.00000   72   57  108.00000   74.00000  31.5%  46.7 1095s
 401762 224194   79.00000   68   67  108.00000   74.00000  31.5%  46.7 1100s
 403453 225086  107.00000   90   80  108.00000   74.00000  31.5%  46.8 1105s
 404898 225819   85.00000   76   78  108.00000   74.00000  31.5%  46.8 1110s
 406387 226602   97.00000   83   70  108.00000   74.00000  31.5%  46.9 1115s
 407816 227334  103.00000   80   45  108.00000   74.00000  31.5%  46.9 1120s
 409845 228478   79.00000   74   74  108.00000   74.00000  31.5%  46.9 1125s
 411358 229199   98.00000   79   69  108.00000   74.00000  31.5%  47.0 1130s
 413098 230102   92.00000   83   67  108.00000   74.00000  31.5%  47.0 1135s
 414467 230779  107.00000   85   81  108.00000   74.00000  31.5%  47.0 1140s
 415780 231446   92.00000   71   60  108.00000   74.00000  31.5%  47.1 1145s
 417455 232325  107.00000   85   78  108.00000   74.11111  31.4%  47.1 1150s
 419357 233281  100.00000   77   76  108.00000   74.80000  30.7%  47.1 1155s
 421301 234196  101.00000   75   55  108.00000   75.00000  30.6%  47.1 1160s
 423105 235056 infeasible   80       108.00000   75.00000  30.6%  47.1 1165s
 425166 236023 infeasible   78       108.00000   75.00000  30.6%  47.1 1170s
 426932 236767   92.00000   77   54  108.00000   75.00000  30.6%  47.1 1175s
 428643 237533  107.00000   78   36  108.00000   75.00000  30.6%  47.0 1180s
 430578 238475   93.00000   81   57  108.00000   75.00000  30.6%  47.0 1185s
 432391 239379   86.00000   70   49  108.00000   75.00000  30.6%  47.0 1190s
 434110 240210  104.00000   83   70  108.00000   75.00000  30.6%  47.0 1195s
 435964 241097  107.00000   82   68  108.00000   75.00000  30.6%  47.0 1200s
 437685 241846  102.00000   91   68  108.00000   75.00000  30.6%  47.1 1205s
 438901 242399  103.00000   87   68  108.00000   75.00000  30.6%  47.1 1210s
 440384 242995  101.00000   78   81  108.00000   75.00000  30.6%  47.1 1215s
 441841 243650   89.00000   78   54  108.00000   75.08333  30.5%  47.2 1220s
 443688 244540     cutoff   82       108.00000   76.00000  29.6%  47.2 1225s
 445287 245387   90.00000   81   64  108.00000   76.00000  29.6%  47.2 1230s
 447330 246427  107.00000   86   40  108.00000   76.00000  29.6%  47.2 1235s
 449385 247457  107.00000   78   51  108.00000   76.00000  29.6%  47.2 1240s
 451448 248462   92.00000   65   46  108.00000   76.00000  29.6%  47.2 1245s
 453169 249304  100.00000   77   51  108.00000   76.00000  29.6%  47.2 1250s
 454987 250207  107.00000   76   57  108.00000   76.00000  29.6%  47.1 1255s
 457132 251246   88.00000   71   63  108.00000   76.00000  29.6%  47.1 1260s
 459200 252267     cutoff   81       108.00000   76.00000  29.6%  47.1 1265s
 460678 253036  103.00000   80   47  108.00000   76.00000  29.6%  47.1 1270s
 462594 254018  107.00000   89   54  108.00000   76.00000  29.6%  47.1 1275s
 464499 254957  102.00000   77   67  108.00000   76.00000  29.6%  47.1 1280s
 466171 255668   82.00000   82   73  108.00000   76.00000  29.6%  47.2 1285s
 467929 256526   87.00000   75   62  108.00000   76.00000  29.6%  47.2 1290s
 469839 257373   90.00000   77   59  108.00000   76.00000  29.6%  47.2 1295s
 471030 257917   98.00000   76   59  108.00000   76.00000  29.6%  47.2 1300s
 472657 258730  107.00000   88   69  108.00000   76.00000  29.6%  47.2 1305s
 474285 259556     cutoff   98       108.00000   76.36842  29.3%  47.2 1310s
 476202 260643   98.00000   77   60  108.00000   76.36842  29.3%  47.3 1315s
 478379 261841  103.00000   70   54  108.00000   77.00000  28.7%  47.3 1320s
 480716 263166  100.00000   70   46  108.00000   77.00000  28.7%  47.2 1325s
 482873 264239  107.00000   82   43  108.00000   77.00000  28.7%  47.2 1330s
 484500 265035  107.16667   77   68  108.00000   77.00000  28.7%  47.2 1335s
 486486 266119     cutoff   77       108.00000   77.00000  28.7%  47.2 1340s
 488496 267119  107.00000   83   64  108.00000   77.00000  28.7%  47.2 1345s
 490459 268127     cutoff   84       108.00000   77.00000  28.7%  47.2 1350s
 492493 269196  101.00000   75   50  108.00000   77.00000  28.7%  47.2 1355s
 494598 270240  107.00000   92   62  108.00000   77.00000  28.7%  47.2 1360s
 496742 271474   88.00000   69   50  108.00000   77.00000  28.7%  47.2 1365s
 498664 272495  104.06667   83   58  108.00000   77.00000  28.7%  47.1 1370s
 500586 273471   88.00000   63   34  108.00000   77.00000  28.7%  47.1 1375s
 502654 274595   85.00000   71   63  108.00000   77.00000  28.7%  47.1 1380s
 504997 275899   98.00000   81   61  108.00000   77.00000  28.7%  47.1 1385s
 507180 277034  102.00000   82   71  108.00000   77.00000  28.7%  47.1 1390s
 509229 278077 infeasible   83       108.00000   77.00000  28.7%  47.0 1395s
 511020 279037   77.00000   79   71  108.00000   77.00000  28.7%  47.0 1400s
 513055 280123   95.00000   77   57  108.00000   77.00000  28.7%  47.0 1405s
 515106 281148   97.00000   83   54  108.00000   77.00000  28.7%  47.0 1410s
 517059 282171   85.00000   65   68  108.00000   77.00000  28.7%  47.0 1415s
 518602 283057 infeasible   78       108.00000   77.00000  28.7%  47.0 1420s
 520533 284011   96.00000   76   47  108.00000   77.00000  28.7%  47.0 1425s
 522560 285003  102.00000   89   60  108.00000   77.00000  28.7%  47.0 1430s
 524273 285775   83.00000   69   46  108.00000   77.00000  28.7%  47.0 1435s
 526143 286774 infeasible   79       108.00000   77.00000  28.7%  47.0 1440s
 528052 287842     cutoff   81       108.00000   77.00000  28.7%  47.0 1445s
 529870 288770   98.00000   81   55  108.00000   77.00000  28.7%  47.0 1450s
 531673 289806  107.00000   85   52  108.00000   77.00000  28.7%  47.0 1455s
 533450 290750   98.00000   69   52  108.00000   77.00000  28.7%  47.0 1460s
 535673 291782  107.00000   93   70  108.00000   77.00000  28.7%  47.0 1465s
 537914 293028     cutoff   96       108.00000   77.00000  28.7%  47.0 1470s
 540295 294330   89.72222   84   67  108.00000   77.00000  28.7%  46.9 1475s
 542231 295299   81.00000   71   70  108.00000   77.00000  28.7%  46.9 1480s
 544362 296379   91.00000   75   50  108.00000   77.00000  28.7%  46.9 1485s
 546253 297392   91.00000   74   44  108.00000   77.00000  28.7%  46.9 1490s
 548255 298445   91.00000   69   52  108.00000   77.00000  28.7%  46.9 1495s
 549489 299044 infeasible   84       108.00000   77.00000  28.7%  46.9 1500s
 551057 299794   91.00000   73   51  108.00000   77.00000  28.7%  46.9 1505s
 553050 300828  101.00000   78   62  108.00000   77.00000  28.7%  46.9 1510s
 554783 301694  100.00000   79   47  108.00000   77.00000  28.7%  46.9 1515s
 556972 302844  107.00000   79   53  108.00000   77.00000  28.7%  46.9 1520s
 558966 303921   96.00000   73   60  108.00000   77.00000  28.7%  46.9 1525s
 560899 304890  107.00000   91   66  108.00000   77.00000  28.7%  46.9 1530s
 562497 305724   85.00000   81   63  108.00000   77.00000  28.7%  46.9 1535s
 564043 306592   96.00000   79   61  108.00000   77.00000  28.7%  46.9 1540s
 565994 307522 infeasible   81       108.00000   77.00000  28.7%  46.9 1545s
 567794 308444   79.00000   76   61  108.00000   77.00000  28.7%  46.9 1550s
 569537 309310  107.00000   88   78  108.00000   77.00000  28.7%  46.9 1555s
 571361 310158  102.00000   80   74  108.00000   77.00000  28.7%  47.0 1560s
 573243 311057   85.00000   72   67  108.00000   77.00000  28.7%  47.0 1565s
 575216 312026  107.00000   89   58  108.00000   77.00000  28.7%  47.0 1570s
 577215 313056   97.00000   78   58  108.00000   77.00000  28.7%  47.0 1575s
 579117 313928  107.00000   90   53  108.00000   77.00000  28.7%  47.0 1580s
 580906 314823   91.00000   76   61  108.00000   77.00000  28.7%  47.0 1585s
 582043 315362   95.00000   71   57  108.00000   77.00000  28.7%  47.0 1590s
 583948 316338   98.00000   80   69  108.00000   77.00000  28.7%  47.0 1595s
 586310 317559  107.00000   86   56  108.00000   77.00000  28.7%  46.9 1600s
 588311 318651   85.00000   75   66  108.00000   77.00000  28.7%  46.9 1605s
 590087 319641  107.00000   93   37  108.00000   77.00000  28.7%  46.9 1610s
 592012 320607   93.13043   79   63  108.00000   77.00000  28.7%  46.9 1615s
 593887 321641  107.00000   94   66  108.00000   77.00000  28.7%  46.9 1620s
 595497 322432  103.00000   78   53  108.00000   77.00000  28.7%  46.9 1625s
 597236 323375  102.00000   76   57  108.00000   77.00000  28.7%  47.0 1630s
 599056 324350   91.00000   83   74  108.00000   77.00000  28.7%  47.0 1635s
 600956 325368 infeasible   89       108.00000   77.00000  28.7%  47.0 1640s
 602457 326079  107.00000   86   44  108.00000   77.00000  28.7%  47.0 1645s
 604717 327250   95.00000   83   70  108.00000   77.00000  28.7%  47.0 1650s
 606343 328088  107.00000   78   53  108.00000   77.00000  28.7%  47.0 1655s
 608178 329027     cutoff   91       108.00000   77.00000  28.7%  47.0 1660s
 609541 329758   92.00000   75   67  108.00000   77.00000  28.7%  47.0 1665s
 611349 330679 infeasible   86       108.00000   77.00000  28.7%  47.0 1670s
 613343 331787   97.00000   83   63  108.00000   77.00000  28.7%  47.0 1675s
 614771 332506   98.00000   82   54  108.00000   77.00000  28.7%  47.0 1680s
 616541 333386   77.00000   70   80  108.00000   77.00000  28.7%  47.0 1685s
 618375 334327  103.00000   88   68  108.00000   77.00000  28.7%  47.0 1690s
 620276 335256  103.00000   83   87  108.00000   77.00000  28.7%  47.0 1695s
 621892 336039  107.00000   86   78  108.00000   77.00000  28.7%  47.0 1700s
 623340 336772   92.00000   72   77  108.00000   77.00000  28.7%  47.0 1705s
 624973 337584     cutoff   89       108.00000   77.00000  28.7%  47.1 1710s
 626541 338343   91.00000   72   78  108.00000   77.00000  28.7%  47.1 1715s
 627879 339035     cutoff   98       108.00000   77.00000  28.7%  47.1 1720s
 629244 339663   96.00000   83   71  108.00000   77.00000  28.7%  47.2 1725s
 630770 340449  102.00000   81   65  108.00000   77.00000  28.7%  47.2 1730s
 632147 341086 infeasible   80       108.00000   77.00000  28.7%  47.2 1735s
 633242 341615   85.00000   76   67  108.00000   77.14679  28.6%  47.3 1740s
 634499 342236  103.00000   89   76  108.00000   77.14679  28.6%  47.3 1745s
 636035 342937  107.00000   81   64  108.00000   77.74312  28.0%  47.3 1750s
 637941 343844  107.00000   81   48  108.00000   78.00000  27.8%  47.3 1755s
 640022 344856   84.00000   73   64  108.00000   78.00000  27.8%  47.3 1760s
 641787 345629  103.07692   86   69  108.00000   78.00000  27.8%  47.3 1765s
 643866 346562   89.00000   69   49  108.00000   78.00000  27.8%  47.3 1770s
 645865 347536  107.20000   81   17  108.00000   78.00000  27.8%  47.3 1775s
 647863 348570   96.00000   82   63  108.00000   78.00000  27.8%  47.3 1780s
 649634 349435     cutoff   90       108.00000   78.00000  27.8%  47.3 1785s
 651721 350480  102.00000   87   77  108.00000   78.00000  27.8%  47.3 1790s
 653268 351210   84.00000   71   48  108.00000   78.00000  27.8%  47.3 1795s

Cutting planes:
  Gomory: 2
  Cover: 21
  Implied bound: 25
  Clique: 3
  MIR: 15
  Flow cover: 74
  Network: 1
  RLT: 31
  Relax-and-lift: 16

Explored 655127 nodes (31002480 simplex iterations) in 1800.00 seconds (1583.54 work units)
Thread count was 1 (of 96 available processors)

Solution count 10: 108 108 109 ... 161

Time limit reached
Best objective 1.079999999891e+02, best bound 7.800000000000e+01, gap 27.7778%
WARNING: Loading a SolverResults object with an 'aborted' status, but
    containing a solution

Instance 19_5, formulation tres, reform hull:
  Rect 0: x = 0.00, y = 15.00
  Rect 1: x = 16.00, y = 15.00
  Rect 2: x = 0.00, y = 14.00
  Rect 3: x = 24.00, y = 13.00
  Rect 4: x = 47.00, y = 14.00
  Rect 5: x = 88.00, y = 15.00
  Rect 6: x = 36.00, y = 13.00
  Rect 7: x = 81.00, y = 13.00
  Rect 8: x = 9.00, y = 3.00
  Rect 9: x = 64.00, y = 15.00
  Rect 10: x = 53.00, y = 7.00
  Rect 11: x = 53.00, y = 14.00
  Rect 12: x = 36.00, y = 15.00
  Rect 13: x = 70.00, y = 15.00
  Rect 14: x = 99.00, y = 13.00
  Rect 15: x = 69.00, y = 15.00
  Rect 16: x = 24.00, y = 9.00
  Rect 17: x = 0.00, y = 4.00
  Rect 18: x = 104.00, y = 14.00
  → saved figures to strip_figures/19_5_tres_hull.png and strip_figures/19_5_tres_hull.pdf
Set parameter TokenServer to value "mooring.ecn.purdue.edu"
Read LP format model from file /tmp/tmpso4_45jw.pyomo.lp
Reading time = 0.00 seconds
x724: 875 rows, 724 columns, 4719 nonzeros
Set parameter TimeLimit to value 1800
Set parameter Threads to value 1
Gurobi Optimizer version 11.0.0 build v11.0.0rc2 (linux64 - "Oracle Linux Server 9.6")

CPU model: AMD EPYC 7643 48-Core Processor, instruction set [SSE2|AVX|AVX2]
Thread count: 48 physical cores, 96 logical processors, using up to 1 threads

Optimize a model with 875 rows, 724 columns and 4719 nonzeros
Model fingerprint: 0xaf1d7b40
Variable types: 40 continuous, 684 integer (684 binary)
Coefficient statistics:
  Matrix range     [1e+00, 2e+02]
  Objective range  [1e+00, 1e+00]
  Bounds range     [1e+00, 2e+02]
  RHS range        [1e+00, 2e+01]
Presolve removed 325 rows and 327 columns
Presolve time: 0.00s
Presolved: 550 rows, 397 columns, 2114 nonzeros
Variable types: 37 continuous, 360 integer (360 binary)
Found heuristic solution: objective 149.0000000
Found heuristic solution: objective 134.0000000

Root relaxation: objective 3.200000e+01, 242 iterations, 0.00 seconds (0.00 work units)

    Nodes    |    Current Node    |     Objective Bounds      |     Work
 Expl Unexpl |  Obj  Depth IntInf | Incumbent    BestBd   Gap | It/Node Time

     0     0   32.00000    0   54  134.00000   32.00000  76.1%     -    0s
H    0     0                     114.0000000   32.00000  71.9%     -    0s
     0     0   40.08104    0   79  114.00000   40.08104  64.8%     -    0s
H    0     0                     113.0000000   41.68488  63.1%     -    0s
     0     0   41.68488    0   78  113.00000   41.68488  63.1%     -    0s
     0     0   46.24244    0   57  113.00000   46.24244  59.1%     -    0s
     0     0   47.05889    0   56  113.00000   47.05889  58.4%     -    0s
     0     0   47.05889    0   56  113.00000   47.05889  58.4%     -    0s
     0     0   47.05889    0   58  113.00000   47.05889  58.4%     -    0s
     0     0   47.05889    0   57  113.00000   47.05889  58.4%     -    0s
     0     0   47.05889    0   57  113.00000   47.05889  58.4%     -    0s
     0     0   47.05889    0   66  113.00000   47.05889  58.4%     -    0s
     0     0   47.05889    0   61  113.00000   47.05889  58.4%     -    0s
     0     0   47.05889    0   58  113.00000   47.05889  58.4%     -    0s
     0     0   47.05889    0   56  113.00000   47.05889  58.4%     -    0s
     0     0   47.05889    0   56  113.00000   47.05889  58.4%     -    0s
     0     2   47.05889    0   56  113.00000   47.05889  58.4%     -    0s
H  208   176                     113.0000000   47.82503  57.7%  13.7    0s
H  697   512                     109.0000000   49.61311  54.5%  18.3    0s
H  707   455                     108.0000000   49.61311  54.1%  18.2    0s
H  982   569                     108.0000000   50.44514  53.3%  23.3    1s
  3787  1953   64.97330   22  112  108.00000   59.02383  45.3%  24.3    5s
  7474  3735  107.00000   42   74  108.00000   61.54142  43.0%  25.3   10s
 10203  5039   65.59753   26   56  108.00000   63.05042  41.6%  25.1   15s
 10276  5088   77.00000   30   67  108.00000   63.05042  41.6%  24.9   20s
 10368  5149   70.73299   33   68  108.00000   63.05042  41.6%  24.7   25s
 11715  5603   75.18883   33   43  108.00000   65.53008  39.3%  26.5   30s
 15368  6411   72.49588   38   80  108.00000   70.47854  34.7%  26.5   35s
 19264  7151  102.00000   49   39  108.00000   72.14072  33.2%  26.3   40s
 23290  7790 infeasible   54       108.00000   73.11600  32.3%  26.1   45s
 27453  8887   96.56250   46  112  108.00000   74.26601  31.2%  25.7   50s
 31525 10924  102.00000   45   35  108.00000   75.03243  30.5%  25.5   55s
 35516 12917   85.00000   42   52  108.00000   75.70310  29.9%  25.5   60s
 38878 14571  107.00000   47   53  108.00000   76.14443  29.5%  25.5   65s
 42802 16477   77.55455   35   47  108.00000   76.62294  29.1%  25.4   70s
 46777 18393  107.00000   57   26  108.00000   77.03878  28.7%  25.3   75s
 50615 20320   87.00000   41   43  108.00000   77.41071  28.3%  25.2   80s
 54832 22287   79.75436   38   41  108.00000   77.99791  27.8%  25.0   85s
 59366 24399  107.00000   43   75  108.00000   78.62303  27.2%  24.8   90s
 63701 26366  100.00000   50   41  108.00000   79.00000  26.9%  24.7   95s
 67953 28266   96.00926   46   43  108.00000   79.64049  26.3%  24.5  100s
 71887 30141   91.00000   41   33  108.00000   80.00000  25.9%  24.5  105s
 75822 31822   80.00000   38   75  108.00000   80.00000  25.9%  24.6  110s
 79379 33464   91.00000   43   41  108.00000   80.06061  25.9%  24.6  115s
 83710 35502   83.50000   45   44  108.00000   80.23148  25.7%  24.5  120s
 88188 37482   85.01563   41   74  108.00000   80.31586  25.6%  24.4  125s
 92465 39421   88.00000   47   40  108.00000   80.43150  25.5%  24.3  130s
 97244 41572 infeasible   51       108.00000   80.45720  25.5%  24.1  135s
 101747 43598  107.00000   57   55  108.00000   80.52598  25.4%  24.0  140s
 105652 45314  107.00000   54   32  108.00000   80.56322  25.4%  23.9  145s
 109479 46965   86.00000   43   46  108.00000   80.66424  25.3%  23.9  150s
 113891 48883   86.00000   43   78  108.00000   80.83898  25.1%  23.8  155s
 118138 50774   82.58974   37   92  108.00000   81.00000  25.0%  23.8  160s
 121926 52286     cutoff   56       108.00000   81.00000  25.0%  23.8  165s
 125668 53765   86.00000   43   98  108.00000   81.02077  25.0%  23.9  170s
 129913 55624   91.00000   49   54  108.00000   81.10052  24.9%  23.9  175s
 133964 57259   91.00850   52   73  108.00000   81.18489  24.8%  23.9  180s
 138073 58771   85.36532   46   31  108.00000   81.20347  24.8%  23.9  185s
H142284 60237                     108.0000000   81.22813  24.8%  23.8  189s
 142292 60237   83.00000   52   52  108.00000   81.22838  24.8%  23.8  190s
 145499 61284   86.00000   44  102  108.00000   81.23374  24.8%  23.8  195s
 149686 62920   83.59259   39   32  108.00000   81.27655  24.7%  23.7  200s
 154159 64642   83.59259   48   83  108.00000   81.30992  24.7%  23.7  205s
 158424 66277  107.00000   54   80  108.00000   81.35077  24.7%  23.7  210s
 163009 67965   86.00000   46   46  108.00000   81.35714  24.7%  23.7  215s
 167413 69568  107.00000   53   45  108.00000   81.35714  24.7%  23.7  220s
 172017 71324     cutoff   52       108.00000   81.37879  24.6%  23.7  225s
 176627 73008  103.00000   49   48  108.00000   81.40000  24.6%  23.6  230s
 180336 74376   91.00000   49   96  108.00000   81.45313  24.6%  23.6  235s
 184722 75692     cutoff   49       108.00000   81.47085  24.6%  23.7  240s
 189096 77379     cutoff   59       108.00000   81.50000  24.5%  23.8  245s
 193584 79062   84.50000   45  109  108.00000   81.53241  24.5%  23.8  250s
 198206 80656  107.00000   55   67  108.00000   81.63313  24.4%  23.8  255s
 202900 82399  107.00000   45   15  108.00000   81.78125  24.3%  23.8  260s
 207368 83947   82.66293   40  113  108.00000   81.87500  24.2%  23.8  265s
 211164 85392   85.50000   51   77  108.00000   81.98152  24.1%  23.8  270s
 215843 87096   96.00000   47   33  108.00000   82.00000  24.1%  23.8  275s
 220303 88577  107.00000   47  101  108.00000   82.01219  24.1%  23.8  280s
 224780 90297   86.00000   50   44  108.00000   82.08696  24.0%  23.8  285s
 228988 91747  102.00000   53   95  108.00000   82.18974  23.9%  23.8  290s
 233599 93473  107.00000   64   58  108.00000   82.31579  23.8%  23.8  295s
 238378 95174  107.00000   59   98  108.00000   82.44755  23.7%  23.7  300s
 243143 96717   92.00000   57   35  108.00000   82.51352  23.6%  23.7  305s
 247868 98612 infeasible   47       108.00000   82.55442  23.6%  23.7  310s
 251951 100123   87.23148   50   63  108.00000   82.56250  23.6%  23.6  315s
 256862 101915  107.00000   52   65  108.00000   82.59413  23.5%  23.5  320s
 261608 103704     cutoff   55       108.00000   82.65224  23.5%  23.5  325s
 265605 105320     cutoff   56       108.00000   82.66293  23.5%  23.5  330s
 270453 107196   83.59697   46   53  108.00000   82.66293  23.5%  23.5  335s
 275428 108962   82.66293   46   57  108.00000   82.66293  23.5%  23.5  340s
 280886 111075  101.00000   51  101  108.00000   82.66293  23.5%  23.4  345s
 285627 112690   91.48454   45   84  108.00000   82.66293  23.5%  23.3  350s
 290047 114289  107.00000   53   88  108.00000   82.66293  23.5%  23.3  355s
 294259 115718   82.66293   52   95  108.00000   82.66293  23.5%  23.4  360s
 298920 117330  107.00000   55   65  108.00000   82.66430  23.5%  23.3  365s
 303617 119239  103.00000   56   99  108.00000   82.66821  23.5%  23.3  370s
 308021 120731   84.01869   44  107  108.00000   82.67167  23.5%  23.3  375s
 312410 122417   83.03093   45   61  108.00000   82.67914  23.4%  23.3  380s
 316931 124041   82.69692   48   64  108.00000   82.69692  23.4%  23.3  385s
 320765 125443     cutoff   51       108.00000   82.71658  23.4%  23.3  390s
 324477 126549     cutoff   54       108.00000   82.74805  23.4%  23.3  395s
 328060 127802  107.00000   53   84  108.00000   82.77845  23.4%  23.3  400s
 331811 129080   87.20973   38   52  108.00000   82.82222  23.3%  23.3  405s
 335639 130496  107.00000   49   62  108.00000   82.87174  23.3%  23.3  410s
 338824 131684  107.00000   48   90  108.00000   82.92308  23.2%  23.3  415s
 342593 132867     cutoff   57       108.00000   82.98872  23.2%  23.3  420s
 346302 133948  107.00000   51   62  108.00000   83.00000  23.1%  23.3  425s
 350343 135070   93.00000   59   47  108.00000   83.00000  23.1%  23.3  430s
 354557 136395   87.00000   58   47  108.00000   83.00000  23.1%  23.2  435s
 358325 137431   92.00000   52   55  108.00000   83.00000  23.1%  23.3  440s
 361722 138561  107.00926   52   38  108.00000   83.00000  23.1%  23.3  445s
 365559 139905  102.00000   49   24  108.00000   83.01110  23.1%  23.3  450s
 369083 141076     cutoff   60       108.00000   83.02362  23.1%  23.3  455s
 372693 142209   87.00000   55   65  108.00000   83.03196  23.1%  23.3  460s
 376496 143519  107.00000   58   77  108.00000   83.07550  23.1%  23.3  465s
 380227 144711  104.00000   55   84  108.00000   83.11089  23.0%  23.3  470s
 384037 146064   95.00000   46   52  108.00000   83.11756  23.0%  23.3  475s
 388241 147494   85.00000   49   34  108.00000   83.11756  23.0%  23.3  480s
 391986 148802   96.00000   55   41  108.00000   83.11863  23.0%  23.3  485s
 395949 150260   91.00000   56   38  108.00000   83.11875  23.0%  23.2  490s
 399914 151740   83.11987   54   77  108.00000   83.11987  23.0%  23.2  495s
 403694 153012     cutoff   61       108.00000   83.12205  23.0%  23.3  500s
 407024 154115   98.00000   49   84  108.00000   83.12412  23.0%  23.3  505s
 410246 155088   91.00000   58  100  108.00000   83.12771  23.0%  23.3  510s
 413830 156092   95.00000   47   95  108.00000   83.13300  23.0%  23.3  515s
 417055 156848   92.00000   60   76  108.00000   83.13943  23.0%  23.3  520s
 420634 157934  107.00000   63   32  108.00000   83.15420  23.0%  23.4  525s
 424392 159104   91.00000   51   37  108.00000   83.19809  23.0%  23.4  530s
 428379 160284   92.03306   41   57  108.00000   83.26727  22.9%  23.4  535s
 432235 161422     cutoff   57       108.00000   83.33988  22.8%  23.4  540s
 436131 162606   83.59843   46   92  108.00000   83.42857  22.8%  23.4  545s
 439431 163655  101.00000   64   40  108.00000   83.50000  22.7%  23.4  550s
 443208 164763   83.50000   46   52  108.00000   83.50000  22.7%  23.4  555s
 446825 165775  107.00000   50   31  108.00000   83.50000  22.7%  23.4  560s
 450615 166659  100.00000   63   43  108.00000   83.50000  22.7%  23.4  565s
 454570 167648  107.00000   63   67  108.00000   83.50000  22.7%  23.4  570s
 457884 168430   92.00000   61   35  108.00000   83.50000  22.7%  23.4  575s
 462174 169386   95.00000   64   83  108.00000   83.50000  22.7%  23.5  580s
 466467 170446     cutoff   50       108.00000   83.50000  22.7%  23.5  585s
 470263 171578  107.00000   55   59  108.00000   83.50000  22.7%  23.5  590s
 474517 172556   84.50000   47  107  108.00000   83.50000  22.7%  23.5  595s
 478657 173558   83.59259   47   95  108.00000   83.50000  22.7%  23.5  600s
 482774 174843   86.50000   46   24  108.00000   83.50814  22.7%  23.5  605s
 487260 176129   91.00000   54   90  108.00000   83.51969  22.7%  23.5  610s
 491194 177412   84.00000   46   90  108.00000   83.52193  22.7%  23.5  615s
 495357 178776   95.00000   52   91  108.00000   83.53079  22.7%  23.5  620s
 499713 179925   87.00000   45   51  108.00000   83.53099  22.7%  23.5  625s
 503945 181147   91.00000   51   20  108.00000   83.53906  22.6%  23.5  630s
 508275 182570   92.00000   49   38  108.00000   83.54380  22.6%  23.6  635s
 512303 183540   95.00000   52  108  108.00000   83.54902  22.6%  23.6  640s
 516696 184765   92.00000   57  108  108.00000   83.56345  22.6%  23.6  645s
 520843 185992     cutoff   50       108.00000   83.57463  22.6%  23.6  650s
 525596 187450   91.00000   56  106  108.00000   83.57463  22.6%  23.6  655s
 529451 188625  107.00000   61  101  108.00000   83.57463  22.6%  23.6  660s
 533625 189762   88.00000   52   39  108.00000   83.57669  22.6%  23.6  665s
 537492 190720   88.00000   51   71  108.00000   83.59259  22.6%  23.6  670s
 542073 192407  107.00000   57   47  108.00000   83.59259  22.6%  23.6  675s
 546817 193863  103.00000   56   60  108.00000   83.59259  22.6%  23.6  680s
 551514 195211   83.59259   46   57  108.00000   83.59259  22.6%  23.6  685s
 555849 196418  102.00000   52   38  108.00000   83.59259  22.6%  23.6  690s
 560204 197732  107.00000   58   83  108.00000   83.59259  22.6%  23.6  695s
 564853 198975   92.00000   50   46  108.00000   83.59259  22.6%  23.6  700s
 569509 200262   91.00000   51   45  108.00000   83.59259  22.6%  23.6  705s
 574113 201455   86.50000   49   18  108.00000   83.59259  22.6%  23.6  710s
 578847 202811     cutoff   60       108.00000   83.59259  22.6%  23.6  715s
 583104 203991   83.59259   45   45  108.00000   83.59259  22.6%  23.6  720s
 587723 205258   83.59259   45   55  108.00000   83.59259  22.6%  23.6  725s
 592544 206687   92.00000   52   98  108.00000   83.59259  22.6%  23.6  730s
 596975 207777   99.00000   44   31  108.00000   83.59259  22.6%  23.6  735s
 601207 208880   97.00000   55   73  108.00000   83.59259  22.6%  23.5  740s
 605963 210185   83.59259   45   54  108.00000   83.59259  22.6%  23.5  745s
 610695 211429  107.00000   50   61  108.00000   83.59259  22.6%  23.5  750s
 615311 212555  107.00000   47  102  108.00000   83.59259  22.6%  23.5  755s
 619850 213769   96.00000   46   42  108.00000   83.59259  22.6%  23.5  760s
 624655 215106  100.00000   57   66  108.00000   83.59259  22.6%  23.5  765s
 629179 216112   91.00000   48   41  108.00000   83.59259  22.6%  23.5  770s
 634083 217340     cutoff   51       108.00000   83.59259  22.6%  23.4  775s
 638948 218595   83.59328   47   57  108.00000   83.59259  22.6%  23.4  780s
 643650 219586  104.00000   57   39  108.00000   83.59259  22.6%  23.4  785s
 648206 220639     cutoff   63       108.00000   83.59259  22.6%  23.4  790s
 652294 221605     cutoff   55       108.00000   83.59259  22.6%  23.4  795s
 656911 222513     cutoff   64       108.00000   83.59259  22.6%  23.4  800s
 661350 223354   87.00000   51   50  108.00000   83.59259  22.6%  23.4  805s
 665568 224075  104.00000   55  100  108.00000   83.59259  22.6%  23.4  810s
 669204 224873  103.00000   61   57  108.00000   83.59259  22.6%  23.4  815s
 673009 225730   92.00000   54   94  108.00000   83.59259  22.6%  23.4  820s
 676780 226536  103.00000   54   78  108.00000   83.59259  22.6%  23.4  825s
 681098 227562   98.00000   52   54  108.00000   83.59259  22.6%  23.4  830s
 685444 228548   90.00000   56   48  108.00000   83.59259  22.6%  23.4  835s
 689754 229479     cutoff   59       108.00000   83.59259  22.6%  23.4  840s
 693987 230627  101.00000   55   95  108.00000   83.59259  22.6%  23.4  845s
 698201 231573     cutoff   58       108.00000   83.59259  22.6%  23.4  850s
 702423 232671  107.00000   54   47  108.00000   83.59259  22.6%  23.4  855s
 706378 233557     cutoff   64       108.00000   83.59259  22.6%  23.4  860s
 710452 234348  100.00000   56   67  108.00000   83.59259  22.6%  23.4  865s
 714621 235232     cutoff   66       108.00000   83.59259  22.6%  23.4  870s
 718439 235878  103.00000   54   75  108.00000   83.59259  22.6%  23.5  875s
 722374 236687   92.00000   49   61  108.00000   83.59259  22.6%  23.5  880s
 726488 237641  107.00000   53   91  108.00000   83.59259  22.6%  23.5  885s
 730292 238428     cutoff   55       108.00000   83.59259  22.6%  23.5  890s
 734372 239423   83.59259   48  116  108.00000   83.59259  22.6%  23.5  895s
 738557 240428  107.00000   55   90  108.00000   83.59259  22.6%  23.5  900s
 742508 241270   87.00000   56   93  108.00000   83.59259  22.6%  23.5  905s
 746272 242141  107.00000   53   93  108.00000   83.59259  22.6%  23.5  910s
 750449 243103   85.50000   49   63  108.00000   83.59259  22.6%  23.5  915s
 754936 244263     cutoff   58       108.00000   83.59259  22.6%  23.5  920s
 759055 245141   84.90698   55   73  108.00000   83.59259  22.6%  23.5  925s
 763208 246156   92.00000   50   26  108.00000   83.59328  22.6%  23.6  930s
 767281 247242  102.00000   58   54  108.00000   83.59328  22.6%  23.6  935s
 771210 248099  102.00000   60   13  108.00000   83.59328  22.6%  23.6  940s
 775180 249013   87.00000   50   27  108.00000   83.59328  22.6%  23.7  945s
 778678 249758   92.00000   61   47  108.00000   83.59328  22.6%  23.7  950s
 782534 250532   97.00000   55   59  108.00000   83.59328  22.6%  23.7  955s
 786577 251457   93.00000   46   57  108.00000   83.59328  22.6%  23.7  960s
 789891 252061     cutoff   59       108.00000   83.59328  22.6%  23.8  965s
 793679 252805  102.00000   52   48  108.00000   83.59328  22.6%  23.8  970s
 797598 253531   92.00000   58   47  108.00000   83.59328  22.6%  23.8  975s
 800990 254136   85.00000   48  107  108.00000   83.59328  22.6%  23.9  980s
 804774 254802  107.00000   58   23  108.00000   83.59328  22.6%  23.9  985s
 808746 255517   92.00000   53   98  108.00000   83.59328  22.6%  23.9  990s
 812540 256189     cutoff   58       108.00000   83.59328  22.6%  23.9  995s
 816367 256889   89.29468   48  107  108.00000   83.59328  22.6%  24.0 1000s
 820167 257633   92.00000   52   72  108.00000   83.59328  22.6%  24.0 1005s
 824161 258419     cutoff   67       108.00000   83.59328  22.6%  24.0 1010s
 828138 259229     cutoff   60       108.00000   83.59328  22.6%  24.0 1015s
 832685 260213  107.00000   49   72  108.00000   83.59496  22.6%  24.0 1020s
 837075 261197  107.00926   56   57  108.00000   83.59843  22.6%  24.0 1025s
 840596 261965   83.67302   53   99  108.00000   83.59843  22.6%  24.0 1030s
 844704 262781   83.60000   50   29  108.00000   83.60000  22.6%  24.0 1035s
 849127 264001   83.60000   54   58  108.00000   83.60000  22.6%  24.0 1040s
 853702 265125   92.00000   49  101  108.00000   83.60000  22.6%  24.0 1045s
 857647 265956  104.00000   49   66  108.00000   83.60163  22.6%  24.0 1050s
 861504 266825   83.60163   42   87  108.00000   83.60163  22.6%  24.1 1055s
 865863 267975  103.00000   57   41  108.00000   83.60684  22.6%  24.1 1060s
 870165 269011   91.00000   51   49  108.00000   83.61062  22.6%  24.1 1065s
 874176 269861   85.50000   48  107  108.00000   83.61062  22.6%  24.1 1070s
 878139 270676     cutoff   63       108.00000   83.61062  22.6%  24.1 1075s
 882054 271518  103.00000   52   94  108.00000   83.61468  22.6%  24.1 1080s
 885623 272222  103.00000   53   42  108.00000   83.62019  22.6%  24.1 1085s
 889637 273016     cutoff   63       108.00000   83.62136  22.6%  24.1 1090s
 893892 273965   93.00000   59   45  108.00000   83.62255  22.6%  24.1 1095s
 898605 275119   93.00000   58   36  108.00000   83.63158  22.6%  24.1 1100s
 902854 275961   85.00000   56   67  108.00000   83.63736  22.6%  24.1 1105s
 907409 276886   88.00000   55   39  108.00000   83.64368  22.6%  24.0 1110s
 911364 277616   91.00000   52   44  108.00000   83.65432  22.5%  24.0 1115s
 915312 278340   97.00000   61   70  108.00000   83.65625  22.5%  24.0 1120s
 919847 279275  104.00000   56   44  108.00000   83.66667  22.5%  24.0 1125s
 924024 280245     cutoff   55       108.00000   83.67606  22.5%  24.0 1130s
 928450 281090   92.00000   58   43  108.00000   83.68657  22.5%  24.0 1135s
 932706 281858  102.00000   50   90  108.00000   83.69231  22.5%  24.0 1140s
 937063 282633  107.00000   62   88  108.00000   83.71186  22.5%  24.0 1145s
 941475 283477  100.00000   56   36  108.00000   83.72727  22.5%  24.0 1150s
 945286 284186  101.00000   58  100  108.00000   83.72727  22.5%  24.0 1155s
 949668 284932   85.66071   46   43  108.00000   83.75510  22.4%  24.0 1160s
 954422 285753  103.00000   51   65  108.00000   83.78060  22.4%  24.0 1165s
 958091 286257  107.00000   61   49  108.00000   83.79070  22.4%  24.0 1170s
 962300 287030  103.92308   52  100  108.00000   83.80488  22.4%  24.0 1175s
 966912 287967   93.00000   48   75  108.00000   83.85648  22.4%  24.0 1180s
 971819 288947  104.00000   59   98  108.00000   83.87879  22.3%  24.0 1185s
 976206 289739  107.00000   50   87  108.00000   83.90323  22.3%  24.0 1190s
 979978 290301  100.00000   64   77  108.00000   83.93103  22.3%  24.0 1195s
 984112 291194   91.00000   52   17  108.00000   84.00000  22.2%  24.0 1200s
 988726 292414   86.00000   55   38  108.00000   84.00000  22.2%  24.0 1205s
 993107 293653   97.00000   54   26  108.00000   84.00000  22.2%  24.0 1210s
 996975 294529     cutoff   57       108.00000   84.00000  22.2%  24.0 1215s
 1000874 295373     cutoff   59       108.00000   84.00000  22.2%  24.0 1220s
 1004732 296292  107.00000   56   33  108.00000   84.00000  22.2%  24.0 1225s
 1008687 297118  102.08333   52   15  108.00000   84.00000  22.2%  24.0 1230s
 1012063 297797   85.05556   44   58  108.00000   84.00000  22.2%  24.0 1235s
 1016091 298748   95.00000   55   49  108.00000   84.00000  22.2%  24.0 1240s
H1018699 299251                     107.9999998   84.00000  22.2%  24.0 1245s
 1022682 300237  107.00000   53   96  108.00000   84.00000  22.2%  24.0 1250s
 1026261 300985   84.00000   47  106  108.00000   84.00000  22.2%  24.0 1255s
 1030015 301884   99.24138   64   68  108.00000   84.00000  22.2%  24.0 1260s
 1033704 302720  107.00000   49   71  108.00000   84.00000  22.2%  24.0 1265s
 1037172 303299   91.00000   50   41  108.00000   84.00000  22.2%  24.0 1270s
 1040742 304063     cutoff   55       108.00000   84.00000  22.2%  24.0 1275s
 1043999 304658  107.00000   58   62  108.00000   84.00000  22.2%  24.0 1280s
 1047554 305458   91.00000   51   96  108.00000   84.00000  22.2%  24.0 1285s
 1051165 306161  103.15741   53   97  108.00000   84.00000  22.2%  24.0 1290s
 1054821 306943  107.00000   52   41  108.00000   84.00000  22.2%  24.0 1295s
 1058460 307701     cutoff   60       108.00000   84.00000  22.2%  24.1 1300s
 1061559 308402   91.00000   53   79  108.00000   84.00454  22.2%  24.1 1305s
 1065488 309577  107.14953   58  109  108.00000   84.01575  22.2%  24.1 1310s
 1069315 310630   96.00000   48   41  108.00000   84.03125  22.2%  24.1 1315s
 1073142 311623   91.00000   41   49  108.00000   84.06871  22.2%  24.1 1320s
 1077031 312378 infeasible   58       108.00000   84.09524  22.1%  24.1 1325s
 1080826 313352   98.00000   48   27  108.00000   84.14667  22.1%  24.1 1330s
 1084498 313809  101.00000   51   77  108.00000   84.15789  22.1%  24.1 1335s
 1087879 314367  107.00000   52   98  108.00000   84.18397  22.1%  24.1 1340s
 1091433 315111  101.00000   52   24  108.00000   84.24257  22.0%  24.1 1345s
 1095009 315966     cutoff   63       108.00000   84.34884  21.9%  24.1 1350s
 1098838 317034   91.00000   47   93  108.00000   84.46729  21.8%  24.1 1355s
H1101719 317799                     107.9999997   84.50000  21.8%  24.1 1359s
 1101855 317832   92.00000   54   34  108.00000   84.50000  21.8%  24.1 1360s
 1105705 318588   91.00000   52   33  108.00000   84.50000  21.8%  24.1 1365s
 1109535 319445  107.00000   55   76  108.00000   84.50000  21.8%  24.1 1370s
 1113324 320164  103.00000   54   32  108.00000   84.50000  21.8%  24.1 1375s
 1117103 320862  107.00000   61   93  108.00000   84.50000  21.8%  24.1 1380s
 1121042 321555  103.00000   53   77  108.00000   84.50000  21.8%  24.1 1385s
 1124961 322259  104.00000   56   73  108.00000   84.50000  21.8%  24.1 1390s
 1128475 322961  107.00000   46   10  108.00000   84.50000  21.8%  24.1 1395s
 1132266 323627   94.00000   55   60  108.00000   84.50000  21.8%  24.1 1400s
 1136119 324316   92.00000   52   48  108.00000   84.50000  21.8%  24.1 1405s
 1139768 325033  107.00000   57  100  108.00000   84.50000  21.8%  24.1 1410s
 1143279 325637   99.00000   50   95  108.00000   84.50000  21.8%  24.1 1415s
 1146901 326374  107.00000   49   50  108.00000   84.50000  21.8%  24.1 1420s
 1149754 326930   92.00000   54   35  108.00000   84.50000  21.8%  24.1 1425s
 1153360 327512   93.00000   56  101  108.00000   84.50000  21.8%  24.1 1430s
 1156763 328086   92.00000   56   45  108.00000   84.50000  21.8%  24.2 1435s
 1160325 328813  100.00000   58   26  108.00000   84.50515  21.8%  24.2 1440s
H1162574 329324                     107.9999997   84.54167  21.7%  24.2 1443s
 1163502 329619  107.00000   58   94  108.00000   84.57037  21.7%  24.2 1445s
 1167310 330775     cutoff   55       108.00000   84.64373  21.6%  24.2 1450s
 1170871 331823  107.00000   57   65  108.00000   84.70370  21.6%  24.2 1455s
 1174587 332904   91.00000   57   39  108.00000   84.79630  21.5%  24.2 1460s
 1178245 333855   85.01563   37   57  108.00000   84.91791  21.4%  24.2 1465s
 1182253 335078  107.00000   56   75  108.00000   85.00000  21.3%  24.1 1470s
 1186019 336333  107.00000   51   97  108.00000   85.00000  21.3%  24.2 1475s
 1190030 337621  107.00000   61   52  108.00000   85.00000  21.3%  24.1 1480s
 1193476 338665  102.00000   57   45  108.00000   85.00000  21.3%  24.1 1485s
 1197210 339824     cutoff   52       108.00000   85.00000  21.3%  24.1 1490s
 1201207 340954  107.00000   61  106  108.00000   85.00000  21.3%  24.1 1495s
 1205069 342049     cutoff   53       108.00000   85.00000  21.3%  24.2 1500s
 1208918 343052  101.00000   47   91  108.00000   85.00000  21.3%  24.2 1505s
 1212786 344101   92.00000   52   47  108.00000   85.00000  21.3%  24.2 1510s
H1213329 344249                     107.9999995   85.00000  21.3%  24.2 1511s
 1215502 344811  100.00000   53  101  108.00000   85.00000  21.3%  24.2 1515s
 1219329 345821   96.00000   58   81  108.00000   85.00000  21.3%  24.2 1520s
 1223104 346664   99.00000   58   42  108.00000   85.00000  21.3%  24.2 1525s
 1226876 347533   98.00000   48   43  108.00000   85.00000  21.3%  24.2 1530s
H1230089 348350                     107.9999994   85.00000  21.3%  24.2 1534s
 1230416 348432  104.00000   54   23  108.00000   85.00000  21.3%  24.2 1535s
 1234413 349324  102.00000   59   31  108.00000   85.00000  21.3%  24.2 1540s
 1238396 350334   92.00000   59   41  108.00000   85.00000  21.3%  24.1 1545s
 1242257 351189     cutoff   55       108.00000   85.00000  21.3%  24.1 1550s
 1245617 351943   91.00000   41   75  108.00000   85.00000  21.3%  24.1 1555s
 1249489 352925   94.00000   51   33  108.00000   85.00000  21.3%  24.1 1560s
 1253271 353764     cutoff   56       108.00000   85.00000  21.3%  24.1 1565s
 1257124 354643   92.00000   52   48  108.00000   85.00000  21.3%  24.1 1570s
 1260931 355516  102.00000   50   66  108.00000   85.00000  21.3%  24.1 1575s
 1264562 356193     cutoff   63       108.00000   85.00000  21.3%  24.1 1580s
 1268119 356836  100.00000   53   71  108.00000   85.00000  21.3%  24.1 1585s
 1271432 357550 infeasible   54       108.00000   85.00000  21.3%  24.1 1590s
 1274815 358196   99.00000   57   91  108.00000   85.00000  21.3%  24.2 1595s
 1278167 358799  107.00000   49   10  108.00000   85.00000  21.3%  24.2 1600s
 1281697 359571   92.13636   47  101  108.00000   85.00000  21.3%  24.2 1605s
 1285158 360289   86.00000   41   95  108.00000   85.00000  21.3%  24.2 1610s
 1288398 360826   92.00000   49   75  108.00000   85.00000  21.3%  24.2 1615s
 1291778 361464     cutoff   56       108.00000   85.00000  21.3%  24.2 1620s
 1295151 362034   96.00000   45   93  108.00000   85.00000  21.3%  24.2 1625s
 1298361 362669   91.00000   50  101  108.00000   85.00000  21.3%  24.2 1630s
 1300778 363162  107.00000   64   78  108.00000   85.00000  21.3%  24.2 1635s
 1304460 364095   85.37500   48   55  108.00000   85.00078  21.3%  24.2 1640s
 1308436 365198   91.00000   55   99  108.00000   85.00787  21.3%  24.2 1645s
 1312222 366421   85.10000   39  101  108.00000   85.00926  21.3%  24.2 1650s
 1316042 367648  107.00000   51   14  108.00000   85.01000  21.3%  24.2 1655s
 1319728 368836   95.00000   51  108  108.00000   85.01333  21.3%  24.2 1660s
 1323399 369911  107.00000   51   34  108.00000   85.01429  21.3%  24.2 1665s
H1327259 371038                     107.9999994   85.01449  21.3%  24.2 1670s
 1330882 372031  100.00000   54   99  108.00000   85.01522  21.3%  24.2 1675s
 1334186 373284  107.00000   54   93  108.00000   85.01563  21.3%  24.2 1680s
 1338237 374805   85.01563   48   29  108.00000   85.01563  21.3%  24.2 1685s
 1342183 376179  107.00000   53   95  108.00000   85.01563  21.3%  24.2 1690s
 1346424 377730  103.00000   50   96  108.00000   85.01563  21.3%  24.2 1695s
 1350684 379458   87.00000   47   33  108.00000   85.01563  21.3%  24.1 1700s
 1354778 381024  100.01087   56  102  108.00000   85.01563  21.3%  24.1 1705s
 1358961 382528  107.00000   55   58  108.00000   85.01563  21.3%  24.1 1710s
H1362389 383638                     107.9999992   85.01563  21.3%  24.1 1715s
 1365823 384801   85.01563   44   25  108.00000   85.01563  21.3%  24.1 1720s
 1369772 386207 infeasible   52       108.00000   85.01563  21.3%  24.1 1725s
 1373957 387721  103.00000   53   67  108.00000   85.01563  21.3%  24.1 1730s
 1378064 389301   85.01563   43   20  108.00000   85.01563  21.3%  24.1 1735s
H1378544 389476                     107.9999992   85.01563  21.3%  24.1 1735s
 1381724 390553   91.00000   52   85  108.00000   85.01563  21.3%  24.1 1740s
 1385669 391951  107.00000   55  102  108.00000   85.01563  21.3%  24.1 1745s
 1389751 393212     cutoff   56       108.00000   85.01563  21.3%  24.1 1750s
 1393722 394377  107.00000   51   31  108.00000   85.01563  21.3%  24.1 1755s
 1397915 395808  107.00000   56   68  108.00000   85.01563  21.3%  24.1 1760s
 1402221 397266   95.00000   49   47  108.00000   85.01563  21.3%  24.1 1765s
 1406215 398495   87.00000   43   29  108.00000   85.01563  21.3%  24.1 1770s
 1410257 399881 infeasible   48       108.00000   85.01563  21.3%  24.1 1775s
 1414332 401260   85.01646   52   32  108.00000   85.01563  21.3%  24.1 1780s
 1418262 402650  107.00000   59   17  108.00000   85.01563  21.3%  24.1 1785s
H1418419 402721                     107.9999991   85.01563  21.3%  24.1 1785s
 1421367 403843   97.00000   52   43  108.00000   85.01563  21.3%  24.1 1790s
 1425624 405431  100.00000   49   19  108.00000   85.01563  21.3%  24.1 1795s

Cutting planes:
  Learned: 1
  Gomory: 40
  Cover: 243
  Implied bound: 203
  Clique: 25
  MIR: 464
  Mixing: 1
  StrongCG: 1
  Flow cover: 734
  Inf proof: 378
  RLT: 2
  Relax-and-lift: 7
  PSD: 1

Explored 1429717 nodes (34418678 simplex iterations) in 1800.00 seconds (1831.52 work units)
Thread count was 1 (of 96 available processors)

Solution count 10: 108 108 108 ... 108

Time limit reached
Best objective 1.079999991389e+02, best bound 8.501562500000e+01, gap 21.2818%
WARNING: Loading a SolverResults object with an 'aborted' status, but
    containing a solution

Instance 19_5, formulation reagg, reform MIP:
  Rect 0: x = 22.00, y = 15.00
  Rect 1: x = 93.00, y = 13.00
  Rect 2: x = 33.00, y = 14.00
  Rect 3: x = 13.00, y = 4.00
  Rect 4: x = 49.00, y = 14.00
  Rect 5: x = 82.00, y = 15.00
  Rect 6: x = 22.00, y = 13.00
  Rect 7: x = 101.00, y = 14.00
  Rect 8: x = 70.00, y = 4.00
  Rect 9: x = 6.00, y = 8.00
  Rect 10: x = 6.00, y = 15.00
  Rect 11: x = 25.00, y = 14.00
  Rect 12: x = 70.00, y = 15.00
  Rect 13: x = 59.00, y = 15.00
  Rect 14: x = 1.00, y = 13.00
  Rect 15: x = 0.00, y = 11.00
  Rect 16: x = 70.00, y = 13.00
  Rect 17: x = 13.00, y = 8.00
  Rect 18: x = 55.00, y = 14.00
  → saved figures to strip_figures/19_5_reagg_MIP.png and strip_figures/19_5_reagg_MIP.pdf
Set parameter TokenServer to value "mooring.ecn.purdue.edu"
Read LP format model from file /tmp/tmpdfilva3m.pyomo.lp
Reading time = 0.00 seconds
x724: 875 rows, 724 columns, 4719 nonzeros
Set parameter TimeLimit to value 1800
Set parameter Threads to value 1
Gurobi Optimizer version 11.0.0 build v11.0.0rc2 (linux64 - "Oracle Linux Server 9.6")

CPU model: AMD EPYC 7643 48-Core Processor, instruction set [SSE2|AVX|AVX2]
Thread count: 48 physical cores, 96 logical processors, using up to 1 threads

Optimize a model with 875 rows, 724 columns and 4719 nonzeros
Model fingerprint: 0xbc1305cc
Variable types: 40 continuous, 684 integer (684 binary)
Coefficient statistics:
  Matrix range     [1e+00, 2e+02]
  Objective range  [1e+00, 1e+00]
  Bounds range     [1e+00, 2e+02]
  RHS range        [1e+00, 2e+01]
Presolve removed 325 rows and 327 columns
Presolve time: 0.00s
Presolved: 550 rows, 397 columns, 2053 nonzeros
Variable types: 37 continuous, 360 integer (360 binary)
Found heuristic solution: objective 177.0000000
Found heuristic solution: objective 168.0000000

Root relaxation: objective 3.200000e+01, 232 iterations, 0.00 seconds (0.00 work units)

    Nodes    |    Current Node    |     Objective Bounds      |     Work
 Expl Unexpl |  Obj  Depth IntInf | Incumbent    BestBd   Gap | It/Node Time

     0     0   32.00000    0   55  168.00000   32.00000  81.0%     -    0s
H    0     0                     120.0000000   32.00000  73.3%     -    0s
     0     0   33.48423    0  151  120.00000   33.48423  72.1%     -    0s
     0     0   42.41333    0  133  120.00000   42.41333  64.7%     -    0s
     0     0   42.41333    0  133  120.00000   42.41333  64.7%     -    0s
     0     0   42.95364    0  115  120.00000   42.95364  64.2%     -    0s
H    0     0                     117.0000000   44.35289  62.1%     -    0s
     0     0   44.35289    0  124  117.00000   44.35289  62.1%     -    0s
     0     0   44.35289    0  123  117.00000   44.35289  62.1%     -    0s
     0     0   44.35289    0  110  117.00000   44.35289  62.1%     -    0s
     0     0   44.35289    0  117  117.00000   44.35289  62.1%     -    0s
     0     0   44.35289    0  113  117.00000   44.35289  62.1%     -    0s
     0     0   44.35289    0  120  117.00000   44.35289  62.1%     -    0s
     0     0   44.39530    0  113  117.00000   44.39530  62.1%     -    0s
     0     0   44.61090    0  117  117.00000   44.61090  61.9%     -    0s
     0     0   44.61090    0  116  117.00000   44.61090  61.9%     -    0s
     0     0   44.61090    0  120  117.00000   44.61090  61.9%     -    0s
     0     0   44.94195    0  120  117.00000   44.94195  61.6%     -    0s
     0     0   44.94195    0  101  117.00000   44.94195  61.6%     -    0s
     0     0   44.94195    0   96  117.00000   44.94195  61.6%     -    0s
     0     0   44.94195    0  122  117.00000   44.94195  61.6%     -    0s
     0     0   44.94195    0  119  117.00000   44.94195  61.6%     -    0s
     0     0   44.94195    0   98  117.00000   44.94195  61.6%     -    0s
     0     0   44.94195    0   98  117.00000   44.94195  61.6%     -    0s
H    0     0                     112.0000000   44.94195  59.9%     -    0s
     0     2   45.68105    0   66  112.00000   45.68105  59.2%     -    0s
H   27    18                     108.0000000   45.68105  57.7%  37.7    0s
H   53    40                     108.0000000   45.68105  57.7%  24.1    0s
  3455  1733   74.00000   20   55  108.00000   54.13594  49.9%  26.5    5s
  6485  3348   65.00000   22  100  108.00000   56.00663  48.1%  27.9   10s
 10061  5191   65.88170   22   92  108.00000   57.76652  46.5%  27.4   15s
 10251  5307   63.00000   22   65  108.00000   57.84360  46.4%  27.3   20s
 10323  5355  103.00000   39   78  108.00000   57.84360  46.4%  27.1   25s
 11730  5797  107.00000   47   60  108.00000   63.93548  40.8%  30.1   30s
 14564  6236   72.51158   29   80  108.00000   67.64925  37.4%  30.7   35s
 17090  6591   77.88244   32   99  108.00000   69.49248  35.7%  30.5   40s
 19827  6968   91.00000   35   48  108.00000   70.72895  34.5%  30.2   45s
 22966  7341     cutoff   47       108.00000   71.79905  33.5%  29.6   50s
 26126  7668  107.00000   50   31  108.00000   72.89685  32.5%  29.0   55s
 29351  8959   78.19760   32   41  108.00000   73.49213  32.0%  28.5   60s
 32564 10332   74.30797   31   90  108.00000   74.00000  31.5%  28.0   65s
 36236 11926  100.00000   35   33  108.00000   74.71584  30.8%  27.4   70s
 39565 13390 infeasible   43       108.00000   75.10436  30.5%  27.1   75s
 43328 14972   82.66543   28   65  108.00000   75.76201  29.8%  26.6   80s
 45991 16090 infeasible   43       108.00000   76.09111  29.5%  26.4   85s
 49594 17662   93.00000   37   59  108.00000   76.44733  29.2%  26.1   90s
 53089 19104  107.01020   45   43  108.00000   76.78187  28.9%  25.7   95s
*56253 20441              70     107.9999997   77.01079  28.7%  25.5   99s
 56257 20439   79.88843   34   66  108.00000   77.01183  28.7%  25.5  100s
 59323 21827  106.00000   50   46  108.00000   77.28656  28.4%  25.3  105s
 62811 23310   81.23720   32   57  108.00000   77.58494  28.2%  25.0  110s
 66779 25010   81.15657   33   61  108.00000   77.85853  27.9%  24.7  115s
 70279 26306  103.00000   42   52  108.00000   78.09233  27.7%  24.6  120s
 74156 27979 infeasible   39       108.00000   78.47254  27.3%  24.3  125s
 77963 29568     cutoff   48       108.00000   78.81710  27.0%  24.2  130s
 81643 31004  107.00000   43   42  108.00000   79.00000  26.9%  24.1  135s
 85345 32496   81.25982   32   43  108.00000   79.32884  26.5%  23.9  140s
 89218 34060   90.00000   44   72  108.00000   79.72421  26.2%  23.7  145s
 92781 35389   97.00000   38   31  108.00000   80.00000  25.9%  23.6  150s
 96000 36482   80.60371   34   81  108.00000   80.00000  25.9%  23.6  155s
 99138 37642   89.00000   34   47  108.00000   80.00000  25.9%  23.6  160s
 102444 38964 infeasible   42       108.00000   80.05684  25.9%  23.6  165s
 105623 40292 infeasible   41       108.00000   80.18584  25.8%  23.5  170s
 109265 41697  107.00000   50   64  108.00000   80.27742  25.7%  23.4  175s
 112626 43028   83.14286   33   43  108.00000   80.39236  25.6%  23.3  180s
 116425 44636   82.77727   34   37  108.00000   80.46030  25.5%  23.2  185s
 120033 46109   81.02857   36   82  108.00000   80.51178  25.5%  23.1  190s
 123832 47676   98.00000   47   36  108.00000   80.57160  25.4%  23.0  195s
 127905 49302  102.00000   49   33  108.00000   80.61871  25.4%  22.8  200s
 131710 50652  103.00000   43   52  108.00000   80.63985  25.3%  22.7  205s
 135260 52057  107.00000   44   38  108.00000   80.68350  25.3%  22.6  210s
 137676 52909  103.00000   51   50  108.00000   80.73403  25.2%  22.5  215s
 141236 54196   99.00000   45   65  108.00000   80.75701  25.2%  22.5  220s
 144785 55558   82.41826   34   39  108.00000   80.78641  25.2%  22.4  225s
 148567 56980   83.51799   41   69  108.00000   80.82247  25.2%  22.3  230s
 152284 58538  107.00000   49   34  108.00000   80.88606  25.1%  22.3  235s
 155839 59803   96.00000   39   36  108.00000   80.93142  25.1%  22.2  240s
 159698 61176  107.00000   48   31  108.00000   80.96414  25.0%  22.1  245s
 163133 62372   81.37879   30   68  108.00000   81.00000  25.0%  22.1  250s
 166090 63434   92.00000   36   43  108.00000   81.00000  25.0%  22.1  255s
 169232 64657   84.00000   39   88  108.00000   81.00000  25.0%  22.1  260s
 172482 65890     cutoff   55       108.00000   81.02857  25.0%  22.1  265s
H175930 67243                     107.9999997   81.05933  24.9%  22.1  269s
 175931 67246  107.00000   55   63  108.00000   81.05933  24.9%  22.1  270s
 178728 68170   87.00000   41   40  108.00000   81.10000  24.9%  22.1  275s
 181003 68968   86.00000   38   53  108.00000   81.13349  24.9%  22.1  280s
 184125 70042  102.00000   49   57  108.00000   81.16698  24.8%  22.0  285s
 187497 71189   83.70719   41   63  108.00000   81.19397  24.8%  22.0  290s
 190692 72311  103.00000   42   66  108.00000   81.21387  24.8%  22.0  295s
 194190 73401   86.00000   37   44  108.00000   81.23400  24.8%  22.0  300s
 197718 74564   85.01370   36   43  108.00000   81.25000  24.8%  22.0  305s
 201511 75940 infeasible   36       108.00000   81.27917  24.7%  21.9  310s
 205383 77335  103.00000   46   55  108.00000   81.30000  24.7%  21.8  315s
 209080 78754   87.00000   46   72  108.00000   81.31562  24.7%  21.8  320s
 212434 79941  107.12371   55   31  108.00000   81.33190  24.7%  21.8  325s
 215629 81112   89.00000   46   60  108.00000   81.34459  24.7%  21.7  330s
 219237 82417   81.37292   34   56  108.00000   81.36112  24.7%  21.7  335s
 222787 83629 infeasible   41       108.00000   81.37313  24.7%  21.7  340s
 226510 84994   97.03571   39   52  108.00000   81.39063  24.6%  21.7  345s
 230024 86259  102.01031   39   50  108.00000   81.39891  24.6%  21.7  350s
 233246 87397   86.00000   39   50  108.00000   81.42068  24.6%  21.7  355s
 236195 88353  100.00000   51   31  108.00000   81.43103  24.6%  21.6  360s
 239399 89477   82.39942   41   55  108.00000   81.44810  24.6%  21.6  365s
 242728 90645   91.00000   44   46  108.00000   81.46704  24.6%  21.6  370s
 246251 91923   83.50000   42   57  108.00000   81.48650  24.5%  21.6  375s
 249903 93221   81.88676   36   53  108.00000   81.51253  24.5%  21.5  380s
 252927 94056   85.16667   36   70  108.00000   81.52904  24.5%  21.5  385s
 256421 95168   92.00000   45   45  108.00000   81.54736  24.5%  21.5  390s
 259796 96237  102.00000   45   31  108.00000   81.57143  24.5%  21.5  395s
 263446 97377   89.00000   37   72  108.00000   81.59912  24.4%  21.5  400s
 266863 98512   81.62702   35   95  108.00000   81.62702  24.4%  21.5  405s
 269547 99393     cutoff   66       108.00000   81.63771  24.4%  21.5  410s
 272804 100328  107.12371   46   39  108.00000   81.66315  24.4%  21.5  415s
 276461 101615   99.00000   51   63  108.00000   81.68966  24.4%  21.5  420s
 279643 102660   92.00000   41   16  108.00000   81.71267  24.3%  21.4  425s
 282866 103618   98.00000   42   11  108.00000   81.73243  24.3%  21.4  430s
 286267 104697   91.00000   46   41  108.00000   81.75472  24.3%  21.4  435s
 289640 105807   85.00000   40   33  108.00000   81.79633  24.3%  21.4  440s
 293122 106882   92.00000   43   28  108.00000   81.83333  24.2%  21.4  445s
 295619 107669 infeasible   46       108.00000   81.84493  24.2%  21.4  450s
 298717 108606  103.00000   43   38  108.00000   81.87037  24.2%  21.4  455s
 301377 109441   92.00000   49   46  108.00000   81.90583  24.2%  21.4  460s
 304280 110369   85.01429   31   49  108.00000   81.92857  24.1%  21.4  465s
 307922 111642   95.00000   46   51  108.00000   81.96583  24.1%  21.4  470s
 311476 112718 infeasible   41       108.00000   82.00000  24.1%  21.4  475s
 314687 113591   83.81818   42   36  108.00000   82.00000  24.1%  21.4  480s
 317608 114411   91.00000   40   70  108.00000   82.00000  24.1%  21.4  485s
 320591 115325   91.00000   42   57  108.00000   82.00000  24.1%  21.4  490s
 323703 116247   91.00000   42   43  108.00000   82.02354  24.1%  21.4  495s
 327208 117334   85.01695   41   54  108.00000   82.06780  24.0%  21.4  500s
 329774 118098 infeasible   44       108.00000   82.08918  24.0%  21.4  505s
 332886 119071  107.00000   44   34  108.00000   82.13450  23.9%  21.4  510s
 336132 120092  107.00000   44   43  108.00000   82.16000  23.9%  21.4  515s
 339470 121101   99.00000   44   56  108.00000   82.19048  23.9%  21.4  520s
 342074 121917   83.67857   38   76  108.00000   82.22143  23.9%  21.4  525s
 345157 122970  107.00000   52   40  108.00000   82.25397  23.8%  21.4  530s
 348558 124046   82.28070   37   54  108.00000   82.28070  23.8%  21.4  535s
 352292 125207  107.00000   51   55  108.00000   82.28457  23.8%  21.4  540s
 355625 126218   88.02468   37   77  108.00000   82.31831  23.8%  21.4  545s
 358883 127292  107.00000   43   97  108.00000   82.33590  23.8%  21.4  550s
 362008 128210   96.00000   49   65  108.00000   82.34043  23.8%  21.4  555s
 365091 129086  107.00000   52   82  108.00000   82.34698  23.8%  21.4  560s
 368282 129919  107.00000   54   30  108.00000   82.35556  23.7%  21.4  565s
 371557 130825   92.00000   41   32  108.00000   82.38889  23.7%  21.4  570s
 374513 131557   82.40000   35   45  108.00000   82.40000  23.7%  21.4  575s
 376811 132179  104.00000   40   66  108.00000   82.41619  23.7%  21.5  580s
 379754 132995     cutoff   53       108.00000   82.43606  23.7%  21.5  585s
 382744 133762  103.00000   56   41  108.00000   82.45022  23.7%  21.5  590s
 385925 134524     cutoff   52       108.00000   82.46890  23.6%  21.5  595s
 388944 135262  107.00000   45   84  108.00000   82.48941  23.6%  21.5  600s
 391755 136078   91.00000   51   53  108.00000   82.50000  23.6%  21.5  605s
 394637 136944   91.00000   42   55  108.00000   82.51232  23.6%  21.5  610s
 397909 137764 infeasible   48       108.00000   82.52518  23.6%  21.5  615s
 401307 138695  103.00000   44   54  108.00000   82.52632  23.6%  21.4  620s
 404776 139822   92.00000   45   35  108.00000   82.52846  23.6%  21.4  625s
 408054 140773   85.09091   38   57  108.00000   82.53333  23.6%  21.4  630s
 410788 141517   82.53846   42   88  108.00000   82.53846  23.6%  21.4  635s
 413400 142263  107.00000   42   59  108.00000   82.55000  23.6%  21.4  640s
 416313 142868   83.52033   42   71  108.00000   82.55286  23.6%  21.4  645s
 419336 143683  104.00000   46   42  108.00000   82.57143  23.5%  21.4  650s
 422380 144429   96.00000   39   43  108.00000   82.58974  23.5%  21.4  655s
 425457 145155   95.00000   35   48  108.00000   82.59894  23.5%  21.4  660s
 428387 145897  101.00000   41   59  108.00000   82.61538  23.5%  21.5  665s
 431196 146626  107.00000   50   69  108.00000   82.64535  23.5%  21.5  670s
 434069 147361   98.00000   48   91  108.00000   82.66667  23.5%  21.5  675s
 437056 148002  101.00000   47   65  108.00000   82.66779  23.5%  21.5  680s
 439990 148826  103.00000   50   65  108.00000   82.68867  23.4%  21.4  685s
 442996 149590  107.00000   49   59  108.00000   82.69565  23.4%  21.5  690s
 446029 150382 infeasible   41       108.00000   82.72526  23.4%  21.5  695s
 449370 151356  107.00000   48   52  108.00000   82.73469  23.4%  21.5  700s
 452868 152411   84.66667   39   51  108.00000   82.74963  23.4%  21.5  705s
 456181 153306   88.00000   47   35  108.00000   82.76190  23.4%  21.4  710s
 459385 154225   99.59259   44   80  108.00000   82.78370  23.3%  21.4  715s
 462947 155301 infeasible   53       108.00000   82.80000  23.3%  21.4  720s
 466313 156108 infeasible   47       108.00000   82.80000  23.3%  21.4  725s
 468921 156702   98.00000   50   48  108.00000   82.80000  23.3%  21.4  730s
 472025 157437   87.00000   40   37  108.00000   82.80163  23.3%  21.4  735s
 475082 158381   83.00000   43   51  108.00000   82.81768  23.3%  21.4  740s
 478328 159296   85.01792   40   35  108.00000   82.83552  23.3%  21.4  745s
 481552 160157   82.84483   35   86  108.00000   82.84483  23.3%  21.4  750s
 484877 161099     cutoff   53       108.00000   82.85655  23.3%  21.4  755s
 488691 162374   85.00952   40   40  108.00000   82.86475  23.3%  21.4  760s
 491963 163340  107.00000   51   62  108.00000   82.87438  23.3%  21.4  765s
 494005 163912   88.00000   34   43  108.00000   82.88889  23.3%  21.4  770s
 497175 164787  107.00000   49   54  108.00000   82.90756  23.2%  21.4  775s
 500297 165591   92.00000   46   74  108.00000   82.93068  23.2%  21.4  780s
 503350 166337   98.00000   44   58  108.00000   82.94118  23.2%  21.4  785s
 506340 167187     cutoff   55       108.00000   82.94697  23.2%  21.4  790s
 509404 167966 infeasible   48       108.00000   82.96276  23.2%  21.4  795s
 512636 168867  102.00000   45   38  108.00000   82.98519  23.2%  21.4  800s
 515962 169804   85.00000   39   63  108.00000   83.00000  23.1%  21.4  805s
 519358 170683  107.01887   46   48  108.00000   83.00000  23.1%  21.4  810s
 522582 171465 infeasible   51       108.00000   83.00000  23.1%  21.4  815s
 525771 172296     cutoff   51       108.00000   83.00000  23.1%  21.4  820s
 528784 173011  100.00000   48   87  108.00000   83.00000  23.1%  21.4  825s
 531135 173630   92.00000   44   44  108.00000   83.00000  23.1%  21.4  830s
 534126 174366  101.00000   47   74  108.00000   83.00000  23.1%  21.4  835s
 537365 175206   95.00971   50   50  108.00000   83.00994  23.1%  21.4  840s
 540301 175991   96.01351   44   36  108.00000   83.02066  23.1%  21.4  845s
 543335 176715  103.00000   51   40  108.00000   83.04318  23.1%  21.4  850s
 546355 177530  100.00000   49   50  108.00000   83.06667  23.1%  21.4  855s
 549265 178114   99.06667   51   32  108.00000   83.06977  23.1%  21.4  860s
 552281 178961   83.09359   42   55  108.00000   83.09359  23.1%  21.4  865s
 555341 179663   85.05556   39   42  108.00000   83.11732  23.0%  21.4  870s
 558513 180509 infeasible   50       108.00000   83.13626  23.0%  21.4  875s
 561560 181038   91.00000   46   45  108.00000   83.14447  23.0%  21.4  880s
 564652 181736   85.01667   42   65  108.00000   83.17391  23.0%  21.4  885s
 567343 182442   83.60000   42   47  108.00000   83.18544  23.0%  21.4  890s
 569949 183091 infeasible   38       108.00000   83.22031  22.9%  21.4  895s
 572922 183942  100.00000   43   41  108.00000   83.23367  22.9%  21.4  900s
 576210 184867   84.56061   43   46  108.00000   83.24891  22.9%  21.4  905s
 579190 185661   97.00000   38   40  108.00000   83.27273  22.9%  21.4  910s
 582112 186413  107.00000   52   49  108.00000   83.29086  22.9%  21.4  915s
 584573 187221     cutoff   42       108.00000   83.30240  22.9%  21.4  920s
 587474 187972  103.00000   45   76  108.00000   83.31743  22.9%  21.4  925s
 590609 188808   84.60367   43   47  108.00000   83.33333  22.8%  21.4  930s
 593696 189608     cutoff   45       108.00000   83.35372  22.8%  21.4  935s
 596906 190639  104.00000   46   42  108.00000   83.37530  22.8%  21.4  940s
 600099 191685 infeasible   50       108.00000   83.37991  22.8%  21.4  945s
 602952 192532 infeasible   49       108.00000   83.38384  22.8%  21.4  950s
 605976 193467   91.00000   47   43  108.00000   83.38839  22.8%  21.4  955s
 609394 194561   91.00000   47   43  108.00000   83.39152  22.8%  21.4  960s
 612758 195586   83.39644   40   78  108.00000   83.39349  22.8%  21.4  965s
 616211 196580   89.00000   45   56  108.00000   83.39644  22.8%  21.4  970s
 619349 197521   84.79439   43   62  108.00000   83.39885  22.8%  21.4  975s
 622968 198844   96.00000   50   82  108.00000   83.39885  22.8%  21.4  980s
 626291 199814   92.00000   44   83  108.00000   83.41865  22.8%  21.4  985s
 629458 200704   86.00000   44   58  108.00000   83.43149  22.7%  21.4  990s
 632685 201583   96.00000   41   25  108.00000   83.44460  22.7%  21.4  995s
 635192 202101  101.00000   46   67  108.00000   83.45455  22.7%  21.4 1000s
 638187 202798  102.00000   46   71  108.00000   83.47525  22.7%  21.4 1005s
 641135 203594   89.00000   41   31  108.00000   83.50000  22.7%  21.4 1010s
 644279 204307 infeasible   46       108.00000   83.50000  22.7%  21.4 1015s
 647219 204932     cutoff   47       108.00000   83.50000  22.7%  21.4 1020s
 650051 205677   91.00000   42   52  108.00000   83.50000  22.7%  21.4 1025s
 652949 206281  103.00000   47   68  108.00000   83.50480  22.7%  21.5 1030s
 655754 207076  101.00000   46   85  108.00000   83.51799  22.7%  21.5 1035s
 659133 207951 infeasible   43       108.00000   83.52033  22.7%  21.4 1040s
 662375 208793   87.00000   45   41  108.00000   83.52283  22.7%  21.4 1045s
 665778 209750   87.00000   40   27  108.00000   83.53019  22.7%  21.4 1050s
 669107 210748   87.00000   46   72  108.00000   83.54047  22.6%  21.4 1055s
 672362 211595  103.00000   40   44  108.00000   83.56275  22.6%  21.4 1060s
 675618 212519  107.00000   43   58  108.00000   83.58572  22.6%  21.4 1065s
 678158 213245   93.00000   44   46  108.00000   83.59809  22.6%  21.4 1070s
 681082 213912  107.00000   52   58  108.00000   83.60000  22.6%  21.4 1075s
 684036 214486   99.00000   52   38  108.00000   83.60000  22.6%  21.4 1080s
 686543 215020   90.00000   46   38  108.00000   83.60540  22.6%  21.4 1085s
 689781 216099  107.00000   50   77  108.00000   83.60998  22.6%  21.5 1090s
 692901 216970     cutoff   53       108.00000   83.61243  22.6%  21.5 1095s
 695425 217638 infeasible   49       108.00000   83.61389  22.6%  21.5 1100s
 698463 218426     cutoff   59       108.00000   83.61859  22.6%  21.5 1105s
 701442 219285  107.00000   47   63  108.00000   83.63043  22.6%  21.5 1110s
 703448 219712   91.00000   49   52  108.00000   83.64029  22.6%  21.5 1115s
 706147 220432   83.65517   45   62  108.00000   83.65517  22.5%  21.5 1120s
 709124 221244   92.00000   44   52  108.00000   83.67857  22.5%  21.5 1125s
 712049 221901   92.00000   38   53  108.00000   83.67857  22.5%  21.5 1130s
 715135 222642     cutoff   44       108.00000   83.67857  22.5%  21.5 1135s
 718077 223263   83.67857   44  120  108.00000   83.67857  22.5%  21.5 1140s
 721050 223884  101.00000   46   53  108.00000   83.67857  22.5%  21.6 1145s
 724064 224463  104.00000   51   73  108.00000   83.67857  22.5%  21.6 1150s
 727080 225064   92.00000   40   51  108.00000   83.68482  22.5%  21.6 1155s
 730229 226027 infeasible   53       108.00000   83.69841  22.5%  21.6 1160s
 733055 226794  104.00000   52   56  108.00000   83.69841  22.5%  21.6 1165s
 735805 227483   87.00000   43   39  108.00000   83.69841  22.5%  21.6 1170s
 738659 228286  103.00000   51   64  108.00000   83.69841  22.5%  21.6 1175s
 741536 228997  104.14815   54   46  108.00000   83.70455  22.5%  21.7 1180s
 743743 229531   98.00000   48   82  108.00000   83.71946  22.5%  21.7 1185s
 746513 230271  107.00000   45   29  108.00000   83.73703  22.5%  21.7 1190s
 749585 230977   89.00000   47   75  108.00000   83.74038  22.5%  21.7 1195s
 752724 231835   83.76042   50   81  108.00000   83.76042  22.4%  21.7 1200s
 755654 232464   83.77778   41   56  108.00000   83.77778  22.4%  21.7 1205s
 758614 232935   96.00000   41   77  108.00000   83.78199  22.4%  21.7 1210s
 761260 233607   98.00000   40   35  108.00000   83.80327  22.4%  21.7 1215s
 764581 234435   83.80488   45   37  108.00000   83.80488  22.4%  21.7 1220s
 767831 235144   83.81250   43   58  108.00000   83.81250  22.4%  21.6 1225s
 771008 235898     cutoff   60       108.00000   83.83028  22.4%  21.6 1230s
 773712 236554   96.00000   43   32  108.00000   83.84722  22.4%  21.6 1235s
 776306 237069   96.00926   45   30  108.00000   83.87146  22.3%  21.6 1240s
 779366 237768   86.00000   39   56  108.00000   83.90476  22.3%  21.6 1245s
 782491 238643   92.00000   43   56  108.00000   83.91667  22.3%  21.6 1250s
 785778 239324  107.00000   56   79  108.00000   83.91826  22.3%  21.6 1255s
 788387 239904   90.00000   44   43  108.00000   83.92529  22.3%  21.6 1260s
 791331 240554   91.42389   38   46  108.00000   83.93920  22.3%  21.6 1265s
 794378 241236 infeasible   49       108.00000   83.98077  22.2%  21.7 1270s
 797488 241993   99.00000   41   62  108.00000   84.00000  22.2%  21.7 1275s
 800620 242744   92.37313   47   61  108.00000   84.00000  22.2%  21.7 1280s
 803760 243539 infeasible   45       108.00000   84.00000  22.2%  21.7 1285s
 806861 244252   92.00000   45   57  108.00000   84.00000  22.2%  21.7 1290s
 810052 244827  101.00000   52   42  108.00000   84.00000  22.2%  21.7 1295s
 812219 245271   92.00000   38   41  108.00000   84.00000  22.2%  21.6 1300s
 815032 245892   87.00000   44   28  108.00000   84.00000  22.2%  21.7 1305s
 817860 246460   92.00000   33   43  108.00000   84.00000  22.2%  21.7 1310s
 820826 247109     cutoff   48       108.00000   84.00000  22.2%  21.7 1315s
 823710 247676   93.00000   50   72  108.00000   84.00000  22.2%  21.7 1320s
 826630 248270   95.00000   44   73  108.00000   84.00000  22.2%  21.7 1325s
 829446 248869   95.00000   40   42  108.00000   84.00000  22.2%  21.7 1330s
 831966 249460  102.00000   45   76  108.00000   84.00000  22.2%  21.7 1335s
 835091 250150 infeasible   44       108.00000   84.01562  22.2%  21.7 1340s
H838124 250700                     107.9999990   84.01695  22.2%  21.7 1344s
 838125 250703  107.00000   53   28  108.00000   84.01695  22.2%  21.7 1346s
 839936 251075   84.02041   44   86  108.00000   84.02041  22.2%  21.7 1350s
 843088 251767     cutoff   52       108.00000   84.03300  22.2%  21.7 1355s
 846144 252488     cutoff   43       108.00000   84.04348  22.2%  21.7 1360s
 849265 253206  102.00000   48   87  108.00000   84.06818  22.2%  21.7 1365s
 852323 253865  102.00000   47   66  108.00000   84.08475  22.1%  21.7 1370s
 855376 254576   87.00000   46   39  108.00000   84.11574  22.1%  21.7 1375s
 858370 255271   85.33333   42   78  108.00000   84.15385  22.1%  21.7 1380s
 861502 256053   84.19444   37   54  108.00000   84.19444  22.0%  21.7 1385s
 864577 256823  107.00000   51   64  108.00000   84.22134  22.0%  21.7 1390s
 867547 257466  100.00000   46   31  108.00000   84.23529  22.0%  21.7 1395s
 870538 258249  107.00000   48   84  108.00000   84.27500  22.0%  21.7 1400s
 873612 259040   85.50376   43   60  108.00000   84.31810  21.9%  21.7 1405s
 876476 259622   92.00000   45   44  108.00000   84.33333  21.9%  21.7 1410s
 879388 260451   84.80000   47   81  108.00000   84.34028  21.9%  21.7 1415s
 882614 261455   96.00000   44   59  108.00000   84.34668  21.9%  21.7 1420s
 885551 262173   84.34988   44   64  108.00000   84.34980  21.9%  21.7 1425s
 887958 262580   97.00000   53   80  108.00000   84.35147  21.9%  21.7 1430s
 890750 263174     cutoff   50       108.00000   84.35513  21.9%  21.7 1435s
 893651 263805   96.00000   42   48  108.00000   84.36947  21.9%  21.7 1440s
 896328 264397   95.00000   45   15  108.00000   84.40000  21.9%  21.7 1445s
 899411 264865 infeasible   51       108.00000   84.40000  21.9%  21.7 1450s
 902454 265637   96.00000   50   66  108.00000   84.43590  21.8%  21.7 1455s
H905015 266299                     107.9999990   84.46414  21.8%  21.8 1460s
 908055 266950   97.00000   46   65  108.00000   84.50000  21.8%  21.8 1465s
 910086 267294  101.00000   48   40  108.00000   84.50000  21.8%  21.8 1470s
 912983 267819   93.00000   47   88  108.00000   84.50000  21.8%  21.8 1475s
 915957 268298   96.00000   49   33  108.00000   84.50230  21.8%  21.8 1480s
 919030 268914   84.66667   49   52  108.00000   84.51887  21.7%  21.8 1485s
 921974 269562  107.00000   59   47  108.00000   84.55000  21.7%  21.8 1490s
 924804 270236 infeasible   52       108.00000   84.56971  21.7%  21.8 1495s
 927697 270831  107.00000   48   52  108.00000   84.57143  21.7%  21.8 1500s
 930536 271392   92.00000   40   31  108.00000   84.58623  21.7%  21.8 1505s
 933319 272083   91.00000   49   45  108.00000   84.59923  21.7%  21.8 1510s
 936299 272714   96.00000   48   88  108.00000   84.62258  21.6%  21.8 1515s
 939341 273415 infeasible   44       108.00000   84.66667  21.6%  21.8 1520s
 942550 274191  103.00000   43   24  108.00000   84.71099  21.6%  21.8 1525s
 945539 274817  104.00000   48   44  108.00000   84.75961  21.5%  21.8 1530s
 948483 275587   84.79439   45   45  108.00000   84.79439  21.5%  21.8 1535s
 951626 276526     cutoff   57       108.00000   84.79439  21.5%  21.8 1540s
 954127 277145     cutoff   58       108.00000   84.79439  21.5%  21.8 1545s
 957053 277963   86.00000   49   49  108.00000   84.79439  21.5%  21.8 1550s
 959998 278713   84.79439   43   52  108.00000   84.79439  21.5%  21.8 1555s
 962838 279552   91.00000   41   38  108.00000   84.79439  21.5%  21.8 1560s
 965429 280179   96.00000   42   40  108.00000   84.79439  21.5%  21.9 1565s
 967765 280778  107.00000   48   48  108.00000   84.79439  21.5%  21.9 1570s
 970647 281483  107.00000   47   38  108.00000   84.79439  21.5%  21.9 1575s
 973471 282107   87.00000   44   47  108.00000   84.79439  21.5%  21.9 1580s
 976429 282941  107.00000   50   56  108.00000   84.79439  21.5%  21.9 1585s
 979381 283708 infeasible   46       108.00000   84.79439  21.5%  21.9 1590s
 982384 284510   91.00000   46   51  108.00000   84.79439  21.5%  21.9 1595s
 985309 285261 infeasible   45       108.00000   84.79439  21.5%  21.9 1600s
 988144 285933 infeasible   45       108.00000   84.79439  21.5%  21.9 1605s
 991147 286683  101.00000   56   80  108.00000   84.79439  21.5%  21.9 1610s
 993133 287078  104.00000   50   64  108.00000   84.79439  21.5%  21.9 1615s
 995979 287682  107.00000   53   35  108.00000   84.79439  21.5%  21.9 1620s
 998940 288455  107.08333   55   73  108.00000   84.79439  21.5%  21.9 1625s
 1001520 289131  102.00000   54   77  108.00000   84.79439  21.5%  21.9 1630s
 1004107 289744     cutoff   48       108.00000   84.79439  21.5%  21.9 1635s
 1007082 290505   84.79439   38   70  108.00000   84.79439  21.5%  21.9 1640s
 1009669 291242  103.00000   62   83  108.00000   84.79439  21.5%  21.9 1645s
 1012606 291983   92.00000   53   53  108.00000   84.79439  21.5%  21.9 1650s
 1015390 292589   84.79439   51   65  108.00000   84.79439  21.5%  21.9 1655s
 1018582 293510   95.00000   49   57  108.00000   84.79439  21.5%  21.9 1660s
 1020938 294052   91.00000   56   79  108.00000   84.79439  21.5%  21.9 1665s
 1023709 294734     cutoff   56       108.00000   84.79439  21.5%  22.0 1670s
 1026767 295398  107.00000   58   77  108.00000   84.79439  21.5%  22.0 1675s
 1029805 296090   84.80000   41   83  108.00000   84.80000  21.5%  22.0 1680s
 1033024 296872   88.00000   40   27  108.00000   84.84876  21.4%  22.0 1685s
 1036025 297523   97.00000   47   30  108.00000   84.90000  21.4%  22.0 1690s
 1038958 298311   97.00000   50   88  108.00000   84.94030  21.4%  22.0 1695s
 1042131 299230  107.00000   46   85  108.00000   85.00000  21.3%  22.0 1700s
 1045199 300028   86.00000   43   54  108.00000   85.00000  21.3%  22.0 1705s
 1047990 300838 infeasible   47       108.00000   85.00000  21.3%  22.0 1710s
 1051255 301705  107.00000   44   45  108.00000   85.00000  21.3%  22.0 1715s
 1054464 302618   85.28032   40   22  108.00000   85.00000  21.3%  22.0 1720s
 1057622 303458 infeasible   48       108.00000   85.00000  21.3%  21.9 1725s
 1060865 304295 infeasible   48       108.00000   85.00000  21.3%  21.9 1730s
 1064066 305096   85.00000   42   41  108.00000   85.00000  21.3%  21.9 1735s
 1067347 306010 infeasible   41       108.00000   85.00000  21.3%  21.9 1740s
 1069425 306473   86.91242   47   34  108.00000   85.00000  21.3%  21.9 1745s
 1072677 307261  107.00000   40   61  108.00000   85.00000  21.3%  21.9 1750s
 1075919 308062   85.00000   39   38  108.00000   85.00000  21.3%  21.9 1755s
 1079092 308853 infeasible   44       108.00000   85.00000  21.3%  21.9 1760s
 1082276 309613   88.59140   47   33  108.00000   85.00000  21.3%  21.9 1765s
 1085408 310408 infeasible   48       108.00000   85.00000  21.3%  21.9 1770s
 1088564 311191     cutoff   53       108.00000   85.00000  21.3%  21.9 1775s
 1091804 312008   85.00000   42   42  108.00000   85.00000  21.3%  21.9 1780s
 1094446 312688     cutoff   46       108.00000   85.00000  21.3%  21.9 1785s
 1097545 313478   92.00000   38   65  108.00000   85.00000  21.3%  21.9 1790s
 1100494 314211 infeasible   45       108.00000   85.00000  21.3%  21.9 1795s

Cutting planes:
  Learned: 1
  Gomory: 45
  Cover: 298
  Implied bound: 220
  Clique: 2
  MIR: 501
  Mixing: 4
  StrongCG: 3
  Flow cover: 1255
  Inf proof: 421
  Zero half: 1
  RLT: 22
  Relax-and-lift: 17
  BQP: 3

Explored 1103320 nodes (24197884 simplex iterations) in 1800.00 seconds (1821.71 work units)
Thread count was 1 (of 96 available processors)

Solution count 10: 108 108 108 ... 120

Time limit reached
Best objective 1.079999990194e+02, best bound 8.500000000000e+01, gap 21.2963%
WARNING: Loading a SolverResults object with an 'aborted' status, but
    containing a solution

Instance 19_5, formulation reagg_tres, reform MIP:
  Rect 0: x = 87.00, y = 2.00
  Rect 1: x = 44.00, y = 15.00
  Rect 2: x = 52.00, y = 15.00
  Rect 3: x = 17.00, y = 4.00
  Rect 4: x = 0.00, y = 15.00
  Rect 5: x = 69.00, y = 15.00
  Rect 6: x = 33.00, y = 13.00
  Rect 7: x = 96.00, y = 15.00
  Rect 8: x = 44.00, y = 3.00
  Rect 9: x = 80.00, y = 8.00
  Rect 10: x = 80.00, y = 15.00
  Rect 11: x = 88.00, y = 1.00
  Rect 12: x = 86.00, y = 4.00
  Rect 13: x = 6.00, y = 15.00
  Rect 14: x = 103.00, y = 13.00
  Rect 15: x = 68.00, y = 11.00
  Rect 16: x = 17.00, y = 15.00
  Rect 17: x = 59.00, y = 4.00
  Rect 18: x = 29.00, y = 15.00
  → saved figures to strip_figures/19_5_reagg_tres_MIP.png and strip_figures/19_5_reagg_tres_MIP.pdf
Benchmark finished. Results written to results_strip/benchmark_results_datnzig_extended_job6.json
